66 179
66 250
66 573
66 590
66 609
66 621
66 694
66 713
66 802
66 848
66 904
66 951
66 1073
66 1099
66 1120
66 1130
66 1235
66 1238
66 1315
66 1457
66 1479
66 1534
66 1586
66 1660
66 1710
66 1729
66 1810
66 1840
66 1852
66 1932
66 2153
66 2245
66 2518
66 2567
66 2570
66 2590
66 2631
66 2637
66 2640
66 2658
66 3152
66 3273
66 3306
66 3377
66 3436
66 3570
66 3669
66 3786
66 3991
66 3996
66 4067
66 4160
66 4237
66 4270
66 4287
66 4427
66 4713
66 4715
66 4802
66 4895
66 4943
66 4953
66 5186
66 5668
66 5672
66 5910
66 5914
66 6056
66 6115
66 6156
66 6380
66 6408
66 6649
66 6669
66 6700
66 7116
66 7251
66 7348
66 7610
66 7645
66 8014
66 8062
66 8088
66 8219
66 8254
66 8304
66 8324
66 8332
66 8451
66 8521
66 8566
66 8593
66 8625
66 8728
66 8791
66 8797
66 8839
66 8853
66 8870
66 8872
66 8953
66 9231
66 9380
66 9507
66 9546
66 9557
66 9593
66 9747
66 9755
66 9938
66 10085
66 10123
66 10171
66 10254
66 10280
66 10549
66 10586
66 10588
66 10706
66 10766
66 10827
66 11288
66 11373
66 11473
66 11533
66 11536
66 11538
66 11766
66 11814
66 11886
66 11916
66 11934
66 11947
66 11959
66 11990
66 12137
66 12376
66 12548
66 12703
66 12801
66 12809
66 12811
66 12838
66 13035
66 13037
66 13058
79 91
79 244
79 368
79 455
79 456
79 458
79 620
79 645
79 720
79 780
79 782
79 787
79 844
79 962
79 1217
79 1237
79 1264
79 1369
79 1401
79 1446
79 1702
79 1755
79 1808
79 1887
79 2032
79 2166
79 2354
79 2456
79 2476
79 2510
79 2523
79 2565
79 2684
79 2823
79 2867
79 2947
79 3044
79 3136
79 3146
79 3205
79 3340
79 3450
79 3545
79 3585
79 3663
79 3764
79 3844
79 3969
79 4101
79 4222
79 4237
79 4327
79 4367
79 4468
79 4535
79 4548
79 4549
79 4597
79 4605
79 4619
79 4804
79 4952
79 5063
79 5131
79 5240
79 5376
79 5634
79 5864
79 6135
79 6213
79 6229
79 6321
79 6334
79 6368
79 6458
79 6581
79 6649
79 6823
79 6834
79 7038
79 7140
79 7155
79 7158
79 7266
79 7358
79 7469
79 7503
79 7726
79 7922
79 7988
79 8028
79 8283
79 8433
79 8499
79 8519
79 8537
79 8554
79 8650
79 8653
79 8868
79 8892
79 8986
79 9132
79 9334
79 9601
79 9630
79 9654
79 9657
79 9739
79 9751
79 9786
79 9906
79 9911
79 9953
79 10017
79 10125
79 10238
79 10309
79 10384
79 10392
79 10394
79 10430
79 10437
79 10455
79 10639
79 10905
79 10946
79 10987
79 10999
79 11038
79 11050
79 11209
79 11321
79 11396
79 11455
79 11602
79 11795
79 11816
79 11898
79 12152
79 12418
79 12558
79 12688
79 12728
79 12732
79 12764
79 12794
79 12903
79 12906
79 12973
79 12993
79 13025
79 13032
79 13084
79 13234
79 13317
79 13397
79 13454
79 13589
79 13643
79 13711
79 13779
79 13873
79 13964
79 14062
79 14202
79 14324
79 14351
79 14525
79 14558
79 14958
79 15078
79 15113
79 15119
79 15177
79 15422
79 15535
79 15622
79 15684
79 15709
79 15749
79 15767
79 15962
79 16007
79 16216
79 16256
79 16295
79 16550
79 16579
79 16664
79 16915
79 17098
79 17135
79 17359
79 17363
79 17421
79 17570
79 17572
79 17658
79 17684
79 17709
79 17974
79 18072
79 18160
79 18193
79 18236
79 18266
79 18281
79 18443
79 18678
79 18737
79 18840
79 18872
79 19003
79 19244
79 19347
79 19436
79 19489
79 19549
79 19572
79 19577
79 19600
79 19650
79 19686
79 19720
79 19758
79 19870
79 19877
79 19955
79 20021
79 20022
79 20076
79 20079
79 20117
79 20391
79 20408
79 20427
79 20478
79 20484
79 20511
79 20585
79 20794
79 20816
79 20897
79 20899
79 20901
79 20925
79 21003
79 21048
79 21059
79 21153
79 21159
79 21328
79 21411
79 21700
79 21998
79 22034
79 22138
79 22515
79 22607
79 22610
79 22746
79 22851
79 22953
79 23060
79 23127
79 23153
79 23354
79 23416
79 23434
79 23571
79 23605
79 23801
79 23817
79 23908
79 23988
79 24072
79 24098
79 24205
79 24388
79 24712
79 24739
79 24916
79 24924
79 24948
79 24981
79 25028
79 25118
79 25144
79 25157
79 25178
79 25249
79 25297
79 25329
79 25394
71 118069
71 118097
71 118108
71 118171
71 118219
71 118229
71 118287
71 118311
71 118377
71 118429
71 118459
71 118462
71 118559
71 118663
71 118808
71 118847
71 118913
71 118990
71 119104
71 119211
71 119308
71 119359
71 119446
71 119453
71 119456
71 119578
71 119654
71 119911
71 120071
71 120350
71 120558
71 120577
71 120801
71 120819
71 120845
71 120860
71 121088
71 121117
71 121290
71 121361
71 121403
71 121494
71 121617
71 121757
71 121788
71 121808
71 121849
71 121850
71 121851
71 121860
71 121892
71 121921
71 122009
71 122194
71 122220
71 122376
71 122521
71 122693
71 123066
71 123144
71 123167
71 123189
71 123306
71 123470
71 123478
71 123662
71 123671
71 123709
71 123770
71 124243
71 124250
71 124394
71 124541
71 124617
71 124664
71 124693
71 124890
71 124943
71 125020
71 125056
71 125164
71 125397
71 125507
71 125515
71 125605
71 125696
71 126058
71 126133
71 126258
71 126315
71 126344
71 126685
71 127064
71 127079
71 127083
71 127408
71 127461
71 127570
71 127607
71 127637
71 127807
71 127923
71 127955
71 127993
71 128056
71 128086
71 128176
71 128199
71 128352
71 128397
71 128671
71 128723
71 128731
71 128884
71 129007
71 129047
71 129072
71 129132
71 129510
71 129711
71 129759
71 129893
71 130020
71 130046
71 130060
71 130183
71 130193
71 130345
71 130505
71 130718
71 130831
71 131168
71 131179
71 131230
71 132115
71 132221
71 132302
71 132388
71 132431
71 132445
71 132586
71 132662
71 132761
71 133009
71 133117
71 133306
71 133348
71 133428
71 133439
71 133588
71 133653
71 133737
71 133856
71 133920
71 134036
71 134037
71 134063
71 134209
71 134248
71 134445
71 134832
71 135082
71 135145
71 135168
71 135294
71 135475
71 135707
71 135824
71 135978
71 135983
71 136001
71 136014
71 136112
71 136146
71 136288
71 136302
71 136459
71 136725
71 136730
71 136852
71 136868
71 137227
71 137405
71 137406
71 137428
71 137709
71 137741
71 137862
71 137863
71 137960
71 138100
71 138244
71 138397
71 138412
71 138571
71 138679
71 138722
71 138771
71 138789
71 138831
71 139149
71 139447
71 139516
71 139608
71 139725
71 139795
71 139824
71 139900
71 139982
71 139995
71 140063
71 140096
71 140138
71 140174
71 140473
71 140663
71 140691
71 140779
71 140832
71 140997
71 141370
71 141436
71 141457
71 141497
71 141500
71 141546
71 141598
71 141666
71 141818
71 141959
71 142211
71 142292
71 142385
71 142441
71 142456
71 142627
71 142731
71 142852
71 142891
71 142921
71 142952
71 143094
71 143108
71 143220
71 143275
71 143428
71 143583
71 143629
71 143720
71 143779
71 143801
71 143822
71 143923
71 143988
71 144221
73 264
73 421
73 761
73 797
73 1016
73 1027
73 1045
73 1049
73 1224
73 1272
73 1275
73 1380
73 1395
73 1728
73 1760
73 1818
73 2182
73 2262
73 2307
73 2365
73 2375
73 2449
73 2529
73 2561
73 2587
73 2626
73 2659
73 2712
73 2798
73 3090
73 3161
73 3470
73 3505
73 3644
73 3653
73 3863
73 3902
73 3989
73 4040
73 4106
73 4128
73 4402
73 4417
73 4887
73 4907
73 4921
73 4998
73 5353
73 5422
73 5455
73 5520
73 5531
73 5762
73 6162
73 6314
73 6474
73 6562
73 6716
73 6744
73 6856
73 6925
73 6927
73 7132
73 7164
73 7221
73 7303
73 7320
73 7411
73 7505
73 7529
73 7561
73 7576
73 7691
73 7740
73 8147
73 8476
73 8524
73 8529
73 8620
73 8725
73 8839
73 8875
73 8927
73 8990
73 9100
73 9125
73 9198
73 9247
73 9273
73 9336
73 9520
73 9642
73 9730
73 9745
73 9775
73 9869
73 9875
73 9919
73 9990
73 10192
73 10652
73 10698
73 10716
73 10747
73 10907
73 11000
73 11032
73 11058
73 11099
73 11223
73 11381
73 11441
73 11483
73 11604
73 11698
73 11739
73 11792
73 12070
73 12124
73 12189
73 12247
73 12491
73 12714
73 12940
73 13051
73 13289
73 13427
73 13434
73 13476
73 13504
73 13574
73 13625
73 13756
73 13847
73 14001
73 14069
73 14231
73 14273
73 14410
73 14600
73 14708
73 14803
73 14946
73 14967
73 15045
73 15091
73 15273
73 15314
73 15317
73 15347
73 15350
73 15393
73 15427
73 15492
73 15572
73 15850
73 15870
73 15943
73 16021
73 16065
73 16104
73 16300
73 16412
73 16434
73 16558
73 16700
73 16720
73 16732
73 16758
73 16961
73 16974
73 17015
73 17024
73 17072
73 17085
73 17236
73 17784
73 17805
73 17944
73 18047
73 18265
73 18294
73 18377
73 18406
73 18552
73 18706
73 18718
73 18814
73 19008
73 19086
73 19094
73 19098
73 19114
73 19147
73 19256
73 19266
73 19419
73 19526
73 19598
73 19644
73 19716
73 19789
73 20084
73 20227
73 20430
73 20465
73 20468
73 20658
73 20783
73 20799
73 21182
73 21360
73 21420
73 21760
73 21960
73 21985
73 22024
73 22115
73 22161
73 22377
73 22379
73 22537
73 22563
73 22678
73 22696
73 22716
73 22718
73 22869
73 23009
73 23053
73 23085
73 23198
73 23259
73 23302
73 23314
73 23333
73 23388
73 23436
73 23450
73 23626
73 23661
73 23754
73 23883
73 24082
73 24368
73 24407
73 24535
73 24643
73 24678
73 24686
73 24717
73 24745
73 24749
73 24789
73 24863
73 24924
73 24965
73 24996
73 25021
73 25158
73 25511
73 25604
73 25608
73 25641
73 25649
73 25664
73 25945
72 143076
72 143096
72 143098
72 143136
72 143173
72 143299
72 143407
72 143453
72 143929
72 143949
72 144086
72 144169
72 144198
72 144300
72 144388
72 144489
72 144501
72 144526
72 144600
72 144612
72 144669
72 144784
72 144957
72 145010
72 145061
72 145084
72 145455
72 145714
72 145730
72 145800
72 145903
72 145984
72 145994
72 146037
72 146045
72 146098
72 146258
72 146469
72 146527
72 146893
72 146897
72 146976
72 147059
72 147063
72 147196
72 147226
72 147342
72 147523
72 147580
72 147821
72 147835
72 147867
72 147889
72 148166
72 148220
72 148376
72 148473
72 148519
72 148620
72 148635
72 148679
72 148842
72 148968
72 149134
72 149354
72 149358
72 149565
72 149606
72 149640
72 149689
72 149790
72 149978
72 149998
72 150139
72 150401
72 150405
72 150439
72 150504
72 150543
72 150580
72 151072
72 151126
72 151333
72 151339
72 151719
72 151721
72 151982
72 152108
72 152184
72 152202
72 152254
72 152255
72 152604
72 152717
72 152734
72 152812
72 152900
72 152914
72 153279
72 153303
72 153415
72 153575
72 153616
72 153654
72 153728
72 153761
72 153775
72 154032
72 154143
72 154369
72 154769
72 154792
72 154809
72 154866
72 154920
72 154966
72 155074
72 155135
72 155140
72 155154
72 155175
72 155204
72 155218
72 155610
72 155729
72 155737
72 155903
72 156014
72 156083
72 156088
72 156369
72 156401
72 156588
72 156709
72 156746
72 156825
72 157090
72 157097
72 157103
72 157128
72 157225
72 157232
72 157420
72 157481
72 157545
72 157864
72 157944
72 157986
72 158018
72 158143
72 158298
72 158459
72 158761
72 158813
72 158850
72 158853
72 159048
72 159091
72 159093
72 159159
72 159163
72 159272
72 159308
72 159318
72 159632
72 159641
72 159685
72 159843
72 160436
72 160502
72 160676
72 160697
72 160749
72 161050
72 161088
72 161089
72 161133
72 161151
72 161236
72 161559
72 161583
72 161585
72 161762
72 161781
72 161883
72 162058
72 162229
72 162625
72 162643
72 162690
72 162739
72 162744
72 162824
72 162924
72 162983
72 163022
72 163042
72 163191
72 163215
72 163316
72 163321
72 163398
72 163470
72 163584
72 163599
72 163631
72 164019
72 164052
72 164251
72 164467
72 164551
72 164765
72 164852
72 164890
72 164900
72 165364
72 165411
72 165412
72 165492
72 165550
72 165721
72 165735
72 165795
72 165830
72 165840
72 166000
72 166033
72 166068
72 166217
72 166307
72 166432
72 166682
72 166718
72 166746
72 166748
72 166824
72 166867
72 166925
72 166930
72 166951
72 166999
72 167083
72 167155
72 167254
72 167294
72 167528
72 167582
72 167666
72 167762
72 168029
72 168132
72 168148
72 168172
72 168223
72 168322
72 168408
72 168485
72 168553
72 168634
72 168733
72 168873
72 168931
71 65641
71 65678
71 65873
71 65950
71 66356
71 66428
71 66471
71 66729
71 66758
71 66769
71 66855
71 66887
71 66915
71 66988
71 67083
71 67381
71 67412
71 67490
71 67648
71 67695
71 67759
71 67794
71 67927
71 67955
71 68098
71 68123
71 68137
71 68250
71 68259
71 68384
71 68457
71 68539
71 68576
71 68584
71 68880
71 68921
71 69024
71 69065
71 69080
71 69158
71 69214
71 69269
71 69328
71 69589
71 69742
71 70259
71 70269
71 70323
71 70502
71 70624
71 70673
71 70707
71 70748
71 70778
71 70892
71 70959
71 71050
71 71053
71 71076
71 71151
71 71279
71 71328
71 71367
71 71622
71 71780
71 71783
71 71791
71 71875
71 71943
71 71952
71 72030
71 72095
71 72200
71 72225
71 72536
71 72632
71 72651
71 72900
71 73097
71 73198
71 73252
71 73312
71 73367
71 73375
71 73550
71 73566
71 73612
71 73719
71 73723
71 73874
71 73968
71 74149
71 74154
71 74291
71 74392
71 74393
71 74407
71 74436
71 74658
71 74688
71 74824
71 74909
71 74928
71 74966
71 74968
71 75051
71 75097
71 75177
71 75193
71 75207
71 75210
71 75214
71 75242
71 75259
71 75276
71 75334
71 75387
71 75661
71 75693
71 75761
71 75832
71 75841
71 75862
71 75932
71 76153
71 76347
71 76419
71 76561
71 76849
71 76950
71 76991
71 77028
71 77222
71 77270
71 77285
71 77289
71 77369
71 77485
71 77524
71 77657
71 77714
71 78057
71 78173
71 78197
71 78315
71 78353
71 78397
71 78431
71 78460
71 78528
71 78885
71 78967
71 78987
71 79201
71 79394
71 79402
71 79426
71 79462
71 79480
71 79484
71 79540
71 79618
71 79716
71 79731
71 79734
71 79791
71 80087
71 80256
71 80258
71 80513
71 80565
71 80569
71 80681
71 80723
71 80770
71 81055
71 81093
71 81164
71 81380
71 81385
71 81417
71 81837
71 81847
71 81900
71 81903
71 81926
71 82055
71 82063
71 82140
71 82310
71 82631
71 82634
71 82751
71 82784
71 82853
71 83209
71 83240
71 83256
71 83274
71 83291
71 83344
71 83457
71 83522
71 83581
71 83754
71 83907
71 83927
71 83940
71 83947
71 83981
71 84002
71 84072
71 84126
71 84263
71 84461
71 84555
71 84574
71 84884
71 85098
71 85204
71 85379
71 85486
71 85526
71 85534
71 85551
71 85715
71 85795
71 85852
71 86017
71 86078
71 86167
71 86186
71 86502
71 86725
71 86768
71 86813
71 86944
71 87092
71 87236
71 87371
71 87423
71 87688
71 87761
71 87888
71 87992
71 88195
71 88216
71 88249
71 88276
71 88303
71 88390
71 88455
71 88459
71 88677
71 88819
71 88933
71 88946
71 89000
71 89141
71 89149
71 89617
71 89619
71 89873
71 90041
71 90260
71 90322
71 90713
71 90917
71 90937
71 91113
71 91200
71 91470
71 91495
71 91578
66 13141
66 13294
66 13339
66 13542
66 13591
66 13618
66 13782
66 13898
66 14108
66 14235
66 14519
66 14722
66 14806
66 14850
66 14863
66 14876
66 15002
66 15010
66 15116
66 15207
66 15365
66 15424
66 15483
66 15663
66 16141
66 16275
66 16323
66 16349
66 16379
66 16527
66 16589
66 16595
66 16726
66 16730
66 16741
66 16749
66 16975
66 17016
66 17038
66 17065
66 17156
66 17179
66 17193
66 17198
66 17284
66 17287
66 17349
66 17447
66 17461
66 17526
66 17560
66 17596
66 17816
66 17901
66 17922
66 18057
66 18208
66 18216
66 18316
66 18449
66 18538
66 18628
66 18705
66 18715
66 19010
66 19213
66 19256
66 19379
66 19402
66 19516
66 19672
66 19737
66 19920
66 20224
66 20225
66 20297
66 20333
66 20354
66 20402
66 20417
66 20455
66 20505
66 20743
66 20805
66 20890
66 21014
66 21157
66 21165
66 21272
66 21289
66 21408
66 21466
66 21505
66 21634
66 21698
66 21732
66 21813
66 21841
66 21884
66 21965
66 22163
66 22417
66 22517
66 22560
66 22571
66 22605
66 22754
66 22833
66 22862
66 22898
66 22957
66 22964
66 23139
66 23148
66 23205
66 23238
66 23266
66 23297
66 23463
66 23597
66 23670
66 23719
66 23737
66 23975
66 24253
66 24273
66 24371
66 24458
66 24477
66 24534
66 24551
66 24604
66 24660
66 24798
66 24799
66 24802
66 24926
66 24985
66 24988
66 25056
66 25093
66 25163
66 25425
66 25475
66 25478
66 25484
66 25566
66 25771
66 25929
66 26100
66 26224
71 91905
71 91908
71 91996
71 92093
71 92096
71 92134
71 92174
71 92181
71 92496
71 92697
71 92699
71 92735
71 92966
71 92977
71 93109
71 93214
71 93251
71 93355
71 93650
71 93762
71 93831
71 93935
71 93947
71 94093
71 94112
71 94310
71 94825
71 94826
71 94939
71 94945
71 94973
71 94990
71 95126
71 95186
71 95201
71 95323
71 95332
71 95563
71 95649
71 95737
71 95871
71 96045
71 96325
71 96351
71 96469
71 96574
71 96577
71 96653
71 96689
71 96771
71 96816
71 96981
71 97066
71 97075
71 97094
71 97293
71 97311
71 97370
71 97537
71 97814
71 97890
71 97906
71 98110
71 98156
71 98246
71 98422
71 98475
71 98532
71 98557
71 98671
71 98698
71 98716
71 98817
71 99127
71 99145
71 99390
71 99709
71 99769
71 99832
71 99835
71 99858
71 99905
71 99911
71 100221
71 100250
71 100375
71 100434
71 100533
71 100609
71 100737
71 100918
71 101110
71 101163
71 101390
71 101543
71 101602
71 101651
71 101679
71 101702
71 101740
71 101758
71 101809
71 101829
71 101871
71 101937
71 101948
71 102090
71 102129
71 102136
71 102248
71 102273
71 102539
71 102593
71 102596
71 102716
71 102759
71 102801
71 102835
71 103166
71 103382
71 103526
71 103684
71 103718
71 103725
71 103828
71 104048
71 104062
71 104129
71 104188
71 104200
71 104255
71 104256
71 104317
71 104430
71 104453
71 104657
71 104693
71 104840
71 104850
71 105225
71 105308
71 105363
71 105448
71 105556
71 105576
71 105674
71 105770
71 105815
71 105855
71 105918
71 106138
71 106346
71 106366
71 106487
71 106689
71 106692
71 106746
71 106853
71 107117
71 107179
71 107304
71 107434
71 107598
71 107602
71 107766
71 108052
71 108082
71 108129
71 108228
71 108319
71 108666
71 108783
71 108784
71 108790
71 108858
71 109031
71 109225
71 109351
71 109368
71 109394
71 109451
71 109467
71 109585
71 109836
71 109839
71 109880
71 110008
71 110091
71 110263
71 110269
71 110306
71 110363
71 110475
71 110572
71 111032
71 111048
71 111101
71 111127
71 111257
71 111322
71 111421
71 111444
71 111546
71 111656
71 111731
71 111866
71 111942
71 112034
71 112072
71 112791
71 112917
71 112986
71 112988
71 113025
71 113134
71 113451
71 113601
71 113650
71 113698
71 113785
71 113810
71 113909
71 113928
71 114261
71 114328
71 114456
71 114471
71 114599
71 114645
71 114837
71 114979
71 115110
71 115257
71 115338
71 115365
71 115396
71 115472
71 115487
71 115526
71 115609
71 115695
71 115697
71 115744
71 115794
71 115828
71 115844
71 116016
71 116086
71 116166
71 116232
71 116297
71 116408
71 116419
71 116483
71 116510
71 116545
71 116718
71 116727
71 117064
71 117249
71 117257
71 117415
71 117515
71 117764
71 117772
71 117832
75 40
75 88
75 119
75 138
75 243
75 410
75 553
75 559
75 631
75 714
75 1141
75 1296
75 1505
75 1623
75 1773
75 1825
75 1872
75 2023
75 2137
75 2220
75 2568
75 2580
75 2581
75 2584
75 2585
75 2794
75 2851
75 2913
75 3017
75 3042
75 3110
75 3118
75 3292
75 3297
75 3345
75 3352
75 3369
75 3417
75 3652
75 3720
75 3724
75 3841
75 3848
75 4168
75 4371
75 4506
75 4686
75 4763
75 4784
75 4866
75 4885
75 4894
75 4957
75 5238
75 5509
75 5597
75 5653
75 5669
75 5776
75 5854
75 5923
75 5930
75 5948
75 6020
75 6225
75 6268
75 6308
75 6315
75 6384
75 6526
75 6749
75 6778
75 6990
75 6991
75 7095
75 7294
75 7364
75 7540
75 7602
75 7746
75 7819
75 7855
75 7935
75 8026
75 8030
75 8105
75 8145
75 8292
75 8425
75 8687
75 8700
75 8720
75 8744
75 8782
75 8826
75 9132
75 9215
75 9263
75 9276
75 9305
75 9467
75 9722
75 9730
75 10042
75 10413
75 10485
75 10618
75 10880
75 10923
75 11025
75 11520
75 11550
75 11556
75 11948
75 12006
75 12139
75 12171
75 12186
75 12257
75 12263
75 12386
75 12401
75 12502
75 12589
75 12898
75 12901
75 13010
75 13082
75 13124
75 13144
75 13315
75 13324
75 13347
75 13428
75 13468
75 13521
75 13586
75 13650
75 13661
75 13665
75 13705
75 13724
75 13826
75 13847
75 14082
75 14157
75 14243
75 14393
75 14554
75 14650
75 14651
75 14666
75 14713
75 14738
75 14789
75 14865
75 14985
75 14989
75 15009
75 15157
75 15474
75 15660
75 15728
75 15766
75 15927
75 15977
75 16037
75 16334
75 16379
75 16428
75 16476
75 16489
75 16590
75 16764
75 17178
75 17210
75 17241
75 17259
75 17336
75 17406
75 17506
75 17576
75 17693
75 17774
75 17923
75 17941
75 17995
75 18001
75 18015
75 18044
75 18113
75 18255
75 18293
75 18327
75 18377
75 18400
75 18508
75 18532
75 18534
75 18572
75 18619
75 18672
75 18701
75 18753
75 18909
75 18958
75 19107
75 19109
75 19483
75 19539
75 19556
75 19673
75 19866
75 19930
75 20226
75 20308
75 20344
75 20471
75 20548
75 20578
75 20598
75 20622
75 20672
75 20840
75 20910
75 21013
75 21024
75 21112
75 21223
75 21397
75 21557
75 21585
75 21658
75 21817
75 21984
75 21990
75 22018
75 22057
75 22077
75 22098
75 22354
75 22404
75 22446
75 22492
75 22584
75 22834
75 23060
75 23172
75 23346
75 23415
75 23454
75 23626
75 23909
75 23994
75 24159
75 24337
75 24427
75 24470
75 24502
75 24505
75 24614
75 24660
75 24676
75 24902
75 25096
75 25099
75 25101
75 25113
75 25273
75 25328
75 25559
75 25601
75 25744
75 26184
69 33
69 60
69 113
69 223
69 318
69 320
69 553
69 626
69 655
69 709
69 743
69 793
69 854
69 862
69 920
69 958
69 967
69 1130
69 1196
69 1280
69 1374
69 1440
69 1451
69 1473
69 1485
69 1558
69 1812
69 2029
69 2065
69 2077
69 2093
69 2143
69 2444
69 2467
69 2573
69 2726
69 2870
69 2912
69 2932
69 3048
69 3141
69 3144
69 3179
69 3192
69 3233
69 3327
69 3469
69 3529
69 3708
69 3926
69 3988
69 3994
69 4145
69 4166
69 4189
69 4194
69 4248
69 4359
69 4414
69 4477
69 4614
69 4682
69 4776
69 4868
69 5062
69 5064
69 5084
69 5236
69 5294
69 5334
69 5492
69 5499
69 5637
69 5708
69 5741
69 5761
69 5780
69 5866
69 6046
69 6159
69 6168
69 6248
69 6365
69 6420
69 6426
69 6492
69 6513
69 6519
69 6553
69 6675
69 6943
69 7162
69 7378
69 7447
69 7677
69 7914
69 8247
69 8456
69 8720
69 8721
69 8809
69 8814
69 8914
69 8938
69 8992
69 9036
69 9038
69 9366
69 9417
69 9426
69 9454
69 9471
69 9538
69 9628
69 9733
69 9759
69 9763
69 10091
69 10255
69 10310
69 10339
69 10368
69 10475
69 10908
69 10976
69 11100
69 11237
69 11248
69 11295
69 11319
69 11817
69 11856
69 11859
69 11901
69 12025
69 12172
69 12270
69 12296
69 12546
69 12724
69 12727
69 12763
69 12772
69 12899
69 13011
69 13300
69 13386
69 13443
69 13462
69 13508
69 13524
69 13556
69 13580
69 13583
69 13841
69 14060
69 14171
69 14250
69 14259
69 14418
69 14541
69 14566
69 14604
69 14643
69 14652
69 14768
69 14839
69 15016
69 15090
69 15112
69 15118
69 15238
69 15327
69 15432
69 15610
69 15874
69 15924
69 16009
69 16016
69 16105
69 16324
69 16488
69 16495
69 16582
69 16657
69 16775
69 16948
69 17049
69 17237
69 17287
69 17345
69 17445
69 17535
69 17586
69 17616
69 17784
69 17861
69 17871
69 18005
69 18051
69 18142
69 18567
69 18629
69 18642
69 18709
69 18726
69 18805
69 18865
69 18885
69 18892
69 18956
69 19003
69 19016
69 19086
69 19124
69 19162
69 19315
69 19330
69 19436
69 19622
69 19687
69 19689
69 19910
69 19917
69 20046
69 20139
69 20221
69 20235
69 20422
69 20560
69 20581
69 20597
69 20754
69 21145
69 21314
69 21433
69 21491
69 21653
69 21905
69 22123
69 22168
69 22312
69 22322
69 22335
69 22356
69 22404
69 22471
69 22878
69 22890
69 23271
69 23272
69 23734
69 23797
69 23957
69 24004
69 24025
69 24083
69 24171
69 24333
69 24621
69 24628
69 24880
69 24914
69 25070
69 25197
69 25222
69 25386
69 25396
69 25483
69 25643
79 25525
79 25549
79 25824
79 25898
79 25899
79 26044
79 26118
79 26136
79 26159
79 26190
79 26217
79 26222
79 26378
79 26404
79 26406
79 26435
79 26439
79 26440
79 26526
79 26754
79 26762
79 27075
79 27257
79 27283
79 27522
79 27551
79 27641
79 27644
79 27673
79 27835
79 28235
79 28284
79 28436
79 28438
79 28488
79 28582
79 28655
79 28909
79 28919
79 29333
79 29344
79 29420
79 29481
79 29560
79 29638
79 29713
79 29781
79 29812
79 29826
79 30153
79 30408
79 30462
79 30555
79 30631
79 30660
79 30670
79 30689
79 30938
79 30996
79 31080
79 31085
79 31363
79 31421
79 31519
79 31555
79 31818
79 32177
79 32193
79 32305
79 32404
79 32607
79 32608
79 32609
79 32648
79 32721
79 32824
79 32925
79 32935
79 32990
79 33116
79 33157
79 33222
79 33229
79 33269
79 33335
79 33378
79 33500
79 33506
79 33532
79 33576
79 33668
79 33851
79 33886
79 34006
79 34045
79 34088
79 34097
79 34112
79 34127
79 34154
79 34211
79 34448
79 34584
79 34786
79 34813
79 34880
79 34908
79 35025
79 35130
79 35143
79 35227
79 35242
79 35277
79 35288
79 35343
79 35377
79 35437
79 35639
79 35733
79 35802
79 35891
79 36073
79 36118
79 36189
79 36210
79 36280
79 36593
79 36679
79 36785
79 36842
79 36853
79 36917
79 37026
79 37474
79 37739
79 37751
79 37787
79 37838
79 37851
79 37857
79 37929
79 38064
72 27
72 70
72 75
72 77
72 124
72 169
72 219
72 265
72 557
72 650
72 841
72 1080
72 1130
72 1207
72 1336
72 1391
72 1405
72 1455
72 1529
72 1559
72 1577
72 1639
72 1640
72 1918
72 1989
72 2072
72 2395
72 2450
72 2458
72 2571
72 2731
72 2909
72 2932
72 2988
72 3423
72 3599
72 3700
72 3851
72 3853
72 3884
72 3888
72 3906
72 4121
72 4339
72 4341
72 4770
72 5013
72 5240
72 5273
72 5300
72 5328
72 5402
72 5462
72 5471
72 5500
72 5650
72 5692
72 5984
72 6083
72 6371
72 6626
72 6676
72 6706
72 6714
72 6723
72 6756
72 6805
72 6817
72 6941
72 6962
72 7055
72 7120
72 7203
72 7216
72 7292
72 7304
72 7360
72 7379
72 7532
72 7828
72 7839
72 7844
72 7945
72 8124
72 8227
72 8305
72 8350
72 8673
72 8895
72 8908
72 8913
72 8977
72 9014
72 9107
72 9124
72 9213
72 9274
72 9374
72 9492
72 9539
72 9898
72 9934
72 10198
72 10245
72 10269
72 10548
72 10555
72 10909
72 11034
72 11083
72 11129
72 11315
72 11420
72 11559
72 11603
72 11753
72 11893
72 11941
72 11969
72 11982
72 12022
72 12176
72 12557
72 12664
72 12924
72 12934
72 12964
72 13060
72 13067
72 13164
72 13242
72 13273
72 13310
72 13346
72 13393
72 13502
72 13591
72 13662
72 13676
72 13697
72 13866
72 14136
72 14286
72 14324
72 14486
72 14664
72 14748
72 15143
72 15165
72 15254
72 15339
72 15427
72 15518
72 15569
72 15611
72 15737
72 15814
72 15931
72 15972
72 15981
72 16116
72 16170
72 16354
72 16452
72 16472
72 16491
72 16550
72 16574
72 16647
72 16692
72 16859
72 16902
72 16982
72 17030
72 17291
72 17352
72 17423
72 17548
72 17882
72 17913
72 18036
72 18156
72 18336
72 18348
72 18470
72 18717
72 18917
72 19034
72 19052
72 19133
72 19231
72 19619
72 19670
72 19865
72 19870
72 19985
72 20076
72 20140
72 20154
72 20348
72 20382
72 20490
72 20508
72 20516
72 20572
72 20605
72 20720
72 20781
72 20995
72 21385
72 21445
72 21597
72 21612
72 21634
72 21670
72 21699
72 21973
72 21997
72 22040
72 22255
72 22283
72 22463
72 22677
72 22795
72 22832
72 23003
72 23314
72 23325
72 23521
72 23541
72 23616
72 23633
72 23737
72 23749
72 23760
72 23956
72 24093
72 24135
72 24243
72 24254
72 24671
72 24723
72 24728
72 24857
72 24891
72 24940
72 25167
72 25254
72 25292
72 25453
72 25467
72 25587
72 25631
72 25774
72 26153
72 26193
72 26395
72 26687
72 26728
72 26825
72 26880
72 26939
72 27175
72 27197
72 27332
72 27632
72 27770
72 27806
72 27897
72 27906
72 28087
72 28173
72 28223
72 28279
72 28301
72 28356
72 28358
72 28363
72 28509
72 28638
72 28769
72 28941
72 28988
72 29206
72 29229
72 29261
72 29551
72 29567
72 29621
72 29793
72 29915
72 30020
72 30074
72 30110
72 30126
72 30193
72 30337
72 30464
72 30699
72 30829
72 30878
72 30933
72 31017
72 31086
72 31160
72 31248
72 31360
72 31386
72 31419
72 31425
72 31459
72 31527
72 31548
72 31551
72 31598
72 31622
72 31643
72 31806
72 31863
72 31929
72 32059
72 32138
72 32147
72 32245
72 32264
72 32302
72 32485
72 32761
72 32933
72 33074
72 33148
72 33321
72 33334
72 33468
72 33525
72 33531
72 33619
72 33666
72 33786
72 33802
72 33863
72 33899
72 34025
72 34047
72 34077
72 34111
72 34238
72 34243
72 34272
72 34340
72 34341
72 34397
72 34463
72 34470
72 34592
72 34716
72 34835
72 34954
72 35141
72 35221
72 35536
72 35574
72 35595
72 35742
72 35804
72 35818
72 35935
72 35941
72 35951
72 36174
72 36226
72 36262
72 36269
72 36321
72 36698
72 36785
72 36861
72 36940
72 37027
72 37186
72 37209
72 37283
72 37286
72 37386
72 37491
72 37615
72 37633
72 37759
72 37798
72 37854
72 38031
72 38055
72 38264
72 38316
72 38557
72 38649
72 38916
72 38919
66 26256
66 26295
66 26382
66 26402
66 26459
66 26571
66 26660
66 26732
66 26734
66 26785
66 26861
66 27082
66 27170
66 27201
66 27237
66 27242
66 27350
66 27359
66 27363
66 27388
66 27441
66 27445
66 27895
66 27912
66 27923
66 28205
66 28634
66 28755
66 28760
66 28830
66 28867
66 28931
66 28959
66 29041
66 29052
66 29151
66 29169
66 29338
66 29391
66 29723
66 29736
66 29818
66 29924
66 29981
66 30129
66 30353
66 30493
66 30653
66 30661
66 30696
66 30721
66 30772
66 30814
66 30978
66 31102
66 31314
66 31337
66 31367
66 31370
66 31387
66 31460
66 31543
66 31688
66 32114
66 32141
66 32230
66 32256
66 32489
66 32580
66 32626
66 32687
66 32840
66 32937
66 33108
66 33181
66 33234
66 33261
66 33379
66 33388
66 33411
66 33517
66 33640
66 34106
66 34211
66 34618
66 34621
66 35015
66 35039
66 35093
66 35334
66 35441
66 35544
66 35733
66 35765
66 35834
66 35849
66 35904
66 35918
66 35953
66 36238
66 36408
66 36432
66 36700
66 36738
66 36888
66 36891
66 36964
66 37007
66 37034
66 37109
66 37168
66 37202
66 37286
71 237
71 465
71 631
71 766
71 817
71 916
71 934
71 967
71 982
71 1101
71 1308
71 1354
71 1606
71 1666
71 1769
71 2107
71 2225
71 2306
71 2374
71 2470
71 2590
71 2599
71 2839
71 2989
71 3013
71 3049
71 3237
71 3442
71 3447
71 3486
71 3562
71 3763
71 3841
71 4164
71 4404
71 4470
71 4673
71 4996
71 5030
71 5052
71 5092
71 5101
71 5168
71 5249
71 5254
71 5282
71 5362
71 5363
71 5373
71 5421
71 5433
71 5525
71 5530
71 5567
71 5736
71 5814
71 5900
71 6170
71 6289
71 6496
71 6619
71 6671
71 6851
71 6936
71 7007
71 7023
71 7087
71 7097
71 7266
71 7293
71 7300
71 7361
71 7748
71 7807
71 7906
71 8108
71 8133
71 8222
71 8268
71 8549
71 8646
71 8750
71 9055
71 9064
71 9074
71 9081
71 9151
71 9372
71 9535
71 9658
71 9703
71 9735
71 9789
71 9808
71 9811
71 10079
71 10102
71 10239
71 10362
71 10466
71 10557
71 10615
71 10663
71 10670
71 10701
71 10901
71 11215
71 11321
71 11336
71 11577
71 11650
71 11732
71 11962
71 12045
71 12062
71 12415
71 12564
71 12698
71 12772
71 12824
71 12908
71 12930
71 13124
71 13268
71 13273
71 13310
71 13346
71 13466
71 13474
71 13622
71 13739
71 13744
71 13780
71 13942
71 14176
71 14322
71 14396
71 14484
71 14487
71 14508
71 14789
71 14900
71 15173
71 15189
71 15228
71 15229
71 15494
71 15519
71 16014
71 16053
71 16070
71 16100
71 16143
71 16211
71 16262
71 16308
71 16330
71 16348
71 16355
71 16363
71 16437
71 16516
71 16721
71 16766
71 16810
71 17006
71 17223
71 17244
71 17476
71 17568
71 17645
71 17873
71 17890
71 18011
71 18202
71 18228
71 18269
71 18432
71 18521
71 18822
71 18944
71 19008
71 19219
71 19304
71 19354
71 19492
71 19513
71 19588
71 19659
71 19840
71 19863
71 19876
71 20123
71 20399
71 20489
71 20583
71 20615
71 20618
71 20621
71 20634
71 20987
71 21018
71 21024
71 21064
71 21066
71 21194
71 21197
71 21217
71 21401
71 21426
71 21590
71 21810
71 21911
71 21914
71 22072
71 22090
71 22111
71 22192
71 22198
71 22303
71 22464
71 22812
71 22912
71 23044
71 23308
71 23374
71 23438
71 23626
71 23724
71 23803
71 23872
71 23939
71 24007
71 24042
71 24051
71 24071
71 24141
71 24179
71 24187
71 24243
71 24269
71 24436
71 24552
71 24587
71 24614
71 24759
71 24939
71 24968
71 25072
71 25132
71 25295
71 25525
71 25587
71 25717
71 25732
71 25867
71 25943
71 26122
71 26251
71 26267
71 26374
71 26638
71 26662
71 26693
71 26799
71 26908
71 26940
71 27031
71 27053
71 27247
71 27319
71 27360
71 27365
71 27401
71 27433
71 27438
71 27462
71 27500
71 27596
71 27655
71 27782
71 27818
71 28013
71 28034
71 28162
71 28285
71 28355
71 29055
71 29076
71 29197
71 29219
71 29257
71 29300
71 29410
71 29415
71 29439
71 29638
71 29670
71 29729
71 29794
71 30081
71 30152
71 30289
71 30314
71 30353
71 30843
71 31265
71 31332
71 31402
71 31701
71 31752
71 31785
71 31819
71 31844
71 31947
71 31982
71 32056
71 32387
71 32414
71 32420
71 32456
71 32756
71 32786
71 32899
71 33086
71 33142
71 33167
71 33255
71 33265
71 33306
71 33481
71 33506
71 33756
71 33884
71 34059
71 34147
71 34185
71 34191
71 34218
71 34320
71 34325
71 34552
71 34566
71 34781
71 34839
71 34870
71 34917
71 35086
71 35235
71 35333
71 35448
71 35508
71 35512
71 35590
71 35944
71 36033
71 36130
71 36159
71 36163
71 36282
71 36498
71 36692
71 36769
71 36981
71 37056
71 37149
71 37164
71 37251
71 37389
71 37489
71 37496
71 37509
71 37641
71 37643
71 37712
71 38155
71 38279
71 38322
71 38512
71 38526
71 38672
71 38738
71 38740
71 38948
71 39019
71 39063
71 39175
71 39240
71 39294
70 41
70 58
70 226
70 255
70 327
70 508
70 603
70 626
70 639
70 703
70 792
70 959
70 1335
70 1460
70 1594
70 1667
70 1902
70 1929
70 1984
70 2060
70 2439
70 2501
70 2512
70 2710
70 2911
70 3040
70 3123
70 3191
70 3524
70 3551
70 3679
70 3789
70 3890
70 3985
70 4003
70 4074
70 4093
70 4284
70 4337
70 4488
70 4529
70 4533
70 4581
70 4922
70 5084
70 5145
70 5174
70 5469
70 5516
70 5655
70 6065
70 6306
70 6322
70 6450
70 6476
70 6577
70 6733
70 6771
70 7015
70 7077
70 7148
70 7401
70 7428
70 7451
70 7471
70 7568
70 7762
70 7802
70 7896
70 7927
70 8021
70 8053
70 8056
70 8082
70 8143
70 8186
70 8200
70 8295
70 8325
70 8383
70 8420
70 8425
70 8523
70 8539
70 8649
70 8950
70 9053
70 9092
70 9151
70 9404
70 9554
70 9623
70 9789
70 9874
70 10155
70 10194
70 10258
70 10267
70 10286
70 10304
70 10631
70 10995
70 11079
70 11239
70 11269
70 11283
70 11362
70 11434
70 11599
70 11690
70 11771
70 11799
70 11918
70 12125
70 12126
70 12141
70 12612
70 12672
70 12682
70 12854
70 12918
70 12950
70 12974
70 13090
70 13143
70 13197
70 13390
70 13544
70 13566
70 13577
70 13989
70 14101
70 14133
70 14134
70 14173
70 14185
70 14303
70 14444
70 14557
70 14641
70 14706
70 14947
70 15183
70 15211
70 15377
70 15557
70 15582
70 15765
70 15848
70 15935
70 15947
70 15953
70 16156
70 16179
70 16221
70 16266
70 16274
70 16290
70 16293
70 16378
70 16412
70 16414
70 16877
70 16955
70 17046
70 17407
70 17450
70 17609
70 17613
70 17796
70 17895
70 17964
70 18017
70 18110
70 18291
70 18373
70 18438
70 18465
70 18661
70 18738
70 18874
70 18876
70 18898
70 19091
70 19201
70 19219
70 19230
70 19248
70 19291
70 19489
70 19535
70 19622
70 19753
70 19799
70 19907
70 19932
70 19970
70 20129
70 20140
70 20325
70 20347
70 20433
70 20448
70 20691
70 20860
70 21117
70 21180
70 21247
70 21411
70 21466
70 21576
70 21821
70 21999
70 22203
70 22231
70 22559
70 22560
70 22621
70 22690
70 22775
70 22960
70 23191
70 23196
70 23299
70 23316
70 23333
70 23686
70 23698
70 23765
70 23804
70 23833
70 23970
70 23988
70 24031
70 24106
70 24140
70 24188
70 24377
70 24426
70 24641
70 24755
70 24970
70 25060
70 25088
70 25238
70 25283
70 25348
70 25573
70 25649
70 25695
70 25735
70 25951
70 25957
70 26095
70 26118
70 26144
70 26147
70 26167
70 26195
70 26377
70 26384
70 26386
70 26397
70 26497
70 26549
70 26718
70 26724
70 26897
70 27175
70 27189
70 27262
70 27378
70 27389
70 27397
70 27541
70 27547
70 27731
70 27743
70 27781
70 27793
70 27810
70 27854
70 28243
70 28521
70 28530
70 28555
70 28625
70 28658
70 29014
70 29062
70 29067
70 29289
70 29408
70 29429
70 29452
70 29480
70 29491
70 29534
70 29701
70 29807
70 30005
70 30049
70 30175
70 30299
70 30473
70 30800
70 30905
70 30940
70 31001
70 31026
70 31186
70 31478
70 31507
70 31538
70 31745
70 31759
70 31856
70 31867
70 31902
70 31973
70 31975
70 32141
70 32379
70 32493
70 32745
70 32901
70 33129
70 33344
70 33383
70 33439
70 33443
70 33458
70 33462
70 33597
70 33604
70 33945
70 33948
70 34137
70 34209
70 34268
70 34322
70 34355
70 34687
70 34703
70 34704
70 34827
70 34899
70 34988
70 35061
70 35062
70 35201
70 35409
70 36017
70 36079
70 36218
70 36350
70 36378
70 36457
70 36625
70 36738
70 37175
70 37185
70 37489
70 37507
70 37586
70 37879
70 37998
70 38043
70 38090
70 38172
70 38264
70 38328
70 38336
70 38533
79 38393
79 38418
79 38561
79 38570
79 38615
79 38622
79 38699
79 38779
79 38788
79 38848
79 39200
79 39210
79 39251
79 39302
79 39427
79 39526
79 39736
79 39756
79 39889
79 39968
79 40032
79 40274
79 40364
79 40427
79 40428
79 40464
79 40596
79 40662
79 40750
79 40753
79 40836
79 40874
79 40903
79 40905
79 41032
79 41041
79 41051
79 41255
79 41397
79 41422
79 41454
79 41477
79 41537
79 41670
79 41705
79 41799
79 41849
79 41876
79 42118
79 42248
79 42348
79 42403
79 42433
79 42452
79 42467
79 42478
79 42506
79 42538
79 42575
79 42676
79 42728
79 42731
79 42800
79 42852
79 43016
79 43050
79 43114
79 43187
79 43296
79 43457
79 43463
79 43507
79 43666
79 43732
79 43822
79 43848
79 44053
79 44100
79 44302
79 44544
79 44641
79 44701
79 44725
79 44784
79 44986
79 45010
79 45043
79 45097
79 45121
79 45126
79 45166
79 45174
79 45200
79 45227
79 45574
79 45874
79 46006
79 46047
79 46123
79 46333
79 46355
79 46404
79 46650
79 46781
79 46801
79 46819
79 46825
79 46949
79 46993
79 47240
79 47282
79 47302
79 47378
79 47393
79 47410
79 47468
79 47487
79 47493
79 47769
79 47792
79 47849
79 47976
79 47983
79 48020
79 48062
79 48199
79 48215
79 48360
79 48413
79 48469
79 48526
79 48601
79 48919
79 49227
79 49306
79 49399
79 49446
79 49470
79 49518
79 49752
79 49940
79 50012
79 50099
79 50289
79 50419
79 50503
79 50691
79 50730
71 170551
71 170651
71 170808
71 170851
71 170995
71 171122
71 171214
71 171433
71 171442
71 171446
71 171548
71 171620
71 171649
71 171675
71 171752
71 171788
71 171803
71 171830
71 171878
71 172118
71 172119
71 172161
71 172390
71 172409
71 172600
71 172702
71 172944
71 173021
71 173153
71 173258
71 173295
71 173328
71 173427
71 173432
71 173477
71 173540
71 173807
71 173812
71 173833
71 173890
71 173978
71 174198
71 174266
71 174333
71 174345
71 174441
71 174523
71 174631
71 174639
71 174664
71 174791
71 174841
71 174918
71 174939
71 175376
71 175395
71 175452
71 175634
71 175735
71 175746
71 175762
71 175787
71 175797
71 175925
71 176002
71 176235
71 176252
71 176289
71 176342
71 176403
71 176425
71 176644
71 176944
71 176960
71 177008
71 177052
71 177095
71 177260
71 177506
71 177772
71 177829
71 178271
71 178427
71 178449
71 178546
71 178703
71 178822
71 178947
71 179019
71 179040
71 179075
71 179138
71 179295
71 179396
71 179405
71 179474
71 180085
71 180130
71 180332
71 180390
71 180395
71 180503
71 180561
71 180625
71 180700
71 180886
71 180899
71 181143
71 181400
71 181462
71 181698
71 181943
71 181973
71 182141
71 182154
71 182332
71 182376
71 182405
71 182507
71 182564
71 182573
71 182596
71 182638
71 182695
71 182767
71 182847
71 183369
71 183673
71 183678
71 183684
71 183713
71 183862
71 184027
71 184045
71 184190
71 184440
71 184451
71 184483
71 184539
71 184659
71 184771
71 184892
71 184894
71 184991
71 185063
71 185132
71 185183
71 185307
71 185508
71 185637
71 185686
71 185723
71 185747
71 185879
71 185947
71 186058
71 186204
71 186235
71 186442
71 186678
71 186688
71 186805
71 186859
71 187497
71 187737
71 187896
71 187966
71 188195
71 188232
71 188315
71 188443
71 188561
71 188617
71 188670
71 189026
71 189176
71 189263
71 189427
71 189450
71 189506
71 189511
71 189867
71 190053
71 190069
71 190138
71 190385
71 190456
71 190477
71 190480
71 190521
71 190560
71 190661
71 190752
71 190799
71 191031
71 191164
71 191172
71 191384
71 191520
71 191757
71 191850
71 192456
71 192577
71 193067
71 193302
71 193307
71 193450
71 193577
71 193934
71 193945
71 193952
71 194036
71 194039
71 194163
71 194221
71 194306
71 194600
71 194679
71 194708
71 194813
71 194891
71 195101
71 195131
71 195361
71 195481
71 195514
71 195593
71 195687
71 195735
71 195829
71 195865
71 196264
71 196486
71 196518
71 196610
71 196662
71 144331
71 144383
71 144716
71 144724
71 144916
71 144920
71 145075
71 145084
71 145150
71 145222
71 145322
71 145427
71 145455
71 145504
71 145647
71 145666
71 145773
71 145860
71 145880
71 145955
71 146023
71 146036
71 146253
71 146288
71 146383
71 146392
71 146410
71 146427
71 146492
71 146592
71 146623
71 146744
71 146835
71 147087
71 147104
71 147228
71 147285
71 147355
71 147491
71 147533
71 147585
71 147607
71 147835
71 147964
71 147977
71 148150
71 148250
71 148362
71 148371
71 148403
71 148437
71 148484
71 148769
71 148793
71 148810
71 148813
71 148842
71 149091
71 149100
71 149137
71 149267
71 149275
71 149291
71 149371
71 149583
71 149644
71 149677
71 149931
71 149980
71 150029
71 150039
71 150172
71 150185
71 150310
71 150386
71 150412
71 150671
71 150853
71 150905
71 151350
71 151376
71 151412
71 151516
71 151668
71 151719
71 151754
71 151878
71 151923
71 152073
71 152182
71 152327
71 152542
71 152643
71 152679
71 152681
71 152698
71 152767
71 152806
71 152892
71 152903
71 153074
71 153130
71 153144
71 153226
71 153418
71 153600
71 153617
71 153627
71 153775
71 154052
71 154206
71 154208
71 154288
71 154379
71 154402
71 154482
71 154760
71 154802
71 154914
71 154952
71 155122
71 155149
71 155195
71 155220
71 155285
71 155376
71 155382
71 155482
71 155604
71 155652
71 155660
71 155724
71 155809
71 155866
71 155925
71 156037
71 156197
71 156315
71 156584
71 156764
71 156798
71 156839
71 156951
71 157144
71 157225
71 157435
71 157521
71 157885
71 157891
71 157935
71 157980
71 158090
71 158144
71 158172
71 158179
71 158193
71 158205
71 158232
71 158297
71 158308
71 158325
71 158342
71 158410
71 158573
71 158706
71 158897
71 158984
71 159142
71 159270
71 159304
71 159348
71 159376
71 159786
71 159860
71 159911
71 159974
71 160059
71 160187
71 160236
71 160269
71 160606
71 160650
71 160775
71 160827
71 160844
71 160865
71 160982
71 161151
71 161173
71 161263
71 161407
71 161560
71 161672
71 161794
71 161875
71 162324
71 162442
71 162554
71 162628
71 162734
71 162759
71 162767
71 163265
71 163340
71 163345
71 163391
71 163409
71 163550
71 163877
71 163900
71 163986
71 164157
71 164182
71 164401
71 164494
71 164499
71 164562
71 164817
71 164931
71 165025
71 165028
71 165200
71 165216
71 165240
71 165384
71 165394
71 165521
71 165622
71 165625
71 165708
71 165725
71 165821
71 165822
71 165998
71 166112
71 166122
71 166230
71 166313
71 166379
71 166523
71 166568
71 166641
71 166740
71 166895
71 166968
71 167031
71 167121
71 167567
71 167575
71 167586
71 167593
71 167756
71 167863
71 168078
71 168189
71 168217
71 168301
71 168341
71 168493
71 168582
71 168626
71 168658
71 168762
71 168861
71 168951
71 169021
71 169122
71 169270
71 169345
71 169380
71 169413
71 169440
71 169454
71 169498
71 169538
71 169567
71 169579
71 169696
71 169720
71 169775
71 169791
71 170034
71 170089
71 170297
71 170348
71 170362
72 169143
72 169283
72 169485
72 169511
72 169601
72 169857
72 169980
72 170022
72 170063
72 170105
72 170252
72 170821
72 170876
72 170950
72 171107
72 171114
72 171174
72 171273
72 171466
72 171514
72 171621
72 171631
72 171815
72 171847
72 171876
72 171891
72 172007
72 172021
72 172047
72 172120
72 172137
72 172474
72 172501
72 172739
72 172776
72 172815
72 172935
72 173029
72 173103
72 173154
72 173192
72 173261
72 173599
72 173684
72 173758
72 173791
72 173798
72 173834
72 173919
72 173991
72 174021
72 174025
72 174040
72 174089
72 174146
72 174348
72 174412
72 174414
72 174506
72 174523
72 174577
72 174613
72 174617
72 174758
72 174900
72 174983
72 175167
72 175170
72 175187
72 175316
72 175355
72 175454
72 175474
72 175520
72 175664
72 175947
72 175951
72 176342
72 176412
72 176465
72 176657
72 176692
72 176712
72 176763
72 176776
72 177227
72 177358
72 177588
72 177674
72 177737
72 177790
72 177990
72 178051
72 178122
72 178131
72 178178
72 178484
72 178721
72 178860
72 178861
72 178864
72 178889
72 179115
72 179130
72 179134
72 179150
72 179215
72 179280
72 179387
72 179483
72 179498
72 179520
72 179561
72 179564
72 179637
72 179654
72 179964
72 180230
72 180452
72 180473
72 180612
72 180694
72 180713
72 180814
72 180885
72 180903
72 180918
72 180938
72 180977
72 181028
72 181067
72 181136
72 181248
72 181253
72 181445
72 181476
72 181552
72 181564
72 181584
72 181639
72 181778
72 181791
72 181868
72 182041
72 182047
72 182085
72 182100
72 182169
72 182567
72 182651
72 182683
72 182928
72 182946
72 182958
72 182964
72 183040
72 183176
72 183346
72 183597
72 183840
72 184007
72 184042
72 184135
72 184212
72 184280
72 184658
72 184831
72 184978
72 185048
72 185095
72 185112
72 185148
72 185270
72 185377
72 185476
72 185638
72 185646
72 185789
72 185816
72 185871
72 185875
72 185885
72 185892
72 186000
72 186076
72 186106
72 186134
72 186261
72 186263
72 186275
72 186331
72 186453
72 186479
72 186517
72 186549
72 186676
72 186914
72 187152
72 187194
72 187344
72 187442
72 187459
72 187509
72 187612
72 187790
72 187796
72 187957
72 188364
72 188483
72 188711
72 188747
72 188750
72 188766
72 189017
72 189037
72 189068
72 189127
72 189136
72 189148
72 189227
72 189303
72 189497
72 189630
72 189812
72 189938
72 190044
72 190415
72 190528
72 190560
72 190589
72 190641
72 190805
72 190922
72 190948
72 190962
72 190975
72 191002
72 191008
72 191042
72 191092
72 191260
72 191443
72 191559
72 191756
72 191851
72 191975
72 192097
72 192179
72 192223
72 192447
72 192475
72 192636
72 192833
72 192837
72 192896
72 192970
72 193007
72 193010
72 193111
72 193159
72 193194
72 193230
72 193396
72 193491
72 193553
72 193608
72 193618
72 193619
72 193710
72 193734
72 194016
72 194135
72 194163
72 194510
72 194623
72 194624
72 194639
72 194793
72 195030
72 195038
73 26071
73 26179
73 26183
73 26245
73 26432
73 26441
73 26442
73 26490
73 26568
73 26671
73 26790
73 26935
73 26965
73 27057
73 27286
73 27454
73 27497
73 27522
73 27704
73 27751
73 27923
73 27961
73 28145
73 28534
73 28573
73 28655
73 28683
73 28879
73 29057
73 29071
73 29184
73 29220
73 29242
73 29346
73 29380
73 29446
73 29470
73 29474
73 29503
73 29637
73 29883
73 30108
73 30198
73 30199
73 30369
73 30434
73 30526
73 30613
73 30648
73 30666
73 30756
73 30823
73 30936
73 30978
73 31454
73 31582
73 31706
73 31770
73 31812
73 31814
73 32091
73 32124
73 32256
73 32300
73 32301
73 32335
73 32422
73 32555
73 32579
73 32701
73 32769
73 32793
73 32826
73 33009
73 33111
73 33135
73 33364
73 33399
73 33423
73 33572
73 33618
73 33671
73 33820
73 33867
73 33910
73 33919
73 34022
73 34196
73 34254
73 34268
73 34382
73 34571
73 34647
73 34681
73 34754
73 34861
73 35018
73 35020
73 35074
73 35076
73 35399
73 35469
73 35581
73 35622
73 35810
73 35956
73 36074
73 36218
73 36236
73 36478
73 36549
73 36563
73 36657
73 36855
73 36943
73 36946
73 37052
73 37308
73 37357
73 37473
73 37487
73 37530
73 37562
73 37730
73 37779
73 37874
73 37955
73 38033
73 38087
73 38232
73 38259
73 38366
73 38373
73 38482
73 38541
73 38637
73 38704
73 39024
73 39199
73 39322
73 39331
73 39332
73 39349
73 39439
73 39478
73 39551
73 39563
73 39664
73 39680
73 39688
73 39770
73 39800
73 39882
73 39947
73 39970
73 40006
73 40103
73 40426
73 40436
73 40441
73 40561
73 40607
73 40740
73 40803
73 40990
73 41048
73 41128
73 41631
73 41703
73 41857
73 41909
73 41996
73 42115
73 42152
73 42461
73 42564
73 42625
73 42829
73 42975
73 43038
73 43076
73 43126
73 43134
73 43230
73 43297
73 43332
73 43404
73 43410
73 43426
73 43448
73 43451
73 43460
73 43536
73 43571
73 43670
73 43736
73 43799
73 43927
73 43942
73 44002
73 44056
73 44130
73 44154
73 44272
73 44434
73 44517
73 44860
73 44896
73 45079
73 45202
73 45341
73 45402
73 45720
73 45837
73 46227
73 46310
73 46341
73 46462
73 46520
73 46527
73 46657
73 46715
73 46920
73 47070
73 47094
73 47376
73 47538
73 47712
73 47905
73 48151
73 48202
73 48241
73 48253
73 48339
73 48354
73 48498
73 48548
73 48753
73 48773
73 48857
73 49054
73 49230
73 49502
73 49888
73 49941
73 50120
73 50134
73 50185
73 50297
73 50325
73 50373
73 50428
73 50627
73 50707
73 50753
73 50762
73 50836
73 50839
73 50929
73 50980
73 51043
73 51045
73 51114
73 51682
73 51690
73 51780
73 51801
73 51807
73 51822
73 51858
73 52016
69 25703
69 25708
69 25763
69 25787
69 25927
69 25944
69 25962
69 26082
69 26120
69 26146
69 26247
69 26271
69 26403
69 26960
69 27031
69 27045
69 27112
69 27547
69 27630
69 27638
69 27669
69 27680
69 27797
69 29428
69 29496
69 29529
69 29610
69 29638
69 29711
69 29729
69 29811
69 29879
69 29889
69 29910
69 29958
69 29961
69 30099
69 30146
69 30248
69 30258
69 30400
69 30424
69 30547
69 30749
69 30796
69 31010
69 31181
69 31231
69 31329
69 31414
69 31440
69 31457
69 31594
69 31620
69 31627
69 31663
69 31711
69 31863
69 32153
69 32177
69 32230
69 32256
69 32513
69 32532
69 32538
69 32752
69 32838
69 32900
69 32965
69 33004
69 33110
69 33195
69 33214
69 33289
69 33305
69 33323
69 33365
69 33376
69 33452
69 33459
69 33684
69 33744
69 33791
69 33845
69 33933
69 33962
69 33966
69 33986
69 34062
69 34097
69 34167
69 34263
69 34309
69 34314
69 34456
69 34595
69 34691
69 34692
69 34787
69 34817
69 35028
69 35066
69 35159
69 35218
69 35428
69 35430
69 35542
69 35562
69 35837
69 36075
69 36092
69 36121
69 36279
69 36376
69 36567
69 36568
69 36607
69 36637
69 36655
69 36681
69 36772
69 36814
69 36849
69 36907
69 36950
69 37072
69 37076
69 37186
69 37363
69 37491
69 37501
69 37847
69 37893
69 38030
69 38057
69 38142
69 38175
69 38297
69 38339
69 38362
69 38695
69 38815
69 38820
69 38877
69 38960
69 39173
69 39262
69 39278
69 39361
69 39599
69 40150
69 40171
69 40515
69 40655
69 40869
69 41109
69 41121
69 41194
69 41220
69 41274
69 41294
69 41302
69 41309
69 41380
69 41412
69 41475
69 41561
69 41593
69 41630
69 41643
69 41659
69 41682
69 41906
69 42062
69 42159
69 42337
69 42390
69 42409
69 42439
69 42446
69 42462
69 42529
69 42710
69 42883
69 43154
69 43342
69 43362
69 43483
69 43562
69 43612
69 43626
69 43712
69 44087
69 44126
69 44624
69 44630
69 44741
69 44747
69 44758
69 44968
69 45068
69 45169
69 45218
69 45228
69 45282
69 45341
69 45349
69 45370
69 45502
69 45513
69 45743
69 46030
69 46062
69 46112
69 46455
69 46504
69 46515
69 46595
69 46602
69 46620
69 46715
69 46746
69 46908
69 47353
69 47487
69 47494
69 47594
69 47648
69 47671
69 47798
69 47893
69 47937
69 47998
69 48190
69 48314
69 48456
69 48497
69 48528
69 48697
69 48782
69 49351
69 49375
69 49476
69 49506
69 49557
69 50040
69 50046
69 50065
69 50221
69 50444
69 50522
69 50631
69 50718
69 50940
69 50956
69 51031
69 51317
69 51321
75 26205
75 26336
75 26506
75 26563
75 26638
75 26750
75 27162
75 27391
75 27485
75 27648
75 27719
75 28204
75 28346
75 28391
75 28463
75 28473
75 28479
75 28501
75 28625
75 28714
75 28738
75 28853
75 28867
75 28962
75 29071
75 29141
75 29248
75 29308
75 29384
75 29508
75 29548
75 29717
75 29845
75 29870
75 29918
75 30042
75 30056
75 30357
75 30397
75 30430
75 30558
75 30607
75 30624
75 30718
75 30721
75 30730
75 30908
75 31301
75 31500
75 31511
75 31556
75 31828
75 31997
75 32029
75 32030
75 32036
75 32563
75 32669
75 32718
75 32808
75 32825
75 32859
75 32867
75 33008
75 33148
75 33244
75 33312
75 33478
75 33604
75 33620
75 33671
75 33728
75 33760
75 33927
75 34003
75 34164
75 34523
75 34599
75 34615
75 34686
75 34738
75 34919
75 35110
75 35186
75 35219
75 35222
75 35252
75 35371
75 35557
75 35601
75 35758
75 35775
75 35822
75 36050
75 36084
75 36390
75 36470
75 36679
75 36763
75 37019
75 37440
75 37523
75 37810
75 37838
75 37839
75 37906
75 37947
75 38099
75 38341
75 38412
75 38666
75 38682
75 38689
75 38724
75 38994
75 39182
75 39194
75 39215
75 39226
75 39227
75 39288
75 39300
75 39423
75 39834
75 39972
75 39998
75 40081
75 40084
75 40149
75 40221
75 40308
75 40414
75 40579
75 40590
75 40612
75 40768
75 40889
75 41087
75 41089
75 41142
75 41258
75 41313
75 41433
75 41504
75 41508
75 41711
75 41745
75 41833
75 41853
75 42003
75 42111
75 42163
75 42166
75 42209
75 42231
75 42277
75 42368
75 42392
75 42438
75 42556
75 42588
75 42590
75 42599
75 42867
75 42880
75 42952
75 42989
75 43077
75 43105
75 43134
75 43464
75 43715
75 43754
75 43782
75 43918
75 43928
75 43992
75 44252
75 44342
75 44365
75 44512
75 44811
75 44839
75 44904
75 45033
75 45274
75 45278
75 45317
75 45320
75 45342
75 45354
75 45425
75 45487
75 45557
75 45618
75 45739
75 46014
75 46067
75 46157
75 46162
75 46544
75 46585
75 46666
75 46770
75 46795
75 46817
75 47004
75 47049
75 47056
75 47181
75 47377
75 47550
75 47619
75 47684
75 47846
75 47899
75 47994
75 48001
75 48239
75 48365
75 48383
75 48508
75 48537
75 48539
75 48886
75 48896
75 48937
75 48959
75 49000
75 49264
75 49313
75 49344
75 49388
75 49392
75 49568
75 49581
75 49645
75 49712
75 49755
75 49815
75 49861
75 50367
75 50406
75 50430
75 50587
75 50588
75 50720
75 51036
75 51047
75 51424
75 51597
75 52003
75 52028
75 52095
75 52230
75 52234
75 52295
75 52330
72 195262
72 195271
72 195359
72 195548
72 195783
72 195844
72 195916
72 195988
72 196102
72 196145
72 196336
72 196378
72 196511
72 196570
72 196697
72 196712
72 196822
72 197141
72 197320
72 197573
72 197630
72 197667
72 197716
72 197752
72 197843
72 197872
72 197893
72 197951
72 198100
72 198249
72 198424
72 198437
72 198537
72 198552
72 198560
72 198702
72 198993
72 199009
72 199062
72 199100
72 199141
72 199188
72 199237
72 199580
72 199819
72 199851
72 199900
72 199902
72 199978
72 199986
72 200039
72 200056
72 200082
72 200429
72 200473
72 200715
72 200727
72 200861
72 200967
72 201003
72 201130
72 201203
72 201234
72 201402
72 201436
72 201599
72 201619
72 201644
72 201687
72 201692
72 201961
72 202124
72 202348
72 202374
72 202375
72 202407
72 202466
72 202777
72 202791
72 202813
72 202853
72 202880
72 203039
72 203249
72 203252
72 203320
72 203887
72 203911
72 203938
72 203990
72 204077
72 204107
72 204303
72 204536
72 204649
72 204800
72 205008
72 205055
72 205088
72 205219
72 205302
72 205444
72 205466
72 205579
72 205599
72 205611
72 205765
72 205802
72 205816
72 205878
72 205918
72 205998
72 206046
72 206103
72 206180
72 206284
72 206304
72 206510
72 206574
72 206648
72 206740
72 206862
72 206968
72 207017
72 207062
72 207126
72 207130
72 207191
72 207199
72 207206
72 207300
72 207459
72 207485
72 207514
72 207549
72 207580
72 207653
72 207672
72 207679
72 207731
72 207733
72 207757
72 207764
72 207832
72 207964
72 208102
72 208191
72 208264
72 208335
72 208470
72 208608
72 208621
72 208635
72 208675
72 208888
72 209106
72 209129
72 209216
72 209230
72 209666
72 209684
72 209805
72 209865
72 209910
72 209954
72 209957
72 210141
72 210181
72 210215
72 210407
72 210758
72 210808
72 210857
72 210879
72 211061
72 211275
72 211444
72 211451
72 211474
72 211516
72 211598
72 211797
72 211867
72 211882
72 211889
72 212211
72 212310
72 212342
72 212395
72 212458
72 212488
72 212509
72 212679
72 212783
72 212967
72 213120
72 213238
72 213492
72 213668
72 213733
72 213882
72 213925
72 213966
72 213977
72 214129
72 214181
72 214534
72 214586
72 214637
72 214782
72 214791
72 214935
72 215013
72 215054
72 215123
72 215132
72 215389
72 215422
72 215443
72 215480
72 215686
72 216366
72 216404
72 216563
72 216608
72 216628
72 216666
72 216673
72 216745
72 216827
72 216851
72 216859
72 216887
72 217094
72 217212
72 217214
72 217388
72 217466
72 217597
72 217642
72 217810
72 217980
72 218037
72 218225
72 218257
72 218361
72 218684
72 218726
72 218749
72 218794
72 219015
72 219267
72 219283
72 219352
72 219368
72 219573
72 219653
72 219983
72 220005
72 220072
72 220102
72 220141
72 220163
72 220349
72 220366
72 220374
72 220563
72 220565
72 221082
79 51024
79 51048
79 51177
79 51220
79 51272
79 51284
79 51350
79 51402
79 51416
79 51470
79 51498
79 51586
79 51589
79 51593
79 51685
79 51787
79 51839
79 51841
79 51892
79 51998
79 52013
79 52208
79 52268
79 52289
79 52469
79 52481
79 52490
79 52771
79 52839
79 52880
79 52898
79 53105
79 53140
79 53162
79 53422
79 53448
79 53471
79 53658
79 53701
79 53783
79 53834
79 53890
79 53921
79 53956
79 53980
79 54053
79 54093
79 54447
79 54493
79 54515
79 54542
79 54715
79 54720
79 54783
79 54975
79 55237
79 55377
79 55539
79 55561
79 55563
79 55568
79 55586
79 55737
79 55792
79 55808
79 56014
79 56060
79 56166
79 56290
79 56414
79 56588
79 56615
79 56632
79 56751
79 56760
79 56803
79 56819
79 56855
79 56915
79 56916
79 56942
79 57122
79 57134
79 57157
79 57363
79 57379
79 57493
79 57624
79 57765
79 57789
79 57951
79 58042
79 58063
79 58072
79 58128
79 58201
79 58361
79 58384
79 58483
79 58531
79 58583
79 58674
79 58712
79 58871
79 58996
79 59045
79 59208
79 59314
79 59323
79 59345
79 59530
79 59593
79 59596
79 59677
79 59702
79 59915
79 59954
79 60059
79 60240
79 60648
79 60686
79 60762
79 60802
79 60810
79 60923
79 61019
79 61184
79 61279
79 61391
79 61745
79 61807
79 61853
79 61920
79 61927
79 61994
79 62035
79 62038
79 62048
79 62078
79 62089
79 62101
79 62163
79 62368
79 62664
79 62782
79 63061
79 63133
79 63167
79 63245
79 63417
79 63464
79 63525
67 301
67 357
67 469
67 495
67 625
67 735
67 1024
67 1121
67 1164
67 1242
67 1425
67 1513
67 1722
67 1762
67 1774
67 1776
67 1814
67 1843
67 1937
67 2052
67 2095
67 2178
67 2190
67 2233
67 2462
67 2492
67 2665
67 2721
67 2880
67 2885
67 2968
67 3075
67 3241
67 3254
67 3545
67 3640
67 3820
67 4019
67 4039
67 4090
67 4116
67 4318
67 4418
67 4493
67 4504
67 4528
67 4594
67 4621
67 4719
67 4746
67 4757
67 4806
67 4950
67 4964
67 4988
67 5067
67 5149
67 5175
67 5316
67 5319
67 5396
67 5573
67 5640
67 5659
67 5751
67 5771
67 5852
67 5906
67 6040
67 6161
67 6434
67 6453
67 6687
67 6694
67 6729
67 6994
67 6995
67 7006
67 7030
67 7200
67 7210
67 7235
67 7319
67 7331
67 7388
67 7813
67 7825
67 7958
67 8000
67 8007
67 8063
67 8076
67 8161
67 8203
67 8226
67 8698
67 8904
67 9159
67 9191
67 9219
67 9304
67 9446
67 9510
67 9842
67 10002
67 10111
67 10191
67 10275
67 10350
67 10401
67 10522
67 10565
67 10581
67 10718
67 10822
67 10884
67 10920
67 11056
67 11142
67 11309
67 11454
67 11485
67 11497
67 11554
67 11581
67 11612
67 11833
67 11837
67 11867
67 11947
67 11978
67 12172
67 12247
67 12282
67 12299
67 12349
67 12509
67 12649
67 12748
67 12915
67 12997
67 13152
67 13439
67 13480
67 13679
67 13808
67 14041
67 14086
67 14093
67 14203
67 14288
67 14300
67 14317
67 14373
67 14402
67 14554
67 14566
67 14791
67 14865
67 14911
67 14993
67 14995
67 15028
67 15105
67 15139
67 15476
67 15499
67 15513
67 15599
67 15616
67 15627
67 15685
67 15836
67 15929
67 16106
67 16108
67 16167
67 16270
67 16280
67 16487
67 16537
67 16643
67 16670
67 16750
67 16814
67 16863
67 16913
67 16915
67 16954
67 16984
67 17001
67 17021
67 17234
67 17384
67 17510
67 17538
67 17557
67 17599
67 17664
67 17823
67 17876
67 17890
67 17895
67 17989
67 18220
67 18319
67 18330
67 18345
67 18431
67 18432
67 18462
67 18553
67 18555
67 18644
67 18966
67 19361
67 19474
67 19888
67 19893
67 19975
67 19991
67 20001
67 20032
67 20051
67 20105
67 20160
67 20238
67 20333
67 20392
67 20479
67 20503
67 20537
67 20549
67 20692
67 21082
67 21246
67 21309
67 21331
67 21333
67 21559
67 21698
67 21765
67 21814
67 21889
67 22032
67 22035
67 22055
67 22056
67 22061
67 22283
67 22375
67 22404
67 22448
67 22503
67 22543
67 22584
67 22628
67 22635
67 22645
67 22658
67 22694
67 22837
67 22857
67 23091
67 23105
67 23232
67 23247
67 23329
67 23425
67 23430
67 23457
67 23506
67 23582
67 23659
67 23738
67 23742
67 23750
67 23788
67 23892
67 23930
67 24179
67 24198
67 24374
67 24386
67 24414
67 24422
67 24548
67 24573
67 24756
67 24759
67 24782
67 24791
67 24961
67 24997
67 25084
67 25129
67 25227
67 25308
67 25395
73 52168
73 52211
73 52281
73 52323
73 52330
73 52362
73 52431
73 52559
73 52673
73 52838
73 52974
73 53026
73 53057
73 53493
73 53610
73 53685
73 53749
73 53831
73 53916
73 53986
73 53992
73 54064
73 54231
73 54236
73 54466
73 54616
73 54851
73 55055
73 55250
73 55338
73 55392
73 55554
73 55571
73 55635
73 55680
73 55814
73 55898
73 56022
73 56050
73 56060
73 56133
73 56561
73 56577
73 56942
73 57178
73 57194
73 57277
73 57378
73 57462
73 57600
73 57679
73 57720
73 57742
73 57884
73 57965
73 58127
73 58226
73 58227
73 58235
73 58349
73 58506
73 58627
73 58823
73 59036
73 59485
73 59558
73 59767
73 60090
73 60182
73 60310
73 60447
73 60585
73 60620
73 60693
73 60769
73 60887
73 60897
73 60976
73 61008
73 61059
73 61179
73 61215
73 61263
73 61347
73 61481
73 61846
73 61884
73 61917
73 61976
73 62183
73 62234
73 62403
73 62569
73 62612
73 62779
73 62807
73 62819
73 62895
73 63182
73 63246
73 63264
73 63310
73 63352
73 63643
73 63671
73 63714
73 63782
73 63786
73 63803
73 63828
73 63898
73 64034
73 64055
73 64273
73 64318
73 64415
73 64494
73 64540
73 64588
73 64710
73 64751
73 64756
71 39484
71 39628
71 39789
71 39854
71 39898
71 40024
71 40102
71 40164
71 40439
71 40532
71 40649
71 40660
71 40688
71 40690
71 40861
71 41203
71 41329
71 41422
71 41595
71 41822
71 41849
71 41901
71 41925
71 42107
71 42351
71 42384
71 42555
71 42574
71 42665
71 42714
71 42763
71 42850
71 43113
71 43146
71 43423
71 43572
71 43724
71 43755
71 43855
71 43924
71 43971
71 44234
71 44293
71 44342
71 44475
71 44947
71 45021
71 45026
71 45105
71 45107
71 45155
71 45234
71 45348
71 45767
71 45790
71 45893
71 45905
71 45910
71 46001
71 46004
71 46161
71 46194
71 46206
71 46718
71 46885
71 46906
71 46941
71 47506
71 48124
71 48153
71 48357
71 48430
71 48602
71 48689
71 48703
71 48717
71 48744
71 48747
71 48885
71 49008
71 49027
71 49284
71 49345
71 49348
71 49352
71 49741
71 49816
71 49850
71 50253
71 50311
71 50322
71 50332
71 50703
71 50864
71 51156
71 51265
71 51347
71 51459
71 51516
71 51759
71 51779
71 51817
71 51842
71 51843
71 51854
71 51880
71 51951
71 51954
71 51970
71 52097
71 52251
71 52331
71 52359
71 52465
71 52484
71 52572
71 52655
71 53121
71 53175
71 53178
71 53512
71 53529
71 53642
71 53679
71 53737
71 53903
71 53920
71 54005
71 54212
71 54260
71 54349
71 54395
71 54504
71 54628
71 54833
71 54855
71 54886
71 54921
71 55212
71 55216
71 55322
71 55396
71 55573
71 55611
71 55714
71 55720
71 55814
71 55877
71 55895
71 55908
71 55910
71 55980
71 56011
71 56021
71 56066
71 56118
71 56981
71 56983
71 57023
71 57065
71 57075
71 57091
71 57120
71 57228
71 57555
71 57559
71 57597
71 57666
71 57791
71 57864
71 57957
71 57992
71 58104
71 58236
71 58402
71 58500
71 58554
71 58785
71 58894
71 58918
71 59157
71 59203
71 59306
71 59350
71 59499
71 59563
71 59597
71 59622
71 59972
71 60166
71 60209
71 60270
71 60328
71 60443
71 60491
71 60530
71 60826
71 60899
71 60929
71 60958
71 61067
71 61205
71 61355
71 61390
71 61431
71 61530
71 61654
71 61689
71 61717
71 61996
71 62059
71 62152
71 62329
71 62591
71 62598
71 62686
71 62806
71 62844
71 62911
71 62952
71 62976
71 63038
71 63056
71 63136
71 63250
71 63401
71 63429
71 63498
71 63565
71 63664
71 63835
71 63922
71 64039
71 64151
71 64251
71 64263
71 64413
71 64435
71 64452
71 64487
71 64701
71 64723
71 64991
71 65043
71 65149
71 65369
71 65449
71 65528
71 65557
71 196708
71 196747
71 196799
71 196883
71 196891
71 196996
71 197020
71 197033
71 197170
71 197358
71 197380
71 197438
71 197607
71 197651
71 197705
71 198081
71 198207
71 198210
71 198241
71 198286
71 198289
71 198404
71 198435
71 198664
71 198754
71 198880
71 198886
71 198943
71 198964
71 199016
71 199361
71 199526
71 199629
71 199736
71 199815
71 199856
71 199880
71 199947
71 200121
71 200277
71 200356
71 200425
71 200471
71 200473
71 200720
71 200782
71 201101
71 201146
71 201275
71 201280
71 201309
71 201330
71 201351
71 201652
71 201812
71 201844
71 201932
71 202172
71 202237
71 202264
71 202409
71 202450
71 202538
71 202658
71 202893
71 202941
71 203158
71 203244
71 203282
71 203288
71 203332
71 203333
71 203446
71 204015
71 204068
71 204215
71 204287
71 204351
71 204365
71 204500
71 204508
71 204572
71 204575
71 204576
71 204599
71 204851
71 204935
71 205048
71 205144
71 205203
71 205246
71 205287
71 205333
71 205353
71 205450
71 205742
71 206032
71 206103
71 206492
71 206502
71 206620
71 206734
71 206816
71 206837
71 206848
71 206933
71 206938
71 207220
71 207328
71 207407
71 207492
71 207683
71 207685
71 207715
71 207751
71 207969
71 208240
71 208314
71 208325
71 208395
71 208533
71 208744
71 208775
71 208792
71 208868
71 209051
71 209059
71 209084
71 209199
71 209288
71 209637
71 209838
71 209933
71 210226
71 210239
71 210322
71 210429
71 210462
71 210542
71 210843
71 211002
71 211128
71 211217
71 211333
71 211358
71 211447
71 211452
71 211565
71 211623
71 211666
71 211746
71 211764
71 211814
71 211944
71 212053
71 212116
71 212144
71 212147
71 212157
71 212354
71 212376
75 52453
75 52467
75 52495
75 52536
75 52541
75 52646
75 52782
75 52916
75 52925
75 53019
75 53129
75 53282
75 53340
75 53474
75 53496
75 53556
75 53569
75 53687
75 53768
75 53798
75 53936
75 53947
75 53953
75 54001
75 54004
75 54024
75 54195
75 54223
75 54268
75 54303
75 54692
75 54706
75 54827
75 55091
75 55157
75 55371
75 55691
75 55699
75 55711
75 55783
75 55800
75 55867
75 55870
75 55951
75 55970
75 56009
75 56059
75 56177
75 56396
75 56405
75 56535
75 56544
75 56548
75 56791
75 56804
75 56822
75 56892
75 57019
75 57030
75 57061
75 57078
75 57158
75 57210
75 57605
75 57662
75 57668
75 57818
75 57847
75 57990
75 58129
75 58307
75 58369
75 58393
75 58406
75 58510
75 58511
75 58535
75 58578
75 58580
75 58599
75 58602
75 58819
75 59003
75 59016
75 59191
75 59383
75 59412
75 59573
75 59574
75 59655
75 59677
75 59859
75 59922
75 60004
75 60006
75 60045
75 60134
75 60182
75 60405
75 60507
75 60584
75 60593
75 60709
75 60738
75 60983
75 61034
75 61200
75 61246
75 61542
75 61692
75 61739
75 61896
75 61924
75 61974
75 62105
75 62141
75 62223
75 62250
75 62259
75 62318
75 62372
75 62525
75 62565
75 62637
75 63074
75 63288
75 63526
75 63545
75 63611
75 63647
75 63688
75 63720
75 63734
75 63810
75 63910
75 63922
75 63999
75 64231
75 64323
75 64403
75 64578
75 64579
75 64606
75 64664
75 64749
75 65071
75 65188
72 221177
72 221268
72 221348
72 221720
72 221765
72 221771
72 221862
72 222063
72 222137
72 222203
72 222207
72 222222
72 222355
72 222411
72 222489
72 222615
72 222729
72 223053
72 223059
72 223067
72 223187
72 223241
72 223466
72 223573
72 223584
72 223740
72 223938
72 223942
72 223973
72 224081
72 224179
72 224269
72 224276
72 224308
72 224347
72 224523
72 224761
72 224773
72 224805
72 224889
72 224892
72 225030
72 225093
72 225095
72 225306
72 225448
72 225660
72 226054
72 226260
72 226261
72 226412
72 226480
72 226536
72 226591
72 226647
72 226783
72 226902
72 226966
72 227017
72 227029
72 227226
72 227291
72 227337
72 227427
72 227491
72 227515
72 227645
72 227692
72 227809
72 228011
72 228039
72 228264
72 228310
72 228312
72 228468
72 228515
72 228539
72 228649
72 228738
72 228808
72 228933
72 229145
72 229150
72 229373
72 229451
72 229654
72 229862
72 230005
72 230209
72 230232
72 230406
72 230411
72 230468
72 230495
72 230538
72 230541
72 230568
72 230683
72 230734
72 230737
72 230856
72 230912
72 230958
72 231082
72 231289
72 231331
72 231360
72 231427
72 231502
72 231532
72 231762
72 231791
72 231818
72 231839
72 231889
72 231939
72 231946
72 231981
72 232150
72 232178
72 232188
72 232301
72 232304
72 232413
72 232491
72 232665
72 232702
72 232813
72 232904
72 232973
72 233062
72 233136
72 233157
72 233219
72 233222
72 233355
72 233383
72 233431
72 233488
72 233571
72 233722
72 233826
72 233982
72 234003
72 234113
72 234167
72 234648
72 234795
72 234863
72 234968
72 235145
72 235181
72 235198
72 235222
72 235232
72 235243
72 235269
72 235464
72 235505
72 235658
72 235913
72 236021
72 236115
72 236386
72 236512
72 236593
72 236726
72 236822
72 236858
72 236892
72 237035
72 237149
79 63651
79 63685
79 64014
79 64200
79 64500
79 64544
79 64574
79 64598
79 64845
79 64850
79 64921
79 65314
79 65345
79 65382
79 65410
79 65435
79 65532
79 65594
79 65697
79 65755
79 65833
79 65891
79 66052
79 66273
79 66381
79 66527
79 66567
79 66605
79 66683
79 66684
79 66723
79 66753
79 66809
79 66819
79 66864
79 67019
79 67029
79 67103
79 67120
79 67136
79 67152
79 67184
79 67328
79 67463
79 67475
79 67575
79 67684
79 67686
79 67713
79 67994
79 68115
79 68147
79 68149
79 68243
79 68253
79 68312
79 69147
79 69357
79 69389
79 69432
79 69471
79 69703
79 69769
79 69773
79 69813
79 69859
79 69894
79 69920
79 70161
79 70613
79 70871
79 70909
79 70910
79 70945
79 70952
79 71037
79 71107
79 71176
79 71480
79 71486
79 71550
79 71762
79 71833
79 71906
79 71966
79 72002
79 72470
79 72752
79 72774
79 72957
79 72989
79 72997
79 73159
79 73270
79 73321
79 73434
79 73491
79 73506
79 73751
79 73826
79 73860
79 74007
79 74013
79 74032
79 74119
79 74197
79 74214
79 74254
79 74304
79 74355
79 74444
79 74522
79 74584
79 74612
79 74786
79 74943
79 75237
79 75259
79 75473
79 75490
79 75833
79 75919
79 75928
79 75951
79 76048
79 76147
79 76148
79 76172
79 76210
72 39058
72 39059
72 39461
72 39535
72 39553
72 39650
72 39737
72 39738
72 39763
72 39785
72 39929
72 39961
72 40081
72 40107
72 40207
72 40231
72 40272
72 40280
72 40317
72 40328
72 40412
72 40481
72 40730
72 40778
72 40951
72 41132
72 41170
72 41186
72 41418
72 41453
72 41480
72 41586
72 41679
72 42165
72 42220
72 42263
72 42286
72 42756
72 43024
72 43056
72 43118
72 43218
72 43268
72 43321
72 43331
72 43758
72 43778
72 43836
72 43875
72 43886
72 44270
72 44326
72 44381
72 44509
72 44529
72 44589
72 44660
72 44696
72 44801
72 45102
72 45164
72 45216
72 45252
72 45298
72 45363
72 45552
72 45566
72 45703
72 45811
72 46172
72 46288
72 46305
72 46326
72 46387
72 46437
72 46473
72 46729
72 46770
72 46790
72 46801
72 46831
72 46941
72 47044
72 47051
72 47248
72 47262
72 47365
72 47586
72 47614
72 47620
72 47745
72 47849
72 47872
72 48056
72 48396
72 48398
72 48611
72 48683
72 48764
72 48921
72 49299
72 49398
72 49429
72 49562
72 49582
72 49604
72 49692
72 49760
72 49787
72 49935
72 49971
72 49996
72 50188
72 50227
72 50255
72 50304
72 50508
72 50598
72 50616
72 50628
72 51038
72 51539
72 51616
72 51628
72 51826
72 52099
72 52216
72 52296
72 52311
72 52340
72 52467
72 52556
72 52680
72 52799
72 52889
72 52966
72 53064
72 53198
72 53289
72 53394
72 53585
72 53631
72 53878
72 54151
72 54196
72 54273
72 54295
72 54380
72 54413
72 54489
72 54560
72 54568
72 54604
72 54650
72 54875
72 54950
72 54956
72 55171
72 55268
72 55425
72 55464
72 55549
72 55590
72 55787
72 56098
72 56293
72 56562
72 56651
72 56654
72 56716
72 56724
72 56839
72 56999
72 57393
72 57441
72 57480
72 57514
72 57559
72 57604
72 57789
72 57830
72 57900
72 57926
72 58108
72 58177
72 58350
72 58357
72 58428
72 58530
72 58547
72 58575
72 58639
72 58689
72 58717
72 58779
72 58882
72 58952
72 59161
72 59190
72 59222
72 59252
72 59288
72 59316
72 59400
72 59539
72 59562
72 59618
72 59653
72 59734
72 59829
72 60113
72 60240
72 60513
72 60524
72 60590
72 60643
72 60693
72 60722
72 60795
72 60881
72 61085
72 61109
72 61165
72 61205
72 61436
72 61469
72 61558
72 61578
72 61910
72 62075
72 62130
72 62235
72 62247
72 62296
72 62307
72 62648
72 62657
72 62698
72 62879
72 62976
72 63016
72 63106
72 63132
72 63192
72 63380
72 63437
72 63455
72 63545
72 63649
72 63704
72 63741
72 63802
72 64016
72 64040
72 64044
72 64226
72 64265
72 64332
72 64548
72 64608
72 64670
72 64690
72 64703
72 64789
72 64981
72 65042
72 65179
72 65231
72 65269
72 65568
72 65702
72 65832
72 65958
72 65999
72 66435
72 66461
72 66478
72 66496
72 66541
72 66566
72 66599
72 66658
72 66670
72 66692
72 66726
72 66752
72 66787
72 66827
72 66838
72 66877
72 66951
72 66958
72 67020
72 67143
72 67290
72 67296
72 67408
72 67641
72 67689
72 67779
72 67780
72 68028
72 68244
72 68300
72 68537
72 68691
72 68745
72 68853
72 69104
72 69213
72 69297
72 69310
72 69695
72 69983
72 70128
72 70181
72 70401
72 70429
72 70646
72 70700
72 70755
72 70865
72 70957
72 71053
72 71206
72 71259
72 71385
72 71453
72 71759
72 71806
72 71932
72 71983
72 72044
72 72064
72 72083
72 72135
72 72235
72 72270
72 72391
72 72413
72 72651
72 72681
72 72802
72 72915
72 72957
72 73009
72 73027
72 73122
72 73415
72 73478
72 73643
72 73668
72 73674
72 73992
72 74030
72 74051
72 74129
72 74264
72 74404
72 74606
72 74898
72 74911
72 75342
72 75423
72 75484
72 75511
72 75777
72 76067
72 76245
72 76252
72 76338
72 76425
72 76574
72 76673
72 76747
72 76778
72 76880
72 76958
72 76959
72 76961
72 77010
72 77132
72 77198
72 77255
72 77301
72 77434
72 77535
72 77646
72 77745
72 77768
72 77989
72 78007
69 51392
69 51446
69 51469
69 51693
69 51812
69 51902
69 52149
69 52165
69 52216
69 52429
69 52629
69 52644
69 52707
69 52765
69 52788
69 52791
69 52925
69 53042
69 53093
69 53159
69 53299
69 53489
69 53663
69 53708
69 53952
69 54177
69 54186
69 54335
69 54359
69 54501
69 54512
69 54541
69 55003
69 55352
69 55377
69 55411
69 55582
69 55592
69 55671
69 55928
69 55961
69 56044
69 56100
69 56175
69 56210
69 56736
69 56921
69 56927
69 56997
69 57041
69 57075
69 57100
69 57122
69 57167
69 57257
69 57374
69 57538
69 57608
69 57888
69 57981
69 57998
69 58007
69 58205
69 58245
69 58425
69 58489
69 58667
69 59009
69 59169
69 59205
69 59275
69 59278
69 59371
69 59544
69 59595
69 59632
69 59832
69 59876
69 59900
69 59906
69 60090
69 60376
69 60389
69 60393
69 60402
69 60507
69 60587
69 60606
69 60610
69 60616
69 60717
69 60720
69 60832
69 60833
69 60841
69 60908
69 61010
69 61102
69 61447
69 61463
69 61587
69 61792
69 61841
69 62108
69 62131
69 62193
69 62362
69 62558
69 62666
69 62826
69 62866
69 62940
69 62972
69 62978
69 63177
69 63244
69 63245
69 63355
69 63441
69 63550
69 63702
69 63710
69 63772
69 63913
69 63944
69 64152
69 64333
69 64682
69 64720
69 64736
69 64756
69 64813
69 64893
69 64987
69 65014
69 65053
69 65224
69 65618
69 65680
69 65916
69 65917
69 65990
69 66079
69 66271
69 66363
69 66461
69 66569
69 66648
69 66838
69 67037
69 67227
69 67355
69 67388
69 67460
69 67677
69 67733
69 67836
69 67873
69 67895
69 67959
69 67977
69 68000
69 68068
69 68328
69 68416
69 68563
69 68615
69 68634
69 68656
69 68792
69 69099
69 69170
69 69211
69 69419
69 69496
69 69882
69 69985
69 70003
69 70049
69 70136
69 70413
69 70420
69 70473
69 70521
69 70649
69 70886
69 70981
69 70991
69 71258
69 71269
69 71420
69 71790
69 71818
69 72010
69 72116
69 72151
69 72174
69 72278
69 72460
69 72588
69 72616
69 72906
69 72969
69 73084
69 73188
69 73273
69 73277
69 73330
69 73340
69 73524
69 73764
69 73879
69 73901
69 73977
69 74090
69 74139
69 74310
69 74312
69 74339
69 74467
69 74555
69 74647
69 74717
69 74859
69 74934
69 74986
69 75030
69 75257
69 75461
69 75479
69 75494
69 75767
69 75804
69 75811
69 75831
69 75834
69 75863
69 75887
69 76041
69 76210
69 76263
69 76300
69 76686
69 76793
69 76883
69 76921
69 76981
70 128623
70 128742
70 128949
70 129085
70 129166
70 129477
70 129503
70 129595
70 129605
70 129661
70 129738
70 129774
70 129941
70 130029
70 130575
70 130607
70 130626
70 130711
70 130895
70 130909
70 130940
70 131032
70 131042
70 131182
70 131227
70 131252
70 131485
70 131512
70 131586
70 131607
70 131709
70 131713
70 132025
70 132042
70 132179
70 132247
70 132504
70 132715
70 132730
70 132770
70 132876
70 132903
70 133009
70 133201
70 133277
70 133295
70 133354
70 133486
70 133606
70 133689
70 133733
70 133771
70 133965
70 134125
70 134208
70 134228
70 134279
70 134415
70 134439
70 134651
70 134792
70 134963
70 135012
70 135073
70 135449
70 135472
70 135553
70 135713
70 135752
70 135772
70 135907
70 136008
70 136013
70 136027
70 136043
70 136449
70 136541
70 136616
70 136658
70 136814
70 136935
70 136975
70 136979
70 137208
70 137217
70 137232
70 137287
70 137301
70 137347
70 137465
70 137497
70 137511
70 137561
70 137607
70 137659
70 137865
70 137925
70 137997
70 138098
70 138220
70 138320
70 138550
70 138724
70 138941
70 139131
70 139132
70 139158
70 139325
70 139493
70 139522
70 139687
70 140024
70 140275
70 140287
70 140738
70 140844
70 140944
70 140992
70 141260
70 141293
70 141304
70 141320
70 141323
70 141343
70 141372
70 141479
70 141527
70 141537
70 141594
70 141650
70 141976
70 142177
70 142480
70 142518
70 142584
70 142747
70 142972
70 143064
70 143083
70 143209
70 143254
70 143370
70 143448
70 143566
70 143730
70 143791
70 143813
70 143818
70 143847
70 143936
70 144001
70 144097
70 144146
70 144163
70 144226
70 144383
70 144647
70 144665
70 144675
70 144709
70 144734
70 144901
70 144924
70 145534
70 145752
70 145843
70 145885
70 145986
70 146046
70 146158
70 146177
70 146192
70 146209
70 146255
70 146309
70 146329
70 146339
70 146517
70 146736
70 146787
70 146877
70 147057
70 147102
70 147342
70 147631
70 147790
70 147874
70 148218
70 148354
70 148369
70 148442
70 148537
70 148695
70 148778
70 148805
70 148866
70 148890
70 148985
70 149245
70 149796
70 149852
70 149878
70 150304
70 150324
70 150609
70 150650
70 150683
70 150725
70 150733
70 150853
70 150941
70 150950
70 151008
70 151064
70 151137
70 151225
70 151515
70 151538
70 151822
70 151898
70 152144
70 152231
70 152322
70 152338
70 152361
70 152501
70 152575
70 152599
70 152629
70 152758
70 152780
70 152797
70 152873
70 153251
70 153295
70 153314
70 153350
70 153659
70 153724
70 153731
70 153870
70 153980
70 153984
70 154110
70 154184
73 65325
73 65509
73 65537
73 65637
73 65782
73 65787
73 66136
73 66195
73 66409
73 66420
73 66435
73 66683
73 66925
73 66952
73 67029
73 67195
73 67224
73 67228
73 67236
73 67239
73 67899
73 67912
73 67921
73 68010
73 68017
73 68260
73 68330
73 68640
73 68756
73 68764
73 69019
73 69074
73 69136
73 69181
73 69207
73 69382
73 69390
73 69510
73 69515
73 69611
73 69756
73 69776
73 69821
73 69828
73 69854
73 70105
73 70112
73 70195
73 70211
73 70230
73 70374
73 70467
73 70587
73 70749
73 70770
73 70820
73 71090
73 71114
73 71131
73 71194
73 71227
73 71286
73 71468
73 71490
73 71596
73 71597
73 71749
73 71861
73 71870
73 71871
73 71986
73 72101
73 72299
73 72333
73 72364
73 72706
73 72752
73 72790
73 72850
73 72999
73 73026
73 73068
73 73072
73 73239
73 73277
73 73577
73 73778
73 73788
73 74132
73 74168
73 74427
73 74463
73 74556
73 74592
73 74693
73 75121
73 75132
73 75188
73 75438
73 75648
73 75721
73 75748
73 76032
73 76047
73 76241
73 76281
73 76719
73 76773
73 76883
73 76979
73 76988
73 77079
73 77171
73 77253
73 77579
73 77734
73 77779
70 77208
70 77215
70 77222
70 77265
70 77268
70 77311
70 77493
70 77758
70 77835
70 78020
70 78039
70 78303
70 78579
70 78619
70 78627
70 78973
70 78992
70 79063
70 79203
70 79317
70 79330
70 79503
70 79509
70 79626
70 79657
70 79871
70 79923
70 79959
70 80013
70 80147
70 80206
70 80406
70 80451
70 80483
70 80553
70 80659
70 80805
70 80878
70 80994
70 81007
70 81016
70 81137
70 81144
70 81197
70 81347
70 81403
70 81454
70 81580
70 81601
70 81636
70 81656
70 81719
70 81792
70 81836
70 81856
70 81910
70 81919
70 82035
70 82067
70 82070
70 82120
70 82456
70 82491
70 82559
70 82637
70 82876
70 82992
70 83012
70 83025
70 83438
70 83556
70 83647
70 84071
70 84451
70 84573
70 84609
70 84766
70 84824
70 84890
70 84897
70 85029
70 85033
70 85185
70 85304
70 85313
70 85336
70 85514
70 85522
70 85615
70 85624
70 85716
70 85724
70 85826
70 85952
70 86218
70 86302
70 86512
70 86555
70 86578
70 86894
70 87035
70 87077
70 87154
70 87161
70 87174
70 87252
70 87275
70 87296
70 87327
70 87380
70 87391
70 87414
70 87435
70 87464
70 87555
70 87560
70 87579
70 87585
70 87594
70 87650
70 87762
70 87949
70 88052
70 88070
70 88071
70 88185
70 88308
70 88453
70 88552
70 88577
70 88595
70 88640
70 88679
70 88744
70 88862
70 89061
70 89165
70 89230
70 89432
70 89516
70 89654
70 89679
70 89772
70 89918
70 89963
70 89972
70 89995
70 90053
70 90083
70 90393
70 90499
70 90510
70 90569
70 90737
70 90843
70 91014
70 91115
70 91432
70 91467
70 91529
70 91657
70 91870
70 91902
70 92061
70 92174
70 92246
70 92248
70 92352
70 92498
70 92563
70 92704
70 92748
70 92796
70 92825
70 92832
70 92953
70 93197
70 93210
70 93339
70 93384
70 93462
70 93569
70 93734
70 93735
70 93860
70 94105
70 94399
70 94474
70 94625
70 94751
70 94827
70 94857
70 94909
70 95333
70 95399
70 95610
70 95625
70 95794
70 95874
70 95882
70 95996
70 96150
70 96153
70 96164
70 96240
70 96248
70 96325
70 96359
70 96480
70 96724
70 96916
70 97070
70 97084
70 97098
70 97150
70 97179
70 97198
70 97235
70 97260
70 97677
70 97896
70 97941
70 98103
70 98160
70 98306
70 98388
70 98393
70 98433
70 98462
70 98548
70 98625
70 98861
70 98876
70 98893
70 99050
70 99165
70 99224
70 99227
70 99361
70 99395
70 99419
70 99432
70 99442
70 99512
70 99705
70 99764
70 99788
70 99810
70 100178
70 100181
70 100322
70 100609
70 100648
70 100764
70 100799
70 101095
70 101138
70 101145
70 101163
70 101430
70 101448
70 101492
70 101758
70 101790
70 101807
70 101811
70 101858
70 101862
70 101996
70 102173
70 102283
70 102348
70 102411
70 102489
70 102574
70 102679
70 102870
67 76331
67 76339
67 76539
67 76748
67 76769
67 76867
67 76884
67 76934
67 77020
67 77077
67 77090
67 77116
67 77139
67 77265
67 77284
67 77386
67 77401
67 77405
67 77531
67 77596
67 77610
67 77706
67 77958
67 77994
67 78044
67 78174
67 78307
67 78427
67 78485
67 78496
67 78662
67 78680
67 78682
67 78692
67 78881
67 78911
67 78990
67 78993
67 79008
67 79196
67 79327
67 79349
67 79381
67 79481
67 79572
67 79656
67 79725
67 79777
67 79979
67 80096
67 80097
67 80169
67 80245
67 80343
67 80416
67 80473
67 80582
67 80784
67 80808
67 80871
67 81064
67 81075
67 81115
67 81265
67 81538
67 81567
67 81609
67 81657
67 81877
67 81987
67 82104
67 82148
67 82152
67 82168
67 82171
67 82532
67 82635
67 82715
67 82804
67 82811
67 82843
67 82874
67 82941
67 83083
67 83104
67 83106
67 83196
67 83210
67 83213
67 83260
67 83272
67 83275
67 83324
67 83430
67 83431
67 83607
67 83642
67 83944
67 84080
67 84085
67 84302
67 84470
67 84483
67 84720
67 84723
67 84784
67 84796
67 84828
67 84939
67 84978
67 85017
67 85167
67 85349
67 85350
67 85351
67 85406
67 85591
67 85869
67 86012
67 86022
67 86164
67 86166
67 86253
67 86309
67 86336
67 86346
67 86438
67 86469
67 86473
67 86493
67 86573
67 86859
67 86892
67 87004
67 87007
67 87009
67 87096
67 87150
67 87176
67 87227
67 87229
67 87375
67 87378
67 87423
67 87428
67 87524
67 87570
67 87602
67 87649
67 87697
67 87946
67 87989
67 88070
67 88173
67 88340
67 88363
67 88374
67 88379
67 88475
67 88533
67 88634
67 88640
67 88798
67 88821
67 88855
75 65571
75 65584
75 65586
75 65597
75 65639
75 65666
75 65680
75 65714
75 65749
75 65769
75 65792
75 65808
75 65878
75 65952
75 66110
75 66155
75 66193
75 66348
75 66379
75 66437
75 66533
75 66560
75 66580
75 66601
75 66618
75 66628
75 66789
75 66859
75 66965
75 66988
75 67005
75 67008
75 67062
75 67252
75 67337
75 67380
75 67518
75 67601
75 67685
75 67840
75 67893
75 67984
75 68037
75 68049
75 68187
75 68291
75 68353
75 68410
75 68528
75 68585
75 68617
75 68740
75 68936
75 69266
75 69276
75 69322
75 69378
75 69390
75 69587
75 69634
75 69844
75 69846
75 69962
75 69971
75 70006
75 70065
75 70217
75 70273
75 70287
75 70336
75 70412
75 70565
75 70611
75 70809
75 71021
75 71023
75 71024
75 71109
75 71211
75 71281
75 71382
75 71634
75 71684
75 71825
75 71859
75 71966
75 72258
75 72705
75 72878
75 72928
75 73042
75 73048
75 73072
75 73106
75 73124
75 73128
75 73316
75 73324
75 73624
75 73815
75 73817
75 73863
75 74080
75 74112
75 74163
75 74247
75 74288
75 74471
75 74608
75 74666
75 74753
75 74808
75 74846
75 74925
75 75003
75 75216
75 75304
75 75342
75 75566
75 75584
75 75589
75 75628
75 75673
75 75760
75 75870
75 75874
75 76057
75 76059
75 76077
75 76084
75 76185
75 76294
75 76385
75 76440
75 76478
75 76486
75 76642
75 76646
75 76750
75 76773
75 76849
75 76854
75 77124
75 77248
75 77315
75 77523
75 77548
75 77723
75 77754
75 77805
75 77821
75 77975
75 78178
75 78185
75 78419
75 78480
70 38613
70 38723
70 38758
70 38823
70 38907
70 38974
70 38982
70 39015
70 39096
70 39143
70 39274
70 39634
70 39661
70 39713
70 39868
70 39879
70 39881
70 39956
70 39968
70 40022
70 40083
70 40171
70 40245
70 40319
70 40373
70 40379
70 40380
70 40572
70 40759
70 40928
70 41148
70 41211
70 41296
70 41399
70 41548
70 41728
70 41767
70 41818
70 41838
70 42058
70 42077
70 42142
70 42175
70 42211
70 42257
70 42284
70 42629
70 42669
70 42876
70 43052
70 43098
70 43140
70 43216
70 43224
70 43313
70 43351
70 43363
70 43383
70 43396
70 43546
70 43626
70 43692
70 43716
70 43901
70 43911
70 43944
70 43967
70 44008
70 44197
70 44210
70 44215
70 44252
70 44294
70 44655
70 44659
70 44681
70 44698
70 44810
70 44834
70 44857
70 44909
70 44920
70 44934
70 45185
70 45377
70 45383
70 45406
70 45544
70 45813
70 45837
70 45941
70 46084
70 46096
70 46326
70 46383
70 46534
70 46538
70 46575
70 46659
70 46670
70 46728
70 46864
70 46893
70 47096
70 47214
70 47243
70 47430
70 47465
70 47489
70 47651
70 47753
70 47801
70 47842
70 47894
70 48123
70 48137
70 48204
70 48339
70 48581
70 48617
70 48653
70 48730
70 48748
70 48752
70 48906
70 49115
70 49152
70 49283
70 49479
70 49515
70 49692
70 49718
70 49915
70 49932
70 50033
70 50225
70 50353
70 50401
70 50475
70 50542
70 50651
70 50661
70 50874
70 50963
70 50984
70 51025
70 51153
70 51228
70 51530
70 51554
70 51639
70 51810
70 51873
70 51930
70 52005
70 52092
70 52105
70 52145
70 52245
70 52348
70 52352
70 52769
70 52783
70 52810
70 53193
70 53407
70 53412
70 53581
70 53707
70 53735
70 53950
70 53990
70 54033
70 54105
70 54161
70 54294
70 54895
70 55070
70 55073
70 55159
70 55262
70 55359
70 55404
70 55422
70 55470
70 55509
70 55533
70 55621
70 55726
70 55761
70 55797
70 55907
70 55957
70 55970
70 55978
70 56036
70 56340
70 56626
70 56746
70 56758
70 56761
70 56815
70 56849
70 56995
70 57051
70 57057
70 57166
70 57245
70 57259
70 57299
70 57321
70 57353
70 57475
70 57688
70 57732
70 57958
70 58091
70 58110
70 58250
70 58275
70 58501
70 58579
70 58601
70 58620
70 58703
70 58772
70 58806
70 58846
70 58967
70 58999
70 59012
70 59109
70 59140
70 59163
70 59209
70 59216
70 59219
70 59220
70 59242
70 59247
70 59292
70 59309
70 59348
70 59350
70 59357
70 59358
70 59527
70 59583
70 59599
70 59990
70 60294
70 60305
70 60351
70 60390
70 60428
70 60518
70 60799
70 60848
70 61022
70 61059
70 61162
70 61171
70 61280
70 61294
70 61357
70 61409
70 61471
70 61615
70 61696
70 61708
70 61949
70 62233
70 62236
70 62427
70 62505
70 62526
70 62548
70 62569
70 62958
70 62992
70 63029
70 63122
70 63324
70 63360
70 63404
70 63412
70 63413
70 63547
70 63621
70 63876
70 63905
70 63973
70 64107
70 64410
70 64426
70 64478
70 64497
70 64515
70 64574
70 64653
70 64708
70 64711
70 64740
70 64871
70 65383
70 65406
70 65427
70 65498
70 65535
70 65551
70 65661
70 65907
70 66166
70 66178
70 66179
70 66360
70 66401
70 66725
70 66774
70 66810
70 66855
70 66960
70 66968
70 67091
70 67149
70 67160
70 67169
70 67252
70 67256
70 67268
70 67307
70 67393
70 67621
70 67984
70 68046
70 68057
70 68092
70 68391
70 68466
70 68471
70 68500
70 68586
70 68632
70 68874
70 69068
70 69101
70 69385
70 69515
70 69540
70 69611
70 69613
70 69685
70 69797
70 69825
70 69874
70 69942
70 70248
70 70283
70 70360
70 70425
70 70545
70 70603
70 70692
70 70711
70 70813
70 70853
70 70943
70 70965
70 71221
70 71228
70 71571
70 71749
70 71927
70 71979
70 72115
70 72215
70 72392
70 72397
70 72487
70 72652
70 72889
70 73030
70 73117
70 73336
70 73418
70 73496
70 73619
70 73738
70 73975
70 74213
70 74309
70 74340
70 74358
70 74376
70 74387
70 74618
70 74685
70 74839
70 74965
70 75002
70 75031
70 75123
70 75207
70 75227
70 75279
70 75342
70 75363
70 75434
70 75490
70 75530
70 75590
70 75607
70 75639
70 75716
70 75764
70 75846
70 75890
70 75907
70 76036
70 76089
70 76303
70 76364
70 76422
70 76499
70 76677
70 76793
70 76806
70 76815
70 76816
70 77026
67 50896
67 50952
67 51009
67 51105
67 51212
67 51365
67 51486
67 51492
67 51583
67 51669
67 51859
67 51884
67 51942
67 51948
67 51962
67 52011
67 52094
67 52117
67 52142
67 52204
67 52233
67 52704
67 52868
67 52998
67 53056
67 53224
67 53392
67 53404
67 53407
67 53448
67 53539
67 53659
67 53906
67 54024
67 54050
67 54089
67 54192
67 54366
67 54419
67 54475
67 54531
67 54581
67 54673
67 54747
67 54756
67 54773
67 54818
67 54834
67 55067
67 55080
67 55091
67 55222
67 55239
67 55343
67 55438
67 55545
67 55642
67 55669
67 55837
67 55864
67 55887
67 55900
67 55961
67 56115
67 56220
67 56230
67 56235
67 56395
67 56461
67 56470
67 56504
67 56613
67 56622
67 56669
67 56674
67 56700
67 56718
67 56760
67 56840
67 56855
67 56907
67 56940
67 56959
67 57254
67 57262
67 57503
67 57587
67 57772
67 57904
67 57957
67 58149
67 58162
67 58196
67 58235
67 58243
67 58356
67 58495
67 58499
67 58524
67 58532
67 58623
67 58635
67 58732
67 58919
67 58974
67 58982
67 59095
67 59182
67 59270
67 59442
67 59450
67 59532
67 59551
67 59678
67 59762
67 59835
67 59940
67 60018
67 60078
67 60113
67 60128
67 60273
67 60385
67 60418
67 60421
67 60468
67 60717
67 60756
67 60764
67 60819
67 61013
67 61020
67 61055
67 61163
67 61171
67 61397
67 61408
67 61418
67 61533
67 61615
67 61661
67 61769
67 61816
67 61818
67 61893
67 61910
67 62044
67 62082
67 62102
67 62109
67 62116
67 62162
67 62179
67 62220
67 62230
67 62280
67 62286
67 62356
67 62448
67 62531
67 62561
67 62608
67 62690
67 62782
67 62817
67 62929
67 63032
67 63148
67 63254
67 63266
67 63317
67 63420
79 76340
79 76348
79 76411
79 76520
79 76607
79 76795
79 76819
79 76830
79 77131
79 77172
79 77273
79 77377
79 77467
79 77480
79 77545
79 77546
79 77723
79 77784
79 77819
79 77842
79 78047
79 78080
79 78136
79 78158
79 78182
79 78353
79 78362
79 78611
79 78650
79 78720
79 78766
79 78864
79 78877
79 78934
79 79002
79 79091
79 79128
79 79151
79 79158
79 79207
79 79240
79 79353
79 79376
79 79536
79 79622
79 79684
79 79765
79 79801
79 79958
79 80074
79 80137
79 80146
79 80223
79 80272
79 80346
79 80559
79 80754
79 80784
79 80995
79 81044
79 81144
79 81145
79 81197
79 81264
79 81322
79 81341
79 81395
79 81552
79 81571
79 81597
79 81606
79 81752
79 81765
79 81844
79 81856
79 81860
79 81951
79 82163
79 82422
79 82860
79 82940
79 83126
79 83187
79 83203
79 83356
79 83396
79 83484
79 83602
79 83621
79 83814
79 83911
79 84012
79 84118
79 84280
79 84368
79 84409
79 84415
79 84445
79 84464
79 84527
79 84761
79 84766
79 84844
79 84960
79 85358
79 85378
79 85433
79 85507
79 85568
79 85602
79 85820
79 86199
79 86387
79 86476
79 86568
79 86596
79 86632
79 86661
79 86692
79 86715
79 87062
79 87163
79 87188
79 87251
79 87322
79 87359
79 87371
79 87487
79 87693
79 87913
79 87970
79 88039
79 88141
79 88235
79 88268
79 88271
79 88394
79 88412
79 88478
79 88480
79 88709
79 88869
79 88981
67 88942
67 89146
67 89171
67 89294
67 89501
67 89528
67 89540
67 89580
67 89584
67 89615
67 89637
67 89700
67 89716
67 90161
67 90193
67 90308
67 90341
67 90618
67 90654
67 90664
67 90863
67 90917
67 91200
67 91278
67 91552
67 91624
67 91679
67 91804
67 91839
67 91925
67 91935
67 92015
67 92087
67 92220
67 92313
67 92558
67 92715
67 92720
67 92958
67 93023
67 93106
67 93109
67 93161
67 93165
67 93181
67 93215
67 93223
67 93386
67 93421
67 93442
67 93453
67 93500
67 93615
67 93655
67 93658
67 93677
67 93695
67 93747
67 93774
67 94016
67 94031
67 94064
67 94129
67 94169
67 94178
67 94308
67 94316
67 94393
67 94466
67 94474
67 94489
67 94615
67 94936
67 94975
67 95214
67 95347
67 95594
67 95652
67 95747
67 95776
67 95820
67 95917
67 95951
67 95952
67 96283
67 96388
67 96482
67 96501
67 96649
67 96775
67 96789
67 97005
67 97128
67 97298
67 97348
67 97594
67 97776
67 97798
67 98166
67 98294
67 98403
67 98534
67 98577
67 98581
67 98632
67 98681
67 98684
67 98716
67 99243
67 99260
67 99263
67 99359
67 25431
67 25580
67 25601
67 25640
67 25691
67 25784
67 25787
67 26036
67 26044
67 26068
67 26131
67 26394
67 26400
67 26427
67 26608
67 26651
67 26720
67 26826
67 26832
67 26846
67 26851
67 26872
67 26985
67 26992
67 27104
67 27108
67 27145
67 27184
67 27217
67 27245
67 27361
67 27368
67 27442
67 27449
67 27650
67 27731
67 27760
67 27819
67 27844
67 27907
67 28024
67 28074
67 28331
67 28488
67 28576
67 28640
67 28700
67 28857
67 28973
67 28991
67 28997
67 29101
67 29432
67 29444
67 29513
67 29582
67 29625
67 29632
67 29723
67 29794
67 29882
67 30017
67 30173
67 30340
67 30413
67 30519
67 30536
67 30737
67 30979
67 31083
67 31101
67 31142
67 31184
67 31223
67 31308
67 31446
67 31487
67 31617
67 31666
67 31845
67 31856
67 31975
67 32043
67 32056
67 32102
67 32130
67 32239
67 32240
67 32282
67 32360
67 32361
67 32619
67 32676
67 32706
67 32738
67 32739
67 32768
67 32773
67 32796
67 32880
67 32939
67 33081
67 33160
67 33179
67 33181
67 33234
67 33346
67 33372
67 33426
67 33652
67 33718
67 33829
67 33969
67 34124
67 34243
67 34255
67 34332
67 34399
67 34453
67 34572
67 34640
67 34860
67 34984
67 34995
67 35018
67 35037
67 35094
67 35100
67 35107
67 35220
67 35257
67 35291
67 35362
67 35630
67 35637
67 35643
67 35715
67 35780
67 35803
67 35813
67 35834
67 35919
67 35985
67 35998
67 36045
67 36135
67 36148
67 36189
67 36211
67 36230
67 36295
67 36347
67 36645
67 36657
67 36811
67 36812
67 37090
67 37148
67 37213
67 37332
67 37465
67 37573
67 37653
67 37671
67 37755
67 37787
67 37859
67 37965
67 38067
67 38132
67 38232
67 38260
67 38339
67 38426
67 38507
67 38546
67 38576
67 38718
67 38766
67 38896
67 38918
67 39110
67 39281
67 39528
67 39542
67 39589
67 39639
67 39765
67 39773
67 39781
67 39881
67 39887
67 39916
67 39983
67 39990
67 40332
67 40700
67 40800
67 40894
67 40975
67 41346
67 41548
67 41704
67 41851
67 41900
67 42017
67 42024
67 42095
67 42144
67 42195
67 42240
67 42382
67 42512
67 42572
67 42589
67 42722
67 42973
67 42977
67 43140
67 43173
67 43248
67 43264
67 43329
67 43411
67 43464
67 43718
67 43764
67 43839
67 43912
67 43935
67 44275
67 44317
67 44417
67 44437
67 44473
67 44502
67 44528
67 44558
67 44641
67 44643
67 44694
67 44707
67 44780
67 44856
67 44860
67 44920
67 44991
67 45044
67 45055
67 45088
67 45523
67 45594
67 45707
67 45732
67 45782
67 45829
67 45876
67 45915
67 45959
67 45998
67 46169
67 46177
67 46211
67 46245
67 46250
67 46313
67 46329
67 46433
67 46471
67 46490
67 46494
67 46722
67 46737
67 47232
67 47291
67 47459
67 47586
67 47648
67 47709
67 47778
67 47914
67 48071
67 48212
67 48252
67 48393
67 48411
67 48477
67 48645
67 48648
67 48704
67 48836
67 48877
67 48933
67 48945
67 48953
67 48956
67 49016
67 49054
67 49075
67 49131
67 49221
67 49247
67 49321
67 49337
67 49343
67 49588
67 50181
67 50188
67 50242
67 50295
67 50304
67 50341
67 50391
67 50679
67 50747
73 78233
73 78372
73 78479
73 78529
73 78571
73 78650
73 78686
73 78745
73 78822
73 78856
73 78884
73 79009
73 79027
73 79137
73 79159
73 79410
73 79468
73 79488
73 79767
73 79909
73 79913
73 79924
73 80258
73 80313
73 80500
73 80540
73 80581
73 80702
73 80929
73 80962
73 81078
73 81344
73 81391
73 81553
73 81589
73 81631
73 81779
73 81916
73 82172
73 82175
73 82232
73 82371
73 82381
73 82417
73 82606
73 82721
73 82808
73 82833
73 83002
73 83131
73 83148
73 83166
73 83228
73 83408
73 83433
73 83481
73 83970
73 84244
73 84276
73 84352
73 84377
73 84463
73 84482
73 84544
73 84653
73 84692
73 84832
73 84880
73 84886
73 84888
73 84932
73 85216
73 85276
73 85397
73 85420
73 85520
73 85714
73 85719
73 85807
73 85822
73 85864
73 85927
73 85946
73 86098
73 86640
73 86992
73 86995
73 87023
73 87305
73 87323
73 87399
73 87507
73 87532
73 87553
73 87593
73 87609
73 87644
73 87682
73 87740
73 87851
73 87867
73 87883
73 87900
73 88157
73 88328
73 88421
73 88488
73 88558
73 88576
73 88630
73 88648
73 88667
73 88724
73 88765
73 88850
73 88977
73 89259
73 89262
73 89340
73 89382
73 89449
73 89543
73 89632
73 89652
73 89699
73 89905
73 90218
73 90237
73 90246
73 90352
73 90398
73 90881
73 90907
73 90977
73 91112
73 91128
70 180061
70 180097
70 180146
70 180176
70 180202
70 180429
70 180463
70 180492
70 180597
70 180600
70 180640
70 180783
70 180834
70 180863
70 180867
70 181174
70 181205
70 181231
70 181301
70 181324
70 181499
70 181530
70 181535
70 181543
70 181610
70 181647
70 181667
70 181707
70 181709
70 181718
70 181731
70 182117
70 182176
70 182184
70 182232
70 182251
70 182443
70 182515
70 182546
70 182631
70 182948
70 183237
70 183301
70 183309
70 183319
70 183342
70 183436
70 183607
70 183629
70 183636
70 183645
70 183648
70 183750
70 183842
70 183991
70 184078
70 184121
70 184226
70 184240
70 184281
70 184364
70 184586
70 184601
70 184611
70 184621
70 184817
70 184971
70 185028
70 185043
70 185051
70 185229
70 185347
70 185386
70 185472
70 185507
70 185559
70 185615
70 185657
70 185945
70 186012
70 186069
70 186200
70 186550
70 186595
70 186679
70 186849
70 186863
70 186893
70 187068
70 187214
70 187254
70 187271
70 187292
70 187383
70 187432
70 187679
70 187740
70 187799
70 187980
70 187998
70 188154
70 188275
70 188315
70 188431
70 188768
70 188779
70 188934
70 188952
70 188999
70 189024
70 189062
70 189098
70 189114
70 189161
70 189182
70 189280
70 189344
70 189660
70 189718
70 189720
70 189871
70 189895
70 189925
70 189942
70 190008
70 190078
70 190158
70 190209
70 190254
70 190572
70 190754
70 190924
70 190947
70 190948
70 190966
70 190984
70 191200
70 191259
70 191391
70 191506
70 191563
70 191623
70 191851
70 191930
70 192089
70 192113
70 192331
70 192420
70 192502
70 192521
70 192795
70 192906
70 193113
70 193213
70 193296
70 193384
70 193458
70 193779
70 193822
70 193825
70 193867
70 193979
70 193992
70 194099
70 194126
70 194299
70 194598
70 194777
70 195300
70 195531
70 195568
70 195591
70 195824
70 195935
70 196052
70 196079
70 196122
70 196299
70 196354
70 196686
70 196699
70 196772
70 196823
70 196860
70 196968
70 197034
70 197046
70 197357
70 197384
70 197424
70 197514
70 197630
70 197662
70 197805
70 197816
70 197963
70 198013
70 198110
70 198215
70 198399
70 198449
70 198534
70 198576
70 198578
70 198602
70 198691
70 198738
70 198851
70 198864
70 198876
70 198899
70 199025
70 199054
70 199176
70 199635
70 199674
70 199704
70 199753
70 199825
70 199843
70 199871
70 200013
70 200072
70 200122
70 200244
70 200401
70 200485
70 200519
70 200654
70 201099
70 201126
70 201266
70 201431
70 201450
70 201628
70 201675
70 201859
70 201944
70 201954
70 201996
70 202003
70 202033
70 202042
70 202080
70 202136
70 202280
70 202398
70 202536
70 202569
70 202680
70 202790
70 202825
70 203327
70 203335
70 203392
70 203401
70 203597
70 203640
70 203686
70 203765
70 203885
70 203910
70 203930
70 204035
70 204575
70 204823
70 204848
70 204866
70 204937
70 204946
70 204955
70 205076
70 205235
70 205361
70 205408
70 205441
70 205473
70 205498
70 205633
70 205635
70 205659
75 78573
75 78743
75 78785
75 78814
75 78836
75 78915
75 79080
75 79090
75 79122
75 79276
75 79402
75 79463
75 79602
75 79721
75 79788
75 79956
75 80128
75 80197
75 80451
75 80665
75 80667
75 80798
75 80898
75 80924
75 80976
75 81001
75 81190
75 81192
75 81214
75 81250
75 81279
75 81336
75 81596
75 81602
75 81653
75 81692
75 81830
75 82147
75 82194
75 82212
75 82229
75 82331
75 82432
75 82502
75 82651
75 82786
75 82900
75 83163
75 83277
75 83515
75 83525
75 83529
75 83548
75 83610
75 83667
75 83721
75 83868
75 84005
75 84301
75 84551
75 84659
75 84838
75 85125
75 85184
75 85272
75 85420
75 85424
75 85434
75 85473
75 85500
75 86218
75 86265
75 86504
75 86540
75 86548
75 86570
75 86848
75 86906
75 86948
75 87016
75 87021
75 87162
75 87405
75 87481
75 87607
75 87650
75 87653
75 87683
75 87791
75 87870
75 87962
75 88028
75 88168
75 88396
75 88419
75 88458
75 88515
75 88667
75 88674
75 88683
75 88783
75 88867
75 88935
75 88966
75 88997
75 89031
75 89342
75 89455
75 89526
75 89532
75 89540
75 89707
75 89735
75 89858
75 89880
75 90023
75 90353
75 90417
75 90439
75 90774
75 90808
75 90851
75 90976
75 91089
75 91117
75 91316
75 91397
75 91438
75 91496
75 91530
75 91548
67 63592
67 63667
67 63848
67 63869
67 64049
67 64087
67 64104
67 64155
67 64160
67 64237
67 64296
67 64659
67 64666
67 64667
67 64838
67 64847
67 64869
67 65461
67 65601
67 65614
67 65656
67 65699
67 65789
67 65839
67 65924
67 65937
67 65960
67 66010
67 66013
67 66026
67 66223
67 66318
67 66348
67 66575
67 66647
67 66702
67 66770
67 66819
67 66919
67 66956
67 67154
67 67212
67 67249
67 67465
67 67475
67 67560
67 67581
67 67593
67 67597
67 67619
67 67657
67 67728
67 67732
67 67771
67 67797
67 67950
67 68012
67 68177
67 68279
67 68417
67 68680
67 68692
67 68719
67 68753
67 68802
67 68836
67 68840
67 69046
67 69112
67 69366
67 69381
67 69390
67 69396
67 69546
67 69616
67 69644
67 69707
67 69742
67 69789
67 69889
67 69915
67 69944
67 69976
67 70028
67 70068
67 70111
67 70282
67 70327
67 70338
67 70513
67 70565
67 70627
67 70750
67 70782
67 70837
67 70876
67 71009
67 71079
67 71132
67 71192
67 71204
67 71412
67 71458
67 71599
67 71603
67 71633
67 71753
67 71760
67 71892
67 72144
67 72179
67 72290
67 72305
67 72614
67 72659
67 72668
67 72672
67 72724
67 72769
67 72778
67 72922
67 72964
67 73036
67 73192
67 73224
67 73287
67 73314
67 73333
67 73421
67 73441
67 73575
67 73588
67 73691
67 73696
67 73711
67 73730
67 73780
67 73790
67 73871
67 74006
67 74160
67 74175
67 74180
67 74377
67 74565
67 74597
67 74826
67 74946
67 74955
67 75123
67 75311
67 75312
67 75502
67 75521
67 75564
67 75652
67 75748
67 75763
67 75828
67 76043
79 89135
79 89157
79 89176
79 89204
79 89273
79 89359
79 89391
79 89435
79 89471
79 89512
79 89534
79 89639
79 89665
79 89703
79 89742
79 89756
79 89777
79 89926
79 90030
79 90152
79 90341
79 90364
79 90413
79 90422
79 90443
79 90476
79 90510
79 90518
79 90538
79 90720
79 90723
79 90743
79 90751
79 90770
79 90853
79 91048
79 91086
79 91179
79 91226
79 91282
79 91377
79 91396
79 91402
79 91419
79 91473
79 91599
79 91611
79 91821
79 91844
79 91856
79 91869
79 91918
79 91924
79 91966
79 92083
79 92100
79 92400
79 92483
79 92559
79 92564
79 92634
79 92773
79 92793
79 92834
79 92902
79 92928
79 93070
79 93274
79 93316
79 93382
79 93450
79 93748
79 93760
79 93813
79 93889
79 93977
79 94189
79 94217
79 94323
79 94329
79 94567
79 94614
79 94653
79 94763
79 94876
79 94914
79 94938
79 94960
79 95036
79 95141
79 95270
79 95413
79 95504
79 95522
79 95604
79 95622
79 95658
79 96005
79 96027
79 96141
79 96178
79 96201
79 96207
79 96285
79 96309
79 96391
79 96446
79 96455
79 96496
79 96514
79 96557
79 96559
79 96669
79 96863
79 96900
79 96986
79 97212
79 97323
79 97509
79 97522
79 97595
79 97656
79 97684
79 97784
79 97945
79 98017
79 98084
79 98181
79 98229
79 98342
79 98371
79 98430
79 98501
79 98896
79 98956
79 98981
79 99159
79 99203
79 99244
79 99668
79 99719
79 99934
79 99972
79 100135
79 100249
79 100298
79 100752
79 100801
79 100839
79 100846
79 100910
79 100940
79 100968
79 101036
79 101105
79 101175
79 101317
79 101400
79 101469
79 101472
79 101560
79 101633
79 101638
79 101649
69 77038
69 77066
69 77274
69 77425
69 77463
69 77756
69 77874
69 77879
69 77904
69 78002
69 78060
69 78444
69 78548
69 78587
69 78599
69 78653
69 78691
69 78694
69 78761
69 78781
69 78812
69 78885
69 78897
69 78982
69 79017
69 79108
69 79427
69 79641
69 79996
69 80019
69 80317
69 80399
69 80443
69 80490
69 80522
69 80552
69 80587
69 80838
69 80986
69 81009
69 81029
69 81128
69 81520
69 81690
69 81706
69 81877
69 82051
69 82191
69 82234
69 82285
69 82311
69 82692
69 82702
69 83423
69 83581
69 83638
69 83940
69 84132
69 84238
69 84267
69 84298
69 84453
69 84527
69 84784
69 84873
69 85082
69 85412
69 85522
69 85596
69 85997
69 86007
69 86019
69 86186
69 86192
69 86217
69 86390
69 86422
69 86488
69 86495
69 86596
69 86738
69 86854
69 86945
69 87081
69 87083
69 87215
69 87573
69 87577
69 87610
69 87684
69 88045
69 88206
69 88378
69 88401
69 88404
69 88555
69 88569
69 88601
69 88689
69 88821
69 88889
69 88939
69 89020
69 89126
69 89143
69 89169
69 89173
69 89219
69 89534
69 89668
69 89755
69 89831
69 89901
69 90063
69 90327
69 90403
69 90728
69 90842
69 90869
69 90904
69 90909
69 90995
69 91210
69 91238
69 91318
69 91582
69 91658
69 91768
69 91875
69 91983
69 91998
69 92169
69 92180
69 92366
69 92503
69 92572
69 92780
69 92978
69 93073
69 93105
69 93215
69 93284
69 93383
69 93391
69 93463
69 93474
69 93508
69 93566
69 93640
69 93943
69 94030
69 94032
69 94099
69 94138
69 94170
69 94234
69 94253
69 94380
69 94392
69 94475
69 94530
69 94578
69 94652
69 94745
69 94756
69 94759
69 94838
69 94920
69 95164
69 95247
69 95369
69 95671
69 95843
69 95874
69 95917
69 95977
69 96112
69 96266
69 96276
69 96392
69 96499
69 96538
69 96567
69 96713
69 96894
69 97364
69 97532
69 97758
69 97947
69 98057
69 98174
69 98216
69 98310
69 98366
69 98392
69 98420
69 98429
69 98514
69 98530
69 98653
69 98765
69 99036
69 99198
69 99215
69 99509
69 99524
69 99647
69 99750
69 99788
69 99820
69 99830
69 100003
69 100084
69 100095
69 100208
69 100243
69 100275
69 100362
69 100492
69 100553
69 100635
69 100638
69 100662
69 100750
69 100777
69 100798
69 101093
69 101105
69 101109
69 101122
69 101180
69 101290
69 101444
69 101559
69 101691
69 101745
69 102078
69 102240
69 102422
69 102439
69 102443
69 102608
70 154315
70 154356
70 154374
70 154567
70 154597
70 154637
70 154730
70 154841
70 155027
70 155109
70 155242
70 155296
70 155404
70 155409
70 155431
70 155475
70 155570
70 155579
70 155661
70 155712
70 155816
70 155971
70 156003
70 156108
70 156126
70 156389
70 156492
70 156508
70 156635
70 156643
70 156698
70 156713
70 156725
70 156853
70 156964
70 157072
70 157114
70 157121
70 157624
70 157796
70 157982
70 158004
70 158215
70 158229
70 158261
70 158270
70 158446
70 158567
70 158568
70 158878
70 158916
70 158938
70 158947
70 158978
70 158980
70 158982
70 159007
70 159313
70 159330
70 159493
70 159769
70 159990
70 160007
70 160329
70 160472
70 160514
70 160663
70 160836
70 161114
70 161118
70 161291
70 161475
70 161603
70 161707
70 161746
70 161806
70 161811
70 161887
70 161900
70 161916
70 161957
70 162130
70 162155
70 162189
70 162195
70 162373
70 162424
70 162453
70 162521
70 162560
70 162644
70 162711
70 162728
70 162812
70 162819
70 162970
70 162997
70 163067
70 163087
70 163247
70 163315
70 163335
70 163659
70 164053
70 164213
70 164552
70 164586
70 164753
70 164813
70 164824
70 164919
70 164986
70 164989
70 165477
70 165620
70 165672
70 165774
70 165844
70 165868
70 165883
70 165962
70 165982
70 166301
70 166473
70 166573
70 166662
70 166687
70 166852
70 166892
70 166944
70 167178
70 167212
70 167409
70 167462
70 167743
70 167784
70 167805
70 167930
70 167984
70 168190
70 168389
70 168456
70 168508
70 168518
70 168541
70 168550
70 168690
70 168803
70 168887
70 168962
70 169015
70 169171
70 169254
70 169388
70 169419
70 169479
70 169523
70 169590
70 169600
70 169778
70 169838
70 170017
70 170075
70 170288
70 170295
70 170361
70 170396
70 171023
70 171251
70 171260
70 171615
70 171661
70 171826
70 172304
70 172398
70 172422
70 172519
70 172810
70 172979
70 173129
70 173172
70 173186
70 173367
70 173371
70 173942
70 174125
70 174307
70 174556
70 174610
70 174652
70 174944
70 174977
70 175063
70 175140
70 175153
70 175256
70 175763
70 175774
70 175778
70 175854
70 175987
70 176082
70 176160
70 176304
70 176311
70 176537
70 176606
70 176696
70 176821
70 176837
70 176889
70 177601
70 177617
70 177847
70 177946
70 178113
70 178163
70 178368
70 178387
70 178467
70 178611
70 178633
70 178715
70 178798
70 178814
70 178984
70 179019
70 179102
70 179169
70 179190
70 179256
70 179271
70 179326
70 179389
70 179438
70 179462
70 179547
70 179606
70 179735
70 179820
70 179857
70 205786
70 205825
70 205863
70 206029
70 206143
70 206238
70 206328
70 206407
70 206528
70 206578
70 206587
70 206605
70 206761
70 206934
70 206945
70 207064
70 207192
70 207195
70 207259
70 207428
70 207620
70 207771
70 207814
70 207883
70 207949
70 207991
70 208184
70 208251
70 208274
70 208311
70 208558
70 208716
70 208728
70 208806
70 208856
70 208888
70 208987
70 209008
70 209150
70 209169
70 209179
70 209212
70 209315
70 209356
70 209978
70 210021
70 210146
70 210308
70 210509
70 210586
70 210691
70 210784
70 210849
70 210976
70 210993
70 211052
70 211089
70 211103
70 211315
70 211494
70 211575
70 211671
70 211706
70 211717
70 211752
70 211824
70 212096
70 212281
70 212373
70 212548
70 212603
70 212605
70 212610
70 212787
70 212862
70 213009
70 213241
70 213296
70 213324
70 213359
70 213394
70 213398
70 213488
70 213570
70 213765
70 213830
70 213943
70 214136
70 214456
70 214489
70 214569
70 214754
70 215143
70 215720
70 215779
70 215820
70 216017
70 216171
70 216328
70 216450
70 216469
70 216541
70 216572
70 216632
70 216715
70 216734
70 217030
70 217061
70 217113
70 217123
70 217229
70 217328
70 217329
70 217347
70 217442
70 217602
70 217757
70 217782
70 217800
70 218018
70 218027
70 218070
70 218076
70 218138
70 218142
70 218201
70 218309
70 218388
70 218455
70 218545
70 218548
70 218693
70 218838
70 218848
70 218862
70 218885
70 218907
70 218970
70 219026
70 219148
70 219373
70 219391
70 219429
70 219474
70 219774
70 219837
70 220001
70 220182
70 220271
70 220363
70 220573
70 220621
70 220763
70 220810
70 220852
70 220919
70 220963
70 220980
70 221039
70 221098
70 221252
70 221284
70 221352
70 221667
70 221756
70 221811
70 221997
70 222184
70 222233
70 222310
70 222349
70 222449
70 222509
70 222556
70 222621
70 222629
70 222716
70 222887
70 222997
70 223048
70 223261
70 223439
70 223688
70 223722
70 223742
70 223938
70 224061
70 224090
70 224274
70 224314
70 224426
70 224484
70 224739
70 224889
70 225130
70 225142
70 225153
70 225155
70 225210
70 225516
70 225641
70 225804
70 225805
70 225923
70 226112
70 226163
70 226267
70 226341
70 226508
70 226513
70 226611
73 91265
73 91489
73 91534
73 91606
73 91641
73 91646
73 91651
73 91803
73 91806
73 91844
73 91882
73 91981
73 92068
73 92397
73 92450
73 92509
73 92694
73 92732
73 92923
73 92957
73 93001
73 93074
73 93142
73 93202
73 93230
73 93359
73 93462
73 93489
73 93573
73 93618
73 93663
73 93885
73 93979
73 94003
73 94010
73 94110
73 94162
73 94172
73 94383
73 94506
73 94602
73 94636
73 94797
73 94828
73 94830
73 94874
73 94972
73 95142
73 95226
73 95337
73 95345
73 95386
73 95517
73 95701
73 95891
73 95941
73 95967
73 96071
73 96302
73 96456
73 96476
73 96658
73 96694
73 96809
73 96877
73 96912
73 96945
73 96979
73 97086
73 97277
73 97309
73 97343
73 97396
73 97580
73 97669
73 97735
73 97751
73 97786
73 97867
73 98036
73 98121
73 98705
73 98766
73 98957
73 99173
73 99222
73 99234
73 99239
73 99247
73 99256
73 99298
73 99521
73 99528
73 99561
73 99705
73 99879
73 99900
73 100045
73 100081
73 100449
73 100772
73 100900
73 101064
73 101211
73 101252
73 101309
73 101353
73 101410
73 101505
73 101513
73 101516
73 101868
73 101940
73 102019
73 102057
73 102104
73 102131
73 102143
73 102228
73 102327
73 102357
73 102421
73 102460
73 102852
73 102935
73 102988
73 103087
73 103336
73 103350
73 103438
73 103480
73 103629
73 103645
73 103703
73 103813
73 103954
73 103966
73 103971
73 103995
73 104032
70 102926
70 102930
70 102983
70 102986
70 103270
70 103309
70 103597
70 103621
70 103664
70 103676
70 103822
70 103853
70 103867
70 104064
70 104220
70 104291
70 104327
70 104389
70 104474
70 104576
70 104663
70 104856
70 104922
70 105004
70 105069
70 105179
70 105256
70 105274
70 105275
70 105323
70 105506
70 105721
70 105799
70 105803
70 105811
70 105846
70 105881
70 106131
70 106187
70 106200
70 106392
70 106423
70 106499
70 106529
70 106562
70 106660
70 106661
70 106704
70 106710
70 107108
70 107121
70 107134
70 107250
70 107304
70 107368
70 107419
70 107552
70 107578
70 107610
70 107776
70 107856
70 108019
70 108085
70 108166
70 108352
70 108688
70 108766
70 108801
70 108943
70 109006
70 109214
70 109218
70 109226
70 109257
70 109274
70 109347
70 109440
70 109553
70 109801
70 109903
70 109945
70 109954
70 110042
70 110086
70 110130
70 110131
70 110159
70 110171
70 110222
70 110255
70 110323
70 110478
70 110486
70 110546
70 110708
70 110811
70 110926
70 110964
70 110976
70 111031
70 111274
70 111277
70 111330
70 111443
70 111446
70 111540
70 111693
70 111746
70 111908
70 112050
70 112118
70 112188
70 112202
70 112295
70 112340
70 112398
70 112470
70 112612
70 112650
70 112723
70 112811
70 112820
70 112948
70 113091
70 113103
70 113160
70 113163
70 113247
70 113507
70 113511
70 113558
70 113613
70 113679
70 113909
70 113941
70 114011
70 114042
70 114049
70 114176
70 114229
70 114247
70 114346
70 114392
70 114517
70 114576
70 114622
70 114710
70 114750
70 114784
70 114809
70 114831
70 114838
70 114908
70 115054
70 115153
70 115162
70 115193
70 115238
70 115289
70 115399
70 115425
70 115452
70 115503
70 115542
70 115560
70 115776
70 115781
70 115961
70 115998
70 116019
70 116182
70 116186
70 116190
70 116377
70 116491
70 116566
70 116670
70 116728
70 116926
70 117050
70 117238
70 117894
70 117947
70 117987
70 118000
70 118047
70 118090
70 118104
70 118132
70 118145
70 118301
70 118354
70 118357
70 118385
70 118402
70 118442
70 118490
70 118539
70 118615
70 118673
70 118732
70 118867
70 119387
70 119491
70 119516
70 119536
70 119754
70 120035
70 120047
70 120110
70 120152
70 120246
70 120321
70 120384
70 120490
70 120495
70 120531
70 120539
70 120652
70 120718
70 120736
70 120821
70 120891
70 120935
70 121135
70 121169
70 121396
70 121664
70 121800
70 121801
70 121927
70 122234
70 122337
70 122386
70 122431
70 122451
70 122501
70 122518
70 122529
70 122647
70 122816
70 122866
70 122925
70 123027
70 123041
70 123136
70 123222
70 123383
70 123568
70 123646
70 123719
70 123846
70 123917
70 123940
70 123988
70 124035
70 124058
70 124130
70 124253
70 124268
70 124410
70 124450
70 124527
70 124539
70 124618
70 124655
70 124775
70 124870
70 124971
70 125171
70 125228
70 125407
70 125450
70 125480
70 125502
70 125533
70 125649
70 125690
70 125713
70 125726
70 125999
70 126228
70 126316
70 126424
70 126537
70 126554
70 127062
70 127089
70 127094
70 127208
70 127227
70 127236
70 127425
70 127721
70 127942
70 128194
70 128238
70 128307
70 128318
70 128351
70 128458
75 91797
75 91979
75 92080
75 92101
75 92486
75 92536
75 92825
75 92845
75 93008
75 93017
75 93033
75 93065
75 93073
75 93338
75 93490
75 93570
75 93770
75 94022
75 94084
75 94744
75 94884
75 94913
75 94921
75 95128
75 95165
75 95195
75 95200
75 95285
75 95301
75 95443
75 95535
75 95562
75 95734
75 95759
75 96072
75 96094
75 96290
75 96373
75 96586
75 96846
75 96903
75 97076
75 97087
75 97522
75 97525
75 97729
75 97756
75 97783
75 97795
75 97819
75 97868
75 97883
75 97961
75 98013
75 98015
75 98108
75 98186
75 98229
75 98261
75 98301
75 98325
75 98538
75 98618
75 98837
75 98842
75 98977
75 99094
75 99301
75 99328
75 99357
75 99651
75 99671
75 99722
75 99779
75 99807
75 99857
75 99881
75 100033
75 100038
75 100049
75 100250
75 100295
75 100338
75 100447
75 100529
75 100555
75 100563
75 100682
75 100853
75 100931
75 100956
75 101013
75 101149
75 101174
75 101188
75 101389
75 101489
75 101574
75 101614
75 101618
75 101619
75 101776
75 101796
75 102168
75 102170
75 102205
75 102206
75 102216
75 102250
75 102484
75 102515
75 102646
75 102650
75 102670
75 102778
75 103019
75 103049
75 103052
75 103143
75 103181
75 103211
75 103374
75 103445
75 103603
75 103654
75 103658
75 103867
75 103898
75 104033
75 104084
75 104412
75 104435
75 104438
79 101759
79 101906
79 102183
79 102269
79 102287
79 102299
79 102888
79 102893
79 103033
79 103153
79 103164
79 103175
79 103283
79 103301
79 103358
79 103422
79 103488
79 103489
79 103505
79 103629
79 103713
79 103992
79 104064
79 104193
79 104208
79 104265
79 104267
79 104334
79 104382
79 104752
79 104784
79 104792
79 104882
79 104985
79 105211
79 105278
79 105294
79 105309
79 105371
79 105437
79 105546
79 105734
79 106308
79 106393
79 106532
79 106627
79 106646
79 106686
79 106728
79 107147
79 107233
79 107259
79 107469
79 107560
79 107741
79 107757
79 107812
79 107882
79 108024
79 108166
79 108401
79 108477
79 108483
79 108586
79 108664
79 108683
79 108776
79 108815
79 108863
79 108918
79 108943
79 108965
79 109213
79 109414
79 109634
79 109934
79 110000
79 110020
79 110219
79 110364
79 110373
79 110477
79 110694
79 110901
79 110922
79 111051
79 111102
79 111270
79 111354
79 111397
79 111543
79 111552
81 309
81 555
81 633
81 693
81 750
81 766
81 769
81 872
81 903
81 1216
81 1539
81 1673
81 1757
81 1812
81 1874
81 1923
81 2014
81 2592
81 2653
81 2669
81 2740
81 2842
81 2934
81 2974
81 3096
81 3199
81 3709
81 3761
81 3985
81 4013
81 4108
81 4162
81 4374
81 4423
81 4460
81 4559
81 4731
81 4879
81 4911
81 4990
81 5008
81 5141
81 5337
81 5727
81 5736
81 5738
81 5760
81 5770
81 5782
81 5801
81 5855
81 5880
81 6146
81 6325
81 6429
81 6516
81 6563
81 6598
81 6688
81 6748
81 6821
81 6910
81 6941
81 7102
81 7195
81 7369
81 7503
81 7571
81 7577
81 7623
81 7685
81 7748
81 7766
81 7772
81 7813
81 7927
81 7959
81 8022
81 8053
81 8118
81 8183
81 8265
81 8324
81 8438
81 8477
81 8524
81 8613
81 8630
81 8727
81 8772
81 9077
81 9242
81 9257
81 9287
81 9343
81 9462
81 9536
81 9738
81 9774
81 9824
81 9858
81 9882
81 9929
81 9978
81 10069
81 10075
81 10121
81 10141
81 10180
81 10304
81 10306
81 10373
81 10399
81 10477
81 10689
81 10742
81 10821
81 10857
81 10865
81 11029
81 11122
81 11130
81 11215
81 11287
81 11295
81 11369
81 11399
81 11451
81 11523
81 11565
81 11585
81 11656
81 11659
81 11700
81 11713
81 11717
81 11758
81 11778
81 11848
81 11931
81 11934
81 12026
81 12051
81 12106
81 12150
81 12188
81 12192
81 12210
81 12315
81 12414
81 12466
81 12479
81 12525
81 12684
72 78070
72 78180
72 78250
72 78304
72 78325
72 78334
72 78369
72 78387
72 78412
72 78653
72 78693
72 78751
72 78788
72 78833
72 78866
72 79001
72 79003
72 79053
72 79074
72 79100
72 79314
72 79336
72 79406
72 79773
72 79893
72 79913
72 79937
72 80017
72 80052
72 80246
72 80303
72 80636
72 80658
72 80681
72 80883
72 80904
72 81254
72 81470
72 81472
72 81689
72 81895
72 81899
72 82099
72 82108
72 82116
72 82209
72 82293
72 82374
72 82437
72 82521
72 82535
72 82656
72 82723
72 82891
72 82930
72 82957
72 83112
72 83146
72 83162
72 83468
72 83530
72 83598
72 83637
72 83673
72 83706
72 83803
72 84097
72 84393
72 84453
72 84645
72 84653
72 84767
72 85075
72 85098
72 85144
72 85252
72 85272
72 85280
72 85426
72 85615
72 85749
72 85911
72 85916
72 86079
72 86311
72 86370
72 86504
72 86538
72 86677
72 86734
72 86857
72 87203
72 87211
72 87246
72 87279
72 87335
72 87567
72 87605
72 87632
72 88186
72 88190
72 88477
72 88517
72 88568
72 88679
72 88710
72 88751
72 88823
72 88851
72 88859
72 88867
72 88884
72 88945
72 89312
72 89320
72 89502
72 89514
72 89682
72 89976
72 90007
72 90037
72 90041
72 90158
72 90198
72 90199
72 90219
72 90252
72 90265
72 90281
72 90307
72 90362
72 90492
72 90497
72 90513
72 90514
72 90615
72 90663
72 90745
72 90845
72 90956
72 90979
72 91091
72 91171
72 91279
72 91313
72 91455
72 91504
72 91528
72 91566
72 91625
72 91654
72 91681
72 91775
72 91806
72 91886
72 91957
72 91963
72 92051
72 92197
72 92213
72 92353
72 92420
72 92421
72 92506
72 92581
72 92652
72 92906
72 93079
72 93170
72 93343
72 93507
72 93527
72 93566
72 93593
72 93662
72 93929
72 93958
72 93963
72 94027
72 94034
72 94036
72 94047
72 94116
72 94486
72 94534
72 94799
72 94841
72 94844
72 94855
72 95495
72 95543
72 95566
72 95641
72 96153
72 96161
72 96342
72 96387
72 96629
72 96726
72 96942
72 97202
72 97268
72 97273
72 97298
72 97418
72 97544
72 97593
72 97594
72 97618
72 97653
72 97657
72 97670
72 97704
72 97835
72 97870
72 98011
72 98040
72 98320
72 98373
72 98538
72 98541
72 98715
72 98719
72 98976
72 98983
72 98991
72 99059
72 99145
72 99209
72 99257
72 99276
72 99277
72 99333
72 99503
72 99602
72 99697
72 99707
72 99911
72 100004
72 100119
72 100165
72 100191
72 100343
72 100551
72 100580
72 100887
72 100909
72 101053
72 101057
72 101071
72 101133
72 101146
72 101388
72 101643
72 101713
72 101722
72 101765
72 101879
72 101920
72 102039
72 102113
72 102176
72 102761
72 102926
72 102974
72 103065
72 103263
72 103268
72 103315
72 103547
72 103658
72 103674
72 103679
72 103739
72 103754
72 103768
72 103813
72 103940
72 103974
72 104037
72 104166
72 104286
72 104740
72 104759
72 104853
72 104941
72 104982
72 105095
72 105185
72 105283
72 105355
72 105485
72 105588
72 105607
72 105622
72 105635
72 105655
72 105731
72 105755
72 105764
72 106032
72 106068
72 106293
72 106445
72 106570
72 106701
72 106778
72 106788
72 106955
72 107080
72 107147
72 107155
72 107432
72 107519
72 107550
72 107623
72 107628
72 107820
72 107841
72 107873
72 107923
72 108114
72 108175
72 108215
72 108493
72 108925
72 109018
72 109071
72 109296
72 109316
72 109439
72 109459
72 109488
72 109570
72 110100
72 110149
72 110188
72 110224
72 110316
72 110351
72 110376
72 110530
72 110610
72 110936
72 111134
72 111221
72 111237
72 111253
72 111383
72 111474
72 111480
72 111702
72 111874
72 111903
72 111967
72 112004
72 112052
72 112070
72 112091
72 112139
72 112159
72 112166
72 112194
72 112301
72 112326
72 112420
72 112444
72 112569
72 112596
72 112663
72 112739
72 112755
72 113342
72 113459
72 113759
72 113777
72 113789
72 113795
72 114047
72 114066
72 114135
72 114254
72 114294
72 114309
72 114355
72 114433
72 114520
72 114652
72 114702
72 114800
72 114814
72 114815
72 114853
72 114859
72 114891
72 114930
72 115054
72 115121
72 115129
72 115134
72 115137
72 115138
72 115322
72 115403
72 115456
72 115579
72 115785
72 116007
72 116036
72 116078
72 116104
72 116122
72 116307
72 116460
72 116598
72 116768
72 116927
80 2
80 49
80 67
80 262
80 356
80 387
80 456
80 478
80 515
80 709
80 753
80 833
80 959
80 1018
80 1021
80 1038
80 1134
80 1348
80 1399
80 1516
80 1521
80 1586
80 1682
80 1701
80 1847
80 1849
80 1891
80 1965
80 2145
80 2217
80 2253
80 6819
80 6838
80 6856
80 7052
80 7177
80 7230
80 7392
80 7412
80 7662
80 7788
80 7841
80 7871
80 8119
80 8237
80 8557
80 8623
80 8654
80 8655
80 8681
80 8719
80 8734
80 8757
80 8781
80 8889
80 9106
80 9204
80 9283
80 9341
80 9442
80 9725
80 9924
80 9936
80 9961
80 10082
80 10318
80 10416
80 10435
80 10670
80 10772
80 10843
80 10844
80 10942
80 11101
80 11226
80 11276
80 11409
80 11710
80 11715
80 11769
80 11780
80 11879
80 11963
80 11983
80 12004
80 12118
80 12120
80 12133
80 12157
80 12224
80 12282
80 12329
80 12448
80 12529
80 12621
80 12854
80 12873
80 12949
80 13114
80 13116
80 13173
80 13210
80 13254
80 13303
80 13373
80 13434
80 13494
80 13511
80 13874
80 14142
80 14229
80 14247
80 14406
80 14529
80 14615
80 14739
80 14742
80 14841
80 14986
80 14989
80 15061
80 15068
80 15098
80 15171
80 15279
80 15361
80 15384
80 15441
80 15500
80 15560
80 15577
80 15585
80 15655
80 15797
80 15870
80 15986
80 15991
80 16235
80 16273
80 16291
80 16322
80 16413
80 16426
80 16478
80 16602
80 16755
80 16779
80 16799
73 104386
73 104448
73 104610
73 104690
73 104780
73 104813
73 104849
73 104860
73 104886
73 104935
73 104964
73 104971
73 104974
73 105174
73 105187
73 105327
73 105367
73 105383
73 105618
73 105631
73 105697
73 105699
73 105719
73 106018
73 106246
73 106285
73 106384
73 106569
73 106678
73 106920
73 107118
73 107149
73 107249
73 107275
73 107449
73 107563
73 107912
73 107945
73 108037
73 108199
73 108266
73 108288
73 108523
73 108648
73 108680
73 108686
73 108882
73 108968
73 109264
73 109478
73 109554
73 109794
73 109823
73 109933
73 109943
73 109955
73 110034
73 110036
73 110134
73 110232
73 110336
73 110350
73 110372
73 110668
73 110879
73 110882
73 110966
73 111165
73 111352
73 111597
73 111704
73 111743
73 111753
73 111989
73 112007
73 112074
73 112081
73 112122
73 112184
73 112248
73 112259
73 112346
73 112514
73 112586
73 112654
73 112940
73 112956
73 113083
73 113127
73 113496
73 113555
73 113590
73 113597
73 113772
73 113786
73 113821
73 113960
73 113986
73 114072
73 114258
73 114296
73 114374
73 114380
73 114389
73 114454
73 114520
73 114564
73 114577
73 114595
73 114641
73 114667
73 114888
73 115197
73 115632
73 115734
73 115825
73 115911
73 116061
73 116229
73 116390
73 116394
73 116398
73 116421
73 116426
73 116431
73 116502
73 116519
73 116626
73 116788
73 117129
72 117124
72 117377
72 117417
72 117423
72 117463
72 117515
72 117625
72 117687
72 117768
72 117851
72 117875
72 117934
72 117953
72 118085
72 118086
72 118154
72 118190
72 118247
72 118282
72 118374
72 118445
72 118448
72 118704
72 118804
72 118941
72 118979
72 119087
72 119187
72 119208
72 119402
72 119479
72 119490
72 119546
72 119652
72 119906
72 120092
72 120393
72 120406
72 120451
72 120585
72 120595
72 120619
72 120635
72 120687
72 120740
72 120780
72 120820
72 120970
72 121109
72 121190
72 121195
72 121258
72 121306
72 121425
72 121671
72 121802
72 122048
72 122121
72 122192
72 122229
72 122239
72 122263
72 122373
72 122395
72 122521
72 122682
72 122814
72 122906
72 123045
72 123053
72 123057
72 123181
72 123557
72 123601
72 123612
72 123814
72 124092
72 124093
72 124169
72 124256
72 124307
72 124393
72 124816
72 124857
72 124923
72 125107
72 125169
72 125196
72 125253
72 125255
72 125262
72 125359
72 125513
72 125541
72 125574
72 125671
72 125752
72 125774
72 125784
72 125820
72 125892
72 125909
72 126075
72 126122
72 126139
72 126223
72 126257
72 126311
72 126556
72 126583
72 126642
72 126704
72 126989
72 127035
72 127062
72 127165
72 127243
72 127249
72 127285
72 127381
72 127470
72 127523
72 127595
72 127652
72 127737
72 127784
72 127847
72 127898
72 128024
72 128113
72 128145
72 128152
72 128183
72 128228
72 128438
72 128715
72 128784
72 128856
72 129014
72 129056
72 129075
72 129133
72 129147
72 129195
72 129226
72 129250
72 129550
72 129636
72 129828
72 129833
72 129852
72 129884
72 129932
72 130006
72 130067
72 130215
72 130416
72 130466
72 130475
72 130508
72 130635
72 130924
72 130979
72 131145
72 131163
72 131190
72 131220
72 131295
72 131454
72 131519
72 131579
72 131589
72 131611
72 131647
72 131902
72 131917
72 132171
72 132211
72 132271
72 132292
72 132324
72 132374
72 132442
72 132450
72 132491
72 132688
72 132787
72 132887
72 132911
72 133005
72 133067
72 133173
72 133182
72 133580
72 133803
72 133859
72 134001
72 134052
72 134242
72 134398
72 134418
72 134604
72 134877
72 135036
72 135151
72 135161
72 135175
72 135262
72 135284
72 135460
72 135525
72 135603
72 135827
72 135864
72 136083
72 136221
72 136492
72 136553
72 136610
72 136738
72 136922
72 137109
72 137236
72 137431
72 137516
72 137534
72 137672
72 137849
72 137921
72 138136
72 138321
72 138403
72 138544
72 138569
72 138623
72 138822
72 139154
72 139447
72 139468
72 139536
72 139723
72 139818
72 139865
72 140060
72 140270
72 140338
72 140343
72 140633
72 140643
72 140672
72 140836
72 140843
72 140845
72 140855
72 140893
72 140899
72 140923
72 141096
72 141265
72 141349
72 141360
72 141399
72 141596
72 141687
72 141753
72 141894
72 141953
72 141988
72 142043
72 142078
72 142179
72 142213
72 142301
72 142739
72 142897
72 142898
72 142931
72 142999
74 44
74 86
74 159
74 251
74 320
74 523
74 676
74 788
74 812
74 918
74 1048
74 1205
74 1422
74 1740
74 1749
74 1846
74 1958
74 1992
74 2035
74 2052
74 2108
74 2156
74 2353
74 2399
74 2430
74 2486
74 2487
74 2738
74 2751
74 2893
74 2906
74 2956
74 3053
74 3100
74 3208
74 3248
74 3260
74 3421
74 3557
74 3624
74 3641
74 3682
74 3792
74 3922
74 3958
74 4006
74 4209
74 4273
74 4302
74 4309
74 4318
74 4541
74 4617
74 4728
74 4886
74 4945
74 4988
74 5027
74 5128
74 5166
74 5410
74 5522
74 5619
74 5819
74 5913
74 5976
74 5986
74 6041
74 6346
74 6429
74 6509
74 6557
74 6666
74 7023
74 7084
74 7112
74 7442
74 7582
74 7589
74 7689
74 7742
74 7799
74 8003
74 8101
74 8109
74 8256
74 8471
74 8506
74 8554
74 8623
74 8714
74 8739
74 8810
74 8869
74 8874
74 8969
74 8975
74 9235
74 9317
74 9338
74 9398
74 9477
74 9582
74 9823
74 10303
74 10317
74 10337
74 10619
74 10621
74 10639
74 10684
74 10968
74 11007
74 11038
74 11095
74 11222
74 11259
74 11546
74 11780
74 11851
74 11888
74 11942
74 11954
74 11959
74 11967
74 12195
74 12198
74 12200
74 12376
74 12440
74 12651
74 12658
74 12823
74 13085
74 13237
74 13366
74 13396
74 13490
74 13599
74 13760
74 13864
74 13911
74 13944
74 13992
74 14157
74 14242
74 14514
74 14547
74 14600
74 14628
74 14666
74 14803
74 15031
74 15046
74 15067
74 15088
74 15345
74 15424
74 15549
74 15596
74 15601
74 15918
74 15940
74 16038
74 16147
74 16195
74 16494
74 16546
74 16614
74 16816
74 16888
74 16954
74 17060
74 17135
74 17178
74 17212
74 17308
74 17545
74 17630
74 17680
74 17863
74 18178
74 18287
74 18413
74 18530
74 18551
74 18781
74 18872
74 18960
74 19011
74 19564
74 19603
74 19718
74 19792
74 19878
74 19970
74 20052
74 20053
74 20125
74 20227
74 20258
74 20444
74 20453
74 20655
74 20665
74 20691
74 20737
74 20885
74 21173
74 21181
74 21208
74 21283
74 21474
74 21477
74 21634
74 21705
74 21834
74 21994
74 22034
74 22036
74 22047
74 22147
74 22208
74 22323
74 22762
74 22782
74 22844
74 22851
74 22890
74 22994
74 23109
74 23134
74 23214
74 23371
74 23410
74 23486
74 23683
74 23751
74 23781
74 23853
74 23876
74 23894
74 23923
74 24054
74 24209
74 24441
74 24621
74 24939
74 25063
74 25731
74 25911
75 104821
75 104889
75 104913
75 105082
75 105101
75 105179
75 105259
75 105460
75 105554
75 105649
75 105767
75 105784
75 106038
75 106247
75 106580
75 106663
75 106754
75 106758
75 106816
75 106837
75 106923
75 107099
75 107117
75 107164
75 107185
75 107318
75 107337
75 107500
75 107503
75 107629
75 107808
75 107938
75 108104
75 108139
75 108216
75 108508
75 108683
75 108719
75 108816
75 109146
75 109181
75 109245
75 109284
75 109445
75 109514
75 109773
75 109788
75 109976
75 110106
75 110222
75 110267
75 110314
75 110364
75 110627
75 110855
75 110863
75 110918
75 110928
75 111116
75 111123
75 111191
75 111318
75 111387
75 111567
75 111580
75 111612
75 111614
75 111617
75 111639
75 111807
75 111954
75 112000
75 112001
75 112063
75 112153
75 112262
75 112516
75 112550
75 112561
75 112714
75 112766
75 112768
75 112960
75 113116
75 113399
75 113418
75 113489
75 113619
75 113698
75 113753
75 113895
75 113944
75 114020
75 114257
75 114285
75 114287
75 114300
75 114304
75 114315
75 114421
75 114569
75 114739
75 114781
75 114794
75 114867
75 114876
75 114907
75 114921
75 114935
75 115028
75 115030
75 115052
75 115065
75 115257
75 115370
75 115436
75 115753
75 115763
75 115787
75 115906
75 115953
75 116020
75 116116
75 116231
75 116241
75 116334
75 116450
75 116575
75 116659
75 116701
75 116794
75 116808
75 116810
75 116859
75 116893
75 117203
75 117341
75 117525
75 117751
75 117771
75 117811
75 117817
75 117828
77 61
77 105
77 184
77 286
77 464
77 565
77 568
77 729
77 773
77 855
77 856
77 878
77 917
77 929
77 1180
77 1197
77 1306
77 1482
77 1579
77 1696
77 1734
77 1738
77 1871
77 1982
77 2070
77 2126
77 2141
77 2151
77 2317
77 2388
77 2476
77 2533
77 2651
77 2718
77 2733
77 2804
77 2813
77 2817
77 2922
77 3096
77 3098
77 3197
77 3207
77 3282
77 3324
77 3353
77 3382
77 3569
77 3631
77 3968
77 3998
77 4098
77 4224
77 4249
77 4423
77 4605
77 4732
77 4920
77 4923
77 4984
77 5369
77 5568
77 5657
77 5723
77 5866
77 5941
77 6101
77 6318
77 6350
77 6382
77 6546
77 6745
77 6786
77 6861
77 7090
77 7224
77 7241
77 7384
77 7409
77 7423
77 7428
77 7511
77 7614
77 7650
77 7664
77 7690
77 7736
77 7834
77 8003
77 8047
77 8261
77 8330
77 8356
77 8594
77 8650
77 8682
77 8687
77 8767
77 8771
77 8792
77 8806
77 8848
77 8888
77 8933
77 9068
77 9116
77 9214
77 9251
77 9327
77 9422
77 9509
77 9745
77 9765
77 9778
77 9829
77 9840
77 9842
77 9847
77 9996
77 10100
77 10340
77 10362
77 10417
77 10627
77 10628
77 10686
77 10838
77 10867
77 10908
77 11242
77 11257
77 11286
77 11290
77 11424
77 11515
77 11705
77 11717
77 11796
77 11865
77 12166
77 12320
77 12323
77 12404
77 12475
77 12596
77 12615
77 12794
77 12914
77 13051
77 13062
77 13080
77 13159
77 13336
77 13373
77 13382
77 13641
77 13747
77 13926
77 14087
77 14365
77 14371
77 14849
77 14972
77 14987
77 15049
77 15100
77 15297
77 15454
77 15469
77 15479
77 15481
77 15485
77 15531
77 15552
77 15562
77 15648
77 15716
77 15849
77 15946
77 15989
77 16150
77 16152
77 16279
77 16488
77 16562
77 16767
77 16814
77 16890
77 17075
77 17139
77 17197
77 17232
77 17308
77 17498
77 17499
77 17542
77 17812
77 17938
77 18026
77 18071
77 18131
77 18169
77 18245
77 18252
77 18265
77 18300
77 18329
77 18411
77 18558
77 18667
77 18809
77 18830
77 18895
77 18929
77 19005
77 19019
77 19100
77 19243
77 19423
77 19443
77 19615
77 19749
77 19777
77 19819
77 19944
77 20334
77 20385
77 20717
77 20898
77 20905
77 20911
77 20929
77 20999
77 21041
77 21210
77 21234
77 21299
77 21304
77 21409
77 21593
77 21821
77 21853
77 21868
77 21880
77 21901
77 21940
77 22058
77 22063
77 22193
77 22456
77 22585
77 22853
77 23133
77 23217
77 23228
77 23400
77 23510
77 23513
77 23684
77 23839
77 24009
77 24044
77 24180
77 24263
77 24370
77 24475
77 24484
77 24527
77 24545
77 24568
77 24576
77 24744
77 24793
77 24885
77 24934
77 25092
77 25108
77 25175
77 25226
77 25249
77 25280
77 25285
77 25315
77 25407
77 25483
77 25533
77 25555
77 25714
77 25870
77 25881
77 25931
75 118061
75 118120
75 118149
75 118294
75 118318
75 118340
75 118373
75 118400
75 118534
75 118903
75 118912
75 118967
75 119129
75 119155
75 119162
75 119167
75 119249
75 119618
75 119642
75 119695
75 119729
75 119877
75 119894
75 119911
75 119957
75 120178
75 120461
75 120495
75 120498
75 120599
75 120974
75 121039
75 121193
75 121229
75 121241
75 121272
75 121298
75 121414
75 121447
75 121489
75 121648
75 121693
75 121720
75 121722
75 121870
75 121905
75 121954
75 122154
75 122208
75 122406
75 122413
75 122446
75 122453
75 122469
75 122487
75 122503
75 122568
75 122571
75 122572
81 12785
81 12883
81 12911
81 12982
81 13235
81 13256
81 13368
81 13433
81 13505
81 13524
81 13991
81 13996
81 14021
81 14022
81 14043
81 14184
81 14236
81 14333
81 14380
81 14395
81 14432
81 14530
81 14697
81 14727
81 14734
81 14870
81 15005
81 15263
81 15288
81 15322
81 15405
81 15829
81 15840
81 15952
81 16037
81 16062
81 16085
81 16137
81 16183
81 16225
81 16373
81 16540
81 16569
81 16588
81 16672
81 16737
81 17209
81 17313
81 17462
81 17547
81 17895
81 18026
81 18096
81 18214
81 18228
81 18347
81 18382
81 18422
81 18571
81 18591
81 18662
81 18703
81 18748
81 18794
81 18822
81 19403
81 19535
81 19570
81 19601
81 19682
81 19774
81 19865
81 19919
81 19952
81 20087
81 20097
81 20266
81 20318
81 20365
81 20431
81 20485
81 20648
81 20723
81 20935
81 20949
81 21054
81 21128
81 21132
81 21203
81 21259
81 21374
81 21500
81 21550
81 21757
81 21867
81 21925
81 21983
81 22017
81 22057
81 22207
81 22212
81 22245
81 22274
81 22375
81 22543
81 22652
81 22815
81 22890
81 22930
81 23067
81 23098
81 23117
81 23136
81 23139
81 23153
81 23247
81 23253
81 23386
81 23435
81 23459
81 23580
81 23621
81 23635
81 23644
81 23680
81 23692
81 23732
81 23846
81 24006
81 24043
81 24093
81 24101
81 24148
81 24196
81 24285
81 24329
81 24353
81 24405
81 24561
81 24584
81 24641
81 24722
81 24735
81 24807
81 24878
81 24904
81 24915
81 25008
81 25124
81 25259
81 25299
81 25395
81 25406
74 65395
74 65603
74 65694
74 65763
74 65794
74 65803
74 65898
74 65911
74 65963
74 66285
74 66368
74 66637
74 66880
74 67028
74 67282
74 67486
74 67561
74 67567
74 67841
74 67897
74 67902
74 67993
74 68012
74 68109
74 68257
74 68350
74 68430
74 68502
74 68781
74 68915
74 69121
74 69136
74 69213
74 69232
74 69389
74 69492
74 69502
74 69525
74 69791
74 70099
74 70161
74 70217
74 70338
74 70361
74 70401
74 70464
74 70516
74 70634
74 70789
74 70900
74 70996
74 71009
74 71087
74 71190
74 71314
74 71404
74 71416
74 71537
74 71561
74 71676
74 71682
74 71719
74 71894
74 71922
74 71993
74 72000
74 72029
74 72032
74 72146
74 72194
74 72389
74 72422
74 72432
74 72452
74 72454
74 72467
74 72497
74 72671
74 72754
74 73050
74 73072
74 73207
74 73330
74 73333
74 73486
74 74012
74 74038
74 74138
74 74149
74 74223
74 74277
74 74312
74 74354
74 74460
74 74780
74 74981
74 75091
74 75111
74 75163
74 75263
74 75357
74 75454
74 75532
74 75569
74 75671
74 75805
74 75818
74 75827
74 76037
74 76094
74 76141
74 76183
74 76285
74 76374
74 76400
74 76512
74 76584
74 76609
74 76663
74 76669
74 77239
74 77247
74 77385
74 77421
74 77771
74 77794
74 77852
74 77881
74 77997
74 78008
74 78329
74 78396
74 78432
73 117316
73 117318
73 117339
73 117355
73 117510
73 117517
73 117583
73 117592
73 117640
73 117646
73 117713
73 117919
73 118076
73 118147
73 118165
73 118303
73 118718
73 118811
73 118919
73 118927
73 119090
73 119140
73 119219
73 119253
73 119387
73 119474
73 119554
73 119659
73 119695
73 119737
73 119875
73 119885
73 119993
73 120097
73 120274
73 120349
73 120418
73 120435
73 120977
73 121187
73 121277
73 121304
73 121347
73 121364
73 121817
73 121936
73 121980
73 122064
73 122118
73 122125
73 122346
73 122530
73 122834
73 122940
73 123096
73 123198
73 123290
73 123336
73 123579
73 123591
73 123594
73 123619
69 102790
69 102903
69 102957
69 103020
69 103025
69 103260
69 103324
69 103357
69 103377
69 103458
69 103496
69 103851
69 103946
69 103976
69 104110
69 104210
69 104280
69 104405
69 104548
69 104658
69 104677
69 104682
69 104686
69 104700
69 104763
69 104776
69 104785
69 104829
69 104954
69 104991
69 105084
69 105113
69 105126
69 105262
69 105477
69 105547
69 105568
69 105571
69 105620
69 105676
69 105732
69 105826
69 105867
69 105895
69 105955
69 106077
69 106144
69 106268
69 106675
69 106849
69 106861
69 106902
69 106923
69 107073
69 107084
69 107109
69 107147
69 107390
69 107469
69 107513
69 107580
69 107624
69 107626
69 107966
69 108192
69 108197
69 108340
69 108366
69 108433
69 108531
69 108548
69 108570
69 108640
69 108730
69 108767
69 108800
69 108809
69 108839
69 108892
69 108925
69 108954
69 109085
69 109194
69 109291
69 109341
69 109464
69 109495
69 109601
69 109619
69 109659
69 109693
69 109697
69 109704
69 109843
69 109860
69 110022
69 110076
69 110099
69 110169
69 110176
69 110374
69 110429
69 110461
69 110514
69 110521
69 110529
69 110534
69 110872
69 110978
69 111212
69 111287
69 111467
69 111506
69 111577
69 111694
69 111812
69 112020
69 112065
69 112277
69 112366
69 112678
69 112942
69 113020
69 113061
69 113268
69 113338
69 113341
69 113380
69 113431
69 113643
69 113696
69 113917
69 114040
69 114163
69 114181
69 114182
69 114334
69 114352
69 114356
69 114371
69 114505
69 114532
69 114547
69 114579
69 114604
69 114719
69 114789
69 115093
69 115130
69 115202
69 115266
69 115476
69 115485
69 115572
69 115629
69 115750
69 115764
69 115779
69 115861
69 115867
69 115894
69 116129
69 116525
69 116819
69 117036
69 117123
69 117248
69 117330
69 117486
69 117542
69 117615
69 117876
69 117972
69 117982
69 118024
69 118025
69 118044
69 118130
69 118327
69 118381
69 118393
69 118405
69 118514
69 118603
69 118639
69 118785
69 118815
69 118909
69 119071
69 119194
69 119245
69 119348
69 119457
69 119530
69 119725
69 119755
69 119780
69 119891
69 120093
69 120204
69 120313
69 120426
69 120437
69 120553
69 120605
69 120644
69 120687
69 120751
69 120910
69 120911
69 121272
69 121373
69 121445
69 121643
69 121766
69 121811
69 121821
69 122115
69 122136
69 122429
69 122496
69 122564
69 122616
69 122923
69 122952
69 123072
69 123214
69 123219
69 123384
69 123540
69 123602
69 123792
69 123837
69 124057
69 124175
69 124216
69 124271
69 124615
69 124737
69 124820
69 124948
69 124968
69 124979
69 124983
69 125088
69 125125
69 125294
69 125297
69 125389
69 125509
69 125573
69 125609
69 125672
69 125724
69 125760
69 125894
69 125971
69 125984
69 126037
69 126075
69 126214
69 126265
69 126317
69 126387
69 126548
69 126655
69 126668
69 126700
69 126714
69 126738
69 126808
69 126839
69 126894
69 127038
69 127053
69 127116
69 127365
69 127368
69 127378
69 127392
69 127422
69 127562
69 127695
69 127895
69 127930
69 128078
69 128113
69 128139
69 128148
69 128182
69 128250
69 128285
69 128302
69 128334
69 154086
69 154218
69 154223
69 154407
69 154687
69 155224
69 155241
69 155301
69 155835
69 156204
69 156224
69 156382
69 156484
69 156922
69 156942
69 157223
69 157282
69 157399
69 157432
69 157480
69 157498
69 157522
69 157553
69 157585
69 157728
69 157834
69 158094
69 158416
69 158660
69 158807
69 158912
69 159047
69 159111
69 159113
69 159257
69 159260
69 159275
69 159430
69 159603
69 159676
69 159789
69 160417
69 160464
69 160529
69 160655
69 160714
69 160769
69 160775
69 160888
69 160938
69 160941
69 160995
69 161042
69 161056
69 161160
69 161290
69 161343
69 161380
69 161469
69 161539
69 161577
69 161606
69 161611
69 161761
69 161785
69 161821
69 161835
69 161845
69 162148
69 162161
69 162369
69 162470
69 162643
69 162655
69 162731
69 162750
69 162868
69 162927
69 163003
69 163203
69 163204
69 163459
69 163567
69 163711
69 163825
69 163883
69 164040
69 164115
69 164220
69 164245
69 164296
69 164350
69 164352
69 164488
69 164592
69 164781
69 164809
69 164867
69 164928
69 165006
69 165040
69 165099
69 165201
69 165269
69 165393
69 165397
69 165453
69 165586
69 165690
69 165817
69 165866
69 166361
69 166588
69 166690
69 166834
69 166884
69 166897
69 167008
69 167086
69 167143
69 167560
69 167581
69 167714
69 167743
69 168101
69 168116
69 168316
69 168334
69 168349
69 168490
69 168536
69 168610
69 168792
69 168928
69 168979
69 169192
69 169212
69 169314
69 169399
69 169448
69 169697
69 169741
69 169749
69 169941
69 170121
69 170148
69 170200
69 170397
69 170653
69 170801
69 170952
69 170969
69 171051
69 171178
69 171215
69 171319
69 171438
69 171521
69 171714
69 171792
69 172093
69 172157
69 172258
69 172291
69 172367
69 172414
69 172483
69 172498
69 172666
69 172684
69 172856
69 172897
69 172902
69 172971
69 173103
69 173284
69 173299
69 173415
69 173594
69 173610
69 173678
69 173826
69 173834
69 173954
69 173997
69 174060
69 174118
69 174238
69 174367
69 174439
69 174575
69 174667
69 174717
69 174733
69 175087
69 175122
69 175278
69 175347
69 175357
69 175414
69 175704
69 176072
69 176113
69 176116
69 176148
69 176270
69 176276
69 176279
69 176483
69 176492
69 176569
69 176591
69 176604
69 176616
69 176653
69 176669
69 176706
69 176711
69 176747
69 176778
69 176937
69 176955
69 177031
69 177139
69 177264
69 177285
69 177537
69 177542
69 177558
69 177633
69 177761
69 177833
69 177850
69 178049
69 178243
69 178280
69 178381
69 178471
69 178858
69 178994
69 179002
69 179217
69 179233
69 179256
69 179259
69 179349
69 179405
69 179508
69 179701
69 179733
74 26266
74 26305
74 26364
74 26430
74 26467
74 26468
74 26498
74 26506
74 26568
74 26605
74 26618
74 26755
74 26840
74 27015
74 27214
74 27307
74 27411
74 27429
74 27489
74 27614
74 27627
74 27629
74 27771
74 28074
74 28090
74 28109
74 28286
74 28294
74 28343
74 28391
74 28414
74 28498
74 28596
74 28750
74 28929
74 28983
74 28992
74 29026
74 29096
74 29370
74 29394
74 29536
74 29539
74 29556
74 29617
74 29981
74 30018
74 30224
74 30256
74 30318
74 30423
74 30432
74 30762
74 30803
74 31130
74 31141
74 31540
74 31590
74 31986
74 32042
74 32107
74 32273
74 32296
74 32307
74 32311
74 32400
74 32414
74 32418
74 32730
74 32850
74 32880
74 33136
74 33153
74 33177
74 33410
74 33416
74 33430
74 33431
74 33497
74 33505
74 33799
74 33861
74 34039
74 34082
74 34092
74 34169
74 34327
74 34515
74 34572
74 34708
74 34767
74 34770
74 34805
74 34992
74 35033
74 35412
74 35430
74 35493
74 35525
74 35584
74 35703
74 35996
74 36021
74 36085
74 36117
74 36245
74 36410
74 36453
74 36672
74 36741
74 36823
74 36889
74 37013
74 37268
74 37577
74 37587
74 37655
74 37683
74 37714
74 37968
74 38061
74 38225
74 38329
74 38387
74 38525
74 38562
74 38598
74 38617
74 38644
74 38744
74 38834
74 38979
74 39001
74 39157
74 39183
76 174
76 405
76 459
76 478
76 583
76 664
76 708
76 749
76 1054
76 1162
76 1229
76 1355
76 1393
76 1631
76 1726
76 1740
76 1749
76 1765
76 1925
76 1963
76 2079
76 2151
76 2165
76 2177
76 2329
76 2335
76 2383
76 2614
76 2646
76 2926
76 2967
76 3096
76 3368
76 3457
76 3649
76 3762
76 3942
76 3971
76 4226
76 4294
76 4352
76 4655
76 4712
76 4828
76 4889
76 4940
76 5100
76 5167
76 5257
76 5303
76 5329
76 5341
76 5363
76 5375
76 5538
76 5666
76 5679
76 5932
76 5977
76 6073
76 6158
76 6227
76 6243
76 6287
76 6299
76 6377
76 6424
76 6644
76 6944
76 7241
76 7402
76 7422
76 7704
76 8157
76 8263
76 8443
76 8451
76 8459
76 8476
76 8572
76 8652
76 8654
76 8700
76 8938
76 8941
76 8994
76 9119
76 9316
76 9484
76 9572
76 9688
76 9741
76 10126
76 10290
76 10348
76 10375
76 10396
76 10871
76 10923
76 10999
76 11094
76 11172
76 11286
76 11515
76 11589
76 11604
76 11819
76 11852
76 11886
76 11901
76 11934
76 12066
76 12459
76 12470
76 12566
76 12609
76 13086
76 13127
76 13366
76 13367
76 13368
76 13389
76 13451
76 13499
76 13704
76 13786
76 13787
76 13823
76 13869
76 13931
76 13971
76 13973
76 14013
76 14035
76 14122
76 14241
76 14485
76 14494
76 14501
76 14639
76 14760
76 15073
76 15091
76 15154
76 15207
76 15255
76 15432
76 15528
76 15608
76 15621
76 15740
76 15926
76 16126
76 16208
76 16333
76 16423
76 16447
76 16522
76 16754
76 16764
76 16845
76 16924
76 17047
76 17069
76 17299
76 17336
76 17380
76 17443
76 17496
76 17571
76 17635
76 17644
76 18022
76 18058
76 18163
76 18198
76 18396
76 18405
76 18418
76 18473
76 18557
76 18569
76 18574
76 18700
76 18770
76 19002
76 19043
76 19092
76 19135
76 19144
76 19205
76 19275
76 19657
76 19684
76 19697
76 19728
76 19730
76 19733
76 19881
76 19920
76 20023
76 20094
76 20115
76 20303
76 20349
76 20407
76 20465
76 20527
76 20560
76 20619
76 20620
76 20706
76 20803
76 20826
76 20900
76 20906
76 21076
76 21204
76 21297
76 21349
76 21393
76 21404
76 21416
76 21472
76 21522
76 21608
76 21630
76 21713
76 21753
76 21789
76 21891
76 21965
76 22024
76 22231
76 22389
76 22584
76 22596
76 22671
76 22686
76 22934
76 23111
76 23117
76 23187
76 23196
76 23229
76 23404
76 23410
76 23453
76 23577
76 23616
76 23801
76 23829
76 23845
76 23862
76 23914
76 23926
76 24016
76 24030
76 24068
76 24159
76 24189
76 24437
76 24498
76 24784
76 24787
76 24791
76 24836
76 24851
76 24852
76 24893
76 24907
76 24914
76 24930
76 25002
76 25032
76 25059
76 25112
76 25229
76 25244
76 25327
76 25348
76 25500
76 25667
76 25674
76 25721
76 25802
77 26295
77 26346
77 26401
77 26522
77 26563
77 26771
77 26917
77 26968
77 26986
77 27191
77 27370
77 27572
77 27614
77 27674
77 27825
77 27961
77 27985
77 28146
77 28147
77 28177
77 28280
77 28353
77 28437
77 28733
77 28999
77 29300
77 29373
77 29405
77 29406
77 29439
77 29440
77 29458
77 29634
77 29876
77 29966
77 29998
77 30268
77 30506
77 30555
77 30825
77 30915
77 31009
77 31187
77 31243
77 31441
77 31592
77 31703
77 31984
77 32096
77 32163
77 32178
77 32188
77 32224
77 32449
77 32598
77 32603
77 32666
77 32832
77 32878
77 32915
77 32980
77 33199
77 33414
77 33593
77 33621
77 33709
77 33910
77 33929
77 34091
77 34135
77 34270
77 34381
77 34569
77 34654
77 35015
77 35107
77 35128
77 35146
77 35150
77 35244
77 35343
77 35413
77 35608
77 35684
77 35964
77 36058
77 36122
77 36217
77 36711
77 36714
77 36821
77 36884
77 36971
77 36982
77 37003
77 37110
77 37179
77 37387
77 37636
77 37697
77 37767
77 37993
77 38005
77 38015
77 38087
77 38090
77 38156
77 38288
77 38373
77 38386
77 38535
77 38701
77 38750
77 38827
80 16944
80 17169
80 17314
80 17622
80 17654
80 17666
80 17713
80 17716
80 17752
80 17851
80 17932
80 18027
80 18228
80 18230
80 18234
80 18415
80 18437
80 18451
80 18456
80 18568
80 18789
80 18869
80 18902
80 18981
80 19030
80 19148
80 19278
80 19340
80 19379
80 19470
80 19487
80 19498
80 19632
80 19658
80 19855
80 19954
80 20055
80 20180
80 20388
80 20463
80 20482
80 20499
80 20500
80 20504
80 20892
80 21009
80 21067
80 21204
80 21235
80 21457
80 21588
80 21714
80 21990
80 22015
80 22067
80 22238
80 22271
80 22322
80 22359
80 22437
80 22442
80 22570
80 22579
80 22589
80 22613
80 22630
80 22636
80 22708
80 22810
80 22871
80 22900
80 22963
80 22972
80 23091
80 23152
80 23246
80 23425
80 23494
80 23515
80 23830
80 23858
80 23885
80 23887
80 23905
80 23955
80 24134
80 24146
80 24320
80 24326
80 24397
80 24448
80 24624
80 24766
80 24934
80 24942
80 24951
80 24984
80 24991
80 25030
80 25101
80 25114
80 25257
80 25349
80 25355
80 25360
80 25387
80 25471
80 25535
80 25545
80 25561
80 25623
80 25795
80 25817
80 26049
80 26101
80 26170
80 26269
80 26401
80 26489
80 26550
80 26681
80 26836
80 26887
80 26935
80 26979
80 27054
80 27072
80 27090
80 27150
80 27300
80 27720
80 27806
80 27873
80 28072
80 28093
80 28204
80 28245
80 28311
80 28482
80 28569
80 28632
80 28640
80 28661
80 28830
80 28868
80 29005
80 29096
80 29141
80 29145
80 29203
80 29222
80 29378
80 29457
80 29536
80 29680
80 29733
80 29875
80 29896
80 29915
80 30002
80 30020
80 30140
80 30240
80 30395
80 30428
80 30453
80 30638
80 30705
80 30774
80 30781
80 30866
80 31038
80 31156
80 31157
80 31266
80 31298
80 31378
80 31399
80 31419
80 31492
80 31505
80 31534
80 31681
80 31795
80 31834
80 31845
80 31873
80 32197
80 32204
80 32295
80 32393
80 32480
80 32503
80 32522
80 32584
80 32780
80 33350
80 33356
80 33421
80 33477
80 33637
80 33664
80 33712
78 76996
78 77073
78 77128
78 77141
78 77333
78 77340
78 77372
78 77872
78 77906
78 77928
78 77950
78 78036
78 78039
78 78066
78 78155
78 78177
78 78184
78 78198
78 78290
78 78458
78 78507
78 78666
78 78831
78 78838
78 78985
78 79000
78 79254
78 79337
78 79419
78 79434
78 79462
78 79491
78 79703
78 79780
78 79891
78 80107
78 80127
78 80143
78 80525
78 80635
78 80712
78 80731
78 80754
78 80875
78 81090
78 81238
78 81348
78 81377
78 81420
78 81557
78 81596
78 81663
78 81726
78 81879
78 81916
78 82021
78 82038
78 82106
78 82127
78 82177
78 82284
78 82419
78 82512
78 82592
78 82649
78 82697
78 82764
78 83050
78 83255
78 83369
78 83438
78 83596
78 83794
78 83843
78 83855
78 84151
78 84248
78 84341
78 84439
78 84453
78 84471
78 84482
78 84504
78 84558
78 84627
78 84643
78 84669
78 84679
78 84707
78 84869
78 84897
78 84921
78 84957
78 85031
78 85085
78 85145
78 85160
78 85259
78 85352
78 85426
78 85489
78 85550
78 85590
78 85673
78 85679
78 85732
78 85917
78 86252
78 86260
78 86270
78 86312
78 86427
78 86598
78 86722
78 86736
78 86998
78 87143
78 87202
78 87251
78 87253
78 87392
78 87433
78 87446
78 87460
78 87469
78 87714
78 87754
78 87819
78 87904
78 88002
78 88057
78 88166
78 88257
78 88297
78 88306
78 88334
78 88654
78 88658
78 88942
78 88956
78 88971
78 89207
78 89222
78 89223
78 89427
78 89528
81 25540
81 25592
81 26130
81 26143
81 26166
81 26214
81 26251
81 26255
81 26349
81 26362
81 26379
81 26563
81 26607
81 26723
81 26753
81 26777
81 26824
81 26870
81 26938
81 27008
81 27205
81 27399
81 27403
81 27414
81 27433
81 27462
81 27619
81 27761
81 27948
81 27995
81 28056
81 28061
81 28133
81 28257
81 28487
81 28501
81 28510
81 28570
81 28798
81 28818
81 29031
81 29086
81 29151
81 29170
81 29180
81 29233
81 29468
81 29489
81 29610
81 29621
81 29779
81 29889
81 29901
81 29950
81 30401
81 30406
81 30430
81 30464
81 30470
81 30786
81 31010
81 31021
81 31024
81 31112
81 31194
81 31211
81 31335
81 31389
81 31498
81 31677
81 31700
81 31735
81 31750
81 31943
81 32045
81 32056
81 32175
81 32227
81 32308
81 32449
81 32483
81 32537
81 32618
81 32645
81 32742
81 32764
81 32943
81 33133
81 33267
81 33318
81 33375
81 33420
81 33425
81 33588
81 33629
81 33678
81 33759
81 33761
81 33826
81 33849
81 34040
81 34062
81 34252
81 34496
81 34520
81 34652
81 34682
81 34819
81 34832
81 34836
81 34946
81 35010
81 35198
81 35241
81 35304
81 35324
81 35365
81 35612
81 35722
81 35774
81 35864
81 35905
81 35932
81 36037
81 36051
81 36084
81 36188
81 36257
81 36271
81 36294
81 36324
81 36495
81 36612
81 36687
81 36712
81 36764
81 36794
81 36821
81 36823
81 36931
81 37037
81 37187
81 37189
81 37380
81 37409
81 37430
81 37574
81 37632
81 37706
81 37751
81 37797
81 37953
81 38035
81 38044
81 38073
81 38158
74 78492
74 78752
74 78790
74 79116
74 79239
74 79316
74 79376
74 79433
74 79646
74 79660
74 79664
74 79899
74 79903
74 79916
74 80117
74 80131
74 80216
74 80281
74 80337
74 80396
74 80420
74 80779
74 80966
74 80991
74 80999
74 81096
74 81123
74 81245
74 81347
74 81736
74 81783
74 81791
74 81855
74 81856
74 81900
74 81908
74 82082
74 82175
74 82189
74 82199
74 82229
74 82249
74 82385
74 82433
74 82457
74 82494
74 82693
74 82788
74 83070
74 83084
74 83122
74 83263
74 83363
74 83589
74 83805
74 83882
74 83953
74 83995
74 84218
74 84226
74 84593
74 84792
74 84917
74 84950
74 84967
74 85158
74 85191
74 85227
74 85329
74 85349
74 85352
74 85450
74 85555
74 86140
74 86318
74 86358
74 86365
74 86481
74 86766
74 87096
74 87133
74 87185
74 87335
74 87364
74 87397
74 87672
74 87756
74 87773
74 87827
74 87837
74 87897
74 87902
74 87961
74 88074
74 88369
74 88379
74 88434
74 88501
74 88525
74 88597
74 88652
74 88901
74 88929
74 88931
74 88987
74 89001
74 89030
74 89038
74 89083
74 89087
74 89106
74 89146
74 89304
74 89309
74 89459
74 89552
74 89861
74 89915
74 90056
74 90202
74 90283
74 90438
74 90495
74 90499
74 90563
74 90601
74 90668
74 90678
74 90733
74 90766
74 90982
74 91021
74 91204
74 91250
74 91333
74 91343
76 77518
76 77989
76 78003
76 78122
76 78167
76 78272
76 78459
76 78482
76 78527
76 78617
76 78651
76 78686
76 78758
76 78855
76 79047
76 79234
76 79713
76 79740
76 79811
76 79900
76 79944
76 80011
76 80374
76 80409
76 80699
76 80875
76 81074
76 81266
76 81490
76 81628
76 81713
76 81871
76 81910
76 81928
76 81995
76 82225
76 82256
76 82272
76 82420
76 82473
76 82484
76 82595
76 82632
76 82688
76 82772
76 82780
76 82899
76 83187
76 83234
76 83293
76 83329
76 83362
76 83365
76 83390
76 83667
76 83679
76 83826
76 83827
76 83869
76 83917
76 83967
76 83998
76 84002
76 84104
76 84166
76 84219
76 84221
76 84295
76 84336
76 84386
76 84482
76 84507
76 84681
76 84797
76 84817
76 84925
76 84955
76 85199
76 85227
76 85296
76 85312
76 85584
76 85624
76 85633
76 85656
76 85696
76 85838
76 85843
76 85940
76 85964
76 85999
76 86037
76 86115
76 86420
76 86427
76 86650
76 86689
76 86753
76 86811
76 86884
76 86897
76 86973
76 87138
76 87249
76 87305
76 87377
76 87449
76 87762
76 88058
76 88098
76 88110
76 88202
76 88220
76 88237
76 88612
76 88859
76 89011
76 89034
76 89093
76 89136
76 89167
76 89249
76 89432
76 89473
76 89484
76 89550
76 89575
76 89617
76 89815
76 89840
76 89851
76 89957
76 89967
76 90103
76 90222
76 90364
76 90388
74 91773
74 91818
74 91893
74 91912
74 91963
74 91983
74 92006
74 92203
74 92272
74 92528
74 92573
74 92579
74 92758
74 92769
74 92894
74 92940
74 93051
74 93171
74 93237
74 93456
74 93532
74 93542
74 93617
74 93745
74 93767
74 93889
74 93894
74 93916
74 93926
74 93968
74 93971
74 94077
74 94267
74 94646
74 94677
74 94696
74 94763
74 94894
74 94896
74 94997
74 95037
74 95042
74 95135
74 95187
74 95240
74 95361
74 95403
74 95492
74 95551
74 95706
74 95717
74 95726
74 95980
74 96259
74 96311
74 96452
74 96463
74 96709
74 96716
74 96852
74 96919
74 96934
74 97096
74 97117
74 97366
74 97375
74 97383
74 97470
74 97597
74 97753
74 97832
74 97871
74 97876
74 97996
74 98005
74 98038
74 98061
74 98063
74 98186
74 98277
74 98496
74 98523
74 98561
74 98573
74 98643
74 98793
74 98821
74 98913
74 98969
74 99023
74 99222
74 99300
74 99428
74 99787
74 99830
74 99895
74 99993
74 100032
74 100055
74 100067
74 100322
74 100410
74 100557
74 100611
74 100642
74 100751
74 100761
74 100806
74 100885
74 100897
74 100932
74 100967
74 101041
74 101123
74 101347
74 101510
74 101523
74 101781
74 101800
74 101805
74 101972
74 102019
74 102040
74 102065
74 102094
74 102102
74 102127
74 102409
74 102459
74 102697
74 102895
74 102966
74 103072
74 103157
74 103352
74 103572
74 103601
74 103641
74 103676
74 103728
74 103745
74 103760
74 103786
74 103798
74 103847
74 103992
74 104003
74 104078
74 104176
74 104209
74 104312
74 104351
74 104370
74 104418
74 104593
78 121
78 160
78 180
78 236
78 340
78 346
78 473
78 506
78 527
78 733
78 878
78 1011
78 1050
78 1062
78 1078
78 1127
78 1207
78 1208
78 1227
78 1311
78 1417
78 1464
78 1697
78 1793
78 1836
78 1844
78 1849
78 2039
78 2047
78 2127
78 2229
78 2399
78 2557
78 2589
78 2661
78 2886
78 2946
78 2982
78 2995
78 3129
78 3137
78 3160
78 3185
78 3254
78 3530
78 3538
78 3604
78 3705
78 3829
78 3846
78 4078
78 4258
78 4289
78 4301
78 4303
78 4418
78 4419
78 4463
78 4470
78 4495
78 4584
78 4632
78 4707
78 4776
78 5074
78 5132
78 5142
78 5153
78 5195
78 5514
78 5518
78 5811
78 5926
78 5960
78 6022
78 6217
78 6295
78 6319
78 6354
78 6562
78 6712
78 6722
78 6777
78 6824
78 6934
78 6972
78 6973
78 6977
78 6984
78 7002
78 7170
78 7295
78 7313
78 7348
78 7386
78 7414
78 7533
78 7633
78 7667
78 7713
78 7773
78 7797
78 7928
78 7931
78 7984
78 8107
78 8273
78 8350
78 8499
78 8537
78 8633
78 8798
78 9063
78 9119
78 9145
78 9185
78 9276
78 9335
78 9522
78 9532
78 9600
78 9618
78 9729
78 9772
78 9857
78 9910
78 10030
78 10094
78 10106
78 10317
78 10407
78 10422
78 10661
78 10665
78 10801
78 10915
78 10997
78 11043
78 11075
78 11226
78 11341
78 11595
78 11621
78 11742
78 11893
78 11900
78 11911
78 11922
78 11945
78 12040
78 12064
78 12095
78 12189
78 12399
78 12401
78 12407
78 12536
78 12573
78 12689
78 12799
78 12800
78 13000
78 13123
78 13144
78 13342
78 13382
78 13415
78 13540
78 13598
78 13637
78 13696
78 13791
78 13965
78 14071
78 14206
78 14263
78 14325
78 14331
78 14422
78 14724
78 14798
78 14937
78 15114
78 15179
78 15601
78 15674
78 15713
78 15724
78 15760
78 15781
78 15821
78 15894
78 15958
78 16182
78 16199
78 16609
78 16714
78 16899
78 16924
78 16934
78 16944
78 16997
78 17044
78 17176
78 17217
78 17287
78 17331
78 17398
78 17644
78 17776
78 17848
78 17890
78 17931
78 18029
78 18267
78 18281
78 18349
78 18407
78 18545
78 18977
78 19014
78 19321
78 19384
78 19538
78 19728
78 19848
78 19907
78 19925
78 19940
78 20005
78 20067
78 20176
78 20388
78 20509
78 20551
78 20570
78 20962
78 21034
78 21284
78 21533
78 21656
78 21959
78 21996
78 22109
78 22128
78 22302
78 22316
78 22424
78 22541
78 22554
78 22594
78 22889
78 23073
78 23078
78 23231
78 23254
78 23273
78 23647
78 23766
78 23851
78 23890
78 24053
78 24093
78 24122
78 24212
78 24224
78 24262
78 24408
78 24424
78 24482
78 24584
78 24670
78 24871
78 25006
78 25048
78 25152
78 25250
78 25361
78 25370
78 25380
78 25476
78 25536
74 39482
74 39491
74 39544
74 39684
74 39799
74 39833
74 39874
74 39920
74 39997
74 40015
74 40179
74 40256
74 40267
74 40284
74 40335
74 40429
74 40729
74 40987
74 41172
74 41261
74 41377
74 41406
74 41540
74 41621
74 41680
74 41912
74 41926
74 42104
74 42136
74 42238
74 42332
74 42441
74 42450
74 42547
74 42606
74 42732
74 42750
74 42796
74 42906
74 43084
74 43201
74 43317
74 43375
74 43517
74 43671
74 43689
74 43724
74 43850
74 43868
74 43953
74 44012
74 44147
74 44429
74 44462
74 44568
74 44771
74 44774
74 44810
74 44968
74 44977
74 45112
74 45212
74 45325
74 45432
74 45453
74 45492
74 45524
74 45538
74 45582
74 45585
74 45593
74 45760
74 45831
74 45855
74 45896
74 46194
74 46198
74 46229
74 46282
74 46376
74 46845
74 46885
74 46889
74 46906
74 46955
74 47002
74 47174
74 47265
74 47304
74 47347
74 47447
74 47451
74 47634
74 47741
74 47837
74 48043
74 48147
74 48199
74 48207
74 48215
74 48245
74 48359
74 48536
74 48560
74 48608
74 48619
74 48686
74 48767
74 48815
74 48859
74 49043
74 49097
74 49184
74 49256
74 49281
74 49481
74 49505
74 49682
74 49742
74 49836
74 50116
74 50246
74 50685
74 50738
74 50839
74 50844
74 50940
74 50959
74 51347
74 51353
74 51533
74 51537
74 51646
74 51703
74 51875
74 51931
74 51959
74 52038
74 52078
74 52156
74 52269
77 38943
77 38979
77 39045
77 39049
77 39127
77 39266
77 39325
77 39411
77 39500
77 39621
77 39642
77 39794
77 39960
77 40036
77 40198
77 40246
77 40269
77 40415
77 40540
77 40606
77 40800
77 40813
77 40842
77 41346
77 41388
77 41418
77 41579
77 41619
77 41645
77 41805
77 41842
77 41908
77 41912
77 42205
77 42233
77 42304
77 42333
77 42577
77 42718
77 42751
77 42777
77 42895
77 42928
77 42943
77 42980
77 42992
77 43131
77 43205
77 43208
77 43242
77 43265
77 43351
77 43467
77 43503
77 43633
77 43653
77 43745
77 43949
77 44009
77 44161
77 44211
77 44305
77 44348
77 44419
77 44483
77 44540
77 44610
77 44709
77 44767
77 44931
77 45044
77 45066
77 45104
77 45174
77 45210
77 45313
77 45315
77 45424
77 45524
77 45552
77 45566
77 45609
77 45731
77 45768
77 45814
77 45864
77 45949
77 46001
77 46002
77 46097
77 46101
77 46362
77 46390
77 46412
77 46417
77 46474
77 46483
77 46516
77 46536
77 46683
77 46711
77 46935
77 47034
77 47109
77 47119
77 47225
77 47393
77 47472
77 47585
77 47622
77 47714
77 47964
77 48182
77 48302
77 48344
77 48568
77 48619
77 48640
77 48683
77 48817
77 48856
77 48918
77 48962
77 49030
77 49117
77 49373
77 49432
77 49515
77 49549
77 49700
77 49810
77 49913
77 49998
77 50240
77 50247
77 50293
77 50324
77 50393
77 50434
77 50486
77 50504
77 50547
77 50587
77 51010
77 51032
77 51191
77 51282
77 51330
77 51451
77 51612
77 51646
77 51687
77 51784
77 51832
78 89689
78 89775
78 89783
78 89864
78 89883
78 89964
78 89994
78 90005
78 90112
78 90191
78 90286
78 90301
78 90483
78 90532
78 90540
78 90603
78 90651
78 90741
78 90814
78 90871
78 90929
78 90966
78 91030
78 91057
78 91464
78 91982
78 91995
78 92073
78 92155
78 92214
78 92255
78 92316
78 92663
78 92703
78 92776
78 92844
78 92883
78 92976
78 93063
78 93128
78 93162
78 93248
78 93388
78 93515
78 93537
78 93836
78 93870
78 94075
78 94482
78 94539
78 94551
78 94633
78 94670
78 94707
78 94731
78 94821
78 94833
78 94879
78 94900
78 94939
78 95041
78 95131
78 95163
78 95209
78 95322
78 95388
78 95416
78 95484
78 95639
78 95749
78 95788
78 95894
78 95958
78 96056
78 96156
78 96195
78 96231
78 96306
78 96387
78 96498
78 96913
78 96938
78 96967
78 97004
78 97076
78 97092
78 97134
78 97159
78 97196
78 97382
78 97393
78 97407
78 97434
78 97519
78 97560
78 97563
78 97788
78 97850
78 97889
78 97926
78 98013
78 98072
78 98210
78 98303
78 98336
78 98408
78 98458
78 98511
78 98540
78 98544
78 98654
78 98711
78 98919
78 99067
78 99158
78 99235
78 99602
78 99631
78 99957
78 100213
78 100310
78 100315
78 100426
78 100473
78 100635
78 100826
78 100828
78 100836
78 100868
78 100927
78 101002
78 101104
78 101228
78 101503
78 101538
78 101636
78 101803
78 101849
78 102078
78 102225
78 102289
78 102339
78 102371
76 90448
76 90480
76 90491
76 90493
76 90497
76 90810
76 90926
76 90942
76 91056
76 91075
76 91108
76 91122
76 91155
76 91250
76 91252
76 91414
76 91576
76 91635
76 91724
76 91842
76 91873
76 91953
76 91999
76 92068
76 92256
76 92286
76 92288
76 92305
76 92386
76 92691
76 92929
76 93198
76 93345
76 93377
76 93406
76 93433
76 93461
76 93505
76 93508
76 93684
76 93694
76 93905
76 93909
76 93943
76 94074
76 94099
76 94107
76 94639
76 94683
76 94893
76 94910
76 94957
76 95098
76 95260
76 95272
76 95417
76 95537
76 95611
76 95758
76 96097
76 96103
76 96154
76 96168
76 96197
76 96202
76 96427
76 96585
76 96784
76 96811
76 96968
76 96996
76 97039
76 97272
76 97338
76 97352
76 97359
76 97377
76 97621
76 97793
76 97824
76 97846
76 98142
76 98161
76 98186
76 98273
76 98458
76 98500
76 98517
76 98521
76 98558
76 99138
76 99167
76 99329
76 99393
76 99432
76 99539
76 99681
76 99692
76 99759
76 99964
76 100154
76 100213
76 100217
76 100343
76 100431
76 100519
76 100575
76 100605
76 100652
76 100838
76 100891
76 101282
76 101391
76 101568
76 101574
76 101690
76 101759
76 101825
76 101913
76 101919
76 101932
76 102001
76 102132
76 102196
76 102244
76 102295
76 102379
76 102515
76 102597
76 102750
76 102858
76 102907
76 103285
81 38569
81 38580
81 38621
81 38792
81 38835
81 38902
81 38977
81 39068
81 39079
81 39189
81 39298
81 39366
81 39507
81 39811
81 39968
81 40041
81 40099
81 40146
81 40228
81 40331
81 40341
81 40529
81 40646
81 40727
81 40817
81 41221
81 41303
81 41317
81 41368
81 41561
81 41754
81 41849
81 41891
81 41897
81 41974
81 42132
81 42136
81 42220
81 42450
81 42471
81 42678
81 42692
81 42764
81 42839
81 42849
81 43094
81 43115
81 43178
81 43721
81 43841
81 43942
81 44096
81 44131
81 44283
81 44330
81 44417
81 44518
81 44580
81 44606
81 44664
81 44689
81 44740
81 44785
81 45185
81 45194
81 45214
81 45283
81 45364
81 45395
81 45398
81 45490
81 45494
81 45634
81 45678
81 45743
81 45765
81 45767
81 45786
81 45914
81 46125
81 46144
81 46179
81 46225
81 46339
81 46432
81 46445
81 46513
81 46582
81 46640
81 46710
81 46723
81 46735
81 46787
81 46932
81 46947
81 47120
81 47126
81 47135
81 47186
81 47213
81 47281
81 47287
81 47468
81 47492
81 47632
81 47705
81 47719
81 47753
81 47783
81 47784
81 47844
81 47848
81 47878
81 47912
81 47966
81 48018
81 48148
81 48224
81 48234
81 48493
81 48648
81 48705
81 48751
81 48989
81 49180
81 49275
81 49477
81 49518
81 49535
81 49822
81 49863
81 49890
81 49894
81 49915
81 49958
81 49981
81 50247
81 50652
81 50680
81 50698
74 104643
74 104794
74 104904
74 104913
74 105068
74 105146
74 105201
74 105637
74 105641
74 105655
74 105657
74 105790
74 105801
74 105936
74 105996
74 106081
74 106275
74 106367
74 106586
74 106711
74 107002
74 107013
74 107033
74 107206
74 107257
74 107410
74 107601
74 107754
74 107827
74 107892
74 108065
74 108242
74 108540
74 108590
74 108696
74 108778
74 108835
74 108878
74 108977
74 109117
74 109183
74 109260
74 109462
74 109644
74 109855
74 109884
74 109989
74 109997
74 110033
74 110335
74 110600
74 110655
74 110755
74 110879
74 110993
74 111022
74 111235
74 111403
74 111635
74 111662
74 111700
74 111704
74 111727
74 111956
74 112021
74 112159
74 112210
74 112224
74 112235
74 112310
74 112330
74 112473
74 112534
74 112544
74 112571
74 112578
74 112659
74 112734
74 112842
74 112908
74 112961
74 113337
74 113522
74 113537
74 113618
74 113684
74 113696
74 113953
74 114049
74 114266
74 114335
74 114397
74 114483
74 114517
74 114590
74 114596
74 114716
74 114814
74 114828
74 114892
74 114975
74 114999
74 115014
74 115024
74 115025
74 115451
74 115531
74 115766
74 115793
80 33784
80 33876
80 33881
80 33944
80 33969
80 34065
80 34151
80 34205
80 34215
80 34334
80 34578
80 34668
80 34860
80 34919
80 34924
80 35052
80 35057
80 35108
80 35233
80 35418
80 35499
80 35512
80 35609
80 35643
80 35802
80 35832
80 35855
80 35870
80 36041
80 36079
80 36256
80 36259
80 36262
80 36268
80 36271
80 36300
80 36925
80 37085
80 37278
80 37338
80 37374
80 37457
80 37501
80 37526
80 37594
80 37695
80 37792
80 37829
80 37836
80 37915
80 37998
80 38034
80 38063
80 38220
80 38288
80 38344
80 38353
80 38565
80 38732
80 38877
80 38971
80 38998
80 39065
80 39257
80 39341
80 39524
80 39535
80 39546
80 39557
80 39586
80 39758
80 39805
80 39825
80 39846
80 39851
80 39887
80 40024
80 40066
80 40081
80 40103
80 40109
80 40149
80 40220
80 40244
80 40450
80 40572
80 40670
80 40767
80 40801
80 40846
80 40873
80 40883
80 40904
80 40914
80 40966
80 41004
80 41040
80 41190
80 41227
80 41276
80 41494
80 41535
80 41559
80 41652
80 41971
80 41998
80 42031
80 42231
80 42374
80 42511
80 42541
80 42706
80 42813
80 42885
80 43039
80 43129
80 43175
80 43188
80 43321
80 43395
80 43446
80 43504
80 43608
80 43618
80 43801
80 43941
80 44107
80 44157
80 44435
80 44803
80 44833
80 44887
80 45325
80 45359
80 45474
80 45483
80 45642
80 45690
80 45733
80 45762
80 45799
80 45834
80 45902
80 45916
80 46079
80 46257
80 46261
80 46313
80 46361
80 46379
80 46478
80 46542
80 46790
80 46806
80 46888
80 47150
80 47253
80 47272
80 47376
80 47390
80 47613
80 47616
80 47692
80 47988
80 48048
80 48066
80 48206
80 48211
80 48397
80 48429
80 48567
80 48570
80 48600
80 48648
80 48698
80 48772
80 48883
80 48933
80 48939
80 49171
80 49215
80 49245
80 49349
80 49460
80 49495
80 49546
80 49574
80 49595
80 49707
80 49718
80 49828
80 49922
80 49964
80 50005
80 50212
80 50270
80 50288
80 50352
80 50353
80 50435
80 50493
82 78
82 154
82 181
82 203
82 313
82 370
82 393
82 483
82 553
82 782
82 805
82 810
82 874
82 1083
82 1156
82 1259
82 1260
82 1297
82 1343
82 1366
82 1384
82 1461
82 1580
82 1605
82 1636
82 1692
82 1808
82 1851
82 1863
82 1943
82 1953
82 1979
82 2006
82 2036
82 2242
82 2281
82 2420
82 2470
82 2517
82 2529
82 2634
82 2652
82 2680
82 2687
82 2759
82 2769
82 3411
82 3462
82 3481
82 3521
82 3532
82 3696
82 3704
82 3879
82 3893
82 4074
82 4521
82 4568
82 4635
82 4665
82 4711
82 4777
82 4808
82 4813
82 4853
82 4990
82 5014
82 5127
82 5145
82 5176
82 5239
82 5287
82 5417
82 5497
82 5687
82 5756
82 5766
82 5847
82 5857
82 6077
82 6081
82 6141
82 6147
82 6201
82 6210
82 6258
82 6275
82 6278
82 6336
82 6370
82 6375
82 6440
82 6549
82 6733
82 6773
82 6879
82 6904
82 7058
82 7361
82 7380
82 7397
82 7399
82 7416
82 7744
82 7764
82 7876
82 7909
82 7923
82 7924
82 7955
82 7995
82 8006
82 8321
82 8330
82 8444
82 8525
82 8537
82 8820
82 8886
82 8934
82 8965
82 8974
82 9024
82 9046
82 9078
82 9124
82 9471
82 9678
82 9895
82 9907
82 10329
82 10417
82 10424
82 10484
82 10537
82 10722
82 10792
82 10800
82 10852
82 10988
82 11042
82 11221
82 11305
82 11402
82 11557
82 11587
82 11620
82 11666
82 11712
82 11888
82 11911
82 11957
82 11992
82 12001
82 12248
82 12264
82 12354
82 12383
82 12572
82 12625
82 12683
82 12735
82 12744
82 12758
69 128761
69 128858
69 129006
69 129047
69 129109
69 129245
69 129564
69 129605
69 129620
69 129700
69 129737
69 129745
69 129771
69 129790
69 129850
69 129967
69 130014
69 130037
69 130152
69 130210
69 130326
69 130472
69 130506
69 130631
69 130665
69 130701
69 130775
69 130819
69 130877
69 130970
69 131011
69 131042
69 131045
69 131164
69 131294
69 131325
69 131362
69 131411
69 131430
69 131435
69 131549
69 131571
69 131629
69 131805
69 131818
69 131878
69 131916
69 132336
69 132388
69 132393
69 132653
69 132850
69 132916
69 132967
69 132992
69 133047
69 133123
69 133417
69 133468
69 133545
69 133578
69 133880
69 133905
69 134057
69 134080
69 134152
69 134154
69 134222
69 134235
69 134250
69 134253
69 134320
69 134327
69 134337
69 134514
69 134594
69 134748
69 134814
69 134929
69 135132
69 135195
69 135368
69 135399
69 135474
69 135507
69 135513
69 135645
69 135760
69 135872
69 135888
69 135899
69 136011
69 136054
69 136066
69 136103
69 136221
69 136249
69 136253
69 136342
69 136374
69 136414
69 136438
69 136540
69 136546
69 136574
69 136595
69 136597
69 136697
69 137511
69 137606
69 137642
69 137644
69 137740
69 137744
69 137826
69 137881
69 137954
69 138004
69 138130
69 138145
69 138266
69 138317
69 138413
69 138491
69 138690
69 138824
69 138859
69 139153
69 139193
69 139198
69 139333
69 139368
69 139406
69 139556
69 139686
69 139728
69 139748
69 140011
69 140088
69 140358
69 140446
69 140535
69 140606
69 140655
69 140754
69 140995
69 141214
69 141369
69 141406
69 141511
69 141534
69 141598
69 141756
69 141776
69 142228
69 142251
69 142286
69 142289
69 142321
69 142397
69 142401
69 142413
69 142421
69 142491
69 142519
69 142520
69 142635
69 142651
69 142687
69 142712
69 143012
69 143071
69 143167
69 143219
69 143324
69 143359
69 143526
69 143854
69 144060
69 144061
69 144087
69 144133
69 144335
69 144345
69 144419
69 144429
69 144516
69 144577
69 144617
69 144730
69 144795
69 144830
69 144849
69 144861
69 144924
69 144925
69 144967
69 145025
69 145068
69 145134
69 145195
69 145358
69 145495
69 145702
69 145814
69 145877
69 146066
69 146073
69 146213
69 146237
69 146478
69 146498
69 146576
69 146599
69 146685
69 146735
69 146750
69 146783
69 146847
69 146933
69 146971
69 147018
69 147035
69 147105
69 147125
69 147415
69 147542
69 147627
69 147745
69 147753
69 147843
69 147956
69 147996
69 148234
69 148485
69 148487
69 148512
69 148534
69 148649
69 148716
69 148793
69 148801
69 148841
69 149010
69 149233
69 149312
69 149629
69 149647
69 149652
69 149807
69 149863
69 149914
69 149943
69 149965
69 149968
69 149976
69 150012
69 150013
69 150058
69 150064
69 150242
69 150305
69 150422
69 150601
69 150649
69 150732
69 150737
69 151184
69 151335
69 151379
69 151416
69 151600
69 151648
69 151761
69 151905
69 152015
69 152108
69 152366
69 152519
69 152532
69 152552
69 152587
69 152658
69 152713
69 152936
69 152973
69 153046
69 153134
69 153284
69 153474
69 153542
69 153610
69 153786
69 153946
69 153967
69 154064
69 179950
69 180089
69 180419
69 180438
69 180468
69 180693
69 180927
69 181030
69 181045
69 181076
69 181090
69 181164
69 181167
69 181261
69 181270
69 181285
69 181314
69 181341
69 181382
69 181481
69 181522
69 181674
69 181839
69 181931
69 181943
69 182066
69 182190
69 182226
69 182244
69 182303
69 182427
69 182619
69 182700
69 182705
69 182727
69 182842
69 183146
69 183316
69 183560
69 183565
69 183640
69 183821
69 184181
69 184196
69 184253
69 184321
69 184483
69 184487
69 184621
69 184647
69 184898
69 184915
69 184989
69 185432
69 185524
69 185551
69 185596
69 185737
69 185750
69 185762
69 185796
69 185893
69 185921
69 186002
69 186094
69 186261
69 186533
69 186640
69 186776
69 186836
69 186840
69 187154
69 187323
69 187530
69 187952
69 188060
69 188195
69 188230
69 188313
69 188403
69 188432
69 188526
69 188583
69 188586
69 189442
69 189472
69 189543
69 189561
69 189632
69 189687
69 189708
69 189735
69 189737
69 189781
69 189848
69 189999
69 190556
69 190604
69 190749
69 190823
69 190907
69 191117
69 191118
69 191217
69 191680
69 191791
69 191813
69 191827
69 192135
69 192252
69 192424
69 192549
69 192724
69 192802
69 192807
69 192844
69 192890
69 193200
69 193259
69 193369
69 193394
69 193467
69 193470
69 193537
69 193541
69 193549
69 193602
69 193689
69 193789
69 193812
69 193975
69 194089
69 194160
69 194229
69 194374
69 194428
69 194571
69 194579
69 194683
69 194722
69 194891
69 194898
69 194906
69 194920
69 194928
69 194974
69 195009
69 195081
69 195229
69 195290
69 195305
69 195395
69 195437
69 195556
69 195598
69 195748
69 195907
69 195927
69 195932
69 195936
69 196043
69 196077
69 196106
69 196190
69 196368
69 196445
69 196478
69 196498
69 196513
69 196520
69 196557
69 196708
69 196754
69 196785
69 196878
69 196983
69 197229
69 197254
69 197257
69 197318
69 197359
69 197410
69 197476
69 197658
69 197673
69 197694
69 197725
69 197773
69 197943
69 198146
69 198281
69 198484
69 198508
69 198585
69 198907
69 198954
69 198955
69 199216
69 199298
69 199512
69 199608
69 199679
69 199997
69 200126
69 200256
69 200301
69 200473
69 200567
69 200778
69 200911
69 201030
69 201261
69 201262
69 201354
69 201392
69 201626
69 201682
69 201740
69 201812
69 201956
69 202018
69 202043
69 202053
69 202073
69 202115
69 202174
69 202185
69 202215
69 202229
69 202276
74 52325
74 52371
74 52535
74 52778
74 52851
74 53091
74 53103
74 53114
74 53161
74 53435
74 53618
74 53637
74 53741
74 53873
74 54049
74 54142
74 54290
74 54543
74 54590
74 54639
74 54742
74 54862
74 55047
74 55104
74 55257
74 55360
74 55361
74 55456
74 55478
74 55487
74 55505
74 55580
74 55592
74 55593
74 55611
74 55626
74 55785
74 55842
74 55944
74 55971
74 56106
74 56317
74 56445
74 56538
74 56576
74 56654
74 56704
74 56717
74 56741
74 56746
74 56791
74 56814
74 56878
74 56919
74 57064
74 57213
74 57344
74 57484
74 57686
74 57722
74 57751
74 57790
74 57892
74 57924
74 58025
74 58092
74 58187
74 58253
74 58396
74 58447
74 58470
74 58524
74 58587
74 58638
74 58641
74 58731
74 58737
74 58845
74 58848
74 58880
74 58932
74 59176
74 59227
74 59471
74 59521
74 59565
74 59593
74 59654
74 59897
74 59903
74 60253
74 60372
74 60409
74 60465
74 60481
74 60534
74 60546
74 60900
74 60935
74 60943
74 60944
74 61067
74 61080
74 61191
74 61209
74 61295
74 61345
74 61550
74 61586
74 61641
74 61814
74 61843
74 62077
74 62091
74 62158
74 62212
74 62246
74 62317
74 62378
74 62537
74 62655
74 62691
74 62798
74 63024
74 63028
74 63040
74 63126
74 63196
74 63253
74 63425
74 63617
74 63730
74 63803
74 64075
74 64159
74 64261
74 64347
74 64401
74 64461
74 64654
74 64690
74 64712
74 64872
74 64878
74 64976
74 65055
74 65226
76 25924
76 26041
76 26094
76 26172
76 26260
76 26448
76 26542
76 26570
76 26709
76 26801
76 26847
76 26892
76 26893
76 26905
76 26914
76 26999
76 27034
76 27036
76 27056
76 27228
76 27293
76 27324
76 27367
76 27479
76 27586
76 27844
76 27862
76 28547
76 28675
76 28683
76 28776
76 28851
76 28943
76 29132
76 29211
76 29230
76 29246
76 29347
76 29354
76 29409
76 29426
76 29554
76 29569
76 29794
76 29894
76 29976
76 29999
76 30058
76 30102
76 30190
76 30197
76 30384
76 30413
76 30494
76 30520
76 30660
76 30775
76 30830
76 31183
76 31304
76 31310
76 31374
76 31390
76 31662
76 31891
76 32015
76 32038
76 32153
76 32285
76 32298
76 32322
76 32351
76 32849
76 33084
76 33266
76 33368
76 33441
76 33470
76 33480
76 33781
76 34070
76 34158
76 34163
76 34249
76 34273
76 34449
76 34937
76 35030
76 35052
76 35104
76 35190
76 35308
76 35392
76 35432
76 35453
76 35592
76 35671
76 35744
76 35855
76 35893
76 35950
76 36023
76 36202
76 36338
76 36439
76 36489
76 36559
76 36618
76 36780
76 36948
76 37043
76 37123
76 37294
76 37300
76 37327
76 37361
76 37364
76 37447
76 37612
76 37803
76 37840
76 37962
76 38017
76 38128
76 38178
76 38320
76 38333
76 38342
76 38429
76 38678
76 38743
76 38763
76 38964
76 39203
76 39362
76 39430
76 39478
76 39667
76 39680
76 39853
76 39885
76 39902
76 40111
76 40165
76 40255
76 40297
76 40305
76 40383
76 40441
76 40505
76 40529
76 40537
76 40539
76 40541
76 40545
76 40795
76 40827
76 40851
76 40940
76 40948
76 41037
76 41121
76 41431
76 41641
76 41654
76 41676
76 41693
76 41747
76 41827
76 41855
76 41920
76 41948
76 41984
76 42039
76 42040
76 42105
76 42119
76 42139
76 42170
76 42650
76 42682
76 42694
76 42747
76 42792
76 42807
76 42999
76 43259
76 43275
76 43329
76 43468
76 43537
76 43742
76 43888
76 43904
76 43921
76 43967
76 43976
76 43983
76 44104
76 44110
76 44218
76 44315
76 44455
76 44491
76 44657
76 44668
76 44727
76 44750
76 44888
76 44977
76 45075
76 45153
76 45219
76 45297
76 45327
76 45489
76 45547
76 45571
76 45600
76 45765
76 45769
76 45852
76 46212
76 46260
76 46314
76 46397
76 46558
76 46820
76 46933
76 46935
76 46951
76 47060
76 47112
76 47155
76 47169
76 47205
76 47229
76 47273
76 47317
76 47332
76 47362
76 47446
76 47528
76 47634
76 47670
76 47756
76 47799
76 47886
76 47917
76 48086
76 48287
76 48467
76 48852
76 48865
76 48958
76 49067
76 49112
76 49310
76 49448
76 49503
76 49652
76 49767
76 50040
76 50156
76 50335
76 50431
76 50474
76 50937
76 50947
76 51003
76 51075
76 51135
76 51143
76 51231
76 51465
76 51630
77 52106
77 52124
77 52169
77 52201
77 52206
77 52356
77 52450
77 53485
77 53730
77 53740
77 53866
77 53924
77 54019
77 54033
77 54115
77 54138
77 54143
77 54154
77 54285
77 54503
77 54520
77 54572
77 54620
77 54744
77 54795
77 54804
77 54878
77 55179
77 55258
77 55327
77 55431
77 55525
77 55961
77 55986
77 56132
77 56268
77 56518
77 56519
77 56585
77 56663
77 56676
77 56682
77 56716
77 56848
77 56907
77 56952
77 56960
77 56975
77 57113
77 57305
77 57361
77 57390
77 57561
77 57592
77 57600
77 57616
77 57689
77 57721
77 57727
77 57822
77 58112
77 58124
77 58223
77 58266
77 58445
77 58479
77 58519
77 58527
77 58541
77 58729
77 58769
77 58809
77 58854
77 59084
77 59173
77 59221
77 59339
77 59341
77 59352
77 59428
77 59601
77 59619
77 59625
77 59655
77 59716
77 59809
77 59965
77 60115
77 60116
77 60232
77 60237
77 60356
77 60388
77 60434
77 60462
77 60606
77 60674
77 60757
77 60765
77 60811
77 60902
77 61044
77 61121
77 61153
77 61294
77 61322
77 61499
77 61520
77 61694
77 61710
77 61716
77 61770
77 61914
77 62039
77 62173
77 62189
77 62308
77 62363
77 62597
77 62820
77 62839
77 62945
77 63055
77 63105
77 63149
77 63168
77 63354
77 63423
77 63462
77 63511
77 63672
77 63728
77 63938
77 63950
77 63959
77 64163
77 64198
77 64352
77 64451
77 64662
77 64739
77 64757
77 64795
78 102553
78 102558
78 102711
78 102759
78 102832
78 102938
78 102954
78 103102
78 103156
78 103212
78 103232
78 103301
78 103448
78 103515
78 103703
78 103709
78 103717
78 103746
78 103789
78 103843
78 103915
78 103916
78 103973
78 104311
78 104523
78 104528
78 104648
78 104725
78 104834
78 104936
78 105064
78 105071
78 105365
78 105463
78 105491
78 105509
78 105575
78 105738
78 105930
78 106066
78 106214
78 106215
78 106368
78 106527
78 106709
78 106823
78 106887
78 106934
78 107160
78 107187
78 107226
78 107229
78 107315
78 107378
78 107420
78 107478
78 107496
78 107519
78 107563
78 107598
78 107703
78 107804
78 107807
78 108092
78 108103
78 108177
78 108248
78 108421
78 108583
78 108702
78 108865
78 108868
78 108928
78 109122
78 109197
78 109298
78 109378
78 109485
78 109522
78 109535
78 109827
78 109879
78 109890
78 109922
78 109923
78 110069
78 110108
78 110148
78 110268
78 110281
78 110319
78 110515
78 110596
78 110645
78 110826
78 111041
78 111105
78 111177
78 111355
78 111495
78 111587
78 111800
78 111852
78 111924
78 111970
78 111980
78 112116
78 112254
78 112339
78 112474
78 112672
78 112706
78 112788
78 112805
78 112842
78 112847
78 112848
78 112861
78 113152
78 113370
78 113381
78 113395
78 113563
78 113581
78 113641
78 113851
78 113858
78 113891
78 113949
78 114035
78 114071
78 114304
78 114306
78 114679
78 114892
78 114914
78 115032
78 115209
76 103396
76 103433
76 103446
76 103562
76 103596
76 103653
76 103656
76 103876
76 103940
76 104027
76 104059
76 104110
76 104183
76 104202
76 104243
76 104256
76 104344
76 104385
76 104407
76 104432
76 104475
76 104578
76 104630
76 104638
76 104685
76 104827
76 104855
76 104865
76 105057
76 105106
76 105223
76 105251
76 105349
76 105409
76 105449
76 105457
76 105587
76 105698
76 105715
76 105736
76 105739
76 105929
76 105956
76 106138
76 106148
76 106178
76 106221
76 106281
76 106283
76 106778
76 106784
76 106808
76 106877
76 106917
76 107007
76 107151
76 107210
76 107223
76 107320
76 107412
76 107452
76 107600
76 107677
76 107714
76 107802
76 107888
76 107926
76 108202
76 108213
76 108373
76 108465
76 108753
76 108786
76 108794
76 108864
76 109030
76 109119
76 109228
76 109299
76 109346
76 109351
76 109456
76 109494
76 109707
76 109830
76 109858
76 109934
76 109969
76 110038
76 110201
76 110484
76 110516
76 110565
76 110686
76 110926
76 111104
76 111122
76 111162
76 111202
76 111284
76 111514
76 111529
76 111553
76 111611
76 111678
76 111701
76 111711
76 111763
76 111804
76 111832
76 111851
76 111919
76 111960
76 112055
76 112269
76 112280
76 112335
76 112355
76 112555
76 112587
76 112722
76 112738
76 112881
76 112919
76 113035
76 113179
76 113204
76 113298
76 113344
76 113375
76 113377
76 113408
76 113591
76 113672
76 113722
76 113875
76 114078
76 114152
76 114409
76 114410
76 114452
76 114531
76 114546
76 114577
76 114696
76 114815
76 114941
76 115208
76 115257
76 115334
76 115519
76 115609
76 115738
76 115801
76 115812
76 115832
76 115919
76 116094
81 50951
81 50993
81 51057
81 51306
81 51431
81 51449
81 51514
81 51548
81 51572
81 51600
81 51629
81 51750
81 51752
81 51914
81 51948
81 52013
81 52018
81 52025
81 52051
81 52068
81 52082
81 52121
81 52127
81 52404
81 52528
81 52602
81 52707
81 52821
81 52827
81 52854
81 52867
81 52947
81 53053
81 53070
81 53192
81 53203
81 53218
81 53526
81 53592
81 53616
81 53665
81 53720
81 53845
81 53875
81 53967
81 54042
81 54053
81 54062
81 54083
81 54125
81 54130
81 54215
81 54249
81 54278
81 54309
81 54315
81 54321
81 54490
81 54535
81 54557
81 54561
81 54754
81 54805
81 54820
81 54858
81 55134
81 55287
81 55290
81 55478
81 55555
81 55666
81 55708
81 55790
81 55802
81 56016
81 56018
81 56054
81 56066
81 56151
81 56168
81 56351
81 56356
81 56421
81 56426
81 56434
81 56454
81 56678
81 56717
81 56739
81 56811
81 56931
81 57009
81 57029
81 57035
81 57058
81 57105
81 57171
81 57264
81 57406
81 57426
81 57598
81 57606
81 57635
81 57648
81 57651
81 57766
81 57849
81 57909
81 57991
81 58001
81 58229
81 58263
81 58282
81 58423
81 58469
81 58542
81 58566
81 58594
81 58660
81 58755
81 58854
81 58895
81 58910
81 59055
81 59101
81 59246
81 59369
81 59403
81 59484
81 59532
81 59641
81 59661
81 59853
81 60315
81 60346
81 60403
81 60464
81 60537
81 60562
81 60598
81 60609
81 60617
81 60765
81 60854
81 60897
81 61025
81 61157
81 61271
81 61316
81 61475
81 61522
81 61536
81 61593
81 61610
81 61650
81 61700
81 61738
81 62113
81 62309
81 62335
81 62432
81 62486
81 62515
81 62606
81 62614
81 62617
81 62820
81 62828
81 62944
81 62975
81 63005
81 63050
81 63079
81 63216
81 63351
81 63390
81 63454
81 63512
81 63544
81 63582
81 63596
76 51664
76 52237
76 52415
76 52615
76 52893
76 52992
76 52994
76 52995
76 52999
76 53055
76 53332
76 53429
76 53548
76 53600
76 53620
76 53679
76 53682
76 53818
76 53888
76 53912
76 53962
76 53966
76 54210
76 54403
76 54474
76 54567
76 54676
76 54874
76 54891
76 54955
76 55128
76 55188
76 55219
76 55311
76 55359
76 55655
76 55754
76 55870
76 55980
76 56126
76 56185
76 56274
76 56308
76 56419
76 56542
76 56663
76 56750
76 56770
76 56991
76 57026
76 57059
76 57152
76 57244
76 57267
76 57460
76 57470
76 57615
76 57670
76 57676
76 57684
76 57705
76 57724
76 57958
76 58105
76 58305
76 58414
76 58417
76 58770
76 58881
76 58914
76 59111
76 59254
76 59319
76 59418
76 59638
76 59906
76 59960
76 60029
76 60109
76 60168
76 60208
76 60335
76 60347
76 60364
76 60422
76 60423
76 60441
76 60448
76 60464
76 60468
76 60733
76 61005
76 61027
76 61549
76 61572
76 61613
76 61643
76 61775
76 61795
76 62013
76 62042
76 62068
76 62075
76 62357
76 62420
76 62464
76 62528
76 62574
76 62651
76 62674
76 62723
76 62730
76 62769
76 62952
76 62961
76 63098
76 63147
76 63194
76 63433
76 63480
76 63616
76 63626
76 63707
76 63843
76 63938
76 64151
76 64177
76 64179
76 64191
76 64198
76 64273
82 12838
82 12927
82 12930
82 13006
82 13044
82 13099
82 13250
82 13283
82 13444
82 13489
82 13523
82 13533
82 13542
82 13570
82 13657
82 13756
82 13799
82 13828
82 13957
82 13965
82 13987
82 13988
82 14029
82 14104
82 14113
82 14146
82 14216
82 14222
82 14326
82 14327
82 14357
82 14366
82 14389
82 14400
82 14415
82 14461
82 14480
82 14694
82 14719
82 14887
82 14936
82 15213
82 15363
82 15437
82 15547
82 15565
82 15641
82 15651
82 15886
82 15927
82 16042
82 16055
82 16085
82 16276
82 16287
82 16322
82 16562
82 16597
82 16681
82 16754
82 16864
82 16874
82 17004
82 17149
82 17165
82 17281
82 17355
82 17395
82 17588
82 17768
82 17857
82 17860
82 17903
82 18036
82 18210
82 18407
82 18433
82 18528
82 18623
82 18838
82 19034
82 19189
82 19226
82 19289
82 19314
82 19365
82 19493
82 19571
82 19585
82 19660
82 20088
82 20124
82 20182
82 20406
82 20473
82 20547
82 20676
82 20718
82 20739
82 20824
82 20853
82 21000
82 21050
82 21068
82 21119
82 21145
82 21310
82 21343
82 21548
82 21551
82 21606
82 21629
82 21665
82 21832
82 21899
82 21900
82 21941
82 21983
82 22016
82 22184
82 22450
82 22484
82 22607
82 22612
82 22739
82 22752
82 22785
82 22832
82 22854
82 22885
82 22892
82 22922
82 22972
82 23002
82 23095
82 23194
82 23248
82 23328
82 23721
82 23752
82 23886
82 23988
82 24240
82 24289
82 24332
82 24349
82 24498
82 24547
82 24746
82 24753
82 24771
82 24801
82 24850
82 24881
82 24918
82 24993
82 25091
82 25420
82 25450
82 25471
82 25507
82 25523
82 25589
78 25685
78 25705
78 25731
78 25779
78 25985
78 25997
78 26069
78 26148
78 26151
78 26224
78 26299
78 26327
78 26408
78 26523
78 26749
78 26806
78 26865
78 27100
78 27269
78 27591
78 27627
78 27686
78 27902
78 27932
78 27967
78 28178
78 28183
78 28256
78 28371
78 28405
78 28428
78 28432
78 28459
78 28479
78 28505
78 28770
78 28842
78 29001
78 29010
78 29093
78 29233
78 29401
78 29566
78 29671
78 29701
78 29725
78 29781
78 29834
78 29862
78 29959
78 30128
78 30165
78 30191
78 30240
78 30320
78 30336
78 30510
78 30606
78 30669
78 30687
78 30772
78 30786
78 30861
78 30897
78 30971
78 30973
78 30978
78 31022
78 31068
78 31188
78 31310
78 31360
78 31525
78 31537
78 31541
78 31716
78 31792
78 31936
78 31990
78 31993
78 32098
78 32171
78 32367
78 32401
78 32433
78 32522
78 32532
78 32633
78 32833
78 32922
78 32947
78 33129
78 33280
78 33284
78 33711
78 33792
78 33902
78 33978
78 33986
78 34112
78 34383
78 34447
78 34593
78 35281
78 35301
78 35385
78 35526
78 35934
78 36018
78 36049
78 36051
78 36085
78 36103
78 36139
78 36185
78 36250
78 36381
78 36423
78 36519
78 36612
78 36701
78 36746
78 36752
78 36831
78 36923
78 37186
78 37384
78 37719
78 37776
78 37911
78 37984
78 38113
78 38180
78 38276
78 38308
78 38899
78 39092
78 39150
78 39151
78 39330
78 39333
78 39471
78 39699
78 39983
78 40055
78 40125
78 40205
78 40225
78 40324
78 40394
78 40626
78 40650
78 40701
78 41056
78 41149
78 41228
78 41398
78 41556
78 41586
78 41632
78 41762
78 41777
78 41875
78 41913
78 41998
78 42003
78 42089
78 42157
78 42238
78 42315
78 42500
78 42598
78 42687
78 42740
78 42922
78 42945
78 42988
78 43005
78 43043
78 43126
78 43172
78 43293
78 43439
78 43454
78 43565
78 43730
78 43743
78 43861
78 43934
78 43968
78 43987
78 44059
78 44100
78 44389
78 44765
78 44897
78 44911
78 45010
78 45055
78 45070
78 45156
78 45240
78 45441
78 45651
78 45842
78 45900
78 45967
78 45968
78 46240
78 46263
78 46325
78 46358
78 46359
78 46386
78 46394
78 46426
78 46457
78 46707
78 46849
78 47027
78 47046
78 47100
78 47417
78 47434
78 47516
78 47729
78 47832
78 47917
78 47946
78 48065
78 48080
78 48108
78 48156
78 48281
78 48303
78 48440
78 48804
78 48950
78 49100
78 49111
78 49230
78 49469
78 49666
78 49877
78 49900
78 50067
78 50348
78 50360
78 50380
78 51075
80 50696
80 50700
80 50745
80 50923
80 50990
80 51043
80 51162
80 51258
80 51347
80 51435
80 51448
80 51607
80 51668
80 51674
80 51700
80 51741
80 52259
80 52371
80 52387
80 52416
80 52477
80 52661
80 52679
80 52791
80 52792
80 53004
80 53459
80 53517
80 53538
80 53692
80 53757
80 53801
80 53876
80 53906
80 53986
80 54022
80 54035
80 54127
80 54134
80 54171
80 54233
80 54297
80 54347
80 54391
80 54432
80 54440
80 54606
80 54684
80 54702
80 54878
80 55109
80 55391
80 55449
80 55489
80 55586
80 55689
80 55695
80 55760
80 55773
80 55801
80 55852
80 56076
80 56223
80 56332
80 56362
80 56449
80 56453
80 56521
80 56534
80 56594
80 56635
80 56643
80 56660
80 56720
80 56879
80 56965
80 56973
80 57110
80 57111
80 57169
80 57221
80 57430
80 57486
80 57757
80 57780
80 57933
80 58024
80 58113
80 58159
80 58313
80 58604
80 58716
80 58754
80 58797
80 58820
80 58872
80 58878
80 59082
80 59093
80 59390
80 59433
80 59496
80 59596
80 59762
80 59869
80 59923
80 59925
80 60082
80 60291
80 60571
80 60615
80 60656
80 60812
80 60864
80 61132
80 61308
80 61314
80 61414
80 61434
80 61728
80 61791
80 62084
80 62093
80 62432
80 62451
80 62513
80 62533
80 62571
80 62586
80 62758
80 62937
80 63021
80 63138
80 63163
80 63169
80 63427
80 63577
80 63676
80 63796
80 63826
80 63857
80 63911
80 63947
80 64005
80 64181
80 64233
80 64331
80 64427
80 64539
80 64572
80 64592
80 64823
80 64896
80 64926
80 65098
80 65107
80 65135
80 65239
80 65295
80 65448
80 65640
80 65801
80 65827
80 65839
80 65891
80 65992
80 66049
80 66211
80 66670
80 66749
80 66819
80 66963
80 67069
80 67166
80 67255
80 67323
80 67405
80 67543
80 67556
78 51234
78 51326
78 51353
78 51570
78 51578
78 51603
78 51631
78 51798
78 51903
78 52025
78 52246
78 52284
78 52525
78 52553
78 52587
78 52724
78 52891
78 52946
78 52971
78 53059
78 53144
78 53294
78 53330
78 53479
78 53635
78 53950
78 54002
78 54020
78 54055
78 54229
78 54421
78 54488
78 54517
78 54692
78 54695
78 54813
78 54895
78 55018
78 55247
78 55405
78 55491
78 55631
78 55664
78 55665
78 55688
78 55801
78 56085
78 56091
78 56261
78 56323
78 56435
78 56521
78 56567
78 56570
78 56597
78 56649
78 56935
78 56958
78 57009
78 57144
78 57155
78 57198
78 57414
78 57510
78 57531
78 57818
78 57919
78 57935
78 58148
78 58260
78 58292
78 58770
78 58957
78 58992
78 59099
78 59228
78 59232
78 59284
78 59412
78 59482
78 59503
78 59670
78 59790
78 59932
78 59953
78 60141
78 60313
78 60410
78 60582
78 60585
78 60611
78 60616
78 60663
78 60748
78 60980
78 61007
78 61009
78 61304
78 61454
78 61562
78 61570
78 61581
78 61687
78 61723
78 61731
78 61803
78 61851
78 61952
78 62199
78 62362
78 62363
78 62389
78 62402
78 62432
78 62609
78 62787
78 62938
78 62998
78 63139
78 63154
78 63451
78 63474
78 63605
78 63814
78 63900
78 63941
78 63972
76 64597
76 64714
76 64849
76 65098
76 65114
76 65226
76 65238
76 65277
76 65462
76 65483
76 65558
76 65643
76 65664
76 65702
76 65804
76 66307
76 66312
76 66345
76 66350
76 66411
76 66500
76 66540
76 66564
76 66598
76 66652
76 66663
76 66780
76 66805
76 66869
76 67005
76 67052
76 67062
76 67100
76 67171
76 67188
76 67212
76 67433
76 67451
76 67470
76 67484
76 67507
76 67642
76 67668
76 68156
76 68253
76 68273
76 68367
76 68496
76 68601
76 68619
76 68733
76 68787
76 68812
76 69033
76 69210
76 69309
76 69510
76 69690
76 69696
76 69777
76 69787
76 70073
76 70110
76 70177
76 70199
76 70279
76 70514
76 70762
76 70813
76 71209
76 71235
76 71252
76 71274
76 71317
76 71528
76 71581
76 71595
76 71669
76 71676
76 71695
76 71775
76 71816
76 71907
76 72043
76 72170
76 72201
76 72469
76 72589
76 72705
76 72713
76 72748
76 72770
76 72776
76 73016
76 73047
76 73156
76 73313
76 73339
76 73385
76 73421
76 73451
76 73687
76 73726
76 73784
76 73841
76 73938
76 73941
76 73974
76 73995
76 74030
76 74053
76 74076
76 74087
76 74141
76 74525
76 74575
76 74579
76 74655
76 74673
76 74979
76 75072
76 75077
76 75157
76 75160
76 75316
76 75321
76 75542
76 75586
76 75611
76 75617
76 75747
76 75767
76 75893
76 75948
76 76087
76 76380
76 76383
76 76618
76 76693
76 76751
76 76943
76 76967
76 77051
76 77192
76 77233
76 77243
76 77271
76 77454
82 25774
82 25799
82 25818
82 25832
82 25953
82 26044
82 26059
82 26338
82 26375
82 26407
82 26728
82 26804
82 26916
82 27052
82 27068
82 27223
82 27250
82 27284
82 27535
82 27549
82 27610
82 27630
82 27676
82 27732
82 27763
82 27798
82 27847
82 27901
82 27979
82 28071
82 28184
82 28206
82 28428
82 28568
82 28925
82 28936
82 28977
82 29022
82 29209
82 29393
82 29395
82 29452
82 29590
82 29615
82 29833
82 29912
82 30241
82 30302
82 30353
82 30381
82 30417
82 30443
82 30459
82 30652
82 30789
82 30880
82 31139
82 31143
82 31171
82 31176
82 31243
82 31501
82 31612
82 31648
82 31656
82 31766
82 31888
82 31889
82 31896
82 31908
82 32014
82 32062
82 32320
82 32326
82 32338
82 32368
82 32371
82 32423
82 32436
82 32461
82 32564
82 32712
82 32844
82 32963
82 33053
82 33204
82 33230
82 33412
82 33465
82 33489
82 33492
82 33685
82 33782
82 33986
82 34065
82 34173
82 34309
82 34383
82 34408
82 34709
82 34712
82 34743
82 34755
82 34764
82 34783
82 34963
82 35055
82 35073
82 35106
82 35168
82 35233
82 35242
82 35284
82 35420
82 35469
82 35516
82 35535
82 35548
82 35657
82 35753
82 35849
82 35915
82 36108
82 36118
82 36207
82 36305
82 36336
82 36354
82 36474
82 36481
82 36556
82 36657
82 36717
82 36819
82 36844
82 36881
82 36956
82 37261
82 37311
82 37482
82 37590
82 37643
82 37699
82 38218
82 38280
77 64912
77 65104
77 65153
77 65207
77 65345
77 65449
77 65560
77 65771
77 65830
77 66173
77 66251
77 66290
77 66377
77 66378
77 66440
77 66441
77 66530
77 66575
77 66660
77 66671
77 66721
77 66798
77 66811
77 66879
77 66918
77 67101
77 67153
77 67158
77 67180
77 67414
77 67474
77 67512
77 67630
77 67655
77 67742
77 67813
77 67840
77 68017
77 68067
77 68076
77 68104
77 68283
77 68294
77 68436
77 68486
77 68490
77 68524
77 68542
77 68557
77 68612
77 68651
77 68676
77 68714
77 68787
77 68871
77 68875
77 68967
77 69111
77 69178
77 69184
77 69247
77 69416
77 69470
77 69562
77 69678
77 69867
77 69987
77 70086
77 70087
77 70162
77 70163
77 70179
77 70301
77 70355
77 70357
77 70424
77 70425
77 70656
77 71072
77 71097
77 71183
77 71279
77 71297
77 71418
77 71522
77 71577
77 71594
77 71657
77 72201
77 72266
77 72284
77 72378
77 72399
77 72423
77 72663
77 72679
77 72798
77 73071
77 73086
77 73396
77 73450
77 73621
77 73628
77 73656
77 73671
77 73852
77 73887
77 74465
77 74509
77 74582
77 74584
77 74641
77 74897
77 75081
77 75138
77 75143
77 75294
77 75307
77 75570
77 75578
77 75664
77 75673
77 75838
77 75871
77 75998
77 76153
77 76198
77 76335
77 76504
77 76522
77 76704
77 77010
77 77254
77 77407
77 77511
77 77610
77 77612
77 77650
77 77693
77 77717
77 77759
77 77827
78 115287
78 115298
78 115326
78 115557
78 115623
78 115654
78 115677
78 115679
78 115914
78 116151
78 116293
78 116333
78 116479
78 116502
78 116691
78 116706
78 116738
78 116749
78 116799
78 116865
78 116902
78 117034
78 117046
78 117047
78 117164
78 117595
78 117772
78 117837
78 117847
78 118004
78 118068
78 118382
78 118383
78 118530
78 118697
78 118826
78 119001
78 119002
78 119147
78 119181
78 119247
78 119278
78 119394
78 119514
78 119535
78 119563
78 119568
78 119635
78 119650
78 119947
78 120127
78 120144
78 120246
78 120269
78 120362
78 120417
78 120456
78 120516
78 120519
78 120560
78 120675
78 120686
78 120709
78 120844
78 121104
78 121164
78 121336
78 121347
78 121430
78 121445
78 121528
78 121549
78 121600
78 121777
78 122163
78 122332
78 122408
78 122428
78 122532
78 122597
78 122661
78 122699
78 122934
78 122943
78 122951
78 123245
78 123255
78 123274
78 123332
78 123359
78 123393
78 123462
78 123593
78 123621
78 123641
78 123887
78 124142
78 124154
78 124259
78 124290
78 124823
78 124909
78 124953
78 124985
78 124988
78 125251
78 125290
78 125420
78 125437
78 125503
78 125877
76 116269
76 116368
76 116369
76 116471
76 116532
76 116569
76 116665
76 116731
76 117077
76 117084
76 117158
76 117400
76 117447
76 117503
76 117646
76 117674
76 117707
76 117720
76 117798
76 117804
76 118113
76 118207
76 118304
76 118343
76 118350
76 118365
76 118392
76 118410
76 118535
76 118805
76 118827
76 118894
76 119039
76 119117
76 119466
76 119703
76 119722
76 119753
76 119762
76 120152
76 120518
76 120531
76 120672
76 120757
76 120795
76 120849
76 121009
76 121059
76 121117
76 121325
76 121362
76 121381
76 121393
76 121463
76 121480
76 121487
76 121707
76 121735
76 121807
76 121922
76 121955
76 122100
76 122106
76 122244
76 122384
76 122416
76 122452
76 122584
76 122681
76 122873
76 122904
76 122921
76 122990
76 123052
76 123061
76 123129
76 123316
76 123569
76 123674
76 123877
76 124037
76 124278
76 124360
76 124661
76 124688
76 124755
76 124957
76 125035
76 125047
76 125139
76 125141
76 125259
76 125289
76 125345
76 125391
76 125498
76 125651
76 125884
76 125917
76 125934
76 125936
76 126115
76 126148
76 126217
76 126227
76 126234
76 126304
76 126333
76 126421
76 126451
76 126478
76 126584
76 126604
76 126618
76 126659
76 126727
76 126774
76 127171
76 127333
76 127439
76 127446
76 127485
76 127498
76 127704
76 127776
78 64025
78 64086
78 64151
78 64256
78 64291
78 64298
78 64653
78 64675
78 64817
78 64852
78 64906
78 64919
78 65062
78 65069
78 65265
78 65525
78 65640
78 65747
78 65790
78 65844
78 65957
78 66055
78 66242
78 66249
78 66368
78 66544
78 66624
78 66642
78 66664
78 66735
78 66753
78 66810
78 66870
78 66911
78 66958
78 67193
78 67241
78 67393
78 67427
78 67483
78 67588
78 67719
78 67728
78 67748
78 67894
78 68002
78 68084
78 68136
78 68195
78 68315
78 68326
78 68412
78 68420
78 68440
78 68655
78 68720
78 68771
78 68774
78 68787
78 68826
78 68838
78 68984
78 68997
78 69221
78 69295
78 69476
78 69567
78 69928
78 69972
78 70379
78 70471
78 70672
78 70716
78 70944
78 70954
78 71013
78 71063
78 71276
78 71480
78 71536
78 71704
78 71861
78 71864
78 71919
78 72378
78 72444
78 72448
78 72461
78 72517
78 72594
78 72602
78 72780
78 72789
78 72797
78 72826
78 72835
78 73217
78 73273
78 73471
78 73533
78 73550
78 73728
78 73937
78 73980
78 73986
78 74039
78 74107
78 74147
78 74331
78 74360
78 74428
78 74672
78 74770
78 74782
78 74783
78 74819
78 74866
78 74899
78 74977
78 75011
78 75083
78 75142
78 75146
78 75834
78 75872
78 76001
78 76319
78 76340
78 76467
78 76538
78 76651
78 76671
78 76709
81 63747
81 63800
81 63833
81 63896
81 64231
81 64251
81 64306
81 64380
81 64381
81 64392
81 64477
81 64489
81 64492
81 64567
81 64696
81 64828
81 64929
81 64977
81 65221
81 65245
81 65439
81 65586
81 65729
81 65833
81 65849
81 65901
81 65945
81 65970
81 66044
81 66076
81 66081
81 66094
81 66102
81 66590
81 66742
81 66798
81 66865
81 66910
81 66964
81 67076
81 67186
81 67208
81 67316
81 67368
81 67654
81 67670
81 67772
81 67954
81 68061
81 68066
81 68176
81 68271
81 68387
81 68446
81 68500
81 68759
81 68861
81 68885
81 68937
81 68949
81 69063
81 69164
81 69214
81 69357
81 69377
81 69401
81 69474
81 69497
81 69893
81 69896
81 69899
81 70078
81 70104
81 70210
81 70225
81 70233
81 70264
81 70297
81 70300
81 70375
81 70400
81 70428
81 70596
81 70659
81 70782
81 70795
81 70853
81 70859
81 70957
81 71109
81 71117
81 71170
81 71550
81 71600
81 71621
81 71632
81 71657
81 71739
81 71785
81 71885
81 71887
81 71951
81 72256
81 72331
81 72697
81 72713
81 72821
81 72892
81 72931
81 72943
81 73146
81 73226
81 73328
81 73382
81 73546
81 73644
81 73733
81 73806
81 73947
81 74156
81 74229
81 74243
81 74338
81 74436
81 74473
81 74539
81 74696
81 74760
81 74781
81 74785
81 74802
81 74830
81 74885
81 74947
81 75301
81 75349
81 75456
81 75490
81 75494
81 75638
81 75686
81 75761
81 75776
81 75790
81 76046
81 76067
81 76135
81 76314
81 76367
81 76429
81 76581
81 76755
81 76835
81 76855
81 77023
81 77081
81 77105
81 77109
82 38523
82 38769
82 38804
82 38826
82 38961
82 38973
82 39167
82 39228
82 39239
82 39391
82 39536
82 39647
82 39716
82 39942
82 39966
82 40292
82 40297
82 40332
82 40477
82 40496
82 40522
82 40565
82 40599
82 40656
82 40679
82 40869
82 41020
82 41134
82 41161
82 41188
82 41247
82 41421
82 41426
82 41544
82 41734
82 41836
82 41865
82 42040
82 42124
82 42157
82 42167
82 42309
82 42376
82 42548
82 42605
82 42691
82 42748
82 42789
82 42817
82 42831
82 42849
82 43009
82 43093
82 43165
82 43198
82 43202
82 43262
82 43340
82 43505
82 43579
82 43610
82 43641
82 43656
82 43787
82 43793
82 43871
82 44021
82 44265
82 44285
82 44297
82 44325
82 44326
82 44382
82 44419
82 44466
82 44502
82 44564
82 44755
82 44786
82 44894
82 45030
82 45041
82 45235
82 45280
82 45295
82 45304
82 45359
82 45601
82 45798
82 45868
82 46107
82 46137
82 46144
82 46221
82 46256
82 46277
82 46488
82 46678
82 46703
82 46765
82 46802
82 47087
82 47214
82 47255
82 47294
82 47332
82 47383
82 47564
82 47626
82 47785
82 47833
82 47848
82 47995
82 48094
82 48098
82 48187
82 48254
82 48429
82 48574
82 48602
82 48627
82 48672
82 48685
82 48716
82 48846
82 49045
82 49124
82 49157
82 49177
82 50055
82 50153
82 50198
82 50262
82 50289
82 50335
82 50353
82 50433
82 50601
82 50673
82 50696
82 50726
82 50859
82 50901
82 50937
82 50979
82 51149
82 51232
82 51259
82 51296
82 51348
82 51353
82 51355
82 51363
82 51420
82 51457
82 51500
82 51623
82 51709
82 51811
82 52158
82 52243
82 52441
82 52450
82 52475
82 52632
82 52668
82 52830
82 52865
82 52901
82 52974
82 53142
82 53164
82 53330
82 53367
82 53614
82 53635
82 53805
82 53881
82 53935
82 53944
82 54105
82 54394
82 54532
82 54550
82 54565
82 54668
82 54720
82 54795
82 54818
82 54852
82 54959
82 54993
82 55071
82 55108
82 55219
82 55297
82 55320
82 55361
82 55384
82 55602
82 55813
82 55976
82 56072
82 56073
82 56175
82 56380
82 56640
82 56662
82 56954
82 57028
82 57036
82 57056
82 57296
82 57395
82 57494
82 57552
82 57561
82 57747
82 57759
82 57814
82 57845
82 58014
82 58107
82 58193
82 58260
82 58375
82 58453
82 58582
82 58644
82 58655
82 58683
82 58812
82 58905
82 58984
82 59002
82 59193
82 59375
82 59646
82 59670
82 59814
82 60007
82 60096
82 60102
82 60181
82 60254
82 60301
82 60340
82 60390
82 60505
82 60534
82 60630
77 103892
77 104025
77 104166
77 104183
77 104224
77 104261
77 104264
77 104352
77 104357
77 104390
77 104405
77 104453
77 104506
77 104618
77 104663
77 104708
77 104713
77 104838
77 104860
77 104862
77 104941
77 105047
77 105067
77 105094
77 105162
77 105190
77 105192
77 105206
77 105302
77 105514
77 105687
77 106138
77 106144
77 106160
77 106206
77 106270
77 106292
77 106329
77 106469
77 106685
77 106781
77 106822
77 106864
77 106919
77 107151
77 107522
77 107551
77 107905
77 107984
77 108065
77 108085
77 108153
77 108177
77 108198
77 108284
77 108289
77 108404
77 108473
77 108560
77 108572
77 108815
77 108843
77 109095
77 109311
77 109356
77 109431
77 109477
77 109586
77 109643
77 109697
77 109899
77 109910
77 110024
77 110048
77 110208
77 110248
77 110262
77 110332
77 110515
77 110516
77 110615
77 110777
77 110779
77 110831
77 110865
77 111139
77 111198
77 111292
80 101377
80 101465
80 101506
80 101644
80 101661
80 101783
80 101786
80 101919
80 101981
80 101994
80 102003
80 102058
80 102151
80 102234
80 102259
80 102327
80 102329
80 102389
80 102480
80 102505
80 102808
80 102853
80 102963
80 103049
80 103062
80 103322
80 103357
80 103453
80 103454
80 103573
80 103612
80 103638
80 103864
80 103886
80 103963
80 104005
80 104065
80 104131
80 104183
80 104315
80 104443
80 104620
80 104661
80 104828
80 104924
80 104966
80 105156
80 105171
80 105177
80 105243
80 105342
80 105404
80 105446
80 105616
80 105795
80 105871
80 106006
80 106078
80 106104
80 106316
80 106320
80 106400
80 106453
80 106520
80 106526
80 106606
80 106735
80 106741
80 107145
80 107388
80 107415
80 107463
80 107468
80 107654
80 107693
80 107697
80 107704
80 107717
80 107739
80 108021
80 108213
80 108346
80 108428
80 108536
80 108563
80 108717
80 108724
80 108942
80 108956
80 108999
80 109044
80 109210
80 109367
80 109786
80 109795
80 109804
80 109821
80 109966
80 110080
80 110261
80 110444
80 110647
80 110778
80 110779
80 110815
80 110939
80 110956
80 111037
80 111240
80 111319
80 111342
80 111711
80 111754
80 111813
80 112178
80 112249
80 112278
80 112371
80 112509
77 77886
77 77888
77 77933
77 77935
77 78033
77 78130
77 78223
77 78361
77 78383
77 78471
77 78530
77 78696
77 78843
77 78865
77 78942
77 79026
77 79062
77 79100
77 79127
77 79346
77 79404
77 79453
77 79511
77 79635
77 79656
77 79665
77 79831
77 79862
77 79993
77 80092
77 80120
77 80218
77 80231
77 80482
77 80548
77 80590
77 80604
77 80705
77 80736
77 80848
77 80912
77 80946
77 81009
77 81142
77 81542
77 81843
77 81862
77 81910
77 82032
77 82045
77 82120
77 82182
77 82343
77 82461
77 82492
77 82558
77 82597
77 82724
77 82914
77 83020
77 83021
77 83022
77 83084
77 83207
77 83243
77 83276
77 83589
77 83867
77 83879
77 83891
77 84009
77 84060
77 84067
77 84136
77 84181
77 84235
77 84275
77 84322
77 84323
77 84344
77 84630
77 84689
77 84867
77 84935
77 85020
77 85227
77 85496
77 85599
77 85690
77 85727
77 85781
77 85855
77 85976
77 86001
77 86043
77 86084
77 86089
77 86096
77 86158
77 86167
77 86339
77 86408
77 86434
77 86548
77 86858
77 86964
77 87172
77 87189
77 87317
77 87589
77 87628
77 87805
77 87900
77 87910
77 87988
77 88308
77 88339
77 88470
77 88498
77 88523
77 88539
77 88686
77 88691
77 88707
77 88711
77 88769
77 88863
77 89002
77 89031
77 89191
77 89224
77 89305
77 89323
77 89588
77 89615
77 89996
77 90078
77 90155
77 90316
77 90364
77 90403
77 90405
77 90519
77 90584
77 90635
77 90702
77 90733
77 90857
77 91006
77 91081
77 91256
77 91344
77 91391
77 91491
77 91494
77 91614
77 91631
77 91811
77 91821
77 91905
77 92103
77 92164
77 92212
77 92264
77 92320
77 92425
77 92465
77 92474
77 92651
77 92725
77 92858
77 92883
77 93205
77 93357
77 93583
77 93675
77 93749
77 93774
77 93832
77 93937
77 94089
77 94188
77 94207
77 94287
77 94427
77 94454
77 94492
77 94741
77 94745
77 95022
77 95026
77 95369
77 95376
77 95387
77 95550
77 95555
77 95667
77 95748
77 95764
77 95924
77 95944
77 96023
77 96042
77 96143
77 96207
77 96248
77 96323
77 96365
77 96466
77 96505
77 96594
77 96629
77 96822
77 96916
77 96943
77 96973
77 96980
77 97223
77 97261
77 97310
77 97489
77 97673
77 97696
77 97823
77 97855
77 97973
77 98169
77 98179
77 98297
77 98320
77 98374
77 98393
77 98483
77 98496
77 98645
77 99117
77 99155
77 99220
77 99518
77 99693
77 99719
77 99973
77 100068
77 100069
77 100154
77 100220
77 100225
77 100530
77 100564
77 100589
77 100618
77 100658
77 100689
77 100803
77 100813
77 100815
77 100844
77 101045
77 101222
77 101725
77 102105
77 102495
77 102654
77 102713
77 102788
77 102970
77 102995
77 102997
77 103012
77 103334
77 103335
77 103355
77 103423
77 103446
77 103497
77 103548
77 103595
77 103639
80 84478
80 84566
80 84613
80 84783
80 84795
80 84893
80 84903
80 84909
80 84918
80 84952
80 84959
80 85022
80 85184
80 85215
80 85375
80 85465
80 85576
80 85690
80 85721
80 85758
80 85920
80 86071
80 86242
80 86275
80 86279
80 86287
80 86468
80 86508
80 86640
80 86788
80 86939
80 86945
80 87339
80 87548
80 87865
80 88018
80 88065
80 88117
80 88278
80 88313
80 88317
80 88387
80 88467
80 88734
80 88797
80 88809
80 88834
80 88849
80 88970
80 89099
80 89374
80 89377
80 89379
80 89521
80 89577
80 89705
80 89732
80 89786
80 89811
80 89856
80 90206
80 90218
80 90225
80 90318
80 90411
80 90447
80 90489
80 90798
80 90821
80 90825
80 90889
80 91042
80 91198
80 91262
80 91357
80 91363
80 91520
80 91798
80 91850
80 91887
80 92002
80 92231
80 92316
80 92516
80 92626
80 92681
80 92795
80 92844
80 92884
80 93249
80 93336
80 93339
80 93443
80 93503
80 93542
80 93568
80 93724
80 93742
80 93842
80 93903
80 93978
80 94039
80 94042
80 94048
80 94059
80 94072
80 94084
80 94096
80 94172
80 94239
80 94252
80 94512
80 94595
80 94633
80 94642
80 94826
80 94968
80 94998
80 95080
80 95227
80 95277
80 95385
80 95414
80 95546
80 95830
80 96046
80 96075
80 96105
80 96225
80 96252
80 96264
80 96287
80 96419
80 96450
80 96484
80 96492
80 96498
80 96524
80 96594
80 96609
80 96613
80 96750
80 96772
80 96824
80 96885
80 96922
80 97005
80 97037
80 97049
80 97051
80 97092
80 97134
80 97138
80 97287
80 97303
80 97373
80 97400
80 97444
80 97474
80 97476
80 97499
80 97548
80 97578
80 97663
80 97799
80 97882
80 97915
80 97970
80 97999
80 98038
80 98181
80 98303
80 98325
80 98367
80 98420
80 98422
80 98642
80 98696
80 98778
80 98817
80 98858
80 98940
80 98956
80 99130
80 99208
80 99267
80 99268
80 99321
80 99335
80 99344
80 99349
80 99812
80 99903
80 99936
80 99945
80 100083
80 100498
80 100527
80 100615
80 100695
80 100719
80 100724
80 100792
80 100917
80 100935
80 100956
80 101071
80 101170
80 101189
80 101312
80 67575
80 67612
80 67851
80 67925
80 67984
80 68049
80 68099
80 68454
80 68549
80 68898
80 68994
80 69064
80 69102
80 69320
80 69324
80 69562
80 69625
80 69664
80 69680
80 69799
80 69846
80 70151
80 70197
80 70233
80 70327
80 70387
80 70484
80 70485
80 70504
80 70658
80 70716
80 70742
80 70884
80 70888
80 70996
80 71003
80 71116
80 71147
80 71205
80 71255
80 71305
80 71326
80 71481
80 71535
80 71588
80 71632
80 71638
80 71649
80 71911
80 72112
80 72134
80 72176
80 72254
80 72384
80 72401
80 72427
80 72452
80 72839
80 72919
80 73071
80 73072
80 73135
80 73217
80 73436
80 73453
80 73496
80 73529
80 73592
80 73606
80 73615
80 73636
80 73646
80 73648
80 73663
80 73732
80 73751
80 73815
80 74330
80 74359
80 74401
80 74526
80 74546
80 74785
80 74823
80 74906
80 74921
80 74954
80 74980
80 75142
80 75167
80 75201
80 75217
80 75279
80 75330
80 75411
80 75427
80 75565
80 75581
80 75610
80 75694
80 75974
80 76135
80 76267
80 76310
80 76318
80 76428
80 76441
80 76489
80 76543
80 76550
80 76770
80 76783
80 76813
80 76975
80 76987
80 76993
80 77109
80 77113
80 77197
80 77296
80 77334
80 77514
80 77584
80 77646
80 77675
80 77695
80 77781
80 77860
80 77876
80 77932
80 77992
80 78223
80 78351
80 78397
80 78772
80 78778
80 79133
80 79141
80 79165
80 79176
80 79195
80 79292
80 79304
80 79374
80 79408
80 79689
80 79890
80 80451
80 80552
80 80651
80 80721
80 81057
80 81091
80 81131
80 81188
80 81412
80 81518
80 81549
80 81654
80 81658
80 81677
80 81731
80 81982
80 82170
80 82180
80 82233
80 82254
80 82256
80 82350
80 82418
80 82419
80 82422
80 82568
80 82573
80 82673
80 82765
80 82865
80 82892
80 83038
80 83065
80 83187
80 83258
80 83299
80 83324
80 83327
80 83363
80 83366
80 83495
80 83974
80 84007
80 84160
80 84172
80 84222
80 84237
80 84449
