69 5
69 10
69 33
69 34
69 46
69 47
69 65
69 73
69 82
69 85
69 91
69 103
69 109
69 111
69 112
69 113
69 115
69 122
69 143
69 146
69 160
69 167
69 169
69 182
69 189
69 192
69 201
69 208
69 213
69 216
69 220
69 223
69 228
69 229
69 242
69 248
69 253
69 273
69 274
69 288
69 317
69 318
69 320
69 327
69 330
69 338
69 342
69 362
69 365
69 372
69 373
69 374
69 376
69 393
69 395
69 406
69 410
69 416
69 419
69 431
69 443
69 448
69 479
69 488
69 495
69 505
69 525
69 527
69 553
69 560
69 564
69 565
69 595
69 605
69 607
69 619
69 626
69 630
69 639
69 653
69 668
69 673
69 680
69 693
69 699
69 700
69 706
69 714
69 723
69 739
69 742
69 743
69 748
69 750
69 751
69 754
69 758
69 776
69 778
69 779
69 793
69 797
69 801
69 804
69 816
69 818
69 820
69 823
69 834
69 837
69 854
69 859
69 862
69 864
69 869
69 880
69 883
69 895
69 908
69 920
69 922
69 924
69 944
69 946
69 953
69 955
69 958
69 967
69 968
69 974
69 981
69 985
69 988
69 1000
69 1005
69 1007
69 1035
69 1045
69 1050
69 1070
69 1074
69 1077
69 1094
69 1096
69 1098
69 1114
69 1117
69 1130
69 1134
69 1136
69 1140
69 1148
69 1159
69 1165
69 1171
69 1173
69 1183
69 1187
69 1190
69 1194
69 1202
69 1210
69 1220
69 1240
69 1254
69 1270
69 1280
69 1282
69 1290
69 1299
69 1308
69 1325
69 1353
69 1354
69 1355
69 1356
69 1374
69 1381
69 1395
69 1396
69 1413
69 1418
69 1420
69 1433
69 1440
69 1442
69 1446
69 1448
69 1451
69 1458
69 1464
69 1465
69 1477
69 1480
69 1485
69 1498
69 1505
69 1508
69 1509
69 1522
69 1536
69 1540
69 1553
69 1558
69 1563
69 1579
69 1586
69 1592
69 1598
69 1600
69 1605
69 1615
69 1619
69 1639
69 1644
69 1655
69 1662
69 1666
69 1668
69 1683
69 1691
69 1694
69 1695
69 1706
69 1735
69 1736
69 1740
69 1742
69 1753
69 1755
69 1758
69 1765
69 1768
69 1776
69 1777
69 1778
69 1787
69 1788
69 1794
69 1803
69 1812
69 1820
69 1823
69 1824
69 1842
69 1845
69 1848
69 1850
69 1864
69 1867
69 1877
69 1878
69 1885
69 1890
69 1897
69 1898
69 1916
69 1927
69 1938
69 1945
69 1948
69 1953
69 1956
69 1974
69 1978
69 1980
69 2002
69 2004
69 2008
69 2010
69 2016
69 2017
69 2029
69 2042
69 2053
69 2065
69 2071
69 2075
69 2076
69 2079
69 2082
69 2087
69 2093
69 2094
69 2095
69 2101
69 2102
69 2103
69 2109
69 2111
69 2122
69 2123
69 2130
69 2143
69 2151
69 2155
69 2169
69 2175
69 2184
69 2196
69 2201
69 2205
69 2207
69 2209
69 2218
69 2223
69 2225
69 2230
69 2240
69 2242
69 2249
69 2255
69 2259
69 2260
69 2285
69 2289
69 2308
69 2309
69 2310
69 2312
69 2319
69 2325
69 2330
69 2334
69 2339
69 2350
69 2355
69 2360
69 2363
69 2404
69 2411
69 2419
69 2423
69 2444
69 2446
69 2452
69 2460
69 2466
69 2467
69 2472
69 2475
69 2487
69 2492
69 2497
69 2503
69 2509
69 2512
69 2521
69 2523
69 2530
69 2541
69 2552
69 2554
69 2563
69 2573
69 2576
69 2579
69 2581
69 2582
69 2597
69 2603
69 2609
69 2612
69 2618
69 2621
69 2624
69 2642
69 2668
69 2675
69 2685
69 2694
69 2697
69 2702
69 2704
69 2707
69 2718
69 2719
69 2726
69 2732
69 2776
69 2777
69 2789
69 2795
69 2797
69 2803
69 2810
69 2831
69 2844
69 2845
69 2859
69 2867
69 2868
69 2870
69 2896
69 2903
69 2911
69 2912
69 2927
69 2932
69 2941
69 2947
69 2950
69 2962
69 2963
69 2973
69 2982
69 2989
69 2994
69 2997
69 3004
69 3008
69 3016
69 3028
69 3031
69 3037
69 3041
69 3048
69 3049
69 3055
69 3063
69 3073
69 3087
69 3089
69 3091
69 3096
69 3100
69 3101
69 3107
69 3122
69 3139
69 3141
69 3144
69 3153
69 3160
69 3167
69 3179
69 3192
69 3196
69 3211
69 3219
69 3223
69 3229
69 3233
69 3250
69 3257
69 3273
69 3274
69 3285
69 3299
69 3321
69 3327
69 3328
69 3330
69 3337
69 3338
69 3347
69 3359
69 3360
69 3379
69 3381
69 3385
69 3400
69 3401
69 3403
69 3436
69 3451
69 3456
69 3468
69 3469
69 3490
69 3493
69 3500
69 3514
69 3520
69 3522
69 3527
69 3528
69 3529
69 3544
69 3548
69 3552
69 3558
69 3565
69 3566
69 3582
69 3603
69 3628
69 3638
69 3639
69 3644
69 3648
69 3651
69 3659
69 3664
69 3670
69 3675
69 3677
69 3682
69 3699
69 3716
69 3752
69 3755
69 3756
69 3776
69 3795
69 3819
69 3823
69 3843
69 3850
69 3865
69 3874
69 3889
69 3905
69 3926
69 3932
69 3946
69 3959
69 3962
69 3975
69 3985
69 3988
69 3991
69 4002
69 4049
69 4050
69 4061
69 4073
69 4075
69 4092
69 4096
69 4100
69 4114
69 4115
69 4122
69 4123
69 4129
69 4139
69 4142
69 4145
69 4150
69 4154
69 4157
69 4166
69 4172
69 4183
69 4185
69 4188
69 4194
69 4209
69 4227
69 4230
69 4245
69 4260
69 4266
69 4269
69 4274
69 4278
69 4291
69 4299
69 4301
69 4319
69 4324
69 4326
69 4336
69 4338
69 4342
69 4343
69 4349
69 4350
69 4359
69 4362
69 4374
69 4388
69 4390
69 4402
69 4407
69 4411
69 4414
69 4425
69 4434
69 4438
69 4445
69 4446
69 4449
69 4452
69 4469
69 4476
69 4477
69 4485
69 4502
69 4505
69 4519
69 4523
69 4524
69 4527
69 4537
69 4540
69 4541
69 4543
69 4547
69 4550
69 4563
69 4570
69 4577
69 4589
69 4590
69 4608
69 4613
69 4614
69 4628
69 4640
69 4642
69 4644
69 4653
69 4662
69 4672
69 4677
69 4687
69 4692
69 4699
69 4703
69 4709
69 4713
69 4714
69 4716
69 4730
69 4749
69 4755
69 4759
69 4768
69 4773
69 4776
69 4785
69 4797
69 4799
69 4803
69 4811
69 4819
69 4828
69 4832
69 4837
69 4841
69 4853
69 4854
69 4868
69 4875
69 4877
69 4881
69 4911
69 4920
69 4923
69 4930
69 4936
69 4948
69 4950
69 4964
69 4966
69 4972
69 4982
69 4984
69 4986
69 4987
69 4994
69 4997
69 5003
69 5005
69 5018
69 5027
69 5037
69 5041
69 5051
69 5052
69 5062
69 5064
69 5069
69 5076
69 5077
69 5084
69 5096
69 5099
69 5100
69 5115
69 5116
69 5124
69 5132
69 5135
69 5149
69 5161
69 5167
69 5171
69 5180
69 5188
69 5189
69 5207
69 5212
69 5214
69 5231
69 5236
69 5241
69 5244
69 5261
69 5275
69 5290
69 5294
69 5299
69 5302
69 5305
69 5310
69 5320
69 5331
69 5333
69 5334
69 5339
69 5365
69 5376
69 5378
69 5388
69 5390
69 5400
69 5406
69 5413
69 5423
69 5429
69 5431
69 5441
69 5442
69 5452
69 5454
69 5458
69 5459
69 5460
69 5464
69 5487
69 5492
69 5493
69 5497
69 5498
69 5499
69 5528
69 5529
69 5534
69 5542
69 5558
69 5568
69 5586
69 5594
69 5596
69 5604
69 5607
69 5608
69 5609
69 5610
69 5619
69 5631
69 5632
69 5637
69 5639
69 5641
69 5656
69 5673
69 5681
69 5683
69 5696
69 5700
69 5708
69 5721
69 5728
69 5741
69 5745
69 5754
69 5756
69 5758
69 5780
69 5794
69 5795
69 5803
69 5807
69 5810
69 5812
69 5819
69 5830
69 5831
69 5848
69 5852
69 5862
69 5863
69 5864
69 5879
69 5918
69 5920
69 5933
69 5936
69 5937
69 5938
69 5941
69 5943
69 5948
69 5963
69 5975
69 5982
69 5996
69 6000
69 6003
69 6012
69 6023
69 6027
69 6032
69 6035
69 6037
69 6042
69 6046
69 6049
69 6063
69 6070
69 6072
69 6081
69 6087
69 6090
69 6094
69 6097
69 6102
69 6105
69 6109
69 6124
69 6135
69 6138
69 6159
69 6168
69 6176
69 6204
69 6226
69 6230
69 6245
69 6246
69 6248
69 6252
69 6258
69 6263
69 6272
69 6276
69 6278
69 6284
69 6312
69 6326
69 6333
69 6336
69 6341
69 6355
69 6361
69 6365
69 6372
69 6391
69 6394
69 6402
69 6404
69 6411
69 6420
69 6426
69 6427
69 6432
69 6435
69 6440
69 6447
69 6458
69 6462
69 6485
69 6486
69 6489
69 6492
69 6513
69 6515
69 6519
69 6520
69 6536
69 6550
69 6557
69 6575
69 6578
69 6603
69 6613
69 6619
69 6622
69 6630
69 6635
69 6639
69 6653
69 6656
69 6658
69 6663
69 6691
69 6701
69 6709
69 6710
69 6716
69 6736
69 6738
69 6746
69 6753
69 6754
69 6758
69 6766
69 6800
69 6812
69 6823
69 6826
69 6827
69 6829
69 6838
69 6842
69 6849
69 6850
69 6852
69 6856
69 6857
69 6863
69 6864
69 6885
69 6891
69 6894
69 6904
69 6921
69 6928
69 6934
69 6937
69 6939
69 6943
69 6961
69 6962
69 6967
69 6974
69 6976
69 6977
69 6978
69 6988
69 6991
69 6994
69 6996
69 7005
69 7012
69 7013
69 7022
69 7043
69 7052
69 7053
69 7058
69 7061
69 7071
69 7096
69 7109
69 7131
69 7132
69 7135
69 7142
69 7146
69 7154
69 7156
69 7162
69 7164
69 7166
69 7173
69 7176
69 7181
69 7185
69 7199
69 7217
69 7220
69 7222
69 7231
69 7235
69 7236
69 7239
69 7240
69 7251
69 7258
69 7261
69 7264
69 7265
69 7279
69 7286
69 7292
69 7304
69 7307
69 7309
69 7317
69 7327
69 7328
69 7336
69 7340
69 7341
69 7348
69 7360
69 7361
69 7378
69 7401
69 7406
69 7417
69 7422
69 7429
69 7434
69 7438
69 7440
69 7447
69 7448
69 7462
69 7477
69 7483
69 7487
69 7492
69 7499
69 7515
69 7516
69 7549
69 7565
69 7568
69 7581
69 7611
69 7613
69 7645
69 7653
69 7662
69 7683
69 7689
69 7698
69 7699
69 7707
69 7713
69 7716
69 7720
69 7733
69 7737
69 7738
69 7747
69 7770
69 7772
69 7778
69 7783
69 7786
69 7791
69 7803
69 7814
69 7832
69 7841
69 7843
69 7844
69 7864
69 7865
69 7869
69 7885
69 7887
69 7894
69 7904
69 7914
69 7917
69 7932
69 7950
69 7953
69 7956
69 7970
69 7973
69 7984
69 7999
69 8002
69 8010
69 8039
69 8042
69 8044
69 8090
69 8119
69 8120
69 8123
69 8127
69 8130
69 8160
69 8161
69 8168
69 8170
69 8181
69 8182
69 8185
69 8188
69 8189
69 8214
69 8215
69 8238
69 8247
69 8249
69 8281
69 8300
69 8309
69 8321
69 8322
69 8334
69 8340
69 8341
69 8344
69 8360
69 8366
69 8371
69 8383
69 8391
69 8396
69 8403
69 8412
69 8434
69 8435
69 8442
69 8447
69 8456
69 8466
69 8470
69 8482
69 8484
69 8490
69 8500
69 8503
69 8505
69 8521
69 8522
69 8523
69 8543
69 8546
69 8565
69 8570
69 8572
69 8592
69 8599
69 8610
69 8614
69 8618
69 8620
69 8628
69 8633
69 8636
69 8644
69 8646
69 8647
69 8648
69 8652
69 8663
69 8667
69 8686
69 8692
69 8697
69 8705
69 8709
69 8710
69 8713
69 8720
69 8721
69 8727
69 8734
69 8739
69 8772
69 8773
69 8774
69 8781
69 8796
69 8800
69 8809
69 8814
69 8822
69 8832
69 8835
69 8840
69 8848
69 8867
69 8871
69 8877
69 8881
69 8887
69 8893
69 8898
69 8905
69 8911
69 8914
69 8917
69 8923
69 8929
69 8936
69 8938
69 8951
69 8953
69 8975
69 8982
69 8983
69 8986
69 8989
69 8992
69 9013
69 9027
69 9033
69 9038
69 9040
69 9041
69 9053
69 9054
69 9060
69 9067
69 9080
69 9099
69 9101
69 9114
69 9118
69 9125
69 9137
69 9143
69 9162
69 9164
69 9181
69 9182
69 9185
69 9186
69 9188
69 9190
69 9191
69 9192
69 9193
69 9204
69 9207
69 9213
69 9216
69 9218
69 9220
69 9223
69 9229
69 9231
69 9250
69 9253
69 9254
69 9264
69 9268
69 9281
69 9293
69 9301
69 9303
69 9307
69 9328
69 9334
69 9337
69 9355
69 9359
69 9361
69 9366
69 9370
69 9396
69 9407
69 9410
69 9414
69 9417
69 9421
69 9425
69 9426
69 9442
69 9444
69 9448
69 9449
69 9453
69 9454
69 9464
69 9468
69 9471
69 9482
69 9483
69 9486
69 9488
69 9493
69 9502
69 9526
69 9537
69 9538
69 9561
69 9562
69 9574
69 9591
69 9602
69 9625
69 9628
69 9645
69 9661
69 9662
69 9665
69 9667
69 9676
69 9678
69 9689
69 9699
69 9715
69 9717
69 9721
69 9733
69 9737
69 9750
69 9759
69 9761
69 9762
69 9763
69 9764
69 9774
69 9778
69 9789
69 9790
69 9794
69 9799
69 9823
69 9824
69 9830
69 9845
69 9851
69 9866
69 9869
69 9871
69 9879
69 9886
69 9895
69 9898
69 9904
69 9905
69 9929
69 9934
69 9939
69 9944
69 9946
69 9950
69 9953
69 9957
69 9969
69 9973
69 9978
69 9985
69 9993
69 9998
69 10029
69 10033
69 10035
69 10040
69 10058
69 10059
69 10065
69 10066
69 10070
69 10079
69 10082
69 10091
69 10094
69 10105
69 10108
69 10116
69 10126
69 10128
69 10129
69 10132
69 10140
69 10146
69 10152
69 10161
69 10169
69 10220
69 10224
69 10228
69 10244
69 10246
69 10248
69 10255
69 10257
69 10265
69 10271
69 10273
69 10299
69 10323
69 10331
69 10339
69 10354
69 10357
69 10359
69 10368
69 10400
69 10402
69 10403
69 10410
69 10413
69 10418
69 10420
69 10430
69 10443
69 10445
69 10448
69 10454
69 10459
69 10464
69 10468
69 10469
69 10475
69 10484
69 10485
69 10500
69 10508
69 10512
69 10524
69 10548
69 10549
69 10574
69 10577
69 10580
69 10584
69 10597
69 10599
69 10615
69 10625
69 10627
69 10633
69 10657
69 10668
69 10669
69 10678
69 10694
69 10697
69 10700
69 10703
69 10726
69 10739
69 10758
69 10759
69 10770
69 10777
69 10778
69 10797
69 10801
69 10803
69 10807
69 10809
69 10817
69 10828
69 10829
69 10832
69 10835
69 10847
69 10858
69 10865
69 10866
69 10875
69 10885
69 10886
69 10887
69 10893
69 10894
69 10899
69 10906
69 10908
69 10916
69 10931
69 10949
69 10953
69 10958
69 10966
69 10976
69 10977
69 10982
69 10985
69 11003
69 11004
69 11008
69 11018
69 11021
69 11028
69 11055
69 11069
69 11074
69 11077
69 11091
69 11098
69 11100
69 11101
69 11102
69 11116
69 11120
69 11129
69 11134
69 11137
69 11148
69 11152
69 11154
69 11163
69 11198
69 11203
69 11205
69 11216
69 11223
69 11226
69 11237
69 11247
69 11248
69 11254
69 11255
69 11258
69 11295
69 11306
69 11309
69 11314
69 11317
69 11319
69 11322
69 11323
69 11328
69 11331
69 11337
69 11340
69 11343
69 11345
69 11346
69 11348
69 11362
69 11364
69 11383
69 11396
69 11410
69 11423
69 11427
69 11430
69 11435
69 11436
69 11438
69 11447
69 11456
69 11463
69 11474
69 11480
69 11491
69 11502
69 11503
69 11506
69 11510
69 11514
69 11516
69 11519
69 11527
69 11555
69 11566
69 11572
69 11581
69 11584
69 11588
69 11590
69 11608
69 11625
69 11626
69 11629
69 11633
69 11636
69 11640
69 11646
69 11661
69 11675
69 11683
69 11688
69 11692
69 11702
69 11706
69 11707
69 11711
69 11730
69 11737
69 11743
69 11744
69 11755
69 11757
69 11767
69 11773
69 11776
69 11784
69 11790
69 11800
69 11804
69 11808
69 11810
69 11812
69 11817
69 11820
69 11821
69 11843
69 11855
69 11859
69 11865
69 11871
69 11876
69 11877
69 11882
69 11888
69 11901
69 11905
69 11909
69 11920
69 11931
69 11937
69 11941
69 11964
69 11966
69 11969
69 11972
69 11975
69 11992
69 12001
69 12002
69 12035
69 12041
69 12044
69 12047
69 12051
69 12081
69 12092
69 12095
69 12100
69 12114
69 12121
69 12136
69 12137
69 12147
69 12149
69 12155
69 12157
69 12164
69 12172
69 12178
69 12209
69 12210
69 12216
69 12217
69 12222
69 12242
69 12243
69 12247
69 12253
69 12270
69 12285
69 12289
69 12296
69 12305
69 12316
69 12343
69 12344
69 12358
69 12359
69 12376
69 12385
69 12406
69 12407
69 12412
69 12417
69 12425
69 12443
69 12447
69 12449
69 12490
69 12496
69 12497
69 12512
69 12513
69 12517
69 12538
69 12546
69 12549
69 12553
69 12556
69 12558
69 12580
69 12583
69 12589
69 12591
69 12599
69 12600
69 12605
69 12614
69 12615
69 12624
69 12644
69 12661
69 12678
69 12682
69 12683
69 12693
69 12701
69 12702
69 12717
69 12724
69 12727
69 12755
69 12763
69 12772
69 12788
69 12791
69 12796
69 12801
69 12814
69 12821
69 12829
69 12831
69 12834
69 12836
69 12841
69 12852
69 12858
69 12869
69 12877
69 12879
69 12882
69 12884
69 12889
69 12896
69 12899
69 12913
69 12920
69 12931
69 12939
69 12944
69 12947
69 12950
69 12954
69 12961
69 12979
69 12984
69 12993
69 13010
69 13011
69 13015
69 13021
69 13025
69 13032
69 13033
69 13061
69 13066
69 13073
69 13084
69 13085
69 13089
69 13090
69 13095
69 13126
69 13127
69 13142
69 13148
69 13153
69 13166
69 13194
69 13213
69 13214
69 13225
69 13235
69 13238
69 13243
69 13252
69 13267
69 13270
69 13272
69 13274
69 13276
69 13277
69 13284
69 13294
69 13300
69 13301
69 13306
69 13327
69 13340
69 13342
69 13348
69 13351
69 13358
69 13362
69 13363
69 13382
69 13383
69 13398
69 13403
69 13416
69 13417
69 13423
69 13426
69 13440
69 13443
69 13454
69 13455
69 13461
69 13462
69 13464
69 13467
69 13477
69 13497
69 13499
69 13501
69 13505
69 13508
69 13523
69 13524
69 13525
69 13530
69 13541
69 13556
69 13580
69 13583
69 13592
69 13598
69 13616
69 13621
69 13622
69 13627
69 13640
69 13658
69 13664
69 13666
69 13668
69 13672
69 13689
69 13698
69 13699
69 13701
69 13707
69 13717
69 13718
69 13728
69 13733
69 13749
69 13779
69 13794
69 13819
69 13827
69 13838
69 13841
69 13859
69 13861
69 13881
69 13907
69 13908
69 13910
69 13921
69 13923
69 13930
69 13931
69 13934
69 13943
69 13955
69 13967
69 13980
69 13988
69 13991
69 14004
69 14014
69 14043
69 14046
69 14050
69 14060
69 14069
69 14076
69 14082
69 14088
69 14098
69 14121
69 14124
69 14125
69 14137
69 14139
69 14140
69 14164
69 14171
69 14187
69 14192
69 14198
69 14206
69 14208
69 14234
69 14241
69 14242
69 14249
69 14250
69 14259
69 14310
69 14318
69 14325
69 14363
69 14364
69 14365
69 14377
69 14378
69 14381
69 14392
69 14418
69 14420
69 14429
69 14441
69 14442
69 14447
69 14448
69 14472
69 14482
69 14483
69 14487
69 14511
69 14512
69 14522
69 14524
69 14533
69 14541
69 14542
69 14554
69 14556
69 14561
69 14566
69 14573
69 14597
69 14599
69 14604
69 14607
69 14618
69 14629
69 14643
69 14646
69 14652
69 14653
69 14655
69 14671
69 14675
69 14680
69 14682
69 14685
69 14693
69 14695
69 14703
69 14707
69 14711
69 14714
69 14717
69 14722
69 14737
69 14764
69 14765
69 14782
69 14786
69 14794
69 14795
69 14797
69 14810
69 14812
69 14816
69 14818
69 14820
69 14822
69 14826
69 14832
69 14839
69 14850
69 14868
69 14872
69 14875
69 14881
69 14905
69 14907
69 14913
69 14922
69 14929
69 14931
69 14936
69 14942
69 14946
69 14952
69 14956
69 14970
69 14974
69 14982
69 14983
69 15001
69 15016
69 15025
69 15027
69 15033
69 15039
69 15043
69 15048
69 15064
69 15079
69 15090
69 15092
69 15102
69 15105
69 15106
69 15112
69 15118
69 15121
69 15129
69 15134
69 15135
69 15137
69 15138
69 15142
69 15150
69 15189
69 15195
69 15198
69 15203
69 15206
69 15207
69 15224
69 15226
69 15237
69 15238
69 15240
69 15251
69 15254
69 15264
69 15275
69 15280
69 15294
69 15296
69 15310
69 15313
69 15316
69 15327
69 15338
69 15343
69 15346
69 15347
69 15356
69 15364
69 15370
69 15380
69 15391
69 15402
69 15407
69 15409
69 15417
69 15432
69 15450
69 15454
69 15457
69 15467
69 15478
69 15480
69 15488
69 15489
69 15509
69 15512
69 15519
69 15524
69 15538
69 15542
69 15545
69 15554
69 15557
69 15563
69 15577
69 15579
69 15581
69 15588
69 15603
69 15610
69 15611
69 15616
69 15653
69 15659
69 15662
69 15668
69 15670
69 15672
69 15684
69 15692
69 15700
69 15717
69 15733
69 15736
69 15750
69 15763
69 15766
69 15779
69 15783
69 15790
69 15809
69 15812
69 15816
69 15819
69 15823
69 15828
69 15842
69 15855
69 15859
69 15865
69 15870
69 15871
69 15873
69 15877
69 15906
69 15907
69 15920
69 15922
69 15924
69 15937
69 15944
69 15947
69 15950
69 15960
69 15967
69 15973
69 15974
69 15978
69 15992
69 15996
69 16003
69 16009
69 16025
69 16041
69 16059
69 16073
69 16086
69 16088
69 16105
69 16108
69 16112
69 16128
69 16146
69 16148
69 16160
69 16167
69 16168
69 16169
69 16181
69 16182
69 16184
69 16186
69 16191
69 16201
69 16208
69 16209
69 16214
69 16219
69 16221
69 16223
69 16224
69 16230
69 16234
69 16236
69 16246
69 16250
69 16264
69 16267
69 16269
69 16272
69 16275
69 16280
69 16292
69 16307
69 16313
69 16321
69 16324
69 16345
69 16366
69 16368
69 16370
69 16372
69 16380
69 16389
69 16395
69 16417
69 16418
69 16425
69 16434
69 16438
69 16449
69 16461
69 16483
69 16484
69 16488
69 16494
69 16495
69 16501
69 16517
69 16522
69 16532
69 16545
69 16548
69 16552
69 16576
69 16582
69 16586
69 16587
69 16621
69 16626
69 16630
69 16641
69 16642
69 16645
69 16647
69 16654
69 16657
69 16674
69 16681
69 16687
69 16695
69 16696
69 16712
69 16715
69 16717
69 16721
69 16723
69 16727
69 16730
69 16735
69 16750
69 16753
69 16757
69 16764
69 16765
69 16766
69 16769
69 16775
69 16796
69 16802
69 16811
69 16822
69 16823
69 16847
69 16851
69 16853
69 16866
69 16869
69 16870
69 16876
69 16878
69 16882
69 16889
69 16892
69 16919
69 16920
69 16933
69 16944
69 16948
69 16958
69 16965
69 16975
69 16988
69 16991
69 16994
69 17012
69 17013
69 17026
69 17033
69 17043
69 17045
69 17049
69 17054
69 17073
69 17076
69 17079
69 17086
69 17091
69 17142
69 17143
69 17154
69 17161
69 17162
69 17168
69 17171
69 17178
69 17182
69 17210
69 17214
69 17215
69 17220
69 17223
69 17237
69 17239
69 17241
69 17243
69 17257
69 17259
69 17262
69 17277
69 17287
69 17297
69 17303
69 17324
69 17325
69 17339
69 17345
69 17349
69 17352
69 17360
69 17363
69 17364
69 17377
69 17381
69 17385
69 17396
69 17397
69 17423
69 17442
69 17445
69 17447
69 17454
69 17467
69 17472
69 17477
69 17483
69 17495
69 17496
69 17502
69 17515
69 17518
69 17526
69 17528
69 17535
69 17536
69 17561
69 17568
69 17574
69 17578
69 17586
69 17610
69 17616
69 17620
69 17623
69 17641
69 17647
69 17651
69 17658
69 17660
69 17666
69 17672
69 17681
69 17689
69 17701
69 17706
69 17709
69 17712
69 17719
69 17723
69 17748
69 17771
69 17783
69 17784
69 17798
69 17802
69 17825
69 17830
69 17831
69 17846
69 17848
69 17853
69 17861
69 17866
69 17871
69 17875
69 17877
69 17888
69 17912
69 17924
69 17928
69 17930
69 17944
69 17950
69 17954
69 17960
69 17967
69 17982
69 18005
69 18015
69 18032
69 18036
69 18039
69 18044
69 18048
69 18051
69 18061
69 18073
69 18074
69 18090
69 18099
69 18104
69 18117
69 18118
69 18128
69 18136
69 18142
69 18143
69 18145
69 18154
69 18161
69 18164
69 18178
69 18189
69 18202
69 18208
69 18210
69 18258
69 18263
69 18272
69 18310
69 18315
69 18329
69 18334
69 18342
69 18351
69 18353
69 18362
69 18368
69 18380
69 18386
69 18402
69 18424
69 18444
69 18459
69 18460
69 18471
69 18478
69 18483
69 18487
69 18498
69 18510
69 18522
69 18527
69 18539
69 18558
69 18560
69 18565
69 18567
69 18576
69 18599
69 18627
69 18629
69 18635
69 18636
69 18642
69 18664
69 18669
69 18677
69 18678
69 18679
69 18681
69 18707
69 18709
69 18715
69 18726
69 18732
69 18735
69 18741
69 18755
69 18768
69 18775
69 18794
69 18795
69 18805
69 18808
69 18811
69 18824
69 18825
69 18827
69 18831
69 18838
69 18846
69 18861
69 18862
69 18864
69 18873
69 18885
69 18891
69 18892
69 18897
69 18911
69 18916
69 18928
69 18932
69 18939
69 18944
69 18945
69 18946
69 18953
69 18956
69 18959
69 18977
69 18986
69 19003
69 19008
69 19015
69 19019
69 19026
69 19033
69 19035
69 19038
69 19049
69 19056
69 19070
69 19072
69 19086
69 19090
69 19124
69 19152
69 19159
69 19162
69 19179
69 19184
69 19193
69 19197
69 19207
69 19220
69 19229
69 19242
69 19256
69 19267
69 19268
69 19282
69 19295
69 19297
69 19315
69 19330
69 19338
69 19342
69 19349
69 19362
69 19363
69 19372
69 19388
69 19414
69 19430
69 19433
69 19436
69 19480
69 19483
69 19497
69 19500
69 19512
69 19515
69 19521
69 19523
69 19530
69 19531
69 19535
69 19536
69 19538
69 19548
69 19552
69 19562
69 19571
69 19572
69 19586
69 19603
69 19606
69 19607
69 19622
69 19632
69 19633
69 19634
69 19636
69 19642
69 19647
69 19653
69 19656
69 19664
69 19675
69 19687
69 19689
69 19699
69 19706
69 19709
69 19720
69 19730
69 19739
69 19743
69 19746
69 19749
69 19762
69 19781
69 19785
69 19789
69 19798
69 19821
69 19826
69 19830
69 19835
69 19839
69 19842
69 19851
69 19853
69 19866
69 19870
69 19888
69 19896
69 19905
69 19910
69 19914
69 19917
69 19930
69 19934
69 19946
69 19949
69 19958
69 19976
69 19978
69 19994
69 20002
69 20003
69 20005
69 20012
69 20014
69 20017
69 20021
69 20024
69 20026
69 20029
69 20032
69 20041
69 20046
69 20055
69 20057
69 20091
69 20104
69 20112
69 20113
69 20139
69 20140
69 20146
69 20148
69 20150
69 20151
69 20168
69 20178
69 20182
69 20190
69 20196
69 20197
69 20200
69 20204
69 20207
69 20208
69 20209
69 20221
69 20225
69 20226
69 20235
69 20242
69 20249
69 20251
69 20271
69 20281
69 20293
69 20300
69 20303
69 20306
69 20309
69 20311
69 20312
69 20314
69 20317
69 20320
69 20328
69 20334
69 20340
69 20342
69 20349
69 20361
69 20362
69 20365
69 20369
69 20389
69 20399
69 20415
69 20418
69 20422
69 20425
69 20440
69 20444
69 20446
69 20451
69 20452
69 20464
69 20475
69 20476
69 20485
69 20505
69 20508
69 20528
69 20542
69 20560
69 20577
69 20579
69 20581
69 20599
69 20603
69 20611
69 20615
69 20633
69 20649
69 20654
69 20659
69 20660
69 20681
69 20689
69 20695
69 20697
69 20702
69 20710
69 20712
69 20720
69 20729
69 20747
69 20752
69 20753
69 20754
69 20762
69 20766
69 20772
69 20782
69 20784
69 20796
69 20801
69 20805
69 20824
69 20828
69 20838
69 20840
69 20841
69 20844
69 20852
69 20856
69 20858
69 20865
69 20871
69 20878
69 20884
69 20892
69 20893
69 20897
69 20902
69 20908
69 20918
69 20921
69 20935
69 20944
69 20962
69 20964
69 20966
69 20970
69 20972
69 20980
69 20984
69 20997
69 21000
69 21015
69 21037
69 21063
69 21069
69 21075
69 21077
69 21083
69 21090
69 21095
69 21098
69 21103
69 21109
69 21131
69 21135
69 21145
69 21147
69 21158
69 21162
69 21178
69 21204
69 21210
69 21217
69 21236
69 21240
69 21247
69 21252
69 21259
69 21279
69 21290
69 21307
69 21312
69 21314
69 21339
69 21375
69 21382
69 21383
69 21385
69 21393
69 21400
69 21416
69 21441
69 21456
69 21457
69 21461
69 21464
69 21468
69 21473
69 21487
69 21490
69 21491
69 21492
69 21497
69 21507
69 21512
69 21556
69 21571
69 21574
69 21576
69 21586
69 21595
69 21598
69 21619
69 21639
69 21648
69 21653
69 21657
69 21678
69 21683
69 21705
69 21710
69 21728
69 21739
69 21742
69 21760
69 21767
69 21773
69 21796
69 21820
69 21821
69 21822
69 21824
69 21840
69 21847
69 21851
69 21854
69 21857
69 21858
69 21871
69 21872
69 21880
69 21883
69 21884
69 21887
69 21890
69 21891
69 21911
69 21933
69 21945
69 21966
69 21975
69 21978
69 21987
69 21988
69 21989
69 21994
69 21995
69 21998
69 22000
69 22001
69 22021
69 22027
69 22030
69 22052
69 22066
69 22070
69 22102
69 22114
69 22123
69 22126
69 22132
69 22148
69 22168
69 22174
69 22187
69 22219
69 22223
69 22228
69 22249
69 22264
69 22265
69 22272
69 22273
69 22275
69 22296
69 22305
69 22311
69 22315
69 22316
69 22322
69 22325
69 22335
69 22340
69 22348
69 22356
69 22361
69 22368
69 22380
69 22399
69 22404
69 22405
69 22420
69 22422
69 22423
69 22426
69 22431
69 22444
69 22451
69 22455
69 22462
69 22469
69 22471
69 22472
69 22476
69 22509
69 22514
69 22515
69 22548
69 22558
69 22568
69 22590
69 22593
69 22604
69 22617
69 22619
69 22635
69 22639
69 22642
69 22645
69 22660
69 22668
69 22670
69 22702
69 22711
69 22713
69 22724
69 22725
69 22728
69 22739
69 22740
69 22742
69 22757
69 22762
69 22773
69 22774
69 22775
69 22783
69 22784
69 22786
69 22804
69 22805
69 22813
69 22817
69 22823
69 22825
69 22850
69 22857
69 22865
69 22878
69 22890
69 22898
69 22899
69 22919
69 22926
69 22932
69 22944
69 22945
69 22949
69 22953
69 22955
69 22956
69 22974
69 22982
69 22983
69 22985
69 22992
69 22999
69 23013
69 23016
69 23022
69 23025
69 23026
69 23041
69 23051
69 23076
69 23088
69 23094
69 23100
69 23126
69 23130
69 23138
69 23142
69 23143
69 23155
69 23157
69 23165
69 23169
69 23186
69 23193
69 23200
69 23210
69 23227
69 23236
69 23245
69 23247
69 23248
69 23261
69 23264
69 23271
69 23272
69 23275
69 23276
69 23280
69 23297
69 23326
69 23334
69 23336
69 23339
69 23357
69 23370
69 23375
69 23381
69 23392
69 23393
69 23399
69 23431
69 23433
69 23448
69 23449
69 23457
69 23479
69 23481
69 23485
69 23488
69 23498
69 23508
69 23509
69 23518
69 23519
69 23553
69 23567
69 23572
69 23581
69 23607
69 23612
69 23619
69 23622
69 23628
69 23635
69 23637
69 23644
69 23672
69 23674
69 23686
69 23687
69 23695
69 23703
69 23705
69 23714
69 23716
69 23719
69 23720
69 23730
69 23734
69 23735
69 23742
69 23746
69 23754
69 23771
69 23777
69 23780
69 23782
69 23792
69 23793
69 23796
69 23797
69 23803
69 23816
69 23821
69 23823
69 23842
69 23850
69 23860
69 23865
69 23869
69 23878
69 23883
69 23887
69 23892
69 23894
69 23897
69 23899
69 23907
69 23911
69 23915
69 23924
69 23926
69 23934
69 23941
69 23953
69 23957
69 23960
69 23963
69 23965
69 23971
69 23972
69 23979
69 24002
69 24004
69 24012
69 24025
69 24028
69 24034
69 24045
69 24065
69 24066
69 24073
69 24083
69 24097
69 24120
69 24124
69 24130
69 24137
69 24146
69 24158
69 24164
69 24170
69 24175
69 24187
69 24200
69 24220
69 24227
69 24231
69 24232
69 24242
69 24254
69 24255
69 24258
69 24263
69 24268
69 24271
69 24283
69 24286
69 24296
69 24299
69 24301
69 24316
69 24333
69 24348
69 24354
69 24363
69 24377
69 24384
69 24390
69 24398
69 24405
69 24422
69 24433
69 24434
69 24443
69 24449
69 24469
69 24471
69 24478
69 24492
69 24495
69 24503
69 24505
69 24511
69 24518
69 24521
69 24545
69 24552
69 24555
69 24562
69 24564
69 24578
69 24582
69 24583
69 24591
69 24599
69 24609
69 24615
69 24621
69 24628
69 24629
69 24666
69 24668
69 24691
69 24698
69 24702
69 24710
69 24715
69 24721
69 24723
69 24740
69 24757
69 24776
69 24788
69 24789
69 24792
69 24801
69 24804
69 24818
69 24822
69 24834
69 24836
69 24858
69 24860
69 24866
69 24871
69 24879
69 24880
69 24909
69 24914
69 24923
69 24925
69 24928
69 24934
69 24954
69 25000
69 25004
69 25009
69 25014
69 25044
69 25060
69 25070
69 25073
69 25078
69 25081
69 25093
69 25104
69 25113
69 25114
69 25123
69 25127
69 25128
69 25133
69 25139
69 25141
69 25178
69 25188
69 25197
69 25199
69 25210
69 25214
69 25222
69 25224
69 25227
69 25230
69 25240
69 25248
69 25258
69 25262
69 25271
69 25306
69 25319
69 25349
69 25354
69 25363
69 25370
69 25377
69 25379
69 25385
69 25386
69 25390
69 25396
69 25398
69 25406
69 25407
69 25421
69 25444
69 25448
69 25456
69 25468
69 25469
69 25473
69 25479
69 25480
69 25483
69 25491
69 25495
69 25505
69 25510
69 25513
69 25514
69 25519
69 25520
69 25544
69 25549
69 25562
69 25565
69 25567
69 25580
69 25588
69 25591
69 25605
69 25627
69 25641
69 25644
69 25658
69 25678
69 25689
69 25700
69 25703
69 25706
69 25708
69 25717
69 25722
69 25745
69 25753
69 25763
69 25779
69 25784
69 25792
69 25801
69 25802
69 25808
69 25810
69 25830
69 25835
69 25844
69 25854
69 25877
69 25883
69 25887
69 25891
69 25903
69 25914
69 25918
69 25922
69 25927
69 25955
69 25957
69 25958
69 25978
69 25986
69 25991
69 25999
69 26002
69 26006
69 26029
69 26042
69 26049
69 26054
69 26066
69 26067
69 26073
69 26082
69 26090
69 26094
69 26107
69 26111
69 26114
69 26117
69 26120
69 26121
69 26131
69 26136
69 26143
69 26146
69 26160
69 26175
69 26176
69 26186
69 26189
69 26191
69 26196
69 26200
69 26234
69 26239
69 26242
69 26247
69 26256
69 26258
69 26267
69 26268
69 26272
69 26279
69 26287
69 26289
69 26291
69 26307
69 26309
69 26315
69 26318
69 26337
69 26344
69 26346
69 26359
69 26363
69 26371
69 26375
69 26378
69 26389
69 26395
69 26403
69 26404
69 26414
69 26425
69 26432
69 26441
69 26443
69 26444
69 26452
69 26461
69 26475
69 26481
69 26482
69 26489
69 26498
69 26504
69 26506
69 26514
69 26515
69 26521
69 26535
69 26551
69 26561
69 26562
69 26564
69 26566
69 26572
69 26582
69 26591
69 26592
69 26597
69 26608
69 26611
69 26636
69 26637
69 26641
69 26661
69 26677
69 26679
69 26705
69 26730
69 26761
69 26763
69 26770
69 26785
69 26799
69 26810
69 26811
69 26816
69 26820
69 26823
69 26828
69 26845
69 26861
69 26868
69 26869
69 26871
69 26878
69 26886
69 26887
69 26890
69 26893
69 26898
69 26901
69 26905
69 26910
69 26916
69 26921
69 26941
69 26946
69 26949
69 26952
69 26960
69 26964
69 26965
69 26981
69 26989
69 26996
69 27005
69 27012
69 27015
69 27022
69 27025
69 27029
69 27031
69 27036
69 27037
69 27045
69 27048
69 27055
69 27056
69 27067
69 27096
69 27102
69 27112
69 27139
69 27142
69 27150
69 27152
69 27174
69 27187
69 27200
69 27201
69 27214
69 27226
69 27235
69 27241
69 27249
69 27255
69 27261
69 27265
69 27293
69 27302
69 27304
69 27315
69 27316
69 27333
69 27338
69 27345
69 27354
69 27357
69 27362
69 27363
69 27378
69 27385
69 27389
69 27395
69 27398
69 27402
69 27404
69 27409
69 27415
69 27428
69 27440
69 27473
69 27478
69 27487
69 27490
69 27517
69 27518
69 27522
69 27544
69 27547
69 27558
69 27579
69 27580
69 27584
69 27588
69 27596
69 27603
69 27612
69 27627
69 27630
69 27668
69 27669
69 27680
69 27684
69 27692
69 27694
69 27698
69 27702
69 27710
69 27712
69 27717
69 27730
69 27733
69 27736
69 27737
69 27746
69 27760
69 27785
69 27787
69 27789
69 27790
69 27793
69 27794
69 27802
69 27806
69 27827
69 27828
69 27831
69 27832
69 27833
69 27841
69 27846
69 27855
69 27868
69 27876
69 27882
69 27897
69 27898
69 27903
69 27913
69 27940
69 27944
69 27952
69 27960
69 27970
69 27972
69 27979
69 27983
69 27984
69 27987
69 28024
69 28029
69 28033
69 28043
69 28044
69 28046
69 28057
69 28058
69 28060
69 28061
69 28067
69 28070
69 28076
69 28078
69 28085
69 28092
69 28100
69 28105
69 28108
69 28111
69 28113
69 28115
69 28123
69 28126
69 28129
69 28138
69 28141
69 28143
69 28144
69 28148
69 28149
69 28152
69 28158
69 28159
69 28160
69 28162
69 28165
69 28166
69 28168
69 28170
69 28171
69 28175
69 28179
69 28182
69 28187
69 28188
69 28194
69 28199
69 28202
69 28209
69 28214
69 28215
69 28217
69 28218
69 28222
69 28223
69 28225
69 28226
69 28233
69 28240
69 28244
69 28245
69 28254
69 28256
69 28260
69 28262
69 28263
69 28265
69 28267
69 28270
69 28272
69 28285
69 28287
69 28291
69 28292
69 28294
69 28298
69 28299
69 28300
69 28301
69 28305
69 28307
69 28308
69 28310
69 28311
69 28314
69 28317
69 28319
69 28321
69 28328
69 28337
69 28339
69 28341
69 28343
69 28346
69 28347
69 28350
69 28356
69 28357
69 28358
69 28361
69 28365
69 28370
69 28371
69 28375
69 28377
69 28386
69 28389
69 28397
69 28407
69 28408
69 28411
69 28412
69 28415
69 28417
69 28419
69 28424
69 28427
69 28429
69 28435
69 28447
69 28452
69 28470
69 28473
69 28475
69 28479
69 28485
69 28489
69 28495
69 28499
69 28508
69 28514
69 28515
69 28527
69 28529
69 28530
69 28531
69 28537
69 28543
69 28544
69 28551
69 28559
69 28560
69 28561
69 28562
69 28566
69 28572
69 28574
69 28577
69 28578
69 28580
69 28584
69 28586
69 28587
69 28589
69 28596
69 28607
69 28613
69 28616
69 28618
69 28623
69 28624
69 28626
69 28631
69 28637
69 28640
69 28644
69 28647
69 28649
69 28651
69 28652
69 28655
69 28661
69 28662
69 28664
69 28678
69 28681
69 28683
69 28689
69 28694
69 28695
69 28700
69 28701
69 28709
69 28711
69 28721
69 28723
69 28725
69 28729
69 28734
69 28736
69 28738
69 28750
69 28752
69 28753
69 28762
69 28765
69 28796
69 28801
69 28802
69 28809
69 28811
69 28814
69 28832
69 28838
69 28839
69 28840
69 28843
69 28847
69 28849
69 28852
69 28853
69 28856
69 28872
69 28877
69 28897
69 28899
69 28901
69 28907
69 28910
69 28938
69 28946
69 28952
69 28955
69 28957
69 28969
69 28973
69 28975
69 28979
69 28986
69 28991
69 29006
69 29012
69 29025
69 29041
69 29054
69 29055
69 29058
69 29070
69 29075
69 29080
69 29083
69 29116
69 29117
69 29125
69 29159
69 29160
69 29164
69 29167
69 29182
69 29192
69 29203
69 29204
69 29212
69 29228
69 29239
69 29240
69 29243
69 29255
69 29258
69 29260
69 29262
69 29263
69 29279
69 29282
69 29290
69 29294
69 29304
69 29310
69 29314
69 29330
69 29337
69 29346
69 29348
69 29351
69 29357
69 29369
69 29371
69 29373
69 29385
69 29397
69 29408
69 29428
69 29430
69 29454
69 29455
69 29466
69 29468
69 29477
69 29484
69 29496
69 29500
69 29503
69 29512
69 29529
69 29541
69 29548
69 29554
69 29557
69 29565
69 29568
69 29584
69 29592
69 29610
69 29613
69 29616
69 29625
69 29638
69 29640
69 29644
69 29647
69 29656
69 29669
69 29694
69 29706
69 29711
69 29725
69 29727
69 29729
69 29732
69 29735
69 29736
69 29738
69 29746
69 29753
69 29772
69 29774
69 29776
69 29785
69 29786
69 29789
69 29792
69 29800
69 29811
69 29816
69 29817
69 29820
69 29823
69 29859
69 29869
69 29875
69 29877
69 29889
69 29904
69 29909
69 29910
69 29922
69 29925
69 29942
69 29943
69 29958
69 29961
69 29962
69 29964
69 29988
69 29999
69 30004
69 30008
69 30024
69 30038
69 30045
69 30049
69 30062
69 30064
69 30068
69 30070
69 30073
69 30095
69 30098
69 30099
69 30135
69 30150
69 30152
69 30171
69 30179
69 30185
69 30195
69 30204
69 30212
69 30218
69 30220
69 30225
69 30237
69 30240
69 30248
69 30253
69 30254
69 30258
69 30266
69 30270
69 30289
69 30291
69 30292
69 30304
69 30315
69 30319
69 30332
69 30344
69 30348
69 30352
69 30372
69 30373
69 30375
69 30396
69 30399
69 30416
69 30421
69 30424
69 30434
69 30446
69 30450
69 30466
69 30468
69 30470
69 30502
69 30520
69 30521
69 30540
69 30547
69 30556
69 30574
69 30581
69 30594
69 30598
69 30612
69 30618
69 30631
69 30646
69 30647
69 30652
69 30654
69 30662
69 30685
69 30697
69 30698
69 30700
69 30703
69 30714
69 30723
69 30731
69 30732
69 30737
69 30747
69 30749
69 30754
69 30775
69 30780
69 30782
69 30786
69 30796
69 30801
69 30807
69 30817
69 30828
69 30831
69 30849
69 30853
69 30857
69 30864
69 30869
69 30872
69 30875
69 30883
69 30888
69 30889
69 30894
69 30911
69 30916
69 30927
69 30935
69 30944
69 30945
69 30950
69 30953
69 30965
69 30966
69 30975
69 30979
69 30981
69 30991
69 31004
69 31010
69 31011
69 31019
69 31033
69 31036
69 31038
69 31044
69 31050
69 31060
69 31065
69 31070
69 31089
69 31103
69 31104
69 31108
69 31127
69 31128
69 31139
69 31140
69 31153
69 31181
69 31183
69 31185
69 31204
69 31209
69 31223
69 31231
69 31238
69 31249
69 31250
69 31252
69 31256
69 31258
69 31260
69 31268
69 31282
69 31285
69 31292
69 31300
69 31304
69 31308
69 31311
69 31332
69 31367
69 31372
69 31374
69 31376
69 31380
69 31401
69 31414
69 31419
69 31420
69 31431
69 31437
69 31440
69 31449
69 31463
69 31470
69 31476
69 31478
69 31487
69 31492
69 31504
69 31512
69 31520
69 31529
69 31533
69 31535
69 31561
69 31563
69 31568
69 31572
69 31573
69 31574
69 31582
69 31584
69 31590
69 31592
69 31594
69 31612
69 31620
69 31626
69 31627
69 31630
69 31641
69 31643
69 31655
69 31656
69 31663
69 31671
69 31674
69 31678
69 31681
69 31684
69 31687
69 31694
69 31711
69 31715
69 31721
69 31737
69 31749
69 31752
69 31760
69 31768
69 31791
69 31796
69 31801
69 31802
69 31811
69 31814
69 31843
69 31849
69 31851
69 31863
69 31874
69 31880
69 31884
69 31886
69 31890
69 31897
69 31906
69 31918
69 31920
69 31923
69 31925
69 31926
69 31929
69 31935
69 31937
69 31945
69 31948
69 31952
69 31953
69 31955
69 31961
69 31969
69 32009
69 32011
69 32015
69 32019
69 32026
69 32043
69 32050
69 32062
69 32063
69 32067
69 32095
69 32101
69 32103
69 32112
69 32125
69 32134
69 32137
69 32149
69 32153
69 32158
69 32163
69 32185
69 32195
69 32201
69 32205
69 32212
69 32213
69 32216
69 32217
69 32230
69 32235
69 32236
69 32243
69 32250
69 32253
69 32256
69 32259
69 32263
69 32267
69 32283
69 32288
69 32289
69 32290
69 32297
69 32303
69 32324
69 32326
69 32330
69 32335
69 32340
69 32341
69 32350
69 32355
69 32364
69 32367
69 32369
69 32376
69 32381
69 32401
69 32418
69 32428
69 32429
69 32447
69 32455
69 32461
69 32462
69 32486
69 32488
69 32493
69 32505
69 32513
69 32516
69 32517
69 32518
69 32524
69 32526
69 32532
69 32538
69 32539
69 32540
69 32557
69 32560
69 32567
69 32570
69 32577
69 32592
69 32601
69 32604
69 32606
69 32610
69 32616
69 32621
69 32635
69 32636
69 32650
69 32653
69 32656
69 32657
69 32671
69 32672
69 32676
69 32683
69 32693
69 32695
69 32711
69 32712
69 32721
69 32731
69 32741
69 32747
69 32750
69 32752
69 32757
69 32764
69 32769
69 32785
69 32800
69 32803
69 32810
69 32811
69 32820
69 32823
69 32826
69 32833
69 32843
69 32851
69 32859
69 32868
69 32880
69 32886
69 32900
69 32909
69 32910
69 32913
69 32927
69 32934
69 32948
69 32952
69 32955
69 32965
69 32966
69 32972
69 32984
69 32987
69 32990
69 33001
69 33014
69 33030
69 33036
69 33044
69 33049
69 33073
69 33080
69 33103
69 33105
69 33110
69 33132
69 33139
69 33142
69 33176
69 33178
69 33194
69 33202
69 33207
69 33208
69 33214
69 33216
69 33228
69 33231
69 33233
69 33237
69 33244
69 33250
69 33256
69 33270
69 33276
69 33279
69 33282
69 33287
69 33289
69 33301
69 33305
69 33306
69 33307
69 33310
69 33319
69 33323
69 33334
69 33335
69 33338
69 33344
69 33355
69 33356
69 33359
69 33365
69 33366
69 33375
69 33376
69 33378
69 33381
69 33393
69 33395
69 33401
69 33407
69 33410
69 33413
69 33414
69 33420
69 33425
69 33443
69 33452
69 33453
69 33462
69 33467
69 33475
69 33484
69 33491
69 33512
69 33518
69 33565
69 33566
69 33577
69 33582
69 33583
69 33590
69 33591
69 33595
69 33600
69 33611
69 33617
69 33632
69 33643
69 33652
69 33653
69 33655
69 33656
69 33673
69 33684
69 33694
69 33696
69 33698
69 33719
69 33724
69 33727
69 33729
69 33744
69 33749
69 33751
69 33777
69 33791
69 33792
69 33834
69 33838
69 33845
69 33875
69 33877
69 33886
69 33909
69 33910
69 33912
69 33926
69 33930
69 33933
69 33937
69 33939
69 33941
69 33948
69 33951
69 33955
69 33959
69 33966
69 33984
69 33986
69 33994
69 33996
69 33998
69 34015
69 34016
69 34020
69 34022
69 34040
69 34046
69 34058
69 34062
69 34066
69 34071
69 34073
69 34084
69 34090
69 34094
69 34095
69 34097
69 34098
69 34100
69 34119
69 34135
69 34140
69 34141
69 34150
69 34156
69 34164
69 34167
69 34168
69 34191
69 34200
69 34208
69 34211
69 34218
69 34225
69 34226
69 34228
69 34232
69 34245
69 34247
69 34263
69 34266
69 34271
69 34281
69 34282
69 34291
69 34296
69 34302
69 34314
69 34324
69 34327
69 34332
69 34345
69 34353
69 34359
69 34372
69 34376
69 34377
69 34400
69 34405
69 34407
69 34414
69 34436
69 34453
69 34456
69 34476
69 34477
69 34483
69 34485
69 34494
69 34497
69 34518
69 34527
69 34528
69 34531
69 34539
69 34554
69 34556
69 34566
69 34567
69 34572
69 34577
69 34595
69 34684
69 34696
69 34697
69 34698
69 34703
69 34707
69 34710
69 34711
69 34714
69 34721
69 34732
69 34737
69 34742
69 34754
69 34757
69 34767
69 34772
69 34780
69 34787
69 34790
69 34794
69 34814
69 34817
69 34855
69 34874
69 34893
69 34914
69 34933
69 34938
69 34944
69 34960
69 34963
69 34964
69 34967
69 34974
69 34981
69 34989
69 35006
69 35019
69 35022
69 35028
69 35040
69 35048
69 35050
69 35066
69 35070
69 35076
69 35084
69 35102
69 35112
69 35121
69 35125
69 35142
69 35153
69 35157
69 35159
69 35176
69 35182
69 35183
69 35186
69 35190
69 35197
69 35202
69 35213
69 35218
69 35219
69 35239
69 35242
69 35249
69 35256
69 35257
69 35264
69 35267
69 35272
69 35302
69 35323
69 35324
69 35327
69 35331
69 35333
69 35334
69 35336
69 35345
69 35355
69 35364
69 35367
69 35378
69 35391
69 35392
69 35394
69 35412
69 35415
69 35418
69 35422
69 35428
69 35430
69 35444
69 35446
69 35447
69 35457
69 35464
69 35468
69 35475
69 35493
69 35494
69 35497
69 35503
69 35520
69 35530
69 35536
69 35537
69 35549
69 35550
69 35556
69 35562
69 35589
69 35592
69 35618
69 35622
69 35633
69 35636
69 35641
69 35645
69 35647
69 35657
69 35665
69 35668
69 35670
69 35678
69 35690
69 35693
69 35697
69 35698
69 35702
69 35705
69 35716
69 35731
69 35754
69 35764
69 35795
69 35803
69 35807
69 35820
69 35838
69 35855
69 35859
69 35871
69 35873
69 35877
69 35889
69 35891
69 35897
69 35899
69 35915
69 35927
69 35952
69 35957
69 35958
69 35974
69 35981
69 35986
69 35990
69 35994
69 35999
69 36017
69 36025
69 36026
69 36032
69 36036
69 36042
69 36046
69 36057
69 36059
69 36062
69 36072
69 36075
69 36080
69 36084
69 36087
69 36088
69 36092
69 36097
69 36112
69 36116
69 36121
69 36125
69 36126
69 36127
69 36144
69 36153
69 36159
69 36161
69 36180
69 36182
69 36192
69 36196
69 36207
69 36214
69 36219
69 36222
69 36230
69 36231
69 36240
69 36252
69 36276
69 36279
69 36285
69 36293
69 36306
69 36309
69 36314
69 36317
69 36326
69 36331
69 36347
69 36351
69 36356
69 36368
69 36370
69 36373
69 36375
69 36376
69 36385
69 36391
69 36402
69 36405
69 36425
69 36443
69 36457
69 36471
69 36477
69 36495
69 36497
69 36511
69 36520
69 36550
69 36551
69 36555
69 36567
69 36568
69 36579
69 36581
69 36582
69 36596
69 36607
69 36621
69 36645
69 36647
69 36648
69 36655
69 36659
69 36675
69 36681
69 36685
69 36697
69 36710
69 36712
69 36715
69 36727
69 36736
69 36743
69 36750
69 36771
69 36772
69 36777
69 36787
69 36788
69 36790
69 36794
69 36800
69 36813
69 36814
69 36816
69 36824
69 36827
69 36837
69 36841
69 36842
69 36846
69 36849
69 36850
69 36858
69 36862
69 36866
69 36898
69 36907
69 36926
69 36928
69 36944
69 36948
69 36958
69 36965
69 36989
69 36995
69 37009
69 37021
69 37037
69 37046
69 37050
69 37064
69 37068
69 37072
69 37076
69 37079
69 37095
69 37102
69 37107
69 37112
69 37119
69 37121
69 37128
69 37130
69 37133
69 37149
69 37176
69 37185
69 37186
69 37189
69 37193
69 37196
69 37205
69 37209
69 37217
69 37221
69 37238
69 37240
69 37245
69 37246
69 37248
69 37271
69 37276
69 37280
69 37284
69 37295
69 37315
69 37316
69 37326
69 37328
69 37336
69 37337
69 37352
69 37358
69 37362
69 37363
69 37365
69 37396
69 37400
69 37404
69 37416
69 37427
69 37430
69 37432
69 37435
69 37464
69 37467
69 37472
69 37489
69 37491
69 37500
69 37501
69 37503
69 37524
69 37552
69 37561
69 37564
69 37567
69 37585
69 37596
69 37597
69 37606
69 37612
69 37629
69 37635
69 37639
69 37659
69 37661
69 37664
69 37682
69 37684
69 37696
69 37707
69 37714
69 37733
69 37741
69 37746
69 37755
69 37765
69 37770
69 37782
69 37793
69 37794
69 37795
69 37803
69 37812
69 37829
69 37834
69 37846
69 37847
69 37852
69 37856
69 37858
69 37868
69 37871
69 37876
69 37884
69 37888
69 37893
69 37894
69 37896
69 37897
69 37904
69 37906
69 37910
69 37917
69 37945
69 37946
69 37960
69 37963
69 37971
69 37972
69 37973
69 37977
69 37992
69 38001
69 38016
69 38018
69 38029
69 38030
69 38040
69 38044
69 38045
69 38057
69 38066
69 38068
69 38071
69 38082
69 38095
69 38104
69 38113
69 38118
69 38123
69 38136
69 38142
69 38154
69 38161
69 38175
69 38177
69 38182
69 38183
69 38188
69 38196
69 38203
69 38213
69 38218
69 38231
69 38241
69 38251
69 38255
69 38258
69 38267
69 38273
69 38289
69 38297
69 38300
69 38323
69 38326
69 38328
69 38339
69 38345
69 38354
69 38362
69 38370
69 38375
69 38376
69 38378
69 38431
69 38438
69 38442
69 38444
69 38449
69 38453
69 38460
69 38462
69 38464
69 38466
69 38477
69 38486
69 38489
69 38494
69 38502
69 38505
69 38509
69 38527
69 38530
69 38538
69 38549
69 38552
69 38556
69 38565
69 38567
69 38585
69 38594
69 38606
69 38616
69 38625
69 38636
69 38640
69 38652
69 38659
69 38673
69 38682
69 38695
69 38704
69 38706
69 38715
69 38720
69 38736
69 38742
69 38744
69 38755
69 38769
69 38770
69 38778
69 38815
69 38820
69 38823
69 38844
69 38846
69 38877
69 38883
69 38889
69 38908
69 38915
69 38920
69 38931
69 38942
69 38950
69 38953
69 38954
69 38960
69 38974
69 38978
69 38981
69 38987
69 39007
69 39016
69 39019
69 39023
69 39024
69 39028
69 39029
69 39044
69 39049
69 39057
69 39058
69 39063
69 39065
69 39068
69 39071
69 39093
69 39104
69 39119
69 39136
69 39137
69 39149
69 39153
69 39155
69 39158
69 39162
69 39165
69 39173
69 39174
69 39180
69 39183
69 39194
69 39205
69 39208
69 39244
69 39252
69 39262
69 39264
69 39267
69 39278
69 39291
69 39304
69 39308
69 39312
69 39327
69 39348
69 39363
69 39379
69 39391
69 39400
69 39403
69 39409
69 39411
69 39420
69 39425
69 39433
69 39438
69 39452
69 39456
69 39461
69 39465
69 39478
69 39479
69 39480
69 39483
69 39484
69 39493
69 39494
69 39505
69 39511
69 39515
69 39539
69 39545
69 39553
69 39555
69 39566
69 39578
69 39586
69 39599
69 39609
69 39615
69 39628
69 39630
69 39644
69 39669
69 39678
69 39686
69 39692
69 39706
69 39711
69 39713
69 39726
69 39762
69 39772
69 39773
69 39782
69 39783
69 39798
69 39809
69 39816
69 39822
69 39838
69 39840
69 39841
69 39851
69 39862
69 39873
69 39875
69 39886
69 39887
69 39889
69 39896
69 39911
69 39925
69 39926
69 39939
69 39942
69 39955
69 39960
69 39966
69 39982
69 39985
69 39992
69 40002
69 40017
69 40022
69 40034
69 40035
69 40036
69 40038
69 40041
69 40051
69 40059
69 40062
69 40063
69 40065
69 40080
69 40091
69 40105
69 40113
69 40136
69 40148
69 40150
69 40155
69 40160
69 40165
69 40171
69 40172
69 40180
69 40181
69 40183
69 40187
69 40190
69 40196
69 40230
69 40232
69 40236
69 40240
69 40248
69 40257
69 40266
69 40268
69 40296
69 40302
69 40303
69 40308
69 40323
69 40324
69 40330
69 40335
69 40336
69 40343
69 40348
69 40353
69 40373
69 40374
69 40377
69 40385
69 40388
69 40402
69 40405
69 40407
69 40420
69 40424
69 40432
69 40440
69 40448
69 40450
69 40456
69 40460
69 40461
69 40462
69 40466
69 40471
69 40472
69 40488
69 40489
69 40515
69 40519
69 40520
69 40522
69 40523
69 40529
69 40540
69 40543
69 40550
69 40570
69 40576
69 40579
69 40583
69 40586
69 40599
69 40600
69 40608
69 40622
69 40645
69 40655
69 40670
69 40690
69 40691
69 40711
69 40713
69 40716
69 40722
69 40759
69 40777
69 40780
69 40781
69 40799
69 40800
69 40804
69 40807
69 40808
69 40815
69 40816
69 40818
69 40819
69 40830
69 40853
69 40864
69 40868
69 40869
69 40874
69 40876
69 40877
69 40881
69 40882
69 40888
69 40893
69 40894
69 40916
69 40927
69 40933
69 40934
69 40935
69 40940
69 40946
69 40950
69 40973
69 40978
69 40985
69 40995
69 41006
69 41007
69 41012
69 41031
69 41045
69 41047
69 41059
69 41061
69 41065
69 41084
69 41104
69 41109
69 41121
69 41125
69 41129
69 41130
69 41145
69 41174
69 41175
69 41194
69 41197
69 41207
69 41232
69 41236
69 41242
69 41243
69 41250
69 41266
69 41272
69 41279
69 41282
69 41286
69 41292
69 41294
69 41300
69 41302
69 41307
69 41312
69 41319
69 41322
69 41324
69 41333
69 41336
69 41380
69 41387
69 41392
69 41394
69 41396
69 41402
69 41404
69 41412
69 41426
69 41429
69 41435
69 41437
69 41461
69 41470
69 41473
69 41474
69 41475
69 41486
69 41489
69 41491
69 41502
69 41512
69 41513
69 41538
69 41539
69 41561
69 41562
69 41582
69 41587
69 41593
69 41605
69 41611
69 41616
69 41617
69 41623
69 41630
69 41631
69 41643
69 41652
69 41659
69 41668
69 41674
69 41680
69 41682
69 41685
69 41698
69 41709
69 41719
69 41733
69 41747
69 41766
69 41775
69 41778
69 41779
69 41784
69 41819
69 41822
69 41828
69 41829
69 41830
69 41837
69 41839
69 41845
69 41861
69 41875
69 41876
69 41885
69 41890
69 41906
69 41918
69 41929
69 41940
69 41945
69 41948
69 41950
69 41952
69 41957
69 41967
69 41975
69 41982
69 41993
69 41995
69 41997
69 42005
69 42009
69 42014
69 42045
69 42050
69 42053
69 42060
69 42062
69 42064
69 42065
69 42081
69 42090
69 42102
69 42116
69 42117
69 42121
69 42128
69 42136
69 42152
69 42155
69 42159
69 42174
69 42191
69 42198
69 42199
69 42207
69 42210
69 42233
69 42235
69 42258
69 42261
69 42283
69 42286
69 42287
69 42288
69 42290
69 42325
69 42329
69 42337
69 42339
69 42354
69 42370
69 42374
69 42379
69 42389
69 42390
69 42403
69 42409
69 42427
69 42428
69 42439
69 42446
69 42452
69 42456
69 42462
69 42470
69 42471
69 42488
69 42494
69 42496
69 42503
69 42504
69 42507
69 42513
69 42524
69 42525
69 42526
69 42529
69 42533
69 42534
69 42535
69 42544
69 42563
69 42573
69 42579
69 42584
69 42594
69 42595
69 42603
69 42606
69 42608
69 42630
69 42642
69 42659
69 42692
69 42699
69 42706
69 42710
69 42715
69 42726
69 42732
69 42737
69 42743
69 42749
69 42785
69 42787
69 42812
69 42819
69 42826
69 42832
69 42834
69 42850
69 42883
69 42895
69 42901
69 42912
69 42916
69 42919
69 42929
69 42932
69 42934
69 42937
69 42951
69 42958
69 42961
69 42970
69 42976
69 42987
69 42989
69 42993
69 42998
69 43015
69 43018
69 43021
69 43030
69 43031
69 43032
69 43034
69 43043
69 43053
69 43057
69 43058
69 43086
69 43102
69 43112
69 43124
69 43130
69 43139
69 43153
69 43154
69 43163
69 43164
69 43166
69 43175
69 43188
69 43190
69 43200
69 43201
69 43214
69 43220
69 43226
69 43227
69 43245
69 43256
69 43262
69 43276
69 43281
69 43284
69 43296
69 43298
69 43300
69 43303
69 43308
69 43309
69 43310
69 43312
69 43313
69 43329
69 43341
69 43342
69 43348
69 43355
69 43358
69 43362
69 43363
69 43373
69 43374
69 43383
69 43391
69 43405
69 43408
69 43410
69 43428
69 43430
69 43439
69 43441
69 43476
69 43483
69 43495
69 43512
69 43519
69 43523
69 43530
69 43531
69 43534
69 43542
69 43545
69 43551
69 43552
69 43554
69 43559
69 43562
69 43572
69 43582
69 43584
69 43585
69 43588
69 43607
69 43612
69 43613
69 43620
69 43626
69 43631
69 43644
69 43648
69 43653
69 43657
69 43677
69 43678
69 43692
69 43693
69 43698
69 43702
69 43704
69 43712
69 43725
69 43730
69 43731
69 43744
69 43747
69 43761
69 43764
69 43766
69 43767
69 43770
69 43772
69 43780
69 43784
69 43785
69 43788
69 43802
69 43807
69 43827
69 43833
69 43843
69 43846
69 43853
69 43860
69 43861
69 43888
69 43912
69 43915
69 43932
69 43934
69 43948
69 43955
69 43958
69 43963
69 43964
69 43966
69 43967
69 43989
69 44032
69 44035
69 44052
69 44058
69 44059
69 44061
69 44078
69 44083
69 44087
69 44126
69 44128
69 44132
69 44153
69 44171
69 44185
69 44187
69 44190
69 44199
69 44204
69 44214
69 44215
69 44219
69 44221
69 44224
69 44228
69 44233
69 44236
69 44246
69 44247
69 44250
69 44254
69 44258
69 44269
69 44270
69 44313
69 44319
69 44324
69 44327
69 44333
69 44341
69 44348
69 44358
69 44367
69 44379
69 44384
69 44386
69 44389
69 44391
69 44395
69 44399
69 44401
69 44413
69 44420
69 44422
69 44425
69 44435
69 44440
69 44450
69 44454
69 44481
69 44492
69 44499
69 44503
69 44519
69 44523
69 44529
69 44546
69 44551
69 44554
69 44569
69 44576
69 44577
69 44585
69 44589
69 44608
69 44624
69 44627
69 44630
69 44650
69 44674
69 44684
69 44703
69 44711
69 44725
69 44734
69 44735
69 44741
69 44743
69 44749
69 44758
69 44764
69 44769
69 44770
69 44779
69 44780
69 44782
69 44808
69 44815
69 44817
69 44827
69 44834
69 44835
69 44848
69 44892
69 44899
69 44902
69 44907
69 44931
69 44932
69 44941
69 44944
69 44945
69 44948
69 44955
69 44964
69 44968
69 44970
69 44977
69 44983
69 44991
69 44994
69 45015
69 45018
69 45021
69 45030
69 45031
69 45045
69 45070
69 45073
69 45089
69 45112
69 45136
69 45139
69 45144
69 45146
69 45150
69 45154
69 45160
69 45164
69 45169
69 45172
69 45208
69 45218
69 45225
69 45228
69 45242
69 45248
69 45252
69 45282
69 45293
69 45297
69 45309
69 45315
69 45319
69 45335
69 45341
69 45347
69 45349
69 45358
69 45368
69 45370
69 45393
69 45396
69 45408
69 45418
69 45419
69 45427
69 45451
69 45462
69 45469
69 45470
69 45483
69 45492
69 45494
69 45495
69 45497
69 45500
69 45501
69 45502
69 45513
69 45514
69 45516
69 45527
69 45529
69 45532
69 45534
69 45548
69 45549
69 45568
69 45575
69 45578
69 45586
69 45601
69 45606
69 45616
69 45620
69 45628
69 45630
69 45636
69 45640
69 45646
69 45647
69 45661
69 45671
69 45694
69 45714
69 45743
69 45757
69 45769
69 45779
69 45784
69 45786
69 45790
69 45801
69 45802
69 45804
69 45814
69 45830
69 45838
69 45846
69 45852
69 45855
69 45857
69 45860
69 45861
69 45868
69 45874
69 45878
69 45892
69 45893
69 45898
69 45906
69 45907
69 45919
69 45932
69 45953
69 45959
69 45960
69 45968
69 45974
69 45981
69 45990
69 46000
69 46010
69 46017
69 46020
69 46022
69 46025
69 46027
69 46028
69 46030
69 46045
69 46072
69 46082
69 46085
69 46092
69 46112
69 46122
69 46124
69 46135
69 46138
69 46149
69 46166
69 46176
69 46183
69 46196
69 46208
69 46220
69 46256
69 46260
69 46263
69 46264
69 46267
69 46284
69 46285
69 46289
69 46305
69 46309
69 46311
69 46318
69 46320
69 46332
69 46338
69 46347
69 46353
69 46355
69 46356
69 46384
69 46404
69 46421
69 46428
69 46429
69 46435
69 46436
69 46437
69 46454
69 46455
69 46469
69 46476
69 46477
69 46482
69 46504
69 46512
69 46514
69 46515
69 46521
69 46527
69 46545
69 46558
69 46560
69 46571
69 46586
69 46588
69 46592
69 46595
69 46600
69 46602
69 46610
69 46614
69 46618
69 46620
69 46621
69 46637
69 46649
69 46689
69 46696
69 46697
69 46706
69 46707
69 46713
69 46715
69 46721
69 46722
69 46724
69 46746
69 46751
69 46759
69 46761
69 46763
69 46765
69 46768
69 46770
69 46777
69 46781
69 46785
69 46789
69 46797
69 46798
69 46820
69 46826
69 46834
69 46855
69 46862
69 46886
69 46888
69 46890
69 46912
69 46926
69 46931
69 46932
69 46933
69 46940
69 46944
69 46952
69 46954
69 46965
69 46967
69 46991
69 46998
69 47006
69 47009
69 47018
69 47019
69 47025
69 47048
69 47051
69 47054
69 47100
69 47106
69 47111
69 47134
69 47135
69 47148
69 47152
69 47153
69 47155
69 47156
69 47167
69 47168
69 47185
69 47193
69 47198
69 47203
69 47205
69 47209
69 47224
69 47228
69 47229
69 47235
69 47236
69 47245
69 47253
69 47262
69 47265
69 47269
69 47274
69 47302
69 47305
69 47314
69 47317
69 47321
69 47322
69 47329
69 47351
69 47353
69 47366
69 47368
69 47373
69 47374
69 47385
69 47393
69 47394
69 47400
69 47405
69 47407
69 47414
69 47425
69 47432
69 47434
69 47439
69 47441
69 47469
69 47473
69 47477
69 47488
69 47503
69 47513
69 47514
69 47516
69 47529
69 47550
69 47566
69 47570
69 47580
69 47584
69 47589
69 47592
69 47594
69 47595
69 47600
69 47601
69 47606
69 47617
69 47619
69 47630
69 47642
69 47645
69 47648
69 47651
69 47662
69 47670
69 47681
69 47693
69 47698
69 47700
69 47703
69 47708
69 47712
69 47715
69 47740
69 47757
69 47760
69 47761
69 47780
69 47782
69 47792
69 47798
69 47800
69 47806
69 47812
69 47816
69 47827
69 47829
69 47834
69 47836
69 47867
69 47869
69 47870
69 47881
69 47882
69 47893
69 47896
69 47920
69 47934
69 47937
69 47941
69 47970
69 47977
69 47980
69 47984
69 47989
69 47990
69 47994
69 48005
69 48007
69 48013
69 48014
69 48020
69 48029
69 48035
69 48041
69 48048
69 48052
69 48059
69 48067
69 48072
69 48079
69 48080
69 48086
69 48108
69 48109
69 48131
69 48138
69 48140
69 48148
69 48150
69 48155
69 48160
69 48167
69 48171
69 48183
69 48186
69 48193
69 48202
69 48203
69 48205
69 48206
69 48208
69 48225
69 48248
69 48251
69 48264
69 48274
69 48289
69 48290
69 48314
69 48321
69 48324
69 48335
69 48341
69 48351
69 48361
69 48378
69 48379
69 48381
69 48385
69 48386
69 48388
69 48393
69 48396
69 48398
69 48405
69 48407
69 48410
69 48412
69 48428
69 48438
69 48441
69 48450
69 48454
69 48459
69 48463
69 48468
69 48482
69 48488
69 48490
69 48491
69 48496
69 48497
69 48514
69 48515
69 48528
69 48531
69 48540
69 48552
69 48553
69 48558
69 48561
69 48562
69 48572
69 48581
69 48604
69 48611
69 48618
69 48624
69 48635
69 48637
69 48641
69 48656
69 48658
69 48679
69 48694
69 48697
69 48708
69 48710
69 48716
69 48746
69 48748
69 48760
69 48764
69 48778
69 48780
69 48782
69 48793
69 48799
69 48809
69 48828
69 48847
69 48852
69 48858
69 48861
69 48873
69 48884
69 48895
69 48897
69 48936
69 48951
69 48977
69 48982
69 48986
69 48988
69 48998
69 48999
69 49005
69 49008
69 49026
69 49035
69 49038
69 49060
69 49065
69 49074
69 49082
69 49092
69 49095
69 49104
69 49108
69 49118
69 49124
69 49133
69 49142
69 49149
69 49156
69 49167
69 49171
69 49175
69 49183
69 49188
69 49194
69 49198
69 49200
69 49204
69 49210
69 49227
69 49228
69 49243
69 49245
69 49249
69 49250
69 49253
69 49261
69 49269
69 49274
69 49281
69 49283
69 49297
69 49298
69 49302
69 49304
69 49309
69 49312
69 49324
69 49327
69 49328
69 49351
69 49352
69 49359
69 49364
69 49375
69 49377
69 49392
69 49404
69 49416
69 49426
69 49432
69 49434
69 49436
69 49449
69 49460
69 49463
69 49465
69 49466
69 49471
69 49476
69 49484
69 49487
69 49500
69 49503
69 49506
69 49515
69 49522
69 49529
69 49539
69 49540
69 49543
69 49546
69 49553
69 49557
69 49564
69 49570
69 49572
69 49582
69 49591
69 49604
69 49617
69 49624
69 49644
69 49655
69 49671
69 49680
69 49686
69 49698
69 49713
69 49723
69 49724
69 49725
69 49732
69 49750
69 49754
69 49760
69 49766
69 49773
69 49781
69 49782
69 49802
69 49809
69 49818
69 49821
69 49826
69 49828
69 49831
69 49850
69 49852
69 49856
69 49882
69 49902
69 49912
69 49921
69 49923
69 49927
69 49934
69 49956
69 49960
69 49962
69 49963
69 49965
69 49966
69 49968
69 49984
69 49987
69 49989
69 49995
69 50001
69 50033
69 50034
69 50037
69 50040
69 50044
69 50046
69 50048
69 50065
69 50072
69 50075
69 50076
69 50081
69 50085
69 50096
69 50102
69 50103
69 50116
69 50118
69 50119
69 50123
69 50126
69 50127
69 50144
69 50151
69 50159
69 50165
69 50177
69 50184
69 50198
69 50202
69 50208
69 50209
69 50210
69 50221
69 50231
69 50234
69 50245
69 50246
69 50262
69 50264
69 50269
69 50272
69 50275
69 50292
69 50294
69 50326
69 50333
69 50334
69 50340
69 50349
69 50353
69 50358
69 50373
69 50374
69 50377
69 50384
69 50388
69 50390
69 50394
69 50421
69 50442
69 50444
69 50445
69 50456
69 50464
69 50470
69 50494
69 50503
69 50506
69 50514
69 50515
69 50518
69 50522
69 50541
69 50544
69 50545
69 50557
69 50581
69 50586
69 50593
69 50599
69 50603
69 50612
69 50620
69 50623
69 50631
69 50639
69 50643
69 50654
69 50666
69 50673
69 50675
69 50678
69 50703
69 50705
69 50707
69 50708
69 50709
69 50710
69 50713
69 50714
69 50718
69 50719
69 50727
69 50757
69 50772
69 50778
69 50785
69 50796
69 50808
69 50823
69 50847
69 50850
69 50857
69 50864
69 50867
69 50872
69 50882
69 50886
69 50903
69 50904
69 50906
69 50928
69 50940
69 50947
69 50956
69 50970
69 50972
69 50979
69 50988
69 50993
69 51002
69 51011
69 51026
69 51028
69 51031
69 51033
69 51036
69 51040
69 51048
69 51067
69 51069
69 51078
69 51099
69 51100
69 51105
69 51107
69 51117
69 51131
69 51135
69 51151
69 51159
69 51161
69 51162
69 51165
69 51172
69 51174
69 51186
69 51187
69 51189
69 51211
69 51213
69 51218
69 51238
69 51259
69 51265
69 51268
69 51279
69 51290
69 51300
69 51309
69 51310
69 51317
69 51318
69 51321
69 51322
69 51339
69 51340
69 51341
69 51343
69 51346
69 51350
69 51352
69 51371
69 51372
69 51391
69 51392
69 51408
69 51419
69 51423
69 51428
69 51431
69 51435
69 51442
69 51449
69 51455
69 51460
69 51462
69 51465
69 51474
69 51491
69 51502
69 51505
69 51511
69 51514
69 51528
69 51553
69 51554
69 51557
69 51560
69 51563
69 51568
69 51582
69 51595
69 51607
69 51617
69 51619
69 51627
69 51633
69 51642
69 51643
69 51653
69 51655
69 51661
69 51663
69 51665
69 51667
69 51672
69 51682
69 51683
69 51688
69 51693
69 51701
69 51718
69 51721
69 51722
69 51727
69 51734
69 51744
69 51749
69 51757
69 51764
69 51769
69 51776
69 51794
69 51797
69 51798
69 51801
69 51812
69 51827
69 51830
69 51843
69 51845
69 51848
69 51860
69 51864
69 51865
69 51871
69 51873
69 51878
69 51883
69 51889
69 51890
69 51897
69 51902
69 51912
69 51922
69 51924
69 51925
69 51928
69 51936
69 51940
69 51948
69 51963
69 51971
69 51976
69 51981
69 51985
69 51987
69 51993
69 51994
69 51999
69 52009
69 52012
69 52014
69 52019
69 52021
69 52039
69 52046
69 52047
69 52059
69 52074
69 52076
69 52085
69 52088
69 52092
69 52094
69 52095
69 52106
69 52109
69 52113
69 52114
69 52118
69 52126
69 52127
69 52148
69 52149
69 52154
69 52157
69 52162
69 52163
69 52165
69 52182
69 52185
69 52187
69 52204
69 52206
69 52216
69 52235
69 52263
69 52269
69 52285
69 52294
69 52296
69 52297
69 52300
69 52304
69 52329
69 52330
69 52339
69 52342
69 52362
69 52374
69 52379
69 52385
69 52393
69 52410
69 52417
69 52418
69 52429
69 52438
69 52445
69 52449
69 52453
69 52456
69 52457
69 52459
69 52465
69 52468
69 52470
69 52472
69 52493
69 52497
69 52501
69 52507
69 52510
69 52516
69 52527
69 52530
69 52535
69 52545
69 52551
69 52552
69 52568
69 52578
69 52590
69 52591
69 52601
69 52603
69 52609
69 52618
69 52629
69 52630
69 52644
69 52645
69 52651
69 52663
69 52665
69 52669
69 52671
69 52675
69 52687
69 52692
69 52693
69 52695
69 52707
69 52712
69 52716
69 52718
69 52719
69 52736
69 52743
69 52745
69 52746
69 52754
69 52756
69 52765
69 52767
69 52769
69 52770
69 52773
69 52776
69 52780
69 52783
69 52786
69 52788
69 52790
69 52791
69 52795
69 52814
69 52824
69 52830
69 52834
69 52846
69 52868
69 52870
69 52873
69 52879
69 52885
69 52909
69 52912
69 52925
69 52927
69 52931
69 52935
69 52938
69 52939
69 52947
69 52987
69 52996
69 52999
69 53006
69 53009
69 53010
69 53014
69 53018
69 53021
69 53026
69 53034
69 53042
69 53082
69 53087
69 53101
69 53106
69 53111
69 53118
69 53132
69 53134
69 53137
69 53156
69 53157
69 53159
69 53168
69 53174
69 53183
69 53190
69 53201
69 53209
69 53216
69 53220
69 53243
69 53249
69 53257
69 53260
69 53267
69 53283
69 53298
69 53299
69 53310
69 53317
69 53336
69 53356
69 53360
69 53365
69 53376
69 53384
69 53393
69 53401
69 53418
69 53427
69 53435
69 53443
69 53452
69 53454
69 53455
69 53458
69 53462
69 53464
69 53468
69 53489
69 53498
69 53510
69 53511
69 53517
69 53528
69 53540
69 53555
69 53568
69 53569
69 53571
69 53580
69 53591
69 53596
69 53600
69 53609
69 53612
69 53625
69 53627
69 53629
69 53632
69 53653
69 53656
69 53663
69 53687
69 53703
69 53706
69 53711
69 53746
69 53783
69 53786
69 53801
69 53806
69 53808
69 53811
69 53820
69 53831
69 53838
69 53841
69 53842
69 53845
69 53846
69 53848
69 53863
69 53868
69 53874
69 53877
69 53890
69 53897
69 53920
69 53923
69 53931
69 53942
69 53943
69 53946
69 53948
69 53951
69 53952
69 53955
69 53960
69 53964
69 53975
69 53981
69 53990
69 54010
69 54015
69 54025
69 54026
69 54069
69 54070
69 54079
69 54099
69 54112
69 54116
69 54117
69 54127
69 54138
69 54140
69 54149
69 54151
69 54171
69 54177
69 54184
69 54186
69 54187
69 54210
69 54212
69 54214
69 54219
69 54221
69 54222
69 54225
69 54229
69 54236
69 54246
69 54250
69 54257
69 54272
69 54275
69 54279
69 54280
69 54297
69 54303
69 54311
69 54313
69 54325
69 54331
69 54332
69 54335
69 54336
69 54358
69 54359
69 54370
69 54372
69 54374
69 54379
69 54383
69 54388
69 54409
69 54413
69 54422
69 54427
69 54428
69 54436
69 54450
69 54460
69 54464
69 54501
69 54502
69 54512
69 54523
69 54528
69 54541
69 54547
69 54555
69 54560
69 54582
69 54586
69 54617
69 54628
69 54633
69 54637
69 54640
69 54653
69 54660
69 54679
69 54682
69 54694
69 54702
69 54706
69 54710
69 54725
69 54737
69 54741
69 54746
69 54759
69 54772
69 54780
69 54783
69 54793
69 54802
69 54810
69 54817
69 54822
69 54834
69 54879
69 54889
69 54898
69 54900
69 54916
69 54920
69 54933
69 54939
69 54952
69 54960
69 54964
69 54968
69 54973
69 54979
69 54986
69 54992
69 54998
69 55003
69 55011
69 55017
69 55029
69 55044
69 55051
69 55057
69 55080
69 55081
69 55094
69 55095
69 55142
69 55166
69 55177
69 55183
69 55186
69 55189
69 55198
69 55202
69 55209
69 55221
69 55222
69 55235
69 55243
69 55247
69 55248
69 55261
69 55266
69 55272
69 55274
69 55283
69 55291
69 55292
69 55323
69 55326
69 55344
69 55345
69 55347
69 55352
69 55358
69 55362
69 55375
69 55377
69 55382
69 55388
69 55404
69 55407
69 55411
69 55414
69 55442
69 55462
69 55468
69 55469
69 55483
69 55484
69 55504
69 55512
69 55513
69 55517
69 55523
69 55531
69 55536
69 55538
69 55540
69 55541
69 55549
69 55556
69 55560
69 55563
69 55567
69 55572
69 55573
69 55582
69 55585
69 55592
69 55597
69 55607
69 55608
69 55611
69 55615
69 55616
69 55628
69 55645
69 55658
69 55664
69 55669
69 55671
69 55685
69 55700
69 55704
69 55731
69 55732
69 55733
69 55736
69 55746
69 55755
69 55756
69 55770
69 55774
69 55781
69 55791
69 55798
69 55809
69 55811
69 55814
69 55835
69 55838
69 55863
69 55864
69 55869
69 55885
69 55894
69 55897
69 55900
69 55912
69 55924
69 55928
69 55941
69 55957
69 55961
69 55963
69 55967
69 55974
69 55979
69 56021
69 56024
69 56036
69 56038
69 56044
69 56047
69 56053
69 56059
69 56086
69 56088
69 56100
69 56114
69 56126
69 56129
69 56140
69 56144
69 56153
69 56156
69 56160
69 56169
69 56175
69 56180
69 56185
69 56192
69 56199
69 56203
69 56208
69 56210
69 56211
69 56217
69 56224
69 56225
69 56232
69 56233
69 56246
69 56247
69 56263
69 56267
69 56270
69 56280
69 56289
69 56298
69 56305
69 56308
69 56317
69 56335
69 56336
69 56339
69 56347
69 56351
69 56365
69 56371
69 56377
69 56379
69 56382
69 56405
69 56418
69 56424
69 56426
69 56443
69 56444
69 56449
69 56453
69 56457
69 56465
69 56468
69 56477
69 56479
69 56490
69 56495
69 56500
69 56505
69 56515
69 56519
69 56529
69 56538
69 56543
69 56553
69 56554
69 56556
69 56571
69 56589
69 56590
69 56594
69 56619
69 56623
69 56624
69 56630
69 56643
69 56652
69 56656
69 56660
69 56685
69 56711
69 56720
69 56734
69 56736
69 56745
69 56747
69 56754
69 56756
69 56761
69 56766
69 56769
69 56794
69 56800
69 56803
69 56821
69 56861
69 56864
69 56875
69 56905
69 56918
69 56921
69 56927
69 56942
69 56945
69 56965
69 56975
69 56997
69 57001
69 57002
69 57016
69 57039
69 57043
69 57046
69 57049
69 57056
69 57064
69 57068
69 57074
69 57075
69 57085
69 57100
69 57108
69 57115
69 57122
69 57137
69 57144
69 57147
69 57154
69 57155
69 57165
69 57167
69 57176
69 57188
69 57194
69 57203
69 57209
69 57214
69 57229
69 57233
69 57234
69 57249
69 57251
69 57254
69 57257
69 57260
69 57269
69 57282
69 57290
69 57296
69 57302
69 57306
69 57309
69 57312
69 57342
69 57347
69 57372
69 57374
69 57376
69 57377
69 57378
69 57384
69 57387
69 57397
69 57401
69 57403
69 57411
69 57418
69 57432
69 57435
69 57444
69 57449
69 57450
69 57455
69 57467
69 57468
69 57471
69 57478
69 57481
69 57487
69 57496
69 57497
69 57500
69 57502
69 57514
69 57516
69 57521
69 57538
69 57541
69 57542
69 57544
69 57552
69 57559
69 57570
69 57582
69 57586
69 57590
69 57608
69 57612
69 57629
69 57637
69 57650
69 57652
69 57658
69 57665
69 57668
69 57677
69 57682
69 57685
69 57691
69 57707
69 57713
69 57720
69 57721
69 57724
69 57725
69 57738
69 57739
69 57742
69 57752
69 57760
69 57764
69 57766
69 57769
69 57786
69 57795
69 57798
69 57813
69 57820
69 57827
69 57840
69 57855
69 57861
69 57887
69 57888
69 57895
69 57897
69 57900
69 57903
69 57931
69 57933
69 57946
69 57950
69 57974
69 57978
69 57980
69 57981
69 57983
69 57988
69 57996
69 57998
69 58007
69 58009
69 58032
69 58039
69 58042
69 58049
69 58064
69 58098
69 58099
69 58106
69 58110
69 58116
69 58120
69 58122
69 58125
69 58133
69 58137
69 58143
69 58152
69 58154
69 58191
69 58196
69 58205
69 58209
69 58212
69 58219
69 58234
69 58235
69 58245
69 58252
69 58254
69 58258
69 58260
69 58267
69 58281
69 58285
69 58299
69 58333
69 58334
69 58337
69 58340
69 58341
69 58357
69 58360
69 58363
69 58368
69 58373
69 58379
69 58386
69 58393
69 58395
69 58399
69 58401
69 58405
69 58410
69 58418
69 58420
69 58425
69 58432
69 58435
69 58452
69 58473
69 58489
69 58508
69 58519
69 58524
69 58540
69 58546
69 58549
69 58554
69 58557
69 58593
69 58600
69 58601
69 58612
69 58627
69 58638
69 58639
69 58644
69 58647
69 58655
69 58656
69 58662
69 58663
69 58667
69 58672
69 58678
69 58686
69 58687
69 58688
69 58691
69 58694
69 58697
69 58710
69 58723
69 58725
69 58729
69 58735
69 58738
69 58758
69 58760
69 58761
69 58762
69 58772
69 58777
69 58802
69 58806
69 58810
69 58812
69 58820
69 58826
69 58830
69 58835
69 58843
69 58851
69 58863
69 58867
69 58871
69 58873
69 58885
69 58887
69 58891
69 58899
69 58900
69 58902
69 58903
69 58904
69 58905
69 58911
69 58914
69 58918
69 58935
69 58937
69 58938
69 58942
69 58943
69 58957
69 58968
69 58976
69 58977
69 58979
69 58997
69 59000
69 59002
69 59005
69 59009
69 59018
69 59019
69 59021
69 59034
69 59047
69 59052
69 59070
69 59075
69 59081
69 59085
69 59089
69 59097
69 59101
69 59107
69 59117
69 59123
69 59142
69 59169
69 59176
69 59181
69 59196
69 59205
69 59207
69 59217
69 59232
69 59240
69 59245
69 59251
69 59255
69 59263
69 59265
69 59275
69 59278
69 59281
69 59285
69 59295
69 59305
69 59315
69 59325
69 59344
69 59345
69 59346
69 59360
69 59371
69 59399
69 59401
69 59409
69 59413
69 59438
69 59443
69 59447
69 59462
69 59478
69 59482
69 59485
69 59494
69 59517
69 59522
69 59523
69 59524
69 59543
69 59544
69 59556
69 59558
69 59568
69 59587
69 59591
69 59595
69 59597
69 59625
69 59632
69 59633
69 59634
69 59637
69 59644
69 59650
69 59655
69 59673
69 59675
69 59685
69 59688
69 59709
69 59710
69 59712
69 59723
69 59725
69 59740
69 59742
69 59747
69 59755
69 59773
69 59774
69 59795
69 59800
69 59802
69 59810
69 59811
69 59812
69 59817
69 59829
69 59832
69 59859
69 59874
69 59876
69 59877
69 59883
69 59887
69 59888
69 59889
69 59892
69 59900
69 59906
69 59922
69 59923
69 59936
69 59955
69 59966
69 59989
69 60007
69 60008
69 60030
69 60034
69 60042
69 60046
69 60049
69 60056
69 60076
69 60080
69 60084
69 60087
69 60089
69 60090
69 60095
69 60106
69 60123
69 60133
69 60136
69 60160
69 60164
69 60165
69 60166
69 60178
69 60182
69 60185
69 60202
69 60209
69 60210
69 60213
69 60216
69 60223
69 60245
69 60257
69 60264
69 60285
69 60291
69 60297
69 60306
69 60308
69 60321
69 60334
69 60346
69 60376
69 60383
69 60385
69 60393
69 60402
69 60404
69 60405
69 60411
69 60422
69 60428
69 60432
69 60434
69 60451
69 60467
69 60468
69 60489
69 60493
69 60496
69 60507
69 60526
69 60531
69 60539
69 60547
69 60548
69 60567
69 60587
69 60599
69 60606
69 60607
69 60610
69 60612
69 60616
69 60625
69 60647
69 60656
69 60657
69 60662
69 60663
69 60666
69 60680
69 60693
69 60695
69 60698
69 60709
69 60717
69 60720
69 60731
69 60732
69 60733
69 60737
69 60759
69 60770
69 60775
69 60776
69 60778
69 60780
69 60784
69 60795
69 60808
69 60811
69 60819
69 60820
69 60825
69 60826
69 60830
69 60831
69 60832
69 60833
69 60837
69 60841
69 60843
69 60844
69 60845
69 60847
69 60855
69 60864
69 60876
69 60883
69 60887
69 60893
69 60897
69 60903
69 60907
69 60908
69 60914
69 60939
69 60946
69 60950
69 60963
69 60966
69 60968
69 60976
69 60983
69 60987
69 60991
69 60995
69 61002
69 61003
69 61004
69 61011
69 61022
69 61039
69 61053
69 61055
69 61064
69 61075
69 61079
69 61084
69 61085
69 61086
69 61091
69 61102
69 61105
69 61111
69 61114
69 61117
69 61127
69 61141
69 61158
69 61159
69 61168
69 61173
69 61183
69 61189
69 61195
69 61197
69 61199
69 61204
69 61205
69 61213
69 61214
69 61232
69 61233
69 61236
69 61238
69 61242
69 61248
69 61253
69 61276
69 61289
69 61319
69 61320
69 61322
69 61332
69 61333
69 61343
69 61368
69 61383
69 61401
69 61403
69 61412
69 61415
69 61441
69 61443
69 61447
69 61450
69 61460
69 61463
69 61466
69 61473
69 61476
69 61482
69 61500
69 61502
69 61504
69 61507
69 61508
69 61530
69 61534
69 61550
69 61557
69 61561
69 61564
69 61567
69 61581
69 61582
69 61585
69 61587
69 61598
69 61605
69 61606
69 61618
69 61622
69 61623
69 61625
69 61628
69 61652
69 61657
69 61671
69 61673
69 61678
69 61705
69 61707
69 61713
69 61715
69 61725
69 61734
69 61762
69 61766
69 61773
69 61792
69 61797
69 61808
69 61819
69 61822
69 61841
69 61845
69 61850
69 61852
69 61899
69 61904
69 61918
69 61921
69 61923
69 61932
69 61935
69 61937
69 61938
69 61942
69 61943
69 61962
69 61969
69 61983
69 61998
69 62022
69 62037
69 62040
69 62060
69 62063
69 62065
69 62067
69 62073
69 62084
69 62086
69 62089
69 62090
69 62094
69 62095
69 62106
69 62108
69 62110
69 62111
69 62125
69 62138
69 62150
69 62153
69 62166
69 62176
69 62180
69 62187
69 62189
69 62191
69 62201
69 62202
69 62208
69 62220
69 62246
69 62248
69 62249
69 62262
69 62277
69 62281
69 62282
69 62283
69 62291
69 62303
69 62306
69 62311
69 62312
69 62328
69 62329
69 62333
69 62335
69 62344
69 62353
69 62359
69 62362
69 62385
69 62387
69 62389
69 62406
69 62419
69 62424
69 62430
69 62434
69 62444
69 62447
69 62455
69 62470
69 62471
69 62476
69 62491
69 62494
69 62509
69 62516
69 62521
69 62524
69 62537
69 62546
69 62558
69 62564
69 62585
69 62591
69 62599
69 62604
69 62621
69 62624
69 62626
69 62633
69 62644
69 62658
69 62660
69 62662
69 62666
69 62667
69 62668
69 62672
69 62674
69 62682
69 62687
69 62708
69 62710
69 62715
69 62752
69 62755
69 62771
69 62785
69 62791
69 62797
69 62814
69 62817
69 62819
69 62826
69 62829
69 62838
69 62852
69 62854
69 62860
69 62866
69 62868
69 62880
69 62887
69 62895
69 62901
69 62913
69 62916
69 62924
69 62940
69 62966
69 62970
69 62972
69 62980
69 62985
69 62987
69 62993
69 63012
69 63016
69 63020
69 63026
69 63040
69 63067
69 63068
69 63082
69 63089
69 63093
69 63107
69 63126
69 63170
69 63174
69 63176
69 63177
69 63184
69 63218
69 63245
69 63248
69 63261
69 63266
69 63276
69 63280
69 63285
69 63295
69 63296
69 63298
69 63301
69 63308
69 63315
69 63317
69 63318
69 63321
69 63328
69 63333
69 63334
69 63338
69 63358
69 63378
69 63387
69 63414
69 63418
69 63420
69 63432
69 63441
69 63442
69 63449
69 63470
69 63481
69 63494
69 63505
69 63506
69 63518
69 63535
69 63537
69 63539
69 63545
69 63546
69 63550
69 63560
69 63576
69 63577
69 63578
69 63585
69 63595
69 63604
69 63615
69 63647
69 63660
69 63668
69 63676
69 63680
69 63682
69 63702
69 63704
69 63709
69 63710
69 63713
69 63722
69 63734
69 63738
69 63749
69 63751
69 63758
69 63764
69 63768
69 63772
69 63780
69 63785
69 63787
69 63791
69 63806
69 63814
69 63815
69 63831
69 63834
69 63847
69 63859
69 63862
69 63867
69 63877
69 63889
69 63890
69 63898
69 63900
69 63909
69 63910
69 63911
69 63913
69 63939
69 63944
69 63955
69 63971
69 63976
69 63979
69 63994
69 64002
69 64003
69 64010
69 64015
69 64019
69 64023
69 64027
69 64039
69 64043
69 64047
69 64052
69 64054
69 64078
69 64084
69 64086
69 64103
69 64129
69 64140
69 64152
69 64159
69 64172
69 64175
69 64182
69 64184
69 64187
69 64196
69 64234
69 64238
69 64270
69 64274
69 64288
69 64301
69 64304
69 64314
69 64319
69 64323
69 64332
69 64333
69 64341
69 64343
69 64356
69 64361
69 64371
69 64394
69 64407
69 64438
69 64442
69 64445
69 64450
69 64460
69 64468
69 64471
69 64473
69 64477
69 64490
69 64496
69 64499
69 64529
69 64549
69 64555
69 64559
69 64566
69 64583
69 64586
69 64592
69 64595
69 64618
69 64626
69 64630
69 64631
69 64636
69 64637
69 64641
69 64648
69 64662
69 64670
69 64676
69 64679
69 64682
69 64684
69 64696
69 64704
69 64711
69 64714
69 64720
69 64736
69 64748
69 64756
69 64757
69 64760
69 64796
69 64803
69 64812
69 64824
69 64828
69 64838
69 64846
69 64850
69 64852
69 64862
69 64867
69 64874
69 64877
69 64881
69 64892
69 64893
69 64896
69 64897
69 64903
69 64908
69 64913
69 64920
69 64945
69 64946
69 64957
69 64958
69 64961
69 64969
69 64981
69 64987
69 64993
69 64995
69 65014
69 65025
69 65031
69 65034
69 65035
69 65053
69 65056
69 65061
69 65080
69 65083
69 65086
69 65090
69 65094
69 65110
69 65115
69 65122
69 65124
69 65141
69 65148
69 65158
69 65169
69 65178
69 65186
69 65189
69 65198
69 65209
69 65212
69 65214
69 65216
69 65224
69 65232
69 65238
69 65240
69 65242
69 65260
69 65264
69 65272
69 65279
69 65283
69 65293
69 65299
69 65305
69 65314
69 65321
69 65328
69 65364
69 65365
69 65400
69 65419
69 65422
69 65426
69 65427
69 65438
69 65443
69 65451
69 65459
69 65464
69 65480
69 65510
69 65523
69 65524
69 65530
69 65532
69 65533
69 65539
69 65565
69 65576
69 65582
69 65583
69 65586
69 65610
69 65615
69 65618
69 65631
69 65640
69 65652
69 65655
69 65671
69 65679
69 65680
69 65684
69 65689
69 65696
69 65699
69 65709
69 65714
69 65717
69 65746
69 65760
69 65763
69 65768
69 65770
69 65780
69 65782
69 65786
69 65792
69 65803
69 65826
69 65831
69 65844
69 65845
69 65851
69 65852
69 65856
69 65869
69 65871
69 65874
69 65879
69 65882
69 65886
69 65891
69 65894
69 65900
69 65905
69 65915
69 65916
69 65920
69 65927
69 65930
69 65943
69 65953
69 65956
69 65964
69 65971
69 65976
69 65977
69 65987
69 65990
69 65997
69 66007
69 66010
69 66022
69 66031
69 66033
69 66043
69 66045
69 66051
69 66062
69 66067
69 66068
69 66079
69 66082
69 66084
69 66087
69 66091
69 66117
69 66119
69 66120
69 66122
69 66124
69 66131
69 66132
69 66139
69 66141
69 66144
69 66156
69 66177
69 66181
69 66184
69 66195
69 66202
69 66215
69 66219
69 66227
69 66230
69 66240
69 66245
69 66253
69 66260
69 66263
69 66271
69 66274
69 66281
69 66285
69 66295
69 66302
69 66316
69 66317
69 66333
69 66335
69 66348
69 66352
69 66363
69 66364
69 66389
69 66419
69 66422
69 66430
69 66437
69 66443
69 66448
69 66451
69 66461
69 66474
69 66480
69 66485
69 66490
69 66498
69 66504
69 66508
69 66515
69 66537
69 66540
69 66541
69 66550
69 66551
69 66552
69 66557
69 66558
69 66562
69 66569
69 66571
69 66576
69 66588
69 66622
69 66624
69 66633
69 66637
69 66645
69 66648
69 66656
69 66657
69 66660
69 66688
69 66690
69 66695
69 66697
69 66704
69 66709
69 66717
69 66722
69 66736
69 66740
69 66744
69 66750
69 66754
69 66764
69 66776
69 66786
69 66797
69 66812
69 66821
69 66823
69 66833
69 66838
69 66847
69 66859
69 66867
69 66882
69 66887
69 66895
69 66904
69 66905
69 66922
69 66926
69 66931
69 66964
69 66972
69 66984
69 66988
69 66990
69 66993
69 67009
69 67010
69 67037
69 67041
69 67067
69 67070
69 67071
69 67076
69 67081
69 67084
69 67088
69 67099
69 67103
69 67111
69 67116
69 67120
69 67121
69 67125
69 67127
69 67128
69 67142
69 67154
69 67157
69 67163
69 67176
69 67181
69 67185
69 67186
69 67190
69 67206
69 67219
69 67226
69 67227
69 67241
69 67251
69 67258
69 67261
69 67267
69 67271
69 67279
69 67290
69 67297
69 67305
69 67318
69 67321
69 67323
69 67328
69 67335
69 67340
69 67343
69 67346
69 67348
69 67353
69 67361
69 67371
69 67372
69 67379
69 67387
69 67388
69 67389
69 67402
69 67403
69 67407
69 67419
69 67428
69 67435
69 67437
69 67439
69 67441
69 67444
69 67446
69 67448
69 67452
69 67458
69 67460
69 67473
69 67484
69 67494
69 67500
69 67505
69 67511
69 67515
69 67527
69 67529
69 67536
69 67542
69 67548
69 67555
69 67556
69 67565
69 67567
69 67577
69 67608
69 67610
69 67661
69 67662
69 67677
69 67680
69 67692
69 67693
69 67700
69 67703
69 67716
69 67718
69 67725
69 67733
69 67734
69 67736
69 67738
69 67740
69 67759
69 67776
69 67780
69 67796
69 67799
69 67807
69 67819
69 67828
69 67836
69 67840
69 67846
69 67852
69 67863
69 67867
69 67895
69 67906
69 67912
69 67917
69 67920
69 67936
69 67938
69 67941
69 67954
69 67955
69 67959
69 67964
69 67977
69 67990
69 67997
69 68000
69 68005
69 68014
69 68036
69 68044
69 68046
69 68059
69 68068
69 68069
69 68079
69 68099
69 68102
69 68112
69 68122
69 68139
69 68165
69 68166
69 68178
69 68179
69 68183
69 68185
69 68186
69 68188
69 68214
69 68248
69 68250
69 68254
69 68260
69 68269
69 68282
69 68297
69 68298
69 68305
69 68309
69 68316
69 68321
69 68322
69 68328
69 68331
69 68340
69 68342
69 68354
69 68356
69 68359
69 68368
69 68384
69 68385
69 68390
69 68398
69 68401
69 68406
69 68416
69 68425
69 68426
69 68430
69 68448
69 68452
69 68454
69 68465
69 68472
69 68488
69 68494
69 68498
69 68499
69 68500
69 68517
69 68524
69 68534
69 68551
69 68563
69 68567
69 68597
69 68598
69 68615
69 68617
69 68634
69 68644
69 68646
69 68652
69 68656
69 68666
69 68685
69 68715
69 68723
69 68725
69 68727
69 68749
69 68774
69 68777
69 68789
69 68791
69 68817
69 68851
69 68867
69 68868
69 68870
69 68876
69 68879
69 68881
69 68888
69 68903
69 68906
69 68946
69 68950
69 68955
69 68964
69 68968
69 68970
69 68971
69 68977
69 68991
69 69031
69 69033
69 69036
69 69045
69 69050
69 69062
69 69069
69 69071
69 69081
69 69099
69 69104
69 69105
69 69110
69 69111
69 69145
69 69148
69 69158
69 69159
69 69170
69 69177
69 69181
69 69192
69 69203
69 69210
69 69211
69 69213
69 69219
69 69223
69 69228
69 69232
69 69236
69 69244
69 69249
69 69269
69 69275
69 69277
69 69278
69 69303
69 69307
69 69327
69 69329
69 69336
69 69340
69 69348
69 69351
69 69357
69 69361
69 69366
69 69376
69 69387
69 69404
69 69406
69 69409
69 69411
69 69415
69 69418
69 69419
69 69426
69 69437
69 69448
69 69454
69 69459
69 69464
69 69466
69 69475
69 69478
69 69496
69 69504
69 69508
69 69512
69 69522
69 69523
69 69552
69 69563
69 69564
69 69577
69 69597
69 69599
69 69604
69 69634
69 69636
69 69640
69 69654
69 69659
69 69661
69 69663
69 69664
69 69676
69 69678
69 69690
69 69693
69 69695
69 69697
69 69701
69 69705
69 69710
69 69718
69 69719
69 69722
69 69723
69 69731
69 69761
69 69771
69 69772
69 69784
69 69790
69 69802
69 69807
69 69808
69 69812
69 69840
69 69844
69 69845
69 69849
69 69853
69 69855
69 69859
69 69870
69 69882
69 69901
69 69915
69 69916
69 69925
69 69945
69 69959
69 69968
69 69973
69 69975
69 69976
69 69978
69 69985
69 69987
69 69995
69 69998
69 70003
69 70011
69 70033
69 70037
69 70042
69 70045
69 70047
69 70049
69 70084
69 70095
69 70105
69 70127
69 70134
69 70136
69 70137
69 70142
69 70145
69 70146
69 70158
69 70162
69 70169
69 70172
69 70190
69 70192
69 70193
69 70200
69 70201
69 70210
69 70222
69 70232
69 70248
69 70251
69 70263
69 70264
69 70267
69 70290
69 70303
69 70307
69 70312
69 70315
69 70317
69 70319
69 70320
69 70323
69 70330
69 70331
69 70332
69 70335
69 70342
69 70353
69 70356
69 70377
69 70384
69 70389
69 70391
69 70406
69 70413
69 70414
69 70416
69 70420
69 70423
69 70428
69 70437
69 70459
69 70469
69 70473
69 70474
69 70502
69 70504
69 70505
69 70518
69 70521
69 70550
69 70563
69 70567
69 70574
69 70590
69 70614
69 70618
69 70629
69 70648
69 70649
69 70653
69 70659
69 70668
69 70674
69 70685
69 70686
69 70696
69 70700
69 70702
69 70707
69 70713
69 70727
69 70728
69 70732
69 70736
69 70737
69 70748
69 70771
69 70778
69 70793
69 70796
69 70804
69 70809
69 70831
69 70863
69 70865
69 70886
69 70892
69 70898
69 70926
69 70935
69 70937
69 70938
69 70943
69 70949
69 70976
69 70981
69 70987
69 70991
69 71030
69 71037
69 71042
69 71068
69 71075
69 71086
69 71090
69 71103
69 71113
69 71118
69 71130
69 71138
69 71141
69 71157
69 71161
69 71169
69 71171
69 71183
69 71184
69 71202
69 71227
69 71251
69 71254
69 71256
69 71258
69 71262
69 71269
69 71277
69 71280
69 71286
69 71289
69 71295
69 71300
69 71305
69 71307
69 71317
69 71327
69 71339
69 71359
69 71364
69 71375
69 71382
69 71391
69 71392
69 71414
69 71420
69 71437
69 71441
69 71447
69 71448
69 71454
69 71456
69 71457
69 71462
69 71473
69 71474
69 71477
69 71482
69 71499
69 71504
69 71518
69 71523
69 71526
69 71539
69 71548
69 71561
69 71564
69 71567
69 71582
69 71583
69 71600
69 71601
69 71606
69 71613
69 71654
69 71657
69 71669
69 71691
69 71700
69 71717
69 71725
69 71726
69 71732
69 71739
69 71742
69 71757
69 71767
69 71770
69 71790
69 71801
69 71802
69 71818
69 71826
69 71841
69 71849
69 71852
69 71862
69 71870
69 71871
69 71888
69 71891
69 71895
69 71911
69 71919
69 71921
69 71928
69 71931
69 71935
69 71945
69 71952
69 71953
69 71958
69 71969
69 71976
69 71977
69 71984
69 71985
69 72008
69 72010
69 72031
69 72033
69 72034
69 72036
69 72044
69 72057
69 72062
69 72072
69 72085
69 72093
69 72095
69 72098
69 72116
69 72119
69 72133
69 72134
69 72151
69 72152
69 72160
69 72171
69 72174
69 72175
69 72180
69 72186
69 72190
69 72191
69 72197
69 72198
69 72199
69 72208
69 72212
69 72221
69 72223
69 72231
69 72247
69 72262
69 72269
69 72273
69 72278
69 72292
69 72297
69 72298
69 72302
69 72308
69 72311
69 72324
69 72334
69 72341
69 72344
69 72352
69 72356
69 72361
69 72371
69 72377
69 72381
69 72384
69 72396
69 72397
69 72404
69 72408
69 72409
69 72413
69 72418
69 72420
69 72423
69 72435
69 72460
69 72473
69 72479
69 72481
69 72483
69 72492
69 72495
69 72500
69 72503
69 72507
69 72508
69 72510
69 72514
69 72518
69 72523
69 72528
69 72529
69 72541
69 72555
69 72562
69 72566
69 72572
69 72578
69 72583
69 72588
69 72590
69 72596
69 72604
69 72615
69 72616
69 72618
69 72631
69 72635
69 72640
69 72648
69 72660
69 72662
69 72681
69 72715
69 72717
69 72723
69 72724
69 72728
69 72760
69 72766
69 72768
69 72775
69 72784
69 72788
69 72801
69 72810
69 72860
69 72864
69 72876
69 72885
69 72894
69 72906
69 72917
69 72924
69 72933
69 72937
69 72938
69 72948
69 72955
69 72969
69 72970
69 72973
69 72975
69 72976
69 72985
69 72995
69 73004
69 73018
69 73019
69 73035
69 73037
69 73048
69 73053
69 73062
69 73070
69 73071
69 73084
69 73087
69 73091
69 73092
69 73108
69 73126
69 73130
69 73131
69 73133
69 73136
69 73139
69 73153
69 73188
69 73190
69 73202
69 73206
69 73211
69 73223
69 73228
69 73234
69 73246
69 73253
69 73255
69 73258
69 73268
69 73269
69 73270
69 73273
69 73276
69 73277
69 73282
69 73288
69 73291
69 73292
69 73300
69 73305
69 73309
69 73316
69 73324
69 73328
69 73329
69 73340
69 73343
69 73345
69 73351
69 73354
69 73362
69 73363
69 73364
69 73376
69 73386
69 73389
69 73392
69 73402
69 73403
69 73409
69 73413
69 73428
69 73430
69 73446
69 73453
69 73461
69 73475
69 73483
69 73489
69 73495
69 73511
69 73519
69 73522
69 73524
69 73540
69 73551
69 73553
69 73559
69 73562
69 73563
69 73567
69 73576
69 73585
69 73586
69 73600
69 73602
69 73610
69 73631
69 73637
69 73648
69 73655
69 73667
69 73670
69 73676
69 73685
69 73689
69 73699
69 73701
69 73702
69 73712
69 73733
69 73738
69 73754
69 73764
69 73771
69 73778
69 73805
69 73807
69 73808
69 73816
69 73825
69 73833
69 73838
69 73850
69 73861
69 73872
69 73877
69 73879
69 73898
69 73901
69 73905
69 73909
69 73911
69 73917
69 73922
69 73924
69 73932
69 73937
69 73946
69 73950
69 73955
69 73973
69 73977
69 73983
69 73992
69 73995
69 73996
69 74002
69 74012
69 74017
69 74022
69 74032
69 74052
69 74061
69 74078
69 74089
69 74090
69 74095
69 74099
69 74106
69 74107
69 74108
69 74114
69 74126
69 74127
69 74134
69 74137
69 74138
69 74139
69 74144
69 74146
69 74154
69 74162
69 74187
69 74196
69 74197
69 74206
69 74209
69 74232
69 74258
69 74267
69 74281
69 74285
69 74287
69 74309
69 74310
69 74312
69 74339
69 74353
69 74355
69 74360
69 74368
69 74370
69 74375
69 74389
69 74393
69 74397
69 74404
69 74407
69 74413
69 74416
69 74421
69 74425
69 74426
69 74429
69 74430
69 74433
69 74454
69 74460
69 74466
69 74467
69 74469
69 74476
69 74478
69 74482
69 74484
69 74486
69 74492
69 74495
69 74499
69 74502
69 74503
69 74505
69 74507
69 74512
69 74523
69 74533
69 74535
69 74539
69 74549
69 74555
69 74565
69 74568
69 74579
69 74581
69 74647
69 74648
69 74657
69 74659
69 74660
69 74663
69 74668
69 74670
69 74674
69 74676
69 74679
69 74681
69 74698
69 74706
69 74716
69 74717
69 74719
69 74725
69 74729
69 74735
69 74753
69 74754
69 74756
69 74760
69 74765
69 74767
69 74768
69 74777
69 74779
69 74785
69 74789
69 74791
69 74793
69 74804
69 74810
69 74811
69 74818
69 74820
69 74826
69 74829
69 74830
69 74839
69 74844
69 74845
69 74859
69 74867
69 74880
69 74888
69 74902
69 74904
69 74914
69 74923
69 74926
69 74934
69 74940
69 74945
69 74964
69 74967
69 74971
69 74978
69 74986
69 75002
69 75010
69 75019
69 75029
69 75030
69 75032
69 75050
69 75053
69 75057
69 75059
69 75062
69 75065
69 75069
69 75072
69 75078
69 75084
69 75093
69 75095
69 75104
69 75114
69 75129
69 75138
69 75154
69 75166
69 75187
69 75212
69 75228
69 75234
69 75250
69 75251
69 75257
69 75262
69 75270
69 75273
69 75279
69 75289
69 75310
69 75312
69 75322
69 75339
69 75346
69 75349
69 75354
69 75357
69 75364
69 75365
69 75370
69 75380
69 75381
69 75386
69 75392
69 75394
69 75396
69 75408
69 75415
69 75417
69 75418
69 75426
69 75436
69 75449
69 75453
69 75461
69 75465
69 75470
69 75475
69 75485
69 75494
69 75498
69 75505
69 75513
69 75530
69 75538
69 75546
69 75549
69 75558
69 75574
69 75587
69 75601
69 75608
69 75615
69 75616
69 75670
69 75678
69 75693
69 75696
69 75700
69 75701
69 75713
69 75735
69 75751
69 75752
69 75754
69 75756
69 75767
69 75768
69 75780
69 75782
69 75792
69 75804
69 75805
69 75807
69 75811
69 75815
69 75827
69 75830
69 75831
69 75835
69 75837
69 75855
69 75863
69 75878
69 75888
69 75901
69 75903
69 75911
69 75913
69 75919
69 75925
69 75936
69 75945
69 75949
69 75960
69 75971
69 75972
69 75977
69 75978
69 75985
69 75993
69 75998
69 75999
69 76011
69 76031
69 76034
69 76038
69 76041
69 76046
69 76053
69 76058
69 76061
69 76068
69 76072
69 76076
69 76090
69 76092
69 76107
69 76128
69 76133
69 76137
69 76140
69 76145
69 76146
69 76152
69 76154
69 76156
69 76168
69 76182
69 76183
69 76187
69 76188
69 76191
69 76193
69 76203
69 76204
69 76219
69 76222
69 76252
69 76263
69 76277
69 76279
69 76281
69 76300
69 76303
69 76307
69 76337
69 76338
69 76341
69 76343
69 76349
69 76356
69 76365
69 76370
69 76372
69 76373
69 76374
69 76378
69 76390
69 76399
69 76402
69 76408
69 76441
69 76447
69 76458
69 76463
69 76467
69 76474
69 76485
69 76492
69 76495
69 76497
69 76503
69 76504
69 76522
69 76523
69 76538
69 76540
69 76543
69 76561
69 76568
69 76569
69 76577
69 76578
69 76580
69 76581
69 76608
69 76610
69 76613
69 76618
69 76624
69 76627
69 76662
69 76665
69 76668
69 76680
69 76681
69 76686
69 76689
69 76695
69 76709
69 76713
69 76719
69 76727
69 76728
69 76732
69 76739
69 76749
69 76760
69 76793
69 76799
69 76803
69 76810
69 76812
69 76823
69 76827
69 76830
69 76837
69 76853
69 76854
69 76865
69 76867
69 76875
69 76876
69 76879
69 76883
69 76918
69 76919
69 76921
69 76928
69 76931
69 76964
69 76981
69 76984
69 76990
69 77003
69 77007
69 77016
69 77035
69 77038
69 77047
69 77050
69 77058
69 77066
69 77073
69 77076
69 77086
69 77090
69 77093
69 77100
69 77109
69 77113
69 77124
69 77125
69 77140
69 77153
69 77181
69 77193
69 77223
69 77228
69 77246
69 77253
69 77262
69 77264
69 77274
69 77275
69 77287
69 77288
69 77296
69 77297
69 77300
69 77313
69 77314
69 77327
69 77340
69 77349
69 77368
69 77371
69 77376
69 77385
69 77395
69 77400
69 77410
69 77411
69 77419
69 77425
69 77428
69 77431
69 77433
69 77463
69 77466
69 77475
69 77485
69 77486
69 77494
69 77502
69 77505
69 77522
69 77523
69 77525
69 77529
69 77532
69 77533
69 77543
69 77547
69 77565
69 77569
69 77595
69 77597
69 77624
69 77647
69 77655
69 77657
69 77659
69 77663
69 77671
69 77674
69 77678
69 77686
69 77688
69 77699
69 77709
69 77715
69 77723
69 77746
69 77747
69 77751
69 77756
69 77760
69 77770
69 77778
69 77793
69 77794
69 77802
69 77804
69 77814
69 77819
69 77823
69 77828
69 77836
69 77852
69 77858
69 77868
69 77874
69 77876
69 77879
69 77904
69 77913
69 77919
69 77926
69 77936
69 77938
69 77942
69 77947
69 77949
69 77956
69 77966
69 77984
69 77996
69 78002
69 78004
69 78006
69 78008
69 78020
69 78023
69 78024
69 78029
69 78043
69 78048
69 78052
69 78054
69 78060
69 78068
69 78085
69 78086
69 78099
69 78104
69 78111
69 78112
69 78134
69 78142
69 78144
69 78145
69 78151
69 78163
69 78165
69 78180
69 78183
69 78188
69 78191
69 78206
69 78224
69 78247
69 78250
69 78252
69 78258
69 78276
69 78283
69 78286
69 78289
69 78290
69 78294
69 78307
69 78317
69 78330
69 78332
69 78357
69 78361
69 78364
69 78366
69 78382
69 78383
69 78386
69 78390
69 78396
69 78404
69 78416
69 78420
69 78433
69 78442
69 78444
69 78447
69 78448
69 78460
69 78464
69 78473
69 78487
69 78497
69 78502
69 78505
69 78533
69 78545
69 78546
69 78548
69 78555
69 78563
69 78565
69 78583
69 78587
69 78599
69 78604
69 78616
69 78618
69 78633
69 78638
69 78641
69 78642
69 78653
69 78654
69 78668
69 78669
69 78678
69 78690
69 78691
69 78694
69 78705
69 78711
69 78739
69 78749
69 78757
69 78761
69 78764
69 78766
69 78770
69 78773
69 78774
69 78777
69 78779
69 78781
69 78792
69 78793
69 78796
69 78800
69 78802
69 78812
69 78813
69 78831
69 78839
69 78843
69 78854
69 78863
69 78885
69 78891
69 78893
69 78897
69 78898
69 78899
69 78917
69 78934
69 78935
69 78948
69 78956
69 78964
69 78966
69 78972
69 78982
69 78990
69 78994
69 78995
69 79006
69 79012
69 79014
69 79017
69 79020
69 79025
69 79026
69 79027
69 79051
69 79065
69 79071
69 79072
69 79079
69 79088
69 79107
69 79108
69 79113
69 79116
69 79132
69 79134
69 79138
69 79149
69 79153
69 79154
69 79176
69 79185
69 79191
69 79206
69 79227
69 79239
69 79245
69 79251
69 79256
69 79260
69 79264
69 79276
69 79280
69 79287
69 79289
69 79293
69 79302
69 79312
69 79319
69 79323
69 79325
69 79337
69 79343
69 79350
69 79361
69 79364
69 79366
69 79380
69 79382
69 79390
69 79392
69 79404
69 79421
69 79422
69 79425
69 79427
69 79428
69 79430
69 79434
69 79437
69 79438
69 79441
69 79455
69 79456
69 79461
69 79483
69 79492
69 79516
69 79521
69 79523
69 79527
69 79535
69 79538
69 79544
69 79545
69 79546
69 79555
69 79563
69 79565
69 79567
69 79575
69 79585
69 79587
69 79596
69 79607
69 79608
69 79611
69 79620
69 79622
69 79623
69 79625
69 79639
69 79641
69 79647
69 79659
69 79661
69 79667
69 79670
69 79690
69 79705
69 79716
69 79720
69 79725
69 79735
69 79737
69 79750
69 79755
69 79762
69 79767
69 79772
69 79781
69 79786
69 79801
69 79802
69 79804
69 79810
69 79814
69 79818
69 79851
69 79856
69 79859
69 79867
69 79876
69 79889
69 79895
69 79898
69 79903
69 79908
69 79914
69 79917
69 79930
69 79938
69 79942
69 79943
69 79946
69 79971
69 79975
69 79984
69 79990
69 79996
69 80006
69 80007
69 80010
69 80016
69 80019
69 80023
69 80024
69 80028
69 80052
69 80054
69 80055
69 80058
69 80066
69 80071
69 80078
69 80079
69 80083
69 80107
69 80111
69 80116
69 80120
69 80147
69 80153
69 80170
69 80180
69 80184
69 80185
69 80191
69 80192
69 80202
69 80214
69 80221
69 80236
69 80237
69 80240
69 80242
69 80247
69 80252
69 80255
69 80263
69 80264
69 80265
69 80271
69 80278
69 80284
69 80289
69 80292
69 80294
69 80310
69 80317
69 80329
69 80358
69 80369
69 80389
69 80399
69 80401
69 80409
69 80430
69 80432
69 80433
69 80443
69 80450
69 80463
69 80490
69 80508
69 80510
69 80513
69 80522
69 80525
69 80529
69 80530
69 80533
69 80537
69 80540
69 80552
69 80554
69 80569
69 80577
69 80585
69 80587
69 80603
69 80605
69 80617
69 80620
69 80623
69 80626
69 80633
69 80660
69 80665
69 80673
69 80689
69 80692
69 80713
69 80715
69 80730
69 80734
69 80746
69 80751
69 80756
69 80758
69 80766
69 80778
69 80782
69 80798
69 80802
69 80821
69 80822
69 80826
69 80838
69 80839
69 80853
69 80856
69 80858
69 80862
69 80866
69 80874
69 80879
69 80893
69 80911
69 80914
69 80917
69 80922
69 80924
69 80931
69 80935
69 80945
69 80975
69 80977
69 80979
69 80984
69 80986
69 80988
69 80989
69 80994
69 80995
69 81001
69 81007
69 81009
69 81025
69 81029
69 81038
69 81042
69 81046
69 81050
69 81051
69 81054
69 81058
69 81059
69 81063
69 81076
69 81080
69 81089
69 81092
69 81101
69 81102
69 81103
69 81113
69 81123
69 81128
69 81142
69 81146
69 81160
69 81169
69 81175
69 81189
69 81196
69 81199
69 81209
69 81213
69 81219
69 81224
69 81242
69 81243
69 81246
69 81253
69 81254
69 81261
69 81265
69 81284
69 81291
69 81320
69 81321
69 81323
69 81329
69 81332
69 81333
69 81351
69 81355
69 81356
69 81365
69 81371
69 81374
69 81406
69 81409
69 81416
69 81419
69 81427
69 81442
69 81446
69 81469
69 81472
69 81483
69 81492
69 81502
69 81504
69 81516
69 81520
69 81527
69 81531
69 81535
69 81540
69 81555
69 81563
69 81569
69 81585
69 81589
69 81591
69 81593
69 81594
69 81599
69 81613
69 81615
69 81623
69 81626
69 81635
69 81646
69 81674
69 81690
69 81693
69 81698
69 81702
69 81706
69 81712
69 81723
69 81729
69 81730
69 81735
69 81738
69 81739
69 81745
69 81751
69 81784
69 81790
69 81794
69 81797
69 81799
69 81804
69 81826
69 81831
69 81844
69 81851
69 81854
69 81861
69 81865
69 81877
69 81882
69 81892
69 81938
69 81945
69 81973
69 81978
69 81987
69 81997
69 81999
69 82004
69 82011
69 82022
69 82024
69 82025
69 82037
69 82055
69 82059
69 82067
69 82068
69 82069
69 82083
69 82093
69 82114
69 82115
69 82122
69 82125
69 82130
69 82131
69 82134
69 82147
69 82151
69 82160
69 82177
69 82179
69 82180
69 82184
69 82185
69 82189
69 82191
69 82193
69 82203
69 82205
69 82211
69 82227
69 82234
69 82239
69 82243
69 82245
69 82253
69 82264
69 82268
69 82277
69 82285
69 82304
69 82306
69 82308
69 82311
69 82335
69 82340
69 82356
69 82363
69 82368
69 82370
69 82375
69 82377
69 82388
69 82391
69 82397
69 82410
69 82416
69 82418
69 82438
69 82447
69 82448
69 82450
69 82451
69 82453
69 82458
69 82473
69 82480
69 82482
69 82489
69 82496
69 82515
69 82546
69 82549
69 82557
69 82573
69 82579
69 82587
69 82597
69 82609
69 82612
69 82631
69 82647
69 82664
69 82669
69 82674
69 82677
69 82686
69 82688
69 82689
69 82692
69 82694
69 82702
69 82708
69 82714
69 82725
69 82730
69 82732
69 82738
69 82739
69 82744
69 82755
69 82764
69 82775
69 82779
69 82784
69 82786
69 82787
69 82799
69 82805
69 82806
69 82815
69 82824
69 82838
69 82853
69 82856
69 82861
69 82863
69 82877
69 82881
69 82887
69 82891
69 82892
69 82923
69 82944
69 82958
69 82966
69 82967
69 82978
69 82979
69 82993
69 82999
69 83000
69 83004
69 83009
69 83013
69 83014
69 83018
69 83037
69 83043
69 83063
69 83064
69 83065
69 83068
69 83082
69 83092
69 83093
69 83099
69 83110
69 83121
69 83132
69 83136
69 83139
69 83147
69 83162
69 83166
69 83168
69 83171
69 83172
69 83184
69 83186
69 83199
69 83215
69 83218
69 83236
69 83248
69 83272
69 83305
69 83312
69 83329
69 83330
69 83335
69 83336
69 83338
69 83355
69 83365
69 83372
69 83376
69 83379
69 83388
69 83395
69 83398
69 83406
69 83407
69 83409
69 83410
69 83411
69 83422
69 83423
69 83429
69 83435
69 83436
69 83441
69 83456
69 83458
69 83481
69 83484
69 83488
69 83494
69 83498
69 83507
69 83509
69 83517
69 83528
69 83532
69 83536
69 83541
69 83547
69 83551
69 83553
69 83557
69 83566
69 83577
69 83578
69 83580
69 83581
69 83591
69 83598
69 83618
69 83621
69 83633
69 83636
69 83638
69 83645
69 83648
69 83659
69 83671
69 83672
69 83678
69 83684
69 83686
69 83691
69 83694
69 83698
69 83703
69 83715
69 83716
69 83721
69 83723
69 83724
69 83730
69 83739
69 83740
69 83745
69 83752
69 83755
69 83757
69 83773
69 83791
69 83827
69 83833
69 83834
69 83846
69 83860
69 83862
69 83869
69 83870
69 83873
69 83874
69 83876
69 83877
69 83886
69 83891
69 83902
69 83903
69 83915
69 83933
69 83940
69 83953
69 83961
69 83974
69 83980
69 84009
69 84012
69 84025
69 84045
69 84058
69 84091
69 84099
69 84100
69 84118
69 84127
69 84131
69 84132
69 84157
69 84166
69 84168
69 84171
69 84175
69 84180
69 84188
69 84208
69 84212
69 84215
69 84216
69 84224
69 84228
69 84231
69 84235
69 84237
69 84238
69 84240
69 84243
69 84244
69 84253
69 84257
69 84263
69 84267
69 84269
69 84276
69 84280
69 84284
69 84287
69 84290
69 84293
69 84298
69 84300
69 84312
69 84314
69 84326
69 84337
69 84343
69 84344
69 84351
69 84355
69 84358
69 84364
69 84365
69 84381
69 84382
69 84385
69 84394
69 84399
69 84414
69 84426
69 84438
69 84453
69 84464
69 84466
69 84468
69 84471
69 84500
69 84517
69 84521
69 84523
69 84527
69 84528
69 84537
69 84538
69 84539
69 84563
69 84572
69 84577
69 84586
69 84595
69 84598
69 84615
69 84616
69 84618
69 84622
69 84648
69 84659
69 84676
69 84680
69 84681
69 84683
69 84726
69 84730
69 84745
69 84779
69 84784
69 84787
69 84794
69 84802
69 84805
69 84813
69 84820
69 84822
69 84833
69 84839
69 84844
69 84847
69 84867
69 84873
69 84882
69 84896
69 84905
69 84916
69 84920
69 84926
69 84935
69 84940
69 84963
69 84966
69 84983
69 84990
69 84993
69 84995
69 85002
69 85013
69 85026
69 85029
69 85041
69 85045
69 85049
69 85056
69 85060
69 85064
69 85081
69 85082
69 85088
69 85108
69 85121
69 85123
69 85127
69 85130
69 85143
69 85147
69 85151
69 85153
69 85154
69 85156
69 85160
69 85163
69 85164
69 85169
69 85179
69 85187
69 85188
69 85189
69 85200
69 85202
69 85208
69 85212
69 85217
69 85226
69 85241
69 85256
69 85259
69 85272
69 85302
69 85305
69 85307
69 85315
69 85317
69 85324
69 85325
69 85330
69 85344
69 85358
69 85369
69 85376
69 85387
69 85394
69 85412
69 85419
69 85434
69 85453
69 85455
69 85479
69 85490
69 85498
69 85500
69 85504
69 85507
69 85511
69 85513
69 85515
69 85520
69 85523
69 85524
69 85528
69 85529
69 85533
69 85560
69 85577
69 85582
69 85584
69 85596
69 85597
69 85598
69 85615
69 85625
69 85649
69 85678
69 85682
69 85689
69 85690
69 85713
69 85722
69 85726
69 85729
69 85730
69 85731
69 85745
69 85746
69 85758
69 85762
69 85769
69 85776
69 85785
69 85802
69 85826
69 85830
69 85831
69 85841
69 85871
69 85905
69 85906
69 85908
69 85931
69 85944
69 85954
69 85959
69 85976
69 85992
69 85995
69 85997
69 86005
69 86007
69 86019
69 86022
69 86026
69 86031
69 86037
69 86046
69 86048
69 86052
69 86061
69 86069
69 86074
69 86084
69 86089
69 86097
69 86104
69 86114
69 86115
69 86122
69 86123
69 86130
69 86137
69 86152
69 86154
69 86164
69 86185
69 86186
69 86192
69 86193
69 86203
69 86205
69 86217
69 86228
69 86239
69 86255
69 86267
69 86269
69 86274
69 86289
69 86304
69 86307
69 86321
69 86331
69 86336
69 86347
69 86355
69 86364
69 86366
69 86372
69 86388
69 86390
69 86403
69 86414
69 86415
69 86422
69 86431
69 86435
69 86437
69 86438
69 86443
69 86444
69 86460
69 86465
69 86473
69 86482
69 86488
69 86489
69 86495
69 86497
69 86505
69 86512
69 86525
69 86539
69 86550
69 86556
69 86558
69 86561
69 86564
69 86565
69 86567
69 86574
69 86576
69 86579
69 86596
69 86597
69 86601
69 86643
69 86658
69 86660
69 86662
69 86668
69 86670
69 86674
69 86677
69 86679
69 86689
69 86712
69 86715
69 86725
69 86733
69 86737
69 86738
69 86749
69 86750
69 86753
69 86756
69 86758
69 86781
69 86802
69 86815
69 86829
69 86831
69 86833
69 86843
69 86854
69 86878
69 86881
69 86893
69 86903
69 86918
69 86935
69 86937
69 86941
69 86955
69 86957
69 86964
69 86999
69 87000
69 87005
69 87022
69 87037
69 87045
69 87053
69 87057
69 87064
69 87070
69 87079
69 87081
69 87083
69 87091
69 87095
69 87097
69 87100
69 87101
69 87111
69 87113
69 87116
69 87141
69 87142
69 87152
69 87169
69 87179
69 87198
69 87203
69 87215
69 87222
69 87227
69 87230
69 87231
69 87255
69 87256
69 87276
69 87290
69 87291
69 87293
69 87296
69 87299
69 87300
69 87306
69 87318
69 87326
69 87328
69 87345
69 87359
69 87370
69 87382
69 87383
69 87391
69 87394
69 87409
69 87416
69 87421
69 87422
69 87436
69 87446
69 87455
69 87460
69 87461
69 87467
69 87470
69 87484
69 87485
69 87491
69 87497
69 87502
69 87503
69 87505
69 87509
69 87520
69 87521
69 87538
69 87542
69 87543
69 87547
69 87552
69 87554
69 87559
69 87564
69 87573
69 87577
69 87581
69 87584
69 87588
69 87600
69 87609
69 87610
69 87615
69 87619
69 87628
69 87630
69 87633
69 87638
69 87653
69 87657
69 87658
69 87662
69 87664
69 87678
69 87684
69 87692
69 87694
69 87703
69 87712
69 87714
69 87729
69 87738
69 87740
69 87753
69 87756
69 87759
69 87766
69 87778
69 87785
69 87800
69 87818
69 87824
69 87825
69 87829
69 87850
69 87855
69 87857
69 87868
69 87873
69 87876
69 87888
69 87892
69 87898
69 87900
69 87901
69 87908
69 87916
69 87918
69 87919
69 87921
69 87922
69 87935
69 87940
69 87942
69 87951
69 87988
69 87989
69 87993
69 87995
69 87998
69 87999
69 88001
69 88018
69 88024
69 88029
69 88045
69 88054
69 88068
69 88076
69 88087
69 88096
69 88098
69 88111
69 88123
69 88135
69 88140
69 88158
69 88160
69 88165
69 88173
69 88180
69 88188
69 88195
69 88196
69 88206
69 88231
69 88234
69 88237
69 88248
69 88256
69 88262
69 88268
69 88276
69 88280
69 88282
69 88287
69 88289
69 88290
69 88311
69 88317
69 88322
69 88334
69 88336
69 88340
69 88343
69 88354
69 88358
69 88367
69 88369
69 88376
69 88378
69 88385
69 88388
69 88397
69 88401
69 88404
69 88407
69 88416
69 88424
69 88425
69 88432
69 88435
69 88443
69 88455
69 88458
69 88465
69 88468
69 88476
69 88479
69 88481
69 88491
69 88507
69 88520
69 88527
69 88542
69 88549
69 88555
69 88569
69 88577
69 88580
69 88588
69 88591
69 88601
69 88605
69 88608
69 88615
69 88623
69 88625
69 88626
69 88634
69 88669
69 88684
69 88686
69 88689
69 88695
69 88697
69 88701
69 88710
69 88725
69 88739
69 88763
69 88764
69 88773
69 88778
69 88780
69 88781
69 88783
69 88789
69 88791
69 88794
69 88796
69 88821
69 88834
69 88839
69 88847
69 88851
69 88867
69 88877
69 88878
69 88881
69 88889
69 88899
69 88915
69 88919
69 88921
69 88923
69 88925
69 88939
69 88945
69 88962
69 88966
69 88969
69 88974
69 88977
69 89006
69 89020
69 89024
69 89029
69 89032
69 89047
69 89048
69 89052
69 89061
69 89062
69 89070
69 89075
69 89094
69 89095
69 89107
69 89113
69 89115
69 89126
69 89132
69 89133
69 89143
69 89154
69 89161
69 89165
69 89169
69 89173
69 89186
69 89190
69 89201
69 89209
69 89219
69 89221
69 89236
69 89240
69 89248
69 89251
69 89252
69 89263
69 89264
69 89270
69 89271
69 89282
69 89294
69 89310
69 89324
69 89326
69 89336
69 89339
69 89355
69 89362
69 89368
69 89369
69 89378
69 89405
69 89411
69 89429
69 89432
69 89444
69 89447
69 89458
69 89462
69 89471
69 89477
69 89483
69 89485
69 89486
69 89490
69 89505
69 89512
69 89514
69 89534
69 89538
69 89543
69 89547
69 89552
69 89562
69 89565
69 89573
69 89579
69 89593
69 89595
69 89603
69 89605
69 89624
69 89625
69 89626
69 89628
69 89638
69 89642
69 89648
69 89661
69 89668
69 89673
69 89682
69 89688
69 89702
69 89704
69 89706
69 89714
69 89745
69 89747
69 89755
69 89757
69 89767
69 89770
69 89787
69 89788
69 89789
69 89806
69 89822
69 89824
69 89826
69 89830
69 89831
69 89835
69 89839
69 89841
69 89871
69 89876
69 89901
69 89909
69 89912
69 89915
69 89936
69 89942
69 89957
69 89959
69 89960
69 89967
69 89980
69 89985
69 89989
69 90001
69 90002
69 90009
69 90010
69 90018
69 90019
69 90053
69 90055
69 90057
69 90058
69 90063
69 90069
69 90071
69 90076
69 90083
69 90084
69 90091
69 90093
69 90106
69 90130
69 90131
69 90137
69 90140
69 90146
69 90161
69 90164
69 90180
69 90196
69 90203
69 90224
69 90235
69 90242
69 90251
69 90271
69 90290
69 90295
69 90327
69 90355
69 90374
69 90380
69 90383
69 90391
69 90394
69 90400
69 90403
69 90416
69 90418
69 90419
69 90420
69 90424
69 90428
69 90433
69 90435
69 90439
69 90447
69 90448
69 90453
69 90458
69 90466
69 90479
69 90482
69 90484
69 90487
69 90504
69 90515
69 90524
69 90525
69 90531
69 90539
69 90541
69 90543
69 90547
69 90549
69 90560
69 90566
69 90590
69 90609
69 90617
69 90619
69 90643
69 90649
69 90654
69 90675
69 90687
69 90691
69 90704
69 90706
69 90711
69 90716
69 90728
69 90734
69 90743
69 90756
69 90762
69 90768
69 90769
69 90778
69 90789
69 90790
69 90800
69 90814
69 90816
69 90822
69 90832
69 90842
69 90851
69 90863
69 90869
69 90870
69 90882
69 90888
69 90897
69 90904
69 90909
69 90911
69 90912
69 90919
69 90921
69 90927
69 90932
69 90936
69 90955
69 90956
69 90964
69 90970
69 90983
69 90995
69 90998
69 91001
69 91012
69 91014
69 91017
69 91018
69 91028
69 91066
69 91075
69 91084
69 91086
69 91088
69 91093
69 91094
69 91100
69 91103
69 91119
69 91123
69 91145
69 91150
69 91158
69 91169
69 91175
69 91178
69 91179
69 91182
69 91189
69 91194
69 91200
69 91210
69 91211
69 91217
69 91220
69 91223
69 91226
69 91238
69 91241
69 91245
69 91259
69 91262
69 91267
69 91295
69 91304
69 91309
69 91316
69 91318
69 91338
69 91340
69 91342
69 91365
69 91374
69 91376
69 91384
69 91388
69 91393
69 91421
69 91422
69 91423
69 91428
69 91456
69 91461
69 91463
69 91476
69 91479
69 91480
69 91488
69 91494
69 91500
69 91506
69 91519
69 91530
69 91539
69 91556
69 91558
69 91565
69 91567
69 91571
69 91578
69 91579
69 91582
69 91585
69 91597
69 91610
69 91612
69 91614
69 91616
69 91618
69 91629
69 91644
69 91658
69 91662
69 91663
69 91665
69 91669
69 91676
69 91692
69 91718
69 91731
69 91740
69 91743
69 91761
69 91768
69 91771
69 91791
69 91795
69 91806
69 91823
69 91826
69 91828
69 91832
69 91847
69 91875
69 91879
69 91889
69 91896
69 91904
69 91938
69 91956
69 91958
69 91976
69 91983
69 91993
69 91998
69 92001
69 92015
69 92018
69 92023
69 92035
69 92037
69 92038
69 92050
69 92054
69 92086
69 92093
69 92108
69 92111
69 92113
69 92114
69 92116
69 92122
69 92123
69 92142
69 92154
69 92157
69 92162
69 92196
69 92200
69 92225
69 92233
69 92239
69 92247
69 92254
69 92261
69 92278
69 92283
69 92284
69 92285
69 92288
69 92293
69 92300
69 92314
69 92328
69 92345
69 92365
69 92366
69 92377
69 92384
69 92385
69 92399
69 92407
69 92425
69 92437
69 92440
69 92445
69 92453
69 92456
69 92457
69 92458
69 92468
69 92471
69 92478
69 92486
69 92493
69 92500
69 92503
69 92521
69 92538
69 92539
69 92556
69 92564
69 92570
69 92575
69 92581
69 92606
69 92609
69 92612
69 92622
69 92632
69 92634
69 92635
69 92639
69 92653
69 92678
69 92686
69 92705
69 92706
69 92736
69 92744
69 92750
69 92759
69 92767
69 92771
69 92780
69 92793
69 92795
69 92803
69 92804
69 92807
69 92813
69 92815
69 92818
69 92838
69 92848
69 92874
69 92891
69 92896
69 92905
69 92906
69 92929
69 92932
69 92944
69 92952
69 92953
69 92956
69 92970
69 92971
69 92978
69 92982
69 93002
69 93012
69 93015
69 93027
69 93040
69 93046
69 93051
69 93060
69 93073
69 93074
69 93079
69 93081
69 93092
69 93099
69 93100
69 93105
69 93106
69 93116
69 93121
69 93127
69 93137
69 93161
69 93170
69 93173
69 93190
69 93193
69 93196
69 93205
69 93206
69 93207
69 93231
69 93234
69 93238
69 93252
69 93254
69 93256
69 93259
69 93260
69 93267
69 93270
69 93271
69 93276
69 93284
69 93295
69 93297
69 93303
69 93306
69 93310
69 93314
69 93315
69 93323
69 93338
69 93349
69 93358
69 93367
69 93374
69 93379
69 93383
69 93390
69 93391
69 93392
69 93416
69 93419
69 93423
69 93431
69 93434
69 93448
69 93461
69 93462
69 93463
69 93466
69 93474
69 93494
69 93495
69 93501
69 93506
69 93507
69 93508
69 93511
69 93525
69 93554
69 93555
69 93561
69 93566
69 93569
69 93583
69 93591
69 93598
69 93616
69 93617
69 93625
69 93644
69 93647
69 93660
69 93667
69 93685
69 93694
69 93697
69 93699
69 93712
69 93717
69 93735
69 93736
69 93737
69 93746
69 93751
69 93755
69 93762
69 93764
69 93771
69 93783
69 93785
69 93790
69 93796
69 93812
69 93821
69 93836
69 93845
69 93847
69 93857
69 93863
69 93867
69 93884
69 93886
69 93889
69 93891
69 93897
69 93920
69 93926
69 93933
69 93943
69 93947
69 93955
69 93970
69 93972
69 93973
69 93975
69 93977
69 93986
69 94005
69 94016
69 94019
69 94030
69 94032
69 94039
69 94044
69 94069
69 94090
69 94091
69 94094
69 94095
69 94099
69 94102
69 94109
69 94111
69 94112
69 94113
69 94120
69 94122
69 94137
69 94141
69 94165
69 94170
69 94178
69 94183
69 94184
69 94190
69 94192
69 94194
69 94233
69 94234
69 94237
69 94249
69 94253
69 94258
69 94262
69 94266
69 94281
69 94286
69 94293
69 94303
69 94313
69 94323
69 94326
69 94335
69 94339
69 94344
69 94348
69 94355
69 94375
69 94380
69 94389
69 94390
69 94391
69 94392
69 94399
69 94406
69 94412
69 94419
69 94425
69 94434
69 94457
69 94459
69 94475
69 94482
69 94500
69 94512
69 94524
69 94528
69 94530
69 94538
69 94545
69 94553
69 94554
69 94576
69 94578
69 94581
69 94590
69 94598
69 94614
69 94616
69 94632
69 94634
69 94636
69 94637
69 94640
69 94641
69 94645
69 94652
69 94660
69 94663
69 94673
69 94689
69 94695
69 94701
69 94713
69 94716
69 94737
69 94741
69 94745
69 94749
69 94750
69 94756
69 94759
69 94763
69 94766
69 94781
69 94802
69 94812
69 94815
69 94838
69 94842
69 94858
69 94863
69 94870
69 94872
69 94873
69 94882
69 94883
69 94889
69 94894
69 94901
69 94911
69 94913
69 94917
69 94920
69 94938
69 94943
69 94953
69 94975
69 94977
69 94978
69 94982
69 94984
69 94988
69 94991
69 94995
69 94998
69 95004
69 95015
69 95024
69 95027
69 95031
69 95033
69 95034
69 95041
69 95045
69 95051
69 95058
69 95066
69 95077
69 95100
69 95108
69 95118
69 95119
69 95135
69 95136
69 95141
69 95144
69 95162
69 95164
69 95165
69 95166
69 95174
69 95185
69 95197
69 95216
69 95242
69 95244
69 95247
69 95254
69 95258
69 95259
69 95273
69 95283
69 95293
69 95295
69 95312
69 95313
69 95332
69 95343
69 95346
69 95348
69 95351
69 95369
69 95374
69 95375
69 95379
69 95400
69 95403
69 95417
69 95426
69 95439
69 95465
69 95471
69 95479
69 95480
69 95484
69 95487
69 95493
69 95494
69 95503
69 95515
69 95538
69 95545
69 95550
69 95551
69 95568
69 95574
69 95581
69 95589
69 95591
69 95600
69 95613
69 95617
69 95620
69 95629
69 95632
69 95638
69 95646
69 95650
69 95652
69 95668
69 95669
69 95671
69 95681
69 95682
69 95685
69 95687
69 95693
69 95700
69 95708
69 95733
69 95741
69 95753
69 95757
69 95763
69 95765
69 95767
69 95780
69 95798
69 95812
69 95814
69 95822
69 95824
69 95837
69 95848
69 95849
69 95864
69 95874
69 95880
69 95892
69 95917
69 95934
69 95945
69 95948
69 95949
69 95954
69 95957
69 95970
69 95973
69 95975
69 95977
69 95986
69 95990
69 96006
69 96009
69 96010
69 96022
69 96024
69 96025
69 96057
69 96060
69 96062
69 96069
69 96075
69 96082
69 96088
69 96092
69 96096
69 96102
69 96105
69 96107
69 96112
69 96113
69 96115
69 96116
69 96118
69 96133
69 96134
69 96138
69 96141
69 96157
69 96162
69 96169
69 96194
69 96195
69 96215
69 96216
69 96220
69 96232
69 96233
69 96238
69 96251
69 96255
69 96266
69 96269
69 96270
69 96276
69 96304
69 96337
69 96343
69 96350
69 96352
69 96368
69 96392
69 96393
69 96405
69 96406
69 96409
69 96412
69 96419
69 96427
69 96430
69 96436
69 96437
69 96451
69 96453
69 96461
69 96477
69 96484
69 96493
69 96499
69 96501
69 96502
69 96517
69 96519
69 96538
69 96559
69 96565
69 96567
69 96568
69 96576
69 96579
69 96582
69 96586
69 96592
69 96598
69 96621
69 96626
69 96629
69 96649
69 96668
69 96674
69 96679
69 96681
69 96689
69 96699
69 96705
69 96708
69 96713
69 96717
69 96731
69 96752
69 96763
69 96774
69 96777
69 96780
69 96786
69 96789
69 96793
69 96814
69 96841
69 96845
69 96848
69 96859
69 96870
69 96884
69 96894
69 96898
69 96902
69 96904
69 96928
69 96930
69 96931
69 96937
69 96943
69 96944
69 96960
69 96961
69 96970
69 97005
69 97008
69 97009
69 97011
69 97020
69 97037
69 97050
69 97058
69 97059
69 97061
69 97062
69 97066
69 97072
69 97080
69 97081
69 97098
69 97107
69 97112
69 97123
69 97144
69 97145
69 97162
69 97163
69 97165
69 97167
69 97171
69 97175
69 97186
69 97210
69 97215
69 97218
69 97223
69 97225
69 97226
69 97227
69 97256
69 97264
69 97270
69 97279
69 97297
69 97309
69 97320
69 97326
69 97329
69 97340
69 97343
69 97344
69 97361
69 97364
69 97367
69 97383
69 97399
69 97408
69 97426
69 97440
69 97443
69 97446
69 97448
69 97492
69 97507
69 97512
69 97532
69 97542
69 97543
69 97545
69 97557
69 97558
69 97560
69 97566
69 97575
69 97578
69 97579
69 97589
69 97598
69 97606
69 97611
69 97615
69 97623
69 97636
69 97670
69 97673
69 97684
69 97692
69 97695
69 97700
69 97706
69 97715
69 97736
69 97738
69 97746
69 97752
69 97758
69 97766
69 97781
69 97785
69 97788
69 97794
69 97796
69 97806
69 97815
69 97817
69 97827
69 97830
69 97831
69 97838
69 97840
69 97841
69 97843
69 97847
69 97856
69 97868
69 97879
69 97880
69 97891
69 97902
69 97905
69 97921
69 97925
69 97942
69 97947
69 97956
69 97962
69 97964
69 97970
69 97979
69 97981
69 97991
69 97999
69 98008
69 98014
69 98015
69 98020
69 98024
69 98036
69 98038
69 98047
69 98057
69 98066
69 98070
69 98083
69 98086
69 98100
69 98112
69 98113
69 98125
69 98128
69 98130
69 98145
69 98155
69 98158
69 98162
69 98182
69 98183
69 98189
69 98190
69 98201
69 98202
69 98236
69 98255
69 98258
69 98259
69 98264
69 98270
69 98279
69 98291
69 98310
69 98324
69 98326
69 98330
69 98331
69 98333
69 98338
69 98354
69 98366
69 98392
69 98395
69 98402
69 98414
69 98426
69 98429
69 98430
69 98433
69 98438
69 98455
69 98460
69 98465
69 98474
69 98479
69 98482
69 98491
69 98500
69 98505
69 98511
69 98514
69 98519
69 98524
69 98526
69 98529
69 98530
69 98544
69 98556
69 98563
69 98564
69 98588
69 98592
69 98604
69 98609
69 98611
69 98617
69 98627
69 98628
69 98647
69 98653
69 98684
69 98696
69 98699
69 98711
69 98716
69 98717
69 98731
69 98738
69 98739
69 98743
69 98756
69 98758
69 98765
69 98780
69 98781
69 98796
69 98806
69 98808
69 98814
69 98827
69 98829
69 98841
69 98852
69 98857
69 98867
69 98870
69 98890
69 98900
69 98908
69 98911
69 98914
69 98915
69 98916
69 98923
69 98925
69 98927
69 98932
69 98937
69 98940
69 98941
69 98943
69 98949
69 98978
69 98980
69 98984
69 99010
69 99017
69 99036
69 99045
69 99049
69 99059
69 99063
69 99075
69 99082
69 99087
69 99102
69 99114
69 99116
69 99118
69 99126
69 99134
69 99136
69 99146
69 99164
69 99170
69 99186
69 99187
69 99198
69 99200
69 99215
69 99223
69 99231
69 99232
69 99244
69 99246
69 99255
69 99259
69 99262
69 99264
69 99272
69 99289
69 99309
69 99310
69 99313
69 99333
69 99334
69 99337
69 99338
69 99349
69 99357
69 99363
69 99369
69 99381
69 99383
69 99386
69 99396
69 99409
69 99421
69 99423
69 99439
69 99442
69 99450
69 99457
69 99465
69 99467
69 99473
69 99479
69 99481
69 99496
69 99524
69 99539
69 99546
69 99554
69 99568
69 99575
69 99578
69 99584
69 99590
69 99597
69 99614
69 99632
69 99644
69 99650
69 99653
69 99659
69 99668
69 99672
69 99697
69 99703
69 99715
69 99721
69 99731
69 99739
69 99745
69 99754
69 99790
69 99791
69 99793
69 99817
69 99820
69 99822
69 99839
69 99846
69 99859
69 99872
69 99876
69 99880
69 99881
69 99909
69 99912
69 99941
69 99945
69 99949
69 99951
69 99953
69 99956
69 99964
69 99984
69 99986
69 99990
69 99992
69 100000
69 100003
69 100006
69 100030
69 100034
69 100042
69 100043
69 100046
69 100050
69 100058
69 100060
69 100071
69 100080
69 100094
69 100095
69 100099
69 100117
69 100131
69 100141
69 100146
69 100157
69 100159
69 100166
69 100169
69 100171
69 100181
69 100205
69 100207
69 100208
69 100218
69 100220
69 100224
69 100229
69 100243
69 100245
69 100256
69 100272
69 100275
69 100281
69 100308
69 100327
69 100330
69 100339
69 100346
69 100348
69 100351
69 100356
69 100362
69 100365
69 100376
69 100378
69 100380
69 100389
69 100392
69 100407
69 100424
69 100427
69 100435
69 100444
69 100447
69 100449
69 100454
69 100456
69 100458
69 100483
69 100504
69 100505
69 100508
69 100512
69 100517
69 100519
69 100530
69 100531
69 100545
69 100551
69 100553
69 100563
69 100576
69 100577
69 100579
69 100580
69 100588
69 100592
69 100594
69 100602
69 100606
69 100612
69 100615
69 100618
69 100623
69 100633
69 100639
69 100646
69 100654
69 100660
69 100662
69 100663
69 100674
69 100685
69 100689
69 100696
69 100723
69 100725
69 100731
69 100737
69 100739
69 100741
69 100749
69 100750
69 100753
69 100758
69 100777
69 100783
69 100787
69 100795
69 100798
69 100799
69 100804
69 100811
69 100812
69 100820
69 100823
69 100826
69 100838
69 100860
69 100861
69 100862
69 100875
69 100883
69 100888
69 100906
69 100907
69 100912
69 100916
69 100924
69 100935
69 100942
69 100950
69 100952
69 100960
69 100966
69 100974
69 100988
69 100995
69 101001
69 101006
69 101010
69 101018
69 101019
69 101026
69 101043
69 101044
69 101049
69 101050
69 101051
69 101053
69 101054
69 101057
69 101065
69 101067
69 101073
69 101075
69 101093
69 101109
69 101112
69 101122
69 101123
69 101127
69 101145
69 101179
69 101180
69 101191
69 101197
69 101201
69 101206
69 101210
69 101213
69 101217
69 101219
69 101223
69 101230
69 101233
69 101235
69 101236
69 101241
69 101246
69 101248
69 101263
69 101281
69 101282
69 101285
69 101287
69 101289
69 101290
69 101291
69 101293
69 101305
69 101306
69 101310
69 101313
69 101314
69 101319
69 101329
69 101337
69 101346
69 101349
69 101358
69 101375
69 101387
69 101400
69 101412
69 101418
69 101435
69 101444
69 101447
69 101450
69 101455
69 101458
69 101479
69 101485
69 101500
69 101513
69 101515
69 101523
69 101529
69 101534
69 101549
69 101553
69 101559
69 101563
69 101565
69 101577
69 101586
69 101626
69 101630
69 101634
69 101635
69 101645
69 101649
69 101659
69 101662
69 101663
69 101665
69 101666
69 101675
69 101678
69 101687
69 101699
69 101705
69 101716
69 101719
69 101737
69 101740
69 101741
69 101752
69 101753
69 101763
69 101773
69 101805
69 101807
69 101819
69 101821
69 101832
69 101835
69 101837
69 101844
69 101889
69 101899
69 101904
69 101906
69 101912
69 101916
69 101917
69 101920
69 101927
69 101929
69 101939
69 101962
69 101993
69 101999
69 102016
69 102023
69 102028
69 102034
69 102035
69 102037
69 102044
69 102050
69 102058
69 102071
69 102072
69 102074
69 102078
69 102095
69 102099
69 102103
69 102104
69 102113
69 102125
69 102129
69 102132
69 102133
69 102139
69 102142
69 102169
69 102177
69 102193
69 102195
69 102201
69 102214
69 102230
69 102240
69 102245
69 102253
69 102267
69 102270
69 102271
69 102276
69 102280
69 102321
69 102336
69 102342
69 102347
69 102374
69 102379
69 102382
69 102384
69 102386
69 102391
69 102394
69 102420
69 102422
69 102425
69 102427
69 102439
69 102443
69 102462
69 102467
69 102472
69 102481
69 102484
69 102493
69 102498
69 102510
69 102519
69 102539
69 102579
69 102582
69 102608
69 102619
69 102620
69 102629
69 102630
69 102637
69 102640
69 102648
69 102676
69 102689
69 102701
69 102715
69 102718
69 102751
69 102760
69 102765
69 102768
69 102788
69 102813
69 102814
69 102840
69 102846
69 102847
69 102850
69 102852
69 102855
69 102859
69 102881
69 102886
69 102895
69 102896
69 102903
69 102933
69 102954
69 102957
69 102958
69 102960
69 102968
69 102982
69 102984
69 103005
69 103025
69 103032
69 103033
69 103036
69 103040
69 103043
69 103049
69 103050
69 103054
69 103059
69 103066
69 103079
69 103092
69 103093
69 103100
69 103124
69 103144
69 103149
69 103152
69 103154
69 103160
69 103172
69 103177
69 103186
69 103187
69 103192
69 103200
69 103209
69 103221
69 103228
69 103263
69 103265
69 103273
69 103287
69 103288
69 103291
69 103301
69 103314
69 103321
69 103325
69 103350
69 103357
69 103359
69 103364
69 103367
69 103377
69 103382
69 103400
69 103401
69 103407
69 103441
69 103443
69 103450
69 103457
69 103458
69 103460
69 103476
69 103491
69 103493
69 103494
69 103496
69 103505
69 103512
69 103521
69 103531
69 103536
69 103539
69 103543
69 103547
69 103569
69 103584
69 103604
69 103615
69 103617
69 103665
69 103670
69 103671
69 103697
69 103703
69 103707
69 103708
69 103724
69 103729
69 103734
69 103740
69 103742
69 103754
69 103805
69 103809
69 103812
69 103820
69 103832
69 103837
69 103839
69 103851
69 103852
69 103858
69 103863
69 103869
69 103881
69 103882
69 103890
69 103902
69 103921
69 103924
69 103940
69 103946
69 103949
69 103952
69 103954
69 103957
69 103959
69 103963
69 103965
69 103975
69 103976
69 103979
69 103993
69 103997
69 104006
69 104013
69 104030
69 104040
69 104052
69 104053
69 104068
69 104078
69 104081
69 104084
69 104089
69 104106
69 104110
69 104114
69 104116
69 104131
69 104142
69 104144
69 104154
69 104157
69 104163
69 104172
69 104181
69 104192
69 104195
69 104203
69 104210
69 104219
69 104220
69 104240
69 104280
69 104289
69 104301
69 104303
69 104328
69 104342
69 104347
69 104356
69 104358
69 104360
69 104370
69 104397
69 104405
69 104423
69 104433
69 104442
69 104446
69 104452
69 104463
69 104466
69 104485
69 104487
69 104488
69 104492
69 104510
69 104514
69 104522
69 104526
69 104540
69 104542
69 104548
69 104565
69 104569
69 104570
69 104588
69 104595
69 104627
69 104658
69 104660
69 104682
69 104683
69 104686
69 104700
69 104702
69 104726
69 104735
69 104746
69 104747
69 104767
69 104771
69 104776
69 104785
69 104799
69 104805
69 104811
69 104829
69 104860
69 104868
69 104871
69 104874
69 104888
69 104902
69 104903
69 104909
69 104918
69 104923
69 104927
69 104945
69 104951
69 104968
69 104971
69 104977
69 104986
69 104987
69 104991
69 105004
69 105006
69 105007
69 105009
69 105029
69 105031
69 105033
69 105043
69 105046
69 105051
69 105054
69 105062
69 105077
69 105078
69 105082
69 105085
69 105086
69 105095
69 105097
69 105103
69 105106
69 105109
69 105115
69 105117
69 105122
69 105123
69 105126
69 105129
69 105135
69 105136
69 105152
69 105166
69 105167
69 105170
69 105175
69 105181
69 105191
69 105194
69 105203
69 105215
69 105217
69 105224
69 105230
69 105246
69 105262
69 105268
69 105287
69 105290
69 105296
69 105300
69 105311
69 105312
69 105318
69 105319
69 105320
69 105327
69 105334
69 105357
69 105361
69 105372
69 105383
69 105386
69 105392
69 105403
69 105417
69 105422
69 105426
69 105432
69 105455
69 105461
69 105469
69 105477
69 105478
69 105480
69 105483
69 105498
69 105506
69 105511
69 105513
69 105528
69 105530
69 105531
69 105537
69 105544
69 105547
69 105553
69 105568
69 105569
69 105571
69 105575
69 105576
69 105597
69 105620
69 105624
69 105633
69 105635
69 105643
69 105654
69 105672
69 105676
69 105682
69 105684
69 105687
69 105688
69 105692
69 105709
69 105720
69 105731
69 105732
69 105743
69 105749
69 105762
69 105763
69 105764
69 105766
69 105769
69 105773
69 105799
69 105800
69 105821
69 105823
69 105826
69 105831
69 105834
69 105836
69 105841
69 105848
69 105861
69 105863
69 105867
69 105871
69 105878
69 105883
69 105887
69 105895
69 105927
69 105931
69 105950
69 105955
69 105956
69 105963
69 105969
69 105974
69 105987
69 105988
69 105989
69 105992
69 106007
69 106013
69 106040
69 106057
69 106061
69 106074
69 106077
69 106081
69 106091
69 106094
69 106105
69 106106
69 106125
69 106136
69 106144
69 106145
69 106148
69 106150
69 106156
69 106159
69 106161
69 106166
69 106186
69 106198
69 106201
69 106204
69 106205
69 106210
69 106222
69 106227
69 106240
69 106245
69 106249
69 106260
69 106265
69 106268
69 106271
69 106278
69 106304
69 106306
69 106307
69 106317
69 106326
69 106331
69 106332
69 106345
69 106346
69 106362
69 106378
69 106383
69 106393
69 106399
69 106406
69 106411
69 106436
69 106439
69 106443
69 106446
69 106451
69 106453
69 106476
69 106479
69 106486
69 106489
69 106493
69 106500
69 106501
69 106506
69 106518
69 106529
69 106532
69 106534
69 106538
69 106542
69 106544
69 106560
69 106563
69 106564
69 106569
69 106575
69 106582
69 106587
69 106592
69 106595
69 106602
69 106604
69 106607
69 106608
69 106633
69 106638
69 106640
69 106642
69 106661
69 106664
69 106669
69 106675
69 106686
69 106691
69 106699
69 106706
69 106709
69 106717
69 106719
69 106723
69 106736
69 106745
69 106748
69 106755
69 106757
69 106765
69 106775
69 106781
69 106787
69 106792
69 106798
69 106802
69 106811
69 106815
69 106817
69 106820
69 106833
69 106837
69 106846
69 106849
69 106852
69 106854
69 106880
69 106888
69 106892
69 106897
69 106899
69 106901
69 106902
69 106914
69 106920
69 106922
69 106923
69 106933
69 106948
69 106959
69 106960
69 106971
69 106974
69 106986
69 106991
69 106992
69 107007
69 107024
69 107026
69 107032
69 107045
69 107050
69 107051
69 107058
69 107063
69 107079
69 107091
69 107096
69 107098
69 107109
69 107118
69 107123
69 107124
69 107132
69 107137
69 107146
69 107147
69 107149
69 107156
69 107165
69 107170
69 107171
69 107182
69 107183
69 107186
69 107188
69 107191
69 107201
69 107213
69 107225
69 107233
69 107247
69 107260
69 107267
69 107277
69 107278
69 107286
69 107288
69 107293
69 107298
69 107313
69 107331
69 107349
69 107354
69 107356
69 107368
69 107377
69 107379
69 107381
69 107382
69 107386
69 107389
69 107420
69 107429
69 107443
69 107464
69 107469
69 107483
69 107535
69 107546
69 107554
69 107568
69 107571
69 107580
69 107585
69 107588
69 107591
69 107602
69 107624
69 107626
69 107637
69 107645
69 107651
69 107664
69 107667
69 107675
69 107685
69 107687
69 107695
69 107700
69 107707
69 107712
69 107727
69 107731
69 107742
69 107771
69 107773
69 107777
69 107791
69 107796
69 107818
69 107825
69 107841
69 107843
69 107852
69 107855
69 107856
69 107866
69 107867
69 107872
69 107876
69 107881
69 107884
69 107887
69 107896
69 107907
69 107913
69 107914
69 107917
69 107923
69 107925
69 107933
69 107935
69 107936
69 107952
69 107966
69 107972
69 107980
69 107988
69 108004
69 108014
69 108015
69 108018
69 108028
69 108038
69 108044
69 108047
69 108071
69 108075
69 108081
69 108095
69 108096
69 108102
69 108135
69 108140
69 108141
69 108146
69 108159
69 108165
69 108170
69 108177
69 108184
69 108188
69 108189
69 108190
69 108192
69 108203
69 108206
69 108212
69 108215
69 108217
69 108219
69 108231
69 108234
69 108246
69 108255
69 108269
69 108280
69 108282
69 108284
69 108287
69 108308
69 108316
69 108317
69 108329
69 108332
69 108340
69 108346
69 108349
69 108352
69 108366
69 108376
69 108381
69 108389
69 108391
69 108415
69 108433
69 108434
69 108440
69 108442
69 108451
69 108452
69 108456
69 108459
69 108462
69 108465
69 108469
69 108482
69 108484
69 108492
69 108497
69 108502
69 108517
69 108522
69 108523
69 108526
69 108531
69 108544
69 108548
69 108550
69 108554
69 108556
69 108560
69 108562
69 108564
69 108570
69 108584
69 108596
69 108623
69 108628
69 108637
69 108640
69 108644
69 108661
69 108667
69 108673
69 108683
69 108688
69 108691
69 108697
69 108705
69 108730
69 108731
69 108744
69 108756
69 108765
69 108767
69 108769
69 108778
69 108789
69 108800
69 108802
69 108808
69 108809
69 108824
69 108828
69 108831
69 108839
69 108857
69 108866
69 108867
69 108869
69 108878
69 108879
69 108892
69 108900
69 108901
69 108905
69 108908
69 108924
69 108925
69 108926
69 108949
69 108952
69 108954
69 108956
69 108970
69 108986
69 109007
69 109010
69 109023
69 109028
69 109062
69 109082
69 109084
69 109085
69 109101
69 109123
69 109147
69 109150
69 109170
69 109176
69 109179
69 109207
69 109215
69 109219
69 109239
69 109248
69 109254
69 109255
69 109268
69 109278
69 109291
69 109301
69 109302
69 109309
69 109320
69 109328
69 109341
69 109344
69 109345
69 109347
69 109357
69 109382
69 109389
69 109395
69 109397
69 109401
69 109419
69 109421
69 109424
69 109434
69 109456
69 109463
69 109469
69 109474
69 109478
69 109486
69 109488
69 109492
69 109495
69 109500
69 109501
69 109504
69 109509
69 109514
69 109528
69 109529
69 109538
69 109555
69 109556
69 109560
69 109574
69 109587
69 109596
69 109600
69 109601
69 109616
69 109617
69 109619
69 109628
69 109639
69 109640
69 109643
69 109647
69 109654
69 109658
69 109659
69 109670
69 109674
69 109676
69 109680
69 109690
69 109693
69 109697
69 109698
69 109704
69 109709
69 109718
69 109721
69 109727
69 109730
69 109743
69 109749
69 109758
69 109762
69 109766
69 109775
69 109801
69 109805
69 109811
69 109814
69 109835
69 109838
69 109865
69 109871
69 109872
69 109875
69 109876
69 109887
69 109896
69 109910
69 109912
69 109914
69 109924
69 109934
69 109936
69 109948
69 109961
69 109965
69 109979
69 109982
69 109983
69 109988
69 110003
69 110008
69 110015
69 110017
69 110022
69 110039
69 110040
69 110042
69 110064
69 110071
69 110076
69 110093
69 110099
69 110100
69 110101
69 110102
69 110109
69 110113
69 110120
69 110122
69 110149
69 110151
69 110163
69 110164
69 110166
69 110169
69 110173
69 110176
69 110177
69 110178
69 110187
69 110188
69 110196
69 110197
69 110207
69 110214
69 110223
69 110234
69 110239
69 110244
69 110246
69 110249
69 110282
69 110285
69 110287
69 110304
69 110307
69 110309
69 110310
69 110315
69 110323
69 110324
69 110328
69 110330
69 110334
69 110374
69 110382
69 110390
69 110401
69 110407
69 110409
69 110411
69 110429
69 110433
69 110439
69 110444
69 110462
69 110463
69 110485
69 110494
69 110498
69 110509
69 110512
69 110513
69 110514
69 110517
69 110521
69 110524
69 110529
69 110534
69 110537
69 110544
69 110545
69 110577
69 110583
69 110590
69 110597
69 110613
69 110616
69 110620
69 110623
69 110634
69 110643
69 110647
69 110649
69 110655
69 110661
69 110662
69 110666
69 110672
69 110680
69 110705
69 110720
69 110725
69 110734
69 110745
69 110749
69 110756
69 110758
69 110764
69 110772
69 110798
69 110805
69 110806
69 110807
69 110810
69 110819
69 110829
69 110832
69 110833
69 110840
69 110851
69 110856
69 110866
69 110867
69 110872
69 110888
69 110897
69 110903
69 110906
69 110912
69 110914
69 110918
69 110925
69 110947
69 110950
69 110951
69 110955
69 110957
69 110959
69 110963
69 110965
69 110978
69 110980
69 110981
69 110985
69 110996
69 111009
69 111014
69 111015
69 111018
69 111022
69 111025
69 111027
69 111028
69 111045
69 111047
69 111055
69 111056
69 111079
69 111081
69 111082
69 111093
69 111097
69 111113
69 111120
69 111121
69 111143
69 111149
69 111152
69 111167
69 111169
69 111175
69 111181
69 111186
69 111187
69 111192
69 111194
69 111202
69 111208
69 111212
69 111219
69 111221
69 111227
69 111239
69 111269
69 111275
69 111287
69 111300
69 111319
69 111325
69 111328
69 111333
69 111341
69 111345
69 111348
69 111359
69 111363
69 111384
69 111395
69 111396
69 111402
69 111407
69 111416
69 111430
69 111433
69 111436
69 111454
69 111462
69 111467
69 111481
69 111483
69 111485
69 111496
69 111499
69 111506
69 111518
69 111525
69 111530
69 111532
69 111539
69 111543
69 111544
69 111549
69 111556
69 111576
69 111577
69 111588
69 111615
69 111647
69 111652
69 111672
69 111679
69 111686
69 111692
69 111694
69 111695
69 111702
69 111703
69 111716
69 111724
69 111736
69 111745
69 111748
69 111756
69 111766
69 111778
69 111808
69 111812
69 111814
69 111825
69 111829
69 111841
69 111850
69 111853
69 111864
69 111867
69 111872
69 111876
69 111882
69 111892
69 111901
69 111916
69 111921
69 111923
69 111940
69 111949
69 111950
69 111959
69 111962
69 111967
69 111968
69 111976
69 111983
69 111999
69 112001
69 112006
69 112011
69 112012
69 112020
69 112029
69 112032
69 112036
69 112045
69 112056
69 112065
69 112086
69 112089
69 112108
69 112137
69 112149
69 112158
69 112167
69 112174
69 112182
69 112190
69 112191
69 112198
69 112201
69 112214
69 112217
69 112218
69 112222
69 112228
69 112248
69 112249
69 112257
69 112277
69 112280
69 112294
69 112297
69 112298
69 112300
69 112305
69 112310
69 112322
69 112342
69 112344
69 112348
69 112351
69 112352
69 112356
69 112357
69 112366
69 112373
69 112383
69 112387
69 112395
69 112402
69 112403
69 112405
69 112412
69 112417
69 112419
69 112430
69 112433
69 112450
69 112467
69 112469
69 112489
69 112497
69 112501
69 112508
69 112537
69 112543
69 112547
69 112558
69 112568
69 112570
69 112586
69 112588
69 112594
69 112609
69 112612
69 112620
69 112643
69 112647
69 112659
69 112661
69 112665
69 112667
69 112676
69 112689
69 112691
69 112695
69 112699
69 112703
69 112705
69 112711
69 112712
69 112735
69 112738
69 112740
69 112750
69 112757
69 112762
69 112771
69 112775
69 112786
69 112787
69 112790
69 112802
69 112806
69 112814
69 112819
69 112827
69 112843
69 112852
69 112860
69 112870
69 112888
69 112894
69 112934
69 112935
69 112952
69 112961
69 112995
69 113005
69 113011
69 113020
69 113022
69 113024
69 113038
69 113052
69 113061
69 113080
69 113084
69 113101
69 113103
69 113116
69 113123
69 113132
69 113138
69 113139
69 113147
69 113167
69 113168
69 113169
69 113174
69 113176
69 113189
69 113192
69 113202
69 113209
69 113233
69 113237
69 113242
69 113251
69 113252
69 113260
69 113268
69 113274
69 113288
69 113289
69 113308
69 113309
69 113312
69 113317
69 113320
69 113338
69 113341
69 113343
69 113344
69 113350
69 113351
69 113362
69 113369
69 113378
69 113380
69 113382
69 113383
69 113384
69 113389
69 113394
69 113407
69 113419
69 113420
69 113424
69 113432
69 113435
69 113442
69 113445
69 113455
69 113472
69 113483
69 113487
69 113492
69 113494
69 113501
69 113506
69 113509
69 113513
69 113534
69 113536
69 113541
69 113546
69 113551
69 113557
69 113566
69 113568
69 113573
69 113575
69 113576
69 113581
69 113591
69 113604
69 113607
69 113612
69 113617
69 113628
69 113630
69 113643
69 113644
69 113646
69 113650
69 113651
69 113657
69 113660
69 113662
69 113668
69 113671
69 113679
69 113689
69 113692
69 113696
69 113706
69 113722
69 113780
69 113793
69 113801
69 113803
69 113807
69 113810
69 113812
69 113828
69 113830
69 113831
69 113844
69 113847
69 113851
69 113869
69 113874
69 113876
69 113888
69 113891
69 113894
69 113897
69 113901
69 113912
69 113924
69 113927
69 113932
69 113933
69 113941
69 113944
69 113981
69 114002
69 114012
69 114035
69 114037
69 114039
69 114040
69 114048
69 114053
69 114066
69 114076
69 114078
69 114092
69 114093
69 114098
69 114105
69 114111
69 114130
69 114134
69 114137
69 114143
69 114146
69 114165
69 114169
69 114170
69 114177
69 114180
69 114181
69 114182
69 114188
69 114192
69 114202
69 114211
69 114215
69 114244
69 114261
69 114264
69 114270
69 114276
69 114280
69 114283
69 114284
69 114286
69 114296
69 114305
69 114309
69 114319
69 114322
69 114325
69 114334
69 114337
69 114341
69 114352
69 114356
69 114357
69 114371
69 114377
69 114379
69 114392
69 114395
69 114416
69 114424
69 114427
69 114444
69 114445
69 114449
69 114467
69 114482
69 114498
69 114507
69 114517
69 114522
69 114523
69 114525
69 114529
69 114530
69 114532
69 114544
69 114545
69 114547
69 114554
69 114576
69 114579
69 114583
69 114584
69 114589
69 114600
69 114604
69 114611
69 114619
69 114620
69 114622
69 114651
69 114652
69 114664
69 114671
69 114684
69 114690
69 114697
69 114705
69 114715
69 114719
69 114730
69 114731
69 114750
69 114761
69 114789
69 114798
69 114800
69 114806
69 114821
69 114832
69 114857
69 114861
69 114862
69 114875
69 114876
69 114883
69 114899
69 114911
69 114927
69 114948
69 114951
69 114952
69 114959
69 114971
69 114981
69 114985
69 114988
69 114991
69 115010
69 115013
69 115017
69 115031
69 115048
69 115051
69 115054
69 115067
69 115071
69 115080
69 115093
69 115099
69 115122
69 115126
69 115128
69 115129
69 115130
69 115135
69 115146
69 115159
69 115163
69 115176
69 115180
69 115185
69 115188
69 115202
69 115203
69 115206
69 115209
69 115221
69 115225
69 115260
69 115266
69 115278
69 115280
69 115286
69 115287
69 115289
69 115291
69 115307
69 115322
69 115330
69 115344
69 115345
69 115348
69 115355
69 115362
69 115371
69 115373
69 115375
69 115383
69 115385
69 115405
69 115419
69 115432
69 115434
69 115437
69 115442
69 115446
69 115476
69 115485
69 115522
69 115530
69 115531
69 115538
69 115543
69 115545
69 115552
69 115559
69 115567
69 115570
69 115572
69 115574
69 115595
69 115598
69 115606
69 115614
69 115619
69 115625
69 115629
69 115634
69 115636
69 115649
69 115652
69 115653
69 115654
69 115657
69 115660
69 115665
69 115668
69 115670
69 115677
69 115681
69 115685
69 115690
69 115696
69 115699
69 115704
69 115723
69 115728
69 115736
69 115744
69 115747
69 115750
69 115753
69 115761
69 115764
69 115771
69 115772
69 115779
69 115792
69 115799
69 115803
69 115809
69 115816
69 115828
69 115832
69 115849
69 115861
69 115867
69 115870
69 115871
69 115877
69 115887
69 115888
69 115894
69 115896
69 115903
69 115907
69 115914
69 115920
69 115942
69 115945
69 115950
69 115955
69 115972
69 115988
69 116001
69 116006
69 116013
69 116022
69 116030
69 116032
69 116036
69 116046
69 116052
69 116073
69 116081
69 116085
69 116103
69 116117
69 116121
69 116129
69 116132
69 116143
69 116153
69 116159
69 116164
69 116208
69 116212
69 116223
69 116238
69 116242
69 116247
69 116252
69 116254
69 116260
69 116274
69 116294
69 116296
69 116298
69 116305
69 116320
69 116325
69 116334
69 116337
69 116350
69 116359
69 116372
69 116378
69 116381
69 116395
69 116400
69 116401
69 116404
69 116409
69 116411
69 116414
69 116433
69 116434
69 116436
69 116453
69 116456
69 116462
69 116466
69 116469
69 116473
69 116476
69 116484
69 116492
69 116495
69 116500
69 116505
69 116507
69 116524
69 116525
69 116529
69 116531
69 116546
69 116547
69 116554
69 116564
69 116566
69 116572
69 116589
69 116604
69 116606
69 116608
69 116617
69 116619
69 116623
69 116637
69 116644
69 116649
69 116652
69 116657
69 116682
69 116685
69 116689
69 116705
69 116729
69 116741
69 116747
69 116752
69 116759
69 116768
69 116791
69 116799
69 116807
69 116815
69 116821
69 116834
69 116837
69 116843
69 116848
69 116849
69 116886
69 116910
69 116912
69 116916
69 116931
69 116940
69 116946
69 116966
69 116972
69 116984
69 116988
69 116992
69 117009
69 117028
69 117030
69 117036
69 117047
69 117048
69 117064
69 117072
69 117097
69 117100
69 117112
69 117113
69 117126
69 117130
69 117136
69 117139
69 117142
69 117155
69 117161
69 117184
69 117190
69 117191
69 117198
69 117212
69 117213
69 117229
69 117235
69 117241
69 117255
69 117281
69 117286
69 117287
69 117302
69 117310
69 117321
69 117322
69 117328
69 117330
69 117333
69 117336
69 117346
69 117358
69 117360
69 117377
69 117399
69 117400
69 117414
69 117430
69 117434
69 117441
69 117454
69 117456
69 117463
69 117469
69 117480
69 117486
69 117493
69 117501
69 117522
69 117531
69 117535
69 117541
69 117542
69 117560
69 117564
69 117574
69 117575
69 117580
69 117581
69 117586
69 117590
69 117591
69 117593
69 117607
69 117615
69 117622
69 117625
69 117626
69 117633
69 117641
69 117648
69 117653
69 117656
69 117682
69 117687
69 117692
69 117694
69 117696
69 117707
69 117710
69 117721
69 117729
69 117758
69 117765
69 117769
69 117788
69 117795
69 117796
69 117803
69 117804
69 117810
69 117837
69 117839
69 117847
69 117848
69 117872
69 117876
69 117886
69 117887
69 117890
69 117903
69 117911
69 117923
69 117933
69 117934
69 117937
69 117946
69 117961
69 117977
69 117980
69 117982
69 117996
69 118000
69 118001
69 118002
69 118006
69 118007
69 118010
69 118024
69 118025
69 118027
69 118030
69 118037
69 118042
69 118044
69 118051
69 118052
69 118063
69 118067
69 118076
69 118080
69 118083
69 118087
69 118094
69 118098
69 118101
69 118123
69 118126
69 118129
69 118130
69 118133
69 118149
69 118163
69 118164
69 118170
69 118175
69 118197
69 118198
69 118207
69 118221
69 118222
69 118234
69 118238
69 118247
69 118261
69 118267
69 118270
69 118275
69 118282
69 118284
69 118286
69 118287
69 118297
69 118309
69 118313
69 118320
69 118322
69 118327
69 118333
69 118354
69 118356
69 118369
69 118370
69 118379
69 118380
69 118381
69 118393
69 118394
69 118405
69 118408
69 118411
69 118412
69 118415
69 118416
69 118421
69 118432
69 118436
69 118437
69 118441
69 118445
69 118446
69 118454
69 118475
69 118485
69 118497
69 118505
69 118518
69 118535
69 118538
69 118543
69 118562
69 118563
69 118564
69 118568
69 118571
69 118575
69 118586
69 118598
69 118609
69 118612
69 118624
69 118654
69 118660
69 118662
69 118669
69 118680
69 118683
69 118686
69 118695
69 118698
69 118707
69 118712
69 118730
69 118740
69 118746
69 118751
69 118752
69 118755
69 118785
69 118799
69 118805
69 118813
69 118815
69 118821
69 118838
69 118840
69 118848
69 118850
69 118856
69 118860
69 118873
69 118882
69 118892
69 118904
69 118907
69 118910
69 118911
69 118914
69 118921
69 118938
69 118939
69 118943
69 118951
69 118962
69 118967
69 118973
69 118981
69 118984
69 118989
69 118990
69 118993
69 118994
69 118998
69 119001
69 119005
69 119026
69 119029
69 119032
69 119034
69 119042
69 119045
69 119053
69 119060
69 119061
69 119085
69 119094
69 119097
69 119126
69 119139
69 119164
69 119168
69 119170
69 119174
69 119177
69 119184
69 119193
69 119194
69 119202
69 119212
69 119226
69 119230
69 119240
69 119242
69 119245
69 119249
69 119259
69 119262
69 119269
69 119271
69 119274
69 119290
69 119295
69 119300
69 119303
69 119305
69 119308
69 119317
69 119318
69 119350
69 119357
69 119387
69 119388
69 119399
69 119408
69 119416
69 119421
69 119426
69 119427
69 119430
69 119449
69 119457
69 119460
69 119467
69 119472
69 119485
69 119502
69 119524
69 119531
69 119559
69 119565
69 119573
69 119584
69 119592
69 119598
69 119606
69 119610
69 119617
69 119623
69 119645
69 119647
69 119655
69 119666
69 119668
69 119673
69 119678
69 119681
69 119684
69 119689
69 119695
69 119700
69 119722
69 119725
69 119730
69 119731
69 119740
69 119744
69 119750
69 119755
69 119757
69 119761
69 119778
69 119782
69 119785
69 119808
69 119813
69 119817
69 119820
69 119825
69 119826
69 119835
69 119847
69 119848
69 119849
69 119853
69 119859
69 119861
69 119868
69 119876
69 119878
69 119881
69 119891
69 119904
69 119907
69 119912
69 119938
69 119948
69 119952
69 119958
69 119959
69 119960
69 119961
69 119986
69 119989
69 119991
69 120002
69 120006
69 120025
69 120030
69 120031
69 120039
69 120045
69 120049
69 120058
69 120067
69 120073
69 120076
69 120082
69 120085
69 120086
69 120104
69 120108
69 120120
69 120122
69 120124
69 120154
69 120170
69 120175
69 120185
69 120187
69 120206
69 120216
69 120228
69 120260
69 120271
69 120277
69 120288
69 120289
69 120292
69 120298
69 120320
69 120322
69 120326
69 120342
69 120344
69 120359
69 120383
69 120387
69 120390
69 120393
69 120397
69 120398
69 120399
69 120404
69 120418
69 120426
69 120427
69 120437
69 120446
69 120455
69 120458
69 120464
69 120465
69 120472
69 120476
69 120481
69 120483
69 120499
69 120519
69 120527
69 120531
69 120535
69 120544
69 120553
69 120557
69 120569
69 120578
69 120589
69 120594
69 120597
69 120605
69 120608
69 120613
69 120626
69 120631
69 120635
69 120639
69 120646
69 120659
69 120664
69 120669
69 120684
69 120686
69 120705
69 120727
69 120736
69 120739
69 120748
69 120751
69 120753
69 120761
69 120793
69 120798
69 120805
69 120808
69 120818
69 120824
69 120832
69 120852
69 120853
69 120856
69 120859
69 120866
69 120868
69 120871
69 120874
69 120878
69 120884
69 120885
69 120892
69 120894
69 120905
69 120910
69 120911
69 120917
69 120929
69 120954
69 120957
69 120960
69 120966
69 120967
69 120970
69 120975
69 120998
69 121001
69 121007
69 121014
69 121026
69 121027
69 121039
69 121053
69 121064
69 121065
69 121066
69 121068
69 121079
69 121088
69 121110
69 121114
69 121140
69 121142
69 121149
69 121151
69 121160
69 121162
69 121187
69 121199
69 121205
69 121224
69 121225
69 121236
69 121244
69 121248
69 121253
69 121260
69 121269
69 121272
69 121274
69 121287
69 121297
69 121305
69 121307
69 121310
69 121312
69 121326
69 121346
69 121350
69 121371
69 121387
69 121404
69 121405
69 121410
69 121421
69 121431
69 121434
69 121441
69 121443
69 121445
69 121447
69 121450
69 121466
69 121468
69 121469
69 121470
69 121483
69 121490
69 121491
69 121499
69 121511
69 121521
69 121522
69 121525
69 121533
69 121536
69 121539
69 121543
69 121546
69 121549
69 121565
69 121569
69 121599
69 121605
69 121613
69 121615
69 121616
69 121619
69 121622
69 121629
69 121635
69 121652
69 121664
69 121678
69 121679
69 121684
69 121685
69 121692
69 121697
69 121700
69 121706
69 121713
69 121718
69 121721
69 121737
69 121748
69 121750
69 121763
69 121766
69 121772
69 121782
69 121805
69 121808
69 121811
69 121820
69 121821
69 121835
69 121837
69 121841
69 121852
69 121854
69 121857
69 121859
69 121880
69 121889
69 121922
69 121931
69 121958
69 121980
69 121984
69 121991
69 122004
69 122011
69 122013
69 122023
69 122028
69 122037
69 122046
69 122070
69 122088
69 122092
69 122120
69 122122
69 122132
69 122136
69 122138
69 122149
69 122151
69 122152
69 122168
69 122197
69 122199
69 122202
69 122217
69 122226
69 122241
69 122250
69 122260
69 122262
69 122280
69 122284
69 122294
69 122310
69 122313
69 122321
69 122333
69 122345
69 122349
69 122358
69 122369
69 122385
69 122390
69 122391
69 122397
69 122407
69 122429
69 122432
69 122440
69 122442
69 122447
69 122468
69 122476
69 122478
69 122479
69 122487
69 122494
69 122496
69 122498
69 122504
69 122531
69 122535
69 122539
69 122540
69 122546
69 122555
69 122559
69 122564
69 122577
69 122587
69 122607
69 122609
69 122612
69 122616
69 122627
69 122633
69 122648
69 122658
69 122673
69 122675
69 122689
69 122696
69 122732
69 122737
69 122740
69 122744
69 122746
69 122761
69 122773
69 122775
69 122787
69 122806
69 122807
69 122818
69 122837
69 122840
69 122844
69 122845
69 122848
69 122852
69 122853
69 122860
69 122880
69 122916
69 122923
69 122928
69 122939
69 122949
69 122952
69 122960
69 122991
69 123001
69 123005
69 123008
69 123011
69 123012
69 123025
69 123038
69 123044
69 123056
69 123072
69 123075
69 123079
69 123082
69 123087
69 123092
69 123093
69 123094
69 123103
69 123106
69 123121
69 123122
69 123123
69 123128
69 123130
69 123131
69 123144
69 123146
69 123153
69 123155
69 123156
69 123161
69 123178
69 123192
69 123214
69 123216
69 123217
69 123219
69 123234
69 123241
69 123251
69 123279
69 123283
69 123320
69 123328
69 123334
69 123344
69 123347
69 123366
69 123374
69 123384
69 123398
69 123406
69 123422
69 123440
69 123447
69 123453
69 123461
69 123462
69 123468
69 123469
69 123492
69 123498
69 123499
69 123513
69 123515
69 123517
69 123537
69 123540
69 123541
69 123543
69 123549
69 123552
69 123554
69 123566
69 123574
69 123586
69 123593
69 123598
69 123601
69 123602
69 123604
69 123608
69 123609
69 123612
69 123619
69 123620
69 123621
69 123632
69 123634
69 123641
69 123653
69 123663
69 123666
69 123682
69 123690
69 123692
69 123700
69 123705
69 123706
69 123708
69 123709
69 123726
69 123731
69 123733
69 123739
69 123746
69 123750
69 123754
69 123774
69 123780
69 123785
69 123789
69 123792
69 123804
69 123811
69 123812
69 123822
69 123837
69 123841
69 123854
69 123859
69 123870
69 123873
69 123876
69 123883
69 123888
69 123891
69 123895
69 123903
69 123906
69 123913
69 123915
69 123918
69 123943
69 123948
69 123951
69 123965
69 123966
69 123967
69 123971
69 123982
69 123991
69 124001
69 124007
69 124010
69 124017
69 124020
69 124024
69 124033
69 124038
69 124050
69 124057
69 124064
69 124078
69 124098
69 124111
69 124139
69 124140
69 124147
69 124158
69 124161
69 124166
69 124169
69 124170
69 124175
69 124184
69 124190
69 124193
69 124230
69 124260
69 124262
69 124263
69 124271
69 124282
69 124284
69 124298
69 124303
69 124314
69 124315
69 124328
69 124332
69 124334
69 124359
69 124375
69 124381
69 124388
69 124401
69 124406
69 124412
69 124420
69 124422
69 124424
69 124429
69 124444
69 124446
69 124448
69 124460
69 124474
69 124478
69 124495
69 124498
69 124500
69 124505
69 124516
69 124520
69 124521
69 124555
69 124560
69 124564
69 124580
69 124584
69 124586
69 124595
69 124605
69 124608
69 124615
69 124617
69 124624
69 124627
69 124629
69 124638
69 124657
69 124658
69 124672
69 124673
69 124693
69 124702
69 124727
69 124730
69 124732
69 124734
69 124737
69 124752
69 124771
69 124776
69 124778
69 124780
69 124785
69 124792
69 124797
69 124805
69 124821
69 124828
69 124829
69 124840
69 124847
69 124856
69 124874
69 124875
69 124884
69 124885
69 124921
69 124937
69 124938
69 124947
69 124948
69 124951
69 124968
69 124969
69 124979
69 124980
69 124983
69 124991
69 124994
69 125003
69 125007
69 125009
69 125013
69 125014
69 125017
69 125020
69 125027
69 125028
69 125031
69 125035
69 125042
69 125047
69 125050
69 125067
69 125070
69 125082
69 125088
69 125092
69 125117
69 125142
69 125179
69 125190
69 125195
69 125204
69 125214
69 125223
69 125228
69 125231
69 125233
69 125238
69 125258
69 125261
69 125280
69 125287
69 125291
69 125294
69 125297
69 125310
69 125316
69 125318
69 125326
69 125328
69 125334
69 125346
69 125363
69 125367
69 125389
69 125390
69 125393
69 125425
69 125440
69 125452
69 125453
69 125461
69 125464
69 125465
69 125482
69 125503
69 125513
69 125518
69 125519
69 125530
69 125535
69 125556
69 125560
69 125573
69 125585
69 125586
69 125592
69 125605
69 125609
69 125610
69 125640
69 125672
69 125677
69 125695
69 125701
69 125708
69 125714
69 125722
69 125724
69 125735
69 125736
69 125741
69 125747
69 125757
69 125768
69 125775
69 125780
69 125794
69 125799
69 125817
69 125818
69 125827
69 125840
69 125844
69 125856
69 125857
69 125863
69 125872
69 125882
69 125883
69 125888
69 125889
69 125894
69 125897
69 125904
69 125906
69 125907
69 125917
69 125926
69 125928
69 125930
69 125946
69 125956
69 125971
69 125984
69 125988
69 125990
69 125994
69 126002
69 126008
69 126014
69 126025
69 126028
69 126040
69 126051
69 126058
69 126059
69 126061
69 126075
69 126077
69 126095
69 126098
69 126100
69 126113
69 126115
69 126120
69 126125
69 126126
69 126128
69 126129
69 126142
69 126146
69 126190
69 126196
69 126202
69 126203
69 126214
69 126221
69 126227
69 126234
69 126249
69 126250
69 126265
69 126299
69 126317
69 126320
69 126322
69 126344
69 126353
69 126358
69 126363
69 126365
69 126372
69 126373
69 126384
69 126387
69 126388
69 126393
69 126396
69 126415
69 126416
69 126421
69 126429
69 126432
69 126435
69 126440
69 126443
69 126449
69 126464
69 126469
69 126476
69 126477
69 126482
69 126494
69 126499
69 126510
69 126520
69 126530
69 126541
69 126544
69 126548
69 126550
69 126552
69 126578
69 126593
69 126601
69 126606
69 126613
69 126630
69 126633
69 126641
69 126644
69 126655
69 126659
69 126666
69 126668
69 126683
69 126684
69 126692
69 126698
69 126714
69 126721
69 126738
69 126744
69 126749
69 126752
69 126754
69 126762
69 126773
69 126789
69 126794
69 126795
69 126798
69 126803
69 126807
69 126808
69 126816
69 126819
69 126824
69 126827
69 126829
69 126844
69 126849
69 126850
69 126872
69 126879
69 126894
69 126899
69 126902
69 126904
69 126914
69 126916
69 126919
69 126922
69 126934
69 126940
69 126954
69 126971
69 126973
69 126980
69 127009
69 127016
69 127022
69 127034
69 127038
69 127039
69 127041
69 127048
69 127050
69 127053
69 127057
69 127059
69 127066
69 127078
69 127084
69 127110
69 127116
69 127117
69 127118
69 127121
69 127123
69 127129
69 127138
69 127147
69 127151
69 127159
69 127172
69 127174
69 127194
69 127210
69 127219
69 127221
69 127227
69 127230
69 127263
69 127268
69 127280
69 127288
69 127295
69 127321
69 127322
69 127330
69 127338
69 127339
69 127350
69 127351
69 127352
69 127355
69 127357
69 127362
69 127365
69 127368
69 127378
69 127380
69 127384
69 127386
69 127392
69 127411
69 127417
69 127419
69 127422
69 127439
69 127446
69 127451
69 127462
69 127469
69 127479
69 127486
69 127490
69 127493
69 127494
69 127496
69 127503
69 127506
69 127513
69 127521
69 127524
69 127525
69 127529
69 127535
69 127546
69 127552
69 127556
69 127562
69 127564
69 127580
69 127582
69 127589
69 127599
69 127621
69 127622
69 127637
69 127642
69 127645
69 127658
69 127659
69 127674
69 127680
69 127690
69 127695
69 127696
69 127700
69 127704
69 127707
69 127710
69 127714
69 127717
69 127725
69 127727
69 127730
69 127746
69 127751
69 127752
69 127755
69 127760
69 127766
69 127767
69 127773
69 127784
69 127803
69 127808
69 127821
69 127828
69 127865
69 127868
69 127873
69 127878
69 127879
69 127882
69 127883
69 127890
69 127895
69 127898
69 127908
69 127930
69 127956
69 127970
69 127982
69 127996
69 127999
69 128000
69 128009
69 128017
69 128019
69 128029
69 128033
69 128038
69 128041
69 128042
69 128055
69 128059
69 128070
69 128078
69 128079
69 128082
69 128083
69 128094
69 128098
69 128131
69 128146
69 128148
69 128176
69 128180
69 128182
69 128183
69 128191
69 128204
69 128220
69 128239
69 128240
69 128250
69 128252
69 128255
69 128261
69 128267
69 128280
69 128285
69 128294
69 128295
69 128296
69 128302
69 128303
69 128306
69 128312
69 128318
69 128320
69 128328
69 128334
69 128350
69 128356
69 128357
69 128359
69 128363
69 128365
69 128369
69 128372
69 128374
69 128375
69 128378
69 128392
69 128393
69 128394
69 128399
69 128409
69 128413
69 128416
69 128421
69 128425
69 128443
69 128444
69 128466
69 128471
69 128485
69 128486
69 128490
69 128496
69 128508
69 128516
69 128520
69 128523
69 128541
69 128560
69 128579
69 128580
69 128588
69 128591
69 128598
69 128605
69 128639
69 128656
69 128660
69 128673
69 128682
69 128709
69 128717
69 128753
69 128754
69 128758
69 128774
69 128777
69 128780
69 128800
69 128802
69 128814
69 128827
69 128829
69 128831
69 128832
69 128836
69 128837
69 128839
69 128852
69 128858
69 128861
69 128865
69 128876
69 128877
69 128892
69 128893
69 128902
69 128917
69 128939
69 128949
69 128951
69 128971
69 128977
69 128987
69 128990
69 129006
69 129007
69 129045
69 129047
69 129048
69 129050
69 129067
69 129077
69 129085
69 129087
69 129090
69 129096
69 129109
69 129133
69 129149
69 129152
69 129156
69 129172
69 129176
69 129190
69 129194
69 129200
69 129212
69 129238
69 129240
69 129241
69 129243
69 129245
69 129260
69 129268
69 129282
69 129293
69 129297
69 129300
69 129301
69 129319
69 129324
69 129329
69 129330
69 129331
69 129337
69 129344
69 129345
69 129346
69 129350
69 129354
69 129364
69 129366
69 129368
69 129377
69 129378
69 129420
69 129429
69 129431
69 129432
69 129465
69 129470
69 129476
69 129477
69 129497
69 129506
69 129514
69 129516
69 129518
69 129539
69 129552
69 129562
69 129564
69 129573
69 129583
69 129588
69 129592
69 129605
69 129612
69 129620
69 129625
69 129637
69 129638
69 129654
69 129658
69 129660
69 129663
69 129679
69 129690
69 129698
69 129700
69 129703
69 129704
69 129708
69 129711
69 129714
69 129717
69 129736
69 129737
69 129738
69 129744
69 129745
69 129746
69 129754
69 129755
69 129758
69 129762
69 129783
69 129790
69 129797
69 129806
69 129820
69 129823
69 129846
69 129849
69 129850
69 129856
69 129859
69 129860
69 129865
69 129872
69 129877
69 129878
69 129885
69 129886
69 129894
69 129902
69 129910
69 129916
69 129926
69 129936
69 129940
69 129944
69 129946
69 129947
69 129955
69 129960
69 129967
69 129979
69 130007
69 130008
69 130010
69 130014
69 130030
69 130037
69 130043
69 130056
69 130057
69 130067
69 130069
69 130074
69 130078
69 130085
69 130094
69 130109
69 130117
69 130123
69 130124
69 130126
69 130129
69 130134
69 130151
69 130152
69 130153
69 130157
69 130161
69 130162
69 130180
69 130182
69 130185
69 130195
69 130199
69 130216
69 130226
69 130229
69 130250
69 130255
69 130263
69 130267
69 130274
69 130288
69 130289
69 130310
69 130313
69 130323
69 130326
69 130329
69 130340
69 130352
69 130354
69 130357
69 130359
69 130367
69 130368
69 130375
69 130385
69 130396
69 130440
69 130442
69 130443
69 130448
69 130457
69 130458
69 130468
69 130469
69 130470
69 130472
69 130474
69 130484
69 130487
69 130490
69 130498
69 130499
69 130506
69 130508
69 130511
69 130515
69 130522
69 130523
69 130535
69 130538
69 130548
69 130550
69 130551
69 130561
69 130569
69 130579
69 130584
69 130598
69 130601
69 130618
69 130631
69 130636
69 130639
69 130644
69 130651
69 130653
69 130655
69 130658
69 130659
69 130665
69 130666
69 130679
69 130680
69 130689
69 130701
69 130715
69 130720
69 130727
69 130743
69 130772
69 130775
69 130776
69 130777
69 130792
69 130794
69 130800
69 130804
69 130808
69 130815
69 130819
69 130824
69 130838
69 130857
69 130858
69 130867
69 130868
69 130873
69 130881
69 130882
69 130887
69 130913
69 130914
69 130923
69 130924
69 130936
69 130942
69 130943
69 130961
69 130970
69 130972
69 130984
69 130986
69 130993
69 131002
69 131003
69 131009
69 131011
69 131017
69 131035
69 131042
69 131045
69 131047
69 131050
69 131057
69 131059
69 131060
69 131078
69 131109
69 131110
69 131113
69 131117
69 131126
69 131133
69 131140
69 131147
69 131164
69 131167
69 131168
69 131171
69 131176
69 131199
69 131218
69 131220
69 131226
69 131238
69 131248
69 131260
69 131289
69 131293
69 131294
69 131309
69 131319
69 131323
69 131325
69 131335
69 131339
69 131341
69 131343
69 131347
69 131353
69 131358
69 131362
69 131373
69 131391
69 131402
69 131404
69 131411
69 131422
69 131428
69 131430
69 131438
69 131439
69 131443
69 131448
69 131449
69 131457
69 131460
69 131462
69 131482
69 131501
69 131505
69 131523
69 131529
69 131534
69 131549
69 131556
69 131561
69 131576
69 131586
69 131596
69 131618
69 131629
69 131659
69 131663
69 131666
69 131667
69 131669
69 131698
69 131701
69 131716
69 131744
69 131759
69 131764
69 131770
69 131799
69 131805
69 131812
69 131818
69 131821
69 131824
69 131833
69 131834
69 131838
69 131841
69 131876
69 131878
69 131879
69 131884
69 131898
69 131902
69 131907
69 131911
69 131916
69 131923
69 131926
69 131932
69 131938
69 131946
69 131949
69 131957
69 131979
69 131987
69 131995
69 132000
69 132001
69 132015
69 132017
69 132020
69 132025
69 132026
69 132047
69 132059
69 132063
69 132080
69 132082
69 132083
69 132084
69 132101
69 132105
69 132121
69 132123
69 132143
69 132146
69 132153
69 132176
69 132188
69 132196
69 132215
69 132222
69 132234
69 132242
69 132245
69 132252
69 132254
69 132256
69 132265
69 132269
69 132270
69 132279
69 132283
69 132297
69 132299
69 132323
69 132332
69 132336
69 132337
69 132340
69 132342
69 132352
69 132362
69 132372
69 132387
69 132388
69 132393
69 132397
69 132400
69 132406
69 132413
69 132414
69 132432
69 132449
69 132456
69 132465
69 132483
69 132489
69 132495
69 132499
69 132518
69 132521
69 132539
69 132540
69 132541
69 132542
69 132546
69 132564
69 132586
69 132588
69 132591
69 132594
69 132595
69 132596
69 132598
69 132601
69 132604
69 132615
69 132621
69 132622
69 132625
69 132627
69 132638
69 132647
69 132653
69 132656
69 132670
69 132710
69 132721
69 132733
69 132740
69 132753
69 132756
69 132761
69 132762
69 132791
69 132793
69 132799
69 132800
69 132807
69 132812
69 132835
69 132850
69 132854
69 132856
69 132875
69 132885
69 132894
69 132898
69 132911
69 132912
69 132916
69 132921
69 132923
69 132943
69 132945
69 132948
69 132962
69 132979
69 132994
69 133000
69 133005
69 133010
69 133025
69 133026
69 133040
69 133045
69 133047
69 133073
69 133076
69 133084
69 133088
69 133089
69 133122
69 133123
69 133127
69 133137
69 133149
69 133153
69 133162
69 133189
69 133194
69 133228
69 133254
69 133272
69 133277
69 133287
69 133290
69 133295
69 133298
69 133300
69 133312
69 133314
69 133315
69 133345
69 133357
69 133361
69 133363
69 133413
69 133417
69 133421
69 133439
69 133468
69 133487
69 133497
69 133528
69 133532
69 133540
69 133541
69 133545
69 133556
69 133561
69 133571
69 133578
69 133583
69 133595
69 133599
69 133602
69 133612
69 133620
69 133624
69 133627
69 133635
69 133638
69 133641
69 133651
69 133652
69 133661
69 133663
69 133681
69 133693
69 133714
69 133718
69 133724
69 133734
69 133736
69 133738
69 133753
69 133758
69 133765
69 133769
69 133775
69 133782
69 133783
69 133784
69 133786
69 133798
69 133799
69 133800
69 133801
69 133803
69 133812
69 133837
69 133838
69 133843
69 133849
69 133856
69 133870
69 133882
69 133883
69 133892
69 133893
69 133899
69 133904
69 133905
69 133913
69 133922
69 133924
69 133925
69 133935
69 133950
69 133952
69 133964
69 133988
69 133998
69 134000
69 134018
69 134021
69 134025
69 134032
69 134037
69 134055
69 134057
69 134062
69 134065
69 134075
69 134087
69 134088
69 134119
69 134133
69 134137
69 134141
69 134154
69 134167
69 134179
69 134182
69 134189
69 134194
69 134208
69 134216
69 134217
69 134222
69 134223
69 134235
69 134241
69 134249
69 134250
69 134253
69 134258
69 134264
69 134282
69 134296
69 134314
69 134320
69 134327
69 134329
69 134332
69 134337
69 134342
69 134343
69 134360
69 134376
69 134382
69 134387
69 134399
69 134402
69 134412
69 134415
69 134428
69 134436
69 134441
69 134455
69 134457
69 134459
69 134463
69 134474
69 134503
69 134508
69 134511
69 134514
69 134515
69 134517
69 134518
69 134521
69 134546
69 134547
69 134552
69 134554
69 134567
69 134568
69 134572
69 134574
69 134594
69 134595
69 134602
69 134603
69 134609
69 134628
69 134633
69 134634
69 134641
69 134684
69 134690
69 134698
69 134703
69 134706
69 134737
69 134748
69 134749
69 134764
69 134770
69 134772
69 134776
69 134778
69 134787
69 134791
69 134792
69 134795
69 134799
69 134814
69 134827
69 134836
69 134845
69 134852
69 134871
69 134873
69 134888
69 134926
69 134929
69 134932
69 134933
69 134940
69 134943
69 134950
69 134956
69 134962
69 134968
69 134972
69 134974
69 134981
69 134994
69 135006
69 135016
69 135017
69 135019
69 135023
69 135027
69 135034
69 135055
69 135056
69 135066
69 135080
69 135081
69 135087
69 135093
69 135094
69 135105
69 135110
69 135112
69 135131
69 135132
69 135139
69 135141
69 135142
69 135150
69 135153
69 135176
69 135178
69 135188
69 135190
69 135195
69 135202
69 135203
69 135207
69 135231
69 135237
69 135246
69 135249
69 135254
69 135265
69 135282
69 135298
69 135327
69 135336
69 135340
69 135355
69 135356
69 135368
69 135371
69 135372
69 135378
69 135381
69 135382
69 135387
69 135399
69 135406
69 135451
69 135455
69 135462
69 135465
69 135474
69 135478
69 135481
69 135485
69 135496
69 135498
69 135502
69 135507
69 135512
69 135513
69 135514
69 135549
69 135552
69 135561
69 135571
69 135572
69 135573
69 135583
69 135584
69 135587
69 135593
69 135599
69 135613
69 135618
69 135619
69 135622
69 135643
69 135645
69 135648
69 135656
69 135683
69 135690
69 135691
69 135693
69 135712
69 135715
69 135726
69 135735
69 135740
69 135746
69 135748
69 135760
69 135769
69 135806
69 135831
69 135835
69 135838
69 135859
69 135868
69 135870
69 135872
69 135883
69 135888
69 135894
69 135899
69 135903
69 135904
69 135912
69 135929
69 135962
69 135971
69 135976
69 135989
69 135992
69 135994
69 135998
69 136011
69 136022
69 136027
69 136030
69 136044
69 136046
69 136050
69 136054
69 136063
69 136070
69 136072
69 136092
69 136093
69 136103
69 136107
69 136115
69 136118
69 136124
69 136128
69 136129
69 136134
69 136147
69 136156
69 136165
69 136167
69 136172
69 136181
69 136186
69 136194
69 136198
69 136215
69 136229
69 136232
69 136241
69 136249
69 136254
69 136255
69 136265
69 136267
69 136280
69 136294
69 136307
69 136315
69 136324
69 136334
69 136342
69 136348
69 136364
69 136371
69 136374
69 136379
69 136389
69 136394
69 136412
69 136414
69 136423
69 136434
69 136436
69 136438
69 136445
69 136463
69 136464
69 136473
69 136481
69 136484
69 136496
69 136497
69 136505
69 136508
69 136509
69 136527
69 136529
69 136533
69 136538
69 136539
69 136540
69 136542
69 136548
69 136554
69 136566
69 136567
69 136573
69 136574
69 136592
69 136594
69 136595
69 136597
69 136603
69 136611
69 136660
69 136672
69 136685
69 136693
69 136697
69 136709
69 136715
69 136727
69 136732
69 136734
69 136740
69 136761
69 136769
69 136779
69 136782
69 136799
69 136801
69 136819
69 136821
69 136823
69 136826
69 136846
69 136859
69 136881
69 136892
69 136894
69 136912
69 136915
69 136931
69 136934
69 136942
69 136949
69 136976
69 136978
69 136986
69 136992
69 137001
69 137005
69 137007
69 137011
69 137014
69 137022
69 137027
69 137028
69 137039
69 137044
69 137051
69 137062
69 137070
69 137073
69 137077
69 137098
69 137102
69 137104
69 137105
69 137108
69 137115
69 137123
69 137132
69 137145
69 137188
69 137198
69 137206
69 137216
69 137220
69 137221
69 137225
69 137234
69 137239
69 137254
69 137263
69 137264
69 137280
69 137297
69 137302
69 137304
69 137311
69 137313
69 137318
69 137321
69 137327
69 137337
69 137339
69 137345
69 137353
69 137358
69 137360
69 137376
69 137378
69 137401
69 137405
69 137410
69 137416
69 137425
69 137426
69 137429
69 137450
69 137451
69 137468
69 137475
69 137505
69 137510
69 137511
69 137514
69 137521
69 137537
69 137577
69 137578
69 137595
69 137606
69 137610
69 137629
69 137630
69 137642
69 137644
69 137651
69 137655
69 137662
69 137664
69 137677
69 137685
69 137686
69 137697
69 137698
69 137699
69 137728
69 137740
69 137743
69 137746
69 137755
69 137756
69 137770
69 137772
69 137785
69 137792
69 137797
69 137800
69 137805
69 137807
69 137813
69 137818
69 137825
69 137826
69 137836
69 137843
69 137844
69 137849
69 137862
69 137865
69 137878
69 137881
69 137889
69 137895
69 137897
69 137905
69 137933
69 137934
69 137949
69 137954
69 137957
69 137968
69 137972
69 137973
69 137981
69 137988
69 138003
69 138004
69 138019
69 138022
69 138025
69 138026
69 138030
69 138064
69 138067
69 138072
69 138081
69 138089
69 138096
69 138101
69 138105
69 138112
69 138130
69 138138
69 138146
69 138165
69 138169
69 138170
69 138172
69 138177
69 138187
69 138193
69 138202
69 138208
69 138219
69 138225
69 138226
69 138231
69 138232
69 138233
69 138240
69 138266
69 138276
69 138277
69 138282
69 138296
69 138313
69 138330
69 138332
69 138334
69 138342
69 138343
69 138354
69 138356
69 138360
69 138370
69 138378
69 138389
69 138391
69 138392
69 138398
69 138399
69 138413
69 138422
69 138424
69 138429
69 138435
69 138457
69 138471
69 138487
69 138491
69 138500
69 138501
69 138506
69 138507
69 138522
69 138537
69 138553
69 138558
69 138569
69 138585
69 138593
69 138597
69 138599
69 138601
69 138607
69 138609
69 138632
69 138637
69 138643
69 138649
69 138652
69 138665
69 138669
69 138671
69 138690
69 138702
69 138703
69 138709
69 138721
69 138734
69 138744
69 138747
69 138751
69 138771
69 138773
69 138782
69 138789
69 138794
69 138795
69 138798
69 138801
69 138810
69 138812
69 138824
69 138827
69 138838
69 138859
69 138863
69 138864
69 138871
69 138874
69 138884
69 138886
69 138890
69 138897
69 138901
69 138908
69 138920
69 138943
69 138955
69 138959
69 138962
69 138971
69 138983
69 138994
69 138997
69 139004
69 139011
69 139014
69 139015
69 139019
69 139045
69 139049
69 139050
69 139062
69 139067
69 139076
69 139079
69 139080
69 139084
69 139090
69 139094
69 139098
69 139101
69 139119
69 139125
69 139126
69 139128
69 139137
69 139153
69 139163
69 139169
69 139175
69 139179
69 139181
69 139182
69 139188
69 139189
69 139193
69 139198
69 139207
69 139209
69 139217
69 139220
69 139221
69 139251
69 139259
69 139269
69 139289
69 139307
69 139318
69 139333
69 139340
69 139353
69 139366
69 139368
69 139372
69 139377
69 139383
69 139388
69 139419
69 139423
69 139427
69 139429
69 139436
69 139439
69 139452
69 139465
69 139486
69 139499
69 139504
69 139508
69 139523
69 139524
69 139526
69 139529
69 139538
69 139551
69 139554
69 139556
69 139561
69 139565
69 139574
69 139588
69 139607
69 139610
69 139615
69 139622
69 139641
69 139643
69 139654
69 139666
69 139670
69 139678
69 139685
69 139686
69 139696
69 139702
69 139719
69 139725
69 139735
69 139737
69 139748
69 139761
69 139767
69 139768
69 139769
69 139780
69 139786
69 139800
69 139811
69 139820
69 139828
69 139837
69 139848
69 139852
69 139854
69 139862
69 139871
69 139875
69 139886
69 139897
69 139898
69 139902
69 139904
69 139926
69 139929
69 139934
69 139936
69 139939
69 139942
69 139954
69 139956
69 139970
69 139978
69 139986
69 140011
69 140020
69 140030
69 140033
69 140044
69 140048
69 140051
69 140054
69 140059
69 140062
69 140064
69 140076
69 140077
69 140078
69 140088
69 140114
69 140125
69 140128
69 140156
69 140195
69 140196
69 140197
69 140204
69 140211
69 140224
69 140232
69 140241
69 140243
69 140252
69 140253
69 140255
69 140265
69 140269
69 140281
69 140285
69 140290
69 140296
69 140297
69 140300
69 140304
69 140318
69 140325
69 140326
69 140334
69 140335
69 140361
69 140363
69 140364
69 140390
69 140395
69 140399
69 140408
69 140423
69 140447
69 140457
69 140463
69 140475
69 140480
69 140486
69 140513
69 140524
69 140535
69 140549
69 140568
69 140579
69 140586
69 140590
69 140617
69 140619
69 140623
69 140628
69 140633
69 140638
69 140645
69 140648
69 140649
69 140655
69 140663
69 140669
69 140671
69 140677
69 140695
69 140704
69 140712
69 140731
69 140745
69 140754
69 140759
69 140761
69 140765
69 140767
69 140770
69 140777
69 140785
69 140793
69 140794
69 140806
69 140814
69 140820
69 140828
69 140833
69 140836
69 140850
69 140861
69 140865
69 140867
69 140870
69 140873
69 140875
69 140876
69 140889
69 140891
69 140900
69 140902
69 140935
69 140954
69 140959
69 140963
69 140989
69 140990
69 140992
69 141021
69 141035
69 141038
69 141058
69 141063
69 141065
69 141066
69 141075
69 141082
69 141103
69 141140
69 141154
69 141158
69 141163
69 141174
69 141176
69 141184
69 141188
69 141189
69 141214
69 141220
69 141225
69 141226
69 141242
69 141254
69 141299
69 141302
69 141309
69 141312
69 141313
69 141325
69 141340
69 141343
69 141351
69 141353
69 141363
69 141376
69 141381
69 141384
69 141388
69 141394
69 141406
69 141410
69 141412
69 141420
69 141437
69 141442
69 141446
69 141449
69 141452
69 141453
69 141498
69 141500
69 141502
69 141505
69 141511
69 141525
69 141534
69 141539
69 141548
69 141556
69 141598
69 141615
69 141626
69 141635
69 141661
69 141671
69 141674
69 141675
69 141678
69 141694
69 141695
69 141696
69 141699
69 141702
69 141713
69 141726
69 141736
69 141744
69 141751
69 141756
69 141760
69 141763
69 141771
69 141776
69 141781
69 141786
69 141794
69 141806
69 141812
69 141815
69 141818
69 141821
69 141825
69 141831
69 141834
69 141835
69 141842
69 141847
69 141853
69 141860
69 141862
69 141863
69 141868
69 141882
69 141887
69 141893
69 141896
69 141904
69 141923
69 141927
69 141934
69 141943
69 141948
69 141949
69 141958
69 141968
69 141981
69 142006
69 142008
69 142027
69 142029
69 142030
69 142034
69 142036
69 142046
69 142049
69 142055
69 142061
69 142068
69 142071
69 142083
69 142114
69 142119
69 142131
69 142137
69 142148
69 142153
69 142164
69 142187
69 142192
69 142198
69 142199
69 142210
69 142215
69 142221
69 142228
69 142234
69 142276
69 142278
69 142286
69 142287
69 142289
69 142298
69 142311
69 142312
69 142319
69 142321
69 142323
69 142325
69 142343
69 142344
69 142352
69 142359
69 142364
69 142371
69 142380
69 142401
69 142406
69 142413
69 142421
69 142434
69 142453
69 142464
69 142479
69 142483
69 142485
69 142491
69 142510
69 142513
69 142519
69 142520
69 142534
69 142539
69 142543
69 142547
69 142553
69 142560
69 142565
69 142596
69 142597
69 142599
69 142604
69 142607
69 142635
69 142636
69 142640
69 142651
69 142656
69 142658
69 142670
69 142687
69 142689
69 142695
69 142700
69 142705
69 142706
69 142712
69 142731
69 142741
69 142745
69 142749
69 142752
69 142753
69 142761
69 142763
69 142768
69 142778
69 142780
69 142783
69 142793
69 142794
69 142797
69 142803
69 142812
69 142820
69 142823
69 142824
69 142841
69 142844
69 142850
69 142859
69 142868
69 142880
69 142881
69 142889
69 142890
69 142905
69 142912
69 142917
69 142934
69 142935
69 142938
69 142941
69 142953
69 142956
69 142992
69 143005
69 143012
69 143022
69 143042
69 143045
69 143054
69 143055
69 143059
69 143071
69 143080
69 143083
69 143086
69 143089
69 143097
69 143098
69 143101
69 143105
69 143109
69 143110
69 143116
69 143130
69 143143
69 143145
69 143149
69 143153
69 143180
69 143181
69 143183
69 143186
69 143194
69 143199
69 143234
69 143243
69 143247
69 143249
69 143255
69 143270
69 143272
69 143278
69 143292
69 143297
69 143302
69 143303
69 143322
69 143324
69 143330
69 143341
69 143348
69 143359
69 143368
69 143380
69 143382
69 143390
69 143402
69 143405
69 143406
69 143407
69 143414
69 143423
69 143433
69 143438
69 143445
69 143455
69 143465
69 143477
69 143481
69 143487
69 143490
69 143496
69 143498
69 143500
69 143521
69 143526
69 143527
69 143537
69 143565
69 143576
69 143582
69 143588
69 143594
69 143598
69 143604
69 143619
69 143620
69 143623
69 143633
69 143651
69 143661
69 143663
69 143670
69 143676
69 143677
69 143680
69 143683
69 143692
69 143695
69 143707
69 143718
69 143731
69 143738
69 143745
69 143753
69 143769
69 143785
69 143791
69 143796
69 143805
69 143809
69 143813
69 143823
69 143825
69 143830
69 143831
69 143838
69 143854
69 143859
69 143885
69 143896
69 143907
69 143915
69 143921
69 143949
69 143954
69 143961
69 143979
69 143982
69 143989
69 144002
69 144004
69 144005
69 144009
69 144012
69 144013
69 144018
69 144022
69 144023
69 144025
69 144036
69 144037
69 144041
69 144042
69 144052
69 144060
69 144062
69 144069
69 144087
69 144094
69 144100
69 144102
69 144106
69 144111
69 144127
69 144130
69 144133
69 144136
69 144141
69 144154
69 144155
69 144163
69 144176
69 144179
69 144184
69 144199
69 144217
69 144235
69 144252
69 144253
69 144265
69 144271
69 144276
69 144280
69 144290
69 144291
69 144315
69 144318
69 144319
69 144330
69 144334
69 144335
69 144345
69 144356
69 144379
69 144384
69 144398
69 144410
69 144411
69 144419
69 144429
69 144434
69 144448
69 144453
69 144456
69 144464
69 144465
69 144471
69 144479
69 144483
69 144493
69 144501
69 144505
69 144516
69 144527
69 144531
69 144546
69 144550
69 144554
69 144577
69 144617
69 144628
69 144651
69 144665
69 144669
69 144682
69 144686
69 144687
69 144694
69 144699
69 144704
69 144709
69 144713
69 144718
69 144730
69 144731
69 144736
69 144742
69 144762
69 144778
69 144782
69 144790
69 144795
69 144801
69 144807
69 144813
69 144816
69 144817
69 144823
69 144825
69 144830
69 144832
69 144836
69 144848
69 144849
69 144852
69 144853
69 144861
69 144871
69 144875
69 144876
69 144881
69 144892
69 144902
69 144910
69 144914
69 144924
69 144925
69 144935
69 144939
69 144946
69 144953
69 144961
69 144964
69 144967
69 144982
69 144985
69 145004
69 145006
69 145008
69 145010
69 145012
69 145013
69 145016
69 145025
69 145028
69 145039
69 145050
69 145056
69 145060
69 145068
69 145080
69 145097
69 145100
69 145109
69 145121
69 145134
69 145139
69 145147
69 145150
69 145183
69 145186
69 145194
69 145195
69 145196
69 145197
69 145201
69 145216
69 145218
69 145234
69 145236
69 145252
69 145256
69 145257
69 145269
69 145277
69 145281
69 145291
69 145304
69 145307
69 145322
69 145327
69 145329
69 145330
69 145336
69 145340
69 145342
69 145343
69 145345
69 145346
69 145358
69 145371
69 145372
69 145386
69 145408
69 145438
69 145467
69 145470
69 145484
69 145489
69 145492
69 145495
69 145496
69 145507
69 145526
69 145536
69 145538
69 145539
69 145543
69 145552
69 145560
69 145572
69 145603
69 145605
69 145618
69 145624
69 145626
69 145630
69 145655
69 145665
69 145683
69 145689
69 145696
69 145697
69 145702
69 145703
69 145712
69 145714
69 145720
69 145727
69 145734
69 145741
69 145760
69 145768
69 145788
69 145792
69 145806
69 145808
69 145809
69 145814
69 145815
69 145828
69 145852
69 145870
69 145877
69 145883
69 145886
69 145894
69 145896
69 145902
69 145908
69 145910
69 145922
69 145923
69 145939
69 145942
69 145946
69 145966
69 145968
69 145970
69 145977
69 145982
69 145990
69 146007
69 146013
69 146023
69 146034
69 146035
69 146039
69 146041
69 146054
69 146064
69 146066
69 146073
69 146080
69 146085
69 146086
69 146088
69 146100
69 146104
69 146106
69 146107
69 146111
69 146126
69 146127
69 146147
69 146150
69 146164
69 146193
69 146212
69 146215
69 146230
69 146237
69 146245
69 146247
69 146250
69 146251
69 146253
69 146258
69 146259
69 146262
69 146263
69 146269
69 146279
69 146280
69 146291
69 146293
69 146295
69 146324
69 146348
69 146354
69 146356
69 146360
69 146371
69 146387
69 146388
69 146389
69 146392
69 146397
69 146411
69 146417
69 146418
69 146426
69 146428
69 146432
69 146447
69 146459
69 146471
69 146478
69 146481
69 146496
69 146498
69 146508
69 146510
69 146531
69 146532
69 146538
69 146541
69 146544
69 146550
69 146556
69 146557
69 146599
69 146613
69 146666
69 146678
69 146685
69 146687
69 146697
69 146701
69 146702
69 146720
69 146725
69 146729
69 146735
69 146737
69 146742
69 146750
69 146762
69 146769
69 146773
69 146781
69 146782
69 146783
69 146792
69 146798
69 146816
69 146828
69 146845
69 146847
69 146870
69 146883
69 146910
69 146915
69 146918
69 146922
69 146923
69 146940
69 146942
69 146945
69 146948
69 146954
69 146959
69 146968
69 146971
69 146975
69 146980
69 146983
69 146984
69 146987
69 146994
69 146998
69 147005
69 147011
69 147023
69 147035
69 147038
69 147049
69 147058
69 147069
69 147080
69 147101
69 147105
69 147107
69 147115
69 147123
69 147135
69 147137
69 147142
69 147147
69 147149
69 147170
69 147189
69 147190
69 147209
69 147229
69 147240
69 147242
69 147252
69 147257
69 147261
69 147270
69 147276
69 147277
69 147289
69 147314
69 147338
69 147340
69 147343
69 147351
69 147358
69 147368
69 147375
69 147383
69 147397
69 147401
69 147412
69 147414
69 147415
69 147418
69 147427
69 147432
69 147433
69 147444
69 147476
69 147478
69 147487
69 147488
69 147502
69 147521
69 147522
69 147528
69 147535
69 147542
69 147549
69 147555
69 147556
69 147561
69 147564
69 147577
69 147586
69 147598
69 147609
69 147610
69 147611
69 147613
69 147627
69 147634
69 147636
69 147643
69 147655
69 147660
69 147662
69 147667
69 147675
69 147689
69 147691
69 147692
69 147698
69 147710
69 147727
69 147729
69 147738
69 147751
69 147753
69 147762
69 147766
69 147768
69 147774
69 147779
69 147788
69 147807
69 147812
69 147830
69 147831
69 147833
69 147842
69 147843
69 147851
69 147854
69 147857
69 147874
69 147875
69 147876
69 147878
69 147895
69 147902
69 147904
69 147916
69 147928
69 147934
69 147936
69 147943
69 147944
69 147945
69 147956
69 147970
69 147983
69 147991
69 147996
69 147997
69 147998
69 148000
69 148004
69 148010
69 148018
69 148033
69 148043
69 148047
69 148053
69 148062
69 148073
69 148097
69 148111
69 148115
69 148118
69 148119
69 148121
69 148122
69 148124
69 148125
69 148131
69 148134
69 148145
69 148157
69 148159
69 148161
69 148168
69 148169
69 148173
69 148176
69 148187
69 148195
69 148197
69 148209
69 148211
69 148218
69 148229
69 148234
69 148242
69 148244
69 148255
69 148273
69 148285
69 148288
69 148296
69 148317
69 148320
69 148330
69 148357
69 148359
69 148368
69 148371
69 148372
69 148381
69 148384
69 148394
69 148395
69 148401
69 148411
69 148415
69 148433
69 148440
69 148446
69 148483
69 148485
69 148487
69 148510
69 148512
69 148518
69 148539
69 148542
69 148551
69 148566
69 148578
69 148581
69 148582
69 148584
69 148604
69 148606
69 148607
69 148618
69 148631
69 148634
69 148645
69 148649
69 148651
69 148691
69 148694
69 148707
69 148713
69 148716
69 148722
69 148727
69 148733
69 148740
69 148742
69 148753
69 148757
69 148763
69 148769
69 148776
69 148781
69 148793
69 148799
69 148820
69 148823
69 148838
69 148841
69 148846
69 148849
69 148885
69 148891
69 148892
69 148897
69 148905
69 148918
69 148920
69 148929
69 148930
69 148944
69 148946
69 148998
69 148999
69 149004
69 149005
69 149008
69 149010
69 149023
69 149029
69 149035
69 149048
69 149095
69 149100
69 149106
69 149109
69 149111
69 149121
69 149128
69 149132
69 149136
69 149142
69 149145
69 149155
69 149156
69 149157
69 149160
69 149172
69 149180
69 149191
69 149206
69 149215
69 149228
69 149233
69 149245
69 149247
69 149277
69 149292
69 149312
69 149321
69 149322
69 149332
69 149338
69 149341
69 149353
69 149358
69 149376
69 149377
69 149384
69 149401
69 149402
69 149405
69 149418
69 149445
69 149454
69 149460
69 149464
69 149480
69 149483
69 149497
69 149502
69 149512
69 149514
69 149531
69 149546
69 149551
69 149562
69 149567
69 149569
69 149575
69 149586
69 149594
69 149596
69 149603
69 149605
69 149609
69 149621
69 149629
69 149638
69 149647
69 149652
69 149654
69 149669
69 149671
69 149676
69 149685
69 149691
69 149703
69 149706
69 149725
69 149734
69 149738
69 149747
69 149756
69 149762
69 149764
69 149768
69 149773
69 149778
69 149785
69 149794
69 149807
69 149810
69 149812
69 149826
69 149831
69 149836
69 149846
69 149850
69 149853
69 149860
69 149863
69 149865
69 149891
69 149892
69 149901
69 149905
69 149907
69 149912
69 149914
69 149917
69 149918
69 149925
69 149934
69 149937
69 149942
69 149943
69 149953
69 149956
69 149960
69 149965
69 149968
69 149969
69 149976
69 149980
69 149989
69 149990
69 149992
69 149999
69 150010
69 150012
69 150021
69 150026
69 150027
69 150030
69 150038
69 150042
69 150048
69 150050
69 150058
69 150064
69 150068
69 150079
69 150084
69 150092
69 150096
69 150103
69 150105
69 150112
69 150125
69 150141
69 150143
69 150150
69 150163
69 150167
69 150176
69 150181
69 150192
69 150199
69 150201
69 150203
69 150206
69 150212
69 150216
69 150220
69 150242
69 150245
69 150256
69 150264
69 150270
69 150306
69 150316
69 150342
69 150348
69 150358
69 150367
69 150372
69 150373
69 150376
69 150382
69 150385
69 150388
69 150395
69 150408
69 150413
69 150418
69 150422
69 150425
69 150436
69 150441
69 150445
69 150450
69 150459
69 150461
69 150466
69 150467
69 150474
69 150478
69 150489
69 150504
69 150506
69 150512
69 150513
69 150516
69 150519
69 150524
69 150545
69 150567
69 150583
69 150585
69 150591
69 150598
69 150601
69 150605
69 150610
69 150611
69 150613
69 150635
69 150639
69 150644
69 150649
69 150655
69 150659
69 150673
69 150674
69 150676
69 150680
69 150689
69 150698
69 150703
69 150704
69 150708
69 150714
69 150737
69 150746
69 150749
69 150753
69 150764
69 150768
69 150771
69 150790
69 150795
69 150797
69 150799
69 150821
69 150822
69 150826
69 150838
69 150846
69 150852
69 150858
69 150860
69 150872
69 150887
69 150906
69 150909
69 150914
69 150920
69 150927
69 150935
69 150938
69 150946
69 150947
69 150956
69 150962
69 150969
69 150972
69 150991
69 151002
69 151004
69 151015
69 151023
69 151028
69 151045
69 151046
69 151049
69 151052
69 151054
69 151061
69 151063
69 151070
69 151075
69 151077
69 151079
69 151084
69 151085
69 151101
69 151136
69 151147
69 151151
69 151160
69 151175
69 151176
69 151184
69 151205
69 151212
69 151213
69 151220
69 151227
69 151229
69 151231
69 151236
69 151249
69 151270
69 151278
69 151291
69 151308
69 151313
69 151317
69 151331
69 151333
69 151344
69 151350
69 151374
69 151375
69 151378
69 151379
69 151381
69 151383
69 151385
69 151392
69 151402
69 151416
69 151422
69 151442
69 151444
69 151452
69 151481
69 151502
69 151515
69 151523
69 151525
69 151528
69 151529
69 151537
69 151541
69 151543
69 151545
69 151550
69 151581
69 151583
69 151588
69 151593
69 151600
69 151602
69 151613
69 151628
69 151638
69 151647
69 151648
69 151654
69 151665
69 151671
69 151672
69 151676
69 151677
69 151699
69 151701
69 151709
69 151717
69 151725
69 151737
69 151743
69 151761
69 151781
69 151782
69 151787
69 151798
69 151805
69 151812
69 151819
69 151832
69 151836
69 151838
69 151853
69 151856
69 151872
69 151874
69 151875
69 151877
69 151880
69 151897
69 151905
69 151917
69 151933
69 151939
69 151942
69 151945
69 151960
69 151965
69 152003
69 152009
69 152012
69 152015
69 152030
69 152035
69 152043
69 152047
69 152062
69 152073
69 152090
69 152094
69 152099
69 152101
69 152103
69 152108
69 152128
69 152129
69 152132
69 152143
69 152145
69 152161
69 152169
69 152188
69 152206
69 152207
69 152214
69 152215
69 152239
69 152240
69 152246
69 152247
69 152252
69 152268
69 152272
69 152274
69 152279
69 152284
69 152287
69 152290
69 152299
69 152309
69 152316
69 152323
69 152330
69 152334
69 152341
69 152353
69 152359
69 152360
69 152361
69 152366
69 152371
69 152383
69 152386
69 152389
69 152402
69 152410
69 152445
69 152448
69 152453
69 152458
69 152463
69 152469
69 152473
69 152475
69 152478
69 152489
69 152492
69 152500
69 152510
69 152514
69 152519
69 152522
69 152524
69 152525
69 152532
69 152536
69 152544
69 152545
69 152549
69 152550
69 152552
69 152564
69 152568
69 152587
69 152589
69 152598
69 152603
69 152604
69 152606
69 152615
69 152621
69 152634
69 152640
69 152654
69 152658
69 152665
69 152671
69 152673
69 152693
69 152702
69 152712
69 152713
69 152720
69 152737
69 152756
69 152764
69 152773
69 152774
69 152781
69 152785
69 152810
69 152812
69 152822
69 152825
69 152836
69 152852
69 152881
69 152882
69 152889
69 152909
69 152916
69 152936
69 152939
69 152942
69 152943
69 152954
69 152955
69 152973
69 152993
69 152995
69 153008
69 153019
69 153020
69 153024
69 153025
69 153028
69 153037
69 153041
69 153045
69 153046
69 153054
69 153074
69 153094
69 153109
69 153130
69 153134
69 153144
69 153148
69 153151
69 153158
69 153166
69 153177
69 153185
69 153196
69 153205
69 153214
69 153217
69 153221
69 153243
69 153246
69 153254
69 153256
69 153261
69 153273
69 153295
69 153297
69 153300
69 153302
69 153303
69 153308
69 153314
69 153315
69 153316
69 153319
69 153330
69 153334
69 153337
69 153346
69 153349
69 153361
69 153370
69 153395
69 153397
69 153399
69 153415
69 153417
69 153420
69 153426
69 153431
69 153437
69 153444
69 153446
69 153459
69 153462
69 153463
69 153474
69 153478
69 153484
69 153489
69 153501
69 153510
69 153512
69 153514
69 153518
69 153521
69 153528
69 153535
69 153536
69 153540
69 153542
69 153557
69 153558
69 153587
69 153591
69 153600
69 153604
69 153610
69 153624
69 153629
69 153630
69 153631
69 153632
69 153638
69 153639
69 153642
69 153657
69 153672
69 153678
69 153690
69 153699
69 153718
69 153738
69 153745
69 153752
69 153764
69 153767
69 153770
69 153774
69 153780
69 153802
69 153807
69 153817
69 153826
69 153830
69 153859
69 153863
69 153864
69 153865
69 153868
69 153874
69 153884
69 153903
69 153911
69 153913
69 153921
69 153922
69 153937
69 153946
69 153951
69 153968
69 153983
69 153999
69 154057
69 154060
69 154064
69 154070
69 154072
69 154074
69 154085
69 154086
69 154091
69 154102
69 154104
69 154150
69 154155
69 154158
69 154160
69 154177
69 154182
69 154192
69 154202
69 154204
69 154210
69 154213
69 154218
69 154223
69 154233
69 154237
69 154239
69 154240
69 154248
69 154249
69 154252
69 154269
69 154274
69 154279
69 154282
69 154284
69 154291
69 154297
69 154302
69 154307
69 154314
69 154326
69 154336
69 154344
69 154347
69 154352
69 154356
69 154359
69 154361
69 154396
69 154401
69 154407
69 154416
69 154417
69 154423
69 154431
69 154436
69 154439
69 154459
69 154460
69 154464
69 154477
69 154484
69 154486
69 154518
69 154523
69 154530
69 154550
69 154556
69 154563
69 154568
69 154569
69 154576
69 154585
69 154592
69 154613
69 154623
69 154627
69 154648
69 154659
69 154674
69 154677
69 154680
69 154687
69 154694
69 154713
69 154722
69 154726
69 154727
69 154733
69 154735
69 154747
69 154749
69 154758
69 154759
69 154764
69 154774
69 154777
69 154792
69 154794
69 154810
69 154816
69 154823
69 154843
69 154847
69 154848
69 154860
69 154862
69 154869
69 154872
69 154873
69 154880
69 154885
69 154902
69 154908
69 154919
69 154925
69 154935
69 154938
69 154948
69 154949
69 154950
69 154952
69 154954
69 154962
69 154985
69 154991
69 154996
69 155009
69 155010
69 155012
69 155036
69 155038
69 155043
69 155048
69 155051
69 155052
69 155069
69 155072
69 155075
69 155087
69 155088
69 155089
69 155092
69 155096
69 155109
69 155113
69 155121
69 155123
69 155124
69 155125
69 155128
69 155133
69 155146
69 155162
69 155178
69 155180
69 155181
69 155186
69 155198
69 155202
69 155205
69 155209
69 155241
69 155245
69 155246
69 155251
69 155257
69 155260
69 155261
69 155273
69 155286
69 155294
69 155297
69 155301
69 155316
69 155324
69 155329
69 155335
69 155337
69 155343
69 155363
69 155373
69 155380
69 155382
69 155386
69 155387
69 155388
69 155400
69 155407
69 155409
69 155418
69 155419
69 155422
69 155436
69 155437
69 155442
69 155451
69 155462
69 155477
69 155481
69 155483
69 155489
69 155490
69 155520
69 155529
69 155532
69 155541
69 155542
69 155546
69 155585
69 155589
69 155592
69 155606
69 155619
69 155621
69 155626
69 155627
69 155630
69 155638
69 155646
69 155649
69 155660
69 155663
69 155669
69 155697
69 155704
69 155735
69 155740
69 155750
69 155771
69 155777
69 155780
69 155782
69 155783
69 155802
69 155810
69 155813
69 155816
69 155838
69 155848
69 155849
69 155854
69 155859
69 155870
69 155874
69 155881
69 155890
69 155940
69 155955
69 155958
69 155967
69 155977
69 155978
69 155980
69 155981
69 155985
69 155992
69 156007
69 156013
69 156016
69 156019
69 156025
69 156045
69 156075
69 156099
69 156106
69 156109
69 156112
69 156126
69 156139
69 156142
69 156161
69 156200
69 156204
69 156209
69 156217
69 156224
69 156226
69 156229
69 156230
69 156232
69 156239
69 156250
69 156263
69 156265
69 156269
69 156272
69 156289
69 156294
69 156303
69 156305
69 156310
69 156319
69 156328
69 156335
69 156342
69 156352
69 156367
69 156368
69 156373
69 156381
69 156382
69 156387
69 156396
69 156403
69 156450
69 156458
69 156464
69 156484
69 156486
69 156500
69 156511
69 156512
69 156527
69 156545
69 156546
69 156551
69 156555
69 156576
69 156588
69 156604
69 156607
69 156611
69 156613
69 156624
69 156626
69 156641
69 156653
69 156661
69 156664
69 156674
69 156712
69 156716
69 156719
69 156724
69 156728
69 156753
69 156759
69 156762
69 156765
69 156766
69 156767
69 156791
69 156792
69 156809
69 156812
69 156826
69 156834
69 156838
69 156856
69 156859
69 156863
69 156868
69 156871
69 156872
69 156887
69 156888
69 156892
69 156894
69 156916
69 156921
69 156922
69 156941
69 156942
69 156947
69 156949
69 156955
69 156961
69 156972
69 156981
69 156983
69 156985
69 156992
69 156994
69 156996
69 156998
69 157003
69 157009
69 157013
69 157020
69 157035
69 157038
69 157050
69 157054
69 157056
69 157065
69 157066
69 157077
69 157080
69 157084
69 157085
69 157089
69 157094
69 157108
69 157112
69 157125
69 157129
69 157146
69 157166
69 157170
69 157175
69 157193
69 157195
69 157206
69 157209
69 157217
69 157220
69 157223
69 157231
69 157238
69 157242
69 157247
69 157248
69 157259
69 157261
69 157265
69 157269
69 157273
69 157277
69 157282
69 157288
69 157291
69 157293
69 157298
69 157307
69 157310
69 157331
69 157339
69 157340
69 157349
69 157355
69 157356
69 157363
69 157366
69 157367
69 157370
69 157375
69 157381
69 157388
69 157395
69 157399
69 157405
69 157406
69 157414
69 157423
69 157426
69 157429
69 157432
69 157439
69 157447
69 157448
69 157470
69 157479
69 157480
69 157481
69 157482
69 157486
69 157493
69 157497
69 157498
69 157515
69 157522
69 157523
69 157524
69 157543
69 157545
69 157553
69 157556
69 157562
69 157566
69 157567
69 157585
69 157589
69 157593
69 157608
69 157613
69 157616
69 157634
69 157643
69 157659
69 157667
69 157674
69 157675
69 157680
69 157693
69 157697
69 157709
69 157710
69 157712
69 157714
69 157722
69 157728
69 157737
69 157740
69 157743
69 157747
69 157760
69 157762
69 157773
69 157775
69 157779
69 157803
69 157816
69 157830
69 157831
69 157834
69 157838
69 157855
69 157862
69 157874
69 157879
69 157890
69 157891
69 157899
69 157909
69 157926
69 157951
69 157962
69 157982
69 157983
69 157985
69 157989
69 157992
69 157998
69 158001
69 158003
69 158013
69 158020
69 158025
69 158027
69 158032
69 158036
69 158043
69 158044
69 158057
69 158061
69 158062
69 158067
69 158069
69 158074
69 158086
69 158091
69 158094
69 158106
69 158114
69 158119
69 158129
69 158138
69 158148
69 158149
69 158151
69 158152
69 158158
69 158182
69 158183
69 158190
69 158201
69 158205
69 158207
69 158222
69 158224
69 158225
69 158227
69 158239
69 158259
69 158262
69 158266
69 158271
69 158279
69 158281
69 158290
69 158295
69 158303
69 158304
69 158308
69 158310
69 158313
69 158314
69 158322
69 158326
69 158327
69 158333
69 158346
69 158349
69 158353
69 158356
69 158361
69 158395
69 158404
69 158410
69 158416
69 158421
69 158424
69 158425
69 158429
69 158436
69 158449
69 158451
69 158456
69 158465
69 158514
69 158528
69 158534
69 158552
69 158555
69 158558
69 158568
69 158571
69 158590
69 158592
69 158602
69 158608
69 158616
69 158620
69 158621
69 158660
69 158662
69 158664
69 158674
69 158694
69 158705
69 158709
69 158713
69 158717
69 158722
69 158725
69 158729
69 158745
69 158767
69 158774
69 158776
69 158788
69 158798
69 158803
69 158807
69 158812
69 158834
69 158843
69 158848
69 158849
69 158851
69 158857
69 158860
69 158865
69 158877
69 158879
69 158881
69 158902
69 158904
69 158909
69 158914
69 158915
69 158920
69 158924
69 158930
69 158932
69 158935
69 158946
69 158971
69 158982
69 158983
69 158989
69 158995
69 158996
69 159022
69 159024
69 159030
69 159031
69 159047
69 159051
69 159052
69 159054
69 159059
69 159064
69 159091
69 159092
69 159099
69 159111
69 159112
69 159113
69 159116
69 159118
69 159134
69 159146
69 159155
69 159158
69 159185
69 159187
69 159218
69 159222
69 159237
69 159239
69 159243
69 159244
69 159251
69 159253
69 159257
69 159260
69 159272
69 159283
69 159293
69 159300
69 159302
69 159307
69 159320
69 159334
69 159340
69 159345
69 159347
69 159373
69 159381
69 159382
69 159384
69 159386
69 159388
69 159397
69 159405
69 159411
69 159415
69 159420
69 159430
69 159440
69 159450
69 159456
69 159457
69 159467
69 159469
69 159475
69 159476
69 159481
69 159482
69 159493
69 159515
69 159533
69 159547
69 159550
69 159551
69 159557
69 159565
69 159568
69 159579
69 159587
69 159589
69 159590
69 159598
69 159600
69 159603
69 159604
69 159619
69 159626
69 159629
69 159638
69 159641
69 159653
69 159662
69 159665
69 159676
69 159684
69 159685
69 159687
69 159691
69 159703
69 159709
69 159742
69 159743
69 159753
69 159765
69 159778
69 159789
69 159791
69 159804
69 159817
69 159818
69 159833
69 159835
69 159848
69 159873
69 159882
69 159892
69 159894
69 159902
69 159903
69 159907
69 159910
69 159911
69 159919
69 159928
69 159932
69 159936
69 159939
69 159944
69 159977
69 159978
69 159990
69 159991
69 159998
69 160001
69 160007
69 160010
69 160016
69 160019
69 160055
69 160058
69 160060
69 160069
69 160087
69 160095
69 160104
69 160119
69 160123
69 160129
69 160135
69 160138
69 160176
69 160183
69 160187
69 160198
69 160206
69 160208
69 160209
69 160213
69 160223
69 160225
69 160232
69 160265
69 160267
69 160273
69 160285
69 160286
69 160287
69 160288
69 160293
69 160298
69 160316
69 160341
69 160351
69 160360
69 160365
69 160367
69 160385
69 160396
69 160404
69 160411
69 160415
69 160417
69 160421
69 160428
69 160431
69 160447
69 160463
69 160464
69 160469
69 160475
69 160484
69 160519
69 160523
69 160524
69 160529
69 160538
69 160541
69 160547
69 160561
69 160568
69 160589
69 160601
69 160607
69 160610
69 160611
69 160624
69 160631
69 160636
69 160642
69 160644
69 160648
69 160655
69 160660
69 160672
69 160679
69 160683
69 160713
69 160714
69 160723
69 160724
69 160725
69 160732
69 160735
69 160738
69 160756
69 160764
69 160768
69 160769
69 160775
69 160787
69 160790
69 160806
69 160809
69 160820
69 160821
69 160825
69 160828
69 160851
69 160853
69 160858
69 160868
69 160870
69 160881
69 160888
69 160901
69 160914
69 160920
69 160924
69 160930
69 160932
69 160937
69 160938
69 160941
69 160942
69 160953
69 160975
69 160984
69 160994
69 160995
69 161001
69 161010
69 161024
69 161042
69 161049
69 161050
69 161053
69 161056
69 161057
69 161060
69 161062
69 161065
69 161087
69 161089
69 161092
69 161094
69 161099
69 161120
69 161130
69 161136
69 161160
69 161174
69 161177
69 161206
69 161216
69 161219
69 161220
69 161231
69 161246
69 161249
69 161251
69 161261
69 161287
69 161289
69 161298
69 161305
69 161314
69 161319
69 161343
69 161345
69 161351
69 161354
69 161363
69 161370
69 161373
69 161380
69 161390
69 161403
69 161404
69 161407
69 161417
69 161429
69 161444
69 161447
69 161458
69 161464
69 161469
69 161470
69 161471
69 161473
69 161482
69 161485
69 161494
69 161495
69 161499
69 161507
69 161517
69 161518
69 161533
69 161540
69 161542
69 161551
69 161565
69 161566
69 161577
69 161596
69 161606
69 161611
69 161637
69 161642
69 161684
69 161688
69 161708
69 161724
69 161725
69 161736
69 161761
69 161773
69 161778
69 161785
69 161790
69 161815
69 161816
69 161821
69 161828
69 161831
69 161835
69 161840
69 161844
69 161845
69 161851
69 161872
69 161881
69 161885
69 161890
69 161893
69 161906
69 161923
69 161926
69 161936
69 161937
69 161951
69 161955
69 161964
69 161966
69 161972
69 161974
69 161980
69 161984
69 161985
69 162002
69 162021
69 162023
69 162033
69 162040
69 162042
69 162047
69 162049
69 162067
69 162075
69 162079
69 162091
69 162094
69 162113
69 162116
69 162119
69 162126
69 162135
69 162148
69 162154
69 162156
69 162169
69 162174
69 162177
69 162183
69 162215
69 162216
69 162228
69 162237
69 162251
69 162252
69 162269
69 162270
69 162280
69 162283
69 162291
69 162301
69 162307
69 162308
69 162309
69 162315
69 162323
69 162349
69 162350
69 162357
69 162362
69 162369
69 162382
69 162386
69 162387
69 162392
69 162399
69 162402
69 162409
69 162443
69 162446
69 162452
69 162470
69 162473
69 162476
69 162477
69 162495
69 162502
69 162505
69 162513
69 162515
69 162540
69 162547
69 162559
69 162593
69 162606
69 162612
69 162624
69 162639
69 162643
69 162651
69 162655
69 162656
69 162663
69 162681
69 162686
69 162700
69 162719
69 162720
69 162749
69 162750
69 162752
69 162759
69 162770
69 162775
69 162780
69 162781
69 162812
69 162819
69 162820
69 162821
69 162825
69 162832
69 162842
69 162854
69 162855
69 162868
69 162870
69 162875
69 162878
69 162881
69 162884
69 162888
69 162899
69 162900
69 162915
69 162921
69 162927
69 162930
69 162931
69 162937
69 162939
69 162947
69 162972
69 162984
69 162987
69 162989
69 162995
69 162996
69 163002
69 163003
69 163014
69 163023
69 163029
69 163037
69 163038
69 163055
69 163075
69 163083
69 163114
69 163119
69 163122
69 163128
69 163132
69 163139
69 163142
69 163158
69 163162
69 163169
69 163174
69 163188
69 163203
69 163204
69 163206
69 163210
69 163211
69 163242
69 163254
69 163256
69 163269
69 163291
69 163309
69 163314
69 163330
69 163337
69 163342
69 163356
69 163359
69 163369
69 163397
69 163408
69 163420
69 163439
69 163440
69 163451
69 163452
69 163459
69 163460
69 163478
69 163485
69 163494
69 163507
69 163538
69 163541
69 163551
69 163552
69 163567
69 163577
69 163607
69 163612
69 163620
69 163624
69 163630
69 163633
69 163643
69 163666
69 163668
69 163674
69 163677
69 163678
69 163681
69 163695
69 163696
69 163710
69 163711
69 163722
69 163727
69 163734
69 163738
69 163744
69 163770
69 163777
69 163780
69 163787
69 163795
69 163803
69 163809
69 163811
69 163825
69 163829
69 163832
69 163841
69 163846
69 163849
69 163883
69 163916
69 163926
69 163942
69 163949
69 163953
69 163955
69 163957
69 163969
69 163980
69 164019
69 164037
69 164040
69 164051
69 164052
69 164061
69 164067
69 164091
69 164097
69 164105
69 164115
69 164117
69 164145
69 164158
69 164166
69 164169
69 164179
69 164213
69 164220
69 164224
69 164225
69 164228
69 164238
69 164245
69 164252
69 164265
69 164271
69 164272
69 164278
69 164282
69 164283
69 164285
69 164296
69 164308
69 164310
69 164311
69 164330
69 164350
69 164352
69 164356
69 164364
69 164370
69 164391
69 164398
69 164405
69 164427
69 164439
69 164476
69 164477
69 164486
69 164488
69 164500
69 164509
69 164542
69 164553
69 164569
69 164570
69 164576
69 164577
69 164580
69 164582
69 164584
69 164592
69 164598
69 164599
69 164625
69 164641
69 164645
69 164663
69 164677
69 164681
69 164702
69 164707
69 164731
69 164736
69 164748
69 164749
69 164766
69 164781
69 164782
69 164784
69 164809
69 164812
69 164815
69 164819
69 164824
69 164829
69 164834
69 164836
69 164838
69 164856
69 164861
69 164867
69 164873
69 164875
69 164883
69 164884
69 164905
69 164915
69 164921
69 164925
69 164928
69 164934
69 164936
69 164949
69 164955
69 164978
69 164986
69 164992
69 164993
69 164994
69 164997
69 165006
69 165017
69 165027
69 165031
69 165040
69 165049
69 165065
69 165076
69 165079
69 165099
69 165106
69 165111
69 165121
69 165134
69 165139
69 165163
69 165169
69 165196
69 165200
69 165205
69 165208
69 165209
69 165222
69 165225
69 165227
69 165241
69 165267
69 165275
69 165279
69 165284
69 165306
69 165311
69 165324
69 165333
69 165341
69 165343
69 165353
69 165355
69 165367
69 165368
69 165370
69 165375
69 165391
69 165393
69 165397
69 165417
69 165427
69 165430
69 165431
69 165443
69 165446
69 165453
69 165475
69 165478
69 165483
69 165495
69 165499
69 165507
69 165517
69 165533
69 165540
69 165549
69 165558
69 165565
69 165586
69 165588
69 165590
69 165612
69 165617
69 165623
69 165625
69 165641
69 165670
69 165683
69 165689
69 165690
69 165695
69 165720
69 165726
69 165745
69 165747
69 165756
69 165759
69 165766
69 165801
69 165805
69 165817
69 165828
69 165856
69 165862
69 165866
69 165874
69 165893
69 165894
69 165896
69 165901
69 165904
69 165907
69 165916
69 165922
69 165924
69 165933
69 165956
69 165975
69 165978
69 165979
69 165992
69 166008
69 166009
69 166029
69 166034
69 166039
69 166043
69 166050
69 166056
69 166062
69 166064
69 166069
69 166075
69 166077
69 166093
69 166100
69 166102
69 166113
69 166120
69 166132
69 166134
69 166138
69 166142
69 166146
69 166169
69 166177
69 166179
69 166181
69 166182
69 166183
69 166191
69 166200
69 166212
69 166233
69 166240
69 166241
69 166250
69 166262
69 166264
69 166279
69 166292
69 166331
69 166336
69 166337
69 166339
69 166342
69 166343
69 166351
69 166362
69 166368
69 166374
69 166375
69 166379
69 166384
69 166389
69 166394
69 166424
69 166429
69 166450
69 166460
69 166465
69 166474
69 166478
69 166480
69 166482
69 166485
69 166486
69 166488
69 166491
69 166512
69 166531
69 166535
69 166536
69 166569
69 166579
69 166582
69 166584
69 166588
69 166604
69 166610
69 166615
69 166638
69 166643
69 166646
69 166651
69 166665
69 166666
69 166672
69 166677
69 166684
69 166690
69 166697
69 166712
69 166718
69 166724
69 166753
69 166755
69 166759
69 166774
69 166783
69 166807
69 166814
69 166815
69 166834
69 166858
69 166863
69 166866
69 166868
69 166875
69 166880
69 166882
69 166884
69 166897
69 166907
69 166911
69 166912
69 166916
69 166921
69 166922
69 166925
69 166926
69 166929
69 166938
69 166939
69 166942
69 166943
69 166947
69 166949
69 166950
69 166971
69 166978
69 166987
69 166990
69 166992
69 167001
69 167004
69 167007
69 167008
69 167013
69 167018
69 167023
69 167028
69 167030
69 167047
69 167052
69 167060
69 167062
69 167065
69 167069
69 167071
69 167076
69 167086
69 167093
69 167101
69 167111
69 167114
69 167116
69 167117
69 167133
69 167140
69 167143
69 167144
69 167148
69 167156
69 167168
69 167179
69 167188
69 167194
69 167208
69 167219
69 167238
69 167239
69 167243
69 167254
69 167266
69 167267
69 167292
69 167293
69 167295
69 167307
69 167321
69 167328
69 167332
69 167333
69 167335
69 167342
69 167345
69 167366
69 167374
69 167386
69 167392
69 167394
69 167410
69 167412
69 167415
69 167426
69 167439
69 167449
69 167476
69 167479
69 167484
69 167503
69 167507
69 167520
69 167530
69 167541
69 167543
69 167550
69 167578
69 167581
69 167588
69 167597
69 167608
69 167617
69 167623
69 167654
69 167659
69 167660
69 167681
69 167683
69 167685
69 167697
69 167714
69 167716
69 167722
69 167728
69 167732
69 167733
69 167736
69 167743
69 167761
69 167765
69 167768
69 167774
69 167775
69 167780
69 167784
69 167795
69 167807
69 167811
69 167816
69 167823
69 167859
69 167861
69 167863
69 167872
69 167874
69 167878
69 167886
69 167899
69 167902
69 167907
69 167908
69 167914
69 167920
69 167922
69 167925
69 167928
69 167930
69 167932
69 167958
69 167962
69 167979
69 167987
69 167997
69 167998
69 168000
69 168010
69 168035
69 168037
69 168039
69 168053
69 168061
69 168072
69 168083
69 168084
69 168098
69 168100
69 168105
69 168110
69 168116
69 168117
69 168119
69 168123
69 168124
69 168141
69 168158
69 168165
69 168170
69 168172
69 168173
69 168183
69 168185
69 168195
69 168201
69 168202
69 168204
69 168210
69 168211
69 168216
69 168220
69 168224
69 168229
69 168241
69 168243
69 168259
69 168265
69 168269
69 168287
69 168303
69 168316
69 168320
69 168323
69 168329
69 168331
69 168334
69 168335
69 168344
69 168349
69 168353
69 168356
69 168364
69 168368
69 168369
69 168373
69 168379
69 168387
69 168416
69 168425
69 168441
69 168461
69 168465
69 168478
69 168490
69 168494
69 168499
69 168506
69 168527
69 168530
69 168535
69 168536
69 168560
69 168564
69 168578
69 168589
69 168592
69 168594
69 168598
69 168610
69 168617
69 168628
69 168634
69 168650
69 168654
69 168656
69 168659
69 168661
69 168663
69 168669
69 168679
69 168682
69 168687
69 168707
69 168724
69 168733
69 168766
69 168767
69 168775
69 168776
69 168792
69 168826
69 168830
69 168833
69 168838
69 168848
69 168852
69 168865
69 168871
69 168874
69 168877
69 168897
69 168899
69 168912
69 168913
69 168916
69 168928
69 168942
69 168943
69 168952
69 168960
69 168962
69 168976
69 168988
69 168996
69 169002
69 169004
69 169008
69 169009
69 169018
69 169023
69 169024
69 169043
69 169067
69 169070
69 169084
69 169091
69 169094
69 169101
69 169109
69 169117
69 169120
69 169123
69 169127
69 169144
69 169146
69 169164
69 169166
69 169167
69 169172
69 169179
69 169185
69 169188
69 169192
69 169195
69 169201
69 169212
69 169213
69 169234
69 169241
69 169256
69 169263
69 169266
69 169279
69 169286
69 169292
69 169294
69 169295
69 169306
69 169314
69 169322
69 169326
69 169354
69 169363
69 169369
69 169378
69 169383
69 169384
69 169390
69 169392
69 169399
69 169402
69 169409
69 169421
69 169436
69 169441
69 169446
69 169448
69 169458
69 169467
69 169482
69 169500
69 169504
69 169519
69 169523
69 169527
69 169528
69 169535
69 169540
69 169549
69 169559
69 169560
69 169569
69 169571
69 169574
69 169591
69 169613
69 169614
69 169620
69 169641
69 169649
69 169653
69 169675
69 169679
69 169686
69 169697
69 169703
69 169705
69 169718
69 169719
69 169736
69 169739
69 169741
69 169760
69 169764
69 169777
69 169785
69 169791
69 169799
69 169811
69 169822
69 169854
69 169859
69 169876
69 169890
69 169897
69 169903
69 169907
69 169912
69 169914
69 169934
69 169935
69 169940
69 169941
69 169945
69 169947
69 169957
69 169972
69 169973
69 169986
69 170007
69 170021
69 170022
69 170024
69 170028
69 170029
69 170072
69 170075
69 170099
69 170101
69 170114
69 170116
69 170121
69 170125
69 170131
69 170138
69 170144
69 170150
69 170178
69 170184
69 170191
69 170200
69 170218
69 170226
69 170231
69 170236
69 170242
69 170267
69 170268
69 170269
69 170278
69 170285
69 170286
69 170288
69 170303
69 170371
69 170383
69 170393
69 170397
69 170403
69 170406
69 170417
69 170425
69 170428
69 170459
69 170467
69 170470
69 170473
69 170480
69 170483
69 170503
69 170574
69 170582
69 170592
69 170593
69 170604
69 170609
69 170628
69 170654
69 170668
69 170670
69 170677
69 170678
69 170689
69 170695
69 170700
69 170705
69 170714
69 170721
69 170722
69 170725
69 170726
69 170733
69 170756
69 170760
69 170764
69 170768
69 170780
69 170789
69 170801
69 170812
69 170813
69 170821
69 170832
69 170839
69 170847
69 170897
69 170902
69 170909
69 170915
69 170928
69 170932
69 170942
69 170952
69 170961
69 170962
69 170969
69 170970
69 170979
69 170980
69 170983
69 170984
69 171002
69 171005
69 171014
69 171017
69 171020
69 171026
69 171033
69 171045
69 171048
69 171051
69 171068
69 171090
69 171091
69 171095
69 171097
69 171105
69 171115
69 171145
69 171146
69 171178
69 171185
69 171201
69 171204
69 171209
69 171210
69 171215
69 171221
69 171227
69 171244
69 171250
69 171254
69 171262
69 171271
69 171276
69 171278
69 171283
69 171287
69 171289
69 171292
69 171300
69 171303
69 171319
69 171344
69 171348
69 171351
69 171355
69 171362
69 171370
69 171387
69 171396
69 171398
69 171407
69 171414
69 171418
69 171428
69 171429
69 171431
69 171438
69 171440
69 171441
69 171445
69 171457
69 171465
69 171468
69 171472
69 171478
69 171484
69 171501
69 171504
69 171508
69 171511
69 171521
69 171527
69 171577
69 171578
69 171585
69 171587
69 171588
69 171589
69 171595
69 171619
69 171622
69 171651
69 171657
69 171659
69 171669
69 171673
69 171680
69 171681
69 171684
69 171686
69 171687
69 171703
69 171714
69 171727
69 171729
69 171737
69 171738
69 171751
69 171762
69 171782
69 171792
69 171796
69 171798
69 171799
69 171806
69 171819
69 171821
69 171834
69 171837
69 171838
69 171840
69 171841
69 171858
69 171869
69 171893
69 171903
69 171911
69 171926
69 171929
69 171934
69 171955
69 171961
69 171976
69 171984
69 171986
69 172012
69 172014
69 172024
69 172025
69 172027
69 172029
69 172032
69 172038
69 172044
69 172045
69 172055
69 172058
69 172064
69 172070
69 172079
69 172087
69 172093
69 172097
69 172107
69 172110
69 172118
69 172119
69 172155
69 172156
69 172157
69 172162
69 172173
69 172176
69 172182
69 172190
69 172206
69 172213
69 172226
69 172232
69 172235
69 172247
69 172258
69 172268
69 172269
69 172278
69 172282
69 172284
69 172291
69 172300
69 172301
69 172305
69 172307
69 172318
69 172323
69 172332
69 172340
69 172343
69 172348
69 172359
69 172364
69 172367
69 172372
69 172383
69 172387
69 172390
69 172394
69 172411
69 172414
69 172426
69 172427
69 172444
69 172458
69 172463
69 172465
69 172468
69 172495
69 172509
69 172519
69 172523
69 172547
69 172555
69 172562
69 172581
69 172583
69 172596
69 172600
69 172602
69 172607
69 172614
69 172616
69 172619
69 172626
69 172633
69 172651
69 172656
69 172658
69 172666
69 172672
69 172673
69 172683
69 172684
69 172687
69 172691
69 172694
69 172699
69 172710
69 172714
69 172722
69 172740
69 172745
69 172746
69 172748
69 172750
69 172759
69 172761
69 172772
69 172777
69 172785
69 172787
69 172790
69 172797
69 172798
69 172799
69 172805
69 172806
69 172820
69 172824
69 172827
69 172843
69 172847
69 172852
69 172856
69 172859
69 172862
69 172864
69 172872
69 172876
69 172878
69 172881
69 172882
69 172893
69 172897
69 172898
69 172902
69 172913
69 172923
69 172925
69 172929
69 172955
69 172956
69 172970
69 172971
69 172973
69 172984
69 172987
69 172988
69 173007
69 173017
69 173041
69 173050
69 173054
69 173056
69 173067
69 173075
69 173079
69 173083
69 173084
69 173091
69 173098
69 173110
69 173115
69 173126
69 173135
69 173138
69 173147
69 173151
69 173161
69 173165
69 173168
69 173181
69 173189
69 173194
69 173204
69 173210
69 173215
69 173217
69 173218
69 173225
69 173228
69 173245
69 173254
69 173265
69 173274
69 173278
69 173284
69 173299
69 173301
69 173316
69 173321
69 173328
69 173333
69 173350
69 173367
69 173375
69 173376
69 173378
69 173379
69 173386
69 173393
69 173407
69 173414
69 173415
69 173416
69 173429
69 173469
69 173481
69 173482
69 173489
69 173504
69 173510
69 173516
69 173519
69 173521
69 173524
69 173532
69 173536
69 173546
69 173548
69 173550
69 173551
69 173565
69 173572
69 173575
69 173578
69 173580
69 173581
69 173591
69 173594
69 173606
69 173610
69 173618
69 173626
69 173630
69 173640
69 173643
69 173645
69 173667
69 173673
69 173677
69 173678
69 173679
69 173685
69 173690
69 173692
69 173699
69 173707
69 173708
69 173711
69 173713
69 173722
69 173724
69 173731
69 173752
69 173758
69 173780
69 173796
69 173801
69 173802
69 173822
69 173826
69 173827
69 173834
69 173835
69 173844
69 173845
69 173847
69 173850
69 173853
69 173854
69 173864
69 173871
69 173877
69 173882
69 173886
69 173907
69 173911
69 173929
69 173931
69 173933
69 173934
69 173936
69 173938
69 173939
69 173944
69 173945
69 173954
69 173958
69 173965
69 173966
69 173973
69 173976
69 173983
69 173989
69 173997
69 173999
69 174007
69 174012
69 174021
69 174023
69 174024
69 174027
69 174030
69 174031
69 174041
69 174042
69 174060
69 174064
69 174066
69 174071
69 174095
69 174115
69 174117
69 174122
69 174124
69 174127
69 174136
69 174142
69 174143
69 174147
69 174149
69 174150
69 174158
69 174162
69 174168
69 174179
69 174191
69 174196
69 174213
69 174217
69 174224
69 174238
69 174241
69 174245
69 174268
69 174273
69 174275
69 174290
69 174295
69 174306
69 174313
69 174319
69 174320
69 174322
69 174327
69 174330
69 174334
69 174336
69 174338
69 174339
69 174347
69 174348
69 174370
69 174375
69 174381
69 174393
69 174394
69 174428
69 174433
69 174434
69 174439
69 174448
69 174453
69 174469
69 174491
69 174498
69 174540
69 174542
69 174543
69 174566
69 174571
69 174572
69 174575
69 174582
69 174586
69 174596
69 174608
69 174609
69 174620
69 174634
69 174638
69 174642
69 174643
69 174649
69 174652
69 174655
69 174658
69 174665
69 174667
69 174687
69 174697
69 174699
69 174703
69 174705
69 174712
69 174724
69 174728
69 174730
69 174756
69 174758
69 174759
69 174762
69 174764
69 174767
69 174775
69 174782
69 174810
69 174811
69 174826
69 174831
69 174839
69 174844
69 174847
69 174857
69 174858
69 174866
69 174868
69 174905
69 174907
69 174917
69 174919
69 174921
69 174923
69 174926
69 174927
69 174929
69 174934
69 174937
69 174941
69 174945
69 174948
69 174959
69 174963
69 174964
69 174986
69 174989
69 174993
69 174996
69 174999
69 175004
69 175013
69 175022
69 175027
69 175044
69 175049
69 175055
69 175058
69 175065
69 175070
69 175076
69 175077
69 175087
69 175091
69 175099
69 175101
69 175108
69 175111
69 175122
69 175127
69 175128
69 175130
69 175131
69 175132
69 175136
69 175140
69 175148
69 175149
69 175165
69 175169
69 175178
69 175180
69 175199
69 175201
69 175208
69 175212
69 175215
69 175223
69 175255
69 175280
69 175284
69 175296
69 175302
69 175303
69 175306
69 175327
69 175330
69 175342
69 175347
69 175349
69 175353
69 175357
69 175358
69 175360
69 175368
69 175371
69 175375
69 175395
69 175410
69 175414
69 175418
69 175421
69 175426
69 175428
69 175437
69 175441
69 175461
69 175465
69 175476
69 175492
69 175513
69 175524
69 175533
69 175535
69 175571
69 175578
69 175580
69 175595
69 175608
69 175610
69 175618
69 175637
69 175645
69 175653
69 175657
69 175661
69 175662
69 175674
69 175678
69 175687
69 175693
69 175694
69 175696
69 175704
69 175709
69 175713
69 175723
69 175725
69 175741
69 175744
69 175750
69 175753
69 175757
69 175758
69 175764
69 175765
69 175770
69 175789
69 175799
69 175811
69 175814
69 175864
69 175867
69 175890
69 175902
69 175905
69 175919
69 175924
69 175926
69 175941
69 175943
69 175945
69 175949
69 175950
69 175955
69 175963
69 175977
69 175985
69 175988
69 175990
69 176010
69 176017
69 176040
69 176045
69 176066
69 176072
69 176074
69 176081
69 176082
69 176084
69 176094
69 176113
69 176116
69 176117
69 176148
69 176151
69 176161
69 176164
69 176180
69 176183
69 176205
69 176213
69 176222
69 176240
69 176242
69 176257
69 176270
69 176271
69 176276
69 176279
69 176280
69 176283
69 176287
69 176293
69 176294
69 176316
69 176329
69 176337
69 176344
69 176358
69 176364
69 176367
69 176373
69 176377
69 176379
69 176387
69 176401
69 176402
69 176405
69 176410
69 176422
69 176453
69 176471
69 176479
69 176483
69 176494
69 176504
69 176516
69 176525
69 176535
69 176540
69 176553
69 176569
69 176575
69 176594
69 176599
69 176601
69 176611
69 176615
69 176616
69 176639
69 176648
69 176649
69 176653
69 176660
69 176663
69 176668
69 176669
69 176671
69 176672
69 176691
69 176695
69 176704
69 176706
69 176711
69 176719
69 176722
69 176724
69 176740
69 176741
69 176743
69 176748
69 176750
69 176751
69 176754
69 176763
69 176766
69 176778
69 176783
69 176786
69 176788
69 176805
69 176814
69 176830
69 176837
69 176840
69 176841
69 176848
69 176856
69 176857
69 176867
69 176873
69 176877
69 176881
69 176883
69 176885
69 176897
69 176903
69 176906
69 176915
69 176923
69 176933
69 176950
69 176955
69 176956
69 176958
69 176971
69 176976
69 176985
69 176991
69 176993
69 177004
69 177012
69 177014
69 177019
69 177027
69 177031
69 177039
69 177040
69 177050
69 177059
69 177072
69 177078
69 177088
69 177092
69 177105
69 177127
69 177130
69 177138
69 177139
69 177149
69 177150
69 177153
69 177161
69 177169
69 177173
69 177175
69 177178
69 177190
69 177191
69 177205
69 177218
69 177222
69 177237
69 177246
69 177259
69 177264
69 177268
69 177276
69 177277
69 177278
69 177284
69 177285
69 177287
69 177297
69 177303
69 177316
69 177318
69 177320
69 177324
69 177330
69 177335
69 177351
69 177359
69 177390
69 177392
69 177418
69 177421
69 177430
69 177431
69 177436
69 177437
69 177466
69 177473
69 177487
69 177493
69 177518
69 177533
69 177537
69 177542
69 177548
69 177549
69 177558
69 177564
69 177565
69 177572
69 177576
69 177588
69 177589
69 177590
69 177613
69 177626
69 177633
69 177642
69 177654
69 177658
69 177666
69 177675
69 177689
69 177706
69 177708
69 177710
69 177711
69 177720
69 177721
69 177728
69 177748
69 177756
69 177761
69 177764
69 177765
69 177774
69 177787
69 177795
69 177796
69 177800
69 177812
69 177813
69 177827
69 177831
69 177833
69 177851
69 177857
69 177863
69 177866
69 177893
69 177910
69 177918
69 177923
69 177928
69 177930
69 177936
69 177945
69 177962
69 177980
69 177981
69 178000
69 178024
69 178025
69 178032
69 178038
69 178042
69 178047
69 178049
69 178057
69 178063
69 178069
69 178072
69 178089
69 178090
69 178097
69 178122
69 178129
69 178146
69 178149
69 178172
69 178176
69 178184
69 178190
69 178208
69 178218
69 178219
69 178225
69 178229
69 178238
69 178240
69 178243
69 178262
69 178276
69 178280
69 178281
69 178284
69 178285
69 178287
69 178288
69 178293
69 178296
69 178305
69 178325
69 178327
69 178330
69 178339
69 178344
69 178351
69 178358
69 178361
69 178374
69 178381
69 178383
69 178388
69 178391
69 178396
69 178407
69 178416
69 178422
69 178423
69 178426
69 178431
69 178446
69 178448
69 178462
69 178463
69 178469
69 178471
69 178474
69 178475
69 178482
69 178484
69 178494
69 178506
69 178508
69 178516
69 178526
69 178527
69 178532
69 178541
69 178559
69 178568
69 178571
69 178572
69 178579
69 178586
69 178599
69 178605
69 178636
69 178638
69 178653
69 178656
69 178659
69 178660
69 178664
69 178668
69 178670
69 178671
69 178689
69 178706
69 178734
69 178748
69 178761
69 178766
69 178775
69 178783
69 178786
69 178798
69 178816
69 178821
69 178851
69 178858
69 178865
69 178869
69 178877
69 178883
69 178886
69 178891
69 178895
69 178911
69 178917
69 178923
69 178924
69 178930
69 178934
69 178936
69 178940
69 178951
69 178959
69 178971
69 178974
69 178977
69 178978
69 178981
69 178984
69 178987
69 178999
69 179000
69 179002
69 179010
69 179019
69 179023
69 179042
69 179047
69 179049
69 179057
69 179067
69 179071
69 179103
69 179108
69 179126
69 179134
69 179142
69 179159
69 179162
69 179163
69 179166
69 179174
69 179178
69 179183
69 179185
69 179192
69 179201
69 179208
69 179213
69 179216
69 179217
69 179218
69 179219
69 179223
69 179225
69 179233
69 179238
69 179258
69 179259
69 179260
69 179268
69 179270
69 179283
69 179291
69 179317
69 179336
69 179344
69 179350
69 179353
69 179359
69 179362
69 179374
69 179377
69 179379
69 179395
69 179398
69 179402
69 179405
69 179406
69 179412
69 179427
69 179429
69 179430
69 179443
69 179454
69 179455
69 179468
69 179470
69 179480
69 179487
69 179493
69 179498
69 179500
69 179502
69 179508
69 179513
69 179528
69 179534
69 179549
69 179578
69 179591
69 179601
69 179606
69 179616
69 179637
69 179638
69 179641
69 179642
69 179647
69 179653
69 179686
69 179696
69 179701
69 179711
69 179716
69 179717
69 179742
69 179743
69 179761
69 179776
69 179779
69 179789
69 179792
69 179797
69 179798
69 179809
69 179822
69 179827
69 179833
69 179845
69 179847
69 179853
69 179863
69 179864
69 179871
69 179880
69 179884
69 179887
69 179889
69 179923
69 179931
69 179947
69 179950
69 179963
69 179969
69 179972
69 179977
69 179979
69 179982
69 179984
69 179985
69 179991
69 180004
69 180005
69 180010
69 180011
69 180014
69 180029
69 180045
69 180049
69 180062
69 180076
69 180080
69 180086
69 180087
69 180091
69 180093
69 180095
69 180096
69 180099
69 180107
69 180116
69 180117
69 180136
69 180154
69 180176
69 180179
69 180195
69 180196
69 180207
69 180216
69 180220
69 180231
69 180240
69 180242
69 180243
69 180246
69 180249
69 180312
69 180320
69 180323
69 180325
69 180327
69 180342
69 180344
69 180346
69 180359
69 180360
69 180377
69 180378
69 180381
69 180395
69 180419
69 180420
69 180439
69 180447
69 180449
69 180456
69 180458
69 180468
69 180485
69 180488
69 180498
69 180506
69 180513
69 180519
69 180529
69 180535
69 180551
69 180558
69 180563
69 180606
69 180613
69 180621
69 180625
69 180633
69 180636
69 180643
69 180644
69 180646
69 180665
69 180667
69 180672
69 180681
69 180687
69 180693
69 180702
69 180703
69 180724
69 180728
69 180745
69 180757
69 180758
69 180760
69 180762
69 180779
69 180807
69 180809
69 180821
69 180829
69 180830
69 180838
69 180840
69 180844
69 180855
69 180861
69 180869
69 180872
69 180874
69 180876
69 180879
69 180880
69 180884
69 180911
69 180924
69 180927
69 180933
69 180936
69 180945
69 180958
69 180973
69 180983
69 181019
69 181030
69 181031
69 181044
69 181076
69 181079
69 181090
69 181097
69 181106
69 181109
69 181111
69 181146
69 181152
69 181154
69 181164
69 181167
69 181170
69 181175
69 181186
69 181189
69 181194
69 181198
69 181219
69 181243
69 181258
69 181261
69 181270
69 181272
69 181278
69 181285
69 181290
69 181301
69 181303
69 181313
69 181314
69 181330
69 181336
69 181341
69 181372
69 181384
69 181387
69 181399
69 181405
69 181409
69 181413
69 181421
69 181433
69 181456
69 181457
69 181466
69 181481
69 181484
69 181490
69 181494
69 181498
69 181509
69 181522
69 181532
69 181534
69 181545
69 181557
69 181565
69 181572
69 181584
69 181586
69 181587
69 181593
69 181600
69 181606
69 181610
69 181617
69 181623
69 181627
69 181644
69 181654
69 181657
69 181674
69 181679
69 181695
69 181703
69 181706
69 181712
69 181715
69 181716
69 181717
69 181723
69 181726
69 181738
69 181741
69 181760
69 181779
69 181795
69 181797
69 181798
69 181807
69 181808
69 181812
69 181818
69 181822
69 181835
69 181841
69 181842
69 181855
69 181872
69 181880
69 181882
69 181885
69 181890
69 181911
69 181931
69 181932
69 181939
69 181943
69 181945
69 181957
69 181980
69 182025
69 182037
69 182041
69 182051
69 182058
69 182063
69 182066
69 182070
69 182080
69 182102
69 182116
69 182166
69 182170
69 182190
69 182194
69 182199
69 182200
69 182208
69 182226
69 182244
69 182258
69 182279
69 182289
69 182303
69 182306
69 182347
69 182364
69 182370
69 182385
69 182387
69 182389
69 182397
69 182398
69 182407
69 182411
69 182425
69 182428
69 182436
69 182451
69 182452
69 182463
69 182469
69 182500
69 182509
69 182514
69 182516
69 182536
69 182537
69 182554
69 182580
69 182582
69 182588
69 182592
69 182600
69 182602
69 182605
69 182612
69 182616
69 182619
69 182626
69 182630
69 182633
69 182648
69 182661
69 182677
69 182684
69 182687
69 182695
69 182700
69 182705
69 182734
69 182756
69 182771
69 182782
69 182787
69 182790
69 182796
69 182800
69 182824
69 182836
69 182841
69 182842
69 182849
69 182861
69 182862
69 182874
69 182886
69 182888
69 182897
69 182900
69 182910
69 182915
69 182922
69 182927
69 182947
69 182956
69 182966
69 182968
69 182973
69 182989
69 182994
69 182995
69 183007
69 183022
69 183024
69 183034
69 183042
69 183047
69 183053
69 183079
69 183094
69 183095
69 183100
69 183103
69 183117
69 183121
69 183126
69 183130
69 183133
69 183136
69 183138
69 183141
69 183146
69 183156
69 183163
69 183165
69 183166
69 183167
69 183170
69 183173
69 183183
69 183191
69 183205
69 183210
69 183216
69 183225
69 183228
69 183249
69 183260
69 183282
69 183299
69 183312
69 183315
69 183316
69 183320
69 183326
69 183332
69 183345
69 183358
69 183366
69 183377
69 183389
69 183406
69 183415
69 183430
69 183436
69 183441
69 183450
69 183453
69 183458
69 183481
69 183482
69 183486
69 183490
69 183493
69 183504
69 183518
69 183520
69 183529
69 183530
69 183534
69 183541
69 183554
69 183560
69 183582
69 183592
69 183603
69 183613
69 183614
69 183626
69 183642
69 183649
69 183660
69 183666
69 183685
69 183689
69 183704
69 183711
69 183715
69 183720
69 183722
69 183729
69 183734
69 183738
69 183740
69 183744
69 183771
69 183791
69 183792
69 183796
69 183802
69 183820
69 183821
69 183831
69 183863
69 183869
69 183874
69 183881
69 183886
69 183893
69 183898
69 183904
69 183905
69 183906
69 183909
69 183911
69 183916
69 183924
69 183931
69 183934
69 183943
69 183966
69 183971
69 183974
69 183986
69 183995
69 183998
69 184003
69 184010
69 184013
69 184027
69 184038
69 184050
69 184052
69 184054
69 184056
69 184059
69 184073
69 184077
69 184080
69 184082
69 184084
69 184088
69 184096
69 184098
69 184116
69 184118
69 184122
69 184132
69 184144
69 184146
69 184151
69 184153
69 184155
69 184171
69 184174
69 184181
69 184186
69 184193
69 184196
69 184197
69 184206
69 184208
69 184212
69 184230
69 184232
69 184238
69 184243
69 184253
69 184262
69 184271
69 184285
69 184295
69 184297
69 184300
69 184306
69 184307
69 184321
69 184332
69 184336
69 184338
69 184340
69 184348
69 184351
69 184375
69 184384
69 184420
69 184433
69 184450
69 184453
69 184472
69 184483
69 184487
69 184493
69 184497
69 184502
69 184503
69 184508
69 184509
69 184514
69 184519
69 184526
69 184546
69 184549
69 184559
69 184563
69 184578
69 184582
69 184585
69 184608
69 184615
69 184618
69 184621
69 184627
69 184630
69 184632
69 184639
69 184647
69 184658
69 184664
69 184671
69 184681
69 184691
69 184697
69 184698
69 184711
69 184742
69 184746
69 184747
69 184753
69 184754
69 184774
69 184777
69 184796
69 184797
69 184806
69 184807
69 184814
69 184819
69 184827
69 184831
69 184858
69 184876
69 184877
69 184878
69 184883
69 184886
69 184891
69 184898
69 184907
69 184913
69 184915
69 184921
69 184927
69 184928
69 184944
69 184949
69 184961
69 184986
69 184989
69 184997
69 185020
69 185024
69 185029
69 185032
69 185033
69 185044
69 185045
69 185047
69 185053
69 185069
69 185077
69 185088
69 185103
69 185105
69 185110
69 185125
69 185133
69 185148
69 185149
69 185150
69 185156
69 185157
69 185178
69 185186
69 185188
69 185203
69 185218
69 185235
69 185237
69 185238
69 185257
69 185258
69 185265
69 185272
69 185298
69 185299
69 185313
69 185327
69 185331
69 185342
69 185376
69 185391
69 185395
69 185397
69 185401
69 185413
69 185414
69 185416
69 185423
69 185429
69 185432
69 185461
69 185475
69 185497
69 185514
69 185524
69 185527
69 185534
69 185543
69 185548
69 185551
69 185553
69 185564
69 185584
69 185596
69 185597
69 185601
69 185605
69 185609
69 185618
69 185626
69 185630
69 185635
69 185644
69 185651
69 185654
69 185674
69 185675
69 185688
69 185693
69 185701
69 185718
69 185729
69 185737
69 185742
69 185750
69 185762
69 185763
69 185783
69 185790
69 185807
69 185810
69 185811
69 185817
69 185821
69 185831
69 185833
69 185840
69 185850
69 185854
69 185863
69 185885
69 185893
69 185897
69 185899
69 185910
69 185914
69 185917
69 185921
69 185926
69 185928
69 185935
69 185942
69 185948
69 185955
69 185984
69 185987
69 185988
69 185989
69 185991
69 185992
69 186012
69 186023
69 186029
69 186033
69 186045
69 186052
69 186056
69 186058
69 186064
69 186078
69 186082
69 186085
69 186087
69 186094
69 186099
69 186103
69 186107
69 186119
69 186133
69 186134
69 186145
69 186147
69 186152
69 186158
69 186164
69 186167
69 186174
69 186180
69 186185
69 186191
69 186202
69 186205
69 186220
69 186221
69 186227
69 186241
69 186254
69 186260
69 186261
69 186288
69 186292
69 186301
69 186308
69 186320
69 186322
69 186325
69 186331
69 186344
69 186346
69 186354
69 186361
69 186363
69 186366
69 186368
69 186371
69 186372
69 186379
69 186386
69 186388
69 186400
69 186417
69 186422
69 186425
69 186436
69 186437
69 186438
69 186445
69 186447
69 186452
69 186464
69 186473
69 186478
69 186497
69 186498
69 186502
69 186512
69 186529
69 186533
69 186536
69 186537
69 186561
69 186567
69 186572
69 186574
69 186581
69 186589
69 186610
69 186613
69 186622
69 186624
69 186635
69 186637
69 186640
69 186651
69 186659
69 186670
69 186695
69 186698
69 186710
69 186717
69 186725
69 186743
69 186749
69 186776
69 186795
69 186803
69 186809
69 186822
69 186824
69 186828
69 186836
69 186840
69 186846
69 186854
69 186857
69 186871
69 186873
69 186884
69 186889
69 186895
69 186898
69 186902
69 186904
69 186908
69 186910
69 186911
69 186915
69 186920
69 186933
69 186951
69 186959
69 186964
69 186970
69 186973
69 186975
69 186977
69 186984
69 187005
69 187008
69 187009
69 187017
69 187018
69 187026
69 187028
69 187034
69 187036
69 187055
69 187070
69 187076
69 187077
69 187081
69 187082
69 187084
69 187098
69 187100
69 187108
69 187113
69 187114
69 187123
69 187126
69 187129
69 187133
69 187135
69 187137
69 187140
69 187143
69 187154
69 187167
69 187179
69 187183
69 187185
69 187196
69 187206
69 187207
69 187219
69 187224
69 187228
69 187235
69 187251
69 187257
69 187261
69 187264
69 187267
69 187271
69 187274
69 187288
69 187292
69 187301
69 187303
69 187305
69 187309
69 187311
69 187335
69 187350
69 187357
69 187368
69 187394
69 187400
69 187403
69 187410
69 187418
69 187424
69 187431
69 187433
69 187444
69 187451
69 187453
69 187454
69 187457
69 187470
69 187487
69 187490
69 187499
69 187511
69 187515
69 187520
69 187521
69 187522
69 187530
69 187544
69 187554
69 187555
69 187562
69 187572
69 187575
69 187581
69 187585
69 187587
69 187588
69 187594
69 187618
69 187624
69 187629
69 187636
69 187638
69 187644
69 187647
69 187649
69 187651
69 187653
69 187672
69 187678
69 187680
69 187686
69 187690
69 187694
69 187708
69 187709
69 187722
69 187728
69 187740
69 187744
69 187750
69 187751
69 187763
69 187769
69 187779
69 187783
69 187785
69 187792
69 187795
69 187796
69 187824
69 187837
69 187840
69 187863
69 187872
69 187877
69 187886
69 187891
69 187923
69 187926
69 187928
69 187930
69 187938
69 187940
69 187946
69 187949
69 187950
69 187952
69 187953
69 187965
69 187976
69 187981
69 187985
69 187990
69 187995
69 188010
69 188019
69 188030
69 188031
69 188043
69 188044
69 188060
69 188067
69 188071
69 188106
69 188107
69 188114
69 188125
69 188127
69 188136
69 188144
69 188148
69 188161
69 188165
69 188182
69 188186
69 188188
69 188190
69 188193
69 188195
69 188199
69 188220
69 188221
69 188226
69 188230
69 188238
69 188240
69 188253
69 188254
69 188278
69 188283
69 188290
69 188306
69 188309
69 188311
69 188313
69 188314
69 188321
69 188323
69 188332
69 188336
69 188338
69 188340
69 188344
69 188348
69 188368
69 188370
69 188386
69 188389
69 188390
69 188392
69 188393
69 188395
69 188398
69 188403
69 188409
69 188428
69 188432
69 188441
69 188451
69 188454
69 188460
69 188466
69 188467
69 188474
69 188478
69 188481
69 188485
69 188487
69 188501
69 188516
69 188525
69 188526
69 188529
69 188533
69 188534
69 188549
69 188551
69 188583
69 188586
69 188591
69 188620
69 188624
69 188642
69 188647
69 188652
69 188654
69 188661
69 188668
69 188690
69 188692
69 188694
69 188695
69 188704
69 188706
69 188713
69 188717
69 188723
69 188739
69 188752
69 188760
69 188761
69 188776
69 188782
69 188794
69 188817
69 188822
69 188829
69 188833
69 188838
69 188843
69 188852
69 188855
69 188864
69 188868
69 188879
69 188882
69 188898
69 188930
69 188948
69 188964
69 188973
69 188985
69 189003
69 189032
69 189057
69 189063
69 189077
69 189095
69 189114
69 189126
69 189141
69 189142
69 189156
69 189158
69 189180
69 189183
69 189198
69 189205
69 189208
69 189212
69 189234
69 189237
69 189240
69 189256
69 189266
69 189267
69 189282
69 189302
69 189305
69 189308
69 189344
69 189350
69 189352
69 189355
69 189370
69 189382
69 189391
69 189402
69 189410
69 189428
69 189430
69 189442
69 189449
69 189467
69 189472
69 189481
69 189484
69 189492
69 189495
69 189497
69 189522
69 189543
69 189546
69 189547
69 189556
69 189561
69 189565
69 189567
69 189569
69 189572
69 189579
69 189593
69 189600
69 189602
69 189603
69 189632
69 189647
69 189656
69 189657
69 189660
69 189664
69 189674
69 189676
69 189680
69 189687
69 189690
69 189705
69 189708
69 189712
69 189720
69 189735
69 189736
69 189737
69 189740
69 189742
69 189744
69 189750
69 189753
69 189770
69 189774
69 189780
69 189781
69 189784
69 189823
69 189827
69 189840
69 189848
69 189857
69 189858
69 189877
69 189886
69 189887
69 189891
69 189908
69 189919
69 189924
69 189925
69 189927
69 189931
69 189966
69 189974
69 189981
69 189983
69 189988
69 189996
69 189997
69 190004
69 190019
69 190029
69 190035
69 190039
69 190045
69 190049
69 190054
69 190061
69 190072
69 190076
69 190080
69 190092
69 190096
69 190101
69 190102
69 190105
69 190119
69 190131
69 190149
69 190166
69 190167
69 190173
69 190174
69 190177
69 190190
69 190193
69 190196
69 190200
69 190238
69 190250
69 190257
69 190262
69 190266
69 190276
69 190291
69 190322
69 190325
69 190329
69 190337
69 190353
69 190359
69 190370
69 190380
69 190382
69 190391
69 190400
69 190401
69 190403
69 190417
69 190419
69 190422
69 190430
69 190445
69 190449
69 190456
69 190457
69 190474
69 190476
69 190480
69 190489
69 190499
69 190503
69 190516
69 190524
69 190530
69 190549
69 190555
69 190556
69 190558
69 190562
69 190569
69 190574
69 190579
69 190584
69 190604
69 190608
69 190614
69 190619
69 190621
69 190639
69 190644
69 190649
69 190651
69 190661
69 190669
69 190680
69 190703
69 190708
69 190711
69 190721
69 190723
69 190736
69 190746
69 190747
69 190749
69 190763
69 190777
69 190787
69 190790
69 190791
69 190802
69 190808
69 190818
69 190820
69 190823
69 190826
69 190831
69 190840
69 190846
69 190847
69 190856
69 190866
69 190873
69 190884
69 190889
69 190890
69 190907
69 190924
69 190937
69 190949
69 190959
69 190976
69 190999
69 191007
69 191020
69 191034
69 191035
69 191039
69 191058
69 191078
69 191085
69 191092
69 191097
69 191099
69 191108
69 191110
69 191118
69 191121
69 191126
69 191155
69 191161
69 191163
69 191171
69 191179
69 191180
69 191188
69 191194
69 191198
69 191205
69 191217
69 191236
69 191239
69 191246
69 191263
69 191269
69 191272
69 191273
69 191274
69 191281
69 191290
69 191299
69 191307
69 191330
69 191341
69 191379
69 191406
69 191418
69 191434
69 191435
69 191438
69 191452
69 191455
69 191459
69 191484
69 191493
69 191495
69 191496
69 191501
69 191504
69 191509
69 191518
69 191521
69 191527
69 191530
69 191539
69 191558
69 191575
69 191581
69 191587
69 191588
69 191591
69 191593
69 191598
69 191612
69 191615
69 191623
69 191627
69 191630
69 191645
69 191649
69 191651
69 191668
69 191671
69 191677
69 191680
69 191688
69 191726
69 191735
69 191747
69 191749
69 191773
69 191782
69 191791
69 191793
69 191794
69 191796
69 191810
69 191813
69 191815
69 191826
69 191827
69 191832
69 191833
69 191838
69 191841
69 191845
69 191865
69 191866
69 191881
69 191898
69 191903
69 191924
69 191947
69 191971
69 191979
69 191986
69 191990
69 192003
69 192005
69 192008
69 192017
69 192018
69 192034
69 192045
69 192049
69 192054
69 192062
69 192063
69 192103
69 192110
69 192116
69 192127
69 192129
69 192135
69 192138
69 192164
69 192171
69 192180
69 192182
69 192189
69 192191
69 192237
69 192243
69 192244
69 192252
69 192256
69 192262
69 192264
69 192267
69 192269
69 192273
69 192283
69 192310
69 192312
69 192327
69 192331
69 192356
69 192382
69 192384
69 192391
69 192393
69 192404
69 192412
69 192417
69 192424
69 192431
69 192437
69 192438
69 192451
69 192456
69 192461
69 192475
69 192482
69 192484
69 192487
69 192494
69 192517
69 192522
69 192545
69 192549
69 192555
69 192567
69 192573
69 192579
69 192580
69 192586
69 192592
69 192594
69 192596
69 192610
69 192629
69 192637
69 192638
69 192642
69 192666
69 192675
69 192677
69 192687
69 192710
69 192724
69 192725
69 192726
69 192753
69 192763
69 192764
69 192778
69 192801
69 192807
69 192815
69 192818
69 192844
69 192847
69 192851
69 192859
69 192874
69 192878
69 192882
69 192890
69 192891
69 192901
69 192902
69 192906
69 192909
69 192911
69 192926
69 192935
69 192937
69 192945
69 192964
69 192984
69 192990
69 193003
69 193011
69 193020
69 193024
69 193062
69 193070
69 193089
69 193096
69 193100
69 193124
69 193128
69 193151
69 193152
69 193156
69 193167
69 193179
69 193185
69 193187
69 193192
69 193199
69 193200
69 193204
69 193221
69 193225
69 193228
69 193233
69 193238
69 193250
69 193253
69 193255
69 193259
69 193283
69 193292
69 193294
69 193307
69 193310
69 193312
69 193314
69 193338
69 193345
69 193351
69 193353
69 193354
69 193359
69 193362
69 193368
69 193369
69 193373
69 193388
69 193395
69 193420
69 193426
69 193435
69 193438
69 193452
69 193456
69 193461
69 193466
69 193467
69 193470
69 193471
69 193473
69 193485
69 193487
69 193491
69 193494
69 193496
69 193501
69 193503
69 193504
69 193506
69 193513
69 193514
69 193526
69 193536
69 193537
69 193546
69 193547
69 193549
69 193550
69 193555
69 193573
69 193579
69 193592
69 193602
69 193612
69 193616
69 193626
69 193628
69 193648
69 193653
69 193660
69 193675
69 193687
69 193688
69 193689
69 193709
69 193711
69 193719
69 193721
69 193723
69 193757
69 193759
69 193771
69 193782
69 193790
69 193795
69 193798
69 193806
69 193808
69 193812
69 193814
69 193816
69 193820
69 193834
69 193840
69 193870
69 193872
69 193877
69 193897
69 193902
69 193903
69 193907
69 193921
69 193923
69 193928
69 193931
69 193933
69 193939
69 193949
69 193963
69 193975
69 193986
69 193997
69 193998
69 194002
69 194004
69 194005
69 194018
69 194024
69 194030
69 194034
69 194043
69 194056
69 194064
69 194090
69 194106
69 194127
69 194155
69 194157
69 194159
69 194160
69 194163
69 194164
69 194166
69 194170
69 194172
69 194175
69 194189
69 194209
69 194217
69 194229
69 194244
69 194247
69 194255
69 194262
69 194271
69 194280
69 194299
69 194303
69 194304
69 194306
69 194314
69 194320
69 194321
69 194323
69 194326
69 194330
69 194346
69 194350
69 194354
69 194368
69 194374
69 194383
69 194388
69 194391
69 194392
69 194394
69 194395
69 194400
69 194410
69 194412
69 194416
69 194422
69 194424
69 194428
69 194436
69 194450
69 194451
69 194464
69 194466
69 194467
69 194477
69 194497
69 194498
69 194506
69 194516
69 194525
69 194531
69 194537
69 194548
69 194557
69 194564
69 194571
69 194578
69 194579
69 194580
69 194581
69 194595
69 194600
69 194608
69 194613
69 194614
69 194623
69 194629
69 194638
69 194640
69 194641
69 194661
69 194683
69 194688
69 194721
69 194722
69 194729
69 194732
69 194742
69 194753
69 194761
69 194764
69 194772
69 194790
69 194813
69 194833
69 194840
69 194858
69 194859
69 194864
69 194879
69 194881
69 194885
69 194891
69 194898
69 194901
69 194904
69 194906
69 194914
69 194920
69 194928
69 194932
69 194937
69 194951
69 194963
69 194970
69 194974
69 194976
69 194979
69 194988
69 194990
69 195004
69 195008
69 195009
69 195016
69 195019
69 195049
69 195056
69 195058
69 195081
69 195096
69 195103
69 195122
69 195131
69 195133
69 195138
69 195139
69 195162
69 195165
69 195168
69 195169
69 195170
69 195187
69 195192
69 195200
69 195204
69 195208
69 195220
69 195228
69 195229
69 195240
69 195262
69 195263
69 195269
69 195271
69 195272
69 195290
69 195291
69 195299
69 195301
69 195302
69 195305
69 195309
69 195316
69 195325
69 195331
69 195334
69 195379
69 195388
69 195395
69 195398
69 195404
69 195412
69 195415
69 195427
69 195433
69 195437
69 195456
69 195467
69 195468
69 195484
69 195492
69 195511
69 195512
69 195513
69 195520
69 195530
69 195542
69 195543
69 195544
69 195546
69 195551
69 195555
69 195556
69 195567
69 195569
69 195578
69 195580
69 195584
69 195587
69 195597
69 195598
69 195602
69 195603
69 195618
69 195621
69 195629
69 195637
69 195655
69 195667
69 195677
69 195696
69 195698
69 195729
69 195749
69 195753
69 195758
69 195762
69 195772
69 195780
69 195781
69 195783
69 195784
69 195796
69 195805
69 195808
69 195811
69 195815
69 195817
69 195819
69 195824
69 195828
69 195831
69 195832
69 195836
69 195850
69 195852
69 195856
69 195864
69 195877
69 195889
69 195904
69 195907
69 195916
69 195926
69 195927
69 195931
69 195932
69 195946
69 195949
69 195953
69 195957
69 195958
69 195961
69 195963
69 195975
69 195981
69 195987
69 195994
69 195996
69 195999
69 196006
69 196017
69 196019
69 196021
69 196026
69 196031
69 196035
69 196043
69 196048
69 196067
69 196068
69 196072
69 196077
69 196081
69 196087
69 196091
69 196114
69 196117
69 196135
69 196150
69 196160
69 196164
69 196165
69 196167
69 196174
69 196180
69 196188
69 196190
69 196196
69 196202
69 196214
69 196217
69 196229
69 196232
69 196236
69 196239
69 196255
69 196269
69 196276
69 196282
69 196292
69 196315
69 196318
69 196321
69 196324
69 196343
69 196362
69 196368
69 196375
69 196377
69 196385
69 196415
69 196420
69 196423
69 196440
69 196443
69 196458
69 196460
69 196463
69 196481
69 196498
69 196506
69 196513
69 196516
69 196520
69 196523
69 196539
69 196543
69 196545
69 196551
69 196557
69 196560
69 196592
69 196594
69 196644
69 196652
69 196659
69 196662
69 196674
69 196675
69 196692
69 196696
69 196706
69 196708
69 196713
69 196716
69 196720
69 196727
69 196729
69 196746
69 196754
69 196766
69 196775
69 196780
69 196783
69 196785
69 196792
69 196795
69 196799
69 196815
69 196832
69 196833
69 196839
69 196853
69 196861
69 196871
69 196878
69 196887
69 196888
69 196899
69 196901
69 196902
69 196911
69 196914
69 196926
69 196929
69 196931
69 196934
69 196944
69 196949
69 196953
69 196957
69 196962
69 196970
69 196971
69 196974
69 196983
69 196985
69 196996
69 197004
69 197011
69 197013
69 197020
69 197027
69 197031
69 197032
69 197039
69 197053
69 197055
69 197073
69 197078
69 197079
69 197088
69 197091
69 197096
69 197099
69 197100
69 197102
69 197121
69 197124
69 197128
69 197152
69 197165
69 197170
69 197174
69 197179
69 197182
69 197199
69 197208
69 197217
69 197225
69 197229
69 197236
69 197238
69 197239
69 197252
69 197257
69 197259
69 197265
69 197266
69 197272
69 197289
69 197291
69 197293
69 197300
69 197305
69 197306
69 197312
69 197318
69 197326
69 197328
69 197333
69 197334
69 197339
69 197348
69 197355
69 197359
69 197383
69 197390
69 197402
69 197422
69 197426
69 197435
69 197444
69 197446
69 197449
69 197451
69 197458
69 197459
69 197467
69 197476
69 197482
69 197486
69 197489
69 197495
69 197508
69 197516
69 197519
69 197536
69 197549
69 197556
69 197560
69 197568
69 197574
69 197578
69 197580
69 197581
69 197591
69 197593
69 197615
69 197638
69 197644
69 197658
69 197661
69 197669
69 197673
69 197675
69 197683
69 197690
69 197694
69 197723
69 197725
69 197730
69 197741
69 197742
69 197748
69 197760
69 197766
69 197773
69 197778
69 197779
69 197788
69 197797
69 197799
69 197814
69 197829
69 197839
69 197844
69 197847
69 197851
69 197867
69 197877
69 197883
69 197887
69 197905
69 197910
69 197923
69 197937
69 197941
69 197943
69 197956
69 197957
69 197962
69 197968
69 197970
69 197972
69 197979
69 197983
69 197992
69 198000
69 198004
69 198026
69 198029
69 198037
69 198051
69 198054
69 198056
69 198058
69 198078
69 198081
69 198085
69 198091
69 198094
69 198097
69 198116
69 198130
69 198138
69 198146
69 198153
69 198160
69 198166
69 198183
69 198194
69 198210
69 198212
69 198213
69 198223
69 198224
69 198227
69 198237
69 198248
69 198255
69 198257
69 198259
69 198263
69 198272
69 198281
69 198290
69 198308
69 198309
69 198317
69 198320
69 198322
69 198336
69 198365
69 198375
69 198376
69 198379
69 198383
69 198390
69 198394
69 198396
69 198406
69 198417
69 198447
69 198473
69 198484
69 198495
69 198508
69 198509
69 198519
69 198524
69 198535
69 198536
69 198585
69 198592
69 198598
69 198601
69 198608
69 198614
69 198617
69 198620
69 198625
69 198672
69 198705
69 198707
69 198713
69 198716
69 198718
69 198721
69 198741
69 198753
69 198759
69 198776
69 198783
69 198814
69 198821
69 198825
69 198830
69 198833
69 198835
69 198849
69 198852
69 198854
69 198875
69 198877
69 198880
69 198885
69 198892
69 198899
69 198901
69 198902
69 198903
69 198907
69 198913
69 198914
69 198923
69 198929
69 198937
69 198944
69 198953
69 198954
69 198955
69 198956
69 198985
69 198986
69 198988
69 198992
69 199004
69 199045
69 199046
69 199059
69 199067
69 199072
69 199074
69 199083
69 199086
69 199093
69 199123
69 199125
69 199127
69 199132
69 199143
69 199149
69 199152
69 199168
69 199177
69 199191
69 199195
69 199201
69 199211
69 199214
69 199216
69 199219
69 199222
69 199229
69 199233
69 199237
69 199245
69 199246
69 199248
69 199277
69 199279
69 199282
69 199286
69 199298
69 199305
69 199306
69 199331
69 199332
69 199335
69 199336
69 199337
69 199360
69 199361
69 199371
69 199374
69 199379
69 199387
69 199397
69 199404
69 199412
69 199425
69 199431
69 199439
69 199440
69 199449
69 199455
69 199468
69 199476
69 199477
69 199489
69 199498
69 199508
69 199512
69 199518
69 199523
69 199524
69 199549
69 199555
69 199566
69 199567
69 199569
69 199575
69 199588
69 199597
69 199598
69 199608
69 199626
69 199629
69 199630
69 199638
69 199640
69 199646
69 199647
69 199659
69 199661
69 199668
69 199679
69 199686
69 199689
69 199697
69 199713
69 199723
69 199734
69 199735
69 199757
69 199774
69 199782
69 199786
69 199823
69 199834
69 199856
69 199875
69 199876
69 199893
69 199898
69 199903
69 199912
69 199917
69 199925
69 199948
69 199953
69 199966
69 199977
69 199987
69 199988
69 199997
69 200008
69 200025
69 200026
69 200033
69 200045
69 200062
69 200084
69 200101
69 200111
69 200114
69 200119
69 200121
69 200123
69 200126
69 200128
69 200142
69 200146
69 200155
69 200165
69 200197
69 200198
69 200206
69 200208
69 200215
69 200217
69 200221
69 200224
69 200255
69 200271
69 200276
69 200279
69 200284
69 200285
69 200294
69 200301
69 200302
69 200316
69 200333
69 200334
69 200344
69 200351
69 200355
69 200358
69 200372
69 200381
69 200388
69 200391
69 200395
69 200416
69 200435
69 200456
69 200460
69 200483
69 200488
69 200493
69 200524
69 200528
69 200535
69 200538
69 200541
69 200545
69 200555
69 200556
69 200567
69 200589
69 200595
69 200605
69 200616
69 200619
69 200620
69 200626
69 200644
69 200647
69 200652
69 200659
69 200671
69 200673
69 200686
69 200688
69 200689
69 200702
69 200709
69 200720
69 200726
69 200731
69 200753
69 200759
69 200763
69 200772
69 200778
69 200783
69 200799
69 200805
69 200826
69 200834
69 200840
69 200852
69 200855
69 200861
69 200867
69 200880
69 200912
69 200916
69 200930
69 200936
69 200937
69 200945
69 200965
69 200968
69 200971
69 201004
69 201008
69 201009
69 201030
69 201041
69 201046
69 201054
69 201065
69 201066
69 201079
69 201091
69 201093
69 201096
69 201099
69 201118
69 201120
69 201135
69 201136
69 201137
69 201145
69 201161
69 201164
69 201167
69 201169
69 201173
69 201202
69 201205
69 201209
69 201213
69 201233
69 201239
69 201254
69 201261
69 201262
69 201267
69 201272
69 201279
69 201291
69 201296
69 201302
69 201303
69 201305
69 201320
69 201348
69 201354
69 201358
69 201380
69 201392
69 201393
69 201401
69 201405
69 201406
69 201412
69 201418
69 201421
69 201423
69 201425
69 201426
69 201441
69 201443
69 201446
69 201453
69 201458
69 201468
69 201477
69 201493
69 201496
69 201509
69 201520
69 201533
69 201535
69 201548
69 201556
69 201578
69 201604
69 201617
69 201626
69 201638
69 201640
69 201648
69 201649
69 201652
69 201662
69 201665
69 201671
69 201679
69 201682
69 201683
69 201687
69 201688
69 201720
69 201725
69 201740
69 201742
69 201752
69 201754
69 201778
69 201779
69 201786
69 201791
69 201796
69 201804
69 201805
69 201809
69 201812
69 201816
69 201831
69 201835
69 201846
69 201867
69 201881
69 201886
69 201889
69 201897
69 201908
69 201922
69 201929
69 201934
69 201942
69 201956
69 201958
69 201967
69 201968
69 201970
69 201975
69 202002
69 202005
69 202014
69 202018
69 202026
69 202029
69 202030
69 202043
69 202051
69 202053
69 202066
69 202073
69 202075
69 202087
69 202088
69 202091
69 202093
69 202101
69 202115
69 202119
69 202120
69 202127
69 202133
69 202137
69 202141
69 202144
69 202153
69 202155
69 202159
69 202163
69 202165
69 202174
69 202180
69 202186
69 202205
69 202210
69 202215
69 202226
69 202228
69 202229
69 202237
69 202249
69 202254
69 202261
69 202266
69 202267
69 202275
69 202279
69 202286
70 5
70 14
70 17
70 76
70 77
70 83
70 84
70 93
70 96
70 102
70 105
70 112
70 113
70 116
70 126
70 131
70 132
70 134
70 141
70 142
70 150
70 174
70 187
70 199
70 200
70 217
70 218
70 225
70 226
70 237
70 239
70 244
70 246
70 250
70 255
70 270
70 274
70 277
70 292
70 304
70 308
70 315
70 316
70 319
70 320
70 322
70 327
70 338
70 342
70 354
70 356
70 358
70 360
70 363
70 369
70 374
70 375
70 381
70 382
70 392
70 404
70 415
70 416
70 422
70 440
70 444
70 479
70 484
70 489
70 493
70 508
70 510
70 515
70 518
70 525
70 532
70 538
70 555
70 558
70 562
70 570
70 577
70 595
70 603
70 617
70 626
70 633
70 639
70 641
70 642
70 643
70 644
70 648
70 651
70 659
70 682
70 690
70 695
70 698
70 703
70 713
70 729
70 733
70 742
70 748
70 751
70 758
70 763
70 765
70 773
70 780
70 785
70 787
70 792
70 795
70 800
70 807
70 818
70 826
70 831
70 836
70 844
70 849
70 858
70 875
70 898
70 933
70 942
70 943
70 944
70 953
70 959
70 976
70 977
70 978
70 984
70 989
70 1008
70 1011
70 1014
70 1016
70 1019
70 1041
70 1057
70 1065
70 1069
70 1076
70 1087
70 1102
70 1106
70 1110
70 1112
70 1114
70 1120
70 1122
70 1134
70 1137
70 1138
70 1141
70 1142
70 1155
70 1166
70 1167
70 1168
70 1174
70 1189
70 1193
70 1196
70 1199
70 1203
70 1205
70 1206
70 1217
70 1219
70 1225
70 1239
70 1243
70 1256
70 1263
70 1267
70 1273
70 1280
70 1292
70 1308
70 1311
70 1314
70 1325
70 1335
70 1361
70 1366
70 1376
70 1384
70 1396
70 1416
70 1417
70 1418
70 1419
70 1430
70 1437
70 1443
70 1455
70 1460
70 1462
70 1471
70 1478
70 1483
70 1493
70 1505
70 1511
70 1521
70 1549
70 1556
70 1562
70 1570
70 1575
70 1583
70 1593
70 1594
70 1600
70 1603
70 1605
70 1610
70 1621
70 1623
70 1626
70 1630
70 1633
70 1637
70 1641
70 1662
70 1667
70 1678
70 1682
70 1691
70 1696
70 1698
70 1704
70 1736
70 1738
70 1753
70 1756
70 1757
70 1769
70 1784
70 1803
70 1812
70 1819
70 1830
70 1835
70 1847
70 1851
70 1862
70 1877
70 1880
70 1889
70 1902
70 1916
70 1929
70 1933
70 1943
70 1952
70 1971
70 1984
70 1991
70 1999
70 2002
70 2006
70 2010
70 2032
70 2051
70 2058
70 2060
70 2071
70 2077
70 2078
70 2084
70 2097
70 2102
70 2132
70 2134
70 2139
70 2142
70 2150
70 2171
70 2172
70 2173
70 2180
70 2186
70 2188
70 2197
70 2204
70 2216
70 2229
70 2231
70 2248
70 2257
70 2272
70 2278
70 2303
70 2305
70 2315
70 2317
70 2322
70 2323
70 2326
70 2342
70 2343
70 2359
70 2373
70 2378
70 2383
70 2405
70 2406
70 2419
70 2429
70 2441
70 2467
70 2471
70 2475
70 2481
70 2488
70 2501
70 2506
70 2512
70 2530
70 2539
70 2553
70 2563
70 2574
70 2583
70 2597
70 2607
70 2618
70 2630
70 2648
70 2649
70 2651
70 2654
70 2673
70 2674
70 2689
70 2694
70 2697
70 2699
70 2708
70 2710
70 2741
70 2745
70 2760
70 2765
70 2793
70 2812
70 2816
70 2828
70 2833
70 2834
70 2838
70 2848
70 2851
70 2858
70 2860
70 2877
70 2881
70 2882
70 2892
70 2904
70 2910
70 2911
70 2921
70 2942
70 2945
70 2958
70 2961
70 2973
70 2985
70 2995
70 3013
70 3022
70 3032
70 3040
70 3041
70 3047
70 3058
70 3064
70 3071
70 3074
70 3076
70 3089
70 3100
70 3106
70 3121
70 3123
70 3124
70 3133
70 3138
70 3144
70 3161
70 3163
70 3186
70 3191
70 3200
70 3209
70 3216
70 3223
70 3224
70 3227
70 3231
70 3238
70 3248
70 3265
70 3274
70 3278
70 3289
70 3294
70 3305
70 3307
70 3312
70 3329
70 3330
70 3346
70 3350
70 3353
70 3355
70 3362
70 3374
70 3382
70 3383
70 3388
70 3400
70 3403
70 3414
70 3422
70 3423
70 3449
70 3463
70 3471
70 3477
70 3485
70 3487
70 3489
70 3490
70 3492
70 3498
70 3502
70 3505
70 3510
70 3513
70 3518
70 3524
70 3530
70 3549
70 3551
70 3561
70 3562
70 3567
70 3582
70 3596
70 3597
70 3602
70 3612
70 3617
70 3620
70 3627
70 3630
70 3636
70 3638
70 3641
70 3645
70 3647
70 3662
70 3663
70 3675
70 3679
70 3685
70 3686
70 3689
70 3696
70 3697
70 3713
70 3717
70 3725
70 3734
70 3754
70 3757
70 3758
70 3775
70 3778
70 3785
70 3789
70 3805
70 3809
70 3819
70 3828
70 3830
70 3848
70 3854
70 3859
70 3866
70 3869
70 3870
70 3877
70 3888
70 3890
70 3891
70 3892
70 3911
70 3920
70 3923
70 3936
70 3959
70 3974
70 3978
70 3984
70 3985
70 3987
70 3996
70 3998
70 4003
70 4004
70 4007
70 4009
70 4026
70 4036
70 4041
70 4050
70 4055
70 4058
70 4063
70 4074
70 4082
70 4091
70 4093
70 4094
70 4095
70 4099
70 4101
70 4109
70 4121
70 4153
70 4172
70 4179
70 4189
70 4192
70 4195
70 4198
70 4200
70 4203
70 4212
70 4232
70 4234
70 4236
70 4243
70 4249
70 4251
70 4257
70 4281
70 4284
70 4293
70 4302
70 4305
70 4309
70 4324
70 4328
70 4337
70 4349
70 4359
70 4370
70 4373
70 4379
70 4385
70 4388
70 4391
70 4393
70 4401
70 4402
70 4405
70 4408
70 4421
70 4435
70 4439
70 4446
70 4448
70 4453
70 4454
70 4458
70 4460
70 4466
70 4480
70 4488
70 4489
70 4503
70 4523
70 4529
70 4533
70 4535
70 4547
70 4548
70 4556
70 4562
70 4581
70 4591
70 4592
70 4607
70 4615
70 4632
70 4633
70 4642
70 4645
70 4653
70 4655
70 4658
70 4664
70 4687
70 4691
70 4697
70 4701
70 4705
70 4713
70 4724
70 4733
70 4746
70 4754
70 4771
70 4776
70 4778
70 4791
70 4798
70 4803
70 4806
70 4807
70 4817
70 4829
70 4849
70 4853
70 4895
70 4900
70 4912
70 4914
70 4915
70 4922
70 4930
70 4938
70 4941
70 4945
70 4949
70 4950
70 4953
70 4974
70 5003
70 5016
70 5030
70 5032
70 5034
70 5038
70 5069
70 5078
70 5079
70 5084
70 5085
70 5091
70 5099
70 5115
70 5116
70 5123
70 5136
70 5140
70 5142
70 5145
70 5148
70 5151
70 5160
70 5166
70 5168
70 5174
70 5176
70 5184
70 5186
70 5191
70 5199
70 5201
70 5244
70 5245
70 5254
70 5278
70 5292
70 5298
70 5299
70 5303
70 5311
70 5312
70 5315
70 5316
70 5345
70 5360
70 5363
70 5373
70 5374
70 5381
70 5409
70 5415
70 5417
70 5420
70 5430
70 5446
70 5456
70 5469
70 5478
70 5495
70 5501
70 5516
70 5523
70 5531
70 5540
70 5544
70 5548
70 5562
70 5567
70 5568
70 5572
70 5578
70 5588
70 5608
70 5615
70 5619
70 5633
70 5635
70 5655
70 5674
70 5704
70 5708
70 5719
70 5730
70 5736
70 5737
70 5751
70 5757
70 5760
70 5765
70 5771
70 5773
70 5795
70 5797
70 5799
70 5804
70 5824
70 5825
70 5845
70 5875
70 5876
70 5877
70 5882
70 5883
70 5888
70 5891
70 5892
70 5893
70 5895
70 5919
70 5922
70 5933
70 5935
70 5938
70 5948
70 5958
70 5961
70 5972
70 5976
70 5977
70 5987
70 5994
70 5998
70 6012
70 6017
70 6032
70 6037
70 6045
70 6051
70 6060
70 6062
70 6065
70 6074
70 6094
70 6103
70 6124
70 6128
70 6144
70 6155
70 6173
70 6198
70 6210
70 6213
70 6216
70 6220
70 6222
70 6236
70 6253
70 6254
70 6264
70 6274
70 6286
70 6294
70 6306
70 6318
70 6321
70 6322
70 6336
70 6338
70 6344
70 6354
70 6356
70 6378
70 6394
70 6398
70 6401
70 6408
70 6412
70 6415
70 6416
70 6428
70 6450
70 6458
70 6462
70 6463
70 6473
70 6477
70 6480
70 6484
70 6487
70 6497
70 6501
70 6510
70 6516
70 6531
70 6532
70 6537
70 6539
70 6543
70 6545
70 6549
70 6556
70 6557
70 6576
70 6577
70 6588
70 6604
70 6605
70 6609
70 6611
70 6614
70 6621
70 6622
70 6625
70 6639
70 6646
70 6647
70 6650
70 6652
70 6658
70 6663
70 6670
70 6685
70 6695
70 6699
70 6701
70 6704
70 6719
70 6727
70 6733
70 6736
70 6739
70 6741
70 6750
70 6770
70 6771
70 6790
70 6809
70 6826
70 6837
70 6839
70 6845
70 6854
70 6857
70 6874
70 6879
70 6885
70 6886
70 6904
70 6905
70 6924
70 6939
70 6958
70 6966
70 6970
70 6975
70 6994
70 7015
70 7020
70 7059
70 7071
70 7073
70 7077
70 7084
70 7086
70 7087
70 7089
70 7095
70 7102
70 7118
70 7120
70 7133
70 7137
70 7138
70 7140
70 7146
70 7148
70 7164
70 7169
70 7177
70 7179
70 7184
70 7185
70 7188
70 7190
70 7191
70 7198
70 7203
70 7218
70 7221
70 7243
70 7244
70 7258
70 7259
70 7261
70 7266
70 7267
70 7273
70 7279
70 7281
70 7285
70 7296
70 7316
70 7325
70 7333
70 7343
70 7347
70 7353
70 7367
70 7373
70 7398
70 7401
70 7409
70 7425
70 7428
70 7433
70 7434
70 7440
70 7451
70 7471
70 7479
70 7494
70 7503
70 7506
70 7526
70 7539
70 7540
70 7543
70 7549
70 7564
70 7568
70 7589
70 7616
70 7621
70 7629
70 7632
70 7636
70 7653
70 7654
70 7662
70 7671
70 7691
70 7703
70 7706
70 7711
70 7721
70 7723
70 7729
70 7733
70 7745
70 7752
70 7761
70 7762
70 7781
70 7784
70 7790
70 7802
70 7824
70 7826
70 7833
70 7834
70 7842
70 7866
70 7874
70 7896
70 7901
70 7915
70 7916
70 7920
70 7923
70 7926
70 7927
70 7929
70 7931
70 7941
70 7946
70 7948
70 7951
70 7955
70 7968
70 7972
70 7986
70 8000
70 8003
70 8005
70 8016
70 8021
70 8022
70 8026
70 8031
70 8037
70 8039
70 8046
70 8049
70 8053
70 8056
70 8058
70 8060
70 8069
70 8070
70 8074
70 8077
70 8078
70 8080
70 8082
70 8086
70 8088
70 8091
70 8093
70 8101
70 8104
70 8106
70 8107
70 8143
70 8158
70 8166
70 8168
70 8169
70 8186
70 8192
70 8200
70 8205
70 8218
70 8221
70 8240
70 8246
70 8256
70 8258
70 8259
70 8268
70 8270
70 8273
70 8276
70 8287
70 8289
70 8295
70 8308
70 8309
70 8313
70 8314
70 8317
70 8325
70 8329
70 8337
70 8339
70 8341
70 8348
70 8352
70 8356
70 8366
70 8381
70 8383
70 8390
70 8393
70 8394
70 8396
70 8407
70 8420
70 8425
70 8440
70 8445
70 8455
70 8465
70 8466
70 8473
70 8481
70 8489
70 8496
70 8504
70 8507
70 8509
70 8523
70 8532
70 8539
70 8542
70 8548
70 8569
70 8577
70 8588
70 8589
70 8592
70 8594
70 8595
70 8599
70 8606
70 8611
70 8614
70 8618
70 8623
70 8624
70 8628
70 8640
70 8649
70 8650
70 8654
70 8656
70 8657
70 8666
70 8671
70 8681
70 8688
70 8694
70 8703
70 8705
70 8709
70 8711
70 8723
70 8726
70 8732
70 8742
70 8746
70 8749
70 8750
70 8770
70 8786
70 8787
70 8791
70 8797
70 8803
70 8804
70 8811
70 8820
70 8823
70 8850
70 8857
70 8880
70 8890
70 8892
70 8920
70 8924
70 8934
70 8950
70 8966
70 8967
70 8973
70 8990
70 8994
70 9007
70 9011
70 9021
70 9030
70 9031
70 9034
70 9041
70 9047
70 9049
70 9053
70 9065
70 9070
70 9079
70 9080
70 9087
70 9092
70 9102
70 9119
70 9133
70 9134
70 9140
70 9149
70 9151
70 9154
70 9162
70 9175
70 9183
70 9194
70 9211
70 9213
70 9222
70 9223
70 9225
70 9234
70 9240
70 9243
70 9247
70 9248
70 9253
70 9264
70 9266
70 9271
70 9274
70 9295
70 9314
70 9315
70 9322
70 9326
70 9336
70 9339
70 9344
70 9345
70 9349
70 9360
70 9363
70 9364
70 9376
70 9378
70 9380
70 9386
70 9392
70 9401
70 9404
70 9415
70 9422
70 9424
70 9425
70 9426
70 9433
70 9436
70 9444
70 9458
70 9467
70 9474
70 9484
70 9489
70 9496
70 9500
70 9503
70 9515
70 9521
70 9523
70 9534
70 9554
70 9560
70 9567
70 9568
70 9570
70 9576
70 9578
70 9590
70 9598
70 9623
70 9626
70 9629
70 9630
70 9637
70 9651
70 9664
70 9672
70 9691
70 9701
70 9716
70 9718
70 9721
70 9723
70 9728
70 9734
70 9740
70 9741
70 9752
70 9756
70 9778
70 9784
70 9789
70 9796
70 9798
70 9806
70 9820
70 9822
70 9830
70 9834
70 9852
70 9860
70 9864
70 9868
70 9874
70 9885
70 9889
70 9893
70 9897
70 9900
70 9901
70 9903
70 9912
70 9913
70 9915
70 9926
70 9939
70 9968
70 9969
70 9971
70 9978
70 9981
70 9985
70 9993
70 9995
70 10015
70 10024
70 10029
70 10033
70 10040
70 10046
70 10051
70 10061
70 10063
70 10077
70 10084
70 10105
70 10123
70 10127
70 10130
70 10141
70 10146
70 10147
70 10162
70 10177
70 10179
70 10188
70 10190
70 10194
70 10215
70 10220
70 10223
70 10226
70 10231
70 10241
70 10244
70 10248
70 10252
70 10258
70 10267
70 10283
70 10298
70 10299
70 10304
70 10307
70 10318
70 10325
70 10328
70 10361
70 10366
70 10372
70 10375
70 10379
70 10419
70 10420
70 10424
70 10437
70 10439
70 10447
70 10463
70 10479
70 10481
70 10483
70 10494
70 10504
70 10508
70 10510
70 10517
70 10530
70 10541
70 10542
70 10543
70 10563
70 10573
70 10575
70 10578
70 10579
70 10605
70 10607
70 10610
70 10613
70 10615
70 10617
70 10631
70 10633
70 10635
70 10640
70 10642
70 10648
70 10652
70 10654
70 10661
70 10663
70 10664
70 10680
70 10683
70 10696
70 10713
70 10718
70 10723
70 10732
70 10742
70 10744
70 10761
70 10770
70 10774
70 10793
70 10797
70 10800
70 10810
70 10819
70 10820
70 10827
70 10828
70 10835
70 10841
70 10848
70 10852
70 10853
70 10855
70 10860
70 10877
70 10890
70 10913
70 10916
70 10919
70 10926
70 10938
70 10942
70 10946
70 10958
70 10961
70 10966
70 10967
70 10969
70 10974
70 10975
70 10985
70 10990
70 10995
70 11013
70 11018
70 11019
70 11027
70 11046
70 11071
70 11074
70 11077
70 11079
70 11083
70 11102
70 11125
70 11126
70 11128
70 11132
70 11134
70 11162
70 11173
70 11174
70 11181
70 11183
70 11190
70 11193
70 11196
70 11198
70 11199
70 11202
70 11210
70 11218
70 11222
70 11239
70 11241
70 11254
70 11261
70 11269
70 11272
70 11273
70 11283
70 11295
70 11301
70 11305
70 11311
70 11316
70 11324
70 11325
70 11330
70 11333
70 11340
70 11347
70 11350
70 11352
70 11353
70 11362
70 11367
70 11372
70 11379
70 11380
70 11381
70 11393
70 11396
70 11409
70 11424
70 11426
70 11434
70 11457
70 11463
70 11471
70 11473
70 11475
70 11479
70 11483
70 11496
70 11501
70 11502
70 11504
70 11505
70 11506
70 11516
70 11526
70 11545
70 11554
70 11562
70 11565
70 11568
70 11570
70 11581
70 11595
70 11599
70 11616
70 11618
70 11632
70 11633
70 11644
70 11651
70 11660
70 11669
70 11672
70 11676
70 11682
70 11687
70 11690
70 11705
70 11709
70 11723
70 11728
70 11738
70 11749
70 11751
70 11762
70 11766
70 11767
70 11769
70 11771
70 11773
70 11777
70 11784
70 11788
70 11791
70 11799
70 11801
70 11803
70 11804
70 11815
70 11821
70 11822
70 11834
70 11876
70 11879
70 11881
70 11890
70 11891
70 11896
70 11907
70 11918
70 11926
70 11933
70 11934
70 11948
70 11956
70 11958
70 11968
70 11971
70 11999
70 12004
70 12016
70 12019
70 12037
70 12054
70 12057
70 12060
70 12062
70 12063
70 12064
70 12067
70 12068
70 12079
70 12092
70 12108
70 12120
70 12125
70 12126
70 12133
70 12145
70 12148
70 12149
70 12151
70 12157
70 12182
70 12186
70 12187
70 12197
70 12203
70 12205
70 12216
70 12221
70 12226
70 12242
70 12250
70 12253
70 12258
70 12266
70 12269
70 12272
70 12274
70 12275
70 12288
70 12291
70 12302
70 12312
70 12316
70 12325
70 12370
70 12372
70 12383
70 12392
70 12402
70 12409
70 12425
70 12427
70 12442
70 12456
70 12472
70 12483
70 12492
70 12497
70 12502
70 12510
70 12536
70 12537
70 12552
70 12554
70 12564
70 12567
70 12571
70 12574
70 12595
70 12596
70 12611
70 12612
70 12619
70 12626
70 12629
70 12652
70 12658
70 12672
70 12682
70 12689
70 12699
70 12708
70 12710
70 12712
70 12722
70 12734
70 12737
70 12744
70 12763
70 12766
70 12773
70 12777
70 12788
70 12831
70 12835
70 12850
70 12854
70 12863
70 12869
70 12888
70 12894
70 12918
70 12919
70 12925
70 12931
70 12939
70 12947
70 12950
70 12959
70 12961
70 12965
70 12969
70 12974
70 12982
70 12988
70 12989
70 12997
70 13008
70 13017
70 13028
70 13032
70 13073
70 13077
70 13079
70 13088
70 13090
70 13091
70 13096
70 13099
70 13118
70 13124
70 13143
70 13150
70 13161
70 13178
70 13197
70 13199
70 13202
70 13205
70 13209
70 13214
70 13218
70 13221
70 13237
70 13248
70 13264
70 13265
70 13288
70 13289
70 13290
70 13292
70 13295
70 13303
70 13305
70 13328
70 13339
70 13342
70 13344
70 13363
70 13373
70 13374
70 13394
70 13399
70 13411
70 13415
70 13417
70 13421
70 13425
70 13453
70 13455
70 13463
70 13472
70 13476
70 13496
70 13509
70 13511
70 13512
70 13519
70 13522
70 13523
70 13525
70 13527
70 13539
70 13543
70 13544
70 13546
70 13566
70 13576
70 13577
70 13579
70 13594
70 13596
70 13607
70 13609
70 13610
70 13618
70 13628
70 13630
70 13640
70 13644
70 13645
70 13651
70 13658
70 13668
70 13678
70 13686
70 13687
70 13692
70 13693
70 13694
70 13697
70 13705
70 13715
70 13720
70 13727
70 13739
70 13753
70 13761
70 13771
70 13809
70 13817
70 13820
70 13822
70 13829
70 13837
70 13855
70 13866
70 13867
70 13875
70 13886
70 13894
70 13910
70 13914
70 13915
70 13921
70 13922
70 13924
70 13949
70 13955
70 13958
70 13967
70 13979
70 13989
70 13990
70 13991
70 13993
70 14017
70 14023
70 14030
70 14045
70 14051
70 14071
70 14083
70 14091
70 14101
70 14103
70 14114
70 14128
70 14132
70 14133
70 14134
70 14140
70 14142
70 14156
70 14158
70 14159
70 14160
70 14173
70 14175
70 14176
70 14180
70 14185
70 14191
70 14193
70 14211
70 14213
70 14221
70 14225
70 14228
70 14238
70 14251
70 14254
70 14266
70 14270
70 14285
70 14286
70 14293
70 14295
70 14300
70 14303
70 14306
70 14310
70 14323
70 14330
70 14343
70 14368
70 14384
70 14420
70 14424
70 14438
70 14444
70 14453
70 14474
70 14475
70 14482
70 14488
70 14493
70 14505
70 14507
70 14513
70 14516
70 14519
70 14525
70 14536
70 14545
70 14555
70 14557
70 14562
70 14572
70 14574
70 14575
70 14587
70 14592
70 14600
70 14620
70 14629
70 14641
70 14654
70 14671
70 14683
70 14686
70 14691
70 14696
70 14701
70 14704
70 14706
70 14716
70 14719
70 14724
70 14741
70 14752
70 14753
70 14758
70 14762
70 14769
70 14774
70 14775
70 14777
70 14790
70 14798
70 14805
70 14815
70 14816
70 14835
70 14843
70 14851
70 14862
70 14864
70 14866
70 14875
70 14877
70 14881
70 14886
70 14892
70 14909
70 14911
70 14916
70 14920
70 14932
70 14947
70 14948
70 14954
70 14961
70 14962
70 14966
70 14970
70 14972
70 14982
70 14995
70 15000
70 15002
70 15006
70 15011
70 15013
70 15033
70 15035
70 15040
70 15050
70 15072
70 15105
70 15110
70 15117
70 15127
70 15136
70 15139
70 15142
70 15153
70 15156
70 15163
70 15170
70 15172
70 15181
70 15183
70 15211
70 15219
70 15229
70 15238
70 15239
70 15252
70 15265
70 15278
70 15286
70 15288
70 15292
70 15298
70 15308
70 15315
70 15316
70 15325
70 15326
70 15332
70 15337
70 15350
70 15355
70 15360
70 15362
70 15374
70 15377
70 15399
70 15415
70 15427
70 15432
70 15435
70 15436
70 15437
70 15447
70 15452
70 15456
70 15471
70 15477
70 15490
70 15492
70 15494
70 15499
70 15501
70 15519
70 15520
70 15533
70 15540
70 15551
70 15557
70 15559
70 15578
70 15582
70 15591
70 15612
70 15623
70 15625
70 15626
70 15633
70 15640
70 15642
70 15669
70 15697
70 15698
70 15713
70 15718
70 15721
70 15739
70 15740
70 15742
70 15744
70 15747
70 15752
70 15753
70 15765
70 15793
70 15823
70 15837
70 15848
70 15852
70 15857
70 15860
70 15867
70 15873
70 15880
70 15881
70 15908
70 15915
70 15923
70 15931
70 15933
70 15935
70 15938
70 15947
70 15949
70 15953
70 15957
70 15960
70 15963
70 15964
70 15975
70 15987
70 16001
70 16010
70 16023
70 16041
70 16045
70 16067
70 16083
70 16084
70 16085
70 16091
70 16096
70 16099
70 16105
70 16108
70 16110
70 16130
70 16141
70 16146
70 16149
70 16155
70 16156
70 16159
70 16167
70 16170
70 16173
70 16175
70 16179
70 16185
70 16187
70 16190
70 16198
70 16200
70 16204
70 16206
70 16207
70 16219
70 16231
70 16232
70 16237
70 16240
70 16261
70 16267
70 16274
70 16284
70 16287
70 16290
70 16293
70 16296
70 16298
70 16301
70 16304
70 16317
70 16324
70 16329
70 16331
70 16345
70 16351
70 16355
70 16377
70 16378
70 16383
70 16387
70 16390
70 16397
70 16407
70 16409
70 16411
70 16412
70 16414
70 16416
70 16420
70 16422
70 16429
70 16457
70 16463
70 16477
70 16484
70 16495
70 16497
70 16504
70 16509
70 16511
70 16514
70 16539
70 16547
70 16551
70 16555
70 16557
70 16570
70 16584
70 16586
70 16595
70 16602
70 16605
70 16615
70 16629
70 16635
70 16646
70 16662
70 16672
70 16674
70 16689
70 16735
70 16739
70 16742
70 16748
70 16751
70 16752
70 16757
70 16762
70 16763
70 16779
70 16794
70 16800
70 16808
70 16813
70 16823
70 16835
70 16856
70 16869
70 16877
70 16899
70 16905
70 16909
70 16913
70 16922
70 16934
70 16940
70 16955
70 16959
70 16964
70 16987
70 16991
70 17005
70 17011
70 17013
70 17014
70 17017
70 17026
70 17027
70 17030
70 17036
70 17044
70 17049
70 17060
70 17067
70 17071
70 17076
70 17090
70 17092
70 17099
70 17127
70 17131
70 17145
70 17152
70 17155
70 17158
70 17160
70 17164
70 17166
70 17170
70 17184
70 17187
70 17198
70 17204
70 17211
70 17212
70 17221
70 17242
70 17244
70 17253
70 17268
70 17269
70 17290
70 17295
70 17307
70 17314
70 17316
70 17317
70 17324
70 17326
70 17328
70 17331
70 17335
70 17350
70 17352
70 17357
70 17370
70 17380
70 17388
70 17394
70 17397
70 17400
70 17402
70 17407
70 17419
70 17427
70 17450
70 17453
70 17455
70 17457
70 17458
70 17461
70 17463
70 17467
70 17469
70 17471
70 17473
70 17483
70 17485
70 17491
70 17495
70 17505
70 17520
70 17522
70 17529
70 17531
70 17532
70 17554
70 17560
70 17563
70 17567
70 17580
70 17586
70 17606
70 17609
70 17610
70 17612
70 17613
70 17628
70 17637
70 17651
70 17655
70 17667
70 17675
70 17677
70 17686
70 17687
70 17699
70 17705
70 17706
70 17708
70 17742
70 17744
70 17749
70 17752
70 17760
70 17761
70 17764
70 17767
70 17770
70 17774
70 17781
70 17785
70 17791
70 17794
70 17796
70 17804
70 17808
70 17809
70 17810
70 17816
70 17826
70 17850
70 17856
70 17857
70 17868
70 17893
70 17894
70 17895
70 17905
70 17911
70 17915
70 17921
70 17925
70 17950
70 17951
70 17953
70 17961
70 17964
70 17971
70 17973
70 17992
70 18007
70 18017
70 18020
70 18031
70 18033
70 18052
70 18056
70 18062
70 18073
70 18085
70 18090
70 18097
70 18105
70 18110
70 18131
70 18141
70 18147
70 18151
70 18158
70 18164
70 18167
70 18181
70 18202
70 18208
70 18210
70 18222
70 18227
70 18231
70 18233
70 18260
70 18264
70 18272
70 18285
70 18310
70 18316
70 18318
70 18321
70 18339
70 18348
70 18352
70 18373
70 18386
70 18390
70 18397
70 18408
70 18409
70 18427
70 18438
70 18442
70 18456
70 18465
70 18471
70 18477
70 18492
70 18496
70 18510
70 18525
70 18527
70 18563
70 18564
70 18568
70 18573
70 18579
70 18606
70 18616
70 18619
70 18628
70 18636
70 18648
70 18658
70 18661
70 18665
70 18704
70 18705
70 18712
70 18729
70 18738
70 18740
70 18744
70 18745
70 18755
70 18766
70 18777
70 18786
70 18792
70 18804
70 18811
70 18836
70 18843
70 18845
70 18847
70 18849
70 18872
70 18874
70 18876
70 18889
70 18898
70 18902
70 18906
70 18908
70 18911
70 18921
70 18937
70 18938
70 18951
70 18957
70 18962
70 18963
70 18971
70 18973
70 18977
70 18978
70 18991
70 18998
70 19007
70 19009
70 19023
70 19031
70 19035
70 19045
70 19052
70 19053
70 19054
70 19074
70 19076
70 19082
70 19090
70 19091
70 19101
70 19107
70 19108
70 19139
70 19147
70 19162
70 19169
70 19179
70 19187
70 19201
70 19202
70 19219
70 19220
70 19223
70 19230
70 19233
70 19234
70 19240
70 19248
70 19251
70 19265
70 19267
70 19277
70 19280
70 19282
70 19285
70 19289
70 19291
70 19293
70 19297
70 19303
70 19306
70 19307
70 19319
70 19341
70 19345
70 19351
70 19377
70 19380
70 19382
70 19384
70 19390
70 19392
70 19396
70 19408
70 19409
70 19412
70 19414
70 19442
70 19454
70 19473
70 19483
70 19485
70 19489
70 19496
70 19521
70 19535
70 19545
70 19559
70 19572
70 19578
70 19594
70 19607
70 19624
70 19625
70 19626
70 19630
70 19632
70 19684
70 19685
70 19689
70 19691
70 19692
70 19697
70 19713
70 19718
70 19724
70 19740
70 19747
70 19748
70 19750
70 19751
70 19753
70 19770
70 19779
70 19783
70 19790
70 19793
70 19794
70 19799
70 19808
70 19815
70 19826
70 19850
70 19851
70 19853
70 19862
70 19866
70 19869
70 19883
70 19896
70 19902
70 19907
70 19922
70 19923
70 19925
70 19932
70 19933
70 19979
70 19984
70 19987
70 19990
70 19998
70 20001
70 20005
70 20019
70 20024
70 20034
70 20035
70 20041
70 20043
70 20046
70 20048
70 20051
70 20055
70 20065
70 20067
70 20098
70 20106
70 20109
70 20112
70 20120
70 20122
70 20123
70 20129
70 20134
70 20140
70 20150
70 20157
70 20158
70 20175
70 20188
70 20200
70 20202
70 20207
70 20210
70 20223
70 20230
70 20231
70 20271
70 20276
70 20277
70 20285
70 20286
70 20289
70 20306
70 20314
70 20318
70 20319
70 20331
70 20338
70 20348
70 20349
70 20358
70 20364
70 20391
70 20394
70 20404
70 20405
70 20409
70 20433
70 20444
70 20447
70 20456
70 20460
70 20464
70 20475
70 20479
70 20490
70 20491
70 20513
70 20525
70 20527
70 20533
70 20546
70 20570
70 20572
70 20576
70 20579
70 20582
70 20588
70 20595
70 20613
70 20619
70 20620
70 20639
70 20642
70 20654
70 20655
70 20670
70 20678
70 20683
70 20689
70 20691
70 20710
70 20750
70 20751
70 20757
70 20776
70 20781
70 20795
70 20804
70 20819
70 20822
70 20823
70 20824
70 20836
70 20839
70 20860
70 20864
70 20865
70 20874
70 20886
70 20890
70 20891
70 20893
70 20924
70 20927
70 20932
70 20940
70 20944
70 20945
70 20956
70 20965
70 20991
70 20998
70 21003
70 21005
70 21006
70 21024
70 21025
70 21032
70 21034
70 21037
70 21038
70 21052
70 21054
70 21057
70 21059
70 21060
70 21062
70 21068
70 21076
70 21080
70 21089
70 21109
70 21110
70 21112
70 21113
70 21114
70 21117
70 21124
70 21142
70 21149
70 21150
70 21154
70 21157
70 21159
70 21162
70 21163
70 21164
70 21174
70 21179
70 21180
70 21188
70 21200
70 21204
70 21215
70 21217
70 21227
70 21237
70 21240
70 21247
70 21248
70 21254
70 21265
70 21267
70 21269
70 21271
70 21274
70 21276
70 21289
70 21291
70 21296
70 21299
70 21320
70 21350
70 21367
70 21377
70 21401
70 21411
70 21415
70 21422
70 21423
70 21444
70 21455
70 21466
70 21468
70 21472
70 21473
70 21476
70 21483
70 21492
70 21497
70 21498
70 21500
70 21506
70 21510
70 21518
70 21520
70 21529
70 21542
70 21546
70 21547
70 21563
70 21564
70 21570
70 21574
70 21576
70 21577
70 21585
70 21587
70 21592
70 21597
70 21605
70 21629
70 21631
70 21633
70 21640
70 21647
70 21664
70 21678
70 21691
70 21697
70 21707
70 21726
70 21728
70 21732
70 21735
70 21750
70 21765
70 21768
70 21771
70 21772
70 21775
70 21782
70 21788
70 21793
70 21800
70 21806
70 21821
70 21828
70 21832
70 21833
70 21837
70 21842
70 21852
70 21862
70 21871
70 21880
70 21881
70 21889
70 21890
70 21893
70 21896
70 21908
70 21917
70 21932
70 21934
70 21935
70 21941
70 21947
70 21949
70 21953
70 21956
70 21959
70 21965
70 21970
70 21981
70 21999
70 22000
70 22004
70 22006
70 22030
70 22037
70 22039
70 22062
70 22067
70 22084
70 22090
70 22096
70 22098
70 22104
70 22111
70 22115
70 22146
70 22149
70 22152
70 22160
70 22173
70 22178
70 22182
70 22184
70 22191
70 22204
70 22223
70 22231
70 22242
70 22253
70 22262
70 22274
70 22286
70 22293
70 22295
70 22299
70 22307
70 22312
70 22313
70 22319
70 22320
70 22322
70 22332
70 22340
70 22358
70 22362
70 22378
70 22384
70 22387
70 22393
70 22409
70 22412
70 22422
70 22425
70 22465
70 22475
70 22492
70 22493
70 22496
70 22503
70 22505
70 22512
70 22517
70 22522
70 22529
70 22533
70 22551
70 22552
70 22557
70 22559
70 22560
70 22567
70 22580
70 22586
70 22600
70 22621
70 22633
70 22653
70 22658
70 22660
70 22668
70 22671
70 22697
70 22707
70 22718
70 22721
70 22729
70 22731
70 22769
70 22775
70 22783
70 22784
70 22792
70 22811
70 22813
70 22817
70 22826
70 22844
70 22845
70 22858
70 22862
70 22867
70 22871
70 22872
70 22878
70 22890
70 22920
70 22923
70 22940
70 22951
70 22960
70 22984
70 22988
70 22989
70 22992
70 22999
70 23010
70 23011
70 23020
70 23031
70 23034
70 23039
70 23046
70 23058
70 23068
70 23075
70 23077
70 23080
70 23087
70 23109
70 23126
70 23132
70 23134
70 23151
70 23166
70 23177
70 23178
70 23179
70 23191
70 23194
70 23196
70 23206
70 23238
70 23239
70 23244
70 23256
70 23260
70 23271
70 23278
70 23280
70 23285
70 23299
70 23305
70 23306
70 23314
70 23315
70 23316
70 23321
70 23333
70 23335
70 23344
70 23349
70 23352
70 23365
70 23369
70 23370
70 23381
70 23382
70 23390
70 23395
70 23410
70 23415
70 23419
70 23430
70 23433
70 23437
70 23440
70 23445
70 23464
70 23471
70 23474
70 23475
70 23476
70 23486
70 23493
70 23502
70 23506
70 23509
70 23521
70 23523
70 23528
70 23534
70 23550
70 23553
70 23556
70 23570
70 23583
70 23587
70 23600
70 23611
70 23615
70 23620
70 23627
70 23632
70 23682
70 23686
70 23698
70 23702
70 23716
70 23717
70 23721
70 23728
70 23732
70 23748
70 23753
70 23765
70 23776
70 23794
70 23795
70 23804
70 23806
70 23808
70 23809
70 23833
70 23844
70 23846
70 23847
70 23861
70 23863
70 23864
70 23867
70 23873
70 23874
70 23885
70 23888
70 23898
70 23900
70 23908
70 23911
70 23920
70 23923
70 23931
70 23936
70 23947
70 23948
70 23952
70 23955
70 23970
70 23977
70 23979
70 23983
70 23988
70 24002
70 24009
70 24035
70 24042
70 24047
70 24053
70 24072
70 24078
70 24090
70 24100
70 24106
70 24108
70 24121
70 24134
70 24140
70 24150
70 24158
70 24160
70 24169
70 24171
70 24176
70 24180
70 24183
70 24188
70 24192
70 24195
70 24197
70 24221
70 24223
70 24250
70 24252
70 24253
70 24256
70 24257
70 24260
70 24269
70 24271
70 24287
70 24292
70 24294
70 24295
70 24306
70 24330
70 24337
70 24351
70 24354
70 24368
70 24377
70 24381
70 24382
70 24391
70 24399
70 24402
70 24408
70 24418
70 24426
70 24429
70 24436
70 24448
70 24454
70 24497
70 24502
70 24505
70 24508
70 24510
70 24512
70 24516
70 24532
70 24537
70 24564
70 24572
70 24577
70 24618
70 24622
70 24632
70 24638
70 24641
70 24646
70 24650
70 24658
70 24674
70 24675
70 24691
70 24695
70 24698
70 24701
70 24722
70 24725
70 24730
70 24739
70 24755
70 24758
70 24769
70 24773
70 24775
70 24783
70 24786
70 24792
70 24798
70 24799
70 24808
70 24811
70 24812
70 24818
70 24824
70 24834
70 24856
70 24863
70 24865
70 24867
70 24875
70 24885
70 24887
70 24898
70 24904
70 24919
70 24920
70 24925
70 24930
70 24934
70 24936
70 24947
70 24965
70 24970
70 24974
70 24976
70 24983
70 24984
70 24997
70 25001
70 25005
70 25010
70 25017
70 25020
70 25038
70 25040
70 25049
70 25052
70 25057
70 25060
70 25073
70 25085
70 25088
70 25099
70 25142
70 25154
70 25168
70 25170
70 25187
70 25188
70 25194
70 25198
70 25200
70 25210
70 25217
70 25221
70 25226
70 25247
70 25259
70 25266
70 25268
70 25283
70 25302
70 25316
70 25331
70 25335
70 25348
70 25358
70 25365
70 25366
70 25369
70 25372
70 25379
70 25381
70 25386
70 25388
70 25391
70 25394
70 25415
70 25416
70 25420
70 25423
70 25427
70 25429
70 25454
70 25459
70 25461
70 25465
70 25470
70 25475
70 25481
70 25490
70 25507
70 25508
70 25510
70 25517
70 25518
70 25522
70 25531
70 25539
70 25550
70 25554
70 25566
70 25573
70 25587
70 25604
70 25605
70 25614
70 25620
70 25631
70 25639
70 25649
70 25671
70 25673
70 25681
70 25685
70 25690
70 25719
70 25725
70 25726
70 25735
70 25771
70 25773
70 25780
70 25788
70 25799
70 25801
70 25814
70 25815
70 25817
70 25824
70 25833
70 25836
70 25847
70 25850
70 25856
70 25857
70 25862
70 25865
70 25871
70 25872
70 25878
70 25879
70 25881
70 25882
70 25910
70 25942
70 25943
70 25951
70 25954
70 25973
70 25977
70 25978
70 25994
70 26003
70 26006
70 26012
70 26023
70 26030
70 26043
70 26045
70 26053
70 26057
70 26059
70 26063
70 26067
70 26068
70 26095
70 26118
70 26122
70 26129
70 26133
70 26135
70 26136
70 26144
70 26147
70 26156
70 26167
70 26176
70 26179
70 26183
70 26191
70 26195
70 26200
70 26207
70 26209
70 26214
70 26215
70 26223
70 26232
70 26245
70 26251
70 26285
70 26293
70 26298
70 26299
70 26305
70 26306
70 26307
70 26313
70 26316
70 26322
70 26325
70 26336
70 26342
70 26345
70 26348
70 26349
70 26355
70 26371
70 26377
70 26382
70 26384
70 26386
70 26387
70 26397
70 26401
70 26403
70 26418
70 26438
70 26441
70 26469
70 26488
70 26497
70 26500
70 26505
70 26508
70 26513
70 26515
70 26545
70 26591
70 26593
70 26596
70 26599
70 26602
70 26605
70 26644
70 26645
70 26651
70 26652
70 26666
70 26671
70 26692
70 26699
70 26701
70 26706
70 26718
70 26724
70 26739
70 26742
70 26745
70 26753
70 26773
70 26776
70 26780
70 26786
70 26791
70 26822
70 26825
70 26830
70 26836
70 26843
70 26846
70 26852
70 26860
70 26884
70 26886
70 26894
70 26897
70 26900
70 26919
70 26924
70 26929
70 26931
70 26932
70 26933
70 26943
70 26946
70 26954
70 26973
70 26980
70 26981
70 26983
70 26984
70 26997
70 27012
70 27013
70 27019
70 27022
70 27066
70 27071
70 27089
70 27092
70 27095
70 27104
70 27134
70 27142
70 27146
70 27172
70 27173
70 27175
70 27178
70 27189
70 27193
70 27198
70 27201
70 27211
70 27214
70 27221
70 27224
70 27240
70 27254
70 27255
70 27260
70 27262
70 27264
70 27267
70 27271
70 27272
70 27284
70 27298
70 27306
70 27311
70 27313
70 27317
70 27318
70 27323
70 27329
70 27334
70 27336
70 27340
70 27355
70 27357
70 27361
70 27370
70 27378
70 27389
70 27390
70 27397
70 27405
70 27406
70 27415
70 27444
70 27446
70 27453
70 27458
70 27474
70 27476
70 27492
70 27496
70 27504
70 27510
70 27519
70 27523
70 27524
70 27526
70 27528
70 27531
70 27533
70 27537
70 27541
70 27546
70 27547
70 27554
70 27568
70 27570
70 27574
70 27586
70 27595
70 27603
70 27604
70 27625
70 27626
70 27627
70 27656
70 27667
70 27674
70 27677
70 27687
70 27702
70 27705
70 27707
70 27716
70 27730
70 27731
70 27733
70 27736
70 27742
70 27743
70 27749
70 27751
70 27753
70 27772
70 27775
70 27780
70 27781
70 27785
70 27786
70 27790
70 27792
70 27793
70 27801
70 27810
70 27811
70 27834
70 27835
70 27841
70 27854
70 27869
70 27872
70 27889
70 27898
70 27899
70 27908
70 27914
70 27918
70 27922
70 27930
70 27941
70 27946
70 27950
70 27952
70 27959
70 27963
70 27968
70 27992
70 27995
70 28028
70 28046
70 28048
70 28064
70 28069
70 28072
70 28090
70 28091
70 28094
70 28117
70 28130
70 28134
70 28142
70 28187
70 28192
70 28203
70 28225
70 28229
70 28240
70 28243
70 28244
70 28260
70 28264
70 28274
70 28304
70 28311
70 28325
70 28329
70 28332
70 28348
70 28351
70 28356
70 28362
70 28366
70 28369
70 28375
70 28379
70 28381
70 28391
70 28416
70 28423
70 28443
70 28445
70 28451
70 28466
70 28469
70 28473
70 28482
70 28483
70 28489
70 28502
70 28506
70 28521
70 28530
70 28534
70 28539
70 28540
70 28555
70 28556
70 28557
70 28558
70 28563
70 28564
70 28569
70 28574
70 28575
70 28582
70 28585
70 28597
70 28599
70 28610
70 28612
70 28623
70 28627
70 28628
70 28645
70 28658
70 28676
70 28687
70 28695
70 28712
70 28720
70 28739
70 28744
70 28745
70 28770
70 28772
70 28775
70 28776
70 28780
70 28781
70 28793
70 28800
70 28804
70 28816
70 28818
70 28825
70 28847
70 28868
70 28874
70 28876
70 28877
70 28879
70 28883
70 28884
70 28906
70 28913
70 28915
70 28919
70 28920
70 28926
70 28937
70 28939
70 28953
70 28964
70 28966
70 28989
70 28997
70 29002
70 29006
70 29012
70 29014
70 29019
70 29031
70 29034
70 29041
70 29044
70 29050
70 29051
70 29060
70 29062
70 29067
70 29072
70 29073
70 29075
70 29087
70 29093
70 29099
70 29117
70 29120
70 29121
70 29126
70 29141
70 29142
70 29150
70 29158
70 29162
70 29170
70 29177
70 29184
70 29186
70 29194
70 29204
70 29223
70 29246
70 29249
70 29254
70 29258
70 29264
70 29268
70 29272
70 29287
70 29289
70 29294
70 29300
70 29302
70 29306
70 29309
70 29312
70 29314
70 29315
70 29320
70 29322
70 29329
70 29333
70 29337
70 29338
70 29340
70 29357
70 29360
70 29366
70 29377
70 29380
70 29386
70 29396
70 29401
70 29408
70 29415
70 29416
70 29422
70 29429
70 29442
70 29452
70 29456
70 29464
70 29480
70 29491
70 29508
70 29510
70 29516
70 29534
70 29547
70 29549
70 29551
70 29554
70 29574
70 29577
70 29591
70 29594
70 29600
70 29619
70 29621
70 29626
70 29638
70 29644
70 29646
70 29648
70 29650
70 29658
70 29661
70 29672
70 29680
70 29693
70 29701
70 29703
70 29711
70 29715
70 29720
70 29721
70 29735
70 29745
70 29753
70 29756
70 29761
70 29767
70 29778
70 29780
70 29781
70 29782
70 29783
70 29799
70 29807
70 29811
70 29812
70 29817
70 29821
70 29823
70 29831
70 29832
70 29841
70 29844
70 29854
70 29856
70 29857
70 29861
70 29867
70 29872
70 29896
70 29906
70 29907
70 29910
70 29914
70 29926
70 29928
70 29935
70 29937
70 29971
70 29981
70 29995
70 30001
70 30004
70 30005
70 30019
70 30023
70 30041
70 30045
70 30052
70 30066
70 30070
70 30085
70 30093
70 30098
70 30111
70 30118
70 30120
70 30138
70 30152
70 30160
70 30167
70 30180
70 30183
70 30184
70 30203
70 30208
70 30225
70 30253
70 30289
70 30299
70 30310
70 30313
70 30316
70 30326
70 30327
70 30328
70 30331
70 30345
70 30349
70 30387
70 30390
70 30392
70 30395
70 30399
70 30409
70 30411
70 30427
70 30432
70 30437
70 30439
70 30447
70 30458
70 30466
70 30470
70 30473
70 30488
70 30492
70 30496
70 30502
70 30514
70 30516
70 30528
70 30543
70 30545
70 30547
70 30562
70 30581
70 30589
70 30591
70 30597
70 30625
70 30626
70 30628
70 30629
70 30637
70 30638
70 30647
70 30651
70 30652
70 30654
70 30657
70 30670
70 30674
70 30679
70 30688
70 30689
70 30690
70 30693
70 30695
70 30698
70 30700
70 30703
70 30707
70 30708
70 30709
70 30712
70 30718
70 30724
70 30728
70 30736
70 30747
70 30768
70 30774
70 30775
70 30779
70 30785
70 30788
70 30792
70 30800
70 30801
70 30811
70 30812
70 30828
70 30853
70 30860
70 30863
70 30872
70 30879
70 30881
70 30882
70 30887
70 30899
70 30905
70 30906
70 30933
70 30940
70 30951
70 30961
70 30963
70 30971
70 30974
70 30978
70 30984
70 30992
70 30998
70 31000
70 31001
70 31007
70 31026
70 31028
70 31039
70 31048
70 31049
70 31073
70 31084
70 31094
70 31101
70 31107
70 31120
70 31125
70 31132
70 31148
70 31154
70 31160
70 31162
70 31172
70 31178
70 31186
70 31190
70 31192
70 31196
70 31204
70 31207
70 31209
70 31230
70 31236
70 31240
70 31246
70 31247
70 31248
70 31250
70 31251
70 31267
70 31271
70 31276
70 31291
70 31292
70 31293
70 31298
70 31301
70 31303
70 31311
70 31312
70 31314
70 31333
70 31334
70 31336
70 31345
70 31346
70 31350
70 31384
70 31408
70 31415
70 31442
70 31445
70 31448
70 31449
70 31478
70 31496
70 31502
70 31507
70 31510
70 31522
70 31537
70 31540
70 31544
70 31553
70 31556
70 31567
70 31569
70 31579
70 31580
70 31581
70 31585
70 31590
70 31601
70 31607
70 31617
70 31622
70 31625
70 31626
70 31629
70 31639
70 31645
70 31647
70 31660
70 31678
70 31696
70 31698
70 31712
70 31716
70 31720
70 31725
70 31735
70 31737
70 31738
70 31745
70 31758
70 31759
70 31763
70 31781
70 31786
70 31787
70 31790
70 31791
70 31811
70 31813
70 31830
70 31835
70 31842
70 31843
70 31867
70 31873
70 31895
70 31902
70 31905
70 31906
70 31909
70 31910
70 31915
70 31917
70 31930
70 31972
70 31973
70 31975
70 31982
70 31989
70 31999
70 32006
70 32010
70 32013
70 32025
70 32028
70 32037
70 32040
70 32048
70 32049
70 32051
70 32058
70 32076
70 32079
70 32080
70 32114
70 32128
70 32132
70 32138
70 32139
70 32141
70 32169
70 32173
70 32176
70 32178
70 32179
70 32206
70 32211
70 32212
70 32215
70 32216
70 32220
70 32223
70 32228
70 32242
70 32247
70 32250
70 32251
70 32287
70 32288
70 32308
70 32315
70 32325
70 32338
70 32345
70 32348
70 32353
70 32360
70 32369
70 32373
70 32379
70 32388
70 32407
70 32420
70 32428
70 32439
70 32444
70 32458
70 32463
70 32468
70 32469
70 32483
70 32485
70 32493
70 32495
70 32496
70 32522
70 32523
70 32525
70 32560
70 32570
70 32575
70 32580
70 32585
70 32594
70 32613
70 32622
70 32626
70 32639
70 32653
70 32657
70 32665
70 32686
70 32719
70 32721
70 32727
70 32736
70 32741
70 32743
70 32745
70 32746
70 32748
70 32757
70 32764
70 32765
70 32774
70 32775
70 32779
70 32780
70 32783
70 32789
70 32796
70 32799
70 32807
70 32817
70 32825
70 32832
70 32836
70 32844
70 32850
70 32857
70 32874
70 32878
70 32884
70 32899
70 32901
70 32902
70 32910
70 32930
70 32944
70 32946
70 32947
70 32948
70 32958
70 32962
70 32984
70 32988
70 32991
70 32996
70 33002
70 33006
70 33007
70 33019
70 33040
70 33049
70 33057
70 33059
70 33065
70 33070
70 33075
70 33113
70 33129
70 33134
70 33139
70 33146
70 33151
70 33174
70 33175
70 33178
70 33182
70 33185
70 33194
70 33199
70 33202
70 33208
70 33216
70 33223
70 33238
70 33251
70 33261
70 33275
70 33285
70 33290
70 33299
70 33301
70 33319
70 33323
70 33324
70 33331
70 33343
70 33344
70 33345
70 33348
70 33352
70 33354
70 33367
70 33372
70 33375
70 33382
70 33383
70 33384
70 33387
70 33393
70 33405
70 33409
70 33421
70 33429
70 33433
70 33435
70 33439
70 33443
70 33446
70 33458
70 33462
70 33471
70 33490
70 33491
70 33499
70 33522
70 33524
70 33531
70 33533
70 33553
70 33575
70 33580
70 33593
70 33597
70 33599
70 33600
70 33604
70 33617
70 33622
70 33623
70 33630
70 33635
70 33649
70 33659
70 33665
70 33702
70 33715
70 33718
70 33719
70 33728
70 33746
70 33750
70 33751
70 33753
70 33755
70 33756
70 33765
70 33774
70 33782
70 33811
70 33813
70 33827
70 33831
70 33843
70 33865
70 33870
70 33874
70 33880
70 33886
70 33897
70 33900
70 33920
70 33926
70 33934
70 33936
70 33937
70 33945
70 33964
70 33970
70 33975
70 33983
70 33995
70 33998
70 34002
70 34012
70 34044
70 34048
70 34057
70 34059
70 34066
70 34071
70 34076
70 34084
70 34137
70 34139
70 34148
70 34152
70 34153
70 34156
70 34164
70 34165
70 34174
70 34175
70 34176
70 34178
70 34198
70 34209
70 34213
70 34217
70 34219
70 34223
70 34226
70 34240
70 34248
70 34258
70 34259
70 34268
70 34271
70 34283
70 34285
70 34289
70 34313
70 34317
70 34319
70 34322
70 34328
70 34339
70 34341
70 34343
70 34344
70 34358
70 34369
70 34379
70 34383
70 34398
70 34400
70 34401
70 34403
70 34408
70 34441
70 34443
70 34488
70 34490
70 34497
70 34504
70 34513
70 34519
70 34533
70 34536
70 34562
70 34566
70 34597
70 34618
70 34622
70 34632
70 34642
70 34643
70 34644
70 34645
70 34654
70 34657
70 34665
70 34666
70 34687
70 34689
70 34695
70 34697
70 34703
70 34704
70 34708
70 34723
70 34724
70 34769
70 34790
70 34796
70 34804
70 34807
70 34824
70 34827
70 34859
70 34864
70 34874
70 34899
70 34902
70 34907
70 34908
70 34921
70 34923
70 34924
70 34932
70 34938
70 34950
70 34951
70 34952
70 34954
70 34961
70 34964
70 34969
70 34973
70 34974
70 34982
70 34987
70 34988
70 34995
70 34999
70 35005
70 35019
70 35027
70 35034
70 35036
70 35038
70 35049
70 35053
70 35061
70 35062
70 35063
70 35067
70 35071
70 35079
70 35082
70 35088
70 35103
70 35109
70 35112
70 35117
70 35131
70 35136
70 35140
70 35165
70 35181
70 35186
70 35192
70 35194
70 35195
70 35197
70 35201
70 35208
70 35215
70 35217
70 35230
70 35243
70 35246
70 35249
70 35254
70 35260
70 35262
70 35270
70 35272
70 35274
70 35278
70 35294
70 35297
70 35299
70 35312
70 35323
70 35325
70 35327
70 35339
70 35348
70 35352
70 35355
70 35365
70 35369
70 35372
70 35373
70 35379
70 35386
70 35406
70 35409
70 35418
70 35425
70 35436
70 35441
70 35467
70 35469
70 35490
70 35500
70 35501
70 35506
70 35508
70 35527
70 35534
70 35566
70 35568
70 35575
70 35577
70 35582
70 35583
70 35586
70 35594
70 35599
70 35614
70 35617
70 35630
70 35631
70 35641
70 35642
70 35659
70 35680
70 35686
70 35692
70 35701
70 35707
70 35713
70 35722
70 35744
70 35756
70 35765
70 35772
70 35773
70 35778
70 35780
70 35783
70 35789
70 35824
70 35825
70 35839
70 35844
70 35848
70 35852
70 35854
70 35871
70 35875
70 35878
70 35889
70 35900
70 35905
70 35910
70 35912
70 35937
70 35961
70 35973
70 35986
70 35992
70 36017
70 36027
70 36046
70 36048
70 36050
70 36051
70 36062
70 36069
70 36071
70 36075
70 36077
70 36079
70 36082
70 36106
70 36113
70 36118
70 36134
70 36152
70 36156
70 36158
70 36160
70 36167
70 36173
70 36183
70 36193
70 36198
70 36203
70 36208
70 36213
70 36214
70 36215
70 36218
70 36238
70 36239
70 36252
70 36254
70 36285
70 36286
70 36288
70 36292
70 36295
70 36300
70 36301
70 36304
70 36306
70 36311
70 36315
70 36337
70 36350
70 36358
70 36378
70 36384
70 36387
70 36393
70 36398
70 36405
70 36407
70 36414
70 36416
70 36418
70 36421
70 36433
70 36438
70 36455
70 36457
70 36464
70 36470
70 36471
70 36474
70 36482
70 36486
70 36489
70 36517
70 36521
70 36523
70 36526
70 36530
70 36539
70 36542
70 36555
70 36563
70 36565
70 36582
70 36588
70 36590
70 36591
70 36592
70 36619
70 36622
70 36625
70 36626
70 36627
70 36639
70 36641
70 36645
70 36650
70 36658
70 36683
70 36699
70 36705
70 36716
70 36725
70 36733
70 36734
70 36735
70 36746
70 36749
70 36755
70 36757
70 36758
70 36792
70 36808
70 36811
70 36812
70 36814
70 36820
70 36825
70 36833
70 36840
70 36856
70 36862
70 36877
70 36918
70 36926
70 36956
70 36958
70 36963
70 36971
70 36991
70 36996
70 37013
70 37022
70 37035
70 37038
70 37057
70 37098
70 37100
70 37109
70 37125
70 37129
70 37130
70 37135
70 37139
70 37147
70 37149
70 37153
70 37160
70 37173
70 37175
70 37181
70 37185
70 37208
70 37214
70 37215
70 37217
70 37226
70 37236
70 37239
70 37251
70 37258
70 37269
70 37279
70 37299
70 37306
70 37315
70 37327
70 37329
70 37356
70 37363
70 37370
70 37382
70 37386
70 37390
70 37409
70 37410
70 37417
70 37425
70 37430
70 37432
70 37439
70 37441
70 37453
70 37458
70 37460
70 37479
70 37489
70 37490
70 37498
70 37507
70 37516
70 37524
70 37527
70 37530
70 37535
70 37540
70 37559
70 37578
70 37580
70 37581
70 37586
70 37590
70 37596
70 37600
70 37617
70 37639
70 37647
70 37649
70 37692
70 37716
70 37720
70 37730
70 37733
70 37739
70 37751
70 37767
70 37776
70 37779
70 37784
70 37791
70 37804
70 37818
70 37820
70 37850
70 37862
70 37865
70 37873
70 37879
70 37894
70 37895
70 37897
70 37901
70 37922
70 37927
70 37935
70 37961
70 37964
70 37972
70 37984
70 37992
70 37993
70 37998
70 38007
70 38012
70 38033
70 38043
70 38045
70 38061
70 38065
70 38074
70 38077
70 38080
70 38088
70 38090
70 38095
70 38099
70 38106
70 38108
70 38110
70 38113
70 38115
70 38135
70 38160
70 38162
70 38173
70 38178
70 38183
70 38189
70 38211
70 38224
70 38250
70 38251
70 38262
70 38264
70 38268
70 38270
70 38281
70 38287
70 38290
70 38295
70 38304
70 38309
70 38319
70 38328
70 38331
70 38352
70 38359
70 38376
70 38396
70 38401
70 38402
70 38411
70 38425
70 38432
70 38435
70 38441
70 38442
70 38445
70 38453
70 38456
70 38457
70 38461
70 38466
70 38470
70 38472
70 38473
70 38488
70 38499
70 38506
70 38519
70 38521
70 38532
70 38533
70 38547
70 38556
70 38559
70 38588
70 38590
70 38602
70 38604
70 38605
70 38606
70 38613
70 38614
70 38627
70 38632
70 38642
70 38651
70 38656
70 38662
70 38667
70 38674
70 38679
70 38697
70 38699
70 38702
70 38703
70 38712
70 38720
70 38722
70 38725
70 38734
70 38745
70 38746
70 38751
70 38762
70 38764
70 38774
70 38780
70 38783
70 38810
70 38823
70 38825
70 38838
70 38842
70 38843
70 38855
70 38856
70 38858
70 38869
70 38872
70 38883
70 38886
70 38890
70 38892
70 38904
70 38907
70 38911
70 38927
70 38933
70 38934
70 38943
70 38952
70 38964
70 38970
70 38974
70 38980
70 38982
70 38987
70 38997
70 38999
70 39005
70 39010
70 39015
70 39025
70 39026
70 39027
70 39042
70 39069
70 39078
70 39084
70 39096
70 39112
70 39114
70 39122
70 39132
70 39135
70 39143
70 39160
70 39162
70 39166
70 39174
70 39176
70 39179
70 39193
70 39194
70 39197
70 39201
70 39204
70 39207
70 39215
70 39223
70 39245
70 39254
70 39260
70 39270
70 39274
70 39285
70 39287
70 39290
70 39313
70 39321
70 39324
70 39330
70 39336
70 39349
70 39370
70 39372
70 39387
70 39388
70 39399
70 39404
70 39408
70 39409
70 39410
70 39418
70 39434
70 39436
70 39463
70 39464
70 39467
70 39473
70 39490
70 39492
70 39495
70 39501
70 39530
70 39535
70 39538
70 39548
70 39570
70 39573
70 39577
70 39586
70 39588
70 39590
70 39605
70 39615
70 39618
70 39621
70 39622
70 39634
70 39637
70 39639
70 39651
70 39661
70 39669
70 39671
70 39674
70 39681
70 39709
70 39713
70 39722
70 39723
70 39752
70 39768
70 39772
70 39773
70 39777
70 39778
70 39781
70 39796
70 39803
70 39806
70 39814
70 39823
70 39833
70 39834
70 39835
70 39845
70 39857
70 39862
70 39863
70 39868
70 39870
70 39873
70 39879
70 39881
70 39886
70 39892
70 39893
70 39916
70 39933
70 39937
70 39945
70 39948
70 39953
70 39956
70 39957
70 39960
70 39963
70 39964
70 39968
70 39974
70 39975
70 39984
70 39989
70 39996
70 39997
70 40008
70 40011
70 40018
70 40019
70 40020
70 40022
70 40026
70 40031
70 40034
70 40043
70 40046
70 40048
70 40054
70 40059
70 40062
70 40064
70 40068
70 40069
70 40071
70 40074
70 40083
70 40090
70 40099
70 40100
70 40115
70 40119
70 40125
70 40134
70 40145
70 40170
70 40171
70 40174
70 40184
70 40188
70 40198
70 40203
70 40208
70 40210
70 40213
70 40217
70 40219
70 40235
70 40245
70 40250
70 40274
70 40281
70 40284
70 40288
70 40291
70 40294
70 40296
70 40306
70 40319
70 40326
70 40330
70 40342
70 40343
70 40347
70 40350
70 40360
70 40368
70 40369
70 40371
70 40373
70 40379
70 40380
70 40389
70 40390
70 40397
70 40399
70 40401
70 40402
70 40414
70 40429
70 40430
70 40447
70 40454
70 40456
70 40478
70 40479
70 40486
70 40489
70 40490
70 40499
70 40501
70 40504
70 40505
70 40512
70 40521
70 40528
70 40562
70 40572
70 40575
70 40581
70 40583
70 40587
70 40592
70 40613
70 40615
70 40621
70 40627
70 40628
70 40645
70 40647
70 40653
70 40655
70 40670
70 40688
70 40690
70 40699
70 40705
70 40730
70 40756
70 40757
70 40759
70 40769
70 40774
70 40785
70 40792
70 40800
70 40801
70 40803
70 40806
70 40811
70 40815
70 40833
70 40837
70 40840
70 40841
70 40846
70 40849
70 40867
70 40869
70 40877
70 40881
70 40883
70 40886
70 40899
70 40912
70 40913
70 40919
70 40926
70 40928
70 40940
70 40956
70 40963
70 40995
70 40998
70 40999
70 41000
70 41004
70 41019
70 41031
70 41040
70 41047
70 41064
70 41068
70 41076
70 41085
70 41086
70 41090
70 41106
70 41109
70 41114
70 41116
70 41137
70 41141
70 41151
70 41171
70 41173
70 41177
70 41185
70 41187
70 41191
70 41192
70 41193
70 41194
70 41206
70 41211
70 41212
70 41217
70 41230
70 41238
70 41243
70 41255
70 41258
70 41266
70 41267
70 41274
70 41282
70 41285
70 41290
70 41291
70 41294
70 41296
70 41306
70 41310
70 41335
70 41336
70 41337
70 41345
70 41354
70 41363
70 41375
70 41381
70 41386
70 41399
70 41400
70 41406
70 41416
70 41425
70 41429
70 41439
70 41441
70 41454
70 41456
70 41470
70 41474
70 41480
70 41496
70 41500
70 41506
70 41513
70 41527
70 41531
70 41543
70 41548
70 41550
70 41554
70 41569
70 41570
70 41574
70 41577
70 41579
70 41581
70 41593
70 41598
70 41604
70 41608
70 41615
70 41635
70 41643
70 41659
70 41677
70 41685
70 41689
70 41696
70 41707
70 41711
70 41727
70 41731
70 41757
70 41767
70 41768
70 41776
70 41799
70 41812
70 41818
70 41836
70 41838
70 41839
70 41862
70 41866
70 41890
70 41900
70 41908
70 41912
70 41916
70 41922
70 41924
70 41942
70 41958
70 41967
70 41984
70 41994
70 41999
70 42006
70 42017
70 42019
70 42026
70 42033
70 42034
70 42040
70 42058
70 42060
70 42062
70 42070
70 42077
70 42081
70 42083
70 42090
70 42093
70 42095
70 42102
70 42108
70 42110
70 42115
70 42116
70 42119
70 42125
70 42131
70 42135
70 42138
70 42142
70 42149
70 42150
70 42164
70 42167
70 42168
70 42171
70 42175
70 42185
70 42190
70 42192
70 42202
70 42204
70 42211
70 42213
70 42214
70 42217
70 42219
70 42229
70 42238
70 42240
70 42257
70 42258
70 42259
70 42273
70 42275
70 42281
70 42284
70 42288
70 42292
70 42300
70 42304
70 42307
70 42309
70 42319
70 42322
70 42339
70 42341
70 42343
70 42345
70 42352
70 42356
70 42360
70 42376
70 42377
70 42380
70 42381
70 42382
70 42390
70 42399
70 42407
70 42412
70 42430
70 42458
70 42465
70 42491
70 42498
70 42513
70 42528
70 42534
70 42538
70 42541
70 42543
70 42556
70 42558
70 42559
70 42562
70 42573
70 42575
70 42580
70 42583
70 42584
70 42586
70 42595
70 42602
70 42629
70 42641
70 42642
70 42656
70 42660
70 42666
70 42669
70 42671
70 42683
70 42687
70 42689
70 42690
70 42691
70 42699
70 42704
70 42707
70 42710
70 42712
70 42741
70 42752
70 42754
70 42761
70 42765
70 42771
70 42772
70 42792
70 42795
70 42801
70 42804
70 42812
70 42845
70 42848
70 42850
70 42854
70 42856
70 42863
70 42866
70 42876
70 42879
70 42880
70 42899
70 42905
70 42909
70 42911
70 42931
70 42935
70 42948
70 42955
70 42957
70 42960
70 42961
70 42965
70 42970
70 42988
70 43001
70 43052
70 43082
70 43089
70 43098
70 43118
70 43140
70 43147
70 43149
70 43155
70 43157
70 43174
70 43182
70 43183
70 43185
70 43187
70 43192
70 43195
70 43215
70 43216
70 43219
70 43220
70 43224
70 43225
70 43228
70 43229
70 43234
70 43236
70 43242
70 43246
70 43266
70 43279
70 43285
70 43287
70 43296
70 43301
70 43312
70 43313
70 43314
70 43320
70 43327
70 43329
70 43341
70 43346
70 43348
70 43351
70 43355
70 43362
70 43363
70 43367
70 43383
70 43396
70 43405
70 43407
70 43412
70 43416
70 43424
70 43427
70 43432
70 43441
70 43453
70 43461
70 43474
70 43479
70 43498
70 43516
70 43530
70 43537
70 43539
70 43546
70 43559
70 43583
70 43586
70 43587
70 43606
70 43608
70 43611
70 43617
70 43620
70 43626
70 43631
70 43643
70 43649
70 43652
70 43660
70 43669
70 43676
70 43688
70 43692
70 43701
70 43713
70 43715
70 43716
70 43722
70 43725
70 43726
70 43729
70 43733
70 43752
70 43757
70 43763
70 43765
70 43767
70 43768
70 43782
70 43786
70 43828
70 43841
70 43854
70 43858
70 43893
70 43896
70 43901
70 43911
70 43918
70 43920
70 43921
70 43923
70 43925
70 43931
70 43942
70 43944
70 43946
70 43958
70 43965
70 43966
70 43967
70 43979
70 43981
70 43992
70 43995
70 44008
70 44015
70 44022
70 44023
70 44037
70 44046
70 44052
70 44056
70 44066
70 44085
70 44089
70 44090
70 44102
70 44108
70 44117
70 44129
70 44143
70 44144
70 44156
70 44158
70 44166
70 44171
70 44172
70 44179
70 44183
70 44185
70 44191
70 44193
70 44195
70 44197
70 44202
70 44210
70 44215
70 44236
70 44238
70 44243
70 44246
70 44247
70 44249
70 44250
70 44252
70 44253
70 44257
70 44259
70 44275
70 44276
70 44281
70 44294
70 44296
70 44298
70 44310
70 44311
70 44313
70 44318
70 44321
70 44326
70 44335
70 44341
70 44360
70 44368
70 44375
70 44379
70 44381
70 44385
70 44386
70 44389
70 44390
70 44403
70 44406
70 44409
70 44434
70 44450
70 44459
70 44466
70 44475
70 44476
70 44480
70 44486
70 44507
70 44510
70 44516
70 44517
70 44518
70 44525
70 44530
70 44533
70 44535
70 44541
70 44547
70 44572
70 44574
70 44582
70 44590
70 44600
70 44602
70 44610
70 44611
70 44639
70 44645
70 44649
70 44655
70 44659
70 44672
70 44673
70 44681
70 44683
70 44706
70 44724
70 44733
70 44741
70 44747
70 44759
70 44773
70 44798
70 44810
70 44822
70 44834
70 44839
70 44858
70 44873
70 44876
70 44878
70 44880
70 44891
70 44898
70 44905
70 44906
70 44907
70 44909
70 44934
70 44950
70 44951
70 44954
70 44959
70 44960
70 44961
70 44974
70 44975
70 44977
70 44978
70 44985
70 45001
70 45009
70 45010
70 45015
70 45019
70 45022
70 45025
70 45026
70 45032
70 45037
70 45043
70 45044
70 45055
70 45062
70 45064
70 45086
70 45087
70 45089
70 45105
70 45109
70 45110
70 45114
70 45119
70 45123
70 45125
70 45152
70 45156
70 45159
70 45163
70 45171
70 45182
70 45185
70 45187
70 45193
70 45194
70 45198
70 45202
70 45211
70 45226
70 45229
70 45232
70 45241
70 45270
70 45293
70 45306
70 45307
70 45326
70 45332
70 45334
70 45338
70 45346
70 45369
70 45377
70 45380
70 45381
70 45383
70 45393
70 45404
70 45406
70 45408
70 45427
70 45433
70 45441
70 45449
70 45456
70 45468
70 45470
70 45480
70 45500
70 45501
70 45514
70 45521
70 45534
70 45543
70 45545
70 45560
70 45562
70 45566
70 45571
70 45575
70 45599
70 45601
70 45610
70 45612
70 45617
70 45634
70 45654
70 45669
70 45683
70 45687
70 45694
70 45698
70 45704
70 45709
70 45716
70 45721
70 45722
70 45724
70 45731
70 45763
70 45769
70 45779
70 45782
70 45793
70 45795
70 45797
70 45802
70 45813
70 45820
70 45825
70 45830
70 45837
70 45841
70 45855
70 45856
70 45882
70 45886
70 45890
70 45891
70 45896
70 45904
70 45923
70 45925
70 45926
70 45928
70 45935
70 45937
70 45941
70 45944
70 45948
70 45950
70 45990
70 46005
70 46011
70 46031
70 46035
70 46053
70 46068
70 46071
70 46084
70 46086
70 46089
70 46096
70 46110
70 46112
70 46119
70 46125
70 46131
70 46133
70 46139
70 46140
70 46142
70 46143
70 46147
70 46161
70 46167
70 46171
70 46175
70 46187
70 46188
70 46193
70 46194
70 46197
70 46207
70 46210
70 46215
70 46219
70 46221
70 46223
70 46230
70 46235
70 46267
70 46273
70 46278
70 46286
70 46295
70 46304
70 46319
70 46326
70 46333
70 46336
70 46343
70 46345
70 46350
70 46366
70 46371
70 46373
70 46375
70 46376
70 46383
70 46385
70 46388
70 46400
70 46409
70 46421
70 46426
70 46428
70 46432
70 46435
70 46437
70 46440
70 46451
70 46457
70 46469
70 46472
70 46478
70 46499
70 46505
70 46512
70 46528
70 46534
70 46538
70 46557
70 46560
70 46573
70 46575
70 46594
70 46603
70 46606
70 46617
70 46625
70 46629
70 46630
70 46644
70 46650
70 46651
70 46657
70 46670
70 46674
70 46675
70 46677
70 46683
70 46684
70 46686
70 46693
70 46695
70 46696
70 46704
70 46706
70 46717
70 46721
70 46723
70 46725
70 46728
70 46741
70 46751
70 46765
70 46770
70 46784
70 46802
70 46811
70 46815
70 46831
70 46845
70 46853
70 46856
70 46860
70 46864
70 46876
70 46880
70 46893
70 46896
70 46902
70 46907
70 46908
70 46913
70 46915
70 46933
70 46939
70 46947
70 46965
70 46969
70 46972
70 46980
70 46987
70 46988
70 46993
70 47006
70 47008
70 47013
70 47022
70 47029
70 47038
70 47040
70 47041
70 47047
70 47048
70 47058
70 47059
70 47068
70 47079
70 47096
70 47099
70 47103
70 47105
70 47110
70 47115
70 47120
70 47136
70 47145
70 47151
70 47154
70 47168
70 47170
70 47194
70 47207
70 47222
70 47231
70 47234
70 47243
70 47255
70 47259
70 47264
70 47267
70 47271
70 47276
70 47279
70 47287
70 47296
70 47310
70 47315
70 47326
70 47331
70 47363
70 47373
70 47392
70 47405
70 47409
70 47417
70 47430
70 47436
70 47438
70 47440
70 47445
70 47447
70 47454
70 47458
70 47461
70 47464
70 47465
70 47483
70 47489
70 47491
70 47497
70 47499
70 47509
70 47516
70 47517
70 47538
70 47540
70 47553
70 47556
70 47568
70 47572
70 47599
70 47601
70 47617
70 47620
70 47625
70 47632
70 47645
70 47651
70 47652
70 47656
70 47659
70 47660
70 47662
70 47666
70 47671
70 47681
70 47684
70 47687
70 47696
70 47697
70 47702
70 47716
70 47730
70 47745
70 47749
70 47753
70 47755
70 47756
70 47762
70 47765
70 47796
70 47801
70 47806
70 47813
70 47823
70 47824
70 47827
70 47829
70 47831
70 47835
70 47840
70 47842
70 47843
70 47847
70 47854
70 47865
70 47874
70 47891
70 47894
70 47903
70 47910
70 47911
70 47913
70 47926
70 47930
70 47936
70 47949
70 47952
70 47953
70 47957
70 47958
70 47959
70 47963
70 47995
70 47996
70 48000
70 48009
70 48010
70 48013
70 48018
70 48022
70 48027
70 48035
70 48042
70 48044
70 48048
70 48053
70 48058
70 48059
70 48070
70 48083
70 48086
70 48088
70 48089
70 48102
70 48107
70 48113
70 48116
70 48117
70 48121
70 48123
70 48137
70 48143
70 48151
70 48152
70 48159
70 48162
70 48164
70 48166
70 48172
70 48174
70 48182
70 48204
70 48212
70 48220
70 48222
70 48225
70 48242
70 48244
70 48249
70 48258
70 48259
70 48263
70 48272
70 48276
70 48292
70 48297
70 48314
70 48320
70 48329
70 48331
70 48339
70 48340
70 48349
70 48364
70 48365
70 48366
70 48381
70 48383
70 48392
70 48395
70 48396
70 48398
70 48399
70 48412
70 48414
70 48437
70 48444
70 48475
70 48476
70 48485
70 48495
70 48513
70 48515
70 48516
70 48520
70 48528
70 48535
70 48538
70 48541
70 48549
70 48550
70 48552
70 48554
70 48567
70 48581
70 48584
70 48589
70 48593
70 48594
70 48596
70 48598
70 48601
70 48605
70 48611
70 48617
70 48622
70 48631
70 48635
70 48641
70 48643
70 48651
70 48653
70 48662
70 48683
70 48692
70 48697
70 48706
70 48707
70 48725
70 48730
70 48735
70 48736
70 48748
70 48751
70 48752
70 48761
70 48763
70 48766
70 48768
70 48771
70 48777
70 48787
70 48792
70 48799
70 48803
70 48817
70 48826
70 48839
70 48854
70 48855
70 48862
70 48869
70 48870
70 48872
70 48877
70 48903
70 48906
70 48908
70 48912
70 48914
70 48917
70 48923
70 48925
70 48928
70 48934
70 48942
70 48944
70 48946
70 48954
70 48961
70 48962
70 48979
70 48988
70 48989
70 48996
70 49000
70 49006
70 49008
70 49011
70 49016
70 49017
70 49022
70 49025
70 49027
70 49041
70 49059
70 49062
70 49072
70 49077
70 49079
70 49085
70 49089
70 49096
70 49099
70 49107
70 49108
70 49115
70 49116
70 49119
70 49121
70 49131
70 49133
70 49152
70 49157
70 49164
70 49166
70 49173
70 49181
70 49185
70 49192
70 49205
70 49209
70 49221
70 49239
70 49259
70 49261
70 49267
70 49287
70 49291
70 49305
70 49311
70 49316
70 49334
70 49335
70 49341
70 49347
70 49353
70 49356
70 49357
70 49364
70 49366
70 49376
70 49381
70 49383
70 49414
70 49437
70 49438
70 49445
70 49446
70 49454
70 49460
70 49464
70 49479
70 49497
70 49499
70 49500
70 49502
70 49515
70 49517
70 49519
70 49521
70 49525
70 49533
70 49535
70 49542
70 49545
70 49550
70 49560
70 49568
70 49578
70 49580
70 49585
70 49592
70 49604
70 49610
70 49612
70 49614
70 49615
70 49618
70 49630
70 49633
70 49640
70 49642
70 49651
70 49659
70 49663
70 49665
70 49667
70 49672
70 49679
70 49690
70 49692
70 49708
70 49717
70 49718
70 49730
70 49733
70 49747
70 49750
70 49754
70 49765
70 49786
70 49789
70 49791
70 49794
70 49798
70 49822
70 49827
70 49830
70 49832
70 49842
70 49880
70 49888
70 49892
70 49895
70 49902
70 49909
70 49915
70 49932
70 49936
70 49942
70 49946
70 49949
70 49966
70 49983
70 49988
70 49989
70 50004
70 50013
70 50020
70 50027
70 50033
70 50040
70 50042
70 50047
70 50049
70 50056
70 50065
70 50078
70 50091
70 50100
70 50104
70 50107
70 50112
70 50116
70 50128
70 50138
70 50141
70 50145
70 50148
70 50157
70 50162
70 50170
70 50173
70 50179
70 50181
70 50191
70 50193
70 50208
70 50212
70 50224
70 50225
70 50238
70 50244
70 50254
70 50255
70 50267
70 50278
70 50284
70 50295
70 50301
70 50305
70 50311
70 50334
70 50345
70 50353
70 50359
70 50361
70 50378
70 50393
70 50401
70 50407
70 50411
70 50414
70 50420
70 50422
70 50443
70 50444
70 50449
70 50460
70 50467
70 50493
70 50499
70 50503
70 50512
70 50518
70 50522
70 50527
70 50529
70 50542
70 50543
70 50558
70 50560
70 50561
70 50564
70 50568
70 50569
70 50574
70 50581
70 50589
70 50595
70 50600
70 50603
70 50623
70 50625
70 50629
70 50639
70 50649
70 50651
70 50655
70 50656
70 50661
70 50663
70 50665
70 50674
70 50676
70 50678
70 50680
70 50681
70 50686
70 50700
70 50706
70 50711
70 50713
70 50714
70 50726
70 50744
70 50746
70 50767
70 50771
70 50774
70 50788
70 50807
70 50817
70 50818
70 50821
70 50826
70 50836
70 50863
70 50874
70 50876
70 50879
70 50883
70 50895
70 50904
70 50909
70 50914
70 50930
70 50934
70 50937
70 50960
70 50963
70 50984
70 50986
70 50988
70 51006
70 51025
70 51027
70 51028
70 51041
70 51055
70 51073
70 51076
70 51077
70 51080
70 51102
70 51109
70 51112
70 51121
70 51123
70 51131
70 51138
70 51150
70 51153
70 51168
70 51180
70 51184
70 51186
70 51193
70 51197
70 51220
70 51224
70 51228
70 51230
70 51231
70 51244
70 51252
70 51268
70 51270
70 51275
70 51277
70 51285
70 51289
70 51301
70 51304
70 51306
70 51330
70 51341
70 51342
70 51346
70 51352
70 51355
70 51356
70 51372
70 51373
70 51379
70 51381
70 51389
70 51400
70 51414
70 51423
70 51424
70 51427
70 51438
70 51449
70 51458
70 51470
70 51477
70 51485
70 51490
70 51495
70 51501
70 51502
70 51507
70 51510
70 51528
70 51530
70 51536
70 51545
70 51554
70 51563
70 51564
70 51577
70 51592
70 51593
70 51601
70 51614
70 51615
70 51632
70 51639
70 51643
70 51651
70 51654
70 51656
70 51658
70 51669
70 51678
70 51679
70 51685
70 51702
70 51710
70 51720
70 51721
70 51737
70 51738
70 51739
70 51746
70 51751
70 51760
70 51773
70 51774
70 51777
70 51791
70 51810
70 51823
70 51839
70 51847
70 51854
70 51873
70 51875
70 51884
70 51895
70 51912
70 51923
70 51924
70 51930
70 51943
70 51959
70 51972
70 51984
70 51985
70 52002
70 52005
70 52011
70 52038
70 52039
70 52054
70 52057
70 52073
70 52082
70 52088
70 52089
70 52092
70 52093
70 52105
70 52117
70 52122
70 52130
70 52139
70 52141
70 52142
70 52145
70 52149
70 52169
70 52173
70 52180
70 52188
70 52192
70 52193
70 52202
70 52214
70 52240
70 52245
70 52248
70 52267
70 52281
70 52284
70 52298
70 52303
70 52306
70 52332
70 52339
70 52344
70 52348
70 52352
70 52360
70 52362
70 52368
70 52370
70 52385
70 52387
70 52389
70 52404
70 52410
70 52418
70 52432
70 52436
70 52462
70 52465
70 52487
70 52498
70 52504
70 52511
70 52520
70 52524
70 52533
70 52539
70 52540
70 52542
70 52546
70 52548
70 52562
70 52565
70 52568
70 52585
70 52592
70 52606
70 52607
70 52608
70 52614
70 52617
70 52621
70 52624
70 52632
70 52659
70 52671
70 52675
70 52677
70 52688
70 52699
70 52701
70 52702
70 52704
70 52716
70 52731
70 52733
70 52751
70 52759
70 52768
70 52769
70 52781
70 52783
70 52786
70 52796
70 52798
70 52802
70 52810
70 52811
70 52815
70 52825
70 52837
70 52839
70 52840
70 52843
70 52844
70 52847
70 52859
70 52861
70 52880
70 52884
70 52893
70 52901
70 52905
70 52909
70 52931
70 52938
70 52964
70 52970
70 52995
70 53003
70 53010
70 53011
70 53014
70 53015
70 53020
70 53022
70 53027
70 53028
70 53038
70 53043
70 53045
70 53050
70 53063
70 53073
70 53078
70 53079
70 53080
70 53084
70 53095
70 53108
70 53118
70 53138
70 53139
70 53154
70 53158
70 53166
70 53167
70 53170
70 53174
70 53182
70 53184
70 53188
70 53193
70 53205
70 53208
70 53224
70 53238
70 53247
70 53256
70 53262
70 53266
70 53269
70 53276
70 53279
70 53284
70 53288
70 53296
70 53298
70 53305
70 53310
70 53313
70 53328
70 53330
70 53334
70 53351
70 53353
70 53355
70 53359
70 53365
70 53382
70 53398
70 53401
70 53407
70 53412
70 53427
70 53429
70 53438
70 53451
70 53467
70 53472
70 53480
70 53493
70 53500
70 53509
70 53512
70 53517
70 53521
70 53527
70 53531
70 53532
70 53536
70 53547
70 53570
70 53577
70 53581
70 53586
70 53603
70 53613
70 53630
70 53634
70 53646
70 53653
70 53661
70 53663
70 53665
70 53679
70 53681
70 53691
70 53693
70 53706
70 53707
70 53708
70 53712
70 53732
70 53734
70 53735
70 53743
70 53744
70 53790
70 53794
70 53798
70 53800
70 53802
70 53808
70 53820
70 53821
70 53833
70 53836
70 53842
70 53847
70 53849
70 53858
70 53866
70 53871
70 53881
70 53901
70 53914
70 53919
70 53937
70 53939
70 53950
70 53971
70 53972
70 53984
70 53990
70 53991
70 53996
70 54000
70 54002
70 54003
70 54010
70 54024
70 54029
70 54030
70 54033
70 54069
70 54071
70 54082
70 54085
70 54098
70 54099
70 54105
70 54106
70 54107
70 54109
70 54118
70 54120
70 54124
70 54133
70 54134
70 54140
70 54142
70 54145
70 54150
70 54159
70 54161
70 54172
70 54187
70 54204
70 54206
70 54221
70 54230
70 54235
70 54238
70 54241
70 54244
70 54247
70 54252
70 54256
70 54258
70 54265
70 54272
70 54275
70 54276
70 54277
70 54285
70 54291
70 54294
70 54295
70 54296
70 54312
70 54315
70 54339
70 54369
70 54372
70 54375
70 54386
70 54395
70 54400
70 54406
70 54407
70 54413
70 54423
70 54429
70 54438
70 54448
70 54486
70 54505
70 54517
70 54532
70 54534
70 54539
70 54542
70 54549
70 54558
70 54566
70 54567
70 54585
70 54586
70 54602
70 54611
70 54612
70 54619
70 54623
70 54675
70 54691
70 54703
70 54708
70 54713
70 54718
70 54725
70 54730
70 54746
70 54761
70 54775
70 54777
70 54782
70 54792
70 54806
70 54811
70 54816
70 54830
70 54833
70 54837
70 54839
70 54848
70 54852
70 54855
70 54861
70 54866
70 54883
70 54887
70 54895
70 54904
70 54910
70 54913
70 54915
70 54939
70 54942
70 54946
70 54950
70 54955
70 54956
70 54965
70 54980
70 54986
70 54990
70 55003
70 55006
70 55023
70 55027
70 55040
70 55045
70 55047
70 55049
70 55056
70 55059
70 55062
70 55070
70 55071
70 55073
70 55074
70 55075
70 55077
70 55100
70 55103
70 55112
70 55117
70 55124
70 55126
70 55128
70 55143
70 55146
70 55159
70 55161
70 55166
70 55176
70 55197
70 55230
70 55233
70 55238
70 55247
70 55255
70 55262
70 55290
70 55308
70 55313
70 55323
70 55356
70 55359
70 55363
70 55376
70 55382
70 55387
70 55404
70 55428
70 55429
70 55451
70 55458
70 55471
70 55476
70 55481
70 55506
70 55508
70 55509
70 55533
70 55534
70 55538
70 55545
70 55547
70 55561
70 55562
70 55563
70 55565
70 55568
70 55573
70 55576
70 55583
70 55595
70 55600
70 55603
70 55605
70 55608
70 55618
70 55621
70 55624
70 55645
70 55652
70 55661
70 55666
70 55723
70 55726
70 55732
70 55739
70 55740
70 55758
70 55761
70 55762
70 55786
70 55793
70 55797
70 55801
70 55811
70 55812
70 55816
70 55819
70 55839
70 55841
70 55848
70 55849
70 55858
70 55865
70 55868
70 55871
70 55880
70 55886
70 55903
70 55907
70 55914
70 55916
70 55917
70 55920
70 55923
70 55933
70 55936
70 55941
70 55955
70 55957
70 55962
70 55969
70 55970
70 55973
70 55978
70 55986
70 56007
70 56017
70 56023
70 56035
70 56036
70 56051
70 56055
70 56060
70 56064
70 56071
70 56078
70 56079
70 56080
70 56083
70 56084
70 56085
70 56091
70 56092
70 56101
70 56102
70 56114
70 56115
70 56116
70 56118
70 56119
70 56120
70 56129
70 56130
70 56131
70 56142
70 56155
70 56179
70 56182
70 56183
70 56186
70 56188
70 56194
70 56205
70 56207
70 56229
70 56255
70 56277
70 56278
70 56279
70 56281
70 56282
70 56296
70 56305
70 56312
70 56329
70 56337
70 56338
70 56340
70 56352
70 56355
70 56356
70 56366
70 56376
70 56378
70 56382
70 56390
70 56392
70 56397
70 56423
70 56429
70 56430
70 56444
70 56445
70 56451
70 56461
70 56468
70 56473
70 56474
70 56480
70 56490
70 56493
70 56506
70 56515
70 56524
70 56526
70 56531
70 56532
70 56540
70 56549
70 56555
70 56559
70 56566
70 56570
70 56579
70 56583
70 56586
70 56603
70 56608
70 56610
70 56621
70 56626
70 56630
70 56642
70 56646
70 56657
70 56668
70 56681
70 56684
70 56695
70 56701
70 56708
70 56720
70 56723
70 56734
70 56737
70 56740
70 56746
70 56753
70 56758
70 56765
70 56767
70 56774
70 56799
70 56808
70 56815
70 56833
70 56835
70 56849
70 56853
70 56855
70 56871
70 56876
70 56878
70 56885
70 56896
70 56907
70 56923
70 56929
70 56932
70 56938
70 56944
70 56962
70 56969
70 56974
70 56992
70 56997
70 57029
70 57033
70 57046
70 57047
70 57051
70 57065
70 57067
70 57073
70 57077
70 57088
70 57089
70 57094
70 57099
70 57106
70 57110
70 57119
70 57120
70 57137
70 57138
70 57146
70 57153
70 57166
70 57172
70 57176
70 57180
70 57186
70 57188
70 57197
70 57199
70 57224
70 57228
70 57240
70 57259
70 57261
70 57265
70 57279
70 57285
70 57299
70 57301
70 57321
70 57324
70 57325
70 57336
70 57339
70 57344
70 57354
70 57355
70 57364
70 57376
70 57386
70 57395
70 57403
70 57414
70 57424
70 57426
70 57430
70 57445
70 57450
70 57459
70 57475
70 57484
70 57495
70 57502
70 57508
70 57534
70 57551
70 57560
70 57563
70 57568
70 57580
70 57588
70 57593
70 57596
70 57600
70 57603
70 57604
70 57628
70 57630
70 57631
70 57676
70 57682
70 57688
70 57704
70 57705
70 57712
70 57727
70 57732
70 57735
70 57740
70 57755
70 57759
70 57779
70 57783
70 57785
70 57788
70 57794
70 57810
70 57812
70 57814
70 57825
70 57836
70 57856
70 57857
70 57860
70 57872
70 57892
70 57896
70 57903
70 57906
70 57918
70 57924
70 57935
70 57948
70 57952
70 57958
70 57970
70 57999
70 58017
70 58020
70 58022
70 58023
70 58026
70 58041
70 58051
70 58071
70 58077
70 58091
70 58094
70 58095
70 58101
70 58106
70 58110
70 58119
70 58129
70 58140
70 58143
70 58148
70 58167
70 58169
70 58171
70 58175
70 58180
70 58183
70 58184
70 58200
70 58201
70 58203
70 58204
70 58209
70 58212
70 58214
70 58238
70 58239
70 58243
70 58250
70 58260
70 58271
70 58275
70 58286
70 58304
70 58314
70 58315
70 58325
70 58337
70 58339
70 58361
70 58362
70 58365
70 58382
70 58383
70 58385
70 58389
70 58398
70 58400
70 58412
70 58415
70 58418
70 58419
70 58423
70 58424
70 58425
70 58451
70 58452
70 58467
70 58477
70 58479
70 58485
70 58488
70 58501
70 58522
70 58530
70 58535
70 58542
70 58546
70 58559
70 58563
70 58565
70 58578
70 58579
70 58591
70 58598
70 58603
70 58605
70 58620
70 58626
70 58632
70 58634
70 58636
70 58643
70 58645
70 58651
70 58652
70 58657
70 58680
70 58694
70 58703
70 58715
70 58734
70 58742
70 58744
70 58768
70 58772
70 58788
70 58805
70 58806
70 58812
70 58816
70 58846
70 58850
70 58852
70 58854
70 58870
70 58881
70 58888
70 58896
70 58907
70 58908
70 58910
70 58914
70 58932
70 58945
70 58946
70 58969
70 58985
70 58993
70 58999
70 59010
70 59012
70 59015
70 59022
70 59023
70 59073
70 59083
70 59085
70 59105
70 59109
70 59113
70 59116
70 59140
70 59152
70 59155
70 59163
70 59171
70 59175
70 59177
70 59179
70 59181
70 59190
70 59209
70 59213
70 59215
70 59216
70 59220
70 59221
70 59225
70 59233
70 59240
70 59242
70 59258
70 59259
70 59263
70 59266
70 59276
70 59282
70 59288
70 59289
70 59292
70 59293
70 59295
70 59296
70 59309
70 59318
70 59330
70 59344
70 59348
70 59349
70 59357
70 59358
70 59364
70 59365
70 59367
70 59376
70 59387
70 59394
70 59403
70 59404
70 59407
70 59425
70 59428
70 59446
70 59471
70 59490
70 59491
70 59504
70 59515
70 59517
70 59522
70 59526
70 59527
70 59530
70 59538
70 59556
70 59559
70 59562
70 59563
70 59569
70 59571
70 59583
70 59587
70 59597
70 59599
70 59614
70 59620
70 59631
70 59632
70 59641
70 59649
70 59652
70 59659
70 59668
70 59678
70 59682
70 59684
70 59693
70 59702
70 59716
70 59720
70 59725
70 59726
70 59752
70 59766
70 59769
70 59781
70 59788
70 59791
70 59795
70 59800
70 59804
70 59806
70 59815
70 59824
70 59825
70 59831
70 59839
70 59848
70 59851
70 59857
70 59858
70 59860
70 59871
70 59880
70 59889
70 59896
70 59899
70 59904
70 59923
70 59925
70 59933
70 59935
70 59939
70 59940
70 59945
70 59959
70 59960
70 59967
70 59969
70 59976
70 59991
70 59998
70 60001
70 60008
70 60017
70 60020
70 60026
70 60028
70 60040
70 60045
70 60050
70 60059
70 60062
70 60063
70 60067
70 60071
70 60074
70 60077
70 60080
70 60094
70 60096
70 60106
70 60107
70 60109
70 60111
70 60113
70 60143
70 60155
70 60161
70 60181
70 60184
70 60189
70 60191
70 60194
70 60197
70 60201
70 60215
70 60216
70 60227
70 60234
70 60238
70 60258
70 60271
70 60278
70 60280
70 60287
70 60294
70 60295
70 60305
70 60306
70 60315
70 60316
70 60317
70 60346
70 60348
70 60351
70 60366
70 60372
70 60378
70 60382
70 60386
70 60390
70 60396
70 60397
70 60414
70 60421
70 60425
70 60428
70 60444
70 60463
70 60469
70 60474
70 60476
70 60486
70 60492
70 60494
70 60507
70 60509
70 60514
70 60516
70 60518
70 60529
70 60538
70 60539
70 60554
70 60572
70 60576
70 60581
70 60592
70 60600
70 60607
70 60617
70 60625
70 60638
70 60647
70 60658
70 60659
70 60668
70 60672
70 60676
70 60679
70 60690
70 60692
70 60698
70 60712
70 60717
70 60720
70 60729
70 60737
70 60773
70 60776
70 60788
70 60790
70 60793
70 60796
70 60807
70 60819
70 60830
70 60833
70 60837
70 60843
70 60848
70 60849
70 60853
70 60862
70 60863
70 60874
70 60882
70 60885
70 60900
70 60903
70 60928
70 60932
70 60942
70 60948
70 60956
70 60958
70 60959
70 60964
70 60977
70 60978
70 60980
70 60982
70 60993
70 61000
70 61004
70 61008
70 61013
70 61028
70 61042
70 61051
70 61057
70 61058
70 61059
70 61082
70 61098
70 61099
70 61134
70 61138
70 61154
70 61162
70 61171
70 61172
70 61175
70 61190
70 61197
70 61210
70 61218
70 61238
70 61250
70 61256
70 61259
70 61264
70 61275
70 61276
70 61280
70 61282
70 61286
70 61294
70 61305
70 61321
70 61325
70 61333
70 61339
70 61342
70 61343
70 61346
70 61351
70 61353
70 61357
70 61375
70 61383
70 61402
70 61406
70 61409
70 61414
70 61418
70 61419
70 61424
70 61440
70 61446
70 61447
70 61449
70 61454
70 61457
70 61461
70 61462
70 61471
70 61474
70 61478
70 61491
70 61500
70 61502
70 61509
70 61540
70 61546
70 61553
70 61570
70 61575
70 61579
70 61609
70 61612
70 61615
70 61618
70 61648
70 61666
70 61675
70 61676
70 61678
70 61693
70 61696
70 61700
70 61708
70 61714
70 61718
70 61720
70 61742
70 61744
70 61746
70 61758
70 61767
70 61771
70 61789
70 61792
70 61801
70 61803
70 61809
70 61812
70 61824
70 61825
70 61844
70 61854
70 61866
70 61869
70 61883
70 61897
70 61907
70 61912
70 61923
70 61925
70 61934
70 61935
70 61938
70 61942
70 61946
70 61949
70 61955
70 61957
70 61963
70 61971
70 61979
70 62006
70 62013
70 62015
70 62021
70 62024
70 62042
70 62046
70 62049
70 62051
70 62069
70 62077
70 62079
70 62111
70 62126
70 62129
70 62131
70 62134
70 62135
70 62139
70 62148
70 62164
70 62166
70 62171
70 62187
70 62189
70 62204
70 62208
70 62212
70 62225
70 62232
70 62233
70 62236
70 62241
70 62277
70 62278
70 62284
70 62291
70 62305
70 62321
70 62331
70 62333
70 62335
70 62345
70 62347
70 62359
70 62390
70 62412
70 62416
70 62425
70 62427
70 62447
70 62448
70 62449
70 62454
70 62455
70 62464
70 62484
70 62493
70 62496
70 62502
70 62505
70 62506
70 62515
70 62519
70 62525
70 62526
70 62532
70 62534
70 62539
70 62548
70 62558
70 62560
70 62566
70 62569
70 62571
70 62575
70 62580
70 62581
70 62592
70 62597
70 62629
70 62642
70 62645
70 62648
70 62653
70 62658
70 62666
70 62675
70 62684
70 62697
70 62707
70 62720
70 62725
70 62727
70 62735
70 62741
70 62753
70 62754
70 62756
70 62760
70 62768
70 62798
70 62811
70 62816
70 62818
70 62834
70 62838
70 62842
70 62862
70 62867
70 62869
70 62873
70 62877
70 62890
70 62893
70 62897
70 62899
70 62912
70 62916
70 62917
70 62922
70 62942
70 62958
70 62965
70 62972
70 62979
70 62992
70 62998
70 63013
70 63014
70 63019
70 63024
70 63025
70 63027
70 63029
70 63031
70 63034
70 63052
70 63058
70 63061
70 63067
70 63077
70 63086
70 63098
70 63101
70 63112
70 63113
70 63122
70 63148
70 63160
70 63165
70 63167
70 63170
70 63187
70 63189
70 63196
70 63200
70 63209
70 63210
70 63217
70 63232
70 63239
70 63241
70 63243
70 63247
70 63251
70 63260
70 63263
70 63265
70 63286
70 63289
70 63301
70 63312
70 63324
70 63337
70 63339
70 63349
70 63351
70 63360
70 63363
70 63370
70 63375
70 63382
70 63398
70 63403
70 63404
70 63410
70 63412
70 63413
70 63416
70 63418
70 63421
70 63427
70 63433
70 63447
70 63453
70 63477
70 63480
70 63481
70 63482
70 63497
70 63502
70 63506
70 63507
70 63514
70 63519
70 63522
70 63526
70 63529
70 63532
70 63534
70 63535
70 63536
70 63547
70 63554
70 63558
70 63564
70 63576
70 63584
70 63599
70 63608
70 63615
70 63621
70 63648
70 63649
70 63705
70 63708
70 63719
70 63729
70 63736
70 63747
70 63753
70 63764
70 63774
70 63779
70 63780
70 63785
70 63793
70 63805
70 63808
70 63821
70 63825
70 63828
70 63836
70 63843
70 63846
70 63851
70 63858
70 63868
70 63870
70 63876
70 63881
70 63882
70 63899
70 63905
70 63915
70 63916
70 63919
70 63923
70 63925
70 63931
70 63933
70 63947
70 63949
70 63951
70 63953
70 63962
70 63963
70 63973
70 63978
70 63982
70 63990
70 63992
70 63997
70 64007
70 64010
70 64015
70 64016
70 64018
70 64022
70 64024
70 64030
70 64046
70 64051
70 64052
70 64055
70 64057
70 64070
70 64074
70 64078
70 64082
70 64083
70 64096
70 64103
70 64107
70 64132
70 64135
70 64147
70 64153
70 64159
70 64160
70 64180
70 64220
70 64224
70 64228
70 64229
70 64231
70 64234
70 64246
70 64270
70 64272
70 64288
70 64292
70 64299
70 64307
70 64310
70 64311
70 64326
70 64329
70 64339
70 64342
70 64346
70 64349
70 64358
70 64368
70 64375
70 64381
70 64383
70 64389
70 64398
70 64409
70 64410
70 64416
70 64422
70 64426
70 64437
70 64449
70 64457
70 64459
70 64471
70 64478
70 64483
70 64488
70 64490
70 64494
70 64497
70 64499
70 64502
70 64509
70 64511
70 64515
70 64518
70 64545
70 64559
70 64561
70 64563
70 64571
70 64585
70 64590
70 64591
70 64597
70 64600
70 64605
70 64615
70 64620
70 64627
70 64639
70 64645
70 64648
70 64661
70 64681
70 64708
70 64710
70 64711
70 64718
70 64721
70 64724
70 64729
70 64740
70 64743
70 64753
70 64780
70 64792
70 64803
70 64829
70 64843
70 64856
70 64860
70 64862
70 64863
70 64871
70 64888
70 64899
70 64907
70 64912
70 64915
70 64928
70 64948
70 64950
70 64955
70 64957
70 64959
70 64964
70 64978
70 64981
70 64997
70 64998
70 65007
70 65014
70 65043
70 65072
70 65073
70 65078
70 65081
70 65088
70 65094
70 65116
70 65128
70 65140
70 65145
70 65152
70 65169
70 65174
70 65176
70 65204
70 65205
70 65210
70 65228
70 65231
70 65258
70 65275
70 65290
70 65298
70 65299
70 65310
70 65315
70 65316
70 65321
70 65331
70 65334
70 65347
70 65348
70 65370
70 65379
70 65383
70 65395
70 65400
70 65406
70 65409
70 65412
70 65414
70 65434
70 65446
70 65459
70 65470
70 65471
70 65485
70 65488
70 65496
70 65498
70 65517
70 65524
70 65532
70 65534
70 65535
70 65551
70 65554
70 65555
70 65564
70 65569
70 65570
70 65579
70 65580
70 65585
70 65589
70 65597
70 65605
70 65608
70 65612
70 65615
70 65617
70 65629
70 65637
70 65642
70 65649
70 65652
70 65660
70 65661
70 65664
70 65678
70 65702
70 65704
70 65706
70 65733
70 65735
70 65754
70 65773
70 65775
70 65790
70 65791
70 65797
70 65801
70 65808
70 65810
70 65818
70 65822
70 65828
70 65829
70 65841
70 65844
70 65854
70 65857
70 65859
70 65863
70 65898
70 65902
70 65907
70 65915
70 65923
70 65928
70 65963
70 65967
70 65987
70 66012
70 66038
70 66054
70 66065
70 66073
70 66086
70 66107
70 66123
70 66125
70 66133
70 66149
70 66157
70 66166
70 66178
70 66179
70 66186
70 66194
70 66202
70 66209
70 66211
70 66224
70 66238
70 66266
70 66279
70 66293
70 66322
70 66350
70 66352
70 66357
70 66360
70 66370
70 66373
70 66376
70 66381
70 66388
70 66394
70 66401
70 66415
70 66420
70 66421
70 66423
70 66426
70 66428
70 66432
70 66434
70 66444
70 66446
70 66456
70 66458
70 66464
70 66465
70 66467
70 66468
70 66471
70 66474
70 66478
70 66480
70 66483
70 66484
70 66485
70 66490
70 66494
70 66524
70 66537
70 66542
70 66544
70 66547
70 66551
70 66566
70 66585
70 66595
70 66601
70 66628
70 66668
70 66681
70 66683
70 66684
70 66691
70 66705
70 66725
70 66726
70 66731
70 66735
70 66739
70 66741
70 66755
70 66774
70 66781
70 66796
70 66798
70 66801
70 66812
70 66820
70 66824
70 66827
70 66831
70 66833
70 66835
70 66841
70 66850
70 66855
70 66858
70 66865
70 66878
70 66881
70 66887
70 66895
70 66903
70 66910
70 66911
70 66936
70 66947
70 66950
70 66960
70 66963
70 66965
70 66968
70 66972
70 66978
70 67002
70 67032
70 67047
70 67051
70 67063
70 67075
70 67077
70 67088
70 67089
70 67091
70 67097
70 67099
70 67111
70 67117
70 67118
70 67128
70 67129
70 67135
70 67136
70 67142
70 67149
70 67151
70 67155
70 67160
70 67169
70 67178
70 67183
70 67185
70 67186
70 67191
70 67197
70 67200
70 67201
70 67229
70 67236
70 67242
70 67249
70 67251
70 67252
70 67256
70 67268
70 67269
70 67273
70 67290
70 67293
70 67297
70 67303
70 67307
70 67308
70 67315
70 67321
70 67332
70 67340
70 67341
70 67344
70 67346
70 67359
70 67363
70 67372
70 67383
70 67389
70 67393
70 67399
70 67409
70 67412
70 67429
70 67442
70 67457
70 67461
70 67477
70 67483
70 67494
70 67538
70 67543
70 67546
70 67559
70 67563
70 67572
70 67577
70 67595
70 67605
70 67606
70 67610
70 67614
70 67615
70 67621
70 67622
70 67624
70 67632
70 67643
70 67645
70 67646
70 67656
70 67657
70 67661
70 67662
70 67682
70 67687
70 67691
70 67715
70 67719
70 67734
70 67735
70 67749
70 67754
70 67756
70 67764
70 67775
70 67778
70 67790
70 67810
70 67811
70 67817
70 67824
70 67831
70 67849
70 67861
70 67867
70 67871
70 67881
70 67882
70 67884
70 67911
70 67928
70 67933
70 67951
70 67958
70 67967
70 67972
70 67984
70 67991
70 67993
70 68002
70 68009
70 68013
70 68022
70 68023
70 68044
70 68046
70 68051
70 68057
70 68074
70 68076
70 68078
70 68081
70 68084
70 68092
70 68120
70 68136
70 68150
70 68156
70 68159
70 68174
70 68178
70 68183
70 68187
70 68188
70 68199
70 68200
70 68206
70 68207
70 68211
70 68214
70 68222
70 68230
70 68247
70 68248
70 68251
70 68257
70 68258
70 68264
70 68272
70 68276
70 68279
70 68285
70 68292
70 68295
70 68306
70 68307
70 68313
70 68315
70 68320
70 68321
70 68332
70 68350
70 68352
70 68354
70 68355
70 68362
70 68363
70 68367
70 68377
70 68381
70 68382
70 68385
70 68391
70 68410
70 68413
70 68428
70 68435
70 68444
70 68447
70 68465
70 68466
70 68471
70 68475
70 68480
70 68482
70 68488
70 68489
70 68500
70 68511
70 68527
70 68529
70 68541
70 68546
70 68548
70 68550
70 68565
70 68568
70 68575
70 68586
70 68591
70 68603
70 68605
70 68606
70 68621
70 68629
70 68632
70 68638
70 68639
70 68640
70 68641
70 68664
70 68683
70 68686
70 68691
70 68693
70 68694
70 68696
70 68737
70 68742
70 68747
70 68755
70 68768
70 68770
70 68772
70 68792
70 68800
70 68803
70 68810
70 68814
70 68816
70 68823
70 68834
70 68837
70 68839
70 68845
70 68846
70 68851
70 68859
70 68872
70 68874
70 68878
70 68891
70 68899
70 68907
70 68908
70 68915
70 68916
70 68928
70 68930
70 68949
70 68953
70 68954
70 68979
70 68986
70 68989
70 69018
70 69022
70 69024
70 69029
70 69035
70 69039
70 69047
70 69050
70 69052
70 69055
70 69063
70 69068
70 69070
70 69084
70 69088
70 69092
70 69101
70 69106
70 69110
70 69118
70 69122
70 69124
70 69131
70 69141
70 69147
70 69150
70 69159
70 69178
70 69188
70 69191
70 69219
70 69240
70 69242
70 69244
70 69285
70 69288
70 69294
70 69296
70 69297
70 69298
70 69308
70 69322
70 69343
70 69346
70 69349
70 69350
70 69365
70 69371
70 69385
70 69387
70 69392
70 69395
70 69402
70 69418
70 69422
70 69438
70 69442
70 69454
70 69464
70 69467
70 69470
70 69472
70 69476
70 69483
70 69488
70 69493
70 69505
70 69515
70 69519
70 69527
70 69528
70 69531
70 69532
70 69540
70 69541
70 69544
70 69553
70 69556
70 69561
70 69562
70 69573
70 69581
70 69588
70 69590
70 69605
70 69607
70 69611
70 69614
70 69619
70 69630
70 69632
70 69658
70 69671
70 69672
70 69685
70 69688
70 69700
70 69712
70 69724
70 69736
70 69749
70 69751
70 69759
70 69764
70 69768
70 69773
70 69774
70 69780
70 69782
70 69787
70 69788
70 69791
70 69796
70 69797
70 69799
70 69808
70 69825
70 69842
70 69863
70 69872
70 69874
70 69878
70 69883
70 69894
70 69898
70 69905
70 69912
70 69918
70 69919
70 69922
70 69924
70 69926
70 69935
70 69938
70 69942
70 69972
70 69978
70 69983
70 69986
70 69988
70 69996
70 70088
70 70093
70 70095
70 70098
70 70106
70 70107
70 70114
70 70118
70 70132
70 70138
70 70139
70 70143
70 70152
70 70159
70 70161
70 70168
70 70175
70 70192
70 70203
70 70246
70 70248
70 70259
70 70265
70 70269
70 70273
70 70281
70 70283
70 70286
70 70287
70 70293
70 70295
70 70298
70 70305
70 70314
70 70317
70 70325
70 70343
70 70359
70 70360
70 70361
70 70364
70 70370
70 70381
70 70382
70 70404
70 70425
70 70439
70 70449
70 70451
70 70460
70 70472
70 70478
70 70480
70 70481
70 70490
70 70495
70 70500
70 70506
70 70527
70 70530
70 70531
70 70545
70 70546
70 70553
70 70559
70 70562
70 70565
70 70576
70 70586
70 70592
70 70596
70 70599
70 70603
70 70615
70 70619
70 70628
70 70636
70 70646
70 70648
70 70656
70 70658
70 70676
70 70680
70 70692
70 70711
70 70716
70 70721
70 70733
70 70742
70 70749
70 70753
70 70760
70 70761
70 70779
70 70782
70 70785
70 70786
70 70794
70 70797
70 70798
70 70803
70 70810
70 70825
70 70831
70 70834
70 70835
70 70841
70 70846
70 70853
70 70859
70 70874
70 70899
70 70905
70 70921
70 70927
70 70933
70 70938
70 70943
70 70945
70 70946
70 70951
70 70952
70 70954
70 70956
70 70964
70 70965
70 70978
70 70983
70 70988
70 70989
70 70992
70 71000
70 71009
70 71018
70 71021
70 71028
70 71037
70 71046
70 71064
70 71067
70 71078
70 71085
70 71105
70 71118
70 71129
70 71140
70 71144
70 71151
70 71158
70 71165
70 71173
70 71177
70 71186
70 71192
70 71203
70 71221
70 71228
70 71234
70 71237
70 71241
70 71244
70 71255
70 71264
70 71276
70 71281
70 71290
70 71291
70 71297
70 71318
70 71323
70 71324
70 71327
70 71333
70 71336
70 71340
70 71342
70 71345
70 71361
70 71367
70 71375
70 71380
70 71387
70 71388
70 71398
70 71418
70 71440
70 71441
70 71442
70 71451
70 71454
70 71469
70 71490
70 71497
70 71509
70 71517
70 71535
70 71545
70 71547
70 71549
70 71559
70 71563
70 71571
70 71579
70 71584
70 71611
70 71613
70 71617
70 71622
70 71627
70 71633
70 71639
70 71658
70 71659
70 71660
70 71672
70 71676
70 71679
70 71680
70 71681
70 71683
70 71688
70 71692
70 71697
70 71702
70 71703
70 71724
70 71738
70 71744
70 71749
70 71753
70 71763
70 71773
70 71782
70 71790
70 71796
70 71799
70 71800
70 71809
70 71815
70 71847
70 71849
70 71850
70 71893
70 71895
70 71897
70 71903
70 71905
70 71907
70 71909
70 71919
70 71921
70 71927
70 71933
70 71934
70 71936
70 71939
70 71947
70 71949
70 71952
70 71954
70 71966
70 71971
70 71978
70 71979
70 71990
70 72006
70 72012
70 72015
70 72018
70 72020
70 72035
70 72036
70 72042
70 72046
70 72053
70 72070
70 72075
70 72083
70 72088
70 72089
70 72097
70 72107
70 72115
70 72122
70 72131
70 72135
70 72143
70 72158
70 72163
70 72164
70 72173
70 72174
70 72192
70 72214
70 72215
70 72218
70 72220
70 72227
70 72230
70 72234
70 72238
70 72255
70 72304
70 72311
70 72331
70 72335
70 72339
70 72348
70 72354
70 72365
70 72375
70 72389
70 72391
70 72392
70 72402
70 72409
70 72411
70 72418
70 72437
70 72439
70 72453
70 72467
70 72470
70 72475
70 72478
70 72487
70 72493
70 72496
70 72499
70 72501
70 72515
70 72536
70 72538
70 72552
70 72588
70 72599
70 72603
70 72608
70 72617
70 72621
70 72624
70 72649
70 72652
70 72657
70 72667
70 72671
70 72675
70 72686
70 72690
70 72695
70 72697
70 72704
70 72707
70 72711
70 72721
70 72722
70 72740
70 72743
70 72748
70 72757
70 72762
70 72770
70 72794
70 72795
70 72796
70 72815
70 72817
70 72826
70 72828
70 72836
70 72851
70 72857
70 72888
70 72889
70 72900
70 72905
70 72910
70 72911
70 72913
70 72929
70 72934
70 72939
70 72951
70 72963
70 72972
70 72977
70 72980
70 72983
70 72993
70 72999
70 73002
70 73020
70 73030
70 73033
70 73050
70 73053
70 73054
70 73057
70 73076
70 73082
70 73112
70 73114
70 73116
70 73117
70 73120
70 73123
70 73125
70 73131
70 73141
70 73148
70 73152
70 73153
70 73157
70 73164
70 73170
70 73173
70 73174
70 73184
70 73187
70 73202
70 73203
70 73205
70 73211
70 73214
70 73217
70 73220
70 73228
70 73230
70 73238
70 73242
70 73247
70 73249
70 73250
70 73252
70 73258
70 73272
70 73277
70 73289
70 73291
70 73298
70 73305
70 73307
70 73321
70 73331
70 73336
70 73337
70 73357
70 73363
70 73365
70 73376
70 73377
70 73383
70 73389
70 73392
70 73394
70 73396
70 73407
70 73414
70 73418
70 73420
70 73427
70 73437
70 73451
70 73462
70 73483
70 73491
70 73494
70 73496
70 73502
70 73505
70 73510
70 73513
70 73517
70 73519
70 73524
70 73532
70 73534
70 73545
70 73549
70 73552
70 73561
70 73567
70 73574
70 73583
70 73591
70 73599
70 73609
70 73611
70 73614
70 73616
70 73618
70 73635
70 73642
70 73648
70 73651
70 73657
70 73665
70 73687
70 73692
70 73709
70 73738
70 73757
70 73765
70 73767
70 73768
70 73771
70 73772
70 73775
70 73778
70 73779
70 73780
70 73789
70 73802
70 73804
70 73813
70 73819
70 73820
70 73846
70 73853
70 73867
70 73868
70 73877
70 73893
70 73904
70 73911
70 73925
70 73937
70 73943
70 73946
70 73947
70 73954
70 73962
70 73975
70 73978
70 73983
70 73992
70 74003
70 74006
70 74009
70 74028
70 74029
70 74039
70 74041
70 74045
70 74051
70 74056
70 74061
70 74069
70 74070
70 74072
70 74074
70 74087
70 74102
70 74123
70 74138
70 74152
70 74154
70 74156
70 74160
70 74166
70 74167
70 74170
70 74171
70 74175
70 74180
70 74194
70 74196
70 74203
70 74204
70 74213
70 74215
70 74218
70 74220
70 74222
70 74243
70 74252
70 74270
70 74275
70 74279
70 74283
70 74285
70 74295
70 74304
70 74307
70 74309
70 74314
70 74318
70 74322
70 74323
70 74330
70 74340
70 74343
70 74348
70 74358
70 74362
70 74376
70 74379
70 74382
70 74387
70 74400
70 74419
70 74421
70 74424
70 74450
70 74466
70 74487
70 74493
70 74497
70 74504
70 74513
70 74522
70 74535
70 74541
70 74544
70 74546
70 74553
70 74554
70 74555
70 74556
70 74558
70 74569
70 74582
70 74587
70 74588
70 74596
70 74598
70 74600
70 74603
70 74604
70 74615
70 74618
70 74628
70 74639
70 74678
70 74685
70 74704
70 74709
70 74712
70 74715
70 74727
70 74735
70 74736
70 74751
70 74752
70 74757
70 74763
70 74769
70 74774
70 74775
70 74783
70 74801
70 74802
70 74804
70 74807
70 74817
70 74820
70 74824
70 74827
70 74846
70 74853
70 74866
70 74867
70 74868
70 74871
70 74886
70 74887
70 74896
70 74906
70 74907
70 74912
70 74914
70 74916
70 74925
70 74936
70 74950
70 74956
70 74965
70 74997
70 75008
70 75019
70 75020
70 75028
70 75031
70 75033
70 75066
70 75081
70 75082
70 75109
70 75111
70 75123
70 75126
70 75149
70 75151
70 75159
70 75165
70 75180
70 75189
70 75190
70 75191
70 75207
70 75226
70 75236
70 75243
70 75244
70 75247
70 75258
70 75262
70 75265
70 75273
70 75274
70 75279
70 75282
70 75289
70 75290
70 75318
70 75331
70 75342
70 75345
70 75350
70 75354
70 75359
70 75363
70 75376
70 75380
70 75381
70 75384
70 75390
70 75392
70 75398
70 75406
70 75420
70 75434
70 75440
70 75441
70 75443
70 75461
70 75464
70 75466
70 75476
70 75487
70 75490
70 75495
70 75501
70 75509
70 75518
70 75530
70 75541
70 75551
70 75558
70 75563
70 75574
70 75577
70 75579
70 75590
70 75595
70 75607
70 75608
70 75610
70 75611
70 75627
70 75629
70 75633
70 75642
70 75647
70 75662
70 75669
70 75702
70 75710
70 75716
70 75723
70 75726
70 75732
70 75738
70 75739
70 75741
70 75742
70 75759
70 75761
70 75764
70 75767
70 75791
70 75800
70 75815
70 75821
70 75824
70 75832
70 75834
70 75837
70 75838
70 75841
70 75846
70 75852
70 75853
70 75864
70 75865
70 75866
70 75868
70 75869
70 75872
70 75876
70 75885
70 75890
70 75891
70 75901
70 75907
70 75909
70 75914
70 75919
70 75925
70 75936
70 75939
70 75945
70 75955
70 75967
70 75975
70 75977
70 75994
70 76006
70 76008
70 76015
70 76033
70 76036
70 76055
70 76060
70 76062
70 76072
70 76074
70 76079
70 76082
70 76083
70 76089
70 76096
70 76099
70 76115
70 76119
70 76121
70 76134
70 76165
70 76168
70 76176
70 76189
70 76194
70 76215
70 76225
70 76229
70 76230
70 76232
70 76243
70 76245
70 76249
70 76253
70 76264
70 76275
70 76277
70 76279
70 76281
70 76290
70 76299
70 76303
70 76305
70 76309
70 76316
70 76320
70 76326
70 76333
70 76336
70 76342
70 76345
70 76347
70 76348
70 76351
70 76352
70 76364
70 76369
70 76373
70 76376
70 76386
70 76388
70 76398
70 76402
70 76415
70 76422
70 76438
70 76444
70 76446
70 76449
70 76453
70 76462
70 76474
70 76492
70 76494
70 76499
70 76505
70 76507
70 76509
70 76522
70 76525
70 76535
70 76545
70 76568
70 76570
70 76577
70 76589
70 76621
70 76626
70 76628
70 76631
70 76642
70 76671
70 76677
70 76683
70 76686
70 76688
70 76700
70 76708
70 76710
70 76716
70 76722
70 76727
70 76739
70 76747
70 76752
70 76771
70 76772
70 76773
70 76778
70 76793
70 76795
70 76803
70 76806
70 76815
70 76818
70 76827
70 76832
70 76834
70 76840
70 76841
70 76843
70 76847
70 76849
70 76855
70 76874
70 76881
70 76887
70 76890
70 76900
70 76908
70 76911
70 76943
70 76957
70 76960
70 76969
70 76981
70 76985
70 76989
70 76997
70 77007
70 77017
70 77025
70 77026
70 77030
70 77043
70 77044
70 77066
70 77080
70 77087
70 77102
70 77109
70 77137
70 77142
70 77148
70 77152
70 77169
70 77184
70 77201
70 77208
70 77215
70 77222
70 77224
70 77231
70 77233
70 77236
70 77244
70 77247
70 77257
70 77265
70 77276
70 77291
70 77309
70 77311
70 77312
70 77317
70 77325
70 77335
70 77339
70 77358
70 77387
70 77395
70 77398
70 77418
70 77422
70 77429
70 77430
70 77446
70 77450
70 77484
70 77489
70 77493
70 77497
70 77526
70 77528
70 77538
70 77545
70 77551
70 77554
70 77565
70 77567
70 77574
70 77584
70 77613
70 77615
70 77616
70 77619
70 77630
70 77658
70 77661
70 77674
70 77675
70 77683
70 77705
70 77716
70 77734
70 77739
70 77746
70 77752
70 77753
70 77758
70 77766
70 77771
70 77774
70 77776
70 77783
70 77800
70 77806
70 77813
70 77814
70 77816
70 77824
70 77828
70 77833
70 77835
70 77849
70 77850
70 77864
70 77868
70 77878
70 77880
70 77893
70 77894
70 77903
70 77919
70 77925
70 77926
70 77930
70 77931
70 77948
70 77953
70 77960
70 77962
70 77977
70 77982
70 77986
70 78002
70 78011
70 78017
70 78020
70 78036
70 78039
70 78042
70 78050
70 78061
70 78072
70 78090
70 78091
70 78112
70 78116
70 78131
70 78143
70 78150
70 78167
70 78168
70 78176
70 78192
70 78203
70 78219
70 78234
70 78236
70 78237
70 78250
70 78256
70 78261
70 78270
70 78303
70 78304
70 78310
70 78311
70 78313
70 78330
70 78337
70 78350
70 78353
70 78367
70 78376
70 78421
70 78423
70 78426
70 78442
70 78453
70 78476
70 78495
70 78509
70 78532
70 78536
70 78547
70 78551
70 78564
70 78579
70 78587
70 78614
70 78616
70 78619
70 78627
70 78631
70 78667
70 78675
70 78681
70 78694
70 78703
70 78720
70 78733
70 78739
70 78746
70 78755
70 78768
70 78774
70 78785
70 78800
70 78803
70 78810
70 78816
70 78821
70 78849
70 78851
70 78874
70 78878
70 78880
70 78890
70 78892
70 78900
70 78907
70 78911
70 78917
70 78918
70 78953
70 78962
70 78973
70 78983
70 78987
70 78992
70 79003
70 79023
70 79029
70 79031
70 79034
70 79039
70 79048
70 79052
70 79063
70 79070
70 79073
70 79081
70 79097
70 79103
70 79108
70 79111
70 79116
70 79119
70 79142
70 79148
70 79163
70 79170
70 79179
70 79180
70 79181
70 79189
70 79191
70 79194
70 79203
70 79210
70 79218
70 79228
70 79234
70 79235
70 79242
70 79246
70 79255
70 79261
70 79272
70 79273
70 79275
70 79278
70 79280
70 79315
70 79317
70 79321
70 79325
70 79330
70 79336
70 79340
70 79341
70 79353
70 79358
70 79359
70 79370
70 79372
70 79373
70 79376
70 79389
70 79400
70 79406
70 79407
70 79419
70 79423
70 79431
70 79434
70 79438
70 79456
70 79459
70 79484
70 79487
70 79488
70 79503
70 79505
70 79506
70 79507
70 79509
70 79529
70 79540
70 79545
70 79565
70 79572
70 79584
70 79586
70 79588
70 79606
70 79608
70 79629
70 79655
70 79657
70 79665
70 79667
70 79677
70 79683
70 79685
70 79709
70 79712
70 79713
70 79733
70 79736
70 79741
70 79746
70 79747
70 79754
70 79755
70 79758
70 79797
70 79798
70 79830
70 79831
70 79841
70 79847
70 79857
70 79859
70 79871
70 79877
70 79878
70 79881
70 79893
70 79906
70 79907
70 79909
70 79914
70 79918
70 79923
70 79926
70 79930
70 79940
70 79942
70 79953
70 79959
70 79964
70 79968
70 79970
70 79972
70 80000
70 80013
70 80029
70 80034
70 80042
70 80047
70 80072
70 80074
70 80077
70 80078
70 80091
70 80095
70 80099
70 80113
70 80114
70 80140
70 80144
70 80147
70 80160
70 80164
70 80167
70 80190
70 80193
70 80202
70 80204
70 80206
70 80207
70 80214
70 80220
70 80221
70 80224
70 80225
70 80249
70 80260
70 80279
70 80285
70 80302
70 80326
70 80328
70 80337
70 80356
70 80374
70 80403
70 80405
70 80406
70 80407
70 80413
70 80422
70 80428
70 80433
70 80435
70 80447
70 80448
70 80450
70 80451
70 80453
70 80454
70 80462
70 80468
70 80472
70 80478
70 80483
70 80493
70 80509
70 80527
70 80532
70 80538
70 80553
70 80562
70 80583
70 80592
70 80600
70 80615
70 80617
70 80640
70 80648
70 80657
70 80659
70 80666
70 80668
70 80669
70 80670
70 80678
70 80691
70 80705
70 80716
70 80720
70 80728
70 80732
70 80742
70 80748
70 80750
70 80758
70 80767
70 80769
70 80805
70 80806
70 80811
70 80820
70 80829
70 80831
70 80837
70 80843
70 80846
70 80850
70 80855
70 80860
70 80878
70 80884
70 80896
70 80900
70 80902
70 80903
70 80908
70 80913
70 80914
70 80916
70 80917
70 80923
70 80928
70 80934
70 80943
70 80947
70 80951
70 80955
70 80962
70 80969
70 80979
70 80982
70 80989
70 80993
70 80994
70 81007
70 81011
70 81016
70 81018
70 81024
70 81034
70 81038
70 81041
70 81048
70 81062
70 81065
70 81079
70 81080
70 81093
70 81101
70 81103
70 81119
70 81134
70 81137
70 81141
70 81144
70 81146
70 81157
70 81160
70 81162
70 81177
70 81185
70 81187
70 81189
70 81197
70 81216
70 81232
70 81239
70 81248
70 81252
70 81258
70 81264
70 81269
70 81277
70 81278
70 81281
70 81283
70 81284
70 81285
70 81288
70 81303
70 81306
70 81311
70 81312
70 81323
70 81328
70 81345
70 81347
70 81361
70 81363
70 81370
70 81378
70 81379
70 81380
70 81387
70 81411
70 81416
70 81417
70 81418
70 81420
70 81435
70 81436
70 81442
70 81453
70 81454
70 81463
70 81467
70 81474
70 81480
70 81482
70 81493
70 81495
70 81501
70 81511
70 81533
70 81537
70 81542
70 81558
70 81575
70 81580
70 81582
70 81586
70 81595
70 81601
70 81629
70 81636
70 81639
70 81642
70 81645
70 81653
70 81655
70 81656
70 81657
70 81661
70 81668
70 81671
70 81701
70 81703
70 81705
70 81706
70 81719
70 81721
70 81738
70 81740
70 81746
70 81751
70 81758
70 81775
70 81779
70 81780
70 81786
70 81799
70 81801
70 81811
70 81820
70 81822
70 81826
70 81828
70 81836
70 81837
70 81845
70 81850
70 81855
70 81856
70 81877
70 81881
70 81889
70 81894
70 81895
70 81898
70 81899
70 81904
70 81910
70 81917
70 81943
70 81954
70 81958
70 81983
70 81992
70 82001
70 82009
70 82014
70 82021
70 82028
70 82035
70 82056
70 82057
70 82066
70 82068
70 82069
70 82070
70 82080
70 82092
70 82103
70 82108
70 82126
70 82148
70 82150
70 82155
70 82160
70 82175
70 82182
70 82189
70 82192
70 82195
70 82201
70 82208
70 82212
70 82229
70 82240
70 82245
70 82246
70 82251
70 82260
70 82273
70 82284
70 82305
70 82309
70 82329
70 82331
70 82342
70 82344
70 82348
70 82352
70 82353
70 82358
70 82362
70 82384
70 82387
70 82391
70 82395
70 82403
70 82411
70 82419
70 82422
70 82440
70 82442
70 82448
70 82456
70 82462
70 82470
70 82471
70 82476
70 82491
70 82494
70 82522
70 82524
70 82530
70 82534
70 82542
70 82544
70 82558
70 82559
70 82570
70 82572
70 82581
70 82583
70 82584
70 82591
70 82596
70 82599
70 82600
70 82613
70 82642
70 82645
70 82651
70 82672
70 82681
70 82684
70 82687
70 82689
70 82701
70 82702
70 82710
70 82715
70 82730
70 82743
70 82753
70 82758
70 82761
70 82764
70 82775
70 82794
70 82799
70 82800
70 82819
70 82821
70 82822
70 82829
70 82830
70 82834
70 82841
70 82850
70 82860
70 82865
70 82867
70 82876
70 82883
70 82893
70 82901
70 82910
70 82912
70 82915
70 82919
70 82926
70 82933
70 82934
70 82943
70 82959
70 82966
70 82967
70 82974
70 82977
70 82992
70 82993
70 82998
70 83001
70 83005
70 83009
70 83011
70 83012
70 83016
70 83020
70 83021
70 83025
70 83028
70 83042
70 83053
70 83067
70 83075
70 83080
70 83102
70 83112
70 83132
70 83135
70 83138
70 83149
70 83151
70 83155
70 83160
70 83172
70 83185
70 83196
70 83207
70 83212
70 83223
70 83231
70 83239
70 83244
70 83248
70 83251
70 83253
70 83254
70 83255
70 83256
70 83257
70 83259
70 83272
70 83287
70 83290
70 83302
70 83309
70 83313
70 83316
70 83317
70 83350
70 83351
70 83364
70 83365
70 83383
70 83410
70 83411
70 83417
70 83419
70 83421
70 83434
70 83437
70 83438
70 83451
70 83453
70 83458
70 83468
70 83472
70 83492
70 83499
70 83502
70 83505
70 83508
70 83511
70 83520
70 83546
70 83552
70 83555
70 83556
70 83558
70 83565
70 83566
70 83576
70 83581
70 83599
70 83606
70 83615
70 83629
70 83633
70 83647
70 83650
70 83664
70 83672
70 83712
70 83725
70 83738
70 83744
70 83753
70 83755
70 83756
70 83757
70 83768
70 83780
70 83793
70 83800
70 83808
70 83811
70 83822
70 83824
70 83828
70 83839
70 83840
70 83845
70 83849
70 83861
70 83876
70 83879
70 83880
70 83885
70 83886
70 83889
70 83893
70 83902
70 83906
70 83912
70 83931
70 83938
70 83945
70 83958
70 83959
70 83960
70 83963
70 83971
70 83980
70 83984
70 83985
70 83995
70 83996
70 84004
70 84025
70 84041
70 84045
70 84048
70 84051
70 84052
70 84053
70 84064
70 84066
70 84071
70 84075
70 84079
70 84085
70 84087
70 84089
70 84092
70 84114
70 84156
70 84160
70 84161
70 84162
70 84170
70 84171
70 84172
70 84184
70 84195
70 84198
70 84199
70 84202
70 84208
70 84210
70 84219
70 84234
70 84236
70 84240
70 84246
70 84252
70 84267
70 84271
70 84281
70 84293
70 84301
70 84305
70 84308
70 84327
70 84333
70 84336
70 84348
70 84363
70 84372
70 84374
70 84376
70 84379
70 84384
70 84388
70 84395
70 84415
70 84428
70 84451
70 84453
70 84460
70 84485
70 84491
70 84494
70 84504
70 84516
70 84521
70 84533
70 84554
70 84561
70 84566
70 84571
70 84573
70 84589
70 84590
70 84594
70 84595
70 84599
70 84609
70 84617
70 84621
70 84635
70 84637
70 84643
70 84644
70 84650
70 84660
70 84663
70 84664
70 84666
70 84682
70 84685
70 84686
70 84688
70 84696
70 84705
70 84715
70 84722
70 84731
70 84741
70 84753
70 84755
70 84756
70 84761
70 84766
70 84772
70 84784
70 84789
70 84804
70 84809
70 84813
70 84820
70 84823
70 84836
70 84841
70 84854
70 84857
70 84866
70 84872
70 84890
70 84891
70 84895
70 84897
70 84910
70 84923
70 84932
70 84939
70 84940
70 84942
70 84961
70 84977
70 84978
70 84983
70 84985
70 84992
70 84998
70 85020
70 85023
70 85029
70 85033
70 85035
70 85037
70 85051
70 85058
70 85069
70 85072
70 85080
70 85087
70 85089
70 85111
70 85117
70 85121
70 85140
70 85143
70 85145
70 85148
70 85154
70 85156
70 85176
70 85178
70 85184
70 85214
70 85219
70 85222
70 85230
70 85232
70 85251
70 85257
70 85261
70 85264
70 85265
70 85271
70 85280
70 85285
70 85287
70 85290
70 85304
70 85306
70 85313
70 85317
70 85320
70 85322
70 85325
70 85333
70 85336
70 85337
70 85339
70 85344
70 85363
70 85364
70 85375
70 85377
70 85378
70 85400
70 85401
70 85406
70 85413
70 85426
70 85430
70 85437
70 85450
70 85475
70 85486
70 85500
70 85501
70 85505
70 85512
70 85514
70 85517
70 85519
70 85522
70 85527
70 85530
70 85536
70 85540
70 85542
70 85543
70 85550
70 85570
70 85571
70 85572
70 85579
70 85584
70 85586
70 85590
70 85605
70 85608
70 85612
70 85615
70 85617
70 85620
70 85624
70 85627
70 85631
70 85633
70 85647
70 85668
70 85670
70 85684
70 85690
70 85694
70 85696
70 85700
70 85714
70 85716
70 85724
70 85733
70 85743
70 85757
70 85768
70 85791
70 85811
70 85826
70 85840
70 85852
70 85854
70 85874
70 85877
70 85878
70 85880
70 85886
70 85890
70 85896
70 85906
70 85908
70 85914
70 85917
70 85931
70 85944
70 85949
70 85952
70 85957
70 85975
70 85986
70 85989
70 85991
70 85993
70 86010
70 86038
70 86042
70 86047
70 86055
70 86060
70 86067
70 86075
70 86076
70 86079
70 86090
70 86104
70 86111
70 86120
70 86123
70 86124
70 86134
70 86135
70 86136
70 86143
70 86145
70 86152
70 86154
70 86156
70 86168
70 86173
70 86176
70 86183
70 86189
70 86197
70 86200
70 86210
70 86218
70 86225
70 86226
70 86228
70 86230
70 86239
70 86245
70 86247
70 86252
70 86273
70 86298
70 86299
70 86302
70 86311
70 86321
70 86323
70 86327
70 86337
70 86345
70 86354
70 86370
70 86376
70 86379
70 86391
70 86395
70 86402
70 86407
70 86414
70 86423
70 86425
70 86432
70 86436
70 86441
70 86448
70 86450
70 86456
70 86477
70 86494
70 86496
70 86498
70 86504
70 86505
70 86507
70 86512
70 86517
70 86545
70 86554
70 86555
70 86557
70 86560
70 86570
70 86578
70 86587
70 86615
70 86617
70 86622
70 86626
70 86628
70 86638
70 86646
70 86657
70 86672
70 86677
70 86682
70 86683
70 86686
70 86691
70 86696
70 86708
70 86722
70 86731
70 86738
70 86748
70 86754
70 86759
70 86761
70 86763
70 86773
70 86791
70 86796
70 86807
70 86811
70 86813
70 86824
70 86826
70 86835
70 86845
70 86847
70 86854
70 86857
70 86865
70 86869
70 86882
70 86892
70 86894
70 86906
70 86912
70 86921
70 86922
70 86936
70 86940
70 86947
70 86954
70 86960
70 86965
70 86970
70 86973
70 86974
70 86999
70 87000
70 87006
70 87009
70 87017
70 87020
70 87029
70 87031
70 87035
70 87051
70 87065
70 87070
70 87077
70 87078
70 87088
70 87091
70 87093
70 87097
70 87102
70 87114
70 87125
70 87127
70 87130
70 87133
70 87145
70 87154
70 87157
70 87161
70 87169
70 87174
70 87180
70 87191
70 87194
70 87201
70 87202
70 87207
70 87229
70 87233
70 87236
70 87243
70 87244
70 87253
70 87266
70 87267
70 87275
70 87288
70 87296
70 87297
70 87300
70 87312
70 87338
70 87354
70 87361
70 87362
70 87369
70 87380
70 87383
70 87385
70 87391
70 87393
70 87404
70 87409
70 87414
70 87419
70 87422
70 87423
70 87435
70 87438
70 87441
70 87448
70 87452
70 87456
70 87460
70 87463
70 87464
70 87467
70 87469
70 87502
70 87504
70 87507
70 87508
70 87509
70 87520
70 87529
70 87542
70 87547
70 87555
70 87557
70 87560
70 87563
70 87575
70 87579
70 87581
70 87582
70 87585
70 87594
70 87610
70 87615
70 87622
70 87626
70 87627
70 87629
70 87643
70 87649
70 87650
70 87651
70 87653
70 87674
70 87677
70 87684
70 87695
70 87710
70 87715
70 87718
70 87721
70 87729
70 87732
70 87738
70 87746
70 87747
70 87754
70 87762
70 87763
70 87774
70 87779
70 87782
70 87787
70 87788
70 87792
70 87801
70 87812
70 87824
70 87825
70 87834
70 87854
70 87857
70 87864
70 87875
70 87883
70 87885
70 87893
70 87902
70 87907
70 87910
70 87920
70 87923
70 87926
70 87934
70 87946
70 87949
70 87953
70 87966
70 87972
70 87975
70 87993
70 87994
70 87999
70 88005
70 88007
70 88016
70 88017
70 88018
70 88021
70 88027
70 88029
70 88032
70 88035
70 88037
70 88047
70 88048
70 88052
70 88057
70 88066
70 88069
70 88070
70 88071
70 88075
70 88081
70 88088
70 88114
70 88118
70 88134
70 88170
70 88173
70 88174
70 88180
70 88181
70 88184
70 88185
70 88189
70 88210
70 88229
70 88245
70 88248
70 88257
70 88263
70 88265
70 88274
70 88275
70 88292
70 88298
70 88308
70 88312
70 88316
70 88331
70 88339
70 88346
70 88348
70 88353
70 88360
70 88385
70 88392
70 88398
70 88404
70 88407
70 88410
70 88420
70 88421
70 88425
70 88426
70 88437
70 88446
70 88448
70 88453
70 88459
70 88468
70 88472
70 88474
70 88484
70 88493
70 88501
70 88506
70 88512
70 88520
70 88521
70 88533
70 88545
70 88547
70 88552
70 88558
70 88564
70 88566
70 88577
70 88584
70 88585
70 88589
70 88595
70 88614
70 88621
70 88627
70 88628
70 88631
70 88635
70 88638
70 88640
70 88642
70 88655
70 88662
70 88666
70 88669
70 88675
70 88679
70 88681
70 88682
70 88690
70 88696
70 88705
70 88712
70 88723
70 88733
70 88740
70 88744
70 88749
70 88752
70 88754
70 88769
70 88797
70 88799
70 88804
70 88806
70 88815
70 88825
70 88830
70 88832
70 88841
70 88845
70 88847
70 88855
70 88862
70 88870
70 88875
70 88881
70 88893
70 88896
70 88898
70 88901
70 88906
70 88917
70 88930
70 88937
70 88949
70 88957
70 89002
70 89015
70 89019
70 89023
70 89024
70 89030
70 89051
70 89053
70 89054
70 89061
70 89068
70 89076
70 89083
70 89088
70 89090
70 89105
70 89107
70 89139
70 89152
70 89158
70 89165
70 89170
70 89173
70 89189
70 89199
70 89202
70 89225
70 89227
70 89230
70 89238
70 89251
70 89253
70 89255
70 89261
70 89262
70 89292
70 89307
70 89317
70 89321
70 89335
70 89343
70 89352
70 89353
70 89356
70 89371
70 89380
70 89396
70 89406
70 89413
70 89414
70 89425
70 89432
70 89433
70 89442
70 89448
70 89461
70 89471
70 89484
70 89490
70 89493
70 89504
70 89513
70 89531
70 89534
70 89545
70 89548
70 89567
70 89577
70 89591
70 89604
70 89624
70 89626
70 89629
70 89641
70 89651
70 89654
70 89669
70 89679
70 89691
70 89692
70 89696
70 89702
70 89705
70 89710
70 89722
70 89754
70 89762
70 89764
70 89772
70 89774
70 89783
70 89818
70 89820
70 89823
70 89825
70 89831
70 89833
70 89857
70 89862
70 89868
70 89869
70 89872
70 89876
70 89879
70 89883
70 89887
70 89889
70 89912
70 89916
70 89919
70 89921
70 89927
70 89936
70 89938
70 89939
70 89955
70 89969
70 89972
70 89975
70 89989
70 89993
70 89995
70 90000
70 90017
70 90018
70 90021
70 90034
70 90037
70 90039
70 90044
70 90047
70 90051
70 90053
70 90062
70 90063
70 90064
70 90065
70 90066
70 90069
70 90070
70 90074
70 90083
70 90091
70 90100
70 90112
70 90115
70 90119
70 90120
70 90126
70 90141
70 90151
70 90157
70 90165
70 90168
70 90192
70 90193
70 90202
70 90204
70 90231
70 90237
70 90240
70 90258
70 90260
70 90261
70 90270
70 90276
70 90283
70 90288
70 90292
70 90295
70 90297
70 90310
70 90314
70 90324
70 90341
70 90360
70 90364
70 90369
70 90372
70 90376
70 90393
70 90397
70 90408
70 90419
70 90427
70 90428
70 90433
70 90438
70 90442
70 90443
70 90446
70 90459
70 90469
70 90470
70 90473
70 90474
70 90475
70 90497
70 90499
70 90502
70 90508
70 90510
70 90513
70 90520
70 90522
70 90528
70 90535
70 90541
70 90569
70 90572
70 90578
70 90586
70 90600
70 90602
70 90606
70 90611
70 90624
70 90625
70 90633
70 90635
70 90636
70 90639
70 90646
70 90659
70 90662
70 90668
70 90670
70 90678
70 90692
70 90695
70 90705
70 90709
70 90710
70 90723
70 90737
70 90738
70 90745
70 90760
70 90776
70 90780
70 90785
70 90787
70 90791
70 90794
70 90797
70 90798
70 90817
70 90819
70 90830
70 90838
70 90843
70 90844
70 90849
70 90859
70 90861
70 90873
70 90878
70 90886
70 90893
70 90895
70 90908
70 90913
70 90915
70 90935
70 90936
70 90940
70 90942
70 90944
70 90945
70 90952
70 90955
70 90957
70 90963
70 90988
70 90998
70 91003
70 91014
70 91042
70 91046
70 91047
70 91049
70 91051
70 91058
70 91060
70 91072
70 91084
70 91085
70 91113
70 91114
70 91118
70 91121
70 91122
70 91127
70 91129
70 91131
70 91133
70 91142
70 91154
70 91174
70 91187
70 91190
70 91206
70 91237
70 91260
70 91263
70 91268
70 91276
70 91293
70 91300
70 91309
70 91311
70 91326
70 91328
70 91329
70 91346
70 91347
70 91349
70 91354
70 91365
70 91377
70 91378
70 91379
70 91388
70 91392
70 91404
70 91407
70 91423
70 91425
70 91429
70 91432
70 91443
70 91450
70 91453
70 91455
70 91457
70 91464
70 91467
70 91470
70 91485
70 91493
70 91498
70 91501
70 91502
70 91515
70 91520
70 91526
70 91529
70 91544
70 91546
70 91548
70 91549
70 91552
70 91553
70 91559
70 91560
70 91561
70 91563
70 91567
70 91587
70 91593
70 91599
70 91601
70 91603
70 91608
70 91629
70 91647
70 91649
70 91654
70 91657
70 91664
70 91671
70 91672
70 91673
70 91680
70 91683
70 91715
70 91721
70 91724
70 91727
70 91732
70 91734
70 91735
70 91752
70 91756
70 91758
70 91760
70 91767
70 91771
70 91782
70 91783
70 91786
70 91792
70 91793
70 91801
70 91803
70 91817
70 91819
70 91828
70 91833
70 91849
70 91852
70 91861
70 91870
70 91874
70 91876
70 91877
70 91881
70 91894
70 91896
70 91902
70 91904
70 91914
70 91920
70 91958
70 91960
70 91968
70 91971
70 91990
70 91992
70 92018
70 92040
70 92042
70 92060
70 92061
70 92071
70 92074
70 92081
70 92084
70 92088
70 92092
70 92093
70 92133
70 92141
70 92174
70 92176
70 92191
70 92200
70 92205
70 92207
70 92211
70 92215
70 92240
70 92246
70 92251
70 92262
70 92265
70 92270
70 92271
70 92273
70 92300
70 92302
70 92320
70 92330
70 92344
70 92347
70 92352
70 92356
70 92364
70 92367
70 92373
70 92374
70 92376
70 92379
70 92406
70 92408
70 92410
70 92411
70 92427
70 92430
70 92435
70 92438
70 92450
70 92453
70 92466
70 92468
70 92474
70 92480
70 92484
70 92494
70 92497
70 92498
70 92501
70 92512
70 92530
70 92533
70 92535
70 92543
70 92560
70 92563
70 92572
70 92577
70 92585
70 92603
70 92607
70 92608
70 92612
70 92614
70 92626
70 92628
70 92653
70 92655
70 92658
70 92668
70 92671
70 92673
70 92698
70 92700
70 92714
70 92719
70 92723
70 92730
70 92737
70 92745
70 92748
70 92750
70 92763
70 92771
70 92787
70 92791
70 92795
70 92796
70 92797
70 92804
70 92819
70 92821
70 92825
70 92831
70 92838
70 92841
70 92846
70 92855
70 92856
70 92864
70 92867
70 92874
70 92892
70 92900
70 92905
70 92913
70 92922
70 92935
70 92945
70 92953
70 92956
70 92965
70 92978
70 92994
70 93003
70 93012
70 93015
70 93018
70 93040
70 93044
70 93045
70 93046
70 93066
70 93069
70 93071
70 93085
70 93090
70 93094
70 93098
70 93102
70 93105
70 93110
70 93116
70 93122
70 93123
70 93137
70 93144
70 93157
70 93169
70 93170
70 93189
70 93197
70 93205
70 93210
70 93212
70 93222
70 93232
70 93249
70 93267
70 93272
70 93274
70 93275
70 93288
70 93291
70 93298
70 93300
70 93303
70 93305
70 93318
70 93322
70 93339
70 93367
70 93384
70 93402
70 93415
70 93416
70 93425
70 93426
70 93427
70 93433
70 93437
70 93438
70 93450
70 93453
70 93456
70 93462
70 93464
70 93475
70 93482
70 93495
70 93504
70 93519
70 93523
70 93530
70 93534
70 93536
70 93554
70 93557
70 93569
70 93572
70 93575
70 93577
70 93582
70 93584
70 93593
70 93594
70 93595
70 93603
70 93606
70 93613
70 93634
70 93646
70 93648
70 93652
70 93656
70 93663
70 93690
70 93701
70 93719
70 93724
70 93727
70 93731
70 93734
70 93737
70 93756
70 93771
70 93773
70 93777
70 93789
70 93809
70 93811
70 93812
70 93819
70 93822
70 93827
70 93834
70 93837
70 93860
70 93870
70 93884
70 93888
70 93889
70 93890
70 93900
70 93908
70 93910
70 93913
70 93914
70 93927
70 93931
70 93944
70 93947
70 93953
70 93972
70 93974
70 93986
70 93989
70 94010
70 94018
70 94019
70 94020
70 94025
70 94028
70 94044
70 94053
70 94057
70 94064
70 94065
70 94092
70 94094
70 94098
70 94105
70 94115
70 94118
70 94119
70 94125
70 94142
70 94150
70 94165
70 94168
70 94169
70 94190
70 94197
70 94199
70 94209
70 94213
70 94223
70 94238
70 94250
70 94262
70 94270
70 94282
70 94302
70 94318
70 94323
70 94328
70 94339
70 94343
70 94357
70 94362
70 94364
70 94366
70 94370
70 94384
70 94389
70 94393
70 94399
70 94403
70 94404
70 94412
70 94415
70 94417
70 94421
70 94423
70 94432
70 94436
70 94444
70 94450
70 94465
70 94466
70 94471
70 94474
70 94478
70 94479
70 94481
70 94487
70 94492
70 94498
70 94500
70 94501
70 94509
70 94510
70 94529
70 94533
70 94543
70 94546
70 94547
70 94549
70 94554
70 94588
70 94612
70 94619
70 94625
70 94629
70 94648
70 94649
70 94653
70 94656
70 94676
70 94677
70 94702
70 94703
70 94711
70 94714
70 94737
70 94751
70 94763
70 94766
70 94776
70 94786
70 94791
70 94803
70 94810
70 94811
70 94823
70 94827
70 94831
70 94834
70 94837
70 94840
70 94846
70 94847
70 94850
70 94857
70 94861
70 94868
70 94879
70 94887
70 94891
70 94897
70 94909
70 94920
70 94921
70 94945
70 94955
70 94960
70 94974
70 94976
70 94992
70 94995
70 95006
70 95009
70 95022
70 95026
70 95028
70 95033
70 95035
70 95040
70 95044
70 95047
70 95068
70 95069
70 95077
70 95084
70 95085
70 95097
70 95105
70 95115
70 95128
70 95138
70 95149
70 95175
70 95180
70 95190
70 95197
70 95207
70 95210
70 95219
70 95231
70 95233
70 95270
70 95275
70 95279
70 95280
70 95301
70 95307
70 95332
70 95333
70 95334
70 95343
70 95358
70 95372
70 95374
70 95376
70 95388
70 95407
70 95416
70 95419
70 95426
70 95446
70 95457
70 95462
70 95464
70 95474
70 95475
70 95479
70 95480
70 95487
70 95498
70 95500
70 95515
70 95517
70 95519
70 95521
70 95524
70 95531
70 95533
70 95536
70 95538
70 95558
70 95570
70 95578
70 95581
70 95591
70 95599
70 95610
70 95617
70 95622
70 95625
70 95626
70 95630
70 95635
70 95645
70 95652
70 95655
70 95656
70 95661
70 95666
70 95668
70 95682
70 95688
70 95691
70 95692
70 95697
70 95703
70 95712
70 95714
70 95718
70 95724
70 95737
70 95739
70 95745
70 95749
70 95782
70 95794
70 95795
70 95802
70 95817
70 95825
70 95826
70 95837
70 95847
70 95866
70 95874
70 95877
70 95882
70 95885
70 95887
70 95890
70 95891
70 95916
70 95921
70 95933
70 95935
70 95947
70 95956
70 95962
70 95971
70 95974
70 95990
70 95996
70 95999
70 96006
70 96008
70 96018
70 96044
70 96047
70 96050
70 96055
70 96069
70 96076
70 96079
70 96100
70 96111
70 96117
70 96128
70 96130
70 96133
70 96137
70 96145
70 96150
70 96153
70 96162
70 96164
70 96186
70 96188
70 96191
70 96199
70 96200
70 96215
70 96218
70 96222
70 96227
70 96234
70 96240
70 96242
70 96244
70 96248
70 96253
70 96264
70 96268
70 96277
70 96279
70 96280
70 96283
70 96284
70 96287
70 96294
70 96299
70 96303
70 96310
70 96325
70 96332
70 96344
70 96353
70 96359
70 96363
70 96371
70 96378
70 96381
70 96382
70 96383
70 96385
70 96390
70 96394
70 96410
70 96419
70 96423
70 96430
70 96432
70 96433
70 96434
70 96456
70 96466
70 96480
70 96484
70 96486
70 96488
70 96491
70 96499
70 96501
70 96503
70 96520
70 96524
70 96525
70 96530
70 96537
70 96538
70 96545
70 96559
70 96568
70 96569
70 96580
70 96603
70 96639
70 96640
70 96644
70 96663
70 96667
70 96675
70 96676
70 96685
70 96711
70 96722
70 96724
70 96743
70 96757
70 96764
70 96780
70 96788
70 96802
70 96806
70 96809
70 96814
70 96834
70 96838
70 96851
70 96874
70 96886
70 96895
70 96910
70 96916
70 96932
70 96950
70 96956
70 96958
70 96962
70 96966
70 96969
70 96972
70 96984
70 96987
70 96991
70 97000
70 97004
70 97005
70 97020
70 97022
70 97025
70 97028
70 97041
70 97044
70 97054
70 97058
70 97063
70 97064
70 97070
70 97072
70 97074
70 97079
70 97084
70 97089
70 97097
70 97098
70 97121
70 97151
70 97157
70 97173
70 97179
70 97183
70 97193
70 97198
70 97217
70 97218
70 97234
70 97235
70 97254
70 97260
70 97276
70 97277
70 97282
70 97284
70 97286
70 97289
70 97300
70 97302
70 97304
70 97314
70 97315
70 97322
70 97331
70 97332
70 97333
70 97339
70 97341
70 97345
70 97347
70 97349
70 97350
70 97365
70 97382
70 97400
70 97412
70 97414
70 97427
70 97436
70 97447
70 97449
70 97453
70 97475
70 97487
70 97488
70 97494
70 97509
70 97537
70 97544
70 97564
70 97570
70 97573
70 97585
70 97590
70 97595
70 97601
70 97605
70 97609
70 97617
70 97619
70 97643
70 97654
70 97661
70 97667
70 97669
70 97673
70 97677
70 97680
70 97681
70 97688
70 97693
70 97717
70 97724
70 97727
70 97728
70 97729
70 97736
70 97738
70 97750
70 97757
70 97760
70 97765
70 97768
70 97780
70 97785
70 97786
70 97793
70 97802
70 97808
70 97810
70 97818
70 97823
70 97825
70 97832
70 97855
70 97859
70 97867
70 97868
70 97892
70 97894
70 97896
70 97910
70 97912
70 97925
70 97928
70 97939
70 97940
70 97941
70 97960
70 97962
70 97966
70 97983
70 97984
70 97985
70 97990
70 97998
70 98023
70 98031
70 98032
70 98036
70 98062
70 98065
70 98067
70 98093
70 98103
70 98106
70 98115
70 98121
70 98126
70 98127
70 98128
70 98143
70 98147
70 98155
70 98160
70 98190
70 98212
70 98239
70 98242
70 98244
70 98250
70 98256
70 98258
70 98261
70 98265
70 98271
70 98284
70 98306
70 98307
70 98310
70 98311
70 98315
70 98325
70 98372
70 98375
70 98385
70 98388
70 98389
70 98393
70 98399
70 98415
70 98416
70 98423
70 98432
70 98433
70 98462
70 98478
70 98485
70 98488
70 98501
70 98504
70 98506
70 98507
70 98514
70 98530
70 98533
70 98535
70 98537
70 98548
70 98553
70 98554
70 98558
70 98561
70 98564
70 98582
70 98587
70 98592
70 98593
70 98594
70 98596
70 98605
70 98607
70 98620
70 98624
70 98625
70 98629
70 98645
70 98660
70 98675
70 98680
70 98686
70 98694
70 98700
70 98701
70 98704
70 98711
70 98726
70 98727
70 98729
70 98732
70 98734
70 98735
70 98746
70 98776
70 98779
70 98781
70 98783
70 98789
70 98790
70 98791
70 98795
70 98807
70 98808
70 98817
70 98826
70 98839
70 98848
70 98850
70 98858
70 98861
70 98874
70 98876
70 98877
70 98882
70 98888
70 98893
70 98903
70 98914
70 98925
70 98933
70 98947
70 98953
70 98963
70 98967
70 98970
70 98973
70 98976
70 98988
70 98990
70 98999
70 99014
70 99016
70 99019
70 99025
70 99028
70 99031
70 99036
70 99045
70 99046
70 99050
70 99062
70 99069
70 99074
70 99081
70 99087
70 99100
70 99106
70 99117
70 99122
70 99124
70 99129
70 99136
70 99144
70 99150
70 99151
70 99152
70 99155
70 99165
70 99175
70 99178
70 99184
70 99185
70 99209
70 99211
70 99213
70 99221
70 99224
70 99227
70 99229
70 99231
70 99232
70 99234
70 99239
70 99248
70 99253
70 99276
70 99290
70 99297
70 99301
70 99313
70 99319
70 99331
70 99338
70 99348
70 99361
70 99362
70 99364
70 99365
70 99366
70 99383
70 99384
70 99395
70 99396
70 99401
70 99405
70 99418
70 99419
70 99432
70 99434
70 99437
70 99445
70 99454
70 99474
70 99477
70 99492
70 99498
70 99501
70 99512
70 99514
70 99517
70 99527
70 99530
70 99534
70 99544
70 99559
70 99562
70 99566
70 99583
70 99592
70 99601
70 99616
70 99623
70 99630
70 99645
70 99647
70 99655
70 99656
70 99667
70 99668
70 99672
70 99676
70 99682
70 99686
70 99694
70 99706
70 99708
70 99710
70 99722
70 99729
70 99736
70 99739
70 99745
70 99748
70 99749
70 99754
70 99758
70 99764
70 99765
70 99769
70 99770
70 99771
70 99780
70 99788
70 99795
70 99803
70 99810
70 99813
70 99827
70 99834
70 99840
70 99841
70 99842
70 99862
70 99869
70 99876
70 99877
70 99884
70 99886
70 99892
70 99898
70 99902
70 99903
70 99913
70 99916
70 99934
70 99935
70 99945
70 99946
70 99949
70 99958
70 99975
70 99990
70 99995
70 99996
70 99999
70 100003
70 100004
70 100008
70 100015
70 100033
70 100059
70 100068
70 100071
70 100072
70 100078
70 100093
70 100117
70 100146
70 100149
70 100162
70 100177
70 100178
70 100181
70 100188
70 100190
70 100193
70 100195
70 100202
70 100211
70 100217
70 100240
70 100253
70 100254
70 100263
70 100282
70 100284
70 100294
70 100305
70 100322
70 100327
70 100337
70 100349
70 100356
70 100366
70 100368
70 100376
70 100381
70 100394
70 100397
70 100400
70 100406
70 100435
70 100442
70 100461
70 100463
70 100476
70 100479
70 100483
70 100486
70 100488
70 100505
70 100508
70 100512
70 100518
70 100524
70 100537
70 100538
70 100541
70 100553
70 100564
70 100593
70 100602
70 100606
70 100609
70 100612
70 100617
70 100644
70 100655
70 100670
70 100689
70 100709
70 100716
70 100735
70 100745
70 100747
70 100752
70 100754
70 100764
70 100775
70 100780
70 100785
70 100789
70 100791
70 100792
70 100795
70 100799
70 100803
70 100810
70 100812
70 100814
70 100816
70 100822
70 100827
70 100831
70 100836
70 100853
70 100861
70 100870
70 100875
70 100891
70 100897
70 100898
70 100903
70 100906
70 100907
70 100916
70 100920
70 100931
70 100933
70 100934
70 100937
70 100945
70 100947
70 100951
70 100958
70 100967
70 100968
70 100970
70 101013
70 101018
70 101031
70 101048
70 101054
70 101058
70 101094
70 101095
70 101103
70 101125
70 101138
70 101145
70 101152
70 101162
70 101163
70 101166
70 101170
70 101174
70 101177
70 101178
70 101187
70 101195
70 101214
70 101221
70 101222
70 101239
70 101248
70 101249
70 101252
70 101260
70 101271
70 101282
70 101289
70 101296
70 101298
70 101310
70 101312
70 101321
70 101325
70 101328
70 101333
70 101335
70 101342
70 101343
70 101349
70 101351
70 101362
70 101370
70 101377
70 101380
70 101383
70 101384
70 101390
70 101410
70 101414
70 101416
70 101430
70 101443
70 101446
70 101448
70 101455
70 101467
70 101473
70 101498
70 101513
70 101519
70 101553
70 101558
70 101602
70 101608
70 101612
70 101622
70 101636
70 101639
70 101640
70 101642
70 101645
70 101662
70 101663
70 101669
70 101670
70 101681
70 101683
70 101695
70 101704
70 101713
70 101714
70 101721
70 101726
70 101739
70 101740
70 101741
70 101750
70 101758
70 101764
70 101775
70 101776
70 101778
70 101779
70 101782
70 101789
70 101790
70 101807
70 101811
70 101817
70 101828
70 101830
70 101834
70 101839
70 101844
70 101849
70 101850
70 101856
70 101858
70 101870
70 101881
70 101892
70 101894
70 101901
70 101915
70 101944
70 101945
70 101958
70 101973
70 101976
70 101984
70 101996
70 102021
70 102029
70 102030
70 102034
70 102054
70 102061
70 102066
70 102087
70 102088
70 102128
70 102133
70 102138
70 102153
70 102163
70 102173
70 102198
70 102206
70 102212
70 102236
70 102248
70 102260
70 102261
70 102283
70 102285
70 102298
70 102315
70 102328
70 102331
70 102337
70 102339
70 102344
70 102346
70 102348
70 102353
70 102360
70 102363
70 102377
70 102381
70 102385
70 102386
70 102388
70 102398
70 102399
70 102409
70 102411
70 102419
70 102422
70 102423
70 102426
70 102431
70 102442
70 102443
70 102447
70 102465
70 102467
70 102468
70 102471
70 102479
70 102489
70 102493
70 102509
70 102519
70 102527
70 102548
70 102561
70 102568
70 102571
70 102578
70 102582
70 102586
70 102595
70 102601
70 102603
70 102604
70 102623
70 102624
70 102626
70 102640
70 102644
70 102648
70 102660
70 102668
70 102679
70 102687
70 102697
70 102699
70 102710
70 102715
70 102718
70 102737
70 102749
70 102757
70 102760
70 102770
70 102772
70 102781
70 102786
70 102801
70 102805
70 102814
70 102818
70 102819
70 102823
70 102833
70 102839
70 102851
70 102865
70 102870
70 102871
70 102873
70 102878
70 102890
70 102893
70 102898
70 102902
70 102921
70 102922
70 102926
70 102930
70 102941
70 102944
70 102956
70 102977
70 102978
70 102983
70 102986
70 103003
70 103005
70 103016
70 103020
70 103022
70 103025
70 103031
70 103051
70 103053
70 103060
70 103073
70 103075
70 103076
70 103078
70 103093
70 103097
70 103098
70 103099
70 103100
70 103123
70 103128
70 103145
70 103147
70 103150
70 103157
70 103165
70 103188
70 103195
70 103203
70 103206
70 103221
70 103226
70 103229
70 103235
70 103238
70 103249
70 103259
70 103260
70 103270
70 103275
70 103284
70 103292
70 103305
70 103309
70 103313
70 103317
70 103320
70 103327
70 103344
70 103347
70 103355
70 103364
70 103367
70 103370
70 103372
70 103373
70 103382
70 103390
70 103393
70 103399
70 103410
70 103415
70 103420
70 103435
70 103442
70 103447
70 103451
70 103453
70 103456
70 103466
70 103483
70 103487
70 103489
70 103496
70 103502
70 103503
70 103504
70 103512
70 103518
70 103529
70 103537
70 103541
70 103547
70 103564
70 103581
70 103589
70 103597
70 103606
70 103613
70 103615
70 103627
70 103631
70 103642
70 103643
70 103664
70 103676
70 103688
70 103694
70 103696
70 103720
70 103734
70 103758
70 103763
70 103771
70 103774
70 103791
70 103797
70 103800
70 103801
70 103842
70 103846
70 103853
70 103856
70 103861
70 103863
70 103867
70 103871
70 103891
70 103896
70 103900
70 103912
70 103918
70 103928
70 103947
70 103963
70 103979
70 103986
70 103991
70 104005
70 104028
70 104041
70 104045
70 104051
70 104064
70 104066
70 104080
70 104084
70 104091
70 104092
70 104097
70 104105
70 104108
70 104112
70 104122
70 104127
70 104133
70 104135
70 104139
70 104154
70 104156
70 104159
70 104163
70 104166
70 104176
70 104184
70 104191
70 104194
70 104200
70 104204
70 104208
70 104215
70 104220
70 104225
70 104233
70 104238
70 104245
70 104257
70 104265
70 104271
70 104285
70 104288
70 104291
70 104302
70 104306
70 104315
70 104323
70 104327
70 104333
70 104344
70 104360
70 104366
70 104384
70 104389
70 104396
70 104414
70 104415
70 104418
70 104432
70 104433
70 104445
70 104450
70 104456
70 104474
70 104477
70 104488
70 104491
70 104501
70 104503
70 104505
70 104507
70 104513
70 104525
70 104533
70 104535
70 104540
70 104545
70 104548
70 104573
70 104576
70 104591
70 104599
70 104600
70 104608
70 104611
70 104612
70 104615
70 104623
70 104640
70 104641
70 104643
70 104645
70 104648
70 104663
70 104667
70 104672
70 104685
70 104689
70 104696
70 104699
70 104710
70 104719
70 104748
70 104757
70 104770
70 104781
70 104782
70 104787
70 104789
70 104799
70 104807
70 104832
70 104843
70 104856
70 104858
70 104885
70 104901
70 104905
70 104910
70 104918
70 104921
70 104922
70 104926
70 104935
70 104938
70 104958
70 104968
70 104971
70 104976
70 104980
70 104986
70 104995
70 105001
70 105002
70 105004
70 105012
70 105013
70 105019
70 105022
70 105033
70 105036
70 105043
70 105046
70 105050
70 105060
70 105063
70 105064
70 105069
70 105078
70 105080
70 105081
70 105085
70 105088
70 105096
70 105102
70 105112
70 105120
70 105127
70 105128
70 105133
70 105147
70 105155
70 105158
70 105171
70 105179
70 105183
70 105187
70 105190
70 105197
70 105198
70 105204
70 105210
70 105212
70 105213
70 105215
70 105226
70 105237
70 105243
70 105244
70 105256
70 105274
70 105275
70 105278
70 105279
70 105289
70 105290
70 105295
70 105297
70 105299
70 105301
70 105313
70 105318
70 105322
70 105323
70 105334
70 105343
70 105354
70 105356
70 105371
70 105372
70 105379
70 105411
70 105426
70 105440
70 105446
70 105450
70 105456
70 105461
70 105473
70 105478
70 105481
70 105506
70 105516
70 105520
70 105527
70 105535
70 105538
70 105539
70 105557
70 105559
70 105561
70 105572
70 105574
70 105585
70 105595
70 105603
70 105611
70 105630
70 105644
70 105656
70 105669
70 105670
70 105690
70 105697
70 105698
70 105704
70 105721
70 105752
70 105754
70 105762
70 105784
70 105790
70 105799
70 105803
70 105811
70 105835
70 105838
70 105841
70 105846
70 105848
70 105851
70 105854
70 105864
70 105876
70 105881
70 105888
70 105897
70 105900
70 105904
70 105925
70 105928
70 105932
70 105934
70 105939
70 105962
70 105967
70 105968
70 105978
70 105985
70 105988
70 106010
70 106030
70 106038
70 106044
70 106047
70 106051
70 106073
70 106075
70 106078
70 106080
70 106081
70 106090
70 106094
70 106095
70 106104
70 106116
70 106118
70 106120
70 106126
70 106131
70 106145
70 106146
70 106149
70 106156
70 106159
70 106161
70 106164
70 106165
70 106172
70 106173
70 106187
70 106192
70 106196
70 106200
70 106204
70 106206
70 106208
70 106210
70 106211
70 106215
70 106223
70 106267
70 106281
70 106282
70 106283
70 106286
70 106289
70 106295
70 106315
70 106319
70 106329
70 106344
70 106356
70 106364
70 106366
70 106373
70 106381
70 106390
70 106392
70 106395
70 106398
70 106423
70 106426
70 106432
70 106436
70 106437
70 106449
70 106453
70 106455
70 106456
70 106470
70 106480
70 106482
70 106488
70 106493
70 106498
70 106499
70 106509
70 106513
70 106519
70 106529
70 106541
70 106547
70 106550
70 106557
70 106562
70 106573
70 106588
70 106589
70 106592
70 106595
70 106605
70 106608
70 106615
70 106616
70 106625
70 106626
70 106638
70 106646
70 106653
70 106656
70 106660
70 106661
70 106662
70 106686
70 106691
70 106696
70 106704
70 106705
70 106715
70 106723
70 106746
70 106747
70 106763
70 106783
70 106787
70 106801
70 106813
70 106815
70 106827
70 106837
70 106839
70 106847
70 106854
70 106855
70 106859
70 106869
70 106873
70 106876
70 106883
70 106887
70 106893
70 106896
70 106900
70 106902
70 106906
70 106908
70 106910
70 106915
70 106919
70 106923
70 106925
70 106927
70 106948
70 106957
70 106961
70 106964
70 106970
70 106972
70 106976
70 106980
70 106981
70 106982
70 106986
70 107013
70 107023
70 107033
70 107041
70 107044
70 107047
70 107058
70 107061
70 107069
70 107072
70 107077
70 107078
70 107084
70 107108
70 107121
70 107133
70 107141
70 107144
70 107145
70 107147
70 107153
70 107155
70 107166
70 107171
70 107186
70 107187
70 107189
70 107223
70 107233
70 107236
70 107238
70 107245
70 107250
70 107252
70 107253
70 107254
70 107285
70 107293
70 107303
70 107304
70 107307
70 107312
70 107324
70 107332
70 107335
70 107337
70 107341
70 107345
70 107349
70 107350
70 107361
70 107362
70 107363
70 107368
70 107373
70 107379
70 107381
70 107396
70 107404
70 107405
70 107407
70 107419
70 107425
70 107432
70 107450
70 107452
70 107462
70 107465
70 107468
70 107483
70 107488
70 107497
70 107498
70 107517
70 107537
70 107539
70 107552
70 107561
70 107568
70 107578
70 107602
70 107609
70 107610
70 107644
70 107647
70 107655
70 107665
70 107668
70 107682
70 107683
70 107690
70 107709
70 107719
70 107727
70 107748
70 107752
70 107761
70 107772
70 107776
70 107805
70 107813
70 107819
70 107834
70 107837
70 107842
70 107847
70 107850
70 107856
70 107861
70 107879
70 107889
70 107895
70 107931
70 107934
70 107944
70 107948
70 107950
70 107958
70 107966
70 107988
70 107997
70 108003
70 108019
70 108039
70 108065
70 108072
70 108075
70 108080
70 108085
70 108089
70 108090
70 108097
70 108103
70 108104
70 108111
70 108116
70 108159
70 108161
70 108163
70 108165
70 108179
70 108180
70 108192
70 108199
70 108207
70 108209
70 108212
70 108215
70 108216
70 108224
70 108232
70 108242
70 108245
70 108246
70 108252
70 108253
70 108256
70 108270
70 108272
70 108284
70 108290
70 108292
70 108297
70 108300
70 108315
70 108316
70 108318
70 108330
70 108332
70 108344
70 108352
70 108369
70 108383
70 108398
70 108399
70 108409
70 108411
70 108424
70 108432
70 108437
70 108460
70 108464
70 108470
70 108475
70 108476
70 108486
70 108494
70 108498
70 108517
70 108534
70 108550
70 108555
70 108556
70 108562
70 108563
70 108585
70 108592
70 108606
70 108611
70 108622
70 108638
70 108646
70 108659
70 108660
70 108670
70 108676
70 108688
70 108694
70 108705
70 108716
70 108719
70 108729
70 108730
70 108742
70 108744
70 108748
70 108751
70 108766
70 108791
70 108793
70 108801
70 108821
70 108829
70 108836
70 108839
70 108840
70 108856
70 108870
70 108880
70 108888
70 108889
70 108892
70 108904
70 108923
70 108929
70 108932
70 108943
70 108945
70 108946
70 108949
70 108953
70 108969
70 108972
70 108973
70 108978
70 108985
70 108995
70 109000
70 109006
70 109033
70 109039
70 109045
70 109051
70 109053
70 109061
70 109069
70 109102
70 109112
70 109159
70 109162
70 109176
70 109186
70 109196
70 109214
70 109218
70 109226
70 109233
70 109257
70 109263
70 109274
70 109301
70 109307
70 109310
70 109317
70 109335
70 109338
70 109347
70 109349
70 109366
70 109374
70 109382
70 109384
70 109393
70 109412
70 109419
70 109423
70 109427
70 109440
70 109447
70 109451
70 109456
70 109463
70 109464
70 109466
70 109478
70 109481
70 109492
70 109496
70 109508
70 109512
70 109519
70 109522
70 109523
70 109526
70 109527
70 109528
70 109533
70 109540
70 109548
70 109550
70 109553
70 109558
70 109559
70 109566
70 109578
70 109592
70 109594
70 109598
70 109601
70 109615
70 109624
70 109632
70 109646
70 109658
70 109668
70 109670
70 109686
70 109688
70 109722
70 109734
70 109756
70 109762
70 109763
70 109768
70 109793
70 109801
70 109822
70 109831
70 109834
70 109854
70 109861
70 109874
70 109876
70 109883
70 109896
70 109903
70 109906
70 109914
70 109917
70 109924
70 109927
70 109942
70 109945
70 109958
70 109959
70 109969
70 109973
70 109977
70 109978
70 109986
70 109993
70 109996
70 110013
70 110031
70 110049
70 110067
70 110070
70 110074
70 110075
70 110079
70 110086
70 110091
70 110094
70 110097
70 110098
70 110100
70 110130
70 110131
70 110134
70 110154
70 110158
70 110159
70 110171
70 110173
70 110181
70 110183
70 110187
70 110193
70 110200
70 110213
70 110220
70 110222
70 110226
70 110227
70 110231
70 110232
70 110247
70 110255
70 110264
70 110265
70 110271
70 110277
70 110279
70 110301
70 110307
70 110308
70 110312
70 110318
70 110323
70 110324
70 110326
70 110332
70 110348
70 110350
70 110361
70 110365
70 110369
70 110375
70 110379
70 110391
70 110416
70 110434
70 110443
70 110446
70 110450
70 110463
70 110465
70 110470
70 110474
70 110475
70 110478
70 110483
70 110486
70 110489
70 110495
70 110501
70 110504
70 110519
70 110529
70 110536
70 110539
70 110545
70 110546
70 110550
70 110563
70 110598
70 110622
70 110639
70 110674
70 110682
70 110683
70 110698
70 110706
70 110708
70 110710
70 110727
70 110738
70 110748
70 110759
70 110766
70 110768
70 110769
70 110772
70 110775
70 110787
70 110802
70 110817
70 110839
70 110846
70 110852
70 110859
70 110876
70 110883
70 110893
70 110903
70 110912
70 110914
70 110926
70 110931
70 110934
70 110935
70 110939
70 110944
70 110947
70 110959
70 110964
70 110976
70 110986
70 110991
70 111006
70 111015
70 111016
70 111020
70 111029
70 111031
70 111041
70 111042
70 111050
70 111054
70 111055
70 111056
70 111065
70 111066
70 111071
70 111079
70 111084
70 111094
70 111100
70 111113
70 111116
70 111141
70 111147
70 111156
70 111162
70 111165
70 111167
70 111185
70 111189
70 111195
70 111220
70 111227
70 111229
70 111235
70 111246
70 111254
70 111256
70 111270
70 111272
70 111274
70 111276
70 111277
70 111288
70 111289
70 111291
70 111304
70 111309
70 111317
70 111321
70 111330
70 111339
70 111347
70 111351
70 111371
70 111378
70 111386
70 111391
70 111393
70 111399
70 111410
70 111411
70 111412
70 111417
70 111443
70 111446
70 111447
70 111454
70 111455
70 111495
70 111518
70 111526
70 111527
70 111540
70 111545
70 111550
70 111554
70 111571
70 111578
70 111579
70 111581
70 111592
70 111611
70 111617
70 111627
70 111630
70 111640
70 111645
70 111650
70 111651
70 111658
70 111664
70 111668
70 111723
70 111729
70 111737
70 111739
70 111743
70 111746
70 111747
70 111758
70 111761
70 111777
70 111781
70 111783
70 111784
70 111791
70 111807
70 111828
70 111830
70 111840
70 111844
70 111872
70 111876
70 111895
70 111898
70 111908
70 111911
70 111914
70 111923
70 111927
70 111930
70 111931
70 111998
70 112001
70 112015
70 112019
70 112021
70 112032
70 112035
70 112037
70 112042
70 112043
70 112050
70 112070
70 112071
70 112074
70 112076
70 112100
70 112102
70 112108
70 112110
70 112111
70 112118
70 112139
70 112161
70 112188
70 112190
70 112198
70 112202
70 112221
70 112227
70 112239
70 112251
70 112273
70 112274
70 112279
70 112286
70 112298
70 112328
70 112329
70 112332
70 112340
70 112348
70 112353
70 112370
70 112384
70 112387
70 112388
70 112398
70 112407
70 112410
70 112411
70 112413
70 112433
70 112444
70 112458
70 112460
70 112461
70 112470
70 112478
70 112483
70 112487
70 112499
70 112500
70 112504
70 112517
70 112522
70 112530
70 112532
70 112541
70 112542
70 112543
70 112558
70 112562
70 112564
70 112571
70 112583
70 112584
70 112598
70 112600
70 112601
70 112604
70 112610
70 112612
70 112619
70 112621
70 112622
70 112625
70 112630
70 112643
70 112645
70 112650
70 112664
70 112665
70 112677
70 112680
70 112693
70 112702
70 112717
70 112721
70 112723
70 112725
70 112731
70 112737
70 112752
70 112756
70 112759
70 112767
70 112768
70 112777
70 112781
70 112783
70 112785
70 112790
70 112793
70 112795
70 112805
70 112807
70 112811
70 112813
70 112822
70 112823
70 112828
70 112830
70 112831
70 112836
70 112841
70 112843
70 112852
70 112874
70 112881
70 112890
70 112891
70 112896
70 112901
70 112903
70 112910
70 112925
70 112928
70 112935
70 112947
70 112950
70 112963
70 112964
70 112967
70 112974
70 113002
70 113007
70 113011
70 113012
70 113014
70 113018
70 113019
70 113027
70 113028
70 113041
70 113045
70 113051
70 113073
70 113084
70 113085
70 113091
70 113098
70 113101
70 113103
70 113104
70 113107
70 113115
70 113128
70 113151
70 113154
70 113160
70 113163
70 113173
70 113179
70 113189
70 113192
70 113211
70 113217
70 113219
70 113229
70 113235
70 113239
70 113244
70 113246
70 113247
70 113254
70 113266
70 113281
70 113283
70 113285
70 113286
70 113293
70 113295
70 113299
70 113305
70 113310
70 113312
70 113314
70 113318
70 113319
70 113321
70 113322
70 113327
70 113335
70 113339
70 113346
70 113349
70 113372
70 113375
70 113384
70 113388
70 113390
70 113400
70 113409
70 113412
70 113420
70 113422
70 113424
70 113435
70 113439
70 113451
70 113454
70 113464
70 113465
70 113474
70 113483
70 113493
70 113504
70 113507
70 113511
70 113529
70 113531
70 113532
70 113547
70 113550
70 113552
70 113553
70 113558
70 113567
70 113584
70 113587
70 113601
70 113611
70 113612
70 113613
70 113628
70 113631
70 113667
70 113679
70 113697
70 113698
70 113701
70 113706
70 113718
70 113747
70 113751
70 113765
70 113775
70 113780
70 113783
70 113794
70 113797
70 113812
70 113814
70 113817
70 113827
70 113828
70 113831
70 113837
70 113847
70 113850
70 113856
70 113859
70 113866
70 113868
70 113900
70 113903
70 113908
70 113909
70 113916
70 113932
70 113933
70 113941
70 113951
70 113960
70 113961
70 113964
70 113977
70 113979
70 113990
70 114006
70 114011
70 114022
70 114025
70 114028
70 114031
70 114037
70 114038
70 114042
70 114043
70 114045
70 114053
70 114061
70 114070
70 114081
70 114082
70 114093
70 114106
70 114112
70 114149
70 114166
70 114175
70 114176
70 114181
70 114189
70 114190
70 114200
70 114203
70 114216
70 114224
70 114227
70 114229
70 114247
70 114257
70 114263
70 114268
70 114290
70 114298
70 114300
70 114303
70 114308
70 114315
70 114326
70 114333
70 114345
70 114346
70 114348
70 114352
70 114370
70 114375
70 114380
70 114391
70 114392
70 114395
70 114401
70 114402
70 114420
70 114422
70 114427
70 114435
70 114449
70 114455
70 114456
70 114465
70 114466
70 114481
70 114484
70 114494
70 114502
70 114512
70 114517
70 114520
70 114540
70 114542
70 114545
70 114554
70 114567
70 114576
70 114581
70 114597
70 114604
70 114612
70 114622
70 114657
70 114659
70 114663
70 114664
70 114665
70 114670
70 114672
70 114678
70 114686
70 114696
70 114708
70 114710
70 114737
70 114750
70 114765
70 114783
70 114784
70 114791
70 114797
70 114803
70 114805
70 114809
70 114812
70 114828
70 114829
70 114831
70 114838
70 114841
70 114854
70 114856
70 114860
70 114861
70 114863
70 114867
70 114870
70 114879
70 114887
70 114908
70 114911
70 114923
70 114925
70 114946
70 114949
70 114953
70 114956
70 114960
70 114962
70 114969
70 114985
70 114989
70 114996
70 115007
70 115008
70 115018
70 115035
70 115047
70 115050
70 115054
70 115064
70 115068
70 115070
70 115108
70 115110
70 115117
70 115118
70 115138
70 115153
70 115162
70 115170
70 115172
70 115182
70 115188
70 115192
70 115193
70 115195
70 115200
70 115206
70 115207
70 115209
70 115212
70 115221
70 115226
70 115232
70 115233
70 115236
70 115238
70 115242
70 115247
70 115270
70 115276
70 115282
70 115283
70 115289
70 115292
70 115301
70 115320
70 115330
70 115332
70 115354
70 115355
70 115365
70 115373
70 115377
70 115386
70 115389
70 115392
70 115402
70 115425
70 115435
70 115437
70 115439
70 115451
70 115452
70 115468
70 115475
70 115490
70 115503
70 115505
70 115513
70 115518
70 115520
70 115523
70 115531
70 115540
70 115542
70 115560
70 115561
70 115578
70 115581
70 115590
70 115596
70 115603
70 115616
70 115634
70 115647
70 115658
70 115659
70 115661
70 115667
70 115668
70 115676
70 115691
70 115701
70 115705
70 115709
70 115712
70 115715
70 115717
70 115722
70 115723
70 115729
70 115732
70 115736
70 115737
70 115742
70 115752
70 115755
70 115767
70 115771
70 115776
70 115781
70 115791
70 115795
70 115811
70 115818
70 115819
70 115828
70 115830
70 115847
70 115850
70 115876
70 115881
70 115891
70 115895
70 115902
70 115904
70 115910
70 115913
70 115933
70 115936
70 115944
70 115955
70 115961
70 115969
70 115979
70 115980
70 115993
70 116002
70 116004
70 116005
70 116007
70 116011
70 116018
70 116019
70 116032
70 116039
70 116043
70 116054
70 116066
70 116074
70 116077
70 116078
70 116105
70 116106
70 116125
70 116128
70 116130
70 116138
70 116140
70 116141
70 116155
70 116168
70 116182
70 116186
70 116188
70 116189
70 116190
70 116194
70 116196
70 116213
70 116217
70 116221
70 116224
70 116229
70 116234
70 116238
70 116243
70 116244
70 116257
70 116265
70 116271
70 116272
70 116276
70 116278
70 116279
70 116300
70 116301
70 116305
70 116316
70 116324
70 116331
70 116333
70 116341
70 116342
70 116356
70 116361
70 116377
70 116391
70 116395
70 116403
70 116408
70 116412
70 116433
70 116438
70 116440
70 116441
70 116443
70 116449
70 116454
70 116462
70 116470
70 116476
70 116489
70 116491
70 116494
70 116496
70 116497
70 116504
70 116507
70 116528
70 116537
70 116538
70 116539
70 116547
70 116551
70 116553
70 116556
70 116563
70 116564
70 116566
70 116573
70 116583
70 116584
70 116607
70 116620
70 116623
70 116625
70 116633
70 116634
70 116640
70 116643
70 116663
70 116668
70 116670
70 116684
70 116694
70 116722
70 116727
70 116728
70 116732
70 116755
70 116758
70 116760
70 116767
70 116783
70 116784
70 116788
70 116792
70 116796
70 116798
70 116805
70 116811
70 116819
70 116824
70 116825
70 116829
70 116840
70 116843
70 116845
70 116848
70 116850
70 116865
70 116871
70 116882
70 116885
70 116887
70 116900
70 116904
70 116907
70 116914
70 116926
70 116927
70 116940
70 116942
70 116957
70 116962
70 116987
70 116993
70 117009
70 117011
70 117031
70 117032
70 117035
70 117036
70 117050
70 117065
70 117075
70 117085
70 117098
70 117110
70 117124
70 117126
70 117132
70 117140
70 117142
70 117151
70 117153
70 117169
70 117171
70 117174
70 117182
70 117188
70 117194
70 117196
70 117200
70 117201
70 117208
70 117215
70 117262
70 117268
70 117288
70 117291
70 117292
70 117297
70 117309
70 117315
70 117331
70 117336
70 117343
70 117348
70 117350
70 117360
70 117365
70 117372
70 117387
70 117406
70 117407
70 117410
70 117411
70 117416
70 117419
70 117421
70 117428
70 117445
70 117449
70 117472
70 117479
70 117484
70 117495
70 117499
70 117500
70 117505
70 117506
70 117509
70 117520
70 117525
70 117550
70 117555
70 117560
70 117570
70 117574
70 117577
70 117584
70 117612
70 117613
70 117618
70 117625
70 117629
70 117632
70 117641
70 117645
70 117651
70 117659
70 117662
70 117676
70 117679
70 117682
70 117685
70 117691
70 117694
70 117695
70 117715
70 117720
70 117735
70 117737
70 117740
70 117748
70 117763
70 117765
70 117768
70 117773
70 117781
70 117800
70 117819
70 117822
70 117834
70 117866
70 117867
70 117879
70 117880
70 117884
70 117894
70 117900
70 117909
70 117923
70 117932
70 117941
70 117947
70 117949
70 117953
70 117954
70 117969
70 117974
70 117982
70 117987
70 117990
70 118000
70 118007
70 118027
70 118034
70 118035
70 118038
70 118040
70 118042
70 118047
70 118053
70 118066
70 118080
70 118089
70 118090
70 118098
70 118104
70 118131
70 118132
70 118138
70 118139
70 118145
70 118154
70 118170
70 118175
70 118182
70 118183
70 118186
70 118202
70 118206
70 118228
70 118237
70 118238
70 118242
70 118249
70 118255
70 118258
70 118260
70 118267
70 118270
70 118272
70 118273
70 118281
70 118283
70 118295
70 118301
70 118310
70 118313
70 118315
70 118320
70 118329
70 118336
70 118346
70 118354
70 118357
70 118369
70 118380
70 118385
70 118387
70 118391
70 118395
70 118402
70 118404
70 118429
70 118434
70 118439
70 118442
70 118453
70 118462
70 118465
70 118468
70 118469
70 118476
70 118479
70 118480
70 118504
70 118510
70 118514
70 118517
70 118524
70 118528
70 118530
70 118531
70 118539
70 118545
70 118575
70 118578
70 118580
70 118590
70 118599
70 118606
70 118609
70 118611
70 118615
70 118619
70 118624
70 118639
70 118652
70 118655
70 118657
70 118659
70 118664
70 118670
70 118694
70 118713
70 118716
70 118720
70 118723
70 118726
70 118732
70 118735
70 118740
70 118754
70 118761
70 118778
70 118780
70 118781
70 118799
70 118802
70 118816
70 118825
70 118826
70 118830
70 118860
70 118861
70 118862
70 118863
70 118865
70 118867
70 118873
70 118889
70 118892
70 118893
70 118917
70 118933
70 118935
70 118944
70 118946
70 118958
70 118963
70 118971
70 118972
70 118979
70 118996
70 119004
70 119013
70 119015
70 119019
70 119022
70 119023
70 119044
70 119050
70 119056
70 119066
70 119071
70 119078
70 119085
70 119087
70 119090
70 119114
70 119115
70 119123
70 119135
70 119144
70 119151
70 119158
70 119169
70 119170
70 119171
70 119182
70 119197
70 119205
70 119213
70 119225
70 119229
70 119232
70 119233
70 119238
70 119243
70 119271
70 119293
70 119296
70 119312
70 119327
70 119343
70 119348
70 119353
70 119356
70 119368
70 119374
70 119384
70 119386
70 119387
70 119394
70 119396
70 119400
70 119403
70 119406
70 119432
70 119435
70 119447
70 119451
70 119453
70 119458
70 119461
70 119487
70 119491
70 119500
70 119506
70 119510
70 119516
70 119518
70 119527
70 119536
70 119544
70 119558
70 119564
70 119569
70 119574
70 119589
70 119590
70 119591
70 119604
70 119613
70 119618
70 119634
70 119637
70 119653
70 119663
70 119671
70 119686
70 119708
70 119710
70 119713
70 119722
70 119736
70 119754
70 119767
70 119778
70 119785
70 119787
70 119796
70 119798
70 119800
70 119802
70 119815
70 119816
70 119820
70 119825
70 119834
70 119835
70 119836
70 119843
70 119855
70 119867
70 119872
70 119882
70 119892
70 119894
70 119911
70 119916
70 119917
70 119944
70 119946
70 119950
70 119951
70 119968
70 119974
70 119987
70 119990
70 119996
70 120000
70 120004
70 120012
70 120027
70 120034
70 120035
70 120039
70 120047
70 120049
70 120058
70 120061
70 120084
70 120086
70 120087
70 120092
70 120099
70 120108
70 120110
70 120120
70 120125
70 120132
70 120136
70 120152
70 120194
70 120196
70 120206
70 120207
70 120227
70 120230
70 120237
70 120238
70 120256
70 120272
70 120273
70 120274
70 120276
70 120286
70 120295
70 120317
70 120321
70 120328
70 120329
70 120331
70 120355
70 120379
70 120380
70 120384
70 120390
70 120394
70 120399
70 120401
70 120409
70 120411
70 120412
70 120422
70 120428
70 120430
70 120441
70 120446
70 120458
70 120473
70 120477
70 120487
70 120494
70 120495
70 120519
70 120531
70 120537
70 120539
70 120551
70 120561
70 120569
70 120575
70 120581
70 120587
70 120589
70 120607
70 120610
70 120611
70 120623
70 120624
70 120625
70 120629
70 120649
70 120652
70 120658
70 120659
70 120661
70 120680
70 120686
70 120689
70 120690
70 120693
70 120694
70 120701
70 120703
70 120718
70 120723
70 120727
70 120731
70 120736
70 120741
70 120745
70 120750
70 120760
70 120775
70 120778
70 120792
70 120811
70 120815
70 120821
70 120823
70 120833
70 120849
70 120852
70 120854
70 120855
70 120860
70 120869
70 120893
70 120895
70 120901
70 120911
70 120914
70 120915
70 120916
70 120925
70 120935
70 120948
70 120954
70 120967
70 120970
70 120978
70 120981
70 120988
70 120991
70 120996
70 120997
70 121012
70 121013
70 121019
70 121026
70 121036
70 121047
70 121059
70 121082
70 121089
70 121094
70 121099
70 121102
70 121103
70 121118
70 121126
70 121135
70 121142
70 121143
70 121153
70 121169
70 121177
70 121205
70 121207
70 121210
70 121224
70 121243
70 121247
70 121264
70 121280
70 121284
70 121292
70 121302
70 121309
70 121315
70 121316
70 121320
70 121322
70 121323
70 121338
70 121340
70 121351
70 121352
70 121364
70 121368
70 121383
70 121388
70 121393
70 121396
70 121416
70 121425
70 121429
70 121438
70 121459
70 121460
70 121468
70 121469
70 121479
70 121485
70 121490
70 121495
70 121496
70 121497
70 121502
70 121506
70 121510
70 121511
70 121521
70 121531
70 121537
70 121541
70 121550
70 121551
70 121556
70 121571
70 121580
70 121582
70 121588
70 121596
70 121601
70 121604
70 121607
70 121623
70 121624
70 121638
70 121642
70 121654
70 121657
70 121660
70 121664
70 121670
70 121680
70 121685
70 121693
70 121695
70 121699
70 121702
70 121718
70 121722
70 121733
70 121736
70 121743
70 121746
70 121749
70 121772
70 121777
70 121793
70 121799
70 121800
70 121801
70 121809
70 121811
70 121821
70 121836
70 121844
70 121851
70 121856
70 121880
70 121888
70 121890
70 121897
70 121903
70 121905
70 121915
70 121918
70 121925
70 121927
70 121931
70 121934
70 121935
70 121942
70 121947
70 121959
70 121970
70 121975
70 121980
70 121985
70 122008
70 122010
70 122013
70 122025
70 122027
70 122041
70 122044
70 122048
70 122053
70 122071
70 122072
70 122075
70 122079
70 122091
70 122093
70 122098
70 122101
70 122103
70 122127
70 122135
70 122137
70 122141
70 122147
70 122150
70 122160
70 122161
70 122168
70 122171
70 122181
70 122184
70 122201
70 122209
70 122211
70 122222
70 122227
70 122228
70 122234
70 122240
70 122245
70 122248
70 122250
70 122268
70 122271
70 122289
70 122292
70 122298
70 122320
70 122334
70 122337
70 122338
70 122339
70 122349
70 122355
70 122363
70 122367
70 122368
70 122374
70 122384
70 122386
70 122398
70 122404
70 122406
70 122421
70 122423
70 122429
70 122431
70 122433
70 122441
70 122445
70 122451
70 122456
70 122469
70 122478
70 122491
70 122493
70 122500
70 122501
70 122503
70 122518
70 122522
70 122528
70 122529
70 122534
70 122539
70 122557
70 122558
70 122559
70 122563
70 122565
70 122567
70 122577
70 122586
70 122591
70 122594
70 122598
70 122607
70 122610
70 122611
70 122624
70 122639
70 122647
70 122667
70 122678
70 122683
70 122688
70 122694
70 122714
70 122719
70 122738
70 122739
70 122742
70 122754
70 122768
70 122776
70 122782
70 122791
70 122798
70 122806
70 122810
70 122816
70 122828
70 122842
70 122851
70 122856
70 122866
70 122869
70 122870
70 122874
70 122882
70 122887
70 122888
70 122901
70 122907
70 122911
70 122920
70 122925
70 122940
70 122949
70 122961
70 122963
70 122970
70 122998
70 123007
70 123022
70 123026
70 123027
70 123038
70 123041
70 123045
70 123046
70 123052
70 123062
70 123070
70 123071
70 123079
70 123080
70 123085
70 123093
70 123100
70 123127
70 123134
70 123135
70 123136
70 123139
70 123145
70 123157
70 123159
70 123167
70 123181
70 123185
70 123188
70 123190
70 123212
70 123215
70 123218
70 123221
70 123222
70 123237
70 123243
70 123265
70 123267
70 123272
70 123274
70 123283
70 123286
70 123298
70 123304
70 123305
70 123307
70 123311
70 123332
70 123335
70 123336
70 123347
70 123351
70 123358
70 123364
70 123369
70 123372
70 123383
70 123390
70 123400
70 123406
70 123408
70 123412
70 123414
70 123424
70 123427
70 123428
70 123435
70 123447
70 123463
70 123471
70 123487
70 123499
70 123500
70 123503
70 123509
70 123516
70 123517
70 123518
70 123521
70 123528
70 123553
70 123556
70 123559
70 123564
70 123568
70 123590
70 123611
70 123626
70 123640
70 123641
70 123646
70 123647
70 123662
70 123663
70 123672
70 123679
70 123688
70 123692
70 123697
70 123705
70 123712
70 123719
70 123721
70 123722
70 123733
70 123743
70 123746
70 123751
70 123753
70 123760
70 123771
70 123789
70 123807
70 123811
70 123812
70 123815
70 123817
70 123821
70 123823
70 123827
70 123833
70 123849
70 123857
70 123858
70 123866
70 123870
70 123875
70 123877
70 123884
70 123885
70 123891
70 123894
70 123897
70 123904
70 123912
70 123916
70 123917
70 123929
70 123940
70 123969
70 123973
70 123988
70 123991
70 124004
70 124012
70 124024
70 124026
70 124029
70 124034
70 124039
70 124040
70 124045
70 124054
70 124058
70 124060
70 124086
70 124104
70 124108
70 124116
70 124120
70 124121
70 124123
70 124130
70 124136
70 124144
70 124147
70 124150
70 124154
70 124158
70 124159
70 124167
70 124169
70 124199
70 124208
70 124211
70 124212
70 124215
70 124222
70 124233
70 124235
70 124241
70 124248
70 124253
70 124254
70 124260
70 124267
70 124268
70 124271
70 124283
70 124290
70 124297
70 124315
70 124329
70 124330
70 124336
70 124342
70 124344
70 124387
70 124399
70 124406
70 124410
70 124413
70 124423
70 124427
70 124434
70 124442
70 124448
70 124456
70 124475
70 124482
70 124483
70 124490
70 124491
70 124520
70 124522
70 124523
70 124527
70 124534
70 124535
70 124539
70 124541
70 124544
70 124554
70 124558
70 124571
70 124589
70 124603
70 124608
70 124618
70 124625
70 124626
70 124629
70 124631
70 124649
70 124651
70 124652
70 124655
70 124657
70 124663
70 124664
70 124670
70 124673
70 124676
70 124682
70 124691
70 124692
70 124708
70 124718
70 124724
70 124729
70 124737
70 124748
70 124750
70 124763
70 124772
70 124774
70 124775
70 124779
70 124787
70 124791
70 124792
70 124804
70 124805
70 124831
70 124833
70 124835
70 124844
70 124852
70 124860
70 124865
70 124869
70 124870
70 124877
70 124892
70 124893
70 124905
70 124910
70 124913
70 124934
70 124971
70 124993
70 125002
70 125003
70 125038
70 125041
70 125052
70 125055
70 125067
70 125100
70 125114
70 125115
70 125118
70 125125
70 125130
70 125134
70 125135
70 125138
70 125139
70 125158
70 125166
70 125171
70 125183
70 125193
70 125196
70 125200
70 125209
70 125211
70 125213
70 125219
70 125225
70 125228
70 125235
70 125237
70 125261
70 125269
70 125281
70 125286
70 125289
70 125292
70 125314
70 125344
70 125345
70 125365
70 125375
70 125382
70 125394
70 125402
70 125407
70 125418
70 125420
70 125424
70 125435
70 125440
70 125442
70 125444
70 125448
70 125450
70 125471
70 125480
70 125487
70 125492
70 125502
70 125504
70 125514
70 125533
70 125561
70 125566
70 125595
70 125599
70 125603
70 125605
70 125615
70 125620
70 125623
70 125625
70 125630
70 125635
70 125636
70 125646
70 125664
70 125669
70 125673
70 125674
70 125690
70 125695
70 125708
70 125713
70 125723
70 125726
70 125732
70 125736
70 125786
70 125788
70 125792
70 125794
70 125812
70 125818
70 125822
70 125823
70 125858
70 125859
70 125863
70 125889
70 125893
70 125899
70 125904
70 125906
70 125922
70 125924
70 125925
70 125934
70 125935
70 125947
70 125954
70 125962
70 125985
70 125992
70 125995
70 125999
70 126018
70 126023
70 126036
70 126049
70 126052
70 126055
70 126056
70 126077
70 126078
70 126090
70 126132
70 126135
70 126138
70 126154
70 126169
70 126201
70 126220
70 126224
70 126228
70 126230
70 126236
70 126259
70 126263
70 126269
70 126280
70 126287
70 126309
70 126310
70 126314
70 126316
70 126320
70 126322
70 126338
70 126350
70 126352
70 126353
70 126363
70 126367
70 126385
70 126388
70 126395
70 126396
70 126397
70 126405
70 126406
70 126424
70 126429
70 126445
70 126449
70 126458
70 126466
70 126472
70 126484
70 126489
70 126494
70 126511
70 126520
70 126530
70 126535
70 126537
70 126548
70 126554
70 126570
70 126583
70 126595
70 126599
70 126600
70 126602
70 126610
70 126620
70 126624
70 126628
70 126631
70 126633
70 126635
70 126639
70 126640
70 126643
70 126647
70 126655
70 126657
70 126673
70 126674
70 126689
70 126691
70 126694
70 126695
70 126704
70 126706
70 126711
70 126718
70 126723
70 126729
70 126741
70 126745
70 126747
70 126750
70 126757
70 126760
70 126763
70 126782
70 126784
70 126793
70 126801
70 126811
70 126837
70 126846
70 126856
70 126873
70 126890
70 126897
70 126898
70 126903
70 126921
70 126932
70 126940
70 126942
70 126943
70 126944
70 126953
70 126957
70 126965
70 126978
70 126982
70 126986
70 126989
70 126996
70 127010
70 127011
70 127018
70 127022
70 127025
70 127031
70 127033
70 127054
70 127057
70 127062
70 127079
70 127080
70 127083
70 127085
70 127089
70 127094
70 127095
70 127104
70 127120
70 127125
70 127136
70 127145
70 127154
70 127158
70 127174
70 127203
70 127208
70 127214
70 127215
70 127222
70 127227
70 127231
70 127232
70 127236
70 127238
70 127241
70 127242
70 127259
70 127271
70 127273
70 127279
70 127283
70 127289
70 127292
70 127307
70 127313
70 127315
70 127335
70 127354
70 127364
70 127370
70 127372
70 127374
70 127378
70 127383
70 127384
70 127395
70 127408
70 127410
70 127424
70 127425
70 127427
70 127443
70 127444
70 127445
70 127464
70 127473
70 127475
70 127477
70 127484
70 127499
70 127507
70 127510
70 127533
70 127540
70 127545
70 127551
70 127558
70 127568
70 127569
70 127578
70 127587
70 127588
70 127605
70 127615
70 127632
70 127662
70 127675
70 127679
70 127681
70 127687
70 127689
70 127690
70 127700
70 127712
70 127729
70 127733
70 127736
70 127739
70 127743
70 127750
70 127767
70 127777
70 127792
70 127818
70 127845
70 127876
70 127880
70 127884
70 127900
70 127905
70 127914
70 127917
70 127919
70 127930
70 127942
70 127948
70 127949
70 127970
70 127974
70 127978
70 127983
70 128002
70 128005
70 128013
70 128018
70 128025
70 128030
70 128044
70 128050
70 128055
70 128066
70 128067
70 128072
70 128085
70 128097
70 128105
70 128107
70 128115
70 128127
70 128134
70 128138
70 128142
70 128144
70 128151
70 128164
70 128169
70 128186
70 128189
70 128192
70 128194
70 128196
70 128203
70 128204
70 128208
70 128219
70 128230
70 128231
70 128237
70 128238
70 128240
70 128242
70 128244
70 128253
70 128259
70 128269
70 128274
70 128286
70 128302
70 128305
70 128307
70 128310
70 128315
70 128316
70 128318
70 128320
70 128332
70 128360
70 128370
70 128372
70 128377
70 128378
70 128383
70 128397
70 128411
70 128421
70 128431
70 128439
70 128440
70 128453
70 128457
70 128458
70 128462
70 128467
70 128475
70 128496
70 128497
70 128511
70 128521
70 128524
70 128526
70 128527
70 128537
70 128542
70 128544
70 128552
70 128557
70 128558
70 128563
70 128571
70 128583
70 128585
70 128592
70 128594
70 128596
70 128609
70 128622
70 128623
70 128642
70 128643
70 128652
70 128654
70 128672
70 128692
70 128702
70 128703
70 128705
70 128711
70 128726
70 128732
70 128740
70 128742
70 128749
70 128758
70 128762
70 128767
70 128774
70 128779
70 128790
70 128794
70 128797
70 128802
70 128805
70 128814
70 128816
70 128826
70 128829
70 128840
70 128871
70 128885
70 128909
70 128914
70 128922
70 128949
70 128950
70 128959
70 128967
70 128982
70 128989
70 128991
70 129001
70 129008
70 129031
70 129034
70 129049
70 129052
70 129064
70 129069
70 129079
70 129083
70 129085
70 129088
70 129101
70 129120
70 129131
70 129132
70 129134
70 129135
70 129143
70 129151
70 129156
70 129166
70 129182
70 129190
70 129193
70 129197
70 129207
70 129214
70 129233
70 129236
70 129258
70 129268
70 129274
70 129276
70 129288
70 129305
70 129319
70 129331
70 129337
70 129340
70 129345
70 129358
70 129370
70 129377
70 129378
70 129386
70 129401
70 129423
70 129427
70 129450
70 129468
70 129473
70 129477
70 129487
70 129488
70 129492
70 129495
70 129496
70 129499
70 129503
70 129518
70 129527
70 129535
70 129540
70 129541
70 129559
70 129572
70 129582
70 129591
70 129595
70 129599
70 129605
70 129606
70 129607
70 129611
70 129618
70 129640
70 129657
70 129661
70 129705
70 129706
70 129712
70 129717
70 129732
70 129736
70 129738
70 129743
70 129752
70 129755
70 129757
70 129763
70 129774
70 129781
70 129791
70 129796
70 129802
70 129805
70 129811
70 129820
70 129822
70 129832
70 129834
70 129838
70 129852
70 129866
70 129867
70 129871
70 129872
70 129875
70 129881
70 129888
70 129894
70 129897
70 129900
70 129918
70 129926
70 129933
70 129941
70 129951
70 129962
70 129992
70 129999
70 130004
70 130014
70 130024
70 130029
70 130030
70 130040
70 130059
70 130072
70 130074
70 130075
70 130081
70 130087
70 130089
70 130094
70 130098
70 130105
70 130110
70 130111
70 130115
70 130147
70 130149
70 130169
70 130171
70 130182
70 130184
70 130190
70 130197
70 130199
70 130205
70 130206
70 130210
70 130211
70 130216
70 130217
70 130233
70 130235
70 130240
70 130244
70 130252
70 130255
70 130282
70 130288
70 130291
70 130294
70 130296
70 130300
70 130306
70 130326
70 130344
70 130346
70 130350
70 130351
70 130354
70 130389
70 130399
70 130404
70 130409
70 130413
70 130418
70 130427
70 130430
70 130447
70 130448
70 130462
70 130465
70 130466
70 130472
70 130482
70 130489
70 130500
70 130507
70 130529
70 130532
70 130536
70 130541
70 130549
70 130558
70 130566
70 130575
70 130580
70 130592
70 130594
70 130598
70 130607
70 130614
70 130616
70 130622
70 130626
70 130628
70 130635
70 130638
70 130639
70 130640
70 130648
70 130652
70 130658
70 130660
70 130662
70 130672
70 130679
70 130686
70 130690
70 130697
70 130705
70 130711
70 130713
70 130733
70 130734
70 130739
70 130747
70 130756
70 130762
70 130779
70 130791
70 130794
70 130803
70 130808
70 130812
70 130818
70 130828
70 130829
70 130831
70 130833
70 130839
70 130848
70 130855
70 130866
70 130870
70 130876
70 130877
70 130881
70 130888
70 130895
70 130903
70 130906
70 130909
70 130910
70 130913
70 130916
70 130917
70 130937
70 130950
70 130977
70 130990
70 130993
70 130996
70 130998
70 131005
70 131013
70 131023
70 131030
70 131032
70 131042
70 131051
70 131056
70 131083
70 131084
70 131093
70 131099
70 131103
70 131105
70 131108
70 131127
70 131128
70 131137
70 131143
70 131145
70 131148
70 131182
70 131183
70 131188
70 131192
70 131197
70 131199
70 131206
70 131210
70 131211
70 131213
70 131215
70 131223
70 131227
70 131272
70 131276
70 131287
70 131291
70 131297
70 131316
70 131317
70 131320
70 131352
70 131358
70 131362
70 131369
70 131378
70 131384
70 131393
70 131416
70 131419
70 131445
70 131447
70 131464
70 131471
70 131498
70 131501
70 131502
70 131511
70 131516
70 131524
70 131534
70 131541
70 131549
70 131570
70 131572
70 131580
70 131581
70 131586
70 131593
70 131599
70 131600
70 131601
70 131607
70 131610
70 131612
70 131623
70 131631
70 131635
70 131646
70 131655
70 131664
70 131667
70 131668
70 131676
70 131682
70 131688
70 131697
70 131701
70 131708
70 131709
70 131712
70 131744
70 131748
70 131749
70 131753
70 131754
70 131756
70 131763
70 131770
70 131776
70 131779
70 131784
70 131786
70 131788
70 131793
70 131805
70 131806
70 131808
70 131809
70 131810
70 131822
70 131828
70 131829
70 131831
70 131838
70 131842
70 131849
70 131853
70 131854
70 131857
70 131861
70 131877
70 131890
70 131892
70 131899
70 131904
70 131909
70 131915
70 131918
70 131921
70 131926
70 131927
70 131936
70 131940
70 131944
70 131945
70 131964
70 131973
70 131975
70 131983
70 131990
70 132025
70 132037
70 132042
70 132047
70 132058
70 132067
70 132071
70 132083
70 132105
70 132112
70 132117
70 132118
70 132134
70 132135
70 132140
70 132141
70 132145
70 132152
70 132154
70 132167
70 132169
70 132186
70 132189
70 132190
70 132195
70 132199
70 132207
70 132208
70 132210
70 132218
70 132221
70 132222
70 132226
70 132227
70 132238
70 132241
70 132247
70 132266
70 132271
70 132283
70 132285
70 132311
70 132313
70 132320
70 132328
70 132337
70 132341
70 132350
70 132354
70 132362
70 132364
70 132365
70 132383
70 132388
70 132398
70 132401
70 132443
70 132453
70 132457
70 132472
70 132477
70 132480
70 132487
70 132495
70 132504
70 132517
70 132521
70 132522
70 132527
70 132536
70 132539
70 132543
70 132551
70 132559
70 132562
70 132571
70 132578
70 132584
70 132585
70 132587
70 132589
70 132598
70 132602
70 132603
70 132607
70 132613
70 132622
70 132625
70 132630
70 132633
70 132649
70 132652
70 132657
70 132671
70 132681
70 132698
70 132702
70 132704
70 132708
70 132715
70 132730
70 132731
70 132734
70 132736
70 132752
70 132756
70 132758
70 132761
70 132765
70 132770
70 132791
70 132811
70 132819
70 132835
70 132839
70 132842
70 132844
70 132849
70 132851
70 132852
70 132863
70 132864
70 132867
70 132874
70 132876
70 132880
70 132883
70 132889
70 132903
70 132905
70 132912
70 132913
70 132916
70 132921
70 132931
70 132947
70 132948
70 132949
70 132960
70 132983
70 132988
70 132999
70 133009
70 133016
70 133019
70 133020
70 133031
70 133033
70 133047
70 133050
70 133067
70 133070
70 133074
70 133103
70 133109
70 133113
70 133118
70 133127
70 133129
70 133143
70 133145
70 133146
70 133149
70 133155
70 133159
70 133164
70 133178
70 133186
70 133201
70 133209
70 133219
70 133231
70 133232
70 133237
70 133246
70 133253
70 133262
70 133263
70 133265
70 133277
70 133280
70 133294
70 133295
70 133308
70 133316
70 133320
70 133329
70 133331
70 133335
70 133339
70 133344
70 133354
70 133359
70 133360
70 133372
70 133384
70 133406
70 133415
70 133417
70 133421
70 133440
70 133444
70 133450
70 133459
70 133462
70 133474
70 133479
70 133486
70 133489
70 133494
70 133506
70 133532
70 133533
70 133536
70 133538
70 133544
70 133548
70 133550
70 133553
70 133562
70 133563
70 133571
70 133577
70 133604
70 133606
70 133638
70 133649
70 133670
70 133671
70 133672
70 133676
70 133680
70 133689
70 133704
70 133709
70 133724
70 133729
70 133736
70 133746
70 133750
70 133752
70 133755
70 133760
70 133771
70 133778
70 133783
70 133794
70 133799
70 133813
70 133819
70 133840
70 133844
70 133853
70 133859
70 133875
70 133881
70 133886
70 133888
70 133894
70 133905
70 133919
70 133930
70 133932
70 133936
70 133939
70 133954
70 133955
70 133965
70 133981
70 133985
70 133992
70 133996
70 134002
70 134012
70 134033
70 134039
70 134047
70 134049
70 134056
70 134059
70 134064
70 134067
70 134068
70 134084
70 134098
70 134103
70 134125
70 134126
70 134127
70 134129
70 134131
70 134136
70 134140
70 134142
70 134147
70 134172
70 134179
70 134186
70 134187
70 134195
70 134206
70 134208
70 134209
70 134215
70 134216
70 134226
70 134228
70 134230
70 134238
70 134251
70 134256
70 134266
70 134279
70 134286
70 134293
70 134294
70 134306
70 134328
70 134331
70 134334
70 134341
70 134353
70 134361
70 134374
70 134384
70 134385
70 134388
70 134393
70 134403
70 134415
70 134426
70 134439
70 134448
70 134449
70 134454
70 134457
70 134458
70 134460
70 134462
70 134483
70 134489
70 134506
70 134508
70 134509
70 134516
70 134517
70 134522
70 134523
70 134531
70 134536
70 134540
70 134542
70 134547
70 134549
70 134557
70 134560
70 134567
70 134572
70 134575
70 134588
70 134591
70 134595
70 134610
70 134617
70 134621
70 134631
70 134635
70 134641
70 134643
70 134646
70 134651
70 134670
70 134676
70 134678
70 134688
70 134690
70 134695
70 134710
70 134714
70 134718
70 134720
70 134722
70 134726
70 134738
70 134754
70 134762
70 134767
70 134774
70 134775
70 134788
70 134792
70 134800
70 134805
70 134815
70 134832
70 134834
70 134837
70 134840
70 134843
70 134848
70 134851
70 134872
70 134886
70 134905
70 134906
70 134907
70 134928
70 134944
70 134949
70 134951
70 134952
70 134962
70 134963
70 134970
70 134975
70 134993
70 134996
70 135007
70 135012
70 135033
70 135042
70 135043
70 135049
70 135051
70 135052
70 135072
70 135073
70 135093
70 135101
70 135104
70 135108
70 135110
70 135124
70 135126
70 135131
70 135143
70 135145
70 135149
70 135156
70 135164
70 135167
70 135186
70 135189
70 135190
70 135192
70 135193
70 135195
70 135208
70 135210
70 135212
70 135228
70 135231
70 135250
70 135261
70 135270
70 135274
70 135287
70 135297
70 135300
70 135323
70 135325
70 135326
70 135335
70 135344
70 135350
70 135363
70 135386
70 135395
70 135398
70 135401
70 135402
70 135412
70 135420
70 135421
70 135426
70 135427
70 135429
70 135449
70 135453
70 135463
70 135467
70 135472
70 135474
70 135476
70 135485
70 135488
70 135496
70 135500
70 135502
70 135505
70 135516
70 135528
70 135532
70 135533
70 135536
70 135544
70 135545
70 135552
70 135553
70 135566
70 135576
70 135593
70 135613
70 135633
70 135636
70 135651
70 135652
70 135653
70 135654
70 135667
70 135677
70 135687
70 135711
70 135713
70 135716
70 135718
70 135720
70 135727
70 135730
70 135738
70 135739
70 135744
70 135746
70 135750
70 135752
70 135763
70 135766
70 135803
70 135805
70 135811
70 135814
70 135815
70 135820
70 135825
70 135831
70 135847
70 135855
70 135863
70 135867
70 135868
70 135872
70 135876
70 135881
70 135882
70 135889
70 135894
70 135899
70 135906
70 135907
70 135908
70 135920
70 135927
70 135932
70 135938
70 135944
70 135949
70 135951
70 135964
70 135982
70 136008
70 136013
70 136026
70 136027
70 136031
70 136032
70 136035
70 136037
70 136043
70 136045
70 136050
70 136062
70 136073
70 136083
70 136084
70 136088
70 136093
70 136095
70 136104
70 136115
70 136118
70 136121
70 136145
70 136146
70 136148
70 136160
70 136163
70 136171
70 136184
70 136186
70 136191
70 136200
70 136210
70 136223
70 136227
70 136231
70 136239
70 136240
70 136247
70 136248
70 136263
70 136277
70 136283
70 136299
70 136300
70 136303
70 136353
70 136363
70 136365
70 136373
70 136374
70 136377
70 136378
70 136381
70 136392
70 136394
70 136407
70 136410
70 136419
70 136428
70 136439
70 136444
70 136449
70 136464
70 136466
70 136471
70 136481
70 136489
70 136492
70 136504
70 136508
70 136514
70 136515
70 136522
70 136526
70 136530
70 136533
70 136535
70 136536
70 136538
70 136541
70 136548
70 136559
70 136565
70 136569
70 136572
70 136574
70 136589
70 136596
70 136605
70 136607
70 136609
70 136616
70 136621
70 136622
70 136628
70 136630
70 136632
70 136639
70 136655
70 136658
70 136660
70 136661
70 136671
70 136687
70 136689
70 136693
70 136709
70 136715
70 136724
70 136735
70 136748
70 136763
70 136765
70 136777
70 136778
70 136780
70 136786
70 136788
70 136798
70 136799
70 136804
70 136805
70 136809
70 136813
70 136814
70 136817
70 136819
70 136820
70 136821
70 136829
70 136833
70 136839
70 136844
70 136847
70 136854
70 136855
70 136864
70 136867
70 136877
70 136880
70 136890
70 136895
70 136896
70 136917
70 136928
70 136935
70 136936
70 136937
70 136949
70 136961
70 136962
70 136975
70 136979
70 136985
70 136996
70 137003
70 137018
70 137030
70 137032
70 137046
70 137050
70 137068
70 137072
70 137085
70 137088
70 137089
70 137097
70 137099
70 137101
70 137131
70 137135
70 137137
70 137140
70 137142
70 137145
70 137167
70 137169
70 137172
70 137178
70 137182
70 137187
70 137208
70 137222
70 137233
70 137236
70 137254
70 137257
70 137262
70 137266
70 137272
70 137279
70 137287
70 137288
70 137294
70 137301
70 137304
70 137317
70 137318
70 137334
70 137347
70 137349
70 137350
70 137357
70 137361
70 137365
70 137367
70 137368
70 137374
70 137390
70 137393
70 137400
70 137402
70 137406
70 137409
70 137411
70 137427
70 137431
70 137437
70 137438
70 137439
70 137448
70 137455
70 137464
70 137465
70 137474
70 137476
70 137485
70 137488
70 137489
70 137493
70 137494
70 137497
70 137499
70 137511
70 137515
70 137548
70 137554
70 137560
70 137561
70 137567
70 137578
70 137583
70 137587
70 137588
70 137596
70 137598
70 137599
70 137607
70 137616
70 137617
70 137619
70 137621
70 137626
70 137636
70 137637
70 137659
70 137682
70 137692
70 137693
70 137705
70 137719
70 137720
70 137721
70 137723
70 137726
70 137729
70 137738
70 137740
70 137750
70 137754
70 137760
70 137766
70 137777
70 137785
70 137788
70 137789
70 137799
70 137808
70 137812
70 137814
70 137815
70 137829
70 137830
70 137840
70 137850
70 137851
70 137864
70 137865
70 137870
70 137880
70 137884
70 137887
70 137895
70 137902
70 137904
70 137911
70 137919
70 137920
70 137925
70 137931
70 137936
70 137939
70 137940
70 137959
70 137961
70 137964
70 137970
70 137971
70 137978
70 137997
70 138007
70 138017
70 138019
70 138022
70 138024
70 138049
70 138050
70 138055
70 138060
70 138065
70 138067
70 138070
70 138078
70 138080
70 138083
70 138098
70 138104
70 138106
70 138108
70 138111
70 138132
70 138158
70 138167
70 138171
70 138173
70 138180
70 138189
70 138190
70 138195
70 138214
70 138215
70 138217
70 138220
70 138227
70 138228
70 138237
70 138251
70 138257
70 138261
70 138262
70 138263
70 138264
70 138275
70 138276
70 138281
70 138284
70 138291
70 138294
70 138300
70 138313
70 138316
70 138320
70 138342
70 138354
70 138361
70 138375
70 138380
70 138384
70 138386
70 138391
70 138403
70 138416
70 138419
70 138420
70 138421
70 138427
70 138430
70 138431
70 138448
70 138453
70 138462
70 138475
70 138477
70 138487
70 138549
70 138550
70 138554
70 138556
70 138562
70 138573
70 138577
70 138579
70 138580
70 138597
70 138603
70 138611
70 138615
70 138618
70 138625
70 138636
70 138640
70 138646
70 138647
70 138651
70 138656
70 138669
70 138691
70 138703
70 138711
70 138724
70 138740
70 138752
70 138761
70 138764
70 138766
70 138767
70 138786
70 138792
70 138812
70 138816
70 138818
70 138831
70 138833
70 138839
70 138847
70 138860
70 138900
70 138901
70 138907
70 138931
70 138932
70 138941
70 138944
70 138947
70 138955
70 138959
70 138963
70 138979
70 138981
70 138987
70 138990
70 138992
70 138998
70 138999
70 139007
70 139010
70 139017
70 139032
70 139036
70 139054
70 139062
70 139078
70 139084
70 139092
70 139101
70 139103
70 139106
70 139111
70 139113
70 139121
70 139131
70 139137
70 139141
70 139142
70 139149
70 139155
70 139158
70 139160
70 139178
70 139182
70 139191
70 139200
70 139219
70 139224
70 139228
70 139230
70 139245
70 139252
70 139255
70 139267
70 139271
70 139274
70 139275
70 139281
70 139285
70 139286
70 139291
70 139306
70 139312
70 139346
70 139358
70 139361
70 139363
70 139366
70 139368
70 139374
70 139391
70 139399
70 139400
70 139402
70 139404
70 139407
70 139432
70 139438
70 139445
70 139447
70 139450
70 139453
70 139462
70 139491
70 139493
70 139513
70 139518
70 139522
70 139523
70 139533
70 139537
70 139540
70 139545
70 139546
70 139560
70 139562
70 139565
70 139569
70 139572
70 139580
70 139582
70 139594
70 139601
70 139602
70 139604
70 139614
70 139619
70 139655
70 139656
70 139657
70 139661
70 139671
70 139675
70 139679
70 139683
70 139687
70 139688
70 139714
70 139716
70 139743
70 139754
70 139760
70 139762
70 139771
70 139772
70 139773
70 139775
70 139778
70 139780
70 139785
70 139786
70 139792
70 139799
70 139812
70 139814
70 139818
70 139829
70 139836
70 139844
70 139846
70 139847
70 139865
70 139869
70 139874
70 139876
70 139881
70 139886
70 139898
70 139909
70 139917
70 139924
70 139934
70 139936
70 139942
70 139951
70 139961
70 139963
70 139968
70 139970
70 139971
70 139972
70 139976
70 139982
70 139991
70 140012
70 140015
70 140023
70 140024
70 140033
70 140034
70 140040
70 140044
70 140051
70 140056
70 140059
70 140061
70 140066
70 140072
70 140077
70 140082
70 140087
70 140089
70 140100
70 140102
70 140103
70 140128
70 140131
70 140141
70 140148
70 140149
70 140160
70 140167
70 140173
70 140178
70 140185
70 140187
70 140197
70 140204
70 140205
70 140230
70 140237
70 140245
70 140247
70 140252
70 140256
70 140260
70 140268
70 140275
70 140286
70 140287
70 140298
70 140301
70 140305
70 140311
70 140327
70 140334
70 140339
70 140344
70 140348
70 140356
70 140357
70 140358
70 140363
70 140396
70 140403
70 140408
70 140417
70 140433
70 140452
70 140455
70 140458
70 140460
70 140497
70 140509
70 140515
70 140546
70 140568
70 140571
70 140572
70 140579
70 140606
70 140609
70 140651
70 140682
70 140696
70 140697
70 140721
70 140722
70 140731
70 140738
70 140747
70 140767
70 140768
70 140777
70 140783
70 140793
70 140805
70 140809
70 140815
70 140819
70 140826
70 140834
70 140840
70 140844
70 140850
70 140856
70 140860
70 140873
70 140877
70 140881
70 140894
70 140903
70 140909
70 140918
70 140929
70 140944
70 140946
70 140959
70 140987
70 140989
70 140998
70 141006
70 141007
70 141012
70 141017
70 141037
70 141043
70 141057
70 141058
70 141072
70 141090
70 141098
70 141103
70 141116
70 141117
70 141126
70 141137
70 141142
70 141149
70 141150
70 141157
70 141160
70 141164
70 141177
70 141182
70 141185
70 141198
70 141205
70 141207
70 141208
70 141210
70 141224
70 141234
70 141258
70 141261
70 141287
70 141293
70 141304
70 141309
70 141320
70 141323
70 141331
70 141342
70 141343
70 141347
70 141353
70 141364
70 141367
70 141372
70 141385
70 141389
70 141391
70 141396
70 141401
70 141403
70 141407
70 141422
70 141444
70 141449
70 141457
70 141476
70 141479
70 141491
70 141492
70 141496
70 141508
70 141510
70 141513
70 141514
70 141525
70 141527
70 141537
70 141542
70 141546
70 141549
70 141558
70 141564
70 141582
70 141588
70 141591
70 141593
70 141594
70 141602
70 141609
70 141612
70 141614
70 141618
70 141623
70 141631
70 141634
70 141641
70 141650
70 141660
70 141666
70 141668
70 141670
70 141671
70 141688
70 141696
70 141709
70 141719
70 141721
70 141749
70 141759
70 141762
70 141778
70 141782
70 141784
70 141788
70 141790
70 141793
70 141799
70 141809
70 141818
70 141821
70 141847
70 141851
70 141865
70 141866
70 141868
70 141871
70 141906
70 141909
70 141913
70 141927
70 141932
70 141937
70 141938
70 141942
70 141946
70 141970
70 141973
70 141976
70 141978
70 142002
70 142011
70 142018
70 142030
70 142031
70 142033
70 142048
70 142056
70 142062
70 142073
70 142078
70 142081
70 142084
70 142086
70 142089
70 142095
70 142100
70 142102
70 142106
70 142108
70 142128
70 142136
70 142148
70 142167
70 142169
70 142177
70 142183
70 142187
70 142188
70 142197
70 142200
70 142218
70 142223
70 142240
70 142253
70 142257
70 142266
70 142286
70 142289
70 142290
70 142295
70 142298
70 142304
70 142314
70 142316
70 142320
70 142323
70 142339
70 142340
70 142342
70 142350
70 142351
70 142364
70 142369
70 142375
70 142396
70 142397
70 142400
70 142402
70 142407
70 142408
70 142415
70 142421
70 142425
70 142434
70 142444
70 142477
70 142480
70 142482
70 142488
70 142494
70 142500
70 142513
70 142518
70 142528
70 142533
70 142545
70 142551
70 142558
70 142562
70 142563
70 142580
70 142584
70 142595
70 142604
70 142610
70 142613
70 142615
70 142619
70 142620
70 142625
70 142639
70 142641
70 142649
70 142665
70 142675
70 142686
70 142705
70 142707
70 142709
70 142719
70 142736
70 142745
70 142747
70 142752
70 142760
70 142762
70 142778
70 142786
70 142789
70 142796
70 142799
70 142804
70 142806
70 142814
70 142817
70 142832
70 142849
70 142860
70 142882
70 142908
70 142920
70 142922
70 142926
70 142942
70 142944
70 142945
70 142948
70 142949
70 142954
70 142967
70 142972
70 142995
70 142998
70 142999
70 143000
70 143015
70 143016
70 143024
70 143031
70 143035
70 143038
70 143050
70 143052
70 143054
70 143055
70 143060
70 143064
70 143066
70 143068
70 143076
70 143083
70 143091
70 143098
70 143112
70 143114
70 143130
70 143149
70 143151
70 143153
70 143161
70 143165
70 143166
70 143167
70 143184
70 143193
70 143197
70 143198
70 143205
70 143207
70 143209
70 143210
70 143221
70 143238
70 143253
70 143254
70 143261
70 143265
70 143267
70 143275
70 143281
70 143292
70 143305
70 143306
70 143324
70 143330
70 143331
70 143348
70 143358
70 143362
70 143370
70 143379
70 143385
70 143400
70 143402
70 143409
70 143410
70 143411
70 143425
70 143429
70 143441
70 143448
70 143464
70 143465
70 143476
70 143480
70 143492
70 143497
70 143502
70 143503
70 143512
70 143516
70 143520
70 143526
70 143529
70 143547
70 143566
70 143571
70 143578
70 143583
70 143593
70 143595
70 143597
70 143601
70 143617
70 143625
70 143632
70 143637
70 143638
70 143642
70 143643
70 143645
70 143647
70 143651
70 143655
70 143657
70 143665
70 143677
70 143687
70 143704
70 143716
70 143717
70 143719
70 143730
70 143732
70 143742
70 143791
70 143804
70 143812
70 143813
70 143841
70 143849
70 143857
70 143860
70 143862
70 143863
70 143868
70 143891
70 143924
70 143926
70 143932
70 143936
70 143961
70 143966
70 143968
70 143980
70 143999
70 144009
70 144021
70 144035
70 144036
70 144039
70 144041
70 144046
70 144048
70 144059
70 144081
70 144092
70 144093
70 144097
70 144098
70 144100
70 144103
70 144129
70 144131
70 144132
70 144139
70 144142
70 144146
70 144155
70 144163
70 144177
70 144178
70 144185
70 144186
70 144195
70 144196
70 144198
70 144226
70 144248
70 144273
70 144286
70 144292
70 144296
70 144300
70 144307
70 144320
70 144336
70 144359
70 144360
70 144367
70 144368
70 144369
70 144379
70 144391
70 144410
70 144412
70 144415
70 144423
70 144429
70 144478
70 144479
70 144485
70 144487
70 144488
70 144503
70 144508
70 144512
70 144551
70 144574
70 144581
70 144583
70 144585
70 144595
70 144602
70 144610
70 144612
70 144647
70 144648
70 144654
70 144664
70 144665
70 144670
70 144672
70 144675
70 144683
70 144685
70 144699
70 144709
70 144710
70 144716
70 144731
70 144733
70 144734
70 144735
70 144736
70 144739
70 144741
70 144743
70 144758
70 144765
70 144774
70 144777
70 144779
70 144781
70 144785
70 144787
70 144789
70 144799
70 144800
70 144819
70 144825
70 144831
70 144842
70 144843
70 144845
70 144856
70 144861
70 144869
70 144873
70 144881
70 144901
70 144903
70 144911
70 144913
70 144924
70 144928
70 144934
70 144937
70 144946
70 144951
70 144954
70 144962
70 144972
70 144980
70 144994
70 144998
70 145008
70 145023
70 145035
70 145042
70 145046
70 145057
70 145058
70 145061
70 145063
70 145068
70 145072
70 145077
70 145078
70 145081
70 145088
70 145094
70 145096
70 145101
70 145104
70 145117
70 145127
70 145147
70 145161
70 145186
70 145199
70 145204
70 145205
70 145207
70 145211
70 145226
70 145236
70 145249
70 145256
70 145259
70 145269
70 145270
70 145290
70 145308
70 145313
70 145317
70 145325
70 145332
70 145341
70 145350
70 145354
70 145376
70 145378
70 145381
70 145384
70 145385
70 145387
70 145389
70 145390
70 145404
70 145413
70 145421
70 145427
70 145432
70 145436
70 145441
70 145444
70 145449
70 145453
70 145462
70 145498
70 145505
70 145510
70 145514
70 145530
70 145531
70 145534
70 145539
70 145544
70 145556
70 145566
70 145570
70 145574
70 145579
70 145591
70 145593
70 145600
70 145603
70 145605
70 145617
70 145620
70 145622
70 145625
70 145631
70 145632
70 145635
70 145660
70 145664
70 145674
70 145675
70 145678
70 145684
70 145692
70 145698
70 145700
70 145707
70 145712
70 145722
70 145726
70 145728
70 145740
70 145741
70 145749
70 145752
70 145770
70 145778
70 145780
70 145781
70 145784
70 145802
70 145811
70 145817
70 145818
70 145828
70 145835
70 145843
70 145846
70 145850
70 145851
70 145863
70 145885
70 145889
70 145894
70 145900
70 145910
70 145921
70 145928
70 145929
70 145940
70 145947
70 145950
70 145959
70 145977
70 145988
70 146011
70 146029
70 146031
70 146040
70 146041
70 146046
70 146047
70 146053
70 146055
70 146060
70 146066
70 146070
70 146077
70 146080
70 146086
70 146096
70 146104
70 146106
70 146110
70 146116
70 146117
70 146121
70 146123
70 146138
70 146145
70 146148
70 146159
70 146165
70 146177
70 146186
70 146191
70 146192
70 146202
70 146204
70 146209
70 146212
70 146213
70 146227
70 146232
70 146235
70 146241
70 146254
70 146255
70 146262
70 146274
70 146276
70 146280
70 146295
70 146312
70 146325
70 146329
70 146331
70 146335
70 146339
70 146341
70 146357
70 146370
70 146377
70 146382
70 146396
70 146409
70 146417
70 146423
70 146434
70 146441
70 146450
70 146463
70 146476
70 146487
70 146493
70 146497
70 146505
70 146517
70 146520
70 146534
70 146540
70 146544
70 146583
70 146588
70 146591
70 146594
70 146624
70 146639
70 146650
70 146652
70 146662
70 146667
70 146677
70 146696
70 146712
70 146724
70 146736
70 146740
70 146743
70 146746
70 146748
70 146752
70 146757
70 146758
70 146771
70 146773
70 146775
70 146776
70 146783
70 146784
70 146787
70 146812
70 146816
70 146819
70 146821
70 146823
70 146839
70 146841
70 146844
70 146859
70 146861
70 146866
70 146876
70 146877
70 146889
70 146911
70 146923
70 146928
70 146930
70 146931
70 146939
70 146942
70 146945
70 146955
70 146957
70 146965
70 146968
70 146983
70 146985
70 146996
70 146998
70 147011
70 147013
70 147030
70 147032
70 147035
70 147043
70 147047
70 147050
70 147057
70 147058
70 147060
70 147065
70 147081
70 147089
70 147102
70 147103
70 147108
70 147138
70 147139
70 147140
70 147146
70 147151
70 147172
70 147175
70 147183
70 147207
70 147210
70 147214
70 147217
70 147223
70 147233
70 147235
70 147242
70 147265
70 147270
70 147278
70 147290
70 147293
70 147296
70 147299
70 147311
70 147313
70 147314
70 147317
70 147324
70 147337
70 147338
70 147341
70 147342
70 147343
70 147350
70 147362
70 147364
70 147377
70 147409
70 147413
70 147415
70 147421
70 147426
70 147429
70 147433
70 147434
70 147435
70 147443
70 147462
70 147472
70 147494
70 147508
70 147541
70 147543
70 147551
70 147553
70 147554
70 147560
70 147564
70 147572
70 147579
70 147581
70 147585
70 147606
70 147608
70 147611
70 147619
70 147620
70 147631
70 147639
70 147650
70 147653
70 147657
70 147658
70 147664
70 147665
70 147667
70 147674
70 147675
70 147693
70 147708
70 147710
70 147715
70 147724
70 147735
70 147741
70 147751
70 147761
70 147790
70 147794
70 147802
70 147809
70 147810
70 147813
70 147825
70 147850
70 147857
70 147858
70 147860
70 147871
70 147874
70 147879
70 147908
70 147909
70 147913
70 147915
70 147928
70 147931
70 147933
70 147943
70 147944
70 147951
70 147959
70 147975
70 147983
70 147987
70 147991
70 147992
70 148003
70 148010
70 148012
70 148023
70 148033
70 148036
70 148039
70 148042
70 148056
70 148057
70 148070
70 148083
70 148084
70 148102
70 148119
70 148122
70 148130
70 148152
70 148153
70 148158
70 148189
70 148191
70 148196
70 148201
70 148212
70 148218
70 148222
70 148227
70 148229
70 148238
70 148242
70 148257
70 148265
70 148266
70 148271
70 148286
70 148287
70 148295
70 148298
70 148302
70 148305
70 148306
70 148315
70 148319
70 148327
70 148329
70 148338
70 148346
70 148354
70 148366
70 148369
70 148378
70 148387
70 148389
70 148392
70 148394
70 148395
70 148396
70 148400
70 148419
70 148423
70 148425
70 148431
70 148436
70 148442
70 148445
70 148448
70 148449
70 148454
70 148456
70 148457
70 148462
70 148464
70 148466
70 148467
70 148474
70 148485
70 148502
70 148515
70 148519
70 148530
70 148534
70 148537
70 148544
70 148546
70 148553
70 148570
70 148575
70 148576
70 148580
70 148582
70 148589
70 148594
70 148597
70 148599
70 148604
70 148608
70 148621
70 148622
70 148624
70 148644
70 148645
70 148647
70 148657
70 148658
70 148662
70 148663
70 148665
70 148690
70 148695
70 148697
70 148704
70 148716
70 148721
70 148722
70 148739
70 148743
70 148758
70 148765
70 148766
70 148767
70 148770
70 148773
70 148778
70 148782
70 148791
70 148799
70 148805
70 148818
70 148835
70 148836
70 148865
70 148867
70 148879
70 148884
70 148890
70 148913
70 148921
70 148942
70 148970
70 148983
70 148985
70 148988
70 148995
70 148997
70 148998
70 149000
70 149001
70 149005
70 149022
70 149050
70 149053
70 149055
70 149076
70 149077
70 149084
70 149096
70 149100
70 149101
70 149111
70 149112
70 149126
70 149138
70 149141
70 149143
70 149157
70 149159
70 149160
70 149178
70 149184
70 149189
70 149199
70 149218
70 149220
70 149222
70 149227
70 149230
70 149233
70 149238
70 149241
70 149243
70 149245
70 149248
70 149263
70 149281
70 149287
70 149298
70 149308
70 149309
70 149316
70 149317
70 149326
70 149332
70 149334
70 149354
70 149366
70 149372
70 149374
70 149379
70 149391
70 149394
70 149418
70 149429
70 149436
70 149445
70 149450
70 149453
70 149468
70 149470
70 149485
70 149487
70 149488
70 149506
70 149507
70 149510
70 149514
70 149526
70 149529
70 149538
70 149567
70 149589
70 149602
70 149608
70 149609
70 149621
70 149631
70 149634
70 149650
70 149652
70 149660
70 149676
70 149684
70 149687
70 149688
70 149700
70 149702
70 149706
70 149709
70 149711
70 149714
70 149720
70 149725
70 149731
70 149740
70 149742
70 149754
70 149756
70 149760
70 149763
70 149767
70 149771
70 149778
70 149779
70 149783
70 149811
70 149827
70 149828
70 149829
70 149830
70 149835
70 149837
70 149843
70 149850
70 149854
70 149878
70 149890
70 149901
70 149904
70 149912
70 149918
70 149919
70 149924
70 149927
70 149928
70 149944
70 149948
70 149949
70 149953
70 149966
70 149977
70 149981
70 149984
70 149994
70 149995
70 150002
70 150025
70 150030
70 150037
70 150046
70 150052
70 150053
70 150054
70 150074
70 150076
70 150089
70 150120
70 150121
70 150128
70 150130
70 150136
70 150140
70 150158
70 150184
70 150187
70 150202
70 150204
70 150217
70 150223
70 150234
70 150247
70 150258
70 150260
70 150263
70 150264
70 150273
70 150279
70 150287
70 150289
70 150294
70 150297
70 150304
70 150311
70 150324
70 150326
70 150334
70 150342
70 150354
70 150357
70 150370
70 150373
70 150376
70 150381
70 150411
70 150432
70 150442
70 150443
70 150445
70 150457
70 150463
70 150467
70 150470
70 150480
70 150482
70 150497
70 150518
70 150520
70 150525
70 150527
70 150533
70 150535
70 150557
70 150571
70 150575
70 150588
70 150609
70 150615
70 150621
70 150635
70 150650
70 150662
70 150664
70 150681
70 150683
70 150699
70 150701
70 150711
70 150725
70 150727
70 150728
70 150732
70 150733
70 150740
70 150742
70 150752
70 150767
70 150771
70 150781
70 150818
70 150822
70 150829
70 150845
70 150857
70 150863
70 150868
70 150876
70 150894
70 150902
70 150908
70 150912
70 150921
70 150929
70 150932
70 150941
70 150947
70 150950
70 150957
70 150959
70 150962
70 150967
70 150969
70 150972
70 150980
70 150991
70 150999
70 151008
70 151011
70 151020
70 151025
70 151029
70 151037
70 151050
70 151055
70 151057
70 151065
70 151067
70 151069
70 151090
70 151103
70 151105
70 151107
70 151112
70 151132
70 151136
70 151146
70 151162
70 151166
70 151168
70 151170
70 151179
70 151181
70 151190
70 151192
70 151203
70 151204
70 151218
70 151221
70 151225
70 151228
70 151232
70 151241
70 151245
70 151261
70 151262
70 151273
70 151276
70 151280
70 151285
70 151286
70 151306
70 151308
70 151315
70 151316
70 151337
70 151357
70 151369
70 151389
70 151412
70 151425
70 151431
70 151439
70 151441
70 151447
70 151462
70 151468
70 151474
70 151475
70 151486
70 151498
70 151501
70 151509
70 151515
70 151516
70 151519
70 151538
70 151545
70 151570
70 151578
70 151598
70 151601
70 151615
70 151627
70 151654
70 151666
70 151674
70 151692
70 151704
70 151708
70 151712
70 151751
70 151755
70 151757
70 151761
70 151770
70 151780
70 151783
70 151790
70 151820
70 151822
70 151825
70 151841
70 151850
70 151860
70 151877
70 151880
70 151892
70 151893
70 151898
70 151899
70 151910
70 151932
70 151941
70 151957
70 151970
70 151993
70 152000
70 152013
70 152019
70 152024
70 152029
70 152031
70 152036
70 152037
70 152045
70 152047
70 152049
70 152050
70 152061
70 152074
70 152076
70 152079
70 152081
70 152085
70 152092
70 152093
70 152096
70 152098
70 152099
70 152100
70 152118
70 152120
70 152122
70 152125
70 152134
70 152135
70 152143
70 152144
70 152159
70 152170
70 152183
70 152189
70 152200
70 152207
70 152209
70 152215
70 152217
70 152219
70 152229
70 152231
70 152238
70 152262
70 152274
70 152282
70 152283
70 152301
70 152310
70 152322
70 152331
70 152332
70 152336
70 152338
70 152349
70 152359
70 152361
70 152365
70 152367
70 152375
70 152384
70 152389
70 152393
70 152395
70 152397
70 152400
70 152404
70 152409
70 152427
70 152435
70 152436
70 152456
70 152468
70 152473
70 152481
70 152490
70 152495
70 152498
70 152501
70 152525
70 152527
70 152550
70 152555
70 152565
70 152574
70 152576
70 152579
70 152581
70 152597
70 152599
70 152618
70 152620
70 152621
70 152628
70 152629
70 152632
70 152641
70 152652
70 152658
70 152663
70 152669
70 152675
70 152678
70 152697
70 152727
70 152746
70 152747
70 152773
70 152774
70 152779
70 152780
70 152782
70 152787
70 152794
70 152795
70 152797
70 152803
70 152805
70 152813
70 152814
70 152818
70 152820
70 152823
70 152824
70 152828
70 152835
70 152838
70 152851
70 152858
70 152860
70 152872
70 152873
70 152876
70 152880
70 152894
70 152903
70 152907
70 152913
70 152918
70 152921
70 152928
70 152935
70 152940
70 152952
70 152971
70 152972
70 152989
70 152991
70 152999
70 153000
70 153004
70 153005
70 153008
70 153016
70 153018
70 153021
70 153023
70 153033
70 153034
70 153040
70 153044
70 153052
70 153070
70 153074
70 153075
70 153076
70 153077
70 153078
70 153079
70 153085
70 153086
70 153089
70 153092
70 153095
70 153103
70 153115
70 153131
70 153132
70 153133
70 153156
70 153172
70 153173
70 153177
70 153197
70 153208
70 153228
70 153232
70 153237
70 153240
70 153241
70 153251
70 153256
70 153262
70 153264
70 153268
70 153285
70 153289
70 153291
70 153292
70 153295
70 153296
70 153301
70 153306
70 153310
70 153314
70 153317
70 153324
70 153325
70 153329
70 153336
70 153345
70 153350
70 153353
70 153354
70 153374
70 153375
70 153378
70 153392
70 153396
70 153414
70 153431
70 153439
70 153477
70 153484
70 153516
70 153521
70 153524
70 153527
70 153535
70 153546
70 153547
70 153550
70 153557
70 153558
70 153566
70 153577
70 153584
70 153585
70 153586
70 153592
70 153596
70 153615
70 153617
70 153624
70 153627
70 153632
70 153638
70 153642
70 153647
70 153648
70 153651
70 153657
70 153659
70 153664
70 153665
70 153667
70 153687
70 153713
70 153717
70 153718
70 153719
70 153721
70 153724
70 153731
70 153735
70 153738
70 153741
70 153766
70 153782
70 153788
70 153791
70 153801
70 153836
70 153843
70 153853
70 153855
70 153870
70 153871
70 153876
70 153880
70 153882
70 153884
70 153889
70 153890
70 153894
70 153896
70 153898
70 153906
70 153914
70 153916
70 153918
70 153929
70 153950
70 153952
70 153964
70 153969
70 153977
70 153984
70 153993
70 153997
70 154005
70 154011
70 154017
70 154024
70 154025
70 154032
70 154034
70 154051
70 154053
70 154063
70 154078
70 154089
70 154090
70 154100
70 154110
70 154113
70 154115
70 154124
70 154130
70 154137
70 154147
70 154154
70 154163
70 154173
70 154176
70 154184
70 154189
70 154193
70 154197
70 154201
70 154215
70 154220
70 154227
70 154229
70 154239
70 154246
70 154248
70 154251
70 154263
70 154270
70 154272
70 154274
70 154277
70 154278
70 154287
70 154305
70 154315
70 154318
70 154326
70 154330
70 154331
70 154335
70 154336
70 154338
70 154352
70 154356
70 154364
70 154365
70 154374
70 154376
70 154378
70 154382
70 154438
70 154454
70 154455
70 154461
70 154462
70 154469
70 154472
70 154487
70 154488
70 154489
70 154496
70 154497
70 154511
70 154522
70 154528
70 154531
70 154532
70 154539
70 154543
70 154560
70 154567
70 154571
70 154573
70 154577
70 154597
70 154611
70 154613
70 154637
70 154650
70 154684
70 154700
70 154705
70 154722
70 154730
70 154744
70 154752
70 154767
70 154768
70 154770
70 154785
70 154795
70 154799
70 154800
70 154803
70 154812
70 154822
70 154827
70 154833
70 154835
70 154836
70 154839
70 154841
70 154844
70 154851
70 154857
70 154858
70 154877
70 154898
70 154900
70 154901
70 154919
70 154933
70 154934
70 154937
70 154941
70 154980
70 154995
70 155007
70 155027
70 155029
70 155030
70 155033
70 155036
70 155037
70 155043
70 155048
70 155060
70 155070
70 155087
70 155092
70 155109
70 155118
70 155120
70 155132
70 155169
70 155172
70 155181
70 155199
70 155204
70 155217
70 155219
70 155228
70 155242
70 155252
70 155269
70 155273
70 155274
70 155277
70 155290
70 155296
70 155305
70 155308
70 155315
70 155318
70 155323
70 155327
70 155328
70 155336
70 155340
70 155358
70 155359
70 155363
70 155364
70 155403
70 155404
70 155409
70 155415
70 155430
70 155431
70 155433
70 155440
70 155446
70 155447
70 155459
70 155468
70 155475
70 155477
70 155480
70 155485
70 155486
70 155493
70 155497
70 155510
70 155517
70 155522
70 155536
70 155545
70 155560
70 155570
70 155576
70 155579
70 155581
70 155582
70 155608
70 155610
70 155616
70 155639
70 155647
70 155650
70 155659
70 155661
70 155665
70 155671
70 155678
70 155679
70 155684
70 155687
70 155696
70 155703
70 155712
70 155723
70 155724
70 155731
70 155732
70 155733
70 155740
70 155746
70 155747
70 155756
70 155777
70 155785
70 155789
70 155795
70 155803
70 155812
70 155813
70 155816
70 155820
70 155830
70 155835
70 155840
70 155857
70 155866
70 155869
70 155876
70 155903
70 155908
70 155912
70 155924
70 155926
70 155932
70 155936
70 155943
70 155948
70 155955
70 155960
70 155970
70 155971
70 155991
70 155993
70 155998
70 156001
70 156003
70 156006
70 156012
70 156013
70 156021
70 156025
70 156034
70 156040
70 156041
70 156046
70 156065
70 156084
70 156088
70 156103
70 156104
70 156108
70 156113
70 156120
70 156126
70 156129
70 156138
70 156139
70 156141
70 156144
70 156163
70 156168
70 156186
70 156192
70 156200
70 156213
70 156220
70 156223
70 156229
70 156231
70 156237
70 156243
70 156260
70 156279
70 156282
70 156285
70 156295
70 156302
70 156313
70 156328
70 156331
70 156339
70 156352
70 156354
70 156356
70 156365
70 156379
70 156385
70 156386
70 156389
70 156393
70 156395
70 156409
70 156412
70 156413
70 156414
70 156439
70 156443
70 156448
70 156449
70 156454
70 156465
70 156478
70 156488
70 156489
70 156492
70 156500
70 156503
70 156508
70 156510
70 156525
70 156539
70 156542
70 156558
70 156560
70 156566
70 156571
70 156578
70 156581
70 156583
70 156584
70 156590
70 156607
70 156635
70 156643
70 156645
70 156648
70 156652
70 156660
70 156666
70 156668
70 156670
70 156672
70 156681
70 156694
70 156705
70 156710
70 156712
70 156713
70 156725
70 156733
70 156737
70 156749
70 156767
70 156776
70 156787
70 156795
70 156796
70 156798
70 156801
70 156816
70 156819
70 156825
70 156833
70 156836
70 156847
70 156856
70 156865
70 156883
70 156887
70 156889
70 156890
70 156895
70 156900
70 156903
70 156907
70 156909
70 156918
70 156923
70 156928
70 156932
70 156935
70 156936
70 156940
70 156941
70 156948
70 156954
70 156973
70 156976
70 156984
70 156985
70 156990
70 156993
70 157010
70 157015
70 157023
70 157028
70 157032
70 157040
70 157041
70 157042
70 157045
70 157055
70 157060
70 157072
70 157074
70 157082
70 157087
70 157092
70 157101
70 157105
70 157114
70 157116
70 157118
70 157121
70 157131
70 157132
70 157133
70 157147
70 157154
70 157162
70 157164
70 157184
70 157188
70 157190
70 157201
70 157208
70 157218
70 157222
70 157233
70 157259
70 157278
70 157282
70 157288
70 157326
70 157337
70 157344
70 157353
70 157366
70 157373
70 157381
70 157383
70 157386
70 157393
70 157394
70 157413
70 157414
70 157416
70 157426
70 157433
70 157445
70 157447
70 157470
70 157472
70 157473
70 157474
70 157475
70 157483
70 157525
70 157529
70 157540
70 157542
70 157562
70 157571
70 157587
70 157601
70 157602
70 157615
70 157632
70 157647
70 157651
70 157663
70 157665
70 157679
70 157684
70 157689
70 157690
70 157708
70 157710
70 157722
70 157730
70 157738
70 157746
70 157754
70 157765
70 157772
70 157782
70 157793
70 157796
70 157811
70 157819
70 157821
70 157829
70 157846
70 157848
70 157855
70 157869
70 157873
70 157875
70 157883
70 157896
70 157902
70 157904
70 157906
70 157908
70 157937
70 157940
70 157945
70 157955
70 157958
70 157965
70 157967
70 157978
70 157982
70 157983
70 157987
70 157991
70 158004
70 158009
70 158024
70 158027
70 158030
70 158031
70 158032
70 158036
70 158045
70 158046
70 158054
70 158060
70 158062
70 158064
70 158066
70 158074
70 158078
70 158088
70 158093
70 158094
70 158102
70 158104
70 158109
70 158112
70 158114
70 158116
70 158122
70 158124
70 158137
70 158142
70 158144
70 158148
70 158152
70 158168
70 158172
70 158174
70 158177
70 158186
70 158205
70 158215
70 158221
70 158225
70 158229
70 158231
70 158240
70 158244
70 158248
70 158254
70 158261
70 158265
70 158267
70 158270
70 158281
70 158292
70 158295
70 158299
70 158300
70 158310
70 158312
70 158317
70 158333
70 158338
70 158342
70 158348
70 158370
70 158373
70 158378
70 158394
70 158395
70 158415
70 158420
70 158426
70 158431
70 158434
70 158443
70 158450
70 158452
70 158454
70 158456
70 158469
70 158475
70 158477
70 158485
70 158486
70 158495
70 158496
70 158509
70 158520
70 158522
70 158541
70 158543
70 158545
70 158554
70 158568
70 158577
70 158579
70 158587
70 158589
70 158603
70 158605
70 158619
70 158622
70 158625
70 158631
70 158643
70 158645
70 158648
70 158680
70 158698
70 158700
70 158738
70 158764
70 158772
70 158781
70 158787
70 158796
70 158804
70 158811
70 158815
70 158827
70 158835
70 158844
70 158847
70 158860
70 158864
70 158867
70 158878
70 158886
70 158916
70 158918
70 158925
70 158931
70 158938
70 158941
70 158947
70 158966
70 158973
70 158978
70 158980
70 158982
70 158990
70 159017
70 159025
70 159033
70 159037
70 159042
70 159050
70 159058
70 159062
70 159073
70 159081
70 159088
70 159090
70 159092
70 159106
70 159110
70 159117
70 159121
70 159123
70 159132
70 159135
70 159136
70 159140
70 159143
70 159149
70 159154
70 159155
70 159162
70 159167
70 159179
70 159185
70 159197
70 159200
70 159210
70 159214
70 159235
70 159245
70 159251
70 159257
70 159260
70 159263
70 159272
70 159276
70 159279
70 159283
70 159287
70 159296
70 159304
70 159312
70 159313
70 159330
70 159333
70 159337
70 159340
70 159346
70 159347
70 159353
70 159358
70 159363
70 159367
70 159372
70 159377
70 159378
70 159381
70 159383
70 159384
70 159390
70 159391
70 159404
70 159412
70 159415
70 159434
70 159436
70 159438
70 159442
70 159445
70 159446
70 159452
70 159461
70 159467
70 159469
70 159481
70 159484
70 159492
70 159493
70 159498
70 159519
70 159523
70 159529
70 159533
70 159535
70 159541
70 159542
70 159553
70 159561
70 159564
70 159575
70 159584
70 159593
70 159605
70 159608
70 159613
70 159621
70 159625
70 159627
70 159634
70 159678
70 159685
70 159695
70 159696
70 159706
70 159713
70 159718
70 159739
70 159744
70 159747
70 159748
70 159751
70 159756
70 159764
70 159769
70 159777
70 159779
70 159784
70 159800
70 159802
70 159803
70 159807
70 159812
70 159817
70 159820
70 159826
70 159829
70 159844
70 159846
70 159852
70 159855
70 159859
70 159861
70 159877
70 159878
70 159883
70 159890
70 159891
70 159896
70 159899
70 159901
70 159911
70 159931
70 159934
70 159950
70 159956
70 159963
70 159967
70 159972
70 159973
70 159977
70 159990
70 160005
70 160007
70 160008
70 160014
70 160026
70 160031
70 160044
70 160057
70 160093
70 160107
70 160117
70 160128
70 160135
70 160137
70 160144
70 160153
70 160157
70 160161
70 160163
70 160169
70 160184
70 160206
70 160210
70 160228
70 160235
70 160236
70 160243
70 160250
70 160256
70 160260
70 160264
70 160271
70 160272
70 160278
70 160284
70 160286
70 160290
70 160293
70 160304
70 160306
70 160319
70 160329
70 160341
70 160347
70 160354
70 160356
70 160358
70 160365
70 160368
70 160380
70 160381
70 160384
70 160393
70 160394
70 160398
70 160405
70 160427
70 160431
70 160433
70 160458
70 160472
70 160480
70 160485
70 160488
70 160503
70 160506
70 160508
70 160514
70 160519
70 160532
70 160538
70 160541
70 160543
70 160546
70 160548
70 160550
70 160554
70 160560
70 160564
70 160578
70 160586
70 160605
70 160612
70 160615
70 160617
70 160628
70 160633
70 160635
70 160636
70 160651
70 160663
70 160678
70 160690
70 160692
70 160693
70 160708
70 160713
70 160724
70 160733
70 160735
70 160736
70 160753
70 160758
70 160764
70 160787
70 160795
70 160803
70 160808
70 160815
70 160816
70 160823
70 160828
70 160836
70 160840
70 160854
70 160869
70 160892
70 160897
70 160898
70 160908
70 160922
70 160941
70 160953
70 160957
70 160962
70 160963
70 160972
70 160987
70 160992
70 160999
70 161002
70 161010
70 161020
70 161024
70 161027
70 161043
70 161053
70 161054
70 161062
70 161073
70 161074
70 161081
70 161083
70 161091
70 161101
70 161106
70 161111
70 161114
70 161118
70 161121
70 161122
70 161130
70 161134
70 161143
70 161144
70 161155
70 161160
70 161177
70 161178
70 161179
70 161181
70 161193
70 161204
70 161219
70 161220
70 161221
70 161247
70 161257
70 161262
70 161268
70 161272
70 161276
70 161283
70 161286
70 161288
70 161291
70 161295
70 161296
70 161302
70 161305
70 161309
70 161314
70 161346
70 161352
70 161367
70 161376
70 161380
70 161394
70 161395
70 161397
70 161400
70 161409
70 161415
70 161419
70 161426
70 161432
70 161435
70 161442
70 161443
70 161446
70 161449
70 161458
70 161467
70 161475
70 161480
70 161485
70 161497
70 161535
70 161558
70 161566
70 161574
70 161590
70 161599
70 161603
70 161606
70 161626
70 161639
70 161640
70 161642
70 161650
70 161663
70 161674
70 161681
70 161690
70 161693
70 161700
70 161707
70 161711
70 161717
70 161730
70 161731
70 161734
70 161740
70 161743
70 161746
70 161749
70 161753
70 161775
70 161777
70 161785
70 161791
70 161796
70 161806
70 161811
70 161815
70 161823
70 161825
70 161828
70 161849
70 161884
70 161887
70 161890
70 161891
70 161898
70 161900
70 161902
70 161903
70 161905
70 161916
70 161919
70 161933
70 161935
70 161936
70 161960
70 161963
70 161965
70 161979
70 161991
70 162006
70 162008
70 162042
70 162050
70 162054
70 162056
70 162067
70 162077
70 162085
70 162096
70 162107
70 162116
70 162125
70 162130
70 162131
70 162144
70 162158
70 162166
70 162181
70 162189
70 162202
70 162205
70 162212
70 162220
70 162228
70 162229
70 162230
70 162236
70 162237
70 162244
70 162251
70 162274
70 162285
70 162293
70 162303
70 162313
70 162325
70 162329
70 162331
70 162341
70 162342
70 162343
70 162348
70 162373
70 162388
70 162395
70 162403
70 162424
70 162427
70 162431
70 162438
70 162444
70 162447
70 162453
70 162456
70 162467
70 162471
70 162484
70 162487
70 162489
70 162498
70 162521
70 162526
70 162532
70 162537
70 162548
70 162549
70 162555
70 162560
70 162568
70 162579
70 162592
70 162593
70 162595
70 162602
70 162604
70 162605
70 162611
70 162612
70 162619
70 162624
70 162629
70 162632
70 162635
70 162644
70 162655
70 162656
70 162658
70 162661
70 162664
70 162700
70 162703
70 162704
70 162707
70 162710
70 162711
70 162718
70 162728
70 162733
70 162747
70 162749
70 162761
70 162769
70 162775
70 162783
70 162794
70 162798
70 162799
70 162805
70 162808
70 162812
70 162813
70 162819
70 162832
70 162834
70 162841
70 162849
70 162850
70 162857
70 162858
70 162860
70 162862
70 162864
70 162869
70 162887
70 162889
70 162901
70 162905
70 162910
70 162926
70 162932
70 162935
70 162941
70 162942
70 162949
70 162955
70 162959
70 162966
70 162970
70 162979
70 162994
70 162997
70 163007
70 163039
70 163048
70 163051
70 163057
70 163067
70 163070
70 163080
70 163081
70 163087
70 163091
70 163092
70 163104
70 163112
70 163118
70 163137
70 163138
70 163144
70 163146
70 163148
70 163149
70 163153
70 163162
70 163165
70 163166
70 163167
70 163191
70 163198
70 163207
70 163214
70 163224
70 163238
70 163240
70 163247
70 163250
70 163287
70 163315
70 163333
70 163335
70 163339
70 163345
70 163347
70 163374
70 163376
70 163383
70 163397
70 163401
70 163404
70 163426
70 163428
70 163433
70 163434
70 163438
70 163439
70 163453
70 163456
70 163476
70 163484
70 163500
70 163503
70 163504
70 163514
70 163521
70 163527
70 163544
70 163552
70 163570
70 163574
70 163578
70 163581
70 163588
70 163593
70 163616
70 163618
70 163621
70 163622
70 163624
70 163636
70 163651
70 163659
70 163675
70 163678
70 163689
70 163706
70 163708
70 163715
70 163717
70 163747
70 163749
70 163750
70 163752
70 163759
70 163768
70 163769
70 163776
70 163789
70 163790
70 163795
70 163799
70 163804
70 163813
70 163816
70 163825
70 163834
70 163836
70 163839
70 163842
70 163846
70 163849
70 163854
70 163855
70 163858
70 163870
70 163883
70 163893
70 163903
70 163906
70 163915
70 163931
70 163948
70 163953
70 163963
70 163974
70 163977
70 163983
70 164001
70 164003
70 164010
70 164019
70 164023
70 164027
70 164034
70 164035
70 164042
70 164049
70 164052
70 164053
70 164058
70 164071
70 164072
70 164086
70 164092
70 164109
70 164110
70 164111
70 164114
70 164115
70 164118
70 164129
70 164130
70 164133
70 164134
70 164137
70 164140
70 164144
70 164166
70 164170
70 164178
70 164185
70 164192
70 164193
70 164194
70 164202
70 164212
70 164231
70 164243
70 164257
70 164262
70 164266
70 164273
70 164293
70 164298
70 164301
70 164304
70 164307
70 164308
70 164311
70 164320
70 164331
70 164346
70 164351
70 164356
70 164361
70 164365
70 164368
70 164370
70 164373
70 164390
70 164396
70 164416
70 164428
70 164430
70 164434
70 164435
70 164440
70 164452
70 164455
70 164465
70 164474
70 164475
70 164500
70 164518
70 164532
70 164544
70 164552
70 164554
70 164559
70 164562
70 164574
70 164575
70 164581
70 164585
70 164586
70 164597
70 164601
70 164602
70 164605
70 164606
70 164607
70 164621
70 164634
70 164639
70 164643
70 164649
70 164652
70 164666
70 164674
70 164683
70 164685
70 164695
70 164696
70 164721
70 164724
70 164728
70 164729
70 164735
70 164736
70 164739
70 164745
70 164753
70 164757
70 164782
70 164788
70 164790
70 164792
70 164793
70 164794
70 164796
70 164803
70 164808
70 164810
70 164813
70 164814
70 164817
70 164824
70 164829
70 164840
70 164849
70 164863
70 164866
70 164879
70 164880
70 164885
70 164887
70 164888
70 164900
70 164902
70 164915
70 164919
70 164928
70 164931
70 164934
70 164938
70 164943
70 164944
70 164948
70 164967
70 164974
70 164977
70 164983
70 164986
70 164989
70 164990
70 164997
70 165007
70 165019
70 165022
70 165031
70 165034
70 165039
70 165046
70 165050
70 165053
70 165058
70 165060
70 165068
70 165071
70 165073
70 165079
70 165097
70 165101
70 165112
70 165114
70 165115
70 165119
70 165128
70 165138
70 165155
70 165180
70 165181
70 165183
70 165189
70 165199
70 165203
70 165211
70 165212
70 165220
70 165224
70 165241
70 165245
70 165252
70 165263
70 165266
70 165272
70 165291
70 165298
70 165323
70 165330
70 165334
70 165340
70 165342
70 165344
70 165351
70 165353
70 165355
70 165368
70 165371
70 165392
70 165394
70 165412
70 165437
70 165453
70 165457
70 165463
70 165466
70 165477
70 165480
70 165484
70 165497
70 165499
70 165503
70 165517
70 165523
70 165537
70 165540
70 165542
70 165560
70 165561
70 165563
70 165569
70 165576
70 165581
70 165585
70 165590
70 165598
70 165610
70 165613
70 165620
70 165628
70 165631
70 165632
70 165635
70 165636
70 165646
70 165662
70 165672
70 165689
70 165693
70 165697
70 165699
70 165700
70 165703
70 165706
70 165710
70 165711
70 165712
70 165716
70 165717
70 165730
70 165742
70 165754
70 165765
70 165769
70 165774
70 165776
70 165791
70 165806
70 165807
70 165812
70 165821
70 165824
70 165829
70 165839
70 165841
70 165843
70 165850
70 165851
70 165857
70 165863
70 165864
70 165881
70 165883
70 165886
70 165901
70 165918
70 165919
70 165925
70 165962
70 165975
70 165979
70 165982
70 166004
70 166009
70 166013
70 166017
70 166022
70 166042
70 166051
70 166064
70 166069
70 166072
70 166089
70 166099
70 166108
70 166123
70 166127
70 166130
70 166142
70 166146
70 166164
70 166183
70 166188
70 166197
70 166211
70 166212
70 166216
70 166229
70 166243
70 166245
70 166249
70 166273
70 166275
70 166281
70 166282
70 166287
70 166301
70 166302
70 166337
70 166343
70 166346
70 166353
70 166368
70 166383
70 166386
70 166391
70 166392
70 166393
70 166419
70 166425
70 166467
70 166472
70 166473
70 166476
70 166494
70 166498
70 166516
70 166528
70 166534
70 166544
70 166563
70 166573
70 166576
70 166577
70 166582
70 166584
70 166606
70 166612
70 166614
70 166620
70 166636
70 166652
70 166653
70 166668
70 166673
70 166687
70 166691
70 166694
70 166706
70 166717
70 166718
70 166721
70 166727
70 166737
70 166755
70 166758
70 166762
70 166769
70 166779
70 166780
70 166786
70 166787
70 166789
70 166792
70 166793
70 166799
70 166809
70 166812
70 166814
70 166815
70 166833
70 166849
70 166851
70 166852
70 166856
70 166863
70 166864
70 166871
70 166873
70 166884
70 166888
70 166891
70 166892
70 166896
70 166900
70 166901
70 166903
70 166925
70 166929
70 166932
70 166933
70 166938
70 166944
70 166963
70 166975
70 166980
70 166983
70 166993
70 167009
70 167015
70 167018
70 167021
70 167026
70 167037
70 167073
70 167075
70 167085
70 167087
70 167093
70 167100
70 167102
70 167114
70 167142
70 167158
70 167164
70 167173
70 167178
70 167183
70 167186
70 167195
70 167197
70 167208
70 167216
70 167221
70 167225
70 167254
70 167259
70 167266
70 167274
70 167275
70 167277
70 167286
70 167291
70 167292
70 167299
70 167308
70 167320
70 167336
70 167359
70 167361
70 167363
70 167366
70 167372
70 167373
70 167376
70 167396
70 167398
70 167409
70 167421
70 167425
70 167456
70 167457
70 167462
70 167463
70 167466
70 167482
70 167483
70 167487
70 167518
70 167532
70 167541
70 167547
70 167549
70 167569
70 167575
70 167583
70 167584
70 167591
70 167598
70 167602
70 167606
70 167610
70 167612
70 167613
70 167616
70 167633
70 167635
70 167636
70 167641
70 167659
70 167667
70 167669
70 167670
70 167679
70 167686
70 167693
70 167695
70 167705
70 167709
70 167729
70 167734
70 167743
70 167749
70 167763
70 167764
70 167771
70 167778
70 167784
70 167790
70 167797
70 167802
70 167805
70 167811
70 167813
70 167816
70 167826
70 167832
70 167846
70 167852
70 167867
70 167875
70 167880
70 167885
70 167888
70 167896
70 167902
70 167920
70 167922
70 167930
70 167961
70 167964
70 167972
70 167975
70 167982
70 167984
70 167988
70 167998
70 168004
70 168006
70 168014
70 168025
70 168032
70 168038
70 168043
70 168045
70 168053
70 168056
70 168064
70 168068
70 168069
70 168072
70 168076
70 168091
70 168115
70 168123
70 168132
70 168139
70 168153
70 168160
70 168164
70 168167
70 168179
70 168187
70 168200
70 168204
70 168207
70 168209
70 168214
70 168222
70 168228
70 168232
70 168234
70 168242
70 168260
70 168267
70 168269
70 168293
70 168298
70 168302
70 168306
70 168349
70 168376
70 168389
70 168396
70 168398
70 168405
70 168424
70 168442
70 168447
70 168449
70 168455
70 168456
70 168459
70 168462
70 168470
70 168479
70 168489
70 168490
70 168504
70 168513
70 168518
70 168521
70 168522
70 168525
70 168537
70 168541
70 168544
70 168546
70 168550
70 168560
70 168561
70 168568
70 168589
70 168599
70 168603
70 168609
70 168616
70 168632
70 168636
70 168651
70 168660
70 168674
70 168690
70 168701
70 168703
70 168715
70 168717
70 168728
70 168732
70 168741
70 168743
70 168754
70 168760
70 168764
70 168766
70 168768
70 168791
70 168803
70 168808
70 168809
70 168813
70 168823
70 168827
70 168840
70 168849
70 168851
70 168854
70 168857
70 168870
70 168874
70 168883
70 168886
70 168887
70 168893
70 168901
70 168907
70 168918
70 168924
70 168926
70 168931
70 168951
70 168952
70 168957
70 168965
70 168978
70 168981
70 168983
70 169008
70 169010
70 169015
70 169017
70 169023
70 169040
70 169043
70 169048
70 169050
70 169058
70 169086
70 169088
70 169091
70 169094
70 169096
70 169103
70 169109
70 169110
70 169120
70 169134
70 169139
70 169151
70 169154
70 169155
70 169158
70 169169
70 169171
70 169173
70 169177
70 169184
70 169190
70 169202
70 169205
70 169212
70 169213
70 169214
70 169216
70 169228
70 169234
70 169240
70 169245
70 169254
70 169255
70 169261
70 169281
70 169282
70 169289
70 169293
70 169296
70 169310
70 169315
70 169322
70 169323
70 169334
70 169347
70 169360
70 169368
70 169379
70 169380
70 169383
70 169388
70 169394
70 169399
70 169402
70 169419
70 169420
70 169429
70 169441
70 169449
70 169455
70 169467
70 169473
70 169479
70 169486
70 169488
70 169493
70 169495
70 169497
70 169512
70 169528
70 169531
70 169540
70 169548
70 169554
70 169556
70 169562
70 169569
70 169576
70 169591
70 169593
70 169600
70 169603
70 169607
70 169615
70 169622
70 169637
70 169655
70 169668
70 169670
70 169672
70 169673
70 169679
70 169683
70 169698
70 169706
70 169719
70 169724
70 169727
70 169749
70 169770
70 169773
70 169777
70 169778
70 169780
70 169791
70 169792
70 169800
70 169801
70 169806
70 169820
70 169831
70 169836
70 169838
70 169846
70 169847
70 169880
70 169886
70 169888
70 169897
70 169909
70 169932
70 169935
70 169937
70 169946
70 169950
70 169956
70 169961
70 169962
70 169964
70 169975
70 169981
70 169982
70 170000
70 170005
70 170017
70 170023
70 170024
70 170026
70 170033
70 170034
70 170042
70 170075
70 170076
70 170079
70 170094
70 170098
70 170112
70 170114
70 170116
70 170117
70 170127
70 170143
70 170168
70 170173
70 170175
70 170176
70 170181
70 170196
70 170205
70 170213
70 170214
70 170216
70 170223
70 170228
70 170237
70 170241
70 170242
70 170249
70 170251
70 170272
70 170275
70 170276
70 170282
70 170284
70 170288
70 170295
70 170300
70 170308
70 170313
70 170314
70 170324
70 170326
70 170330
70 170331
70 170333
70 170344
70 170349
70 170351
70 170361
70 170367
70 170381
70 170383
70 170389
70 170396
70 170397
70 170402
70 170404
70 170406
70 170410
70 170411
70 170422
70 170431
70 170448
70 170455
70 170456
70 170459
70 170461
70 170471
70 170474
70 170478
70 170495
70 170505
70 170525
70 170531
70 170548
70 170557
70 170572
70 170594
70 170606
70 170618
70 170655
70 170659
70 170666
70 170677
70 170695
70 170704
70 170710
70 170711
70 170722
70 170724
70 170726
70 170732
70 170734
70 170737
70 170750
70 170751
70 170757
70 170761
70 170770
70 170773
70 170780
70 170795
70 170800
70 170802
70 170814
70 170816
70 170817
70 170819
70 170827
70 170843
70 170847
70 170857
70 170858
70 170860
70 170864
70 170872
70 170876
70 170889
70 170890
70 170906
70 170907
70 170919
70 170922
70 170943
70 170957
70 170971
70 170986
70 170997
70 171008
70 171023
70 171049
70 171069
70 171075
70 171076
70 171090
70 171094
70 171102
70 171106
70 171142
70 171146
70 171147
70 171149
70 171152
70 171172
70 171178
70 171187
70 171190
70 171192
70 171199
70 171214
70 171223
70 171231
70 171233
70 171238
70 171247
70 171248
70 171250
70 171251
70 171259
70 171268
70 171273
70 171284
70 171287
70 171292
70 171297
70 171300
70 171301
70 171312
70 171314
70 171316
70 171319
70 171322
70 171336
70 171342
70 171343
70 171353
70 171357
70 171359
70 171375
70 171386
70 171412
70 171418
70 171427
70 171428
70 171434
70 171463
70 171479
70 171483
70 171494
70 171508
70 171524
70 171531
70 171532
70 171537
70 171543
70 171544
70 171547
70 171562
70 171573
70 171578
70 171599
70 171605
70 171615
70 171621
70 171629
70 171634
70 171644
70 171653
70 171660
70 171661
70 171674
70 171682
70 171687
70 171694
70 171700
70 171716
70 171720
70 171731
70 171733
70 171737
70 171745
70 171762
70 171764
70 171765
70 171773
70 171777
70 171801
70 171805
70 171814
70 171816
70 171817
70 171826
70 171833
70 171834
70 171835
70 171844
70 171851
70 171852
70 171867
70 171869
70 171890
70 171908
70 171930
70 171950
70 171959
70 171961
70 171985
70 171994
70 172016
70 172018
70 172021
70 172041
70 172044
70 172051
70 172060
70 172064
70 172069
70 172098
70 172099
70 172103
70 172104
70 172108
70 172118
70 172125
70 172133
70 172134
70 172137
70 172138
70 172155
70 172172
70 172204
70 172218
70 172224
70 172232
70 172240
70 172255
70 172260
70 172261
70 172264
70 172273
70 172283
70 172285
70 172287
70 172294
70 172300
70 172304
70 172306
70 172318
70 172324
70 172339
70 172348
70 172350
70 172353
70 172356
70 172374
70 172375
70 172385
70 172389
70 172390
70 172398
70 172422
70 172424
70 172436
70 172444
70 172453
70 172456
70 172464
70 172466
70 172467
70 172472
70 172490
70 172495
70 172508
70 172519
70 172528
70 172547
70 172553
70 172559
70 172562
70 172570
70 172573
70 172583
70 172599
70 172601
70 172610
70 172652
70 172653
70 172659
70 172685
70 172703
70 172712
70 172721
70 172727
70 172733
70 172742
70 172755
70 172760
70 172778
70 172789
70 172803
70 172809
70 172810
70 172812
70 172815
70 172818
70 172819
70 172822
70 172829
70 172830
70 172832
70 172833
70 172836
70 172841
70 172847
70 172848
70 172859
70 172867
70 172870
70 172875
70 172876
70 172884
70 172892
70 172898
70 172901
70 172902
70 172908
70 172914
70 172935
70 172937
70 172939
70 172943
70 172950
70 172972
70 172973
70 172979
70 172985
70 172987
70 172990
70 172992
70 173003
70 173008
70 173014
70 173022
70 173025
70 173027
70 173033
70 173039
70 173079
70 173084
70 173092
70 173094
70 173098
70 173099
70 173104
70 173110
70 173115
70 173118
70 173121
70 173127
70 173129
70 173138
70 173142
70 173156
70 173172
70 173174
70 173180
70 173182
70 173186
70 173189
70 173191
70 173192
70 173196
70 173210
70 173231
70 173237
70 173247
70 173255
70 173256
70 173270
70 173280
70 173288
70 173306
70 173309
70 173322
70 173324
70 173326
70 173339
70 173341
70 173354
70 173356
70 173365
70 173367
70 173370
70 173375
70 173379
70 173382
70 173386
70 173396
70 173437
70 173439
70 173446
70 173450
70 173454
70 173463
70 173466
70 173486
70 173488
70 173499
70 173500
70 173504
70 173511
70 173525
70 173542
70 173547
70 173569
70 173571
70 173583
70 173593
70 173595
70 173605
70 173611
70 173621
70 173632
70 173648
70 173653
70 173656
70 173658
70 173661
70 173671
70 173674
70 173678
70 173685
70 173692
70 173698
70 173712
70 173730
70 173731
70 173746
70 173757
70 173764
70 173769
70 173771
70 173775
70 173785
70 173793
70 173796
70 173799
70 173813
70 173816
70 173821
70 173823
70 173839
70 173844
70 173852
70 173855
70 173859
70 173860
70 173876
70 173891
70 173893
70 173906
70 173916
70 173924
70 173928
70 173930
70 173938
70 173942
70 173943
70 173945
70 173960
70 173961
70 173962
70 173965
70 173985
70 173990
70 173993
70 174008
70 174009
70 174016
70 174023
70 174025
70 174042
70 174045
70 174049
70 174057
70 174093
70 174101
70 174103
70 174107
70 174112
70 174117
70 174125
70 174126
70 174139
70 174145
70 174152
70 174158
70 174161
70 174172
70 174179
70 174183
70 174191
70 174192
70 174196
70 174202
70 174215
70 174219
70 174223
70 174235
70 174240
70 174246
70 174253
70 174258
70 174259
70 174277
70 174278
70 174292
70 174298
70 174307
70 174314
70 174315
70 174326
70 174339
70 174340
70 174350
70 174358
70 174364
70 174376
70 174388
70 174394
70 174399
70 174413
70 174415
70 174422
70 174431
70 174436
70 174439
70 174447
70 174450
70 174467
70 174476
70 174482
70 174484
70 174485
70 174491
70 174495
70 174497
70 174507
70 174513
70 174516
70 174519
70 174527
70 174532
70 174552
70 174556
70 174557
70 174561
70 174564
70 174573
70 174574
70 174587
70 174593
70 174595
70 174596
70 174598
70 174610
70 174629
70 174646
70 174652
70 174659
70 174664
70 174666
70 174671
70 174677
70 174678
70 174680
70 174683
70 174686
70 174692
70 174693
70 174704
70 174706
70 174727
70 174749
70 174768
70 174774
70 174780
70 174788
70 174790
70 174791
70 174794
70 174809
70 174816
70 174819
70 174825
70 174833
70 174834
70 174836
70 174843
70 174846
70 174868
70 174873
70 174875
70 174887
70 174918
70 174926
70 174935
70 174938
70 174939
70 174944
70 174948
70 174952
70 174962
70 174964
70 174965
70 174968
70 174972
70 174984
70 174990
70 174992
70 175000
70 175003
70 175005
70 175006
70 175008
70 175010
70 175017
70 175023
70 175025
70 175041
70 175045
70 175053
70 175063
70 175066
70 175068
70 175071
70 175088
70 175106
70 175109
70 175120
70 175125
70 175140
70 175145
70 175150
70 175159
70 175161
70 175162
70 175163
70 175176
70 175180
70 175194
70 175195
70 175202
70 175204
70 175207
70 175210
70 175214
70 175217
70 175222
70 175224
70 175232
70 175239
70 175241
70 175244
70 175246
70 175249
70 175256
70 175261
70 175268
70 175272
70 175276
70 175279
70 175291
70 175302
70 175307
70 175333
70 175335
70 175341
70 175356
70 175369
70 175382
70 175383
70 175392
70 175400
70 175418
70 175421
70 175423
70 175424
70 175443
70 175449
70 175452
70 175453
70 175473
70 175479
70 175484
70 175485
70 175493
70 175495
70 175498
70 175509
70 175512
70 175513
70 175543
70 175546
70 175564
70 175584
70 175592
70 175595
70 175607
70 175616
70 175617
70 175624
70 175631
70 175640
70 175641
70 175645
70 175664
70 175678
70 175693
70 175696
70 175701
70 175712
70 175725
70 175728
70 175735
70 175741
70 175745
70 175759
70 175763
70 175771
70 175774
70 175778
70 175782
70 175786
70 175800
70 175807
70 175808
70 175824
70 175830
70 175834
70 175835
70 175845
70 175854
70 175865
70 175887
70 175889
70 175891
70 175892
70 175903
70 175906
70 175907
70 175912
70 175915
70 175916
70 175922
70 175924
70 175935
70 175939
70 175952
70 175956
70 175958
70 175959
70 175971
70 175984
70 175990
70 175998
70 176007
70 176010
70 176014
70 176018
70 176025
70 176048
70 176058
70 176069
70 176077
70 176078
70 176079
70 176080
70 176082
70 176085
70 176088
70 176090
70 176092
70 176096
70 176106
70 176109
70 176122
70 176136
70 176145
70 176155
70 176164
70 176186
70 176212
70 176226
70 176227
70 176232
70 176236
70 176243
70 176245
70 176249
70 176250
70 176268
70 176278
70 176298
70 176304
70 176311
70 176325
70 176332
70 176335
70 176352
70 176362
70 176367
70 176369
70 176376
70 176378
70 176385
70 176396
70 176397
70 176406
70 176413
70 176422
70 176426
70 176440
70 176447
70 176460
70 176461
70 176462
70 176465
70 176467
70 176486
70 176488
70 176490
70 176492
70 176499
70 176501
70 176510
70 176538
70 176542
70 176546
70 176548
70 176560
70 176564
70 176569
70 176578
70 176582
70 176589
70 176594
70 176606
70 176608
70 176610
70 176613
70 176621
70 176629
70 176642
70 176649
70 176653
70 176664
70 176667
70 176669
70 176671
70 176672
70 176673
70 176696
70 176701
70 176703
70 176715
70 176719
70 176722
70 176723
70 176737
70 176739
70 176744
70 176774
70 176776
70 176785
70 176789
70 176795
70 176800
70 176819
70 176821
70 176823
70 176826
70 176837
70 176845
70 176850
70 176852
70 176863
70 176868
70 176873
70 176879
70 176889
70 176896
70 176908
70 176913
70 176916
70 176926
70 176927
70 176931
70 176940
70 176949
70 176951
70 176967
70 176969
70 176979
70 176999
70 177013
70 177014
70 177015
70 177030
70 177037
70 177050
70 177056
70 177075
70 177085
70 177090
70 177093
70 177100
70 177104
70 177126
70 177135
70 177137
70 177144
70 177154
70 177163
70 177167
70 177177
70 177189
70 177192
70 177196
70 177205
70 177215
70 177225
70 177228
70 177229
70 177245
70 177247
70 177255
70 177259
70 177262
70 177270
70 177271
70 177291
70 177295
70 177297
70 177306
70 177318
70 177322
70 177327
70 177331
70 177332
70 177347
70 177358
70 177368
70 177388
70 177395
70 177396
70 177398
70 177400
70 177403
70 177411
70 177427
70 177431
70 177433
70 177436
70 177456
70 177458
70 177460
70 177462
70 177472
70 177474
70 177478
70 177481
70 177483
70 177490
70 177496
70 177511
70 177525
70 177529
70 177538
70 177549
70 177558
70 177574
70 177577
70 177589
70 177593
70 177600
70 177601
70 177602
70 177612
70 177615
70 177617
70 177620
70 177632
70 177637
70 177642
70 177654
70 177656
70 177663
70 177665
70 177666
70 177669
70 177670
70 177677
70 177682
70 177700
70 177708
70 177713
70 177727
70 177729
70 177739
70 177771
70 177796
70 177809
70 177817
70 177829
70 177830
70 177842
70 177843
70 177845
70 177846
70 177847
70 177850
70 177854
70 177862
70 177872
70 177888
70 177892
70 177895
70 177908
70 177914
70 177923
70 177928
70 177936
70 177946
70 177955
70 177959
70 177962
70 177967
70 177976
70 177986
70 177989
70 177990
70 178000
70 178013
70 178020
70 178022
70 178024
70 178032
70 178039
70 178041
70 178053
70 178061
70 178069
70 178074
70 178076
70 178097
70 178098
70 178113
70 178114
70 178119
70 178137
70 178139
70 178149
70 178152
70 178154
70 178166
70 178170
70 178175
70 178180
70 178190
70 178198
70 178204
70 178213
70 178217
70 178233
70 178237
70 178241
70 178251
70 178254
70 178255
70 178260
70 178280
70 178289
70 178302
70 178312
70 178316
70 178332
70 178339
70 178342
70 178356
70 178362
70 178363
70 178374
70 178378
70 178380
70 178387
70 178401
70 178406
70 178407
70 178419
70 178422
70 178423
70 178427
70 178428
70 178434
70 178437
70 178440
70 178442
70 178460
70 178466
70 178467
70 178471
70 178498
70 178535
70 178546
70 178550
70 178555
70 178560
70 178569
70 178571
70 178581
70 178584
70 178593
70 178594
70 178599
70 178607
70 178611
70 178613
70 178616
70 178628
70 178633
70 178635
70 178641
70 178644
70 178662
70 178664
70 178668
70 178677
70 178682
70 178693
70 178697
70 178698
70 178706
70 178715
70 178725
70 178728
70 178744
70 178752
70 178760
70 178776
70 178777
70 178784
70 178787
70 178789
70 178790
70 178792
70 178797
70 178800
70 178801
70 178810
70 178814
70 178820
70 178825
70 178828
70 178831
70 178833
70 178839
70 178862
70 178875
70 178883
70 178886
70 178917
70 178921
70 178922
70 178924
70 178931
70 178941
70 178942
70 178944
70 178953
70 178961
70 178970
70 178973
70 178978
70 178984
70 178997
70 178998
70 179000
70 179010
70 179018
70 179019
70 179028
70 179034
70 179039
70 179049
70 179050
70 179052
70 179053
70 179057
70 179078
70 179080
70 179081
70 179091
70 179097
70 179127
70 179128
70 179136
70 179137
70 179142
70 179146
70 179149
70 179167
70 179174
70 179188
70 179190
70 179191
70 179200
70 179201
70 179209
70 179226
70 179239
70 179243
70 179250
70 179259
70 179270
70 179271
70 179290
70 179294
70 179298
70 179299
70 179306
70 179318
70 179319
70 179339
70 179348
70 179355
70 179359
70 179377
70 179385
70 179393
70 179404
70 179411
70 179425
70 179438
70 179442
70 179457
70 179458
70 179460
70 179462
70 179465
70 179472
70 179501
70 179503
70 179511
70 179523
70 179538
70 179543
70 179547
70 179549
70 179553
70 179567
70 179570
70 179573
70 179585
70 179586
70 179591
70 179596
70 179602
70 179606
70 179612
70 179615
70 179622
70 179631
70 179633
70 179634
70 179641
70 179646
70 179648
70 179649
70 179654
70 179656
70 179661
70 179669
70 179688
70 179720
70 179728
70 179730
70 179731
70 179733
70 179735
70 179752
70 179756
70 179758
70 179766
70 179770
70 179771
70 179781
70 179795
70 179798
70 179800
70 179804
70 179808
70 179810
70 179820
70 179826
70 179833
70 179843
70 179854
70 179857
70 179873
70 179874
70 179876
70 179887
70 179899
70 179908
70 179927
70 179931
70 179958
70 179961
70 179963
70 179965
70 179972
70 179980
70 180010
70 180018
70 180021
70 180041
70 180061
70 180066
70 180069
70 180080
70 180085
70 180093
70 180097
70 180105
70 180107
70 180123
70 180127
70 180146
70 180149
70 180164
70 180167
70 180170
70 180176
70 180185
70 180191
70 180202
70 180206
70 180208
70 180217
70 180219
70 180220
70 180230
70 180235
70 180242
70 180243
70 180251
70 180256
70 180276
70 180293
70 180303
70 180329
70 180331
70 180338
70 180345
70 180346
70 180348
70 180351
70 180361
70 180367
70 180376
70 180379
70 180385
70 180397
70 180399
70 180403
70 180414
70 180415
70 180416
70 180419
70 180429
70 180430
70 180432
70 180451
70 180452
70 180454
70 180459
70 180460
70 180471
70 180488
70 180490
70 180492
70 180494
70 180514
70 180530
70 180531
70 180536
70 180537
70 180545
70 180547
70 180549
70 180555
70 180584
70 180585
70 180589
70 180591
70 180597
70 180598
70 180600
70 180608
70 180609
70 180613
70 180624
70 180640
70 180644
70 180662
70 180665
70 180666
70 180675
70 180686
70 180687
70 180690
70 180698
70 180708
70 180710
70 180724
70 180732
70 180756
70 180777
70 180783
70 180797
70 180801
70 180831
70 180834
70 180848
70 180852
70 180859
70 180861
70 180865
70 180867
70 180874
70 180877
70 180883
70 180891
70 180920
70 180932
70 180945
70 180946
70 180953
70 180954
70 180959
70 180966
70 180980
70 180997
70 180999
70 181009
70 181012
70 181029
70 181030
70 181032
70 181034
70 181044
70 181047
70 181057
70 181061
70 181076
70 181081
70 181085
70 181096
70 181097
70 181112
70 181122
70 181123
70 181132
70 181143
70 181146
70 181147
70 181149
70 181154
70 181155
70 181164
70 181166
70 181173
70 181174
70 181187
70 181193
70 181195
70 181200
70 181201
70 181203
70 181205
70 181208
70 181210
70 181222
70 181225
70 181228
70 181231
70 181236
70 181237
70 181240
70 181243
70 181250
70 181251
70 181256
70 181268
70 181270
70 181290
70 181301
70 181308
70 181309
70 181316
70 181318
70 181322
70 181324
70 181327
70 181333
70 181341
70 181354
70 181363
70 181371
70 181405
70 181414
70 181424
70 181425
70 181426
70 181459
70 181479
70 181487
70 181492
70 181493
70 181495
70 181502
70 181508
70 181517
70 181519
70 181535
70 181537
70 181543
70 181550
70 181557
70 181582
70 181589
70 181593
70 181599
70 181603
70 181605
70 181611
70 181618
70 181627
70 181633
70 181643
70 181645
70 181647
70 181667
70 181670
70 181678
70 181707
70 181709
70 181718
70 181731
70 181752
70 181754
70 181765
70 181775
70 181778
70 181787
70 181793
70 181796
70 181831
70 181846
70 181855
70 181860
70 181871
70 181875
70 181898
70 181901
70 181903
70 181916
70 181943
70 181956
70 181984
70 181996
70 182004
70 182005
70 182006
70 182008
70 182009
70 182012
70 182015
70 182017
70 182019
70 182030
70 182049
70 182050
70 182075
70 182078
70 182079
70 182085
70 182096
70 182100
70 182101
70 182109
70 182117
70 182119
70 182129
70 182155
70 182158
70 182170
70 182176
70 182192
70 182201
70 182207
70 182232
70 182242
70 182248
70 182251
70 182252
70 182262
70 182265
70 182272
70 182279
70 182281
70 182295
70 182298
70 182315
70 182317
70 182322
70 182329
70 182337
70 182344
70 182350
70 182378
70 182381
70 182383
70 182384
70 182386
70 182391
70 182395
70 182397
70 182406
70 182411
70 182435
70 182436
70 182443
70 182451
70 182457
70 182458
70 182472
70 182474
70 182476
70 182479
70 182481
70 182496
70 182497
70 182506
70 182509
70 182511
70 182515
70 182521
70 182525
70 182532
70 182546
70 182549
70 182552
70 182566
70 182571
70 182573
70 182577
70 182582
70 182586
70 182600
70 182606
70 182607
70 182631
70 182634
70 182651
70 182653
70 182655
70 182677
70 182681
70 182686
70 182692
70 182694
70 182696
70 182701
70 182710
70 182721
70 182722
70 182723
70 182732
70 182778
70 182787
70 182817
70 182821
70 182826
70 182828
70 182840
70 182855
70 182856
70 182857
70 182868
70 182887
70 182893
70 182902
70 182903
70 182915
70 182920
70 182923
70 182931
70 182933
70 182948
70 182958
70 182962
70 182968
70 182969
70 182973
70 182985
70 182987
70 182994
70 182996
70 183003
70 183004
70 183011
70 183013
70 183014
70 183019
70 183023
70 183028
70 183030
70 183048
70 183056
70 183061
70 183063
70 183073
70 183074
70 183079
70 183090
70 183092
70 183095
70 183110
70 183114
70 183124
70 183128
70 183139
70 183148
70 183152
70 183155
70 183158
70 183162
70 183177
70 183182
70 183195
70 183202
70 183203
70 183208
70 183215
70 183216
70 183220
70 183233
70 183248
70 183262
70 183267
70 183274
70 183301
70 183309
70 183312
70 183315
70 183319
70 183330
70 183333
70 183342
70 183346
70 183351
70 183356
70 183365
70 183366
70 183384
70 183385
70 183387
70 183392
70 183403
70 183406
70 183409
70 183416
70 183418
70 183421
70 183425
70 183431
70 183432
70 183436
70 183443
70 183448
70 183450
70 183457
70 183471
70 183481
70 183486
70 183505
70 183514
70 183516
70 183518
70 183522
70 183524
70 183538
70 183553
70 183579
70 183581
70 183629
70 183631
70 183645
70 183646
70 183648
70 183653
70 183658
70 183667
70 183678
70 183701
70 183703
70 183705
70 183728
70 183735
70 183739
70 183750
70 183753
70 183760
70 183766
70 183781
70 183784
70 183788
70 183791
70 183793
70 183801
70 183819
70 183822
70 183828
70 183856
70 183868
70 183875
70 183878
70 183887
70 183890
70 183922
70 183928
70 183932
70 183939
70 183946
70 183947
70 183961
70 183964
70 183981
70 183986
70 183988
70 183989
70 183991
70 183992
70 183998
70 184000
70 184028
70 184042
70 184058
70 184063
70 184079
70 184111
70 184121
70 184122
70 184125
70 184132
70 184138
70 184142
70 184144
70 184150
70 184154
70 184164
70 184175
70 184178
70 184226
70 184234
70 184240
70 184245
70 184257
70 184267
70 184271
70 184281
70 184282
70 184285
70 184288
70 184299
70 184310
70 184312
70 184314
70 184344
70 184364
70 184377
70 184388
70 184395
70 184396
70 184406
70 184407
70 184412
70 184416
70 184417
70 184422
70 184433
70 184438
70 184441
70 184455
70 184460
70 184470
70 184472
70 184495
70 184509
70 184514
70 184517
70 184519
70 184548
70 184562
70 184569
70 184575
70 184581
70 184594
70 184604
70 184609
70 184611
70 184619
70 184621
70 184629
70 184632
70 184633
70 184639
70 184644
70 184647
70 184652
70 184665
70 184667
70 184677
70 184678
70 184688
70 184695
70 184704
70 184710
70 184720
70 184723
70 184742
70 184744
70 184776
70 184778
70 184818
70 184829
70 184864
70 184869
70 184886
70 184891
70 184895
70 184896
70 184917
70 184922
70 184938
70 184949
70 184951
70 184962
70 184963
70 184965
70 184971
70 184973
70 184981
70 184982
70 185003
70 185009
70 185011
70 185014
70 185015
70 185018
70 185024
70 185025
70 185028
70 185029
70 185035
70 185038
70 185042
70 185043
70 185044
70 185049
70 185062
70 185065
70 185079
70 185085
70 185097
70 185106
70 185110
70 185116
70 185117
70 185126
70 185133
70 185137
70 185142
70 185169
70 185174
70 185175
70 185184
70 185189
70 185201
70 185202
70 185210
70 185218
70 185229
70 185258
70 185276
70 185289
70 185297
70 185303
70 185309
70 185332
70 185338
70 185339
70 185345
70 185347
70 185357
70 185361
70 185375
70 185377
70 185386
70 185387
70 185393
70 185395
70 185400
70 185411
70 185419
70 185433
70 185451
70 185466
70 185488
70 185511
70 185525
70 185552
70 185559
70 185571
70 185579
70 185592
70 185593
70 185606
70 185608
70 185615
70 185617
70 185634
70 185642
70 185650
70 185656
70 185666
70 185675
70 185676
70 185677
70 185690
70 185699
70 185702
70 185703
70 185708
70 185724
70 185728
70 185734
70 185772
70 185781
70 185787
70 185790
70 185800
70 185814
70 185823
70 185826
70 185835
70 185844
70 185845
70 185846
70 185848
70 185853
70 185855
70 185861
70 185873
70 185875
70 185877
70 185880
70 185883
70 185896
70 185903
70 185918
70 185919
70 185945
70 185956
70 185966
70 185971
70 185983
70 185990
70 185992
70 186000
70 186006
70 186012
70 186023
70 186026
70 186032
70 186036
70 186044
70 186047
70 186055
70 186058
70 186062
70 186069
70 186085
70 186088
70 186092
70 186111
70 186119
70 186135
70 186147
70 186154
70 186159
70 186164
70 186169
70 186172
70 186173
70 186179
70 186181
70 186191
70 186199
70 186204
70 186206
70 186218
70 186225
70 186237
70 186239
70 186243
70 186253
70 186254
70 186264
70 186274
70 186291
70 186294
70 186320
70 186324
70 186325
70 186326
70 186331
70 186341
70 186343
70 186355
70 186387
70 186389
70 186395
70 186398
70 186400
70 186403
70 186405
70 186412
70 186419
70 186422
70 186424
70 186436
70 186439
70 186441
70 186448
70 186452
70 186477
70 186495
70 186496
70 186497
70 186515
70 186521
70 186523
70 186528
70 186536
70 186537
70 186544
70 186555
70 186576
70 186578
70 186591
70 186595
70 186601
70 186613
70 186617
70 186623
70 186628
70 186638
70 186643
70 186653
70 186667
70 186668
70 186672
70 186673
70 186679
70 186692
70 186696
70 186700
70 186711
70 186713
70 186715
70 186721
70 186728
70 186732
70 186738
70 186740
70 186742
70 186755
70 186775
70 186791
70 186815
70 186834
70 186839
70 186841
70 186849
70 186863
70 186866
70 186867
70 186876
70 186886
70 186889
70 186901
70 186902
70 186904
70 186917
70 186930
70 186943
70 186947
70 186965
70 186972
70 186976
70 186980
70 186982
70 186985
70 186999
70 187004
70 187007
70 187009
70 187010
70 187028
70 187040
70 187064
70 187068
70 187069
70 187072
70 187074
70 187083
70 187092
70 187106
70 187107
70 187124
70 187125
70 187130
70 187157
70 187160
70 187198
70 187200
70 187201
70 187207
70 187214
70 187219
70 187226
70 187231
70 187241
70 187243
70 187245
70 187250
70 187259
70 187261
70 187271
70 187274
70 187296
70 187299
70 187303
70 187306
70 187307
70 187312
70 187319
70 187333
70 187335
70 187340
70 187354
70 187357
70 187367
70 187395
70 187401
70 187402
70 187410
70 187422
70 187428
70 187432
70 187442
70 187444
70 187452
70 187461
70 187495
70 187502
70 187504
70 187512
70 187547
70 187550
70 187563
70 187566
70 187571
70 187585
70 187586
70 187589
70 187594
70 187596
70 187597
70 187599
70 187612
70 187614
70 187622
70 187631
70 187637
70 187638
70 187644
70 187654
70 187658
70 187661
70 187679
70 187688
70 187691
70 187695
70 187699
70 187705
70 187709
70 187715
70 187720
70 187722
70 187731
70 187732
70 187740
70 187743
70 187758
70 187766
70 187767
70 187782
70 187785
70 187796
70 187799
70 187807
70 187809
70 187827
70 187831
70 187837
70 187843
70 187861
70 187862
70 187863
70 187865
70 187872
70 187891
70 187898
70 187904
70 187905
70 187908
70 187920
70 187922
70 187941
70 187960
70 187963
70 187980
70 187991
70 187998
70 188004
70 188010
70 188037
70 188047
70 188049
70 188052
70 188055
70 188060
70 188066
70 188076
70 188084
70 188090
70 188093
70 188099
70 188105
70 188107
70 188114
70 188117
70 188140
70 188148
70 188150
70 188157
70 188164
70 188201
70 188203
70 188207
70 188209
70 188211
70 188215
70 188218
70 188233
70 188245
70 188248
70 188253
70 188263
70 188275
70 188278
70 188295
70 188301
70 188304
70 188307
70 188315
70 188319
70 188320
70 188325
70 188330
70 188344
70 188349
70 188350
70 188366
70 188387
70 188395
70 188400
70 188402
70 188403
70 188412
70 188431
70 188444
70 188446
70 188447
70 188448
70 188483
70 188486
70 188489
70 188520
70 188524
70 188525
70 188528
70 188533
70 188542
70 188551
70 188552
70 188559
70 188561
70 188581
70 188617
70 188636
70 188638
70 188639
70 188659
70 188662
70 188668
70 188676
70 188679
70 188684
70 188686
70 188692
70 188701
70 188710
70 188715
70 188718
70 188743
70 188751
70 188762
70 188775
70 188779
70 188781
70 188785
70 188802
70 188805
70 188809
70 188813
70 188818
70 188820
70 188821
70 188823
70 188833
70 188838
70 188842
70 188851
70 188852
70 188863
70 188875
70 188881
70 188898
70 188900
70 188910
70 188914
70 188932
70 188934
70 188935
70 188936
70 188939
70 188952
70 188961
70 188964
70 188965
70 188967
70 188987
70 188988
70 188992
70 188994
70 188999
70 189024
70 189030
70 189043
70 189047
70 189056
70 189066
70 189067
70 189074
70 189082
70 189087
70 189091
70 189098
70 189106
70 189110
70 189112
70 189150
70 189151
70 189157
70 189172
70 189178
70 189182
70 189185
70 189196
70 189205
70 189220
70 189249
70 189250
70 189264
70 189271
70 189281
70 189282
70 189304
70 189319
70 189321
70 189337
70 189343
70 189349
70 189367
70 189374
70 189394
70 189410
70 189411
70 189415
70 189418
70 189426
70 189428
70 189440
70 189442
70 189447
70 189448
70 189458
70 189467
70 189472
70 189477
70 189493
70 189500
70 189501
70 189505
70 189506
70 189514
70 189516
70 189524
70 189534
70 189540
70 189543
70 189546
70 189552
70 189554
70 189557
70 189558
70 189572
70 189579
70 189586
70 189589
70 189596
70 189599
70 189600
70 189613
70 189624
70 189628
70 189631
70 189637
70 189638
70 189639
70 189643
70 189656
70 189678
70 189684
70 189687
70 189692
70 189702
70 189703
70 189707
70 189713
70 189715
70 189718
70 189720
70 189729
70 189737
70 189746
70 189751
70 189759
70 189766
70 189769
70 189779
70 189808
70 189819
70 189827
70 189828
70 189832
70 189842
70 189845
70 189848
70 189851
70 189859
70 189869
70 189871
70 189874
70 189891
70 189895
70 189897
70 189901
70 189905
70 189917
70 189925
70 189927
70 189942
70 189944
70 189959
70 189961
70 189983
70 189985
70 189991
70 189995
70 189996
70 189998
70 190008
70 190009
70 190011
70 190016
70 190017
70 190020
70 190031
70 190052
70 190076
70 190078
70 190081
70 190084
70 190086
70 190089
70 190093
70 190117
70 190119
70 190137
70 190140
70 190146
70 190156
70 190158
70 190172
70 190175
70 190182
70 190186
70 190187
70 190201
70 190208
70 190209
70 190213
70 190235
70 190238
70 190239
70 190241
70 190249
70 190254
70 190257
70 190258
70 190264
70 190266
70 190270
70 190271
70 190275
70 190276
70 190284
70 190289
70 190292
70 190296
70 190306
70 190322
70 190325
70 190358
70 190365
70 190371
70 190374
70 190379
70 190386
70 190390
70 190403
70 190409
70 190411
70 190415
70 190416
70 190419
70 190423
70 190429
70 190431
70 190438
70 190440
70 190458
70 190481
70 190487
70 190505
70 190513
70 190520
70 190535
70 190541
70 190548
70 190565
70 190572
70 190575
70 190592
70 190606
70 190612
70 190616
70 190621
70 190625
70 190627
70 190630
70 190639
70 190642
70 190644
70 190658
70 190677
70 190691
70 190733
70 190734
70 190749
70 190754
70 190765
70 190768
70 190777
70 190789
70 190793
70 190807
70 190812
70 190839
70 190845
70 190858
70 190860
70 190878
70 190881
70 190882
70 190886
70 190902
70 190915
70 190919
70 190922
70 190924
70 190927
70 190929
70 190938
70 190945
70 190947
70 190958
70 190966
70 190983
70 190984
70 190994
70 191000
70 191015
70 191017
70 191018
70 191021
70 191036
70 191037
70 191055
70 191058
70 191061
70 191072
70 191086
70 191104
70 191113
70 191114
70 191117
70 191122
70 191131
70 191134
70 191141
70 191142
70 191145
70 191155
70 191159
70 191163
70 191187
70 191191
70 191192
70 191194
70 191200
70 191209
70 191216
70 191221
70 191225
70 191238
70 191254
70 191258
70 191259
70 191263
70 191264
70 191268
70 191282
70 191296
70 191298
70 191309
70 191312
70 191316
70 191321
70 191325
70 191362
70 191363
70 191366
70 191368
70 191380
70 191383
70 191391
70 191400
70 191401
70 191402
70 191404
70 191412
70 191417
70 191419
70 191454
70 191459
70 191467
70 191483
70 191484
70 191489
70 191497
70 191506
70 191511
70 191525
70 191528
70 191529
70 191534
70 191555
70 191563
70 191572
70 191591
70 191594
70 191595
70 191596
70 191602
70 191614
70 191615
70 191619
70 191623
70 191627
70 191637
70 191645
70 191667
70 191681
70 191687
70 191689
70 191690
70 191691
70 191693
70 191699
70 191702
70 191710
70 191714
70 191718
70 191720
70 191737
70 191740
70 191741
70 191745
70 191754
70 191759
70 191762
70 191764
70 191780
70 191782
70 191795
70 191813
70 191816
70 191820
70 191829
70 191833
70 191835
70 191836
70 191843
70 191845
70 191851
70 191856
70 191857
70 191862
70 191872
70 191889
70 191891
70 191906
70 191927
70 191929
70 191930
70 191939
70 191941
70 191952
70 191961
70 191970
70 191999
70 192007
70 192017
70 192019
70 192022
70 192024
70 192028
70 192035
70 192055
70 192072
70 192085
70 192109
70 192113
70 192122
70 192129
70 192132
70 192134
70 192137
70 192158
70 192159
70 192162
70 192169
70 192170
70 192187
70 192195
70 192196
70 192208
70 192209
70 192210
70 192216
70 192218
70 192247
70 192271
70 192275
70 192279
70 192287
70 192290
70 192295
70 192310
70 192312
70 192316
70 192331
70 192340
70 192348
70 192353
70 192361
70 192363
70 192372
70 192376
70 192381
70 192397
70 192414
70 192417
70 192420
70 192422
70 192429
70 192431
70 192445
70 192447
70 192461
70 192466
70 192470
70 192472
70 192474
70 192485
70 192487
70 192494
70 192495
70 192502
70 192507
70 192509
70 192521
70 192522
70 192524
70 192532
70 192536
70 192538
70 192552
70 192567
70 192574
70 192591
70 192594
70 192599
70 192610
70 192627
70 192636
70 192648
70 192650
70 192651
70 192656
70 192670
70 192679
70 192687
70 192692
70 192715
70 192722
70 192725
70 192729
70 192733
70 192747
70 192752
70 192754
70 192761
70 192774
70 192780
70 192782
70 192783
70 192784
70 192790
70 192795
70 192800
70 192807
70 192809
70 192811
70 192820
70 192824
70 192855
70 192859
70 192878
70 192881
70 192893
70 192912
70 192937
70 192948
70 192950
70 192965
70 192971
70 192976
70 192985
70 192986
70 192990
70 192995
70 193018
70 193024
70 193045
70 193050
70 193055
70 193065
70 193072
70 193089
70 193091
70 193105
70 193111
70 193113
70 193116
70 193127
70 193134
70 193144
70 193151
70 193163
70 193173
70 193179
70 193198
70 193211
70 193228
70 193238
70 193244
70 193261
70 193262
70 193272
70 193275
70 193277
70 193278
70 193282
70 193287
70 193296
70 193315
70 193316
70 193322
70 193324
70 193332
70 193351
70 193353
70 193362
70 193368
70 193370
70 193380
70 193381
70 193384
70 193396
70 193406
70 193410
70 193420
70 193423
70 193450
70 193458
70 193475
70 193511
70 193512
70 193518
70 193519
70 193523
70 193535
70 193544
70 193566
70 193567
70 193572
70 193574
70 193579
70 193586
70 193595
70 193605
70 193609
70 193615
70 193625
70 193627
70 193637
70 193648
70 193653
70 193673
70 193682
70 193688
70 193710
70 193713
70 193725
70 193735
70 193738
70 193741
70 193746
70 193750
70 193761
70 193779
70 193798
70 193803
70 193813
70 193824
70 193825
70 193839
70 193840
70 193860
70 193862
70 193865
70 193867
70 193878
70 193879
70 193885
70 193887
70 193890
70 193896
70 193899
70 193908
70 193909
70 193926
70 193930
70 193931
70 193935
70 193937
70 193955
70 193958
70 193959
70 193979
70 193980
70 193984
70 193992
70 193997
70 193998
70 194011
70 194015
70 194051
70 194077
70 194089
70 194094
70 194098
70 194100
70 194105
70 194118
70 194126
70 194138
70 194148
70 194154
70 194156
70 194159
70 194168
70 194180
70 194182
70 194183
70 194185
70 194188
70 194198
70 194224
70 194228
70 194236
70 194250
70 194256
70 194257
70 194265
70 194275
70 194276
70 194278
70 194279
70 194293
70 194297
70 194299
70 194301
70 194314
70 194321
70 194329
70 194334
70 194344
70 194347
70 194367
70 194370
70 194371
70 194387
70 194392
70 194395
70 194396
70 194397
70 194455
70 194480
70 194486
70 194491
70 194496
70 194525
70 194526
70 194533
70 194546
70 194549
70 194567
70 194584
70 194597
70 194598
70 194626
70 194629
70 194631
70 194636
70 194643
70 194647
70 194654
70 194656
70 194667
70 194677
70 194685
70 194693
70 194705
70 194707
70 194720
70 194726
70 194750
70 194754
70 194755
70 194757
70 194758
70 194767
70 194777
70 194783
70 194796
70 194804
70 194805
70 194808
70 194824
70 194840
70 194886
70 194899
70 194902
70 194906
70 194915
70 194925
70 194932
70 194937
70 194941
70 194954
70 194968
70 194972
70 194979
70 194989
70 194994
70 195000
70 195007
70 195008
70 195014
70 195022
70 195029
70 195036
70 195051
70 195056
70 195059
70 195060
70 195083
70 195095
70 195098
70 195099
70 195101
70 195102
70 195115
70 195121
70 195148
70 195151
70 195152
70 195165
70 195167
70 195169
70 195178
70 195183
70 195190
70 195198
70 195204
70 195207
70 195213
70 195217
70 195226
70 195228
70 195231
70 195233
70 195247
70 195269
70 195280
70 195292
70 195300
70 195310
70 195334
70 195336
70 195338
70 195347
70 195359
70 195362
70 195365
70 195376
70 195383
70 195385
70 195387
70 195395
70 195404
70 195410
70 195416
70 195423
70 195425
70 195427
70 195439
70 195455
70 195459
70 195483
70 195495
70 195499
70 195502
70 195510
70 195514
70 195530
70 195531
70 195538
70 195542
70 195555
70 195570
70 195578
70 195591
70 195597
70 195612
70 195618
70 195633
70 195634
70 195638
70 195640
70 195641
70 195647
70 195662
70 195666
70 195675
70 195677
70 195684
70 195685
70 195698
70 195700
70 195721
70 195722
70 195728
70 195750
70 195752
70 195769
70 195773
70 195777
70 195785
70 195790
70 195796
70 195802
70 195824
70 195825
70 195846
70 195859
70 195865
70 195867
70 195889
70 195893
70 195896
70 195904
70 195907
70 195916
70 195924
70 195935
70 195936
70 195946
70 195955
70 195960
70 195963
70 195965
70 195971
70 195975
70 195989
70 195995
70 196002
70 196012
70 196027
70 196033
70 196037
70 196045
70 196052
70 196053
70 196056
70 196063
70 196064
70 196069
70 196076
70 196079
70 196085
70 196086
70 196113
70 196120
70 196122
70 196123
70 196140
70 196142
70 196147
70 196154
70 196165
70 196168
70 196177
70 196188
70 196189
70 196208
70 196216
70 196230
70 196233
70 196242
70 196243
70 196249
70 196253
70 196264
70 196267
70 196273
70 196275
70 196277
70 196290
70 196292
70 196298
70 196299
70 196300
70 196303
70 196304
70 196314
70 196315
70 196322
70 196353
70 196362
70 196368
70 196374
70 196383
70 196406
70 196408
70 196409
70 196419
70 196423
70 196433
70 196435
70 196439
70 196451
70 196454
70 196461
70 196464
70 196484
70 196493
70 196495
70 196507
70 196534
70 196535
70 196539
70 196541
70 196550
70 196552
70 196554
70 196555
70 196559
70 196562
70 196570
70 196577
70 196588
70 196590
70 196593
70 196595
70 196608
70 196619
70 196629
70 196635
70 196638
70 196647
70 196652
70 196658
70 196662
70 196666
70 196675
70 196680
70 196686
70 196690
70 196699
70 196711
70 196728
70 196733
70 196740
70 196741
70 196749
70 196772
70 196777
70 196792
70 196822
70 196823
70 196852
70 196856
70 196860
70 196864
70 196868
70 196875
70 196889
70 196893
70 196903
70 196904
70 196905
70 196910
70 196917
70 196919
70 196933
70 196959
70 196968
70 196977
70 196989
70 196994
70 197008
70 197013
70 197017
70 197034
70 197046
70 197047
70 197059
70 197060
70 197064
70 197067
70 197074
70 197080
70 197088
70 197096
70 197102
70 197120
70 197132
70 197136
70 197145
70 197147
70 197179
70 197181
70 197187
70 197191
70 197192
70 197201
70 197219
70 197244
70 197247
70 197261
70 197262
70 197264
70 197270
70 197271
70 197283
70 197300
70 197303
70 197325
70 197326
70 197327
70 197328
70 197334
70 197336
70 197351
70 197357
70 197370
70 197375
70 197384
70 197387
70 197401
70 197402
70 197403
70 197405
70 197418
70 197424
70 197426
70 197430
70 197456
70 197470
70 197477
70 197490
70 197496
70 197499
70 197502
70 197509
70 197524
70 197525
70 197533
70 197554
70 197571
70 197574
70 197579
70 197586
70 197591
70 197602
70 197612
70 197625
70 197629
70 197630
70 197632
70 197635
70 197636
70 197641
70 197645
70 197653
70 197662
70 197667
70 197672
70 197673
70 197683
70 197697
70 197700
70 197712
70 197720
70 197724
70 197726
70 197728
70 197744
70 197768
70 197772
70 197777
70 197778
70 197800
70 197801
70 197805
70 197808
70 197811
70 197816
70 197820
70 197836
70 197844
70 197849
70 197875
70 197876
70 197878
70 197886
70 197889
70 197892
70 197896
70 197908
70 197911
70 197913
70 197925
70 197930
70 197931
70 197934
70 197944
70 197950
70 197951
70 197960
70 197970
70 197973
70 197989
70 198005
70 198013
70 198014
70 198019
70 198033
70 198036
70 198042
70 198049
70 198061
70 198069
70 198076
70 198078
70 198091
70 198095
70 198097
70 198104
70 198107
70 198110
70 198113
70 198114
70 198117
70 198120
70 198122
70 198123
70 198125
70 198126
70 198143
70 198155
70 198181
70 198186
70 198206
70 198223
70 198227
70 198232
70 198236
70 198246
70 198258
70 198270
70 198279
70 198292
70 198296
70 198303
70 198318
70 198357
70 198361
70 198363
70 198380
70 198388
70 198389
70 198390
70 198399
70 198400
70 198415
70 198422
70 198433
70 198437
70 198444
70 198448
70 198449
70 198455
70 198463
70 198474
70 198477
70 198485
70 198491
70 198497
70 198510
70 198519
70 198525
70 198531
70 198534
70 198541
70 198546
70 198547
70 198554
70 198560
70 198576
70 198578
70 198581
70 198588
70 198602
70 198610
70 198612
70 198618
70 198635
70 198657
70 198659
70 198670
70 198683
70 198691
70 198693
70 198697
70 198704
70 198707
70 198712
70 198714
70 198735
70 198738
70 198743
70 198746
70 198748
70 198756
70 198759
70 198764
70 198766
70 198767
70 198806
70 198808
70 198813
70 198823
70 198827
70 198835
70 198837
70 198839
70 198851
70 198857
70 198872
70 198876
70 198882
70 198890
70 198894
70 198899
70 198913
70 198915
70 198919
70 198928
70 198943
70 198946
70 198951
70 198952
70 198955
70 198960
70 198982
70 198986
70 198995
70 198997
70 199001
70 199019
70 199054
70 199064
70 199074
70 199075
70 199078
70 199087
70 199095
70 199097
70 199104
70 199108
70 199112
70 199115
70 199120
70 199131
70 199166
70 199176
70 199179
70 199180
70 199202
70 199205
70 199209
70 199218
70 199222
70 199224
70 199230
70 199234
70 199256
70 199258
70 199262
70 199267
70 199279
70 199290
70 199295
70 199301
70 199308
70 199311
70 199321
70 199322
70 199324
70 199325
70 199351
70 199358
70 199381
70 199395
70 199398
70 199399
70 199405
70 199410
70 199420
70 199425
70 199429
70 199432
70 199438
70 199443
70 199444
70 199456
70 199467
70 199480
70 199491
70 199495
70 199497
70 199500
70 199526
70 199538
70 199541
70 199557
70 199558
70 199566
70 199577
70 199579
70 199580
70 199612
70 199615
70 199621
70 199624
70 199632
70 199635
70 199641
70 199642
70 199647
70 199674
70 199682
70 199693
70 199700
70 199702
70 199704
70 199712
70 199714
70 199716
70 199732
70 199741
70 199753
70 199756
70 199757
70 199759
70 199774
70 199783
70 199788
70 199802
70 199825
70 199849
70 199856
70 199857
70 199859
70 199865
70 199871
70 199878
70 199895
70 199896
70 199901
70 199911
70 199931
70 199935
70 199940
70 199941
70 199954
70 199957
70 199959
70 199977
70 199983
70 199984
70 199994
70 199996
70 200006
70 200009
70 200010
70 200013
70 200028
70 200033
70 200038
70 200041
70 200046
70 200055
70 200059
70 200063
70 200069
70 200072
70 200074
70 200089
70 200107
70 200108
70 200112
70 200115
70 200122
70 200127
70 200129
70 200136
70 200143
70 200146
70 200158
70 200162
70 200168
70 200170
70 200186
70 200191
70 200200
70 200210
70 200216
70 200217
70 200222
70 200231
70 200238
70 200239
70 200244
70 200258
70 200273
70 200288
70 200297
70 200300
70 200301
70 200309
70 200310
70 200312
70 200325
70 200342
70 200348
70 200351
70 200354
70 200373
70 200389
70 200392
70 200401
70 200405
70 200412
70 200430
70 200445
70 200461
70 200472
70 200485
70 200491
70 200515
70 200517
70 200518
70 200519
70 200521
70 200526
70 200538
70 200544
70 200548
70 200556
70 200563
70 200569
70 200587
70 200593
70 200606
70 200616
70 200620
70 200625
70 200641
70 200650
70 200651
70 200658
70 200661
70 200670
70 200679
70 200701
70 200702
70 200729
70 200736
70 200743
70 200745
70 200764
70 200785
70 200787
70 200794
70 200797
70 200802
70 200807
70 200808
70 200812
70 200819
70 200826
70 200828
70 200837
70 200850
70 200867
70 200875
70 200877
70 200883
70 200901
70 200915
70 200933
70 200941
70 200942
70 200963
70 200981
70 200983
70 200984
70 200988
70 200993
70 200999
70 201008
70 201017
70 201030
70 201041
70 201050
70 201064
70 201083
70 201094
70 201098
70 201099
70 201102
70 201112
70 201123
70 201126
70 201130
70 201144
70 201147
70 201173
70 201178
70 201179
70 201192
70 201193
70 201210
70 201212
70 201216
70 201229
70 201244
70 201256
70 201271
70 201272
70 201283
70 201287
70 201288
70 201289
70 201294
70 201305
70 201322
70 201341
70 201346
70 201350
70 201356
70 201361
70 201368
70 201369
70 201370
70 201374
70 201378
70 201389
70 201400
70 201412
70 201421
70 201423
70 201431
70 201434
70 201437
70 201446
70 201450
70 201455
70 201461
70 201469
70 201494
70 201521
70 201528
70 201542
70 201550
70 201556
70 201558
70 201560
70 201565
70 201569
70 201587
70 201607
70 201608
70 201623
70 201626
70 201628
70 201629
70 201634
70 201635
70 201636
70 201647
70 201656
70 201675
70 201678
70 201689
70 201694
70 201715
70 201726
70 201730
70 201740
70 201754
70 201761
70 201765
70 201779
70 201791
70 201792
70 201817
70 201818
70 201823
70 201825
70 201832
70 201848
70 201851
70 201854
70 201880
70 201882
70 201890
70 201894
70 201895
70 201897
70 201904
70 201918
70 201932
70 201934
70 201944
70 201945
70 201951
70 201954
70 201959
70 201985
70 201996
70 202003
70 202013
70 202016
70 202020
70 202025
70 202033
70 202035
70 202048
70 202049
70 202068
70 202070
70 202074
70 202091
70 202100
70 202104
70 202120
70 202124
70 202127
70 202130
70 202134
70 202136
70 202179
70 202181
70 202189
70 202207
70 202211
70 202231
70 202233
70 202242
70 202244
70 202259
70 202260
70 202262
70 202267
70 202270
70 202272
70 202275
70 202280
70 202294
70 202297
70 202301
70 202305
70 202310
70 202313
70 202322
70 202328
70 202361
70 202362
70 202370
70 202371
70 202377
70 202390
70 202398
70 202406
70 202415
70 202421
70 202438
70 202456
70 202466
70 202469
70 202471
70 202475
70 202478
70 202480
70 202482
70 202485
70 202489
70 202493
70 202499
70 202502
70 202536
70 202555
70 202556
70 202557
70 202564
70 202571
70 202577
70 202584
70 202617
70 202619
70 202630
70 202649
70 202653
70 202668
70 202671
70 202680
70 202684
70 202702
70 202711
70 202712
70 202716
70 202725
70 202735
70 202741
70 202753
70 202759
70 202771
70 202772
70 202790
70 202791
70 202805
70 202806
70 202810
70 202812
70 202820
70 202854
70 202874
70 202881
70 202886
70 202888
70 202889
70 202903
70 202904
70 202905
70 202918
70 202919
70 202945
70 202955
70 202976
70 203022
70 203037
70 203048
70 203063
70 203064
70 203068
70 203083
70 203088
70 203100
70 203101
70 203102
70 203103
70 203108
70 203110
70 203118
70 203123
70 203144
70 203148
70 203160
70 203169
70 203171
70 203183
70 203186
70 203187
70 203188
70 203189
70 203192
70 203195
70 203224
70 203227
70 203231
70 203251
70 203256
70 203259
70 203263
70 203270
70 203283
70 203297
70 203298
70 203305
70 203317
70 203326
70 203327
70 203330
70 203331
70 203333
70 203387
70 203388
70 203392
70 203397
70 203402
70 203431
70 203436
70 203437
70 203443
70 203466
70 203487
70 203489
70 203500
70 203505
70 203519
70 203540
70 203546
70 203558
70 203564
70 203574
70 203597
70 203602
70 203612
70 203636
70 203640
70 203680
70 203696
70 203704
70 203705
70 203718
70 203732
70 203737
70 203748
70 203765
70 203773
70 203782
70 203784
70 203798
70 203799
70 203810
70 203823
70 203845
70 203853
70 203866
70 203869
70 203885
70 203886
70 203890
70 203899
70 203930
70 203931
70 203943
70 203952
70 203959
70 203968
70 203980
70 203983
70 203988
70 203998
70 204007
70 204019
70 204031
70 204032
70 204035
70 204042
70 204065
70 204068
70 204072
70 204089
70 204090
70 204093
70 204106
70 204112
70 204117
70 204125
70 204126
70 204134
70 204141
70 204163
70 204187
70 204210
70 204213
70 204223
70 204229
70 204232
70 204233
70 204250
70 204252
70 204256
70 204261
70 204263
70 204270
70 204272
70 204274
70 204278
70 204285
70 204298
70 204301
70 204308
70 204316
70 204321
70 204330
70 204355
70 204366
70 204384
70 204388
70 204390
70 204395
70 204398
70 204399
70 204416
70 204419
70 204424
70 204426
70 204428
70 204441
70 204452
70 204463
70 204464
70 204485
70 204503
70 204513
70 204518
70 204531
70 204532
70 204548
70 204553
70 204559
70 204573
70 204574
70 204575
70 204581
70 204582
70 204589
70 204593
70 204601
70 204602
70 204612
70 204613
70 204625
70 204631
70 204633
70 204639
70 204642
70 204660
70 204661
70 204665
70 204676
70 204677
70 204680
70 204683
70 204701
70 204705
70 204713
70 204718
70 204732
70 204736
70 204749
70 204751
70 204753
70 204759
70 204770
70 204777
70 204780
70 204785
70 204786
70 204792
70 204794
70 204798
70 204801
70 204806
70 204807
70 204817
70 204823
70 204826
70 204828
70 204831
70 204845
70 204847
70 204848
70 204850
70 204858
70 204866
70 204867
70 204885
70 204896
70 204903
70 204905
70 204914
70 204918
70 204923
70 204924
70 204940
70 204946
70 204955
70 204964
70 204979
70 204988
70 204992
70 204999
70 205008
70 205047
70 205054
70 205059
70 205076
70 205092
70 205095
70 205102
70 205106
70 205113
70 205127
70 205131
70 205150
70 205151
70 205153
70 205159
70 205161
70 205169
70 205179
70 205198
70 205202
70 205223
70 205235
70 205249
70 205254
70 205273
70 205276
70 205283
70 205294
70 205311
70 205312
70 205318
70 205320
70 205341
70 205352
70 205361
70 205365
70 205375
70 205379
70 205381
70 205383
70 205397
70 205402
70 205408
70 205420
70 205421
70 205431
70 205441
70 205444
70 205459
70 205461
70 205465
70 205466
70 205473
70 205474
70 205475
70 205477
70 205482
70 205485
70 205496
70 205498
70 205507
70 205516
70 205518
70 205523
70 205532
70 205538
70 205541
70 205546
70 205550
70 205559
70 205566
70 205580
70 205583
70 205586
70 205614
70 205626
70 205628
70 205630
70 205633
70 205635
70 205643
70 205653
70 205654
70 205655
70 205656
70 205659
70 205666
70 205683
70 205687
70 205705
70 205709
70 205717
70 205718
70 205734
70 205735
70 205744
70 205753
70 205761
70 205765
70 205797
70 205802
70 205803
70 205807
70 205809
70 205825
70 205828
70 205842
70 205847
70 205855
70 205863
70 205876
70 205883
70 205884
70 205890
70 205891
70 205893
70 205896
70 205907
70 205908
70 205911
70 205918
70 205919
70 205922
70 205925
70 205930
70 205933
70 205938
70 205943
70 205948
70 205959
70 205965
70 205985
70 205988
70 206002
70 206009
70 206011
70 206014
70 206017
70 206022
70 206027
70 206029
70 206033
70 206044
70 206052
70 206066
70 206068
70 206071
70 206076
70 206079
70 206082
70 206090
70 206127
70 206131
70 206137
70 206157
70 206187
70 206197
70 206198
70 206212
70 206219
70 206237
70 206238
70 206252
70 206259
70 206262
70 206264
70 206272
70 206275
70 206281
70 206285
70 206292
70 206296
70 206303
70 206317
70 206323
70 206333
70 206346
70 206358
70 206362
70 206376
70 206380
70 206385
70 206392
70 206397
70 206409
70 206428
70 206433
70 206439
70 206452
70 206469
70 206497
70 206500
70 206520
70 206524
70 206525
70 206528
70 206534
70 206536
70 206537
70 206539
70 206547
70 206551
70 206556
70 206558
70 206567
70 206578
70 206605
70 206606
70 206610
70 206625
70 206626
70 206633
70 206638
70 206639
70 206640
70 206649
70 206651
70 206664
70 206665
70 206678
70 206680
70 206683
70 206685
70 206687
70 206688
70 206700
70 206703
70 206708
70 206717
70 206720
70 206733
70 206751
70 206761
70 206772
70 206789
70 206790
70 206810
70 206811
70 206820
70 206846
70 206850
70 206852
70 206859
70 206861
70 206863
70 206878
70 206889
70 206902
70 206903
70 206914
70 206928
70 206934
70 206936
70 206944
70 206957
70 206959
70 206971
70 206978
70 206979
70 206980
70 206983
70 206989
70 207005
70 207026
70 207031
70 207038
70 207050
70 207054
70 207062
70 207064
70 207066
70 207072
70 207074
70 207076
70 207079
70 207080
70 207101
70 207107
70 207117
70 207127
70 207133
70 207136
70 207142
70 207153
70 207172
70 207173
70 207178
70 207180
70 207183
70 207190
70 207191
70 207192
70 207195
70 207196
70 207210
70 207211
70 207212
70 207221
70 207230
70 207234
70 207240
70 207247
70 207248
70 207255
70 207256
70 207258
70 207259
70 207260
70 207264
70 207265
70 207287
70 207290
70 207293
70 207296
70 207300
70 207303
70 207305
70 207314
70 207331
70 207334
70 207340
70 207352
70 207377
70 207400
70 207401
70 207404
70 207406
70 207416
70 207418
70 207425
70 207428
70 207430
70 207435
70 207451
70 207454
70 207460
70 207485
70 207517
70 207528
70 207529
70 207530
70 207556
70 207558
70 207561
70 207566
70 207571
70 207574
70 207579
70 207580
70 207587
70 207588
70 207594
70 207606
70 207620
70 207622
70 207629
70 207632
70 207634
70 207638
70 207651
70 207676
70 207684
70 207686
70 207691
70 207692
70 207695
70 207699
70 207703
70 207704
70 207740
70 207756
70 207771
70 207792
70 207796
70 207797
70 207801
70 207808
70 207811
70 207814
70 207816
70 207820
70 207828
70 207831
70 207834
70 207838
70 207839
70 207845
70 207849
70 207850
70 207861
70 207867
70 207871
70 207882
70 207883
70 207896
70 207910
70 207914
70 207915
70 207949
70 207953
70 207957
70 207966
70 207971
70 207972
70 207975
70 207978
70 207979
70 207991
70 207994
70 207999
70 208016
70 208038
70 208043
70 208047
70 208049
70 208054
70 208073
70 208075
70 208083
70 208084
70 208087
70 208096
70 208102
70 208112
70 208115
70 208141
70 208156
70 208184
70 208207
70 208225
70 208227
70 208230
70 208251
70 208254
70 208259
70 208274
70 208275
70 208290
70 208291
70 208295
70 208302
70 208307
70 208311
70 208316
70 208318
70 208342
70 208344
70 208353
70 208358
70 208360
70 208372
70 208380
70 208381
70 208392
70 208394
70 208405
70 208407
70 208410
70 208412
70 208413
70 208416
70 208421
70 208428
70 208436
70 208437
70 208440
70 208449
70 208450
70 208453
70 208461
70 208466
70 208473
70 208478
70 208500
70 208509
70 208517
70 208531
70 208543
70 208553
70 208558
70 208564
70 208566
70 208570
70 208575
70 208586
70 208620
70 208625
70 208628
70 208640
70 208649
70 208653
70 208658
70 208660
70 208679
70 208684
70 208705
70 208707
70 208716
70 208724
70 208726
70 208728
70 208735
70 208739
70 208745
70 208761
70 208770
70 208786
70 208788
70 208796
70 208797
70 208800
70 208806
70 208807
70 208822
70 208825
70 208846
70 208850
70 208856
70 208862
70 208869
70 208876
70 208886
70 208907
70 208911
70 208928
70 208934
70 208936
70 208959
70 208961
70 208965
70 208977
70 208985
70 208987
70 208988
70 208999
70 209008
70 209010
70 209011
70 209043
70 209057
70 209082
70 209084
70 209091
70 209094
70 209097
70 209100
70 209102
70 209103
70 209105
70 209112
70 209126
70 209140
70 209146
70 209147
70 209150
70 209152
70 209155
70 209168
70 209169
70 209176
70 209178
70 209179
70 209180
70 209185
70 209193
70 209214
70 209225
70 209229
70 209249
70 209252
70 209259
70 209263
70 209266
70 209268
70 209273
70 209275
70 209281
70 209293
70 209315
70 209329
70 209332
70 209335
70 209342
70 209344
70 209347
70 209352
70 209356
70 209361
70 209362
70 209363
70 209370
70 209388
70 209398
70 209406
70 209423
70 209430
70 209452
70 209454
70 209459
70 209467
70 209485
70 209492
70 209498
70 209512
70 209517
70 209524
70 209528
70 209531
70 209543
70 209558
70 209563
70 209576
70 209582
70 209589
70 209590
70 209598
70 209600
70 209602
70 209608
70 209612
70 209618
70 209626
70 209628
70 209638
70 209652
70 209664
70 209686
70 209696
70 209703
70 209704
70 209722
70 209725
70 209745
70 209747
70 209748
70 209758
70 209771
70 209773
70 209774
70 209781
70 209786
70 209789
70 209793
70 209817
70 209822
70 209826
70 209828
70 209836
70 209841
70 209845
70 209850
70 209854
70 209860
70 209861
70 209862
70 209864
70 209866
70 209870
70 209872
70 209875
70 209897
70 209906
70 209910
70 209923
70 209938
70 209953
70 209967
70 209968
70 209972
70 209978
70 209985
70 209989
70 209999
70 210005
70 210021
70 210031
70 210033
70 210034
70 210036
70 210052
70 210053
70 210054
70 210069
70 210079
70 210082
70 210087
70 210097
70 210101
70 210107
70 210121
70 210139
70 210146
70 210150
70 210165
70 210169
70 210187
70 210203
70 210211
70 210217
70 210220
70 210230
70 210231
70 210236
70 210237
70 210238
70 210240
70 210243
70 210260
70 210263
70 210265
70 210273
70 210277
70 210293
70 210298
70 210314
70 210317
70 210318
70 210340
70 210342
70 210347
70 210353
70 210356
70 210364
70 210368
70 210372
70 210382
70 210392
70 210405
70 210407
70 210408
70 210415
70 210421
70 210425
70 210430
70 210434
70 210444
70 210445
70 210453
70 210463
70 210478
70 210484
70 210485
70 210497
70 210498
70 210505
70 210512
70 210523
70 210527
70 210528
70 210532
70 210555
70 210586
70 210591
70 210594
70 210595
70 210610
70 210613
70 210625
70 210647
70 210683
70 210685
70 210686
70 210691
70 210706
70 210711
70 210713
70 210726
70 210731
70 210735
70 210739
70 210741
70 210746
70 210748
70 210751
70 210757
70 210772
70 210778
70 210784
70 210790
70 210797
70 210821
70 210835
70 210848
70 210849
70 210853
70 210862
70 210869
70 210880
70 210882
70 210901
70 210908
70 210909
70 210913
70 210925
70 210945
70 210958
70 210970
70 210977
70 210987
70 210993
70 211002
70 211019
70 211020
70 211022
70 211025
70 211034
70 211035
70 211036
70 211047
70 211058
70 211062
70 211068
70 211089
70 211092
70 211095
70 211103
70 211110
70 211114
70 211115
70 211117
70 211120
70 211123
70 211129
70 211137
70 211152
70 211160
70 211172
70 211184
70 211191
70 211193
70 211194
70 211197
70 211201
70 211202
70 211204
70 211208
70 211213
70 211219
70 211221
70 211225
70 211232
70 211236
70 211243
70 211247
70 211250
70 211252
70 211259
70 211265
70 211266
70 211269
70 211270
70 211273
70 211275
70 211278
70 211281
70 211285
70 211291
70 211299
70 211302
70 211309
70 211311
70 211315
70 211320
70 211328
70 211330
70 211332
70 211343
70 211351
70 211352
70 211355
70 211367
70 211393
70 211395
70 211406
70 211408
70 211411
70 211412
70 211417
70 211423
70 211433
70 211436
70 211442
70 211451
70 211462
70 211468
70 211479
70 211493
70 211494
70 211540
70 211546
70 211553
70 211568
70 211582
70 211588
70 211612
70 211621
70 211622
70 211633
70 211634
70 211640
70 211647
70 211652
70 211667
70 211669
70 211671
70 211678
70 211682
70 211683
70 211687
70 211698
70 211706
70 211708
70 211717
70 211727
70 211738
70 211752
70 211757
70 211759
70 211768
70 211772
70 211774
70 211781
70 211790
70 211791
70 211795
70 211801
70 211803
70 211804
70 211805
70 211807
70 211810
70 211827
70 211868
70 211872
70 211875
70 211883
70 211886
70 211889
70 211892
70 211894
70 211897
70 211914
70 211917
70 211918
70 211919
70 211927
70 211935
70 211957
70 211970
70 211979
70 211981
70 211985
70 211986
70 211993
70 211995
70 212011
70 212017
70 212021
70 212023
70 212029
70 212038
70 212039
70 212046
70 212051
70 212057
70 212067
70 212076
70 212082
70 212088
70 212093
70 212109
70 212111
70 212118
70 212130
70 212138
70 212163
70 212166
70 212173
70 212192
70 212198
70 212210
70 212213
70 212226
70 212228
70 212247
70 212275
70 212281
70 212285
70 212287
70 212294
70 212295
70 212301
70 212316
70 212322
70 212332
70 212333
70 212358
70 212373
70 212385
70 212394
70 212404
70 212405
70 212411
70 212419
70 212428
70 212438
70 212440
70 212443
70 212445
70 212454
70 212456
70 212460
70 212461
70 212491
70 212495
70 212503
70 212507
70 212510
70 212512
70 212515
70 212517
70 212522
70 212529
70 212536
70 212541
70 212548
70 212564
70 212566
70 212572
70 212595
70 212603
70 212605
70 212607
70 212622
70 212628
70 212637
70 212642
70 212647
70 212652
70 212654
70 212674
70 212696
70 212699
70 212703
70 212705
70 212718
70 212726
70 212739
70 212746
70 212749
70 212755
70 212759
70 212766
70 212768
70 212769
70 212776
70 212778
70 212786
70 212787
70 212792
70 212793
70 212799
70 212806
70 212807
70 212818
70 212827
70 212834
70 212840
70 212848
70 212851
70 212854
70 212863
70 212869
70 212871
70 212905
70 212907
70 212927
70 212928
70 212933
70 212935
70 212941
70 212942
70 212959
70 212972
70 212978
70 212980
70 212984
70 212999
70 213000
70 213009
70 213015
70 213021
70 213025
70 213026
70 213036
70 213044
70 213047
70 213056
70 213058
70 213063
70 213070
70 213075
70 213082
70 213099
70 213108
70 213117
70 213118
70 213129
70 213131
70 213139
70 213143
70 213148
70 213155
70 213168
70 213173
70 213174
70 213175
70 213180
70 213181
70 213184
70 213186
70 213194
70 213199
70 213211
70 213213
70 213217
70 213230
70 213241
70 213250
70 213251
70 213254
70 213257
70 213258
70 213266
70 213272
70 213276
70 213278
70 213279
70 213291
70 213294
70 213296
70 213310
70 213324
70 213341
70 213349
70 213355
70 213357
70 213358
70 213359
70 213362
70 213367
70 213375
70 213379
70 213383
70 213398
70 213420
70 213426
70 213437
70 213450
70 213462
70 213482
70 213488
70 213496
70 213518
70 213533
70 213536
70 213538
70 213544
70 213545
70 213550
70 213553
70 213557
70 213564
70 213570
70 213572
70 213600
70 213601
70 213607
70 213616
70 213626
70 213631
70 213660
70 213663
70 213670
70 213673
70 213688
70 213689
70 213691
70 213693
70 213695
70 213697
70 213711
70 213718
70 213724
70 213730
70 213735
70 213738
70 213743
70 213744
70 213755
70 213759
70 213761
70 213765
70 213771
70 213776
70 213782
70 213801
70 213809
70 213813
70 213819
70 213820
70 213830
70 213841
70 213847
70 213861
70 213863
70 213870
70 213873
70 213912
70 213916
70 213920
70 213922
70 213943
70 213946
70 213951
70 213955
70 213963
70 213966
70 213969
70 213974
70 213984
70 213988
70 213994
70 213996
70 214005
70 214008
70 214012
70 214026
70 214027
70 214028
70 214033
70 214035
70 214036
70 214039
70 214041
70 214048
70 214052
70 214059
70 214083
70 214088
70 214091
70 214101
70 214123
70 214125
70 214126
70 214130
70 214136
70 214145
70 214146
70 214151
70 214154
70 214191
70 214233
70 214239
70 214251
70 214253
70 214275
70 214316
70 214324
70 214333
70 214334
70 214337
70 214338
70 214340
70 214341
70 214347
70 214349
70 214352
70 214358
70 214360
70 214376
70 214386
70 214390
70 214398
70 214409
70 214430
70 214431
70 214433
70 214434
70 214458
70 214463
70 214484
70 214489
70 214503
70 214504
70 214506
70 214509
70 214517
70 214533
70 214538
70 214549
70 214563
70 214569
70 214578
70 214580
70 214588
70 214591
70 214600
70 214607
70 214609
70 214612
70 214625
70 214631
70 214642
70 214656
70 214659
70 214666
70 214667
70 214684
70 214689
70 214693
70 214699
70 214701
70 214702
70 214703
70 214705
70 214719
70 214721
70 214740
70 214744
70 214752
70 214760
70 214776
70 214783
70 214787
70 214800
70 214807
70 214809
70 214826
70 214830
70 214834
70 214842
70 214867
70 214872
70 214874
70 214884
70 214892
70 214899
70 214904
70 214907
70 214918
70 214926
70 214930
70 214935
70 214938
70 214952
70 214955
70 214956
70 214958
70 214962
70 214966
70 214993
70 215015
70 215030
70 215041
70 215050
70 215054
70 215057
70 215058
70 215065
70 215072
70 215075
70 215088
70 215089
70 215093
70 215097
70 215111
70 215123
70 215127
70 215143
70 215144
70 215163
70 215165
70 215183
70 215210
70 215211
70 215217
70 215228
70 215232
70 215236
70 215245
70 215246
70 215268
70 215270
70 215302
70 215312
70 215316
70 215324
70 215332
70 215338
70 215341
70 215354
70 215366
70 215375
70 215389
70 215402
70 215407
70 215408
70 215411
70 215435
70 215442
70 215455
70 215462
70 215474
70 215492
70 215497
70 215504
70 215506
70 215520
70 215537
70 215563
70 215570
70 215582
70 215604
70 215614
70 215616
70 215619
70 215639
70 215656
70 215658
70 215664
70 215670
70 215686
70 215694
70 215699
70 215703
70 215720
70 215727
70 215728
70 215733
70 215735
70 215741
70 215745
70 215756
70 215764
70 215778
70 215779
70 215787
70 215790
70 215803
70 215817
70 215834
70 215843
70 215845
70 215846
70 215854
70 215865
70 215866
70 215882
70 215889
70 215894
70 215909
70 215914
70 215925
70 215927
70 215931
70 215968
70 215980
70 215984
70 215999
70 216005
70 216017
70 216032
70 216056
70 216060
70 216063
70 216073
70 216079
70 216091
70 216092
70 216093
70 216103
70 216107
70 216109
70 216115
70 216137
70 216155
70 216171
70 216174
70 216182
70 216189
70 216196
70 216199
70 216252
70 216263
70 216265
70 216275
70 216289
70 216291
70 216300
70 216314
70 216328
70 216336
70 216337
70 216341
70 216344
70 216352
70 216362
70 216378
70 216386
70 216397
70 216399
70 216408
70 216409
70 216421
70 216423
70 216449
70 216450
70 216455
70 216469
70 216470
70 216473
70 216474
70 216480
70 216481
70 216484
70 216492
70 216497
70 216506
70 216525
70 216529
70 216530
70 216532
70 216536
70 216541
70 216545
70 216556
70 216557
70 216566
70 216569
70 216572
70 216580
70 216581
70 216585
70 216589
70 216593
70 216595
70 216598
70 216607
70 216626
70 216632
70 216633
70 216649
70 216659
70 216683
70 216703
70 216715
70 216728
70 216734
70 216738
70 216741
70 216750
70 216752
70 216754
70 216755
70 216757
70 216760
70 216761
70 216765
70 216766
70 216776
70 216780
70 216791
70 216793
70 216795
70 216796
70 216799
70 216806
70 216819
70 216821
70 216828
70 216842
70 216847
70 216850
70 216851
70 216879
70 216884
70 216889
70 216894
70 216899
70 216906
70 216908
70 216933
70 216936
70 216941
70 216942
70 216952
70 216957
70 216962
70 216985
70 216995
70 216998
70 217010
70 217022
70 217030
70 217036
70 217044
70 217054
70 217065
70 217091
70 217123
70 217125
70 217128
70 217135
70 217148
70 217177
70 217185
70 217198
70 217199
70 217202
70 217214
70 217222
70 217229
70 217231
70 217236
70 217245
70 217246
70 217253
70 217258
70 217266
70 217270
70 217277
70 217292
70 217300
70 217304
70 217311
70 217340
70 217347
70 217351
70 217358
70 217359
70 217365
70 217366
70 217382
70 217392
70 217398
70 217400
70 217409
70 217414
70 217423
70 217429
70 217442
70 217445
70 217455
70 217458
70 217460
70 217462
70 217467
70 217479
70 217481
70 217483
70 217498
70 217509
70 217517
70 217519
70 217524
70 217528
70 217529
70 217540
70 217555
70 217568
70 217601
70 217607
70 217608
70 217611
70 217617
70 217619
70 217621
70 217628
70 217643
70 217652
70 217657
70 217658
70 217659
70 217661
70 217673
70 217674
70 217680
70 217687
70 217696
70 217699
70 217701
70 217709
70 217753
70 217757
70 217760
70 217762
70 217767
70 217769
70 217771
70 217774
70 217782
70 217786
70 217791
70 217793
70 217799
70 217801
70 217810
70 217815
70 217820
70 217825
70 217838
70 217859
70 217868
70 217870
70 217875
70 217881
70 217886
70 217899
70 217901
70 217913
70 217926
70 217927
70 217941
70 217943
70 217965
70 217992
70 217996
70 218005
70 218006
70 218015
70 218018
70 218034
70 218036
70 218037
70 218049
70 218052
70 218061
70 218068
70 218070
70 218076
70 218088
70 218097
70 218100
70 218104
70 218122
70 218133
70 218138
70 218140
70 218142
70 218145
70 218147
70 218151
70 218153
70 218163
70 218181
70 218182
70 218195
70 218198
70 218201
70 218219
70 218225
70 218228
70 218240
70 218249
70 218258
70 218259
70 218263
70 218266
70 218272
70 218279
70 218282
70 218284
70 218285
70 218290
70 218292
70 218305
70 218306
70 218315
70 218317
70 218318
70 218328
70 218332
70 218345
70 218346
70 218348
70 218352
70 218367
70 218369
70 218381
70 218388
70 218390
70 218395
70 218399
70 218414
70 218419
70 218426
70 218430
70 218448
70 218450
70 218455
70 218469
70 218476
70 218481
70 218497
70 218503
70 218509
70 218521
70 218530
70 218545
70 218547
70 218548
70 218555
70 218565
70 218585
70 218588
70 218590
70 218595
70 218600
70 218611
70 218622
70 218642
70 218675
70 218683
70 218693
70 218729
70 218741
70 218750
70 218756
70 218761
70 218763
70 218765
70 218784
70 218795
70 218796
70 218797
70 218798
70 218799
70 218812
70 218813
70 218820
70 218824
70 218832
70 218838
70 218846
70 218848
70 218850
70 218855
70 218862
70 218867
70 218875
70 218885
70 218893
70 218900
70 218902
70 218903
70 218907
70 218914
70 218921
70 218938
70 218943
70 218944
70 218972
70 218989
70 218992
70 219003
70 219004
70 219005
70 219017
70 219026
70 219049
70 219052
70 219053
70 219076
70 219082
70 219105
70 219111
70 219118
70 219124
70 219130
70 219142
70 219145
70 219153
70 219159
70 219161
70 219162
70 219169
70 219172
70 219174
70 219176
70 219201
70 219204
70 219210
70 219212
70 219218
70 219221
70 219227
70 219233
70 219259
70 219263
70 219289
70 219305
70 219307
70 219314
70 219324
70 219337
70 219340
70 219370
70 219373
70 219388
70 219393
70 219399
70 219406
70 219407
70 219409
70 219423
70 219427
70 219450
70 219461
70 219467
70 219474
70 219477
70 219479
70 219484
70 219487
70 219523
70 219524
70 219527
70 219528
70 219546
70 219561
70 219563
70 219564
70 219568
70 219571
70 219581
70 219586
70 219587
70 219602
70 219604
70 219614
70 219625
70 219637
70 219646
70 219650
70 219653
70 219656
70 219662
70 219663
70 219664
70 219665
70 219671
70 219675
70 219694
70 219698
70 219723
70 219726
70 219734
70 219735
70 219749
70 219752
70 219758
70 219774
70 219778
70 219784
70 219794
70 219803
70 219828
70 219831
70 219835
70 219837
70 219844
70 219849
70 219853
70 219868
70 219874
70 219880
70 219885
70 219888
70 219899
70 219905
70 219914
70 219946
70 219952
70 219954
70 219962
70 219964
70 219965
70 219973
70 219982
70 219991
70 219999
70 220001
70 220010
70 220012
70 220022
70 220029
70 220031
70 220033
70 220034
70 220044
70 220069
70 220096
70 220113
70 220121
70 220129
70 220133
70 220136
70 220143
70 220153
70 220155
70 220161
70 220176
70 220182
70 220185
70 220194
70 220198
70 220200
70 220203
70 220204
70 220210
70 220225
70 220227
70 220244
70 220251
70 220263
70 220271
70 220295
70 220296
70 220302
70 220303
70 220306
70 220363
70 220385
70 220392
70 220414
70 220447
70 220455
70 220461
70 220480
70 220486
70 220491
70 220499
70 220526
70 220533
70 220538
70 220540
70 220541
70 220572
70 220574
70 220576
70 220579
70 220580
70 220583
70 220585
70 220600
70 220604
70 220613
70 220624
70 220626
70 220637
70 220640
70 220644
70 220660
70 220668
70 220671
70 220672
70 220680
70 220690
70 220694
70 220706
70 220709
70 220725
70 220727
70 220728
70 220733
70 220735
70 220739
70 220741
70 220748
70 220751
70 220752
70 220754
70 220770
70 220774
70 220805
70 220810
70 220812
70 220816
70 220818
70 220821
70 220837
70 220842
70 220848
70 220852
70 220866
70 220869
70 220878
70 220887
70 220893
70 220912
70 220913
70 220919
70 220920
70 220931
70 220935
70 220940
70 220946
70 220951
70 220964
70 220975
70 220988
70 220993
70 221009
70 221029
70 221039
70 221041
70 221058
70 221075
70 221080
70 221100
70 221106
70 221111
70 221133
70 221137
70 221144
70 221146
70 221160
70 221162
70 221168
70 221184
70 221191
70 221194
70 221206
70 221216
70 221221
70 221229
70 221245
70 221252
70 221267
70 221272
70 221274
70 221275
70 221280
70 221282
70 221284
70 221289
70 221291
70 221301
70 221303
70 221309
70 221312
70 221328
70 221329
70 221334
70 221338
70 221341
70 221352
70 221364
70 221367
70 221373
70 221376
70 221400
70 221424
70 221425
70 221430
70 221431
70 221433
70 221448
70 221450
70 221465
70 221473
70 221477
70 221491
70 221505
70 221517
70 221528
70 221531
70 221534
70 221539
70 221550
70 221552
70 221579
70 221581
70 221591
70 221592
70 221609
70 221618
70 221635
70 221652
70 221665
70 221691
70 221697
70 221700
70 221724
70 221727
70 221735
70 221738
70 221746
70 221749
70 221756
70 221760
70 221762
70 221763
70 221767
70 221791
70 221792
70 221797
70 221803
70 221806
70 221812
70 221818
70 221820
70 221821
70 221824
70 221828
70 221831
70 221851
70 221857
70 221858
70 221861
70 221872
70 221873
70 221875
70 221887
70 221888
70 221895
70 221899
70 221908
70 221910
70 221912
70 221918
70 221928
70 221935
70 221947
70 221972
70 221984
70 221991
70 221997
70 222009
70 222010
70 222027
70 222030
70 222047
70 222054
70 222073
70 222075
70 222079
70 222087
70 222095
70 222107
70 222113
70 222121
70 222126
70 222130
70 222148
70 222155
70 222183
70 222184
70 222195
70 222199
70 222209
70 222213
70 222215
70 222221
70 222224
70 222229
70 222233
70 222235
70 222241
70 222243
70 222251
70 222274
70 222279
70 222285
70 222318
70 222329
70 222340
70 222349
70 222351
70 222363
70 222379
70 222389
70 222398
70 222399
70 222401
70 222404
70 222412
70 222416
70 222422
70 222428
70 222437
70 222439
70 222443
70 222449
70 222456
70 222461
70 222470
70 222473
70 222475
70 222482
70 222484
70 222486
70 222496
70 222509
70 222513
70 222529
70 222545
70 222551
70 222556
70 222561
70 222565
70 222567
70 222581
70 222599
70 222613
70 222621
70 222629
70 222645
70 222649
70 222659
70 222662
70 222681
70 222690
70 222695
70 222700
70 222716
70 222722
70 222726
70 222739
70 222741
70 222767
70 222770
70 222772
70 222782
70 222783
70 222793
70 222802
70 222807
70 222818
70 222829
70 222852
70 222859
70 222891
70 222901
70 222902
70 222905
70 222908
70 222910
70 222922
70 222926
70 222927
70 222944
70 222950
70 222964
70 222965
70 222968
70 222969
70 222988
70 222997
70 223001
70 223012
70 223028
70 223030
70 223041
70 223042
70 223048
70 223051
70 223056
70 223057
70 223065
70 223066
70 223071
70 223075
70 223078
70 223096
70 223111
70 223112
70 223114
70 223120
70 223123
70 223138
70 223143
70 223153
70 223160
70 223167
70 223184
70 223195
70 223208
70 223212
70 223214
70 223221
70 223231
70 223251
70 223254
70 223257
70 223261
70 223284
70 223289
70 223292
70 223296
70 223320
70 223325
70 223328
70 223330
70 223339
70 223349
70 223369
70 223372
70 223376
70 223388
70 223396
70 223405
70 223415
70 223417
70 223425
70 223431
70 223439
70 223454
70 223456
70 223467
70 223471
70 223473
70 223476
70 223489
70 223496
70 223502
70 223508
70 223519
70 223525
70 223526
70 223530
70 223531
70 223533
70 223548
70 223551
70 223553
70 223564
70 223582
70 223588
70 223595
70 223607
70 223610
70 223629
70 223631
70 223646
70 223648
70 223662
70 223678
70 223688
70 223691
70 223697
70 223705
70 223712
70 223718
70 223720
70 223722
70 223724
70 223730
70 223742
70 223746
70 223751
70 223767
70 223768
70 223775
70 223779
70 223784
70 223806
70 223817
70 223825
70 223835
70 223837
70 223847
70 223849
70 223857
70 223868
70 223881
70 223885
70 223889
70 223891
70 223896
70 223899
70 223906
70 223913
70 223916
70 223926
70 223930
70 223931
70 223938
70 223947
70 223949
70 223955
70 223968
70 223977
70 223984
70 223988
70 223990
70 223998
70 224004
70 224007
70 224008
70 224011
70 224015
70 224027
70 224053
70 224058
70 224061
70 224067
70 224071
70 224081
70 224111
70 224114
70 224121
70 224122
70 224139
70 224146
70 224157
70 224158
70 224183
70 224184
70 224186
70 224196
70 224204
70 224211
70 224212
70 224227
70 224231
70 224232
70 224240
70 224274
70 224279
70 224289
70 224290
70 224291
70 224296
70 224298
70 224307
70 224312
70 224321
70 224322
70 224327
70 224328
70 224332
70 224344
70 224353
70 224364
70 224365
70 224367
70 224372
70 224385
70 224388
70 224396
70 224397
70 224409
70 224418
70 224419
70 224420
70 224426
70 224436
70 224438
70 224447
70 224458
70 224462
70 224470
70 224473
70 224478
70 224484
70 224498
70 224504
70 224505
70 224515
70 224516
70 224529
70 224552
70 224558
70 224567
70 224568
70 224586
70 224600
70 224602
70 224608
70 224609
70 224611
70 224616
70 224626
70 224632
70 224635
70 224636
70 224642
70 224648
70 224649
70 224651
70 224654
70 224657
70 224660
70 224664
70 224675
70 224679
70 224683
70 224700
70 224710
70 224714
70 224719
70 224723
70 224734
70 224735
70 224739
70 224747
70 224758
70 224765
70 224772
70 224798
70 224810
70 224835
70 224836
70 224839
70 224847
70 224862
70 224863
70 224869
70 224870
70 224873
70 224878
70 224889
70 224902
70 224906
70 224923
70 224930
70 224934
70 224943
70 224952
70 224953
70 224958
70 224960
70 224966
70 224977
70 224980
70 224983
70 224989
70 224997
70 225018
70 225022
70 225024
70 225034
70 225047
70 225051
70 225053
70 225057
70 225073
70 225074
70 225084
70 225087
70 225116
70 225126
70 225130
70 225134
70 225150
70 225153
70 225163
70 225164
70 225165
70 225172
70 225174
70 225192
70 225206
70 225210
70 225223
70 225226
70 225227
70 225229
70 225236
70 225238
70 225251
70 225252
70 225253
70 225261
70 225316
70 225374
70 225376
70 225378
70 225382
70 225388
70 225398
70 225399
70 225411
70 225419
70 225425
70 225429
70 225430
70 225434
70 225435
70 225441
70 225446
70 225457
70 225461
70 225464
70 225468
70 225483
70 225494
70 225505
70 225510
70 225516
70 225523
70 225525
70 225533
70 225534
70 225536
70 225562
70 225564
70 225570
70 225592
70 225598
70 225609
70 225637
70 225641
70 225662
70 225664
70 225678
70 225680
70 225681
70 225692
70 225698
70 225704
70 225709
70 225711
70 225712
70 225729
70 225731
70 225752
70 225762
70 225764
70 225772
70 225774
70 225777
70 225795
70 225799
70 225803
70 225804
70 225811
70 225821
70 225829
70 225831
70 225834
70 225839
70 225847
70 225856
70 225864
70 225866
70 225868
70 225879
70 225887
70 225893
70 225896
70 225901
70 225908
70 225918
70 225919
70 225923
70 225924
70 225933
70 225954
70 225963
70 225966
70 225967
70 225969
70 225972
70 225976
70 225980
70 225981
70 225982
70 225985
70 226008
70 226009
70 226013
70 226020
70 226033
70 226034
70 226035
70 226058
70 226064
70 226071
70 226077
70 226092
70 226095
70 226102
70 226104
70 226109
70 226112
70 226115
70 226118
70 226122
70 226123
70 226131
70 226141
70 226142
70 226160
70 226163
70 226165
70 226173
70 226177
70 226180
70 226194
70 226198
70 226207
70 226222
70 226224
70 226226
70 226228
70 226232
70 226243
70 226248
70 226253
70 226263
70 226265
70 226267
70 226268
70 226282
70 226287
70 226292
70 226302
70 226305
70 226316
70 226326
70 226332
70 226333
70 226341
70 226342
70 226345
70 226358
70 226362
70 226376
70 226379
70 226380
70 226387
70 226388
70 226412
70 226414
70 226431
70 226434
70 226435
70 226442
70 226448
70 226457
70 226459
70 226466
70 226472
70 226475
70 226495
70 226497
70 226499
70 226506
70 226508
70 226513
70 226517
70 226522
70 226526
70 226535
70 226541
70 226545
70 226546
70 226547
70 226557
70 226561
70 226562
70 226567
70 226573
70 226593
70 226600
70 226602
70 226608
70 226611
70 226618
70 226621
70 226625
70 226627
70 226634
70 226636
70 226641
70 226645
