50 9
50 11
50 12
50 15
50 16
50 17
50 23
50 24
50 25
50 35
50 39
50 44
50 57
50 60
50 61
50 71
50 73
50 77
50 83
50 86
50 103
50 105
50 109
50 118
50 120
50 148
50 158
50 169
50 174
50 191
50 200
50 219
50 223
50 225
50 231
50 237
50 249
50 272
50 276
50 280
50 283
50 289
50 290
50 305
50 306
50 311
50 349
50 362
50 366
50 383
50 389
50 394
50 397
50 413
50 415
50 427
50 432
50 437
50 442
50 445
50 450
50 454
50 457
50 462
50 475
50 476
50 477
50 496
50 498
50 508
50 542
50 545
50 550
50 579
50 583
50 600
50 616
50 633
50 645
50 646
50 654
50 659
50 662
50 677
50 687
50 712
50 724
50 726
50 731
50 739
50 755
50 759
50 764
50 770
50 777
50 784
50 791
50 817
50 821
50 825
50 846
50 862
50 883
50 897
50 900
50 908
50 916
50 919
50 934
50 949
50 962
50 963
50 975
50 977
50 981
50 994
50 1007
50 1012
50 1024
50 1037
50 1041
50 1050
50 1066
50 1071
50 1077
50 1086
50 1087
50 1089
50 1100
50 1102
50 1113
50 1119
50 1120
50 1125
50 1142
50 1152
50 1178
50 1201
50 1203
50 1208
50 1214
50 1225
50 1238
50 1239
50 1242
50 1262
50 1263
50 1277
50 1278
50 1286
50 1288
50 1289
50 1294
50 1296
50 1311
50 1327
50 1332
50 1338
50 1343
50 1349
50 1365
50 1367
50 1369
50 1374
50 1376
50 1404
50 1406
50 1431
50 1433
50 1450
50 1451
50 1455
50 1464
50 1475
50 1479
50 1483
50 1502
50 1508
50 1518
50 1530
50 1535
50 1540
50 1541
50 1543
50 1563
50 1574
50 1598
50 1613
50 1627
50 1644
50 1647
50 1658
50 1670
50 1677
50 1680
50 1684
50 1691
50 1696
50 1702
50 1706
50 1714
50 1716
50 1732
50 1734
50 1737
50 1742
50 1745
50 1750
50 1765
50 1779
50 1780
50 1782
50 1785
50 1793
50 1801
50 1802
50 1804
50 1812
50 1819
50 1821
50 1834
50 1850
50 1858
50 1860
50 1862
50 1878
50 1895
50 1898
50 1900
50 1902
50 1905
50 1908
50 1920
50 1933
50 1950
50 1964
50 1967
50 1969
50 1984
50 2002
50 2003
50 2006
50 2012
50 2014
50 2019
50 2027
50 2043
50 2057
50 2059
50 2069
50 2075
50 2078
50 2090
50 2091
50 2100
50 2120
50 2133
50 2138
50 2139
50 2151
50 2157
50 2160
50 2163
50 2168
50 2171
50 2176
50 2193
50 2197
50 2199
50 2205
50 2209
50 2211
50 2216
50 2221
50 2227
50 2251
50 2269
50 2273
50 2279
50 2281
50 2285
50 2299
50 2302
50 2319
50 2325
50 2350
50 2365
50 2370
50 2378
50 2379
50 2380
50 2400
50 2402
50 2410
50 2426
50 2439
50 2440
50 2452
50 2458
50 2462
50 2470
50 2474
50 2481
50 2484
50 2492
50 2495
50 2497
50 2503
50 2511
50 2519
50 2528
50 2532
50 2550
50 2555
50 2557
50 2573
50 2586
50 2597
50 2621
50 2630
50 2633
50 2646
50 2647
50 2651
50 2654
50 2671
50 2678
50 2697
50 2721
50 2728
50 2736
50 2737
50 2740
50 2748
50 2759
50 2764
50 2765
50 2771
50 2791
50 2792
50 2794
50 2800
50 2818
50 2821
50 2829
50 2839
50 2843
50 2845
50 2864
50 2878
50 2887
50 2893
50 2908
50 2909
50 2914
50 2920
50 2924
50 2930
50 2943
50 2945
50 2949
50 2950
50 2963
50 2966
50 2968
50 2973
50 2980
50 2985
50 2987
50 2989
50 3027
50 3042
50 3050
50 3054
50 3064
50 3068
50 3089
50 3113
50 3114
50 3122
50 3126
50 3161
50 3166
50 3167
50 3180
50 3189
50 3193
50 3197
50 3198
50 3201
50 3210
50 3214
50 3221
50 3232
50 3234
50 3240
50 3242
50 3246
50 3255
50 3260
50 3269
50 3288
50 3321
50 3327
50 3337
50 3346
50 3351
50 3355
50 3377
50 3382
50 3390
50 3407
50 3420
50 3423
50 3429
50 3430
50 3440
50 3445
50 3450
50 3458
50 3461
50 3464
50 3473
50 3482
50 3484
50 3492
50 3507
50 3532
50 3536
50 3548
50 3553
50 3571
50 3582
50 3584
50 3594
50 3609
50 3615
50 3621
50 3628
50 3647
50 3648
50 3653
50 3656
50 3678
50 3681
50 3685
50 3688
50 3689
50 3691
50 3697
50 3698
50 3703
50 3704
50 3716
50 3719
50 3728
50 3729
50 3736
50 3746
50 3750
50 3762
50 3777
50 3787
50 3793
50 3804
50 3814
50 3822
50 3825
50 3831
50 3841
50 3842
50 3866
50 3875
50 3877
50 3890
50 3894
50 3898
50 3909
50 3916
50 3919
50 3924
50 3947
50 3949
50 3957
50 3970
50 3980
50 4004
50 4015
50 4018
50 4023
50 4029
50 4030
50 4034
50 4037
50 4040
50 4053
50 4084
50 4103
50 4116
50 4128
50 4130
50 4134
50 4140
50 4145
50 4156
50 4174
50 4190
50 4200
50 4212
50 4215
50 4224
50 4231
50 4233
50 4240
50 4242
50 4252
50 4269
50 4271
50 4273
50 4285
50 4286
50 4290
50 4299
50 4305
50 4306
50 4309
50 4316
50 4318
50 4335
50 4347
50 4349
50 4358
50 4372
50 4377
50 4394
50 4395
50 4401
50 4404
50 4408
50 4409
50 4417
50 4422
50 4424
50 4435
50 4439
50 4450
50 4460
50 4478
50 4485
50 4488
50 4489
50 4494
50 4501
50 4528
50 4530
50 4539
50 4547
50 4551
50 4557
50 4558
50 4559
50 4568
50 4575
50 4577
50 4578
50 4581
50 4597
50 4600
50 4619
50 4630
50 4635
50 4638
50 4640
50 4654
50 4658
50 4661
50 4665
50 4673
50 4674
50 4676
50 4684
50 4688
50 4693
50 4710
50 4719
50 4721
50 4725
50 4736
50 4754
50 4759
50 4777
50 4784
50 4788
50 4793
50 4795
50 4799
50 4801
50 4810
50 4815
50 4817
50 4829
50 4837
50 4842
50 4849
50 4850
50 4853
50 4855
50 4860
50 4863
50 4876
50 4887
50 4893
50 4903
50 4910
50 4912
50 4915
50 4916
50 4922
50 4935
50 4957
50 4964
50 4966
50 4971
50 4975
50 4983
50 4995
50 4996
50 4997
50 5010
50 5013
50 5014
50 5017
50 5020
50 5028
50 5057
50 5063
50 5073
50 5075
50 5091
50 5121
50 5143
50 5150
50 5176
50 5177
50 5183
50 5185
50 5192
50 5195
50 5197
50 5198
50 5199
50 5201
50 5216
50 5222
50 5234
50 5239
50 5246
50 5249
50 5260
50 5287
50 5291
50 5297
50 5304
50 5322
50 5324
50 5328
50 5330
50 5334
50 5340
50 5342
50 5344
50 5346
50 5358
50 5361
50 5374
50 5385
50 5394
50 5400
50 5406
50 5410
50 5420
50 5422
50 5423
50 5429
50 5435
50 5444
50 5461
50 5475
50 5490
50 5508
50 5515
50 5529
50 5537
50 5542
50 5550
50 5553
50 5556
50 5572
50 5577
50 5582
50 5586
50 5588
50 5589
50 5598
50 5602
50 5609
50 5612
50 5614
50 5615
50 5621
50 5624
50 5629
50 5634
50 5650
50 5675
50 5687
50 5694
50 5695
50 5712
50 5723
50 5726
50 5750
50 5753
50 5754
50 5758
50 5774
50 5775
50 5786
50 5794
50 5795
50 5800
50 5803
50 5807
50 5810
50 5825
50 5828
50 5840
50 5847
50 5876
50 5906
50 5907
50 5916
50 5921
50 5924
50 5928
50 5952
50 5989
50 6007
50 6013
50 6038
50 6049
50 6054
50 6056
50 6061
50 6065
50 6086
50 6088
50 6111
50 6119
50 6141
50 6147
50 6161
50 6192
50 6206
50 6208
50 6219
50 6223
50 6225
50 6230
50 6240
50 6259
50 6268
50 6282
50 6283
50 6292
50 6300
50 6325
50 6343
50 6353
50 6367
50 6374
50 6377
50 6378
50 6380
50 6386
50 6394
50 6405
50 6417
50 6422
50 6426
50 6430
50 6432
50 6438
50 6439
50 6445
50 6448
50 6449
50 6455
50 6456
50 6472
50 6474
50 6476
50 6478
50 6480
50 6484
50 6494
50 6495
50 6508
50 6511
50 6514
50 6520
50 6524
50 6529
50 6530
50 6566
50 6571
50 6587
50 6590
50 6597
50 6603
50 6621
50 6628
50 6632
50 6641
50 6644
50 6663
50 6667
50 6669
50 6670
50 6673
50 6683
50 6693
50 6700
50 6705
50 6710
50 6711
50 6719
50 6732
50 6733
50 6744
50 6750
50 6773
50 6777
50 6783
50 6802
50 6809
50 6817
50 6820
50 6828
50 6836
50 6840
50 6844
50 6850
50 6858
50 6879
50 6895
50 6900
50 6906
50 6908
50 6917
50 6923
50 6931
50 6932
50 6942
50 6944
50 6946
50 6953
50 6958
50 6961
50 6978
50 6985
50 6993
50 7006
50 7010
50 7048
50 7058
50 7059
50 7065
50 7080
50 7087
50 7093
50 7094
50 7102
50 7103
50 7106
50 7111
50 7114
50 7121
50 7135
50 7137
50 7151
50 7154
50 7163
50 7169
50 7186
50 7193
50 7200
50 7211
50 7212
50 7220
50 7221
50 7223
50 7224
50 7226
50 7257
50 7266
50 7268
50 7271
50 7280
50 7292
50 7299
50 7305
50 7319
50 7321
50 7322
50 7325
50 7329
50 7331
50 7340
50 7358
50 7364
50 7380
50 7387
50 7391
50 7393
50 7404
50 7413
50 7415
50 7416
50 7417
50 7419
50 7421
50 7436
50 7440
50 7443
50 7446
50 7450
50 7486
50 7499
50 7500
50 7505
50 7509
50 7554
50 7573
50 7575
50 7581
50 7591
50 7596
50 7598
50 7612
50 7615
50 7631
50 7634
50 7642
50 7650
50 7664
50 7667
50 7676
50 7682
50 7691
50 7710
50 7722
50 7725
50 7732
50 7736
50 7738
50 7739
50 7751
50 7752
50 7753
50 7768
50 7803
50 7814
50 7819
50 7836
50 7874
50 7877
50 7879
50 7882
50 7891
50 7897
50 7900
50 7905
50 7908
50 7919
50 7935
50 7944
50 7946
50 7960
50 7961
50 7968
50 7971
50 7973
50 7975
50 7978
50 7983
50 8000
50 8007
50 8012
50 8017
50 8029
50 8052
50 8056
50 8058
50 8060
50 8061
50 8065
50 8070
50 8084
50 8103
50 8104
50 8106
50 8108
50 8111
50 8115
50 8117
50 8121
50 8123
50 8128
50 8131
50 8138
50 8141
50 8142
50 8144
50 8160
50 8165
50 8171
50 8204
50 8210
50 8212
50 8217
50 8220
50 8222
50 8235
50 8236
50 8257
50 8272
50 8277
50 8291
50 8295
50 8298
50 8299
50 8333
50 8343
50 8346
50 8354
50 8357
50 8363
50 8390
50 8416
50 8417
50 8448
50 8455
50 8462
50 8467
50 8472
50 8476
50 8479
50 8483
50 8486
50 8490
50 8494
50 8496
50 8503
50 8523
50 8558
50 8565
50 8580
50 8619
50 8621
50 8651
50 8668
50 8669
50 8679
50 8681
50 8684
50 8691
50 8697
50 8703
50 8706
50 8707
50 8714
50 8724
50 8750
50 8755
50 8756
50 8766
50 8771
50 8785
50 8786
50 8799
50 8806
50 8824
50 8834
50 8836
50 8840
50 8841
50 8845
50 8873
50 8887
50 8901
50 8902
50 8905
50 8917
50 8919
50 8920
50 8934
50 8944
50 8948
50 8951
50 8955
50 8962
50 8966
50 8972
50 8977
50 8987
50 8995
50 9018
50 9021
50 9042
50 9046
50 9058
50 9060
50 9070
50 9076
50 9082
50 9090
50 9098
50 9100
50 9103
50 9112
50 9117
50 9118
50 9120
50 9123
50 9132
50 9133
50 9144
50 9146
50 9150
50 9152
50 9153
50 9154
50 9157
50 9162
50 9164
50 9175
50 9183
50 9187
50 9191
50 9196
50 9206
50 9209
50 9219
50 9242
50 9249
50 9251
50 9253
50 9256
50 9268
50 9274
50 9283
50 9287
50 9294
50 9297
50 9300
50 9320
50 9322
50 9324
50 9338
50 9350
50 9351
50 9361
50 9362
50 9374
50 9378
50 9387
50 9389
50 9393
50 9398
50 9404
50 9430
50 9446
50 9459
50 9463
50 9464
50 9470
50 9495
50 9511
50 9516
50 9517
50 9519
50 9523
50 9526
50 9563
50 9565
50 9588
50 9598
50 9604
50 9621
50 9632
50 9643
50 9646
50 9651
50 9660
50 9668
50 9687
50 9695
50 9716
50 9744
50 9754
50 9756
50 9770
50 9775
50 9798
50 9799
50 9807
50 9818
50 9823
50 9827
50 9831
50 9839
50 9842
50 9867
50 9870
50 9878
50 9897
50 9922
50 9935
50 9939
50 9949
50 9951
50 9967
50 9969
50 9980
50 9985
50 10002
50 10016
50 10018
50 10024
50 10029
50 10030
50 10033
50 10036
50 10049
50 10067
50 10073
50 10080
50 10085
50 10087
50 10095
50 10096
50 10099
50 10100
50 10102
50 10110
50 10116
50 10119
50 10121
50 10123
50 10130
50 10153
50 10161
50 10190
50 10194
50 10196
50 10209
50 10210
50 10237
50 10243
50 10244
50 10255
50 10263
50 10268
50 10278
50 10281
50 10297
50 10301
50 10310
50 10316
50 10320
50 10323
50 10329
50 10334
50 10341
50 10342
50 10347
50 10364
50 10378
50 10380
50 10383
50 10389
50 10390
50 10392
50 10397
50 10398
50 10416
50 10424
50 10435
50 10438
50 10440
50 10445
50 10447
50 10499
50 10507
50 10515
50 10521
50 10524
50 10543
50 10567
50 10568
50 10588
50 10596
50 10597
50 10603
50 10627
50 10644
50 10665
50 10666
50 10674
50 10695
50 10698
50 10732
50 10757
50 10761
50 10768
50 10783
50 10790
50 10807
50 10810
50 10812
50 10813
50 10818
50 10819
50 10829
50 10853
50 10863
50 10865
50 10870
50 10883
50 10884
50 10889
50 10896
50 10904
50 10907
50 10912
50 10914
50 10918
50 10927
50 10931
50 10934
50 10941
50 10971
50 10975
50 10986
50 10992
50 10998
50 11002
50 11005
50 11007
50 11012
50 11021
50 11024
50 11026
50 11062
50 11074
50 11080
50 11092
50 11121
50 11126
50 11135
50 11139
50 11143
50 11149
50 11150
50 11152
50 11160
50 11167
50 11186
50 11197
50 11214
50 11230
50 11236
50 11243
50 11244
50 11251
50 11262
50 11278
50 11287
50 11293
50 11315
50 11336
50 11349
50 11360
50 11367
50 11376
50 11400
50 11415
50 11424
50 11425
50 11428
50 11432
50 11434
50 11439
50 11444
50 11446
50 11449
50 11461
50 11468
50 11479
50 11482
50 11484
50 11499
50 11506
50 11513
50 11520
50 11541
50 11571
50 11581
50 11582
50 11583
50 11595
50 11600
50 11607
50 11617
50 11625
50 11629
50 11648
50 11657
50 11670
50 11672
50 11676
50 11679
50 11686
50 11688
50 11693
50 11699
50 11705
50 11716
50 11729
50 11731
50 11744
50 11756
50 11762
50 11772
50 11780
50 11799
50 11818
50 11825
50 11836
50 11838
50 11846
50 11854
50 11858
50 11864
50 11880
50 11895
50 11911
50 11923
50 11934
50 11948
50 11950
50 11953
50 11963
50 11977
50 12003
50 12006
50 12016
50 12018
50 12030
50 12035
50 12059
50 12064
50 12086
50 12108
50 12110
50 12122
50 12128
50 12129
50 12131
50 12137
50 12138
50 12140
50 12143
50 12148
50 12159
50 12162
50 12170
50 12176
50 12188
50 12202
50 12208
50 12213
50 12239
50 12245
50 12250
50 12260
50 12264
50 12267
50 12269
50 12286
50 12290
50 12295
50 12297
50 12301
50 12306
50 12308
50 12310
50 12315
50 12363
50 12368
50 12370
50 12379
50 12386
50 12397
50 12401
50 12412
50 12420
50 12430
50 12443
50 12450
50 12466
50 12486
50 12494
50 12496
50 12502
50 12504
50 12515
50 12519
50 12554
50 12571
50 12584
50 12589
50 12591
50 12608
50 12610
50 12612
50 12622
50 12627
50 12628
50 12636
50 12653
50 12664
50 12668
50 12683
50 12687
50 12693
50 12700
50 12702
50 12724
50 12731
50 12734
50 12738
50 12748
50 12753
50 12765
50 12766
50 12769
50 12791
50 12800
50 12808
50 12815
50 12818
50 12828
50 12829
50 12840
50 12855
50 12859
50 12873
50 12875
50 12882
50 12890
50 12905
50 12915
50 12921
50 12926
50 12930
50 12939
50 12947
50 12949
50 12955
50 12958
50 12988
50 13012
50 13034
50 13045
50 13049
50 13055
50 13058
50 13061
50 13091
50 13101
50 13128
50 13129
50 13134
50 13148
50 13151
50 13184
50 13187
50 13197
50 13199
50 13227
50 13245
50 13255
50 13269
50 13278
50 13285
50 13301
50 13314
50 13376
50 13384
50 13391
50 13394
50 13396
50 13400
50 13402
50 13407
50 13434
50 13435
50 13437
50 13441
50 13455
50 13467
50 13468
50 13475
50 13486
50 13489
50 13492
50 13499
50 13515
50 13522
50 13525
50 13526
50 13527
50 13538
50 13556
50 13566
50 13571
50 13573
50 13607
50 13613
50 13620
50 13635
50 13666
50 13669
50 13680
50 13697
50 13702
50 13707
50 13710
50 13729
50 13745
50 13783
50 13789
50 13802
50 13825
50 13829
50 13856
50 13858
50 13865
50 13869
50 13871
50 13875
50 13921
50 13925
50 13932
50 13935
50 13937
50 13945
50 13957
50 13969
50 13971
50 13982
50 13983
50 13991
50 13999
50 14009
50 14013
50 14016
50 14019
50 14033
50 14038
50 14039
50 14053
50 14074
50 14090
50 14109
50 14111
50 14135
50 14142
50 14158
50 14172
50 14176
50 14179
50 14188
50 14189
50 14200
50 14201
50 14203
50 14207
50 14240
50 14254
50 14272
50 14280
50 14300
50 14311
50 14313
50 14325
50 14328
50 14333
50 14335
50 14348
50 14359
50 14367
50 14403
50 14406
50 14409
50 14424
50 14428
50 14430
50 14449
50 14450
50 14453
50 14462
50 14467
50 14469
50 14470
50 14487
50 14494
50 14498
50 14525
50 14531
50 14544
50 14557
50 14561
50 14563
50 14567
50 14570
50 14574
50 14575
50 14582
50 14607
50 14609
50 14614
50 14615
50 14617
50 14660
50 14661
50 14674
50 14678
50 14680
50 14683
50 14698
50 14712
50 14715
50 14717
50 14718
50 14732
50 14736
50 14738
50 14739
50 14742
50 14744
50 14751
50 14756
50 14763
50 14776
50 14789
50 14816
50 14829
50 14847
50 14852
50 14858
50 14859
50 14863
50 14867
50 14875
50 14907
50 14914
50 14923
50 14928
50 14938
50 14944
50 14950
50 14957
50 14964
50 14974
50 14999
50 15009
50 15013
50 15017
50 15023
50 15036
50 15049
50 15054
50 15066
50 15080
50 15097
50 15104
50 15105
50 15108
50 15116
50 15128
50 15137
50 15157
50 15159
50 15160
50 15164
50 15166
50 15191
50 15192
50 15198
50 15200
50 15202
50 15206
50 15219
50 15221
50 15226
50 15233
50 15236
50 15245
50 15254
50 15271
50 15294
50 15311
50 15329
50 15334
50 15342
50 15351
50 15355
50 15358
50 15366
50 15369
50 15371
50 15405
50 15407
50 15413
50 15416
50 15421
50 15430
50 15465
50 15468
50 15479
50 15483
50 15484
50 15494
50 15497
50 15507
50 15529
50 15543
50 15545
50 15554
50 15557
50 15562
50 15567
50 15569
50 15583
50 15584
50 15588
50 15615
50 15635
50 15641
50 15644
50 15645
50 15656
50 15660
50 15663
50 15674
50 15677
50 15684
50 15700
50 15702
50 15704
50 15706
50 15707
50 15714
50 15716
50 15730
50 15733
50 15735
50 15736
50 15743
50 15746
50 15763
50 15766
50 15768
50 15775
50 15783
50 15806
50 15809
50 15813
50 15814
50 15820
50 15821
50 15824
50 15828
50 15838
50 15856
50 15858
50 15866
50 15873
50 15874
50 15885
50 15902
50 15908
50 15909
50 15910
50 15920
50 15924
50 15953
50 15954
50 15966
50 15975
50 15978
50 15979
50 15985
50 15988
50 15992
50 16005
50 16011
50 16014
50 16025
50 16031
50 16037
50 16045
50 16050
50 16054
50 16067
50 16083
50 16086
50 16093
50 16104
50 16110
50 16120
50 16130
50 16140
50 16145
50 16152
50 16156
50 16162
50 16173
50 16174
50 16176
50 16179
50 16182
50 16187
50 16189
50 16195
50 16226
50 16228
50 16233
50 16247
50 16249
50 16251
50 16264
50 16269
50 16271
50 16272
50 16280
50 16295
50 16314
50 16320
50 16331
50 16339
50 16342
50 16348
50 16354
50 16363
50 16365
50 16375
50 16386
50 16387
50 16388
50 16390
50 16391
50 16404
50 16405
50 16408
50 16414
50 16438
50 16459
50 16461
50 16464
50 16467
50 16478
50 16494
50 16506
50 16508
50 16521
50 16524
50 16525
50 16529
50 16536
50 16538
50 16549
50 16564
50 16577
50 16585
50 16590
50 16601
50 16602
50 16615
50 16623
50 16636
50 16646
50 16648
50 16660
50 16664
50 16666
50 16672
50 16681
50 16685
50 16696
50 16703
50 16716
50 16719
50 16720
50 16723
50 16726
50 16731
50 16735
50 16737
50 16739
50 16742
50 16744
50 16754
50 16766
50 16767
50 16768
50 16779
50 16786
50 16789
50 16807
50 16808
50 16819
50 16825
50 16829
50 16832
50 16835
50 16849
50 16861
50 16879
50 16886
50 16888
50 16901
50 16903
50 16909
50 16934
50 16939
50 16953
50 16957
50 16965
50 16967
50 16974
50 16975
50 16977
50 16979
50 16980
50 16985
50 16991
50 16993
50 16995
50 16999
50 17001
50 17015
50 17019
50 17043
50 17052
50 17072
50 17075
50 17082
50 17086
50 17092
50 17108
50 17114
50 17126
50 17129
50 17140
50 17145
50 17154
50 17158
50 17164
50 17178
50 17203
50 17220
50 17230
50 17234
50 17239
50 17242
50 17251
50 17260
50 17264
50 17265
50 17270
50 17275
50 17277
50 17286
50 17289
50 17292
50 17318
50 17324
50 17325
50 17347
50 17353
50 17354
50 17356
50 17367
50 17397
50 17402
50 17403
50 17416
50 17420
50 17421
50 17427
50 17434
50 17437
50 17438
50 17442
50 17445
50 17448
50 17471
50 17474
50 17482
50 17496
50 17510
50 17522
50 17535
50 17539
50 17542
50 17546
50 17558
50 17570
50 17585
50 17589
50 17597
50 17599
50 17608
50 17610
50 17621
50 17624
50 17627
50 17629
50 17632
50 17638
50 17660
50 17663
50 17664
50 17679
50 17680
50 17734
50 17735
50 17738
50 17757
50 17758
50 17770
50 17774
50 17782
50 17799
50 17805
50 17806
50 17812
50 17820
50 17822
50 17826
50 17827
50 17830
50 17841
50 17845
50 17848
50 17852
50 17874
50 17879
50 17880
50 17881
50 17883
50 17894
50 17896
50 17898
50 17902
50 17906
50 17909
50 17914
50 17922
50 17935
50 17941
50 17947
50 17957
50 17968
50 17983
50 17988
50 17996
50 18004
50 18019
50 18023
50 18046
50 18048
50 18055
50 18060
50 18063
50 18070
50 18092
50 18109
50 18112
50 18128
50 18137
50 18152
50 18157
50 18163
50 18164
50 18171
50 18176
50 18177
50 18180
50 18186
50 18201
50 18207
50 18245
50 18264
50 18280
50 18291
50 18307
50 18361
50 18377
50 18381
50 18382
50 18384
50 18418
50 18432
50 18435
50 18447
50 18455
50 18457
50 18460
50 18469
50 18471
50 18481
50 18484
50 18493
50 18521
50 18539
50 18544
50 18545
50 18548
50 18549
50 18553
50 18554
50 18559
50 18560
50 18577
50 18579
50 18584
50 18587
50 18589
50 18591
50 18593
50 18621
50 18660
50 18662
50 18676
50 18686
50 18687
50 18696
50 18715
50 18718
50 18726
50 18736
50 18754
50 18757
50 18759
50 18763
50 18764
50 18767
50 18770
50 18781
50 18790
50 18794
50 18798
50 18804
50 18806
50 18842
50 18844
50 18858
50 18870
50 18875
50 18881
50 18901
50 18903
50 18917
50 18921
50 18925
50 18928
50 18935
50 18939
50 18941
50 18962
50 18973
50 18979
50 18981
50 18983
50 18987
50 18991
50 18992
50 19005
50 19008
50 19017
50 19027
50 19044
50 19049
50 19065
50 19066
50 19071
50 19072
50 19077
50 19082
50 19084
50 19086
50 19094
50 19101
50 19106
50 19107
50 19111
50 19112
50 19143
50 19157
50 19192
50 19206
50 19207
50 19214
50 19217
50 19218
50 19220
50 19223
50 19226
50 19229
50 19231
50 19262
50 19270
50 19273
50 19283
50 19292
50 19299
50 19307
50 19317
50 19325
50 19331
50 19333
50 19341
50 19343
50 19349
50 19364
50 19375
50 19378
50 19394
50 19402
50 19411
50 19425
50 19443
50 19451
50 19458
50 19459
50 19461
50 19465
50 19466
50 19477
50 19499
50 19508
50 19513
50 19531
50 19532
50 19554
50 19556
50 19568
50 19575
50 19577
50 19585
50 19596
50 19597
50 19611
50 19622
50 19638
50 19643
50 19648
50 19653
50 19672
50 19685
50 19696
50 19735
50 19736
50 19760
50 19761
50 19771
50 19772
50 19779
50 19782
50 19785
50 19790
50 19793
50 19806
50 19809
50 19826
50 19831
50 19832
50 19833
50 19841
50 19842
50 19850
50 19855
50 19864
50 19865
50 19875
50 19894
50 19904
50 19912
50 19917
50 19918
50 19923
50 19934
50 19937
50 19940
50 19964
50 19969
50 19970
50 19979
50 19984
50 19989
50 19996
50 19998
50 20017
50 20023
50 20043
50 20058
50 20063
50 20065
50 20072
50 20083
50 20089
50 20100
50 20103
50 20126
50 20133
50 20136
50 20138
50 20139
50 20144
50 20148
50 20159
50 20162
50 20163
50 20166
50 20178
50 20188
50 20189
50 20196
50 20198
50 20203
50 20212
50 20214
50 20224
50 20227
50 20234
50 20246
50 20251
50 20260
50 20268
50 20280
50 20292
50 20296
50 20299
50 20317
50 20325
50 20331
50 20350
50 20363
50 20365
50 20373
50 20377
50 20379
50 20392
50 20395
50 20396
50 20399
50 20401
50 20403
50 20410
50 20413
50 20422
50 20425
50 20429
50 20440
50 20444
50 20450
50 20453
50 20460
50 20467
50 20471
50 20484
50 20488
50 20504
50 20510
50 20525
50 20532
50 20535
50 20542
50 20545
50 20563
50 20566
50 20568
50 20572
50 20588
50 20597
50 20621
50 20626
50 20632
50 20633
50 20636
50 20640
50 20642
50 20646
50 20649
50 20657
50 20667
50 20673
50 20679
50 20683
50 20684
50 20687
50 20689
50 20691
50 20703
50 20712
50 20714
50 20732
50 20739
50 20741
50 20748
50 20756
50 20788
50 20803
50 20816
50 20820
50 20826
50 20836
50 20839
50 20847
50 20849
50 20864
50 20892
50 20894
50 20897
50 20909
50 20919
50 20927
50 20949
50 20964
50 20967
50 20972
50 20982
50 20985
50 20998
50 21003
50 21024
50 21027
50 21029
50 21034
50 21051
50 21064
50 21068
50 21087
50 21089
50 21096
50 21120
50 21132
50 21135
50 21137
50 21138
50 21149
50 21151
50 21160
50 21165
50 21191
50 21192
50 21212
50 21215
50 21217
50 21222
50 21227
50 21230
50 21234
50 21235
50 21238
50 21239
50 21244
50 21247
50 21249
50 21257
50 21258
50 21263
50 21271
50 21274
50 21304
50 21307
50 21309
50 21331
50 21338
50 21339
50 21340
50 21342
50 21352
50 21360
50 21364
50 21375
50 21378
50 21382
50 21396
50 21408
50 21412
50 21414
50 21425
50 21429
50 21433
50 21445
50 21458
50 21473
50 21475
50 21505
50 21509
50 21510
50 21512
50 21517
50 21533
50 21535
50 21552
50 21554
50 21556
50 21567
50 21588
50 21594
50 21597
50 21611
50 21612
50 21614
50 21618
50 21622
50 21638
50 21644
50 21663
50 21671
50 21672
50 21699
50 21701
50 21703
50 21707
50 21720
50 21722
50 21724
50 21725
50 21731
50 21747
50 21749
50 21754
50 21758
50 21768
50 21776
50 21782
50 21790
50 21797
50 21822
50 21830
50 21833
50 21836
50 21838
50 21839
50 21847
50 21850
50 21862
50 21871
50 21885
50 21890
50 21891
50 21895
50 21898
50 21906
50 21937
50 21946
50 21951
50 21959
50 21978
50 21983
50 21999
50 22000
50 22001
50 22005
50 22008
50 22018
50 22021
50 22026
50 22029
50 22030
50 22037
50 22041
50 22042
50 22044
50 22047
50 22054
50 22055
50 22061
50 22064
50 22065
50 22072
50 22074
50 22089
50 22090
50 22106
50 22113
50 22123
50 22134
50 22140
50 22153
50 22156
50 22163
50 22181
50 22208
50 22222
50 22223
50 22228
50 22237
50 22247
50 22254
50 22265
50 22266
50 22270
50 22274
50 22291
50 22292
50 22296
50 22307
50 22308
50 22312
50 22321
50 22324
50 22328
50 22333
50 22336
50 22347
50 22351
50 22356
50 22370
50 22377
50 22380
50 22383
50 22389
50 22405
50 22424
50 22445
50 22447
50 22453
50 22454
50 22467
50 22477
50 22481
50 22496
50 22516
50 22524
50 22536
50 22542
50 22546
50 22572
50 22578
50 22580
50 22585
50 22588
50 22600
50 22616
50 22628
50 22631
50 22632
50 22660
50 22665
50 22671
50 22675
50 22695
50 22698
50 22700
50 22705
50 22713
50 22723
50 22725
50 22730
50 22733
50 22734
50 22739
50 22747
50 22770
50 22773
50 22795
50 22798
50 22808
50 22824
50 22828
50 22829
50 22836
50 22838
50 22842
50 22845
50 22856
50 22877
50 22898
50 22905
50 22911
50 22923
50 22929
50 22942
50 22943
50 22967
50 22976
50 22982
50 22997
50 23003
50 23018
50 23040
50 23042
50 23056
50 23058
50 23084
50 23104
50 23105
50 23109
50 23120
50 23141
50 23143
50 23159
50 23169
50 23177
50 23179
50 23185
50 23197
50 23207
50 23221
50 23247
50 23253
50 23266
50 23271
50 23273
50 23274
50 23275
50 23277
50 23280
50 23281
50 23293
50 23295
50 23307
50 23309
50 23310
50 23312
50 23318
50 23334
50 23335
50 23340
50 23346
50 23351
50 23358
50 23359
50 23375
50 23390
50 23397
50 23410
50 23431
50 23433
50 23436
50 23440
50 23444
50 23448
50 23450
50 23467
50 23472
50 23477
50 23479
50 23482
50 23489
50 23495
50 23519
50 23532
50 23544
50 23551
50 23554
50 23558
50 23559
50 23590
50 23602
50 23603
50 23609
50 23615
50 23625
50 23630
50 23634
50 23643
50 23659
50 23664
50 23684
50 23686
50 23689
50 23720
50 23722
50 23724
50 23727
50 23728
50 23732
50 23734
50 23738
50 23742
50 23748
50 23752
50 23758
50 23796
50 23797
50 23807
50 23814
50 23823
50 23832
50 23835
50 23837
50 23840
50 23841
50 23852
50 23867
50 23868
50 23869
50 23883
50 23893
50 23912
50 23916
50 23919
50 23934
50 23936
50 23945
50 23962
50 23973
50 23976
50 23981
50 23985
50 23990
50 23991
50 23993
50 24001
50 24003
50 24020
50 24030
50 24048
50 24051
50 24056
50 24059
50 24062
50 24069
50 24080
50 24091
50 24095
50 24104
50 24112
50 24119
50 24122
50 24128
50 24130
50 24133
50 24152
50 24157
50 24158
50 24173
50 24174
50 24180
50 24187
50 24199
50 24211
50 24216
50 24220
50 24225
50 24245
50 24253
50 24288
50 24297
50 24307
50 24309
50 24321
50 24322
50 24342
50 24343
50 24344
50 24358
50 24360
50 24375
50 24377
50 24415
50 24423
50 24426
50 24436
50 24449
50 24451
50 24478
50 24481
50 24487
50 24493
50 24495
50 24496
50 24508
50 24517
50 24520
50 24528
50 24539
50 24554
50 24556
50 24561
50 24562
50 24575
50 24580
50 24589
50 24599
50 24609
50 24617
50 24619
50 24633
50 24647
50 24663
50 24669
50 24697
50 24719
50 24729
50 24740
50 24743
50 24747
50 24760
50 24764
50 24799
50 24803
50 24806
50 24811
50 24826
50 24850
50 24855
50 24857
50 24859
50 24862
50 24864
50 24877
50 24886
50 24892
50 24912
50 24942
50 24944
50 24955
50 24958
50 24961
50 24967
50 24987
50 25008
50 25010
50 25018
50 25021
50 25024
50 25029
50 25036
50 25047
50 25055
50 25057
50 25060
50 25061
50 25065
50 25073
50 25074
50 25083
50 25098
50 25108
50 25119
50 25122
50 25123
50 25131
50 25134
50 25141
50 25144
50 25150
50 25165
50 25178
50 25181
50 25188
50 25191
50 25192
50 25197
50 25210
50 25212
50 25220
50 25225
50 25226
50 25238
50 25241
50 25250
50 25280
50 25282
50 25293
50 25301
50 25302
50 25309
50 25321
50 25323
50 25328
50 25329
50 25331
50 25343
50 25346
50 25362
50 25375
50 25392
50 25396
50 25423
50 25432
50 25435
50 25439
50 25443
50 25455
50 25465
50 25469
50 25470
50 25493
50 25500
50 25506
50 25512
50 25525
50 25531
50 25534
50 25543
50 25545
50 25546
50 25547
50 25549
50 25552
50 25573
50 25582
50 25583
50 25586
50 25588
50 25604
50 25625
50 25635
50 25649
50 25650
50 25653
50 25690
50 25692
50 25704
50 25713
50 25718
50 25726
50 25731
50 25742
50 25745
50 25772
50 25790
50 25794
50 25797
50 25802
50 25809
50 25812
50 25817
50 25822
50 25823
50 25828
50 25831
50 25862
50 25863
50 25878
50 25891
50 25893
50 25905
50 25921
50 25922
50 25927
50 25930
50 25933
50 25939
50 25941
50 25943
50 25952
50 25962
50 25964
50 25980
50 25983
50 26007
50 26014
50 26034
50 26038
50 26116
50 26119
50 26120
50 26151
50 26164
50 26173
50 26178
50 26183
50 26188
50 26197
50 26204
50 26208
50 26218
50 26238
50 26242
50 26244
50 26245
50 26247
50 26254
50 26260
50 26278
50 26279
50 26280
50 26286
50 26294
50 26318
50 26322
50 26327
50 26337
50 26346
50 26353
50 26361
50 26363
50 26365
50 26371
50 26382
50 26383
50 26388
50 26395
50 26399
50 26410
50 26441
50 26443
50 26457
50 26460
50 26464
50 26468
50 26480
50 26492
50 26494
50 26512
50 26514
50 26515
50 26521
50 26531
50 26564
50 26573
50 26579
50 26586
50 26588
50 26602
50 26605
50 26610
50 26614
50 26625
50 26645
50 26647
50 26652
50 26667
50 26680
50 26690
50 26702
50 26710
50 26732
50 26740
50 26747
50 26754
50 26798
50 26811
50 26842
50 26848
50 26864
50 26874
50 26885
50 26886
50 26889
50 26904
50 26909
50 26925
50 26929
50 26935
50 26941
50 26942
50 26944
50 26947
50 26949
50 26956
50 26957
50 26981
50 27003
50 27007
50 27012
50 27015
50 27017
50 27028
50 27029
50 27032
50 27041
50 27046
50 27052
50 27056
50 27057
50 27060
50 27062
50 27066
50 27069
50 27070
50 27075
50 27087
50 27089
50 27092
50 27105
50 27120
50 27123
50 27136
50 27143
50 27165
50 27174
50 27180
50 27190
50 27191
50 27205
50 27225
50 27232
50 27249
50 27256
50 27257
50 27260
50 27265
50 27269
50 27272
50 27275
50 27277
50 27280
50 27286
50 27288
50 27296
50 27310
50 27316
50 27319
50 27323
50 27337
50 27349
50 27354
50 27357
50 27359
50 27362
50 27366
50 27367
50 27394
50 27395
50 27401
50 27405
50 27406
50 27416
50 27444
50 27450
50 27465
50 27482
50 27493
50 27499
50 27503
50 27505
50 27508
50 27510
50 27534
50 27537
50 27547
50 27555
50 27559
50 27572
50 27594
50 27629
50 27636
50 27658
50 27662
50 27672
50 27701
50 27704
50 27717
50 27722
50 27724
50 27729
50 27735
50 27739
50 27754
50 27757
50 27761
50 27763
50 27768
50 27780
50 27796
50 27802
50 27812
50 27813
50 27826
50 27827
50 27831
50 27834
50 27842
50 27869
50 27874
50 27876
50 27882
50 27884
50 27898
50 27924
50 27928
50 27935
50 27946
50 27950
50 27954
50 27967
50 27996
50 27999
50 28011
50 28025
50 28027
50 28028
50 28030
50 28041
50 28089
50 28100
50 28104
50 28113
50 28125
50 28137
50 28149
50 28159
50 28167
50 28170
50 28175
50 28176
50 28191
50 28195
50 28198
50 28200
50 28210
50 28211
50 28223
50 28241
50 28246
50 28249
50 28254
50 28260
50 28264
50 28266
50 28268
50 28284
50 28289
50 28299
50 28317
50 28321
50 28361
50 28366
50 28381
50 28394
50 28399
50 28404
50 28406
50 28411
50 28422
50 28423
50 28458
50 28467
50 28477
50 28506
50 28510
50 28526
50 28531
50 28551
50 28553
50 28558
50 28564
50 28571
50 28572
50 28579
50 28582
50 28587
50 28597
50 28599
50 28610
50 28613
50 28614
50 28618
50 28621
50 28622
50 28630
50 28635
50 28643
50 28645
50 28648
50 28652
50 28668
50 28677
50 28684
50 28694
50 28696
50 28709
50 28714
50 28722
50 28727
50 28728
50 28731
50 28736
50 28749
50 28752
50 28762
50 28766
50 28775
50 28784
50 28785
50 28788
50 28791
50 28797
50 28801
50 28809
50 28818
50 28819
50 28822
50 28824
50 28826
50 28831
50 28845
50 28849
50 28872
50 28873
50 28908
50 28928
50 28932
50 28951
50 28957
50 28965
50 28969
50 28971
50 28974
50 28983
50 28987
50 28990
50 28994
50 29006
50 29010
50 29012
50 29016
50 29021
50 29028
50 29030
50 29031
50 29039
50 29053
50 29055
50 29062
50 29079
50 29093
50 29107
50 29115
50 29117
50 29119
50 29123
50 29125
50 29126
50 29130
50 29134
50 29138
50 29139
50 29146
50 29152
50 29160
50 29161
50 29163
50 29166
50 29177
50 29181
50 29185
50 29195
50 29197
50 29215
50 29230
50 29246
50 29248
50 29262
50 29283
50 29285
50 29288
50 29296
50 29298
50 29310
50 29312
50 29314
50 29335
50 29336
50 29349
50 29389
50 29405
50 29407
50 29415
50 29426
50 29441
50 29443
50 29450
50 29453
50 29454
50 29468
50 29469
50 29477
50 29485
50 29491
50 29500
50 29507
50 29511
50 29527
50 29530
50 29534
50 29565
50 29569
50 29570
50 29592
50 29594
50 29597
50 29608
50 29609
50 29626
50 29640
50 29648
50 29697
50 29701
50 29707
50 29710
50 29729
50 29759
50 29761
50 29771
50 29781
50 29786
50 29792
50 29809
50 29826
50 29832
50 29835
50 29842
50 29872
50 29881
50 29891
50 29906
50 29915
50 29935
50 29936
50 29952
50 29963
50 29969
50 29986
50 29989
50 29993
50 30019
50 30020
50 30029
50 30031
50 30038
50 30050
50 30053
50 30067
50 30080
50 30099
50 30106
50 30120
50 30126
50 30129
50 30152
50 30159
50 30167
50 30170
50 30174
50 30187
50 30192
50 30197
50 30213
50 30216
50 30227
50 30236
50 30241
50 30253
50 30255
50 30258
50 30260
50 30279
50 30283
50 30287
50 30292
50 30299
50 30302
50 30304
50 30309
50 30319
50 30326
50 30335
50 30339
50 30342
50 30346
50 30348
50 30356
50 30366
50 30371
50 30385
50 30387
50 30394
50 30395
50 30398
50 30414
50 30420
50 30425
50 30426
50 30431
50 30433
50 30438
50 30446
50 30448
50 30451
50 30453
50 30472
50 30486
50 30490
50 30494
50 30497
50 30517
50 30518
50 30528
50 30530
50 30543
50 30552
50 30564
50 30582
50 30593
50 30604
50 30605
50 30610
50 30627
50 30628
50 30639
50 30646
50 30649
50 30669
50 30681
50 30695
50 30707
50 30711
50 30728
50 30729
50 30746
50 30749
50 30751
50 30761
50 30762
50 30765
50 30774
50 30775
50 30781
50 30787
50 30794
50 30797
50 30800
50 30802
50 30833
50 30840
50 30866
50 30870
50 30876
50 30880
50 30885
50 30914
50 30934
50 30949
50 30952
50 30954
50 30960
50 30973
50 30992
50 30999
50 31002
50 31031
50 31039
50 31046
50 31049
50 31053
50 31071
50 31073
50 31081
50 31082
50 31083
50 31089
50 31090
50 31096
50 31112
50 31132
50 31133
50 31134
50 31145
50 31160
50 31166
50 31172
50 31180
50 31194
50 31205
50 31207
50 31209
50 31224
50 31234
50 31236
50 31238
50 31247
50 31254
50 31267
50 31287
50 31296
50 31298
50 31310
50 31311
50 31343
50 31348
50 31358
50 31363
50 31372
50 31381
50 31384
50 31389
50 31403
50 31404
50 31406
50 31418
50 31436
50 31440
50 31469
50 31473
50 31481
50 31486
50 31491
50 31502
50 31506
50 31516
50 31530
50 31535
50 31543
50 31550
50 31553
50 31563
50 31572
50 31574
50 31577
50 31580
50 31587
50 31605
50 31607
50 31609
50 31611
50 31627
50 31644
50 31663
50 31672
50 31682
50 31696
50 31702
50 31703
50 31705
50 31707
50 31713
50 31714
50 31752
50 31760
50 31765
50 31778
50 31796
50 31812
50 31818
50 31819
50 31846
50 31849
50 31850
50 31857
50 31868
50 31872
50 31877
50 31880
50 31887
50 31899
50 31907
50 31920
50 31921
50 31926
50 31930
50 31939
50 31943
50 31945
50 31948
50 31972
50 31978
50 31986
50 31992
50 31996
50 32001
50 32014
50 32028
50 32053
50 32056
50 32064
50 32083
50 32091
50 32119
50 32126
50 32129
50 32130
50 32136
50 32137
50 32157
50 32180
50 32186
50 32195
50 32198
50 32209
50 32220
50 32221
50 32237
50 32259
50 32273
50 32275
50 32281
50 32300
50 32303
50 32327
50 32332
50 32334
50 32339
50 32348
50 32356
50 32362
50 32363
50 32372
50 32382
50 32419
50 32423
50 32426
50 32428
50 32431
50 32436
50 32449
50 32452
50 32457
50 32462
50 32465
50 32472
50 32474
50 32479
50 32482
50 32493
50 32495
50 32499
50 32511
50 32519
50 32520
50 32525
50 32531
50 32545
50 32547
50 32553
50 32555
50 32557
50 32559
50 32581
50 32583
50 32588
50 32598
50 32608
50 32612
50 32631
50 32639
50 32655
50 32657
50 32663
50 32666
50 32671
50 32687
50 32693
50 32697
50 32711
50 32713
50 32715
50 32716
50 32733
50 32736
50 32741
50 32742
50 32746
50 32755
50 32776
50 32780
50 32783
50 32790
50 32793
50 32806
50 32807
50 32813
50 32825
50 32828
50 32844
50 32847
50 32849
50 32860
50 32863
50 32866
50 32894
50 32900
50 32907
50 32916
50 32926
50 32936
50 32943
50 32948
50 32952
50 32967
50 32970
50 32976
50 32983
50 33010
50 33012
50 33018
50 33022
50 33025
50 33027
50 33032
50 33038
50 33039
50 33050
50 33054
50 33061
50 33066
50 33075
50 33077
50 33082
50 33088
50 33098
50 33111
50 33118
50 33128
50 33142
50 33149
50 33155
50 33182
50 33183
50 33188
50 33190
50 33210
50 33213
50 33218
50 33234
50 33241
50 33254
50 33260
50 33279
50 33284
50 33304
50 33305
50 33318
50 33323
50 33327
50 33330
50 33333
50 33337
50 33342
50 33349
50 33351
50 33371
50 33381
50 33384
50 33387
50 33388
50 33396
50 33408
50 33413
50 33430
50 33438
50 33448
50 33453
50 33457
50 33463
50 33465
50 33487
50 33489
50 33501
50 33504
50 33512
50 33514
50 33525
50 33529
50 33543
50 33554
50 33563
50 33565
50 33569
50 33589
50 33593
50 33599
50 33611
50 33612
50 33617
50 33618
50 33631
50 33648
50 33654
50 33658
50 33660
50 33664
50 33672
50 33674
50 33680
50 33691
50 33703
50 33705
50 33707
50 33718
50 33736
50 33740
50 33746
50 33751
50 33770
50 33815
50 33822
50 33832
50 33847
50 33850
50 33864
50 33878
50 33881
50 33891
50 33896
50 33899
50 33901
50 33908
50 33913
50 33960
50 33963
50 33970
50 33977
50 33985
50 33987
50 33992
50 33994
50 34003
50 34006
50 34011
50 34025
50 34029
50 34041
50 34048
50 34060
50 34064
50 34070
50 34082
50 34089
50 34095
50 34117
50 34119
50 34144
50 34151
50 34157
50 34163
50 34172
50 34174
50 34189
50 34191
50 34198
50 34203
50 34215
50 34221
50 34224
50 34226
50 34232
50 34236
50 34243
50 34253
50 34264
50 34265
50 34269
50 34272
50 34275
50 34286
50 34289
50 34295
50 34296
50 34316
50 34321
50 34325
50 34329
50 34336
50 34339
50 34340
50 34343
50 34345
50 34346
50 34357
50 34368
50 34371
50 34376
50 34401
50 34420
50 34425
50 34427
50 34431
50 34448
50 34459
50 34461
50 34480
50 34498
50 34526
50 34536
50 34544
50 34554
50 34566
50 34574
50 34577
50 34584
50 34594
50 34608
50 34636
50 34637
50 34640
50 34647
50 34654
50 34658
50 34666
50 34670
50 34674
50 34681
50 34682
50 34688
50 34692
50 34698
50 34709
50 34714
50 34719
50 34723
50 34728
50 34734
50 34738
50 34745
50 34747
50 34757
50 34762
50 34766
50 34768
50 34777
50 34781
50 34790
50 34791
50 34792
50 34798
50 34809
50 34813
50 34836
50 34851
50 34861
50 34864
50 34865
50 34867
50 34871
50 34877
50 34879
50 34889
50 34896
50 34899
50 34915
50 34920
50 34934
50 34941
50 34948
50 34955
50 34960
50 34962
50 34963
50 34975
50 34977
50 34985
50 34996
50 35000
50 35012
50 35015
50 35031
50 35036
50 35038
50 35045
50 35046
50 35052
50 35058
50 35072
50 35079
50 35084
50 35093
50 35101
50 35108
50 35116
50 35121
50 35124
50 35149
50 35153
50 35154
50 35166
50 35193
50 35195
50 35208
50 35216
50 35220
50 35246
50 35263
50 35278
50 35284
50 35289
50 35309
50 35319
50 35321
50 35323
50 35332
50 35335
50 35359
50 35373
50 35378
50 35383
50 35384
50 35387
50 35391
50 35403
50 35407
50 35409
50 35417
50 35432
50 35435
50 35443
50 35455
50 35461
50 35471
50 35476
50 35478
50 35480
50 35493
50 35495
50 35510
50 35527
50 35552
50 35560
50 35575
50 35576
50 35579
50 35600
50 35601
50 35607
50 35611
50 35620
50 35644
50 35655
50 35656
50 35657
50 35661
50 35664
50 35667
50 35673
50 35675
50 35679
50 35684
50 35691
50 35706
50 35716
50 35719
50 35734
50 35744
50 35748
50 35749
50 35754
50 35755
50 35761
50 35764
50 35769
50 35780
50 35786
50 35791
50 35797
50 35799
50 35804
50 35808
50 35811
50 35824
50 35830
50 35836
50 35837
50 35846
50 35850
50 35859
50 35866
50 35871
50 35877
50 35907
50 35913
50 35915
50 35918
50 35942
50 35947
50 35951
50 35953
50 35973
50 35988
50 36020
50 36022
50 36027
50 36028
50 36043
50 36060
50 36062
50 36079
50 36080
50 36082
50 36100
50 36105
50 36130
50 36131
50 36134
50 36142
50 36149
50 36150
50 36156
50 36159
50 36177
50 36191
50 36192
50 36207
50 36212
50 36214
50 36216
50 36222
50 36233
50 36236
50 36248
50 36260
50 36263
50 36268
50 36274
50 36284
50 36328
50 36329
50 36338
50 36340
50 36345
50 36349
50 36352
50 36358
50 36359
50 36362
50 36363
50 36369
50 36383
50 36384
50 36419
50 36426
50 36428
50 36444
50 36448
50 36449
50 36457
50 36462
50 36471
50 36472
50 36473
50 36477
50 36487
50 36490
50 36492
50 36498
50 36518
50 36527
50 36548
50 36554
50 36556
50 36569
50 36575
50 36580
50 36582
50 36584
50 36585
50 36587
50 36588
50 36590
50 36605
50 36655
50 36669
50 36671
50 36672
50 36674
50 36679
50 36689
50 36693
50 36700
50 36701
50 36708
50 36720
50 36722
50 36724
50 36749
50 36779
50 36785
50 36790
50 36795
50 36812
50 36825
50 36832
50 36840
50 36842
50 36852
50 36858
50 36866
50 36870
50 36885
50 36896
50 36899
50 36926
50 36930
50 36932
50 36949
50 36958
50 36964
50 36969
50 36972
50 36979
50 36980
50 37022
50 37031
50 37046
50 37049
50 37058
50 37060
50 37077
50 37082
50 37085
50 37086
50 37096
50 37110
50 37122
50 37129
50 37150
50 37159
50 37165
50 37191
50 37202
50 37217
50 37223
50 37228
50 37231
50 37237
50 37243
50 37245
50 37247
50 37252
50 37258
50 37275
50 37276
50 37291
50 37299
50 37300
50 37307
50 37318
50 37331
50 37333
50 37337
50 37349
50 37357
50 37359
50 37371
50 37385
50 37393
50 37395
50 37414
50 37415
50 37422
50 37446
50 37452
50 37481
50 37487
50 37521
50 37524
50 37528
50 37549
50 37554
50 37561
50 37564
50 37593
50 37597
50 37603
50 37604
50 37605
50 37609
50 37628
50 37631
50 37650
50 37659
50 37661
50 37684
50 37690
50 37692
50 37699
50 37700
50 37702
50 37708
50 37712
50 37714
50 37731
50 37734
50 37738
50 37763
50 37777
50 37781
50 37808
50 37820
50 37829
50 37838
50 37839
50 37843
50 37844
50 37846
50 37848
50 37853
50 37854
50 37865
50 37866
50 37879
50 37891
50 37907
50 37910
50 37912
50 37923
50 37942
50 37944
50 37946
50 37948
50 37953
50 37954
50 37959
50 37964
50 37986
50 37988
50 37993
50 38003
50 38005
50 38006
50 38025
50 38042
50 38052
50 38057
50 38074
50 38075
50 38084
50 38086
50 38090
50 38101
50 38112
50 38114
50 38115
50 38126
50 38129
50 38141
50 38153
50 38154
50 38157
50 38159
50 38160
50 38164
50 38169
50 38172
50 38191
50 38216
50 38222
50 38228
50 38232
50 38243
50 38254
50 38263
50 38276
50 38280
50 38289
50 38291
50 38303
50 38312
50 38313
50 38319
50 38325
50 38335
50 38336
50 38338
50 38341
50 38342
50 38362
50 38366
50 38369
50 38374
50 38375
50 38382
50 38392
50 38443
50 38447
50 38448
50 38451
50 38455
50 38463
50 38466
50 38482
50 38486
50 38489
50 38510
50 38530
50 38540
50 38549
50 38553
50 38554
50 38558
50 38560
50 38575
50 38602
50 38606
50 38611
50 38612
50 38615
50 38624
50 38626
50 38630
50 38642
50 38649
50 38657
50 38663
50 38664
50 38666
50 38671
50 38675
50 38676
50 38680
50 38684
50 38686
50 38688
50 38693
50 38714
50 38716
50 38731
50 38735
50 38742
50 38746
50 38748
50 38759
50 38762
50 38763
50 38769
50 38771
50 38782
50 38783
50 38784
50 38795
50 38807
50 38811
50 38813
50 38826
50 38830
50 38831
50 38836
50 38856
50 38882
50 38893
50 38897
50 38898
50 38904
50 38913
50 38915
50 38927
50 38934
50 38955
50 38970
50 38971
50 38973
50 38979
50 38986
50 38990
50 38995
50 39003
50 39005
50 39006
50 39008
50 39011
50 39012
50 39019
50 39025
50 39029
50 39037
50 39039
50 39044
50 39050
50 39062
50 39074
50 39078
50 39081
50 39089
50 39099
50 39106
50 39112
50 39114
50 39116
50 39119
50 39135
50 39138
50 39150
50 39167
50 39174
50 39177
50 39187
50 39189
50 39215
50 39245
50 39253
50 39257
50 39259
50 39265
50 39270
50 39283
50 39288
50 39289
50 39294
50 39300
50 39303
50 39306
50 39310
50 39383
50 39390
50 39393
50 39396
50 39402
50 39406
50 39415
50 39438
50 39463
50 39474
50 39481
50 39483
50 39489
50 39490
50 39500
50 39502
50 39504
50 39522
50 39533
50 39541
50 39547
50 39550
50 39553
50 39558
50 39579
50 39584
50 39591
50 39596
50 39598
50 39603
50 39615
50 39631
50 39633
50 39635
50 39643
50 39655
50 39659
50 39699
50 39703
50 39706
50 39707
50 39709
50 39717
50 39732
50 39733
50 39745
50 39748
50 39752
50 39754
50 39765
50 39769
50 39792
50 39806
50 39811
50 39817
50 39819
50 39826
50 39831
50 39840
50 39844
50 39851
50 39864
50 39871
50 39878
50 39886
50 39897
50 39900
50 39901
50 39903
50 39914
50 39917
50 39919
50 39938
50 39941
50 39948
50 39962
50 39963
50 39967
50 39982
50 39984
50 40009
50 40013
50 40015
50 40017
50 40022
50 40025
50 40050
50 40070
50 40080
50 40090
50 40097
50 40098
50 40107
50 40146
50 40165
50 40168
50 40177
50 40179
50 40183
50 40200
50 40206
50 40208
50 40213
50 40215
50 40217
50 40223
50 40233
50 40236
50 40245
50 40246
50 40262
50 40263
50 40282
50 40307
50 40308
50 40316
50 40337
50 40339
50 40348
50 40359
50 40361
50 40397
50 40405
50 40431
50 40434
50 40435
50 40445
50 40448
50 40450
50 40453
50 40457
50 40463
50 40467
50 40469
50 40472
50 40488
50 40496
50 40503
50 40511
50 40512
50 40527
50 40532
50 40535
50 40537
50 40548
50 40549
50 40557
50 40564
50 40565
50 40566
50 40570
50 40573
50 40598
50 40635
50 40641
50 40651
50 40656
50 40666
50 40669
50 40681
50 40687
50 40688
50 40689
50 40690
50 40693
50 40699
50 40705
50 40708
50 40714
50 40722
50 40734
50 40760
50 40767
50 40784
50 40787
50 40795
50 40805
50 40815
50 40821
50 40822
50 40831
50 40836
50 40875
50 40877
50 40880
50 40888
50 40898
50 40910
50 40916
50 40918
50 40922
50 40928
50 40946
50 40962
50 40970
50 40977
50 41002
50 41009
50 41011
50 41019
50 41031
50 41036
50 41041
50 41043
50 41056
50 41063
50 41066
50 41079
50 41080
50 41088
50 41094
50 41095
50 41124
50 41130
50 41159
50 41161
50 41176
50 41179
50 41200
50 41202
50 41204
50 41228
50 41229
50 41236
50 41237
50 41247
50 41248
50 41250
50 41252
50 41270
50 41281
50 41282
50 41290
50 41295
50 41301
50 41310
50 41329
50 41334
50 41350
50 41354
50 41366
50 41388
50 41391
50 41396
50 41400
50 41409
50 41410
50 41417
50 41432
50 41436
50 41445
50 41451
50 41463
50 41469
50 41490
50 41501
50 41508
50 41512
50 41517
50 41521
50 41526
50 41547
50 41563
50 41564
50 41573
50 41594
50 41595
50 41606
50 41609
50 41611
50 41617
50 41628
50 41642
50 41648
50 41653
50 41655
50 41661
50 41662
50 41691
50 41693
50 41701
50 41719
50 41724
50 41733
50 41746
50 41770
50 41781
50 41794
50 41797
50 41804
50 41831
50 41835
50 41838
50 41854
50 41874
50 41883
50 41906
50 41921
50 41928
50 41955
50 41961
50 41963
50 41970
50 41981
50 41982
50 41989
50 41990
50 41997
50 42000
50 42003
50 42011
50 42017
50 42020
50 42026
50 42027
50 42030
50 42031
50 42037
50 42041
50 42051
50 42056
50 42061
50 42062
50 42070
50 42073
50 42079
50 42093
50 42097
50 42100
50 42101
50 42103
50 42104
50 42128
50 42132
50 42148
50 42151
50 42153
50 42155
50 42159
50 42163
50 42170
50 42172
50 42174
50 42176
50 42183
50 42186
50 42205
50 42208
50 42210
50 42217
50 42223
50 42241
50 42245
50 42249
50 42250
50 42255
50 42263
50 42272
50 42276
50 42289
50 42293
50 42310
50 42312
50 42322
50 42323
50 42326
50 42328
50 42332
50 42335
50 42337
50 42351
50 42363
50 42374
50 42386
50 42401
50 42404
50 42408
50 42412
50 42414
50 42424
50 42426
50 42431
50 42432
50 42442
50 42452
50 42454
50 42460
50 42462
50 42467
50 42473
50 42475
50 42478
50 42485
50 42494
50 42522
50 42540
50 42555
50 42559
50 42565
50 42575
50 42577
50 42579
50 42590
50 42599
50 42609
50 42612
50 42617
50 42622
50 42624
50 42631
50 42636
50 42637
50 42648
50 42661
50 42671
50 42677
50 42680
50 42682
50 42692
50 42696
50 42699
50 42703
50 42710
50 42717
50 42720
50 42721
50 42729
50 42742
50 42745
50 42751
50 42754
50 42761
50 42763
50 42768
50 42771
50 42787
50 42789
50 42795
50 42797
50 42798
50 42801
50 42804
50 42811
50 42820
50 42830
50 42837
50 42841
50 42842
50 42849
50 42853
50 42869
50 42875
50 42880
50 42886
50 42888
50 42892
50 42901
50 42903
50 42909
50 42918
50 42921
50 42926
50 42934
50 42939
50 42948
50 42957
50 42959
50 42991
50 43009
50 43012
50 43027
50 43029
50 43040
50 43042
50 43046
50 43054
50 43059
50 43061
50 43063
50 43077
50 43080
50 43082
50 43086
50 43089
50 43097
50 43104
50 43105
50 43125
50 43128
50 43135
50 43139
50 43142
50 43159
50 43167
50 43179
50 43182
50 43186
50 43190
50 43211
50 43212
50 43243
50 43254
50 43260
50 43269
50 43274
50 43281
50 43288
50 43310
50 43317
50 43320
50 43323
50 43332
50 43341
50 43356
50 43359
50 43361
50 43365
50 43372
50 43381
50 43384
50 43385
50 43387
50 43389
50 43401
50 43410
50 43412
50 43432
50 43441
50 43442
50 43456
50 43459
50 43465
50 43478
50 43486
50 43491
50 43506
50 43510
50 43514
50 43517
50 43520
50 43531
50 43538
50 43540
50 43548
50 43556
50 43574
50 43575
50 43593
50 43612
50 43613
50 43624
50 43628
50 43637
50 43657
50 43679
50 43702
50 43707
50 43710
50 43716
50 43722
50 43724
50 43731
50 43743
50 43767
50 43784
50 43787
50 43790
50 43794
50 43802
50 43812
50 43817
50 43829
50 43849
50 43854
50 43855
50 43856
50 43860
50 43864
50 43865
50 43873
50 43894
50 43899
50 43901
50 43902
50 43904
50 43922
50 43929
50 43933
50 43942
50 43950
50 43956
50 43960
50 43966
50 44009
50 44024
50 44032
50 44034
50 44050
50 44054
50 44064
50 44100
50 44118
50 44132
50 44140
50 44152
50 44155
50 44158
50 44166
50 44177
50 44189
50 44190
50 44192
50 44206
50 44208
50 44214
50 44232
50 44247
50 44254
50 44286
50 44318
50 44326
50 44335
50 44336
50 44342
50 44367
50 44406
50 44408
50 44443
50 44449
50 44451
50 44460
50 44463
50 44465
50 44476
50 44488
50 44496
50 44499
50 44500
50 44506
50 44518
50 44520
50 44549
50 44557
50 44560
50 44567
50 44572
50 44578
50 44589
50 44601
50 44604
50 44606
50 44613
50 44622
50 44624
50 44629
50 44653
50 44677
50 44700
50 44713
50 44714
50 44725
50 44734
50 44747
50 44753
50 44755
50 44762
50 44773
50 44778
50 44784
50 44792
50 44796
50 44836
50 44847
50 44854
50 44857
50 44867
50 44871
50 44873
50 44886
50 44892
50 44915
50 44923
50 44931
50 44938
50 44939
50 44945
50 44951
50 44952
50 44954
50 44964
50 44966
50 44967
50 44971
50 44979
50 44980
50 44992
50 44994
50 45006
50 45013
50 45019
50 45026
50 45041
50 45042
50 45050
50 45067
50 45070
50 45076
50 45080
50 45085
50 45090
50 45094
50 45098
50 45106
50 45138
50 45159
50 45162
50 45166
50 45175
50 45177
50 45182
50 45194
50 45198
50 45200
50 45206
50 45212
50 45218
50 45226
50 45234
50 45254
50 45260
50 45261
50 45275
50 45284
50 45286
50 45288
50 45289
50 45295
50 45304
50 45312
50 45322
50 45326
50 45337
50 45347
50 45349
50 45360
50 45361
50 45363
50 45365
50 45380
50 45386
50 45387
50 45394
50 45398
50 45405
50 45415
50 45428
50 45430
50 45432
50 45435
50 45437
50 45440
50 45451
50 45453
50 45474
50 45476
50 45482
50 45484
50 45487
50 45490
50 45493
50 45499
50 45511
50 45514
50 45523
50 45540
50 45553
50 45558
50 45565
50 45567
50 45572
50 45593
50 45610
50 45613
50 45621
50 45628
50 45631
50 45635
50 45637
50 45639
50 45643
50 45653
50 45675
50 45692
50 45702
50 45712
50 45715
50 45716
50 45729
50 45734
50 45739
50 45741
50 45747
50 45757
50 45782
50 45786
50 45803
50 45806
50 45809
50 45813
50 45820
50 45822
50 45826
50 45829
50 45843
50 45849
50 45850
50 45853
50 45870
50 45877
50 45883
50 45901
50 45902
50 45908
50 45928
50 45934
50 45936
50 45950
50 45957
50 45959
50 45966
50 45977
50 45981
50 45985
50 46014
50 46019
50 46026
50 46035
50 46043
50 46053
50 46054
50 46076
50 46089
50 46111
50 46115
50 46122
50 46141
50 46156
50 46169
50 46180
50 46182
50 46195
50 46197
50 46199
50 46211
50 46212
50 46214
50 46216
50 46223
50 46234
50 46242
50 46248
50 46251
50 46252
50 46254
50 46276
50 46284
50 46285
50 46291
50 46297
50 46299
50 46303
50 46306
50 46311
50 46328
50 46329
50 46331
50 46335
50 46339
50 46341
50 46364
50 46365
50 46376
50 46378
50 46395
50 46409
50 46419
50 46424
50 46425
50 46427
50 46428
50 46433
50 46440
50 46442
50 46449
50 46451
50 46452
50 46473
50 46492
50 46510
50 46524
50 46528
50 46532
50 46536
50 46538
50 46546
50 46558
50 46570
50 46573
50 46586
50 46604
50 46613
50 46616
50 46636
50 46652
50 46675
50 46678
50 46685
50 46686
50 46687
50 46695
50 46696
50 46701
50 46706
50 46710
50 46724
50 46726
50 46727
50 46737
50 46742
50 46745
50 46758
50 46761
50 46769
50 46770
50 46775
50 46778
50 46782
50 46786
50 46797
50 46802
50 46817
50 46856
50 46862
50 46863
50 46883
50 46885
50 46900
50 46917
50 46937
50 46954
50 46956
50 46961
50 46983
50 46992
50 46995
50 46999
50 47014
50 47038
50 47040
50 47060
50 47063
50 47067
50 47076
50 47078
50 47080
50 47104
50 47109
50 47112
50 47113
50 47116
50 47118
50 47131
50 47134
50 47162
50 47168
50 47206
50 47209
50 47217
50 47221
50 47228
50 47232
50 47235
50 47236
50 47242
50 47244
50 47257
50 47275
50 47278
50 47281
50 47283
50 47287
50 47291
50 47303
50 47308
50 47313
50 47334
50 47336
50 47338
50 47340
50 47343
50 47349
50 47354
50 47355
50 47374
50 47384
50 47387
50 47398
50 47399
50 47404
50 47417
50 47419
50 47432
50 47433
50 47439
50 47442
50 47447
50 47481
50 47496
50 47498
50 47507
50 47516
50 47524
50 47530
50 47557
50 47571
50 47588
50 47590
50 47595
50 47597
50 47614
50 47615
50 47619
50 47630
50 47634
50 47642
50 47643
50 47644
50 47659
50 47665
50 47669
50 47697
50 47717
50 47723
50 47727
50 47731
50 47736
50 47740
50 47743
50 47752
50 47765
50 47769
50 47770
50 47772
50 47796
50 47798
50 47804
50 47807
50 47816
50 47827
50 47837
50 47840
50 47859
50 47866
50 47870
50 47874
50 47878
50 47887
50 47907
50 47912
50 47922
50 47930
50 47937
50 47942
50 47971
50 47973
50 47990
50 47992
50 47997
50 47999
50 48004
50 48011
50 48019
50 48024
50 48025
50 48034
50 48051
50 48052
50 48055
50 48066
50 48077
50 48080
50 48083
50 48087
50 48088
50 48099
50 48108
50 48113
50 48117
50 48125
50 48151
50 48152
50 48165
50 48168
50 48169
50 48180
50 48195
50 48199
50 48205
50 48207
50 48209
50 48210
50 48218
50 48228
50 48233
50 48235
50 48241
50 48259
50 48263
50 48271
50 48275
50 48278
50 48280
50 48287
50 48293
50 48315
50 48336
50 48349
50 48354
50 48365
50 48367
50 48372
50 48382
50 48386
50 48393
50 48408
50 48416
50 48423
50 48429
50 48457
50 48459
50 48469
50 48480
50 48488
50 48504
50 48516
50 48522
50 48527
50 48551
50 48557
50 48559
50 48560
50 48575
50 48581
50 48586
50 48587
50 48606
50 48623
50 48633
50 48637
50 48642
50 48649
50 48651
50 48653
50 48670
50 48696
50 48698
50 48703
50 48708
50 48712
50 48717
50 48726
50 48728
50 48733
50 48734
50 48740
50 48744
50 48751
50 48753
50 48760
50 48782
50 48785
50 48795
50 48796
50 48805
50 48820
50 48834
50 48837
50 48847
50 48883
50 48884
50 48887
50 48890
50 48897
50 48900
50 48907
50 48925
50 48940
50 48942
50 48952
50 48961
50 48964
50 48967
50 48972
50 48998
50 49000
50 49006
50 49010
50 49015
50 49031
50 49044
50 49048
50 49049
50 49052
50 49069
50 49074
50 49081
50 49091
50 49096
50 49101
50 49103
50 49105
50 49107
50 49113
50 49117
50 49119
50 49122
50 49124
50 49126
50 49130
50 49131
50 49133
50 49160
50 49169
50 49173
50 49175
50 49184
50 49192
50 49194
50 49198
50 49202
50 49237
50 49266
50 49295
50 49297
50 49309
50 49343
50 49353
50 49354
50 49357
50 49358
50 49365
50 49375
50 49376
50 49383
50 49387
50 49404
50 49439
50 49442
50 49448
50 49457
50 49460
50 49472
50 49483
50 49491
50 49509
50 49510
50 49512
50 49520
50 49524
50 49538
50 49549
50 49562
50 49568
50 49581
50 49585
50 49587
50 49590
50 49594
50 49600
50 49607
50 49613
50 49621
50 49625
50 49646
50 49649
50 49658
50 49660
50 49667
50 49673
50 49679
50 49685
50 49691
50 49701
50 49708
50 49715
50 49718
50 49721
50 49724
50 49752
50 49757
50 49762
50 49768
50 49779
50 49802
50 49804
50 49805
50 49811
50 49813
50 49831
50 49834
50 49837
50 49843
50 49848
50 49854
50 49858
50 49865
50 49867
50 49874
50 49879
50 49886
50 49895
50 49917
50 49928
50 49930
50 49935
50 49940
50 49948
50 50008
50 50019
50 50037
50 50052
50 50060
50 50074
50 50095
50 50096
50 50101
50 50104
50 50119
50 50123
50 50125
50 50126
50 50132
50 50140
50 50145
50 50163
50 50173
50 50178
50 50182
50 50183
50 50189
50 50191
50 50193
50 50199
50 50200
50 50209
50 50215
50 50228
50 50233
50 50238
50 50242
50 50248
50 50258
50 50267
50 50271
50 50289
50 50302
50 50304
50 50307
50 50310
50 50316
50 50343
50 50352
50 50353
50 50354
50 50356
50 50360
50 50375
50 50378
50 50379
50 50386
50 50401
50 50405
50 50425
50 50427
50 50452
50 50476
50 50494
50 50495
50 50497
50 50501
50 50503
50 50520
50 50526
50 50536
50 50540
50 50541
50 50543
50 50550
50 50558
50 50574
50 50582
50 50584
50 50586
50 50601
50 50612
50 50616
50 50631
50 50650
50 50653
50 50666
50 50682
50 50683
50 50688
50 50689
50 50693
50 50700
50 50703
50 50707
50 50713
50 50725
50 50735
50 50736
50 50743
50 50751
50 50760
50 50761
50 50775
50 50797
50 50805
50 50826
50 50828
50 50835
50 50863
50 50876
50 50883
50 50898
50 50903
50 50916
50 50921
50 50937
50 50939
50 50942
50 50946
50 50950
50 50952
50 50959
50 50963
50 50969
50 50970
50 51005
50 51007
50 51014
50 51020
50 51022
50 51029
50 51032
50 51033
50 51043
50 51057
50 51069
50 51086
50 51094
50 51100
50 51106
50 51108
50 51125
50 51131
50 51138
50 51140
50 51147
50 51150
50 51152
50 51157
50 51163
50 51167
50 51172
50 51174
50 51186
50 51189
50 51205
50 51213
50 51215
50 51239
50 51240
50 51272
50 51277
50 51285
50 51291
50 51305
50 51308
50 51315
50 51331
50 51332
50 51340
50 51351
50 51352
50 51355
50 51358
50 51359
50 51364
50 51368
50 51390
50 51393
50 51410
50 51422
50 51432
50 51433
50 51439
50 51444
50 51450
50 51455
50 51481
50 51496
50 51498
50 51503
50 51510
50 51516
50 51518
50 51523
50 51527
50 51530
50 51540
50 51553
50 51557
50 51559
50 51563
50 51570
50 51615
50 51624
50 51640
50 51648
50 51651
50 51665
50 51666
50 51676
50 51681
50 51689
50 51703
50 51706
50 51715
50 51721
50 51724
50 51736
50 51753
50 51760
50 51761
50 51769
50 51781
50 51797
50 51802
50 51808
50 51814
50 51816
50 51830
50 51844
50 51849
50 51852
50 51862
50 51886
50 51892
50 51906
50 51910
50 51913
50 51922
50 51938
50 51939
50 51942
50 51947
50 51979
50 52017
50 52019
50 52023
50 52032
50 52034
50 52041
50 52047
50 52054
50 52059
50 52066
50 52073
50 52080
50 52088
50 52100
50 52105
50 52125
50 52129
50 52132
50 52133
50 52141
50 52145
50 52151
50 52153
50 52165
50 52177
50 52181
50 52185
50 52200
50 52222
50 52223
50 52228
50 52235
50 52259
50 52263
50 52265
50 52270
50 52276
50 52309
50 52310
50 52320
50 52322
50 52335
50 52353
50 52358
50 52361
50 52368
50 52388
50 52396
50 52407
50 52411
50 52412
50 52415
50 52416
50 52430
50 52434
50 52438
50 52467
50 52469
50 52475
50 52477
50 52486
50 52491
50 52502
50 52511
50 52529
50 52536
50 52551
50 52556
50 52559
50 52560
50 52561
50 52565
50 52571
50 52608
50 52621
50 52631
50 52649
50 52669
50 52673
50 52676
50 52679
50 52684
50 52692
50 52695
50 52706
50 52707
50 52713
50 52719
50 52727
50 52729
50 52740
50 52743
50 52749
50 52762
50 52763
50 52766
50 52767
50 52770
50 52773
50 52775
50 52782
50 52792
50 52803
50 52808
50 52810
50 52811
50 52829
50 52836
50 52850
50 52854
50 52855
50 52857
50 52862
50 52867
50 52873
50 52884
50 52911
50 52918
50 52926
50 52935
50 52946
50 52968
50 52970
50 52972
50 52983
50 52988
50 52990
50 52994
50 53018
50 53026
50 53031
50 53042
50 53047
50 53054
50 53057
50 53093
50 53094
50 53102
50 53105
50 53110
50 53121
50 53140
50 53144
50 53147
50 53151
50 53152
50 53168
50 53169
50 53171
50 53192
50 53211
50 53228
50 53252
50 53268
50 53272
50 53282
50 53283
50 53290
50 53296
50 53297
50 53298
50 53309
50 53314
50 53337
50 53341
50 53344
50 53358
50 53359
50 53366
50 53373
50 53380
50 53391
50 53394
50 53397
50 53411
50 53413
50 53426
50 53436
50 53439
50 53444
50 53446
50 53451
50 53452
50 53460
50 53478
50 53485
50 53495
50 53501
50 53503
50 53510
50 53514
50 53521
50 53535
50 53540
50 53545
50 53555
50 53556
50 53558
50 53580
50 53584
50 53587
50 53596
50 53601
50 53623
50 53628
50 53631
50 53646
50 53662
50 53677
50 53682
50 53683
50 53686
50 53688
50 53698
50 53710
50 53712
50 53714
50 53715
50 53717
50 53734
50 53770
50 53773
50 53775
50 53788
50 53791
50 53795
50 53813
50 53818
50 53827
50 53831
50 53847
50 53864
50 53888
50 53893
50 53895
50 53907
50 53919
50 53924
50 53939
50 53941
50 53944
50 53951
50 53958
50 53960
50 53967
50 53969
50 53970
50 53973
50 53976
50 53977
50 53980
50 53988
50 53994
50 54008
50 54010
50 54013
50 54029
50 54035
50 54037
50 54055
50 54059
50 54081
50 54083
50 54088
50 54095
50 54102
50 54103
50 54123
50 54140
50 54141
50 54142
50 54144
50 54148
50 54156
50 54164
50 54167
50 54171
50 54172
50 54175
50 54178
50 54193
50 54196
50 54213
50 54225
50 54231
50 54255
50 54256
50 54268
50 54283
50 54290
50 54292
50 54297
50 54309
50 54311
50 54313
50 54322
50 54345
50 54348
50 54350
50 54371
50 54386
50 54394
50 54407
50 54409
50 54411
50 54453
50 54463
50 54467
50 54477
50 54480
50 54493
50 54498
50 54500
50 54503
50 54513
50 54514
50 54523
50 54539
50 54545
50 54548
50 54571
50 54582
50 54585
50 54598
50 54604
50 54636
50 54637
50 54657
50 54665
50 54672
50 54680
50 54688
50 54691
50 54693
50 54700
50 54721
50 54734
50 54745
50 54746
50 54747
50 54764
50 54767
50 54779
50 54791
50 54793
50 54802
50 54806
50 54825
50 54830
50 54831
50 54836
50 54840
50 54843
50 54862
50 54866
50 54867
50 54869
50 54872
50 54876
50 54877
50 54888
50 54900
50 54906
50 54909
50 54917
50 54934
50 54953
50 54959
50 54962
50 54972
50 54975
50 54978
50 54983
50 54993
50 55003
50 55012
50 55015
50 55032
50 55037
50 55040
50 55045
50 55047
50 55052
50 55076
50 55085
50 55091
50 55114
50 55123
50 55164
50 55181
50 55199
50 55210
50 55220
50 55222
50 55224
50 55237
50 55241
50 55251
50 55253
50 55257
50 55270
50 55273
50 55280
50 55288
50 55294
50 55295
50 55298
50 55310
50 55311
50 55325
50 55330
50 55333
50 55338
50 55343
50 55345
50 55357
50 55365
50 55370
50 55382
50 55396
50 55406
50 55411
50 55417
50 55437
50 55441
50 55453
50 55465
50 55470
50 55476
50 55503
50 55507
50 55515
50 55517
50 55520
50 55526
50 55541
50 55547
50 55554
50 55557
50 55564
50 55565
50 55571
50 55572
50 55603
50 55614
50 55617
50 55622
50 55625
50 55631
50 55637
50 55644
50 55655
50 55665
50 55675
50 55682
50 55683
50 55687
50 55694
50 55698
50 55701
50 55713
50 55720
50 55725
50 55729
50 55731
50 55742
50 55760
50 55771
50 55775
50 55780
50 55782
50 55805
50 55806
50 55808
50 55814
50 55818
50 55837
50 55852
50 55856
50 55860
50 55870
50 55879
50 55881
50 55889
50 55904
50 55913
50 55918
50 55923
50 55940
50 55944
50 55953
50 55969
50 55976
50 55995
50 56005
50 56007
50 56023
50 56031
50 56032
50 56040
50 56054
50 56059
50 56062
50 56076
50 56090
50 56094
50 56096
50 56103
50 56107
50 56129
50 56132
50 56147
50 56148
50 56149
50 56155
50 56179
50 56195
50 56211
50 56215
50 56234
50 56236
50 56245
50 56249
50 56251
50 56268
50 56271
50 56273
50 56276
50 56286
50 56288
50 56302
50 56315
50 56318
50 56332
50 56333
50 56336
50 56338
50 56341
50 56349
50 56357
50 56395
50 56398
50 56402
50 56440
50 56442
50 56443
50 56444
50 56446
50 56461
50 56472
50 56484
50 56493
50 56498
50 56522
50 56535
50 56539
50 56543
50 56547
50 56548
50 56555
50 56563
50 56569
50 56576
50 56583
50 56584
50 56588
50 56594
50 56597
50 56601
50 56604
50 56629
50 56635
50 56648
50 56655
50 56665
50 56667
50 56673
50 56676
50 56684
50 56687
50 56692
50 56693
50 56697
50 56701
50 56707
50 56731
50 56734
50 56747
50 56755
50 56771
50 56804
50 56805
50 56811
50 56813
50 56817
50 56829
50 56833
50 56835
50 56855
50 56858
50 56861
50 56864
50 56875
50 56876
50 56877
50 56896
50 56901
50 56908
50 56909
50 56919
50 56925
50 56930
50 56938
50 56942
50 56943
50 56952
50 56965
50 56969
50 56974
50 56981
50 56985
50 57016
50 57027
50 57034
50 57038
50 57043
50 57058
50 57073
50 57088
50 57122
50 57135
50 57142
50 57146
50 57155
50 57157
50 57158
50 57160
50 57176
50 57182
50 57193
50 57224
50 57237
50 57245
50 57255
50 57265
50 57269
50 57274
50 57285
50 57288
50 57296
50 57322
50 57338
50 57342
50 57348
50 57359
50 57368
50 57392
50 57408
50 57414
50 57418
50 57422
50 57428
50 57429
50 57444
50 57450
50 57452
50 57455
50 57459
50 57490
50 57493
50 57499
50 57501
50 57508
50 57516
50 57524
50 57530
50 57540
50 57541
50 57542
50 57550
50 57555
50 57568
50 57569
50 57586
50 57594
50 57612
50 57614
50 57629
50 57632
50 57637
50 57656
50 57665
50 57673
50 57674
50 57690
50 57701
50 57710
50 57714
50 57715
50 57724
50 57732
50 57756
50 57759
50 57768
50 57791
50 57803
50 57809
50 57815
50 57816
50 57823
50 57824
50 57839
50 57844
50 57845
50 57866
50 57870
50 57873
50 57876
50 57886
50 57890
50 57907
50 57909
50 57917
50 57933
50 57938
50 57947
50 57952
50 57959
50 57965
50 57966
50 57979
50 57983
50 57985
50 57986
50 57992
50 57993
50 57997
50 58001
50 58002
50 58012
50 58028
50 58029
50 58045
50 58047
50 58049
50 58062
50 58065
50 58070
50 58088
50 58097
50 58113
50 58126
50 58140
50 58180
50 58182
50 58206
50 58209
50 58212
50 58242
50 58247
50 58256
50 58258
50 58264
50 58268
50 58271
50 58287
50 58293
50 58294
50 58304
50 58306
50 58308
50 58316
50 58318
50 58349
50 58350
50 58353
50 58364
50 58367
50 58368
50 58371
50 58376
50 58378
50 58393
50 58395
50 58398
50 58401
50 58407
50 58410
50 58412
50 58417
50 58420
50 58421
50 58426
50 58443
50 58446
50 58449
50 58454
50 58455
50 58482
50 58486
50 58512
50 58513
50 58535
50 58538
50 58549
50 58555
50 58556
50 58574
50 58577
50 58583
50 58602
50 58610
50 58616
50 58617
50 58618
50 58632
50 58634
50 58638
50 58639
50 58640
50 58651
50 58655
50 58661
50 58686
50 58692
50 58700
50 58714
50 58727
50 58732
50 58742
50 58744
50 58758
50 58784
50 58793
50 58794
50 58807
50 58828
50 58829
50 58831
50 58835
50 58855
50 58859
50 58884
50 58911
50 58929
50 58941
50 58946
50 58957
50 58959
50 58970
50 58995
50 59005
50 59006
50 59007
50 59015
50 59035
50 59052
50 59054
50 59063
50 59068
50 59080
50 59082
50 59085
50 59098
50 59099
50 59112
50 59114
50 59139
50 59141
50 59147
50 59154
50 59156
50 59157
50 59162
50 59163
50 59174
50 59195
50 59201
50 59208
50 59220
50 59225
50 59261
50 59275
50 59281
50 59290
50 59295
50 59305
50 59313
50 59317
50 59318
50 59328
50 59332
50 59335
50 59370
50 59379
50 59383
50 59386
50 59392
50 59402
50 59407
50 59412
50 59422
50 59426
50 59434
50 59452
50 59458
50 59474
50 59475
50 59484
50 59493
50 59501
50 59502
50 59512
50 59526
50 59530
50 59537
50 59538
50 59562
50 59580
50 59581
50 59583
50 59594
50 59601
50 59624
50 59627
50 59631
50 59637
50 59640
50 59647
50 59658
50 59679
50 59684
50 59702
50 59732
50 59743
50 59745
50 59747
50 59753
50 59762
50 59765
50 59766
50 59789
50 59804
50 59808
50 59809
50 59842
50 59848
50 59852
50 59859
50 59860
50 59864
50 59869
50 59875
50 59883
50 59884
50 59898
50 59910
50 59912
50 59915
50 59919
50 59920
50 59923
50 59930
50 59940
50 59941
50 59947
50 59950
50 59952
50 59955
50 59960
50 59963
50 59967
50 59969
50 59977
50 59978
50 59991
50 60007
50 60020
50 60027
50 60038
50 60051
50 60053
50 60055
50 60056
50 60059
50 60072
50 60088
50 60110
50 60121
50 60126
50 60131
50 60132
50 60148
50 60167
50 60170
50 60186
50 60201
50 60219
50 60230
50 60243
50 60256
50 60270
50 60288
50 60301
50 60327
50 60346
50 60359
50 60374
50 60383
50 60385
50 60388
50 60389
50 60395
50 60397
50 60403
50 60405
50 60410
50 60427
50 60429
50 60435
50 60438
50 60449
50 60458
50 60480
50 60482
50 60486
50 60493
50 60511
50 60524
50 60533
50 60534
50 60539
50 60558
50 60561
50 60595
50 60596
50 60611
50 60622
50 60645
50 60648
50 60653
50 60674
50 60677
50 60681
50 60690
50 60699
50 60700
50 60709
50 60714
50 60720
50 60731
50 60738
50 60742
50 60766
50 60779
50 60803
50 60810
50 60811
50 60816
50 60821
50 60822
50 60834
50 60838
50 60852
50 60862
50 60866
50 60868
50 60880
50 60881
50 60884
50 60892
50 60896
50 60899
50 60915
50 60918
50 60932
50 60933
50 60935
50 60943
50 60958
50 60967
50 60971
50 61010
50 61012
50 61013
50 61020
50 61021
50 61023
50 61026
50 61027
50 61048
50 61060
50 61062
50 61065
50 61074
50 61076
50 61077
50 61082
50 61084
50 61087
50 61093
50 61103
50 61107
50 61110
50 61116
50 61135
50 61141
50 61153
50 61156
50 61159
50 61166
50 61167
50 61168
50 61170
50 61178
50 61180
50 61189
50 61202
50 61215
50 61234
50 61243
50 61254
50 61257
50 61262
50 61267
50 61269
50 61273
50 61276
50 61281
50 61282
50 61291
50 61312
50 61321
50 61323
50 61330
50 61337
50 61342
50 61352
50 61357
50 61363
50 61367
50 61403
50 61410
50 61411
50 61413
50 61416
50 61419
50 61430
50 61434
50 61453
50 61478
50 61483
50 61488
50 61491
50 61496
50 61503
50 61516
50 61524
50 61527
50 61531
50 61532
50 61550
50 61559
50 61561
50 61566
50 61611
50 61612
50 61625
50 61632
50 61635
50 61640
50 61642
50 61647
50 61658
50 61660
50 61664
50 61680
50 61709
50 61712
50 61716
50 61718
50 61740
50 61741
50 61746
50 61763
50 61773
50 61776
50 61785
50 61792
50 61797
50 61799
50 61802
50 61815
50 61822
50 61833
50 61840
50 61852
50 61864
50 61874
50 61877
50 61886
50 61906
50 61908
50 61922
50 61924
50 61940
50 61942
50 61949
50 61956
50 61962
50 61969
50 61981
50 61985
50 61987
50 61999
50 62002
50 62008
50 62025
50 62033
50 62041
50 62060
50 62063
50 62064
50 62066
50 62080
50 62083
50 62086
50 62087
50 62089
50 62095
50 62105
50 62127
50 62147
50 62156
50 62159
50 62169
50 62178
50 62191
50 62193
50 62204
50 62205
50 62240
50 62248
50 62250
50 62256
50 62261
50 62275
50 62288
50 62298
50 62305
50 62314
50 62332
50 62335
50 62337
50 62341
50 62346
50 62360
50 62363
50 62396
50 62399
50 62406
50 62412
50 62418
50 62425
50 62430
50 62431
50 62440
50 62442
50 62448
50 62457
50 62462
50 62463
50 62466
50 62476
50 62492
50 62507
50 62515
50 62517
50 62539
50 62541
50 62546
50 62548
50 62551
50 62554
50 62555
50 62566
50 62587
50 62591
50 62596
50 62602
50 62604
50 62608
50 62616
50 62624
50 62634
50 62635
50 62647
50 62650
50 62673
50 62679
50 62694
50 62702
50 62713
50 62721
50 62731
50 62738
50 62747
50 62751
50 62759
50 62769
50 62776
50 62778
50 62779
50 62790
50 62794
50 62800
50 62806
50 62827
50 62828
50 62832
50 62835
50 62841
50 62843
50 62852
50 62858
50 62859
50 62868
50 62905
50 62924
50 62926
50 62938
50 62944
50 62953
50 62966
50 62970
50 62973
50 62975
50 62977
50 62979
50 62985
50 62991
50 62993
50 63015
50 63021
50 63038
50 63050
50 63062
50 63067
50 63076
50 63104
50 63111
50 63114
50 63127
50 63132
50 63140
50 63194
50 63205
50 63206
50 63212
50 63219
50 63221
50 63245
50 63247
50 63258
50 63272
50 63275
50 63282
50 63288
50 63305
50 63312
50 63315
50 63337
50 63349
50 63360
50 63361
50 63373
50 63378
50 63383
50 63389
50 63400
50 63425
50 63458
50 63465
50 63468
50 63475
50 63505
50 63507
50 63513
50 63521
50 63529
50 63543
50 63560
50 63565
50 63568
50 63625
50 63626
50 63636
50 63675
50 63680
50 63686
50 63689
50 63691
50 63715
50 63733
50 63734
50 63744
50 63745
50 63756
50 63760
50 63762
50 63764
50 63770
50 63781
50 63813
50 63815
50 63819
50 63827
50 63835
50 63839
50 63844
50 63860
50 63864
50 63870
50 63871
50 63875
50 63892
50 63898
50 63911
50 63916
50 63925
50 63943
50 63947
50 63950
50 63951
50 63959
50 63980
50 63983
50 64000
50 64001
50 64003
50 64009
50 64032
50 64062
50 64072
50 64083
50 64091
50 64096
50 64107
50 64113
50 64124
50 64126
50 64131
50 64151
50 64152
50 64155
50 64159
50 64187
50 64190
50 64191
50 64208
50 64210
50 64212
50 64219
50 64230
50 64232
50 64241
50 64247
50 64251
50 64256
50 64266
50 64268
50 64274
50 64275
50 64286
50 64300
50 64304
50 64335
50 64338
50 64344
50 64346
50 64348
50 64354
50 64365
50 64373
50 64377
50 64382
50 64383
50 64390
50 64391
50 64403
50 64405
50 64410
50 64413
50 64414
50 64422
50 64434
50 64438
50 64440
50 64446
50 64448
50 64452
50 64461
50 64486
50 64487
50 64490
50 64538
50 64539
50 64548
50 64550
50 64562
50 64577
50 64579
50 64592
50 64603
50 64606
50 64615
50 64631
50 64643
50 64646
50 64651
50 64662
50 64666
50 64672
50 64680
50 64681
50 64693
50 64694
50 64714
50 64715
50 64728
50 64729
50 64772
50 64776
50 64778
50 64796
50 64803
50 64804
50 64815
50 64819
50 64827
50 64830
50 64835
50 64837
50 64851
50 64861
50 64864
50 64879
50 64882
50 64887
50 64889
50 64893
50 64894
50 64895
50 64903
50 64918
50 64922
50 64928
50 64933
50 64944
50 64955
50 64967
50 64969
50 64974
50 64975
50 64994
50 64996
50 65003
50 65010
50 65019
50 65035
50 65055
50 65063
50 65072
50 65073
50 65085
50 65089
50 65095
50 65103
50 65105
50 65117
50 65124
50 65138
50 65141
50 65152
50 65187
50 65194
50 65198
50 65201
50 65207
50 65208
50 65211
50 65219
50 65244
50 65248
50 65256
50 65271
50 65272
50 65282
50 65285
50 65293
50 65303
50 65308
50 65310
50 65318
50 65321
50 65324
50 65334
50 65343
50 65348
50 65353
50 65359
50 65364
50 65373
50 65381
50 65394
50 65400
50 65401
50 65410
50 65421
50 65427
50 65429
50 65448
50 65452
50 65457
50 65463
50 65492
50 65506
50 65509
50 65525
50 65567
50 65583
50 65596
50 65611
50 65628
50 65645
50 65647
50 65649
50 65650
50 65652
50 65662
50 65673
50 65674
50 65685
50 65686
50 65706
50 65710
50 65714
50 65720
50 65729
50 65733
50 65740
50 65754
50 65760
50 65777
50 65779
50 65817
50 65839
50 65845
50 65862
50 65872
50 65884
50 65887
50 65892
50 65893
50 65894
50 65899
50 65901
50 65903
50 65915
50 65917
50 65918
50 65925
50 65926
50 65934
50 65955
50 65960
50 65962
50 65973
50 65974
50 65977
50 65982
50 65989
50 65994
50 66003
50 66015
50 66029
50 66037
50 66042
50 66049
50 66060
50 66066
50 66068
50 66075
50 66084
50 66085
50 66088
50 66099
50 66102
50 66111
50 66113
50 66123
50 66125
50 66144
50 66147
50 66163
50 66169
50 66172
50 66174
50 66177
50 66181
50 66189
50 66192
50 66194
50 66200
50 66208
50 66214
50 66255
50 66262
50 66275
50 66280
50 66285
50 66295
50 66300
50 66301
50 66317
50 66323
50 66337
50 66344
50 66353
50 66358
50 66362
50 66363
50 66368
50 66379
50 66385
50 66391
50 66393
50 66397
50 66405
50 66408
50 66417
50 66420
50 66429
50 66435
50 66455
50 66457
50 66465
50 66471
50 66477
50 66478
50 66490
50 66496
50 66507
50 66511
50 66514
50 66530
50 66542
50 66569
50 66576
50 66583
50 66584
50 66594
50 66605
50 66609
50 66610
50 66626
50 66639
50 66647
50 66653
50 66654
50 66672
50 66678
50 66689
50 66695
50 66703
50 66709
50 66711
50 66728
50 66736
50 66755
50 66757
50 66760
50 66762
50 66763
50 66767
50 66772
50 66776
50 66779
50 66786
50 66791
50 66794
50 66802
50 66804
50 66807
50 66812
50 66819
50 66821
50 66822
50 66824
50 66827
50 66829
50 66834
50 66847
50 66875
50 66880
50 66889
50 66895
50 66898
50 66899
50 66904
50 66908
50 66917
50 66918
50 66930
50 66932
50 66935
50 66942
50 66977
50 66979
50 66983
50 66986
50 67000
50 67013
50 67016
50 67017
50 67018
50 67026
50 67030
50 67039
50 67043
50 67044
50 67048
50 67058
50 67059
50 67062
50 67077
50 67081
50 67098
50 67099
50 67102
50 67108
50 67110
50 67115
50 67136
50 67137
50 67146
50 67155
50 67166
50 67174
50 67177
50 67178
50 67193
50 67210
50 67224
50 67227
50 67230
50 67240
50 67244
50 67267
50 67269
50 67271
50 67275
50 67296
50 67309
50 67316
50 67318
50 67334
50 67335
50 67346
50 67348
50 67372
50 67374
50 67378
50 67401
50 67408
50 67409
50 67418
50 67423
50 67426
50 67449
50 67459
50 67461
50 67463
50 67476
50 67482
50 67483
50 67492
50 67498
50 67505
50 67509
50 67519
50 67520
50 67525
50 67534
50 67555
50 67568
50 67580
50 67599
50 67600
50 67613
50 67616
50 67617
50 67629
50 67642
50 67644
50 67649
50 67655
50 67660
50 67662
50 67669
50 67690
50 67699
50 67705
50 67706
50 67735
50 67738
50 67753
50 67770
50 67789
50 67802
50 67803
50 67810
50 67811
50 67816
50 67833
50 67834
50 67836
50 67842
50 67847
50 67861
50 67873
50 67880
50 67882
50 67885
50 67898
50 67906
50 67916
50 67922
50 67930
50 67932
50 67935
50 67951
50 67952
50 67956
50 67963
50 67964
50 67965
50 67971
50 67975
50 67982
50 67988
50 67991
50 68005
50 68011
50 68012
50 68013
50 68024
50 68045
50 68050
50 68052
50 68058
50 68063
50 68066
50 68076
50 68081
50 68082
50 68083
50 68084
50 68090
50 68101
50 68123
50 68124
50 68125
50 68136
50 68141
50 68146
50 68151
50 68161
50 68182
50 68202
50 68204
50 68212
50 68231
50 68233
50 68235
50 68237
50 68244
50 68260
50 68277
50 68279
50 68283
50 68290
50 68299
50 68312
50 68316
50 68334
50 68342
50 68349
50 68354
50 68366
50 68387
50 68392
50 68405
50 68412
50 68428
50 68431
50 68437
50 68440
50 68450
50 68461
50 68462
50 68471
50 68474
50 68481
50 68484
50 68494
50 68504
50 68509
50 68510
50 68512
50 68524
50 68526
50 68536
50 68548
50 68554
50 68560
50 68568
50 68576
50 68584
50 68587
50 68596
50 68618
50 68634
50 68635
50 68643
50 68646
50 68650
50 68665
50 68668
50 68673
50 68680
50 68689
50 68690
50 68693
50 68694
50 68703
50 68704
50 68705
50 68708
50 68710
50 68721
50 68725
50 68733
50 68734
50 68745
50 68760
50 68767
50 68770
50 68783
50 68786
50 68792
50 68795
50 68797
50 68798
50 68802
50 68821
50 68834
50 68847
50 68849
50 68871
50 68879
50 68882
50 68893
50 68899
50 68906
50 68909
50 68923
50 68930
50 68942
50 68947
50 68948
50 68957
50 68959
50 68960
50 68967
50 68972
50 68978
50 68982
50 68985
50 68992
50 68995
50 69011
50 69022
50 69028
50 69032
50 69035
50 69044
50 69049
50 69052
50 69053
50 69064
50 69083
50 69087
50 69093
50 69094
50 69107
50 69120
50 69124
50 69133
50 69135
50 69169
50 69172
50 69212
50 69218
50 69219
50 69226
50 69239
50 69249
50 69263
50 69286
50 69292
50 69302
50 69309
50 69313
50 69314
50 69331
50 69333
50 69343
50 69344
50 69348
50 69360
50 69372
50 69382
50 69387
50 69394
50 69397
50 69413
50 69416
50 69419
50 69421
50 69429
50 69430
50 69448
50 69463
50 69465
50 69481
50 69488
50 69489
50 69503
50 69548
50 69556
50 69558
50 69566
50 69570
50 69577
50 69583
50 69588
50 69596
50 69622
50 69625
50 69636
50 69653
50 69665
50 69678
50 69697
50 69704
50 69714
50 69716
50 69734
50 69743
50 69746
50 69763
50 69769
50 69776
50 69778
50 69781
50 69811
50 69822
50 69845
50 69847
50 69861
50 69871
50 69889
50 69906
50 69910
50 69913
50 69920
50 69928
50 69935
50 69937
50 69945
50 69951
50 69953
50 69959
50 69968
50 69972
50 69992
50 69996
50 70006
50 70009
50 70014
50 70020
50 70023
50 70024
50 70030
50 70064
50 70071
50 70094
50 70103
50 70118
50 70131
50 70138
50 70142
50 70144
50 70145
50 70149
50 70154
50 70165
50 70171
50 70175
50 70176
50 70196
50 70201
50 70213
50 70215
50 70220
50 70229
50 70238
50 70254
50 70266
50 70271
50 70273
50 70289
50 70290
50 70307
50 70326
50 70336
50 70353
50 70372
50 70383
50 70385
50 70387
50 70391
50 70392
50 70394
50 70400
50 70406
50 70409
50 70413
50 70434
50 70443
50 70450
50 70464
50 70471
50 70473
50 70484
50 70488
50 70500
50 70502
50 70507
50 70511
50 70513
50 70518
50 70531
50 70540
50 70548
50 70559
50 70560
50 70562
50 70570
50 70572
50 70579
50 70581
50 70603
50 70607
50 70610
50 70620
50 70638
50 70648
50 70656
50 70668
50 70672
50 70673
50 70675
50 70693
50 70695
50 70697
50 70712
50 70718
50 70725
50 70735
50 70737
50 70742
50 70756
50 70771
50 70782
50 70784
50 70794
50 70798
50 70801
50 70809
50 70812
50 70813
50 70815
50 70824
50 70837
50 70840
50 70843
50 70850
50 70871
50 70873
50 70875
50 70880
50 70895
50 70905
50 70906
50 70920
50 70939
50 70940
50 70965
50 70979
50 70998
50 71000
50 71001
50 71019
50 71028
50 71042
50 71049
50 71050
50 71051
50 71061
50 71063
50 71065
50 71069
50 71071
50 71074
50 71081
50 71082
50 71088
50 71089
50 71098
50 71108
50 71113
50 71119
50 71137
50 71141
50 71143
50 71156
50 71163
50 71166
50 71183
50 71202
50 71209
50 71213
50 71234
50 71241
50 71244
50 71251
50 71265
50 71275
50 71293
50 71299
50 71307
50 71316
50 71322
50 71329
50 71364
50 71369
50 71371
50 71373
50 71374
50 71378
50 71382
50 71383
50 71390
50 71392
50 71393
50 71415
50 71418
50 71420
50 71423
50 71427
50 71436
50 71440
50 71446
50 71462
50 71476
50 71478
50 71488
50 71496
50 71503
50 71504
50 71514
50 71516
50 71528
50 71537
50 71543
50 71569
50 71572
50 71585
50 71606
50 71621
50 71624
50 71630
50 71631
50 71634
50 71644
50 71650
50 71661
50 71666
50 71683
50 71685
50 71728
50 71731
50 71735
50 71740
50 71752
50 71758
50 71759
50 71763
50 71766
50 71775
50 71779
50 71812
50 71819
50 71825
50 71833
50 71834
50 71847
50 71848
50 71851
50 71855
50 71857
50 71863
50 71903
50 71913
50 71932
50 71945
50 71947
50 71951
50 71968
50 71969
50 71986
50 71987
50 71988
50 71998
50 71999
50 72011
50 72015
50 72042
50 72044
50 72045
50 72059
50 72064
50 72072
50 72098
50 72115
50 72121
50 72124
50 72137
50 72151
50 72158
50 72169
50 72175
50 72188
50 72189
50 72209
50 72212
50 72217
50 72223
50 72237
50 72255
50 72261
50 72268
50 72272
50 72284
50 72291
50 72307
50 72318
50 72320
50 72337
50 72340
50 72343
50 72362
50 72364
50 72393
50 72399
50 72402
50 72407
50 72416
50 72420
50 72423
50 72430
50 72432
50 72456
50 72461
50 72485
50 72491
50 72498
50 72523
50 72528
50 72529
50 72536
50 72554
50 72559
50 72579
50 72592
50 72600
50 72602
50 72611
50 72612
50 72632
50 72637
50 72660
50 72664
50 72673
50 72683
50 72688
50 72696
50 72702
50 72710
50 72719
50 72738
50 72746
50 72758
50 72763
50 72771
50 72772
50 72820
50 72830
50 72831
50 72837
50 72841
50 72845
50 72861
50 72863
50 72869
50 72871
50 72880
50 72907
50 72914
50 72915
50 72917
50 72919
50 72925
50 72934
50 72937
50 72938
50 72962
50 72969
50 72991
50 72995
50 72998
50 73016
50 73018
50 73036
50 73050
50 73052
50 73061
50 73072
50 73087
50 73104
50 73117
50 73123
50 73125
50 73158
50 73160
50 73168
50 73176
50 73178
50 73181
50 73184
50 73190
50 73193
50 73201
50 73205
50 73209
50 73215
50 73221
50 73233
50 73244
50 73247
50 73255
50 73260
50 73281
50 73285
50 73289
50 73296
50 73297
50 73298
50 73306
50 73330
50 73339
50 73340
50 73350
50 73356
50 73362
50 73369
50 73372
50 73375
50 73394
50 73399
50 73409
50 73412
50 73416
50 73418
50 73420
50 73422
50 73423
50 73439
50 73444
50 73446
50 73455
50 73456
50 73458
50 73473
50 73486
50 73500
50 73527
50 73533
50 73536
50 73546
50 73566
50 73576
50 73592
50 73597
50 73601
50 73603
50 73604
50 73613
50 73619
50 73628
50 73635
50 73640
50 73644
50 73652
50 73658
50 73678
50 73684
50 73716
50 73718
50 73722
50 73723
50 73729
50 73732
50 73734
50 73737
50 73739
50 73743
50 73750
50 73751
50 73759
50 73763
50 73772
50 73777
50 73783
50 73784
50 73795
50 73797
50 73800
50 73803
50 73804
50 73816
50 73821
50 73826
50 73838
50 73845
50 73857
50 73876
50 73882
50 73885
50 73893
50 73902
50 73908
50 73916
50 73917
50 73922
50 73923
50 73931
50 73932
50 73942
50 73943
50 73946
50 73965
50 73975
50 73986
50 73988
50 73992
50 73995
50 74001
50 74009
50 74011
50 74021
50 74030
50 74046
50 74048
50 74054
50 74059
50 74064
50 74073
50 74075
50 74076
50 74083
50 74086
50 74090
50 74110
50 74142
50 74153
50 74154
50 74158
50 74159
50 74161
50 74163
50 74164
50 74166
50 74186
50 74187
50 74220
50 74230
50 74232
50 74240
50 74244
50 74256
50 74291
50 74298
50 74299
50 74310
50 74323
50 74331
50 74339
50 74342
50 74345
50 74349
50 74355
50 74360
50 74361
50 74383
50 74384
50 74403
50 74410
50 74431
50 74456
50 74457
50 74467
50 74489
50 74507
50 74516
50 74520
50 74530
50 74547
50 74553
50 74556
50 74567
50 74587
50 74589
50 74609
50 74615
50 74619
50 74623
50 74624
50 74627
50 74629
50 74631
50 74632
50 74635
50 74650
50 74654
50 74669
50 74683
50 74686
50 74688
50 74704
50 74715
50 74719
50 74723
50 74724
50 74727
50 74737
50 74739
50 74762
50 74766
50 74771
50 74781
50 74790
50 74792
50 74797
50 74803
50 74804
50 74812
50 74819
50 74824
50 74836
50 74840
50 74850
50 74869
50 74878
50 74899
50 74902
50 74915
50 74926
50 74944
50 74946
50 74950
50 74952
50 74954
50 74956
50 74959
50 74968
50 74970
50 74971
50 74973
50 74980
50 74993
50 75040
50 75068
50 75071
50 75098
50 75101
50 75105
50 75108
50 75140
50 75141
50 75168
50 75177
50 75179
50 75184
50 75186
50 75191
50 75206
50 75215
50 75216
50 75219
50 75233
50 75237
50 75240
50 75246
50 75247
50 75256
50 75277
50 75281
50 75302
50 75314
50 75335
50 75340
50 75344
50 75353
50 75360
50 75383
50 75385
50 75388
50 75396
50 75398
50 75409
50 75426
50 75435
50 75443
50 75447
50 75449
50 75460
50 75468
50 75474
50 75475
50 75477
50 75483
50 75486
50 75493
50 75496
50 75513
50 75527
50 75541
50 75550
50 75579
50 75585
50 75588
50 75592
50 75615
50 75622
50 75636
50 75659
50 75661
50 75682
50 75701
50 75702
50 75710
50 75722
50 75743
50 75744
50 75748
50 75762
50 75764
50 75768
50 75775
50 75784
50 75786
50 75788
50 75794
50 75818
50 75823
50 75832
50 75834
50 75837
50 75840
50 75843
50 75855
50 75871
50 75877
50 75882
50 75884
50 75889
50 75896
50 75897
50 75907
50 75912
50 75923
50 75940
50 75970
50 75976
50 75991
50 75995
50 76004
50 76006
50 76008
50 76012
50 76016
50 76022
50 76025
50 76029
50 76030
50 76040
50 76052
50 76070
50 76076
50 76077
50 76079
50 76090
50 76093
50 76103
50 76105
50 76107
50 76108
50 76113
50 76123
50 76130
50 76140
50 76143
50 76145
50 76161
50 76167
50 76188
50 76199
50 76220
50 76221
50 76226
50 76229
50 76232
50 76237
50 76272
50 76284
50 76307
50 76313
50 76321
50 76324
50 76331
50 76342
50 76352
50 76353
50 76378
50 76393
50 76396
50 76400
50 76414
50 76438
50 76441
50 76444
50 76446
50 76461
50 76463
50 76467
50 76472
50 76474
50 76477
50 76478
50 76493
50 76500
50 76502
50 76503
50 76507
50 76511
50 76560
50 76575
50 76585
50 76586
50 76594
50 76610
50 76615
50 76628
50 76635
50 76636
50 76662
50 76666
50 76668
50 76688
50 76697
50 76702
50 76713
50 76714
50 76722
50 76724
50 76730
50 76743
50 76753
50 76768
50 76782
50 76802
50 76824
50 76827
50 76857
50 76895
50 76909
50 76919
50 76924
50 76928
50 76933
50 76937
50 76949
50 76954
50 77017
50 77018
50 77022
50 77054
50 77078
50 77083
50 77087
50 77101
50 77104
50 77106
50 77111
50 77115
50 77134
50 77141
50 77147
50 77153
50 77171
50 77177
50 77180
50 77189
50 77193
50 77208
50 77209
50 77217
50 77228
50 77234
50 77235
50 77236
50 77241
50 77246
50 77257
50 77260
50 77263
50 77268
50 77272
50 77295
50 77302
50 77305
50 77316
50 77320
50 77339
50 77341
50 77345
50 77348
50 77356
50 77358
50 77364
50 77365
50 77366
50 77382
50 77389
50 77397
50 77421
50 77434
50 77444
50 77447
50 77449
50 77454
50 77462
50 77479
50 77482
50 77486
50 77489
50 77493
50 77495
50 77496
50 77499
50 77508
50 77514
50 77516
50 77521
50 77531
50 77538
50 77548
50 77610
50 77613
50 77617
50 77620
50 77626
50 77639
50 77653
50 77667
50 77670
50 77675
50 77679
50 77681
50 77684
50 77698
50 77700
50 77711
50 77725
50 77728
50 77731
50 77738
50 77742
50 77744
50 77751
50 77757
50 77759
50 77776
50 77779
50 77786
50 77792
50 77794
50 77799
50 77806
50 77814
50 77818
50 77835
50 77838
50 77848
50 77854
50 77857
50 77859
50 77863
50 77910
50 77930
50 77955
50 77976
50 77991
50 78001
50 78002
50 78011
50 78012
50 78016
50 78039
50 78043
50 78060
50 78070
50 78072
50 78107
50 78115
50 78117
50 78123
50 78136
50 78138
50 78139
50 78143
50 78144
50 78153
50 78157
50 78160
50 78166
50 78193
50 78205
50 78207
50 78208
50 78212
50 78218
50 78224
50 78226
50 78232
50 78233
50 78253
50 78258
50 78264
50 78274
50 78275
50 78285
50 78297
50 78318
50 78329
50 78334
50 78346
50 78354
50 78365
50 78372
50 78380
50 78405
50 78410
50 78413
50 78420
50 78423
50 78441
50 78445
50 78447
50 78462
50 78463
50 78476
50 78477
50 78478
50 78493
50 78513
50 78514
50 78517
50 78519
50 78529
50 78560
50 78574
50 78587
50 78600
50 78602
50 78616
50 78621
50 78623
50 78626
50 78634
50 78649
50 78663
50 78666
50 78672
50 78677
50 78716
50 78720
50 78738
50 78743
50 78756
50 78763
50 78767
50 78797
50 78812
50 78815
50 78822
50 78823
50 78824
50 78828
50 78843
50 78846
50 78852
50 78857
50 78862
50 78871
50 78904
50 78908
50 78911
50 78916
50 78934
50 78945
50 78950
50 78969
50 78971
50 78980
50 78982
50 78997
50 79017
50 79024
50 79028
50 79037
50 79043
50 79046
50 79057
50 79071
50 79090
50 79118
50 79138
50 79142
50 79147
50 79150
50 79157
50 79164
50 79172
50 79175
50 79177
50 79180
50 79190
50 79201
50 79202
50 79203
50 79206
50 79214
50 79218
50 79223
50 79227
50 79241
50 79243
50 79250
50 79252
50 79260
50 79267
50 79269
50 79270
50 79272
50 79276
50 79278
50 79285
50 79296
50 79311
50 79316
50 79319
50 79321
50 79323
50 79351
50 79359
50 79366
50 79376
50 79379
50 79387
50 79388
50 79396
50 79402
50 79416
50 79420
50 79426
50 79433
50 79441
50 79462
50 79471
50 79479
50 79492
50 79496
50 79501
50 79502
50 79520
50 79528
50 79539
50 79540
50 79545
50 79556
50 79560
50 79573
50 79580
50 79590
50 79593
50 79594
50 79610
50 79615
50 79621
50 79628
50 79654
50 79686
50 79691
50 79696
50 79700
50 79705
50 79717
50 79725
50 79727
50 79736
50 79742
50 79758
50 79760
50 79814
50 79819
50 79841
50 79843
50 79850
50 79855
50 79862
50 79883
50 79886
50 79891
50 79901
50 79906
50 79909
50 79910
50 79916
50 79926
50 79933
50 79946
50 79952
50 79956
50 79971
50 79979
50 79987
50 80004
50 80005
50 80007
50 80012
50 80023
50 80024
50 80033
50 80041
50 80057
50 80061
50 80064
50 80078
50 80081
50 80092
50 80098
50 80101
50 80106
50 80124
50 80129
50 80140
50 80154
50 80161
50 80183
50 80195
50 80198
50 80210
50 80214
50 80216
50 80225
50 80247
50 80249
50 80259
50 80262
50 80282
50 80287
50 80293
50 80298
50 80302
50 80303
50 80307
50 80316
50 80323
50 80325
50 80346
50 80352
50 80354
50 80356
50 80361
50 80362
50 80381
50 80386
50 80392
50 80395
50 80414
50 80416
50 80423
50 80427
50 80437
50 80450
50 80464
50 80466
50 80477
50 80488
50 80511
50 80515
50 80519
50 80529
50 80536
50 80545
50 80546
50 80553
50 80556
50 80571
50 80572
50 80584
50 80587
50 80592
50 80596
50 80603
50 80605
50 80610
50 80619
50 80638
50 80654
50 80670
50 80673
50 80687
50 80691
50 80716
50 80722
50 80735
50 80750
50 80766
50 80769
50 80774
50 80783
50 80785
50 80787
50 80791
50 80792
50 80801
50 80803
50 80809
50 80812
50 80820
50 80847
50 80848
50 80852
50 80862
50 80863
50 80881
50 80892
50 80894
50 80901
50 80920
50 80923
50 80924
50 80943
50 80950
50 80952
50 80953
50 80958
50 80960
50 80962
50 80967
50 80995
50 80997
50 81001
50 81009
50 81033
50 81041
50 81043
50 81056
50 81058
50 81060
50 81068
50 81069
50 81077
50 81081
50 81090
50 81091
50 81094
50 81100
50 81104
50 81106
50 81111
50 81113
50 81126
50 81133
50 81144
50 81150
50 81152
50 81167
50 81168
50 81169
50 81199
50 81205
50 81229
50 81255
50 81256
50 81258
50 81262
50 81264
50 81278
50 81283
50 81289
50 81290
50 81298
50 81301
50 81329
50 81334
50 81338
50 81340
50 81344
50 81346
50 81353
50 81357
50 81368
50 81371
50 81383
50 81387
50 81388
50 81400
50 81410
50 81420
50 81436
50 81437
50 81441
50 81450
50 81456
50 81464
50 81467
50 81473
50 81483
50 81501
50 81516
50 81521
50 81525
50 81527
50 81532
50 81535
50 81539
50 81554
50 81568
50 81571
50 81577
50 81592
50 81597
50 81607
50 81609
50 81617
50 81622
50 81627
50 81642
50 81651
50 81655
50 81656
50 81657
50 81658
50 81666
50 81680
50 81697
50 81703
50 81706
50 81712
50 81713
50 81718
50 81737
50 81752
50 81754
50 81763
50 81770
50 81781
50 81783
50 81793
50 81795
50 81804
50 81817
50 81846
50 81847
50 81850
50 81858
50 81861
50 81863
50 81865
50 81879
50 81884
50 81915
50 81923
50 81927
50 81928
50 81929
50 81945
50 81947
50 81957
50 81968
50 81975
50 81979
50 81991
50 82000
50 82006
50 82035
50 82061
50 82072
50 82107
50 82108
50 82112
50 82114
50 82116
50 82133
50 82137
50 82148
50 82152
50 82164
50 82191
50 82193
50 82199
50 82205
50 82214
50 82219
50 82222
50 82230
50 82240
50 82259
50 82261
50 82268
50 82271
50 82276
50 82278
50 82303
50 82309
50 82314
50 82319
50 82339
50 82349
50 82363
50 82366
50 82376
50 82379
50 82380
50 82383
50 82412
50 82425
50 82466
50 82468
50 82473
50 82474
50 82493
50 82494
50 82497
50 82502
50 82518
50 82520
50 82523
50 82528
50 82547
50 82550
50 82561
50 82563
50 82564
50 82609
50 82615
50 82617
50 82630
50 82646
50 82653
50 82654
50 82655
50 82668
50 82674
50 82685
50 82688
50 82690
50 82721
50 82735
50 82747
50 82749
50 82750
50 82758
50 82772
50 82774
50 82776
50 82783
50 82784
50 82801
50 82804
50 82808
50 82812
50 82822
50 82832
50 82836
50 82844
50 82847
50 82849
50 82857
50 82863
50 82880
50 82911
50 82921
50 82926
50 82938
50 82948
50 82950
50 82956
50 82962
50 82964
50 82974
50 82979
50 82981
50 82983
50 82986
50 82988
50 83006
50 83012
50 83022
50 83030
50 83034
50 83056
50 83060
50 83062
50 83073
50 83085
50 83094
50 83106
50 83124
50 83130
50 83133
50 83134
50 83136
50 83137
50 83141
50 83158
50 83170
50 83180
50 83183
50 83205
50 83219
50 83228
50 83266
50 83273
50 83276
50 83282
50 83284
50 83285
50 83301
50 83307
50 83321
50 83334
50 83341
50 83343
50 83346
50 83351
50 83359
50 83368
50 83375
50 83384
50 83385
50 83390
50 83408
50 83411
50 83423
50 83438
50 83439
50 83444
50 83455
50 83458
50 83459
50 83464
50 83483
50 83485
50 83513
50 83516
50 83521
50 83527
50 83539
50 83540
50 83560
50 83567
50 83569
50 83570
50 83579
50 83594
50 83617
50 83629
50 83634
50 83639
50 83661
50 83669
50 83716
50 83718
50 83725
50 83738
50 83740
50 83760
50 83777
50 83787
50 83798
50 83829
50 83841
50 83846
50 83863
50 83872
50 83891
50 83900
50 83903
50 83928
50 83938
50 83940
50 83951
50 83956
50 83958
50 83960
50 83967
50 83972
50 83975
50 83991
50 83998
50 84020
50 84043
50 84045
50 84051
50 84066
50 84072
50 84077
50 84080
50 84093
50 84098
50 84101
50 84104
50 84114
50 84125
50 84127
50 84134
50 84138
50 84140
50 84151
50 84156
50 84168
50 84179
50 84202
50 84207
50 84211
50 84212
50 84214
50 84216
50 84223
50 84235
50 84237
50 84239
50 84245
50 84255
50 84261
50 84263
50 84272
50 84277
50 84283
50 84285
50 84293
50 84298
50 84311
50 84318
50 84321
50 84325
50 84330
50 84350
50 84358
50 84360
50 84369
50 84371
50 84377
50 84390
50 84395
50 84400
50 84407
50 84411
50 84418
50 84422
50 84425
50 84432
50 84434
50 84445
50 84454
50 84456
50 84459
50 84470
50 84491
50 84493
50 84496
50 84509
50 84511
50 84518
50 84524
50 84525
50 84534
50 84540
50 84551
50 84554
50 84559
50 84569
50 84576
50 84577
50 84589
50 84604
50 84610
50 84618
50 84641
50 84648
50 84650
50 84651
50 84658
50 84659
50 84663
50 84667
50 84669
50 84678
50 84682
50 84695
50 84700
50 84702
50 84715
50 84720
50 84722
50 84724
50 84726
50 84746
50 84757
50 84781
50 84785
50 84786
50 84787
50 84788
50 84816
50 84818
50 84822
50 84831
50 84835
50 84840
50 84842
50 84855
50 84858
50 84863
50 84866
50 84868
50 84879
50 84885
50 84890
50 84900
50 84904
50 84906
50 84916
50 84923
50 84931
50 84949
50 84959
50 84986
50 84997
50 85000
50 85005
50 85017
50 85026
50 85043
50 85052
50 85058
50 85067
50 85076
50 85078
50 85090
50 85091
50 85093
50 85101
50 85103
50 85106
50 85125
50 85136
50 85147
50 85149
50 85157
50 85176
50 85196
50 85199
50 85203
50 85210
50 85216
50 85217
50 85218
50 85224
50 85250
50 85259
50 85261
50 85279
50 85287
50 85289
50 85302
50 85303
50 85306
50 85310
50 85312
50 85314
50 85323
50 85337
50 85341
50 85343
50 85354
50 85376
50 85377
50 85384
50 85388
50 85396
50 85402
50 85404
50 85416
50 85428
50 85431
50 85432
50 85435
50 85436
50 85440
50 85451
50 85462
50 85469
50 85477
50 85481
50 85487
50 85512
50 85514
50 85524
50 85530
50 85533
50 85551
50 85561
50 85566
50 85567
50 85581
50 85588
50 85591
50 85607
50 85611
50 85613
50 85631
50 85641
50 85652
50 85655
50 85684
50 85691
50 85693
50 85699
50 85701
50 85707
50 85716
50 85717
50 85742
50 85752
50 85758
50 85761
50 85776
50 85781
50 85797
50 85812
50 85833
50 85835
50 85839
50 85843
50 85866
50 85869
50 85870
50 85875
50 85886
50 85888
50 85892
50 85895
50 85900
50 85902
50 85915
50 85917
50 85918
50 85932
50 85959
50 85964
50 85966
50 85976
50 85985
50 85989
50 86001
50 86005
50 86007
50 86013
50 86033
50 86038
50 86040
50 86049
50 86060
50 86069
50 86075
50 86082
50 86091
50 86101
50 86112
50 86116
50 86133
50 86142
50 86143
50 86151
50 86161
50 86166
50 86169
50 86174
50 86183
50 86193
50 86197
50 86203
50 86207
50 86212
50 86215
50 86226
50 86231
50 86240
50 86253
50 86267
50 86278
50 86301
50 86307
50 86313
50 86320
50 86321
50 86332
50 86338
50 86343
50 86349
50 86363
50 86374
50 86377
50 86388
50 86389
50 86400
50 86421
50 86427
50 86433
50 86447
50 86450
50 86460
50 86471
50 86483
50 86491
50 86509
50 86529
50 86540
50 86560
50 86581
50 86595
50 86598
50 86607
50 86618
50 86629
50 86631
50 86642
50 86651
50 86663
50 86666
50 86669
50 86680
50 86696
50 86698
50 86713
50 86717
50 86719
50 86730
50 86733
50 86739
50 86744
50 86753
50 86766
50 86777
50 86780
50 86796
50 86819
50 86821
50 86834
50 86843
50 86844
50 86849
50 86851
50 86854
50 86862
50 86870
50 86886
50 86888
50 86898
50 86919
50 86921
50 86932
50 86946
50 86963
50 86967
50 86982
50 86984
50 86989
50 87001
50 87004
50 87015
50 87023
50 87034
50 87057
50 87070
50 87071
50 87078
50 87081
50 87087
50 87089
50 87097
50 87110
50 87115
50 87123
50 87127
50 87131
50 87145
50 87149
50 87169
50 87170
50 87172
50 87176
50 87179
50 87183
50 87198
50 87203
50 87209
50 87221
50 87237
50 87241
50 87252
50 87263
50 87268
50 87281
50 87283
50 87291
50 87294
50 87318
50 87319
50 87321
50 87340
50 87346
50 87354
50 87359
50 87373
50 87375
50 87384
50 87391
50 87393
50 87399
50 87415
50 87417
50 87426
50 87428
50 87457
50 87464
50 87466
50 87470
50 87472
50 87475
50 87484
50 87488
50 87501
50 87520
50 87522
50 87526
50 87531
50 87533
50 87551
50 87573
50 87581
50 87582
50 87593
50 87599
50 87630
50 87632
50 87640
50 87661
50 87697
50 87726
50 87732
50 87735
50 87740
50 87747
50 87752
50 87756
50 87758
50 87763
50 87769
50 87773
50 87782
50 87793
50 87795
50 87819
50 87822
50 87826
50 87828
50 87833
50 87842
50 87845
50 87850
50 87857
50 87866
50 87872
50 87884
50 87886
50 87890
50 87894
50 87897
50 87899
50 87907
50 87915
50 87916
50 87917
50 87920
50 87952
50 87954
50 87957
50 87960
50 87975
50 87979
50 87987
50 87995
50 88010
50 88019
50 88030
50 88036
50 88038
50 88040
50 88045
50 88058
50 88061
50 88071
50 88072
50 88080
50 88098
50 88101
50 88113
50 88135
50 88151
50 88162
50 88167
50 88176
50 88198
50 88207
50 88213
50 88216
50 88223
50 88234
50 88264
50 88274
50 88289
50 88290
50 88291
50 88302
50 88303
50 88306
50 88311
50 88314
50 88326
50 88350
50 88352
50 88354
50 88365
50 88367
50 88402
50 88421
50 88429
50 88431
50 88436
50 88448
50 88451
50 88463
50 88466
50 88479
50 88490
50 88493
50 88496
50 88499
50 88502
50 88525
50 88532
50 88555
50 88557
50 88558
50 88561
50 88580
50 88583
50 88588
50 88592
50 88598
50 88601
50 88622
50 88626
50 88634
50 88642
50 88662
50 88674
50 88689
50 88691
50 88696
50 88698
50 88700
50 88701
50 88705
50 88715
50 88716
50 88720
50 88735
50 88744
50 88745
50 88753
50 88756
50 88769
50 88770
50 88774
50 88775
50 88782
50 88788
50 88791
50 88792
50 88802
50 88820
50 88869
50 88882
50 88886
50 88891
50 88892
50 88907
50 88911
50 88942
50 88955
50 88975
50 88998
50 89000
50 89018
50 89025
50 89033
50 89043
50 89047
50 89048
50 89058
50 89059
50 89067
50 89071
50 89076
50 89079
50 89085
50 89088
50 89092
50 89099
50 89113
50 89115
50 89120
50 89123
50 89130
50 89135
50 89136
50 89144
50 89146
50 89154
50 89155
50 89156
50 89168
50 89177
50 89183
50 89184
50 89190
50 89191
50 89216
50 89229
50 89232
50 89233
50 89234
50 89238
50 89240
50 89275
50 89282
50 89303
50 89305
50 89326
50 89335
50 89348
50 89349
50 89378
50 89382
50 89423
50 89424
50 89430
50 89433
50 89435
50 89439
50 89443
50 89454
50 89462
50 89473
50 89492
50 89493
50 89498
50 89522
50 89524
50 89560
50 89568
50 89570
50 89579
50 89585
50 89590
50 89598
50 89604
50 89608
50 89618
50 89628
50 89643
50 89646
50 89647
50 89655
50 89660
50 89671
50 89674
50 89694
50 89702
50 89704
50 89709
50 89716
50 89730
50 89735
50 89749
50 89751
50 89761
50 89788
50 89799
50 89806
50 89815
50 89820
50 89828
50 89830
50 89835
50 89873
50 89881
50 89882
50 89887
50 89890
50 89915
50 89916
50 89928
50 89930
50 89950
50 89952
50 89954
50 89957
50 89959
50 89967
50 89973
50 89981
50 90006
50 90012
50 90044
50 90058
50 90064
50 90070
50 90074
50 90100
50 90102
50 90115
50 90119
50 90129
50 90133
50 90135
50 90143
50 90151
50 90152
50 90159
50 90167
50 90178
50 90181
50 90201
50 90202
50 90207
50 90208
50 90220
50 90230
50 90232
50 90234
50 90238
50 90248
50 90264
50 90279
50 90297
50 90298
50 90299
50 90312
50 90314
50 90317
50 90321
50 90324
50 90325
50 90333
50 90341
50 90355
50 90362
50 90365
50 90375
50 90408
50 90420
50 90481
50 90504
50 90522
50 90548
50 90551
50 90558
50 90562
50 90563
50 90570
50 90574
50 90591
50 90601
50 90607
50 90611
50 90625
50 90626
50 90637
50 90644
50 90657
50 90658
50 90669
50 90677
50 90682
50 90685
50 90697
50 90707
50 90710
50 90720
50 90724
50 90729
50 90735
50 90747
50 90757
50 90760
50 90770
50 90773
50 90787
50 90790
50 90796
50 90798
50 90806
50 90810
50 90813
50 90825
50 90830
50 90842
50 90851
50 90858
50 90879
50 90892
50 90897
50 90903
50 90906
50 90908
50 90910
50 90913
50 90920
50 90922
50 90935
50 90947
50 90950
50 90956
50 90970
50 90994
50 91026
50 91033
50 91041
50 91044
50 91047
50 91049
50 91057
50 91062
50 91063
50 91065
50 91070
50 91083
50 91091
50 91098
50 91103
50 91116
50 91119
50 91129
50 91131
50 91142
50 91155
50 91157
50 91168
50 91179
50 91186
50 91190
50 91197
50 91198
50 91230
50 91237
50 91239
50 91242
50 91247
50 91257
50 91267
50 91294
50 91300
50 91308
50 91318
50 91330
50 91338
50 91339
50 91341
50 91348
50 91351
50 91353
50 91362
50 91363
50 91366
50 91379
50 91387
50 91396
50 91417
50 91422
50 91428
50 91429
50 91476
50 91498
50 91501
50 91506
50 91513
50 91516
50 91522
50 91523
50 91524
50 91543
50 91546
50 91548
50 91553
50 91571
50 91577
50 91578
50 91580
50 91591
50 91596
50 91631
50 91660
50 91670
50 91672
50 91685
50 91709
50 91711
50 91712
50 91726
50 91728
50 91737
50 91738
50 91743
50 91746
50 91747
50 91749
50 91759
50 91782
50 91784
50 91792
50 91798
50 91809
50 91817
50 91820
50 91828
50 91840
50 91849
50 91863
50 91867
50 91869
50 91880
50 91892
50 91900
50 91906
50 91909
50 91913
50 91916
50 91926
50 91956
50 91964
50 91968
50 91974
50 91978
50 91983
50 91984
50 91987
50 91988
50 91992
50 92019
50 92023
50 92026
50 92029
50 92038
50 92061
50 92069
50 92070
50 92077
50 92087
50 92102
50 92109
50 92111
50 92129
50 92131
50 92133
50 92146
50 92148
50 92158
50 92163
50 92176
50 92180
50 92185
50 92188
50 92195
50 92197
50 92207
50 92219
50 92222
50 92223
50 92228
50 92229
50 92234
50 92241
50 92242
50 92254
50 92261
50 92265
50 92274
50 92302
50 92308
50 92317
50 92322
50 92328
50 92334
50 92337
50 92346
50 92349
50 92368
50 92378
50 92392
50 92396
50 92407
50 92412
50 92418
50 92420
50 92442
50 92445
50 92454
50 92463
50 92476
50 92477
50 92490
50 92496
50 92508
50 92510
50 92511
50 92523
50 92536
50 92553
50 92556
50 92563
50 92579
50 92583
50 92587
50 92590
50 92595
50 92609
50 92637
50 92640
50 92646
50 92649
50 92654
50 92662
50 92665
50 92671
50 92679
50 92687
50 92689
50 92693
50 92704
50 92712
50 92721
50 92731
50 92742
50 92751
50 92757
50 92765
50 92772
50 92785
50 92791
50 92795
50 92821
50 92825
50 92827
50 92836
50 92838
50 92843
50 92851
50 92855
50 92858
50 92873
50 92879
50 92882
50 92887
50 92889
50 92905
50 92906
50 92908
50 92914
50 92925
50 92945
50 92952
50 92960
50 92970
50 92985
50 92987
50 92988
50 92990
50 92994
50 93001
50 93016
50 93036
50 93039
50 93047
50 93066
50 93075
50 93081
50 93087
50 93093
50 93094
50 93095
50 93111
50 93112
50 93125
50 93145
50 93146
50 93153
50 93154
50 93159
50 93177
50 93180
50 93182
50 93191
50 93204
50 93206
50 93216
50 93238
50 93240
50 93247
50 93249
50 93254
50 93263
50 93288
50 93299
50 93301
50 93308
50 93317
50 93318
50 93332
50 93339
50 93344
50 93350
50 93352
50 93363
50 93369
50 93375
50 93377
50 93378
50 93383
50 93392
50 93399
50 93404
50 93408
50 93410
50 93418
50 93419
50 93430
50 93436
50 93437
50 93456
50 93468
50 93470
50 93474
50 93479
50 93481
50 93498
50 93505
50 93526
50 93541
50 93546
50 93552
50 93566
50 93571
50 93582
50 93587
50 93600
50 93604
50 93619
50 93628
50 93635
50 93639
50 93654
50 93660
50 93678
50 93679
50 93692
50 93711
50 93712
50 93715
50 93720
50 93733
50 93734
50 93736
50 93748
50 93752
50 93757
50 93772
50 93774
50 93779
50 93796
50 93802
50 93808
50 93811
50 93814
50 93822
50 93827
50 93836
50 93837
50 93843
50 93851
50 93854
50 93860
50 93880
50 93881
50 93883
50 93893
50 93896
50 93910
50 93920
50 93926
50 93932
50 93935
50 93937
50 93942
50 93948
50 93954
50 93959
50 93960
50 93961
50 93964
50 93965
50 93973
50 93985
50 93991
50 93993
50 93999
50 94002
50 94029
50 94056
50 94077
50 94079
50 94080
50 94097
50 94099
50 94101
50 94105
50 94107
50 94108
50 94116
50 94125
50 94129
50 94135
50 94178
50 94179
50 94181
50 94187
50 94191
50 94195
50 94199
50 94204
50 94210
50 94212
50 94216
50 94218
50 94222
50 94232
50 94233
50 94240
50 94247
50 94252
50 94272
50 94282
50 94284
50 94287
50 94293
50 94296
50 94301
50 94312
50 94314
50 94323
50 94324
50 94332
50 94336
50 94338
50 94343
50 94367
50 94369
50 94375
50 94398
50 94410
50 94424
50 94432
50 94434
50 94439
50 94441
50 94442
50 94444
50 94445
50 94455
50 94457
50 94473
50 94476
50 94478
50 94485
50 94487
50 94517
50 94520
50 94521
50 94530
50 94550
50 94555
50 94558
50 94566
50 94570
50 94586
50 94590
50 94609
50 94613
50 94616
50 94618
50 94629
50 94648
50 94650
50 94657
50 94674
50 94685
50 94698
50 94707
50 94710
50 94714
50 94715
50 94718
50 94724
50 94730
50 94739
50 94743
50 94746
50 94758
50 94766
50 94780
50 94795
50 94800
50 94808
50 94820
50 94843
50 94853
50 94868
50 94873
50 94882
50 94889
50 94891
50 94893
50 94904
50 94916
50 94917
50 94928
50 94934
50 94936
50 94955
50 94963
50 94981
50 94989
50 94999
50 95015
50 95023
50 95026
50 95029
50 95035
50 95037
50 95041
50 95052
50 95060
50 95063
50 95068
50 95079
50 95089
50 95095
50 95111
50 95113
50 95122
50 95134
50 95147
50 95152
50 95156
50 95159
50 95163
50 95167
50 95182
50 95191
50 95201
50 95207
50 95214
50 95216
50 95221
50 95233
50 95236
50 95238
50 95243
50 95245
50 95258
50 95259
50 95260
50 95263
50 95264
50 95266
50 95271
50 95274
50 95280
50 95304
50 95334
50 95340
50 95347
50 95355
50 95365
50 95367
50 95389
50 95393
50 95420
50 95430
50 95433
50 95440
50 95443
50 95475
50 95480
50 95486
50 95488
50 95497
50 95498
50 95508
50 95529
50 95539
50 95544
50 95548
50 95555
50 95558
50 95569
50 95571
50 95577
50 95586
50 95594
50 95600
50 95609
50 95620
50 95624
50 95628
50 95631
50 95635
50 95646
50 95651
50 95653
50 95655
50 95662
50 95671
50 95683
50 95688
50 95710
50 95713
50 95734
50 95747
50 95750
50 95769
50 95777
50 95793
50 95804
50 95810
50 95811
50 95817
50 95823
50 95835
50 95841
50 95842
50 95847
50 95849
50 95855
50 95859
50 95871
50 95873
50 95878
50 95887
50 95897
50 95917
50 95929
50 95937
50 95940
50 95943
50 95949
50 95971
50 95982
50 96019
50 96027
50 96062
50 96067
50 96073
50 96074
50 96076
50 96081
50 96091
50 96094
50 96118
50 96129
50 96130
50 96152
50 96153
50 96160
50 96168
50 96172
50 96176
50 96180
50 96183
50 96184
50 96188
50 96196
50 96199
50 96202
50 96232
50 96240
50 96253
50 96259
50 96267
50 96273
50 96281
50 96289
50 96297
50 96304
50 96318
50 96340
50 96349
50 96357
50 96365
50 96381
50 96383
50 96386
50 96398
50 96401
50 96406
50 96416
50 96430
50 96433
50 96440
50 96456
50 96465
50 96473
50 96476
50 96498
50 96517
50 96522
50 96524
50 96541
50 96543
50 96551
50 96560
50 96565
50 96573
50 96581
50 96594
50 96597
50 96602
50 96608
50 96609
50 96611
50 96615
50 96616
50 96618
50 96625
50 96646
50 96651
50 96652
50 96674
50 96675
50 96680
50 96693
50 96719
50 96742
50 96769
50 96776
50 96779
50 96782
50 96786
50 96807
50 96812
50 96824
50 96842
50 96845
50 96848
50 96879
50 96891
50 96901
50 96902
50 96915
50 96930
50 96937
50 96945
50 96962
50 96968
50 96981
50 96987
50 96992
50 96999
50 97003
50 97004
50 97007
50 97014
50 97026
50 97046
50 97056
50 97061
50 97065
50 97086
50 97093
50 97098
50 97107
50 97114
50 97134
50 97137
50 97143
50 97145
50 97166
50 97170
50 97180
50 97182
50 97187
50 97191
50 97195
50 97198
50 97200
50 97209
50 97210
50 97227
50 97241
50 97254
50 97259
50 97270
50 97275
50 97278
50 97281
50 97285
50 97286
50 97317
50 97325
50 97330
50 97344
50 97349
50 97360
50 97380
50 97389
50 97391
50 97393
50 97400
50 97407
50 97420
50 97427
50 97429
50 97431
50 97451
50 97454
50 97464
50 97477
50 97495
50 97496
50 97503
50 97507
50 97517
50 97537
50 97546
50 97548
50 97550
50 97553
50 97560
50 97572
50 97576
50 97587
50 97592
50 97601
50 97612
50 97614
50 97637
50 97642
50 97669
50 97679
50 97700
50 97703
50 97712
50 97725
50 97743
50 97751
50 97759
50 97767
50 97770
50 97776
50 97809
50 97820
50 97831
50 97839
50 97845
50 97855
50 97869
50 97873
50 97879
50 97887
50 97889
50 97911
50 97922
50 97936
50 97957
50 97962
50 97966
50 97974
50 97990
50 98002
50 98014
50 98016
50 98020
50 98034
50 98043
50 98059
50 98062
50 98076
50 98082
50 98093
50 98116
50 98124
50 98129
50 98139
50 98154
50 98156
50 98171
50 98172
50 98177
50 98183
50 98189
50 98206
50 98214
50 98217
50 98223
50 98230
50 98233
50 98234
50 98270
50 98273
50 98276
50 98277
50 98282
50 98284
50 98287
50 98290
50 98297
50 98301
50 98304
50 98305
50 98324
50 98341
50 98342
50 98348
50 98351
50 98352
50 98377
50 98382
50 98385
50 98394
50 98396
50 98416
50 98419
50 98426
50 98442
50 98444
50 98447
50 98452
50 98476
50 98482
50 98487
50 98489
50 98503
50 98512
50 98515
50 98525
50 98542
50 98549
50 98561
50 98565
50 98570
50 98578
50 98579
50 98583
50 98586
50 98588
50 98598
50 98608
50 98620
50 98622
50 98636
50 98637
50 98656
50 98658
50 98671
50 98685
50 98702
50 98705
50 98708
50 98718
50 98719
50 98725
50 98730
50 98732
50 98743
50 98752
50 98762
50 98768
50 98769
50 98770
50 98783
50 98785
50 98790
50 98795
50 98798
50 98805
50 98806
50 98829
50 98831
50 98834
50 98845
50 98858
50 98860
50 98864
50 98866
50 98869
50 98879
50 98880
50 98887
50 98889
50 98895
50 98907
50 98924
50 98931
50 98937
50 98943
50 98952
50 98977
50 99004
50 99009
50 99012
50 99025
50 99026
50 99027
50 99038
50 99050
50 99062
50 99071
50 99076
50 99077
50 99081
50 99092
50 99135
50 99156
50 99158
50 99165
50 99169
50 99173
50 99174
50 99190
50 99194
50 99195
50 99207
50 99218
50 99223
50 99227
50 99229
50 99230
50 99234
50 99252
50 99257
50 99261
50 99271
50 99272
50 99279
50 99283
50 99286
50 99307
50 99308
50 99314
50 99319
50 99351
50 99354
50 99356
50 99359
50 99369
50 99372
50 99382
50 99385
50 99418
50 99425
50 99439
50 99440
50 99445
50 99451
50 99454
50 99461
50 99473
50 99477
50 99488
50 99495
50 99505
50 99521
50 99527
50 99528
50 99530
50 99537
50 99542
50 99547
50 99568
50 99576
50 99583
50 99600
50 99601
50 99612
50 99618
50 99627
50 99629
50 99634
50 99661
50 99669
50 99680
50 99691
50 99693
50 99704
50 99720
50 99722
50 99725
50 99730
50 99733
50 99738
50 99746
50 99748
50 99749
50 99758
50 99772
50 99779
50 99780
50 99781
50 99795
50 99797
50 99806
50 99821
50 99822
50 99836
50 99841
50 99848
50 99855
50 99869
50 99870
50 99873
50 99875
50 99901
50 99911
50 99915
50 99922
50 99928
50 99939
50 99954
50 99956
50 99959
50 99971
50 99983
50 99984
50 99985
50 99988
50 99995
50 99998
50 100010
50 100012
50 100027
50 100030
50 100033
50 100038
50 100041
50 100052
50 100056
50 100067
50 100078
50 100101
50 100103
50 100104
50 100106
50 100117
50 100118
50 100120
50 100138
50 100154
50 100160
50 100176
50 100184
50 100192
50 100198
50 100200
50 100201
50 100203
50 100205
50 100209
50 100217
50 100218
50 100221
50 100235
50 100245
50 100249
50 100251
50 100252
50 100268
50 100297
50 100299
50 100301
50 100322
50 100333
50 100347
50 100355
50 100375
50 100377
50 100393
50 100406
50 100411
50 100414
50 100430
50 100460
50 100461
50 100478
50 100479
50 100484
50 100490
50 100499
50 100500
50 100505
50 100509
50 100511
50 100524
50 100553
50 100554
50 100573
50 100575
50 100595
50 100599
50 100617
50 100646
50 100652
50 100654
50 100655
50 100672
50 100684
50 100689
50 100692
50 100710
50 100713
50 100716
50 100717
50 100722
50 100729
50 100735
50 100747
50 100754
50 100787
50 100820
50 100823
50 100830
50 100837
50 100849
50 100856
50 100862
50 100873
50 100875
50 100891
50 100894
50 100923
50 100927
50 100931
50 100940
50 100941
50 100944
50 100947
50 100950
50 100957
50 100960
50 100972
50 100977
50 100986
50 100987
50 100991
50 100994
50 100996
50 100997
50 101008
50 101009
50 101010
50 101022
50 101026
50 101030
50 101043
50 101071
50 101087
50 101103
50 101109
50 101127
50 101131
50 101139
50 101140
50 101147
50 101156
50 101175
50 101180
50 101182
50 101199
50 101200
50 101201
50 101210
50 101211
50 101223
50 101230
50 101250
50 101270
50 101280
50 101287
50 101300
50 101301
50 101331
50 101336
50 101372
50 101380
50 101393
50 101405
50 101421
50 101424
50 101427
50 101433
50 101437
50 101446
50 101462
50 101472
50 101478
50 101491
50 101504
50 101511
50 101523
50 101524
50 101530
50 101535
50 101544
50 101555
50 101561
50 101563
50 101569
50 101573
50 101582
50 101591
50 101594
50 101602
50 101606
50 101619
50 101621
50 101654
50 101656
50 101658
50 101671
50 101673
50 101683
50 101688
50 101700
50 101710
50 101738
50 101746
50 101748
50 101752
50 101755
50 101762
50 101781
50 101785
50 101799
50 101803
50 101831
50 101835
50 101845
50 101857
50 101859
50 101860
50 101865
50 101877
50 101880
50 101891
50 101901
50 101905
50 101914
50 101931
50 101940
50 101943
50 101947
50 101962
50 101964
50 101966
50 101973
50 101998
50 102001
50 102004
50 102007
50 102015
50 102021
50 102061
50 102066
50 102085
50 102089
50 102096
50 102108
50 102110
50 102120
50 102123
50 102131
50 102138
50 102145
50 102149
50 102166
50 102179
50 102192
50 102201
50 102206
50 102208
50 102215
50 102217
50 102221
50 102222
50 102230
50 102238
50 102249
50 102260
50 102265
50 102271
50 102301
50 102302
50 102311
50 102322
50 102325
50 102327
50 102344
50 102351
50 102357
50 102358
50 102364
50 102371
50 102379
50 102386
50 102387
50 102390
50 102407
50 102420
50 102422
50 102427
50 102457
50 102463
50 102478
50 102479
50 102508
50 102545
50 102559
50 102582
50 102593
50 102611
50 102612
50 102631
50 102640
50 102642
50 102657
50 102663
50 102670
50 102689
50 102696
50 102699
50 102702
50 102746
50 102748
50 102756
50 102765
50 102770
50 102779
50 102780
50 102784
50 102787
50 102800
50 102803
50 102808
50 102817
50 102821
50 102824
50 102846
50 102848
50 102850
50 102853
50 102862
50 102866
50 102882
50 102883
50 102906
50 102911
50 102923
50 102924
50 102928
50 102934
50 102939
50 102944
50 102959
50 102963
50 102965
50 102974
50 102977
50 102978
50 102983
50 102987
50 102994
50 103012
50 103015
50 103021
50 103030
50 103033
50 103046
50 103049
50 103051
50 103055
50 103063
50 103068
50 103070
50 103078
50 103081
50 103090
50 103096
50 103098
50 103110
50 103117
50 103131
50 103136
50 103148
50 103153
50 103166
50 103175
50 103180
50 103183
50 103196
50 103198
50 103225
50 103238
50 103244
50 103247
50 103257
50 103261
50 103281
50 103305
50 103311
50 103313
50 103320
50 103325
50 103334
50 103336
50 103342
50 103350
50 103351
50 103355
50 103362
50 103371
50 103373
50 103374
50 103377
50 103401
50 103407
50 103421
50 103427
50 103434
50 103439
50 103441
50 103449
50 103451
50 103456
50 103465
50 103467
50 103478
50 103495
50 103510
50 103513
50 103515
50 103524
50 103535
50 103538
50 103544
50 103545
50 103563
50 103579
50 103597
50 103598
50 103603
50 103615
50 103617
50 103627
50 103630
50 103632
50 103654
50 103656
50 103662
50 103673
50 103678
50 103685
50 103686
50 103695
50 103696
50 103699
50 103711
50 103716
50 103733
50 103740
50 103760
50 103770
50 103786
50 103793
50 103838
50 103854
50 103870
50 103874
50 103885
50 103899
50 103913
50 103919
50 103930
50 103935
50 103936
50 103946
50 103955
50 103959
50 103980
50 103982
50 104002
50 104005
50 104011
50 104021
50 104044
50 104063
50 104064
50 104065
50 104071
50 104073
50 104076
50 104088
50 104090
50 104112
50 104118
50 104126
50 104127
50 104139
50 104142
50 104143
50 104144
50 104149
50 104154
50 104166
50 104173
50 104195
50 104197
50 104201
50 104255
50 104256
50 104267
50 104273
50 104281
50 104283
50 104290
50 104295
50 104300
50 104314
50 104331
50 104339
50 104342
50 104343
50 104351
50 104352
50 104361
50 104363
50 104365
50 104377
50 104384
50 104412
50 104416
50 104421
50 104435
50 104472
50 104480
50 104495
50 104506
50 104512
50 104521
50 104529
50 104558
50 104578
50 104605
50 104607
50 104613
50 104615
50 104617
50 104627
50 104629
50 104635
50 104663
50 104680
50 104699
50 104726
50 104732
50 104739
50 104745
50 104752
50 104772
50 104777
50 104783
50 104792
50 104793
50 104803
50 104809
50 104810
50 104814
50 104823
50 104834
50 104845
50 104866
50 104875
50 104883
50 104887
50 104889
50 104891
50 104896
50 104898
50 104901
50 104914
50 104915
50 104923
50 104930
50 104931
50 104936
50 104941
50 104952
50 104962
50 104967
50 104976
50 104977
50 104985
50 104999
50 105003
50 105027
50 105037
50 105039
50 105040
50 105043
50 105057
50 105059
50 105071
50 105072
50 105082
50 105084
50 105095
50 105101
50 105128
50 105135
50 105140
50 105145
50 105147
50 105171
50 105178
50 105183
50 105201
50 105202
50 105204
50 105211
50 105212
50 105226
50 105239
50 105240
50 105250
50 105253
50 105261
50 105266
50 105267
50 105271
50 105278
50 105291
50 105292
50 105303
50 105309
50 105310
50 105339
50 105343
50 105346
50 105355
50 105356
50 105368
50 105377
50 105381
50 105388
50 105399
50 105404
50 105409
50 105414
50 105419
50 105424
50 105429
50 105437
50 105443
50 105448
50 105450
50 105456
50 105466
50 105471
50 105479
50 105492
50 105494
50 105497
50 105504
50 105506
50 105511
50 105517
50 105536
50 105546
50 105547
50 105553
50 105557
50 105569
50 105574
50 105575
50 105590
50 105601
50 105603
50 105604
50 105606
50 105608
50 105613
50 105625
50 105634
50 105643
50 105647
50 105657
50 105684
50 105687
50 105692
50 105693
50 105697
50 105707
50 105712
50 105715
50 105720
50 105721
50 105740
50 105745
50 105775
50 105781
50 105784
50 105801
50 105810
50 105812
50 105819
50 105835
50 105842
50 105849
50 105859
50 105869
50 105870
50 105876
50 105885
50 105891
50 105939
50 105946
50 105969
50 105976
50 105977
50 105982
50 105990
50 105994
50 105995
50 105999
50 106009
50 106014
50 106027
50 106034
50 106044
50 106051
50 106055
50 106066
50 106073
50 106077
50 106083
50 106095
50 106099
50 106115
50 106129
50 106137
50 106146
50 106168
50 106172
50 106175
50 106192
50 106195
50 106206
50 106221
50 106230
50 106242
50 106256
50 106264
50 106266
50 106279
50 106283
50 106286
50 106294
50 106335
50 106337
50 106338
50 106340
50 106341
50 106345
50 106350
50 106381
50 106386
50 106403
50 106406
50 106408
50 106432
50 106443
50 106444
50 106449
50 106456
50 106459
50 106466
50 106479
50 106488
50 106504
50 106506
50 106509
50 106517
50 106526
50 106559
50 106561
50 106564
50 106568
50 106587
50 106592
50 106602
50 106605
50 106611
50 106624
50 106625
50 106636
50 106643
50 106645
50 106648
50 106670
50 106687
50 106696
50 106701
50 106708
50 106709
50 106725
50 106733
50 106747
50 106750
50 106754
50 106763
50 106764
50 106769
50 106782
50 106786
50 106789
50 106793
50 106797
50 106810
50 106811
50 106824
50 106829
50 106834
50 106836
50 106838
50 106843
50 106850
50 106855
50 106875
50 106881
50 106883
50 106888
50 106890
50 106894
50 106897
50 106919
50 106923
50 106925
50 106928
50 106932
50 106933
50 106940
50 106941
50 106943
50 106946
50 106954
50 106962
50 106966
50 106968
50 106971
50 106979
50 106993
50 106997
50 107002
50 107020
50 107035
50 107037
50 107041
50 107042
50 107050
50 107052
50 107053
50 107061
50 107064
50 107090
50 107100
50 107101
50 107109
50 107124
50 107128
50 107134
50 107136
50 107141
50 107144
50 107150
50 107152
50 107157
50 107159
50 107163
50 107173
50 107175
50 107192
50 107199
50 107202
50 107210
50 107212
50 107218
50 107219
50 107221
50 107234
50 107238
50 107249
50 107251
50 107276
50 107284
50 107289
50 107296
50 107297
50 107307
50 107316
50 107324
50 107331
50 107339
50 107340
50 107343
50 107357
50 107359
50 107365
50 107372
50 107375
50 107382
50 107403
50 107418
50 107421
50 107427
50 107433
50 107435
50 107443
50 107446
50 107449
50 107453
50 107456
50 107466
50 107472
50 107496
50 107512
50 107513
50 107514
50 107520
50 107537
50 107538
50 107545
50 107548
50 107562
50 107572
50 107574
50 107576
50 107609
50 107612
50 107627
50 107641
50 107647
50 107657
50 107684
50 107685
50 107697
50 107706
50 107707
50 107713
50 107721
50 107726
50 107733
50 107738
50 107741
50 107773
50 107774
50 107782
50 107783
50 107786
50 107787
50 107789
50 107791
50 107801
50 107807
50 107822
50 107824
50 107825
50 107837
50 107839
50 107856
50 107872
50 107877
50 107883
50 107884
50 107889
50 107895
50 107907
50 107937
50 107938
50 107950
50 107958
50 107960
50 107970
50 107973
50 107975
50 107980
50 107986
50 108014
50 108017
50 108019
50 108023
50 108056
50 108079
50 108082
50 108085
50 108086
50 108088
50 108092
50 108125
50 108154
50 108161
50 108170
50 108203
50 108207
50 108218
50 108221
50 108228
50 108236
50 108246
50 108263
50 108264
50 108267
50 108291
50 108292
50 108300
50 108305
50 108317
50 108329
50 108340
50 108342
50 108343
50 108346
50 108347
50 108365
50 108368
50 108378
50 108384
50 108385
50 108387
50 108395
50 108399
50 108404
50 108412
50 108423
50 108448
50 108454
50 108460
50 108464
50 108466
50 108496
50 108511
50 108517
50 108519
50 108520
50 108526
50 108533
50 108535
50 108546
50 108553
50 108558
50 108568
50 108582
50 108593
50 108612
50 108615
50 108618
50 108634
50 108638
50 108643
50 108645
50 108649
50 108655
50 108656
50 108665
50 108671
50 108678
50 108680
50 108688
50 108689
50 108690
50 108699
50 108703
50 108711
50 108714
50 108716
50 108722
50 108724
50 108740
50 108741
50 108750
50 108762
50 108774
50 108775
50 108777
50 108778
50 108783
50 108786
50 108787
50 108788
50 108796
50 108805
50 108811
50 108817
50 108843
50 108844
50 108847
50 108860
50 108875
50 108880
50 108881
50 108884
50 108885
50 108887
50 108893
50 108903
50 108909
50 108913
50 108923
50 108934
50 108950
50 108951
50 108954
50 108960
50 108963
50 108969
50 108972
50 108977
50 108979
50 108995
50 109011
50 109015
50 109018
50 109021
50 109023
50 109033
50 109034
50 109045
50 109049
50 109052
50 109058
50 109060
50 109062
50 109072
50 109079
50 109081
50 109101
50 109103
50 109113
50 109122
50 109134
50 109155
50 109161
50 109173
50 109180
50 109185
50 109194
50 109203
50 109207
50 109217
50 109238
50 109252
50 109253
50 109255
50 109260
50 109264
50 109282
50 109296
50 109297
50 109313
50 109320
50 109332
50 109357
50 109360
50 109364
50 109372
50 109379
50 109380
50 109388
50 109392
50 109393
50 109395
50 109404
50 109417
50 109419
50 109422
50 109427
50 109432
50 109437
50 109440
50 109442
50 109481
50 109485
50 109491
50 109493
50 109503
50 109505
50 109522
50 109527
50 109528
50 109536
50 109543
50 109546
50 109554
50 109560
50 109570
50 109577
50 109580
50 109599
50 109603
50 109630
50 109643
50 109649
50 109653
50 109654
50 109656
50 109661
50 109664
50 109670
50 109676
50 109682
50 109691
50 109693
50 109699
50 109701
50 109724
50 109738
50 109746
50 109764
50 109771
50 109773
50 109805
50 109809
50 109816
50 109821
50 109822
50 109833
50 109856
50 109871
50 109877
50 109882
50 109910
50 109926
50 109930
50 109933
50 109944
50 109954
50 109956
50 109957
50 109961
50 109963
50 109967
50 109969
50 109993
50 109995
50 109996
50 110011
50 110019
50 110042
50 110052
50 110066
50 110069
50 110077
50 110080
50 110087
50 110100
50 110124
50 110125
50 110127
50 110138
50 110148
50 110150
50 110152
50 110156
50 110160
50 110162
50 110168
50 110171
50 110179
50 110206
50 110217
50 110225
50 110230
50 110235
50 110239
50 110240
50 110248
50 110255
50 110263
50 110273
50 110276
50 110278
50 110280
50 110289
50 110292
50 110325
50 110332
50 110341
50 110342
50 110343
50 110345
50 110351
50 110357
50 110358
50 110374
50 110376
50 110404
50 110414
50 110417
50 110423
50 110430
50 110438
50 110448
50 110463
50 110468
50 110491
50 110505
50 110509
50 110516
50 110525
50 110549
50 110574
50 110575
50 110611
50 110623
50 110647
50 110654
50 110660
50 110665
50 110666
50 110671
50 110679
50 110680
50 110683
50 110690
50 110700
50 110709
50 110713
50 110721
50 110725
50 110726
50 110757
50 110761
50 110768
50 110770
50 110776
50 110780
50 110784
50 110785
50 110792
50 110794
50 110798
50 110802
50 110810
50 110814
50 110819
50 110830
50 110835
50 110838
50 110852
50 110854
50 110866
50 110872
50 110881
50 110886
50 110899
50 110904
50 110931
50 110937
50 110950
50 110961
50 110967
50 110972
50 110979
50 110980
50 110987
50 111025
50 111035
50 111037
50 111067
50 111081
50 111083
50 111090
50 111092
50 111099
50 111107
50 111111
50 111117
50 111121
50 111122
50 111127
50 111141
50 111145
50 111152
50 111170
50 111187
50 111192
50 111195
50 111199
50 111206
50 111212
50 111216
50 111219
50 111245
50 111247
50 111252
50 111258
50 111264
50 111281
50 111287
50 111292
50 111294
50 111304
50 111308
50 111335
50 111343
50 111356
50 111368
50 111390
50 111401
50 111431
50 111436
50 111456
50 111466
50 111471
50 111483
50 111490
50 111492
50 111501
50 111503
50 111504
50 111530
50 111531
50 111542
50 111544
50 111561
50 111586
50 111593
50 111596
50 111598
50 111604
50 111613
50 111624
50 111630
50 111642
50 111645
50 111646
50 111657
50 111672
50 111679
50 111685
50 111688
50 111714
50 111722
50 111739
50 111760
50 111769
50 111775
50 111777
50 111786
50 111797
50 111822
50 111825
50 111849
50 111853
50 111864
50 111865
50 111872
50 111878
50 111906
50 111926
50 111935
50 111937
50 111951
50 111954
50 111965
50 111972
50 111984
50 111995
50 112000
50 112002
50 112027
50 112039
50 112044
50 112045
50 112052
50 112055
50 112056
50 112073
50 112077
50 112087
50 112091
50 112108
50 112142
50 112145
50 112146
50 112154
50 112168
50 112176
50 112194
50 112199
50 112206
50 112220
50 112223
50 112229
50 112233
50 112235
50 112236
50 112242
50 112249
50 112253
50 112285
50 112295
50 112297
50 112300
50 112303
50 112314
50 112317
50 112319
50 112320
50 112324
50 112333
50 112341
50 112343
50 112344
50 112346
50 112349
50 112352
50 112357
50 112367
50 112388
50 112398
50 112410
50 112428
50 112443
50 112446
50 112452
50 112458
50 112460
50 112466
50 112468
50 112471
50 112474
50 112481
50 112483
50 112490
50 112546
50 112550
50 112569
50 112575
50 112583
50 112585
50 112604
50 112609
50 112618
50 112628
50 112631
50 112649
50 112650
50 112656
50 112661
50 112665
50 112686
50 112687
50 112690
50 112693
50 112696
50 112697
50 112705
50 112729
50 112731
50 112733
50 112735
50 112744
50 112745
50 112750
50 112759
50 112762
50 112765
50 112766
50 112768
50 112769
50 112773
50 112778
50 112779
50 112784
50 112787
50 112790
50 112791
50 112794
50 112804
50 112812
50 112815
50 112816
50 112819
50 112820
50 112823
50 112838
50 112840
50 112851
50 112860
50 112864
50 112875
50 112880
50 112901
50 112905
50 112914
50 112920
50 112935
50 112944
50 112951
50 112957
50 112961
50 112968
50 112971
50 112981
50 113004
50 113007
50 113009
50 113021
50 113023
50 113034
50 113037
50 113043
50 113059
50 113062
50 113063
50 113076
50 113081
50 113088
50 113090
50 113095
50 113115
50 113125
50 113143
50 113164
50 113171
50 113173
50 113181
50 113189
50 113192
50 113198
50 113207
50 113233
50 113240
50 113241
50 113257
50 113261
50 113271
50 113288
50 113291
50 113301
50 113310
50 113313
50 113316
50 113319
50 113325
50 113338
50 113339
50 113341
50 113359
50 113360
50 113363
50 113364
50 113374
50 113376
50 113404
50 113415
50 113417
50 113434
50 113446
50 113474
50 113476
50 113488
50 113505
50 113521
50 113535
50 113545
50 113547
50 113558
50 113563
50 113568
50 113569
50 113582
50 113584
50 113591
50 113598
50 113611
50 113613
50 113618
50 113619
50 113630
50 113637
50 113639
50 113649
50 113652
50 113658
50 113685
50 113686
50 113698
50 113701
50 113718
50 113721
50 113736
50 113742
50 113750
50 113751
50 113757
50 113762
50 113770
50 113778
50 113782
50 113783
50 113800
50 113804
50 113808
50 113811
50 113820
50 113851
50 113852
50 113876
50 113880
50 113887
50 113894
50 113895
50 113897
50 113905
50 113932
50 113937
50 113942
50 113958
50 113989
50 113991
50 114007
50 114009
50 114014
50 114020
50 114040
50 114044
50 114045
50 114049
50 114051
50 114054
50 114065
50 114075
50 114084
50 114091
50 114107
50 114108
50 114115
50 114123
50 114125
50 114131
50 114136
50 114137
50 114159
50 114164
50 114166
50 114167
50 114174
50 114182
50 114186
50 114190
50 114207
50 114208
50 114209
50 114213
50 114225
50 114244
50 114254
50 114259
50 114269
50 114279
50 114282
50 114291
50 114293
50 114294
50 114302
50 114312
50 114320
50 114321
50 114328
50 114330
50 114331
50 114344
50 114354
50 114357
50 114363
50 114372
50 114383
50 114388
50 114399
50 114411
50 114424
50 114429
50 114453
50 114468
50 114473
50 114487
50 114488
50 114503
50 114512
50 114514
50 114537
50 114542
50 114543
50 114549
50 114552
50 114563
50 114570
50 114573
50 114587
50 114598
50 114618
50 114633
50 114634
50 114636
50 114639
50 114640
50 114645
50 114655
50 114660
50 114668
50 114677
50 114679
50 114682
50 114703
50 114705
50 114717
50 114723
50 114726
50 114731
50 114741
50 114749
50 114756
50 114765
50 114772
50 114798
50 114806
50 114812
50 114830
50 114837
50 114849
50 114863
50 114866
50 114870
50 114871
50 114879
50 114884
50 114885
50 114890
50 114894
50 114898
50 114923
50 114924
50 114926
50 114938
50 114940
50 114958
50 114967
50 114978
50 114981
50 114988
50 114991
50 114992
50 114996
50 115009
50 115013
50 115016
50 115022
50 115027
50 115034
50 115043
50 115047
50 115056
50 115065
50 115070
50 115072
50 115088
50 115097
50 115101
50 115113
50 115116
50 115118
50 115124
50 115125
50 115130
50 115137
50 115140
50 115143
50 115145
50 115150
50 115152
50 115182
50 115185
50 115193
50 115195
50 115196
50 115211
50 115212
50 115213
50 115241
50 115243
50 115246
50 115247
50 115250
50 115253
50 115259
50 115262
50 115264
50 115267
50 115286
50 115294
50 115296
50 115297
50 115320
50 115323
50 115328
50 115333
50 115346
50 115349
50 115358
50 115362
50 115365
50 115369
50 115380
50 115383
50 115387
50 115406
50 115408
50 115420
50 115459
50 115460
50 115499
50 115506
50 115523
50 115528
50 115532
50 115541
50 115542
50 115554
50 115564
50 115568
50 115570
50 115573
50 115578
50 115587
50 115609
50 115615
50 115620
50 115632
50 115637
50 115645
50 115647
50 115651
50 115653
50 115660
50 115662
50 115690
50 115695
50 115704
50 115711
50 115724
50 115725
50 115731
50 115732
50 115744
50 115750
50 115755
50 115759
50 115768
50 115773
50 115776
50 115780
50 115783
50 115802
50 115808
50 115816
50 115837
50 115843
50 115861
50 115865
50 115873
50 115885
50 115888
50 115891
50 115898
50 115901
50 115904
50 115912
50 115921
50 115926
50 115927
50 115929
50 115940
50 115964
50 115970
50 115976
50 115979
50 115994
50 116007
50 116010
50 116014
50 116019
50 116050
50 116059
50 116062
50 116100
50 116118
50 116119
50 116135
50 116140
50 116149
50 116151
50 116157
50 116170
50 116190
50 116192
50 116196
50 116203
50 116207
50 116237
50 116262
50 116270
50 116279
50 116282
50 116289
50 116299
50 116303
50 116311
50 116315
50 116323
50 116324
50 116328
50 116330
50 116333
50 116334
50 116344
50 116351
50 116353
50 116363
50 116364
50 116373
50 116376
50 116391
50 116397
50 116403
50 116418
50 116428
50 116433
50 116441
50 116455
50 116474
50 116487
50 116489
50 116495
50 116497
50 116504
50 116524
50 116535
50 116536
50 116548
50 116562
50 116568
50 116573
50 116578
50 116582
50 116593
50 116606
50 116610
50 116621
50 116626
50 116640
50 116648
50 116663
50 116672
50 116676
50 116678
50 116688
50 116705
50 116711
50 116730
50 116731
50 116743
50 116744
50 116767
50 116770
50 116775
50 116788
50 116792
50 116806
50 116823
50 116828
50 116830
50 116834
50 116847
50 116848
50 116852
50 116855
50 116859
50 116864
50 116873
50 116883
50 116886
50 116896
50 116904
50 116930
50 116943
50 116978
50 116993
50 117008
50 117016
50 117035
50 117040
50 117049
50 117061
50 117100
50 117101
50 117124
50 117127
50 117138
50 117157
50 117161
50 117171
50 117174
50 117182
50 117199
50 117200
50 117210
50 117214
50 117216
50 117220
50 117222
50 117225
50 117234
50 117235
50 117244
50 117248
50 117252
50 117256
50 117257
50 117272
50 117291
50 117300
50 117302
50 117304
50 117310
50 117316
50 117319
50 117323
50 117333
50 117334
50 117342
50 117347
50 117350
50 117361
50 117363
50 117364
50 117367
50 117369
50 117382
50 117384
50 117387
50 117392
50 117403
50 117412
50 117420
50 117434
50 117442
50 117454
50 117471
50 117474
50 117478
50 117483
50 117486
50 117503
50 117524
50 117537
50 117544
50 117547
50 117555
50 117562
50 117563
50 117564
50 117566
50 117572
50 117577
50 117580
50 117587
50 117595
50 117597
50 117602
50 117603
50 117612
50 117635
50 117637
50 117640
50 117644
50 117647
50 117648
50 117653
50 117660
50 117663
50 117664
50 117669
50 117677
50 117681
50 117682
50 117688
50 117701
50 117708
50 117719
50 117730
50 117737
50 117742
50 117746
50 117757
50 117759
50 117767
50 117775
50 117788
50 117791
50 117798
50 117800
50 117810
50 117856
50 117864
50 117876
50 117879
50 117881
50 117883
50 117889
50 117898
50 117924
50 117927
50 117928
50 117934
50 117939
50 117940
50 117943
50 117959
50 117964
50 117984
50 117995
50 118016
50 118017
50 118020
50 118024
50 118031
50 118036
50 118049
50 118054
50 118066
50 118068
50 118071
50 118077
50 118083
50 118086
50 118088
50 118107
50 118109
50 118125
50 118138
50 118141
50 118156
50 118157
50 118164
50 118166
50 118178
50 118180
50 118182
50 118186
50 118192
50 118197
50 118202
50 118207
50 118226
50 118233
50 118248
50 118249
50 118254
50 118269
50 118280
50 118284
50 118288
50 118289
50 118295
50 118312
50 118313
50 118324
50 118325
50 118335
50 118338
50 118342
50 118343
50 118350
50 118357
50 118361
50 118373
50 118375
50 118380
50 118382
50 118383
50 118390
50 118402
50 118415
50 118416
50 118426
50 118439
50 118452
50 118468
50 118472
50 118473
50 118478
50 118488
50 118494
50 118514
50 118522
50 118524
50 118525
50 118542
50 118545
50 118547
50 118565
50 118579
50 118585
50 118595
50 118596
50 118608
50 118614
50 118626
50 118629
50 118650
50 118657
50 118665
50 118674
50 118689
50 118693
50 118703
50 118710
50 118711
50 118713
50 118717
50 118720
50 118726
50 118735
50 118745
50 118755
50 118757
50 118762
50 118774
50 118777
50 118788
50 118798
50 118805
50 118819
50 118845
50 118847
50 118854
50 118858
50 118877
50 118887
50 118889
50 118893
50 118948
50 118957
50 118967
50 118969
50 118979
50 119006
50 119024
50 119028
50 119032
50 119040
50 119044
50 119045
50 119052
50 119054
50 119056
50 119064
50 119072
50 119087
50 119095
50 119110
50 119112
50 119123
50 119153
50 119154
50 119167
50 119182
50 119193
50 119229
50 119230
50 119237
50 119238
50 119249
50 119257
50 119265
50 119266
50 119270
50 119295
50 119298
50 119301
50 119308
50 119327
50 119335
50 119362
50 119376
50 119378
50 119379
50 119390
50 119393
50 119398
50 119412
50 119415
50 119423
50 119443
50 119451
50 119452
50 119454
50 119462
50 119464
50 119476
50 119479
50 119482
50 119483
50 119491
50 119493
50 119495
50 119498
50 119521
50 119528
50 119535
50 119548
50 119555
50 119560
50 119575
50 119611
50 119617
50 119619
50 119621
50 119625
50 119627
50 119629
50 119635
50 119638
50 119647
50 119655
50 119669
50 119670
50 119674
50 119680
50 119682
50 119688
50 119692
50 119694
50 119706
50 119714
50 119722
50 119723
50 119730
50 119742
50 119743
50 119747
50 119765
50 119769
50 119774
50 119781
50 119800
50 119802
50 119806
50 119822
50 119855
50 119888
50 119905
50 119918
50 119931
50 119935
50 119940
50 119944
50 119946
50 119952
50 119954
50 119958
50 119972
50 119973
50 119981
50 119986
50 119992
50 120001
50 120013
50 120020
50 120027
50 120029
50 120047
50 120048
50 120053
50 120055
50 120057
50 120058
50 120062
50 120072
50 120079
50 120084
50 120089
50 120092
50 120094
50 120097
50 120099
50 120106
50 120113
50 120118
50 120122
50 120127
50 120143
50 120156
50 120160
50 120166
50 120167
50 120168
50 120170
50 120179
50 120181
50 120183
50 120192
50 120195
50 120199
50 120207
50 120215
50 120217
50 120230
50 120250
50 120251
50 120260
50 120266
50 120268
50 120276
50 120283
50 120285
50 120286
50 120298
50 120313
50 120319
50 120334
50 120353
50 120355
50 120370
50 120371
50 120373
50 120374
50 120380
50 120389
50 120405
50 120409
50 120410
50 120418
50 120426
50 120429
50 120432
50 120441
50 120445
50 120460
50 120465
50 120479
50 120484
50 120488
50 120500
50 120503
50 120511
50 120516
50 120517
50 120544
50 120548
50 120551
50 120560
50 120566
50 120572
50 120589
50 120594
50 120599
50 120602
50 120611
50 120617
50 120625
50 120644
50 120649
50 120667
50 120674
50 120677
50 120684
50 120687
50 120688
50 120701
50 120710
50 120712
50 120721
50 120732
50 120737
50 120740
50 120755
50 120756
50 120759
50 120775
50 120778
50 120785
50 120789
50 120807
50 120813
50 120829
50 120857
50 120869
50 120872
50 120874
50 120894
50 120906
50 120909
50 120926
50 120945
50 120950
50 120951
50 120952
50 120957
50 120961
50 120965
50 120966
50 120970
50 120988
50 120996
50 121007
50 121009
50 121011
50 121014
50 121017
50 121028
50 121030
50 121040
50 121050
50 121051
50 121053
50 121055
50 121058
50 121060
50 121073
50 121077
50 121078
50 121081
50 121087
50 121091
50 121096
50 121097
50 121101
50 121106
50 121108
50 121109
50 121111
50 121123
50 121125
50 121141
50 121152
50 121161
50 121201
50 121202
50 121206
50 121207
50 121209
50 121232
50 121234
50 121236
50 121242
50 121245
50 121252
50 121255
50 121259
50 121282
50 121299
50 121300
50 121305
50 121313
50 121316
50 121325
50 121349
50 121353
50 121356
50 121363
50 121368
50 121382
50 121387
50 121395
50 121405
50 121412
50 121418
50 121429
50 121438
50 121440
50 121442
50 121449
50 121458
50 121467
50 121469
50 121473
50 121485
50 121497
50 121512
50 121516
50 121524
50 121530
50 121536
50 121543
50 121546
50 121552
50 121557
50 121565
50 121567
50 121578
50 121583
50 121587
50 121591
50 121595
50 121598
50 121611
50 121618
50 121626
50 121655
50 121656
50 121672
50 121696
50 121700
50 121703
50 121707
50 121708
50 121712
50 121715
50 121718
50 121724
50 121730
50 121743
50 121751
50 121764
50 121768
50 121775
50 121778
50 121783
50 121786
50 121792
50 121796
50 121799
50 121809
50 121814
50 121817
50 121838
50 121848
50 121854
50 121855
50 121861
50 121865
50 121869
50 121872
50 121880
50 121920
50 121922
50 121924
50 121926
50 121927
50 121944
50 121954
50 121961
50 121966
50 121980
50 121991
50 121994
50 122001
50 122005
50 122009
50 122023
50 122028
50 122048
50 122067
50 122094
50 122097
50 122103
50 122114
50 122133
50 122141
50 122146
50 122151
50 122157
50 122170
50 122177
50 122206
50 122230
50 122244
50 122255
50 122257
50 122262
50 122265
50 122270
50 122273
50 122277
50 122282
50 122294
50 122313
50 122323
50 122324
50 122336
50 122343
50 122358
50 122373
50 122390
50 122392
50 122402
50 122405
50 122409
50 122410
50 122413
50 122428
50 122445
50 122457
50 122458
50 122490
50 122498
50 122502
50 122522
50 122524
50 122526
50 122532
50 122535
50 122546
50 122550
50 122554
50 122559
50 122562
50 122563
50 122567
50 122589
50 122593
50 122602
50 122609
50 122612
50 122615
50 122625
50 122627
50 122647
50 122651
50 122658
50 122671
50 122674
50 122676
50 122685
50 122694
50 122704
50 122708
50 122720
50 122729
50 122745
50 122779
50 122798
50 122801
50 122805
50 122818
50 122820
50 122833
50 122839
50 122845
50 122862
50 122868
50 122897
50 122899
50 122900
50 122909
50 122920
50 122941
50 122942
50 122957
50 122972
50 122974
50 122981
50 122984
50 122987
50 122996
50 123010
50 123020
50 123025
50 123034
50 123038
50 123054
50 123076
50 123086
50 123095
50 123110
50 123117
50 123122
50 123149
50 123155
50 123185
50 123199
50 123201
50 123209
50 123214
50 123237
50 123239
50 123251
50 123254
50 123270
50 123294
50 123296
50 123301
50 123308
50 123310
50 123316
50 123355
50 123369
50 123380
50 123385
50 123392
50 123396
50 123397
50 123405
50 123423
50 123427
50 123442
50 123446
50 123448
50 123454
50 123455
50 123456
50 123464
50 123466
50 123503
50 123504
50 123524
50 123525
50 123532
50 123546
50 123550
50 123565
50 123568
50 123572
50 123587
50 123600
50 123611
50 123613
50 123616
50 123624
50 123633
50 123643
50 123644
50 123648
50 123653
50 123661
50 123677
50 123679
50 123704
50 123710
50 123712
50 123723
50 123728
50 123742
50 123748
50 123749
50 123754
50 123758
50 123761
50 123763
50 123767
50 123771
50 123775
50 123778
50 123781
50 123789
50 123791
50 123797
50 123800
50 123802
50 123809
50 123811
50 123823
50 123843
50 123847
50 123851
50 123864
50 123875
50 123878
50 123886
50 123890
50 123903
50 123914
50 123919
50 123927
50 123945
50 123953
50 123958
50 123986
50 123993
50 124001
50 124011
50 124015
50 124028
50 124029
50 124035
50 124042
50 124046
50 124060
50 124070
50 124080
50 124083
50 124090
50 124098
50 124101
50 124107
50 124109
50 124112
50 124121
50 124131
50 124136
50 124146
50 124151
50 124155
50 124159
50 124163
50 124165
50 124168
50 124172
50 124177
50 124180
50 124181
50 124192
50 124205
50 124216
50 124227
50 124229
50 124241
50 124259
50 124274
50 124277
50 124278
50 124290
50 124297
50 124306
50 124319
50 124328
50 124350
50 124351
50 124356
50 124358
50 124365
50 124372
50 124379
50 124398
50 124403
50 124410
50 124411
50 124428
50 124429
50 124441
50 124444
50 124445
50 124459
50 124462
50 124478
50 124480
50 124487
50 124500
50 124526
50 124528
50 124531
50 124537
50 124542
50 124548
50 124553
50 124556
50 124559
50 124566
50 124569
50 124619
50 124620
50 124624
50 124626
50 124646
50 124652
50 124654
50 124656
50 124662
50 124663
50 124673
50 124678
50 124690
50 124702
50 124708
50 124743
50 124747
50 124754
50 124760
50 124784
50 124791
50 124796
50 124801
50 124803
50 124811
50 124813
50 124816
50 124819
50 124820
50 124822
50 124823
50 124826
50 124830
50 124837
50 124858
50 124862
50 124868
50 124872
50 124879
50 124886
50 124897
50 124899
50 124902
50 124948
50 124951
50 124952
50 124956
50 124970
50 124982
50 124996
50 125001
50 125014
50 125015
50 125018
50 125031
50 125042
50 125044
50 125045
50 125048
50 125051
50 125059
50 125066
50 125067
50 125084
50 125095
50 125098
50 125104
50 125108
50 125112
50 125116
50 125118
50 125119
50 125156
50 125160
50 125196
50 125201
50 125215
50 125222
50 125231
50 125233
50 125237
50 125238
50 125251
50 125252
50 125262
50 125263
50 125272
50 125284
50 125285
50 125296
50 125303
50 125305
50 125317
50 125341
50 125382
50 125399
50 125404
50 125409
50 125411
50 125413
50 125416
50 125422
50 125430
50 125432
50 125454
50 125461
50 125467
50 125475
50 125488
50 125492
50 125497
50 125501
50 125511
50 125513
50 125524
50 125529
50 125539
50 125562
50 125576
50 125595
50 125615
50 125639
50 125652
50 125653
50 125661
50 125668
50 125671
50 125672
50 125674
50 125684
50 125686
50 125689
50 125695
50 125712
50 125766
50 125772
50 125783
50 125785
50 125791
50 125795
50 125798
50 125823
50 125825
50 125848
50 125858
50 125871
50 125873
50 125878
50 125883
50 125895
50 125899
50 125902
50 125905
50 125914
50 125918
50 125921
50 125924
50 125927
50 125938
50 125943
50 125944
50 125948
50 125964
50 125968
50 125974
50 125975
50 125976
50 125994
50 126005
50 126014
50 126016
50 126021
50 126025
50 126028
50 126032
50 126037
50 126040
50 126044
50 126053
50 126064
50 126070
50 126074
50 126077
50 126081
50 126085
50 126092
50 126093
50 126106
50 126118
50 126124
50 126136
50 126168
50 126171
50 126174
50 126188
50 126193
50 126197
50 126209
50 126215
50 126224
50 126230
50 126255
50 126260
50 126269
50 126279
50 126284
50 126295
50 126314
50 126318
50 126327
50 126335
50 126354
50 126356
50 126366
50 126379
50 126388
50 126394
50 126404
50 126429
50 126439
50 126441
50 126466
50 126468
50 126474
50 126476
50 126487
50 126502
50 126516
50 126522
50 126527
50 126528
50 126530
50 126542
50 126547
50 126553
50 126554
50 126559
50 126567
50 126568
50 126571
50 126589
50 126590
50 126597
50 126611
50 126613
50 126618
50 126623
50 126628
50 126632
50 126636
50 126640
50 126644
50 126648
50 126649
50 126662
50 126664
50 126666
50 126671
50 126713
50 126718
50 126721
50 126745
50 126750
50 126763
50 126776
50 126782
50 126800
50 126808
50 126814
50 126823
50 126825
50 126869
50 126871
50 126878
50 126879
50 126910
50 126914
50 126922
50 126928
50 126938
50 126940
50 126944
50 126950
50 126957
50 126959
50 126963
50 126982
50 126986
50 126987
50 126992
50 126999
50 127003
50 127004
50 127007
50 127016
50 127028
50 127032
50 127035
50 127040
50 127047
50 127054
50 127063
50 127067
50 127072
50 127076
50 127084
50 127086
50 127095
50 127104
50 127111
50 127113
50 127121
50 127160
50 127162
50 127165
50 127171
50 127196
50 127197
50 127198
50 127201
50 127211
50 127229
50 127232
50 127247
50 127254
50 127276
50 127300
50 127305
50 127309
50 127311
50 127312
50 127316
50 127321
50 127330
50 127334
50 127336
50 127337
50 127353
50 127374
50 127377
50 127378
50 127380
50 127385
50 127396
50 127413
50 127420
50 127421
50 127426
50 127435
50 127438
50 127451
50 127452
50 127454
50 127466
50 127474
50 127483
50 127496
50 127497
50 127501
50 127508
50 127511
50 127519
50 127522
50 127523
50 127527
50 127542
50 127552
50 127556
50 127562
50 127569
50 127576
50 127583
50 127589
50 127595
50 127600
50 127604
50 127614
50 127615
50 127617
50 127620
50 127625
50 127629
50 127631
50 127646
50 127656
50 127683
50 127690
50 127691
50 127714
50 127716
50 127726
50 127740
50 127745
50 127749
50 127755
50 127761
50 127764
50 127784
50 127786
50 127789
50 127794
50 127802
50 127815
50 127816
50 127830
50 127840
50 127844
50 127849
50 127856
50 127861
50 127883
50 127887
50 127888
50 127890
50 127899
50 127903
50 127918
50 127925
50 127932
50 127951
50 127954
50 127957
50 127967
50 127972
50 127974
50 127977
50 127996
50 127999
50 128004
50 128006
50 128013
50 128022
50 128032
50 128033
50 128035
50 128042
50 128056
50 128065
50 128073
50 128086
50 128099
50 128101
50 128102
50 128106
50 128110
50 128118
50 128124
50 128126
50 128147
50 128161
50 128166
50 128173
50 128185
50 128211
50 128220
50 128224
50 128225
50 128241
50 128247
50 128255
50 128282
50 128298
50 128299
50 128308
50 128314
50 128322
50 128326
50 128338
50 128344
50 128345
50 128347
50 128354
50 128368
50 128379
50 128387
50 128389
50 128394
50 128398
50 128402
50 128412
50 128416
50 128426
50 128427
50 128431
50 128447
50 128475
50 128482
50 128485
50 128544
50 128548
50 128553
50 128554
50 128555
50 128558
50 128559
50 128562
50 128567
50 128571
50 128579
50 128590
50 128592
50 128597
50 128603
50 128607
50 128608
50 128622
50 128630
50 128635
50 128664
50 128682
50 128692
50 128698
50 128701
50 128713
50 128720
50 128741
50 128749
50 128750
50 128761
50 128768
50 128774
50 128783
50 128802
50 128804
50 128813
50 128823
50 128824
50 128826
50 128834
50 128836
50 128853
50 128854
50 128870
50 128884
50 128886
50 128888
50 128899
50 128905
50 128911
50 128920
50 128929
50 128931
50 128933
50 128938
50 128939
50 128941
50 128968
50 128974
50 128981
50 128989
50 128997
50 129005
50 129006
50 129015
50 129022
50 129031
50 129039
50 129048
50 129061
50 129062
50 129063
50 129064
50 129069
50 129079
50 129082
50 129102
50 129121
50 129123
50 129129
50 129132
50 129140
50 129160
50 129178
50 129186
50 129189
50 129200
50 129203
50 129213
50 129215
50 129216
50 129229
50 129250
50 129261
50 129270
50 129274
50 129275
50 129294
50 129299
50 129300
50 129309
50 129317
50 129323
50 129324
50 129336
50 129344
50 129350
50 129352
50 129354
50 129361
50 129368
50 129371
50 129372
50 129377
50 129398
50 129405
50 129408
50 129411
50 129423
50 129424
50 129426
50 129429
50 129441
50 129460
50 129464
50 129468
50 129470
50 129475
50 129506
50 129508
50 129527
50 129548
50 129557
50 129558
50 129572
50 129573
50 129579
50 129588
50 129610
50 129611
50 129623
50 129636
50 129639
50 129642
50 129644
50 129646
50 129653
50 129657
50 129667
50 129678
50 129710
50 129711
50 129725
50 129736
50 129784
50 129785
50 129799
50 129801
50 129807
50 129808
50 129813
50 129828
50 129834
50 129842
50 129867
50 129873
50 129875
50 129886
50 129895
50 129899
50 129910
50 129922
50 129927
50 129946
50 129956
50 129957
50 129960
50 129968
50 129973
50 129996
50 129999
50 130016
50 130022
50 130031
50 130048
50 130049
50 130051
50 130053
50 130066
50 130072
50 130074
50 130078
50 130079
50 130086
50 130090
50 130098
50 130100
50 130112
50 130113
50 130119
50 130125
50 130129
50 130135
50 130136
50 130147
50 130168
50 130170
50 130176
50 130186
50 130189
50 130197
50 130199
50 130212
50 130228
50 130235
50 130279
50 130285
50 130287
50 130297
50 130315
50 130316
50 130319
50 130335
50 130353
50 130366
50 130372
50 130387
50 130391
50 130392
50 130398
50 130411
50 130414
50 130416
50 130422
50 130423
50 130425
50 130430
50 130435
50 130439
50 130442
50 130479
50 130482
50 130485
50 130486
50 130493
50 130508
50 130509
50 130518
50 130519
50 130553
50 130585
50 130592
50 130597
50 130603
50 130607
50 130610
50 130618
50 130622
50 130637
50 130638
50 130639
50 130641
50 130644
50 130663
50 130673
50 130677
50 130679
50 130684
50 130693
50 130705
50 130717
50 130725
50 130728
50 130731
50 130733
50 130736
50 130750
50 130756
50 130759
50 130762
50 130778
50 130780
50 130784
50 130790
50 130793
50 130795
50 130797
50 130798
50 130813
50 130826
50 130840
50 130848
50 130892
50 130894
50 130902
50 130904
50 130906
50 130918
50 130923
50 130924
50 130925
50 130942
50 130946
50 130957
50 130961
50 130966
50 130975
50 130982
50 130995
50 131004
50 131011
50 131041
50 131045
50 131051
50 131055
50 131058
50 131060
50 131071
50 131073
50 131081
50 131083
50 131084
50 131089
50 131091
50 131096
50 131098
50 131105
50 131127
50 131129
50 131137
50 131138
50 131140
50 131152
50 131155
50 131158
50 131160
50 131162
50 131172
50 131175
50 131184
50 131188
50 131195
50 131203
50 131208
50 131210
50 131211
50 131213
50 131214
50 131215
50 131217
50 131227
50 131231
50 131235
50 131243
50 131244
50 131256
50 131261
50 131282
50 131295
50 131305
50 131307
50 131323
50 131340
50 131363
50 131375
50 131381
50 131385
50 131387
50 131392
50 131411
50 131413
50 131414
50 131416
50 131422
50 131429
50 131437
50 131440
50 131445
50 131448
50 131474
50 131476
50 131479
50 131485
50 131486
50 131496
50 131500
50 131503
50 131508
50 131510
50 131512
50 131519
50 131528
50 131531
50 131533
50 131536
50 131569
50 131572
50 131576
50 131579
50 131581
50 131587
50 131588
50 131597
50 131603
50 131606
50 131659
50 131660
50 131668
50 131672
50 131678
50 131679
50 131680
50 131707
50 131709
50 131713
50 131716
50 131719
50 131733
50 131737
50 131742
50 131746
50 131752
50 131764
50 131765
50 131775
50 131776
50 131777
50 131778
50 131779
50 131781
50 131783
50 131799
50 131805
50 131822
50 131828
50 131830
50 131835
50 131849
50 131859
50 131866
50 131869
50 131887
50 131900
50 131910
50 131912
50 131915
50 131921
50 131924
50 131936
50 131938
50 131949
50 131952
50 131960
50 131975
50 131977
50 132004
50 132016
50 132029
50 132060
50 132065
50 132066
50 132069
50 132074
50 132091
50 132096
50 132097
50 132098
50 132107
50 132119
50 132120
50 132124
50 132138
50 132141
50 132149
50 132150
50 132154
50 132159
50 132170
50 132186
50 132216
50 132224
50 132238
50 132255
50 132279
50 132292
50 132294
50 132300
50 132301
50 132311
50 132314
50 132325
50 132337
50 132345
50 132369
50 132375
50 132378
50 132381
50 132384
50 132387
50 132389
50 132402
50 132405
50 132406
50 132419
50 132431
50 132436
50 132439
50 132445
50 132448
50 132460
50 132468
50 132472
50 132477
50 132481
50 132484
50 132486
50 132512
50 132513
50 132520
50 132529
50 132530
50 132532
50 132542
50 132548
50 132561
50 132565
50 132576
50 132581
50 132583
50 132598
50 132603
50 132604
50 132607
50 132610
50 132628
50 132630
50 132632
50 132637
50 132639
50 132648
50 132657
50 132663
50 132671
50 132672
50 132683
50 132684
50 132692
50 132694
50 132710
50 132714
50 132715
50 132716
50 132718
50 132727
50 132732
50 132745
50 132749
50 132752
50 132763
50 132773
50 132774
50 132777
50 132791
50 132792
50 132800
50 132802
50 132809
50 132810
50 132816
50 132822
50 132823
50 132830
50 132832
50 132851
50 132867
50 132875
50 132882
50 132898
50 132907
50 132917
50 132944
50 132950
50 132958
50 132979
50 132990
50 132995
50 132998
50 133010
50 133013
50 133018
50 133036
50 133049
50 133069
50 133075
50 133076
50 133079
50 133085
50 133090
50 133091
50 133095
50 133098
50 133105
50 133108
50 133120
50 133140
50 133156
50 133165
50 133172
50 133177
50 133191
50 133195
50 133210
50 133216
50 133217
50 133218
50 133220
50 133230
50 133232
50 133239
50 133242
50 133256
50 133266
50 133272
50 133278
50 133281
50 133292
50 133324
50 133326
50 133341
50 133353
50 133355
50 133363
50 133366
50 133380
50 133381
50 133389
50 133406
50 133437
50 133443
50 133450
50 133482
50 133490
50 133503
50 133507
50 133525
50 133531
50 133550
50 133556
50 133578
50 133586
50 133589
50 133593
50 133609
50 133618
50 133620
50 133621
50 133623
50 133626
50 133629
50 133632
50 133634
50 133652
50 133666
50 133674
50 133679
50 133693
50 133695
50 133697
50 133723
50 133728
50 133730
50 133739
50 133742
50 133747
50 133749
50 133755
50 133760
50 133767
50 133775
50 133779
50 133780
50 133781
50 133784
50 133786
50 133788
50 133798
50 133803
50 133806
50 133814
50 133817
50 133836
50 133838
50 133843
50 133850
50 133851
50 133871
50 133877
50 133881
50 133883
50 133895
50 133904
50 133915
50 133942
50 133954
50 133987
50 133990
50 133992
50 133996
50 134001
50 134013
50 134015
50 134025
50 134039
50 134045
50 134046
50 134049
50 134060
50 134069
50 134074
50 134079
50 134093
50 134122
50 134140
50 134142
50 134146
50 134148
50 134157
50 134159
50 134182
50 134185
50 134188
50 134211
50 134229
50 134236
50 134240
50 134268
50 134285
50 134287
50 134288
50 134306
50 134311
50 134314
50 134317
50 134320
50 134322
50 134337
50 134343
50 134349
50 134350
50 134363
50 134364
50 134366
50 134393
50 134395
50 134417
50 134425
50 134432
50 134444
50 134461
50 134470
50 134471
50 134490
50 134491
50 134492
50 134515
50 134516
50 134522
50 134525
50 134534
50 134540
50 134545
50 134565
50 134571
50 134579
50 134582
50 134587
50 134593
50 134607
50 134634
50 134658
50 134663
50 134666
50 134689
50 134691
50 134694
50 134698
50 134700
50 134703
50 134707
50 134712
50 134717
50 134721
50 134729
50 134743
50 134752
50 134754
50 134762
50 134767
50 134770
50 134775
50 134779
50 134780
50 134782
50 134787
50 134788
50 134798
50 134801
50 134803
50 134804
50 134830
50 134837
50 134839
50 134844
50 134871
50 134889
50 134894
50 134896
50 134903
50 134910
50 134917
50 134942
50 134950
50 134954
50 134972
50 134985
50 134993
50 134998
50 135000
50 135014
50 135022
50 135027
50 135038
50 135041
50 135042
50 135044
50 135048
50 135061
50 135068
50 135083
50 135089
50 135094
50 135115
50 135120
50 135125
50 135134
50 135158
50 135170
50 135188
50 135194
50 135202
50 135227
50 135231
50 135235
50 135249
50 135266
50 135283
50 135287
50 135301
50 135323
50 135330
50 135348
50 135353
50 135355
50 135360
50 135367
50 135371
50 135391
50 135410
50 135418
50 135426
50 135429
50 135433
50 135445
50 135481
50 135496
50 135498
50 135509
50 135512
50 135516
50 135520
50 135525
50 135531
50 135537
50 135548
50 135554
50 135556
50 135565
50 135566
50 135572
50 135575
50 135584
50 135589
50 135594
50 135603
50 135615
50 135628
50 135645
50 135672
50 135683
50 135689
50 135697
50 135705
50 135735
50 135758
50 135763
50 135775
50 135777
50 135784
50 135788
50 135789
50 135791
50 135794
50 135798
50 135821
50 135834
50 135836
50 135838
50 135839
50 135842
50 135849
50 135865
50 135870
50 135885
50 135893
50 135894
50 135917
50 135921
50 135926
50 135936
50 135946
50 135951
50 135954
50 135972
50 135977
50 135978
50 136006
50 136008
50 136011
50 136018
50 136034
50 136061
50 136066
50 136072
50 136078
50 136079
50 136091
50 136103
50 136110
50 136111
50 136122
50 136128
50 136131
50 136133
50 136138
50 136141
50 136149
50 136151
50 136166
50 136181
50 136185
50 136196
50 136199
50 136207
50 136213
50 136221
50 136226
50 136230
50 136237
50 136247
50 136250
50 136251
50 136263
50 136274
50 136284
50 136288
50 136290
50 136291
50 136293
50 136294
50 136297
50 136304
50 136315
50 136319
50 136322
50 136332
50 136342
50 136352
50 136354
50 136365
50 136367
50 136368
50 136377
50 136379
50 136386
50 136393
50 136395
50 136401
50 136405
50 136408
50 136412
50 136413
50 136419
50 136449
50 136456
50 136459
50 136460
50 136476
50 136479
50 136511
50 136513
50 136522
50 136523
50 136525
50 136529
50 136532
50 136549
50 136556
50 136574
50 136578
50 136593
50 136597
50 136599
50 136620
50 136623
50 136633
50 136636
50 136643
50 136647
50 136652
50 136655
50 136657
50 136682
50 136702
50 136705
50 136713
50 136740
50 136746
50 136760
50 136765
50 136767
50 136776
50 136778
50 136780
50 136785
50 136803
50 136819
50 136831
50 136833
50 136836
50 136839
50 136843
50 136850
50 136859
50 136868
50 136881
50 136889
50 136891
50 136895
50 136902
50 136905
50 136907
50 136926
50 136932
50 136935
50 136952
50 136957
50 136958
50 136959
50 136965
50 136967
50 136977
50 136979
50 136983
50 136993
50 136995
50 136996
50 137004
50 137017
50 137026
50 137027
50 137037
50 137042
50 137051
50 137066
50 137067
50 137084
50 137088
50 137092
50 137108
50 137120
50 137129
50 137131
50 137134
50 137141
50 137146
50 137155
50 137180
50 137193
50 137200
50 137201
50 137205
50 137206
50 137225
50 137239
50 137258
50 137262
50 137266
50 137285
50 137291
50 137297
50 137302
50 137314
50 137321
50 137328
50 137337
50 137339
50 137354
50 137358
50 137359
50 137366
50 137389
50 137390
50 137394
50 137409
50 137413
50 137430
50 137435
50 137444
50 137449
50 137454
50 137456
50 137471
50 137472
50 137492
50 137497
50 137507
50 137516
50 137519
50 137543
50 137545
50 137547
50 137554
50 137559
50 137560
50 137563
50 137565
50 137573
50 137580
50 137583
50 137593
50 137603
50 137610
50 137621
50 137631
50 137644
50 137656
50 137657
50 137661
50 137671
50 137677
50 137691
50 137695
50 137697
50 137699
50 137701
50 137709
50 137710
50 137719
50 137739
50 137761
50 137765
50 137779
50 137780
50 137794
50 137807
50 137809
50 137825
50 137827
50 137833
50 137873
50 137877
50 137889
50 137892
50 137900
50 137907
50 137911
50 137919
50 137935
50 137943
50 137947
50 137954
50 137958
50 137968
50 137980
50 137983
50 137985
50 137996
50 138009
50 138013
50 138016
50 138017
50 138025
50 138027
50 138031
50 138035
50 138038
50 138058
50 138064
50 138071
50 138094
50 138098
50 138117
50 138121
50 138146
50 138148
50 138162
50 138167
50 138185
50 138194
50 138200
50 138205
50 138210
50 138213
50 138239
50 138260
50 138272
50 138273
50 138276
50 138288
50 138292
50 138295
50 138315
50 138324
50 138328
50 138329
50 138333
50 138344
50 138350
50 138355
50 138358
50 138360
50 138365
50 138384
50 138392
50 138395
50 138398
50 138406
50 138409
50 138415
50 138433
50 138437
50 138455
50 138457
50 138459
50 138468
50 138487
50 138491
50 138499
50 138511
50 138530
50 138531
50 138540
50 138543
50 138550
50 138552
50 138554
50 138559
50 138585
50 138587
50 138596
50 138616
50 138646
50 138648
50 138657
50 138659
50 138662
50 138666
50 138680
50 138705
50 138720
50 138721
50 138722
50 138725
50 138726
50 138727
50 138737
50 138739
50 138767
50 138772
50 138774
50 138786
50 138794
50 138796
50 138799
50 138800
50 138814
50 138819
50 138823
50 138827
50 138832
50 138834
50 138845
50 138851
50 138860
50 138873
50 138877
50 138884
50 138891
50 138893
50 138895
50 138897
50 138916
50 138949
50 138950
50 138951
50 138981
50 138998
50 139002
50 139005
50 139008
50 139010
50 139029
50 139040
50 139048
50 139063
50 139065
50 139067
50 139072
50 139095
50 139103
50 139105
50 139120
50 139121
50 139125
50 139136
50 139144
50 139152
50 139153
50 139166
50 139167
50 139170
50 139172
50 139174
50 139194
50 139216
50 139225
50 139233
50 139253
50 139266
50 139270
50 139271
50 139277
50 139291
50 139292
50 139293
50 139298
50 139304
50 139311
50 139314
50 139328
50 139330
50 139333
50 139336
50 139346
50 139350
50 139354
50 139357
50 139360
50 139368
50 139387
50 139396
50 139410
50 139411
50 139419
50 139424
50 139431
50 139432
50 139434
50 139435
50 139442
50 139443
50 139469
50 139471
50 139490
50 139492
50 139495
50 139522
50 139526
50 139538
50 139552
50 139559
50 139562
50 139564
50 139572
50 139576
50 139579
50 139580
50 139585
50 139590
50 139596
50 139599
50 139604
50 139605
50 139615
50 139635
50 139646
50 139655
50 139658
50 139665
50 139672
50 139704
50 139705
50 139706
50 139711
50 139716
50 139720
50 139734
50 139749
50 139785
50 139798
50 139811
50 139812
50 139816
50 139817
50 139819
50 139849
50 139851
50 139860
50 139871
50 139887
50 139891
50 139896
50 139914
50 139918
50 139923
50 139926
50 139935
50 139944
50 139947
50 139956
50 139970
50 139983
50 139984
50 140009
50 140014
50 140017
50 140020
50 140028
50 140031
50 140055
50 140069
50 140071
50 140075
50 140079
50 140084
50 140099
50 140111
50 140121
50 140142
50 140144
50 140148
50 140155
50 140167
50 140171
50 140178
50 140190
50 140194
50 140200
50 140249
50 140257
50 140276
50 140318
50 140336
50 140342
50 140363
50 140381
50 140390
50 140392
50 140420
50 140425
50 140426
50 140435
50 140445
50 140446
50 140449
50 140451
50 140460
50 140467
50 140478
50 140487
50 140496
50 140506
50 140512
50 140514
50 140519
50 140528
50 140544
50 140546
50 140557
50 140558
50 140568
50 140571
50 140579
50 140580
50 140582
50 140588
50 140599
50 140603
50 140611
50 140635
50 140653
50 140660
50 140661
50 140681
50 140684
50 140694
50 140707
50 140729
50 140734
50 140742
50 140744
50 140746
50 140756
50 140762
50 140767
50 140775
50 140780
50 140789
50 140795
50 140797
50 140798
50 140805
50 140810
50 140820
50 140824
50 140835
50 140847
50 140853
50 140856
50 140882
50 140894
50 140903
50 140906
50 140908
50 140919
50 140924
50 140929
50 140930
50 140933
50 140955
50 140958
50 140963
50 140972
50 140974
50 140978
50 140984
50 140986
50 140987
50 141007
50 141008
50 141019
50 141022
50 141025
50 141029
50 141038
50 141050
50 141051
50 141059
50 141081
50 141084
50 141103
50 141131
50 141132
50 141137
50 141141
50 141158
50 141162
50 141170
50 141183
50 141203
50 141211
50 141218
50 141224
50 141230
50 141245
50 141247
50 141258
50 141261
50 141271
50 141278
50 141280
50 141281
50 141285
50 141287
50 141305
50 141307
50 141313
50 141318
50 141334
50 141339
50 141341
50 141345
50 141352
50 141356
50 141360
50 141372
50 141375
50 141378
50 141383
50 141385
50 141387
50 141392
50 141395
50 141406
50 141407
50 141420
50 141422
50 141426
50 141427
50 141452
50 141464
50 141474
50 141478
50 141489
50 141491
50 141499
50 141512
50 141526
50 141533
50 141534
50 141538
50 141539
50 141541
50 141546
50 141553
50 141565
50 141584
50 141587
50 141603
50 141616
50 141621
50 141624
50 141625
50 141642
50 141648
50 141662
50 141663
50 141674
50 141682
50 141687
50 141700
50 141721
50 141755
50 141764
50 141773
50 141795
50 141796
50 141810
50 141817
50 141820
50 141829
50 141839
50 141842
50 141847
50 141862
50 141870
50 141881
50 141896
50 141913
50 141918
50 141919
50 141926
50 141928
50 141935
50 141961
50 141964
50 141972
50 141975
50 141978
50 141983
50 141989
50 141998
50 142000
50 142003
50 142004
50 142016
50 142021
50 142025
50 142031
50 142036
50 142048
50 142051
50 142055
50 142066
50 142068
50 142071
50 142079
50 142081
50 142086
50 142088
50 142091
50 142110
50 142113
50 142118
50 142129
50 142138
50 142141
50 142144
50 142154
50 142177
50 142179
50 142183
50 142214
50 142229
50 142230
50 142232
50 142249
50 142257
50 142265
50 142270
50 142271
50 142277
50 142286
50 142292
50 142307
50 142313
50 142319
50 142326
50 142340
50 142355
50 142362
50 142366
50 142368
50 142378
50 142381
50 142384
50 142397
50 142400
50 142406
50 142412
50 142421
50 142435
50 142436
50 142449
50 142459
50 142464
50 142475
50 142485
50 142486
50 142494
50 142503
50 142516
50 142517
50 142530
50 142533
50 142545
50 142564
50 142579
50 142585
50 142601
50 142605
50 142615
50 142630
50 142678
50 142689
50 142696
50 142706
50 142712
50 142730
50 142738
50 142745
50 142747
50 142752
50 142753
50 142761
50 142768
50 142783
50 142788
50 142803
50 142822
50 142824
50 142828
50 142837
50 142841
50 142854
50 142855
50 142858
50 142861
50 142876
50 142878
50 142897
50 142908
50 142909
50 142910
50 142916
50 142931
50 142947
50 142957
50 142961
50 142987
50 142998
50 143001
50 143003
50 143012
50 143020
50 143035
50 143038
50 143042
50 143053
50 143065
50 143073
50 143078
50 143081
50 143084
50 143097
50 143111
50 143114
50 143138
50 143141
50 143142
50 143152
50 143165
50 143168
50 143173
50 143189
50 143192
50 143205
50 143209
50 143211
50 143212
50 143214
50 143218
50 143221
50 143227
50 143234
50 143237
50 143242
50 143253
50 143261
50 143275
50 143283
50 143291
50 143294
50 143295
50 143313
50 143331
50 143342
50 143357
50 143362
50 143379
50 143384
50 143391
50 143398
50 143401
50 143407
50 143409
50 143414
50 143419
50 143421
50 143427
50 143437
50 143438
50 143454
50 143475
50 143476
50 143486
50 143489
50 143493
50 143511
50 143524
50 143530
50 143536
50 143544
50 143567
50 143574
50 143583
50 143591
50 143606
50 143608
50 143609
50 143628
50 143645
50 143647
50 143648
50 143653
50 143657
50 143685
50 143687
50 143697
50 143708
50 143709
50 143720
50 143723
50 143735
50 143736
50 143745
50 143754
50 143770
50 143794
50 143795
50 143810
50 143825
50 143834
50 143845
50 143847
50 143848
50 143849
50 143863
50 143871
50 143897
50 143899
50 143901
50 143902
50 143912
50 143923
50 143965
50 143967
50 143988
50 143990
50 143996
50 143999
50 144005
50 144012
50 144018
50 144051
50 144060
50 144066
50 144071
50 144079
50 144085
50 144086
50 144094
50 144096
50 144103
50 144127
50 144132
50 144135
50 144153
50 144170
50 144180
50 144220
50 144231
50 144241
50 144261
50 144276
50 144280
50 144284
50 144298
50 144311
50 144322
50 144330
50 144338
50 144344
50 144350
50 144356
50 144369
50 144370
50 144377
50 144378
50 144389
50 144395
50 144398
50 144401
50 144412
50 144420
50 144440
50 144447
50 144451
50 144472
50 144473
50 144477
50 144500
50 144502
50 144513
50 144522
50 144525
50 144528
50 144530
50 144550
50 144556
50 144560
50 144562
50 144568
50 144572
50 144578
50 144582
50 144585
50 144589
50 144599
50 144602
50 144604
50 144606
50 144620
50 144658
50 144662
50 144669
50 144672
50 144697
50 144714
50 144718
50 144737
50 144742
50 144743
50 144745
50 144749
50 144761
50 144768
50 144775
50 144788
50 144794
50 144799
50 144808
50 144817
50 144854
50 144856
50 144868
50 144871
50 144880
50 144890
50 144894
50 144896
50 144906
50 144909
50 144912
50 144914
50 144933
50 144939
50 144941
50 144943
50 144945
50 144951
50 144963
50 144970
50 144973
50 144980
50 145000
50 145003
50 145006
50 145010
50 145014
50 145024
50 145026
50 145057
50 145065
50 145071
50 145073
50 145080
50 145091
50 145095
50 145124
50 145132
50 145134
50 145149
50 145177
50 145180
50 145193
50 145205
50 145206
50 145211
50 145219
50 145227
50 145239
50 145240
50 145253
50 145288
50 145302
50 145306
50 145309
50 145320
50 145333
50 145335
50 145336
50 145340
50 145349
51 5
51 15
51 19
51 24
51 44
51 47
51 61
51 87
51 93
51 95
51 97
51 99
51 103
51 118
51 131
51 141
51 151
51 165
51 173
51 183
51 186
51 209
51 217
51 220
51 234
51 236
51 241
51 248
51 280
51 286
51 288
51 290
51 301
51 316
51 340
51 342
51 351
51 356
51 373
51 387
51 389
51 391
51 403
51 412
51 416
51 429
51 433
51 450
51 453
51 456
51 457
51 462
51 479
51 483
51 489
51 493
51 496
51 502
51 507
51 508
51 522
51 526
51 530
51 547
51 552
51 554
51 556
51 561
51 568
51 573
51 577
51 581
51 599
51 617
51 659
51 668
51 688
51 700
51 701
51 702
51 706
51 710
51 716
51 729
51 733
51 735
51 741
51 743
51 752
51 758
51 765
51 772
51 774
51 780
51 789
51 792
51 797
51 831
51 835
51 838
51 840
51 850
51 852
51 857
51 858
51 860
51 884
51 889
51 891
51 899
51 915
51 916
51 924
51 932
51 940
51 948
51 950
51 951
51 978
51 979
51 984
51 987
51 996
51 999
51 1003
51 1004
51 1019
51 1024
51 1025
51 1027
51 1028
51 1031
51 1043
51 1050
51 1051
51 1053
51 1054
51 1056
51 1078
51 1082
51 1087
51 1098
51 1100
51 1102
51 1117
51 1123
51 1133
51 1161
51 1162
51 1180
51 1193
51 1196
51 1211
51 1213
51 1241
51 1249
51 1254
51 1260
51 1262
51 1279
51 1296
51 1299
51 1328
51 1331
51 1338
51 1343
51 1348
51 1351
51 1355
51 1367
51 1377
51 1379
51 1384
51 1393
51 1395
51 1397
51 1402
51 1403
51 1417
51 1425
51 1439
51 1463
51 1470
51 1476
51 1478
51 1484
51 1486
51 1489
51 1491
51 1497
51 1502
51 1519
51 1525
51 1554
51 1557
51 1565
51 1574
51 1577
51 1583
51 1610
51 1619
51 1630
51 1635
51 1640
51 1645
51 1680
51 1698
51 1706
51 1712
51 1725
51 1745
51 1751
51 1756
51 1762
51 1766
51 1768
51 1782
51 1791
51 1797
51 1801
51 1807
51 1823
51 1826
51 1829
51 1832
51 1836
51 1837
51 1840
51 1846
51 1849
51 1861
51 1870
51 1871
51 1879
51 1881
51 1882
51 1890
51 1894
51 1896
51 1903
51 1906
51 1909
51 1910
51 1920
51 1924
51 1926
51 1931
51 1941
51 1962
51 1967
51 1970
51 1985
51 1991
51 1998
51 1999
51 2005
51 2006
51 2017
51 2036
51 2051
51 2064
51 2066
51 2070
51 2080
51 2090
51 2096
51 2097
51 2107
51 2109
51 2115
51 2117
51 2122
51 2130
51 2132
51 2133
51 2152
51 2155
51 2176
51 2178
51 2191
51 2196
51 2199
51 2201
51 2205
51 2213
51 2214
51 2215
51 2222
51 2237
51 2243
51 2261
51 2278
51 2282
51 2290
51 2297
51 2302
51 2315
51 2324
51 2328
51 2329
51 2334
51 2347
51 2355
51 2368
51 2369
51 2371
51 2375
51 2376
51 2382
51 2389
51 2392
51 2394
51 2398
51 2400
51 2406
51 2412
51 2419
51 2456
51 2466
51 2475
51 2481
51 2482
51 2483
51 2514
51 2515
51 2517
51 2518
51 2520
51 2525
51 2526
51 2531
51 2545
51 2560
51 2566
51 2572
51 2573
51 2582
51 2604
51 2609
51 2611
51 2621
51 2625
51 2631
51 2639
51 2641
51 2642
51 2649
51 2651
51 2658
51 2668
51 2671
51 2672
51 2677
51 2680
51 2712
51 2713
51 2727
51 2735
51 2747
51 2765
51 2829
51 2830
51 2839
51 2841
51 2847
51 2864
51 2876
51 2879
51 2888
51 2892
51 2893
51 2895
51 2896
51 2901
51 2903
51 2908
51 2910
51 2921
51 2928
51 2938
51 2952
51 2961
51 2987
51 2996
51 3004
51 3019
51 3023
51 3028
51 3031
51 3038
51 3049
51 3056
51 3062
51 3063
51 3067
51 3076
51 3079
51 3085
51 3086
51 3119
51 3121
51 3125
51 3133
51 3137
51 3149
51 3151
51 3165
51 3177
51 3192
51 3193
51 3195
51 3202
51 3204
51 3210
51 3212
51 3213
51 3218
51 3233
51 3247
51 3253
51 3257
51 3292
51 3298
51 3306
51 3311
51 3313
51 3323
51 3327
51 3334
51 3337
51 3340
51 3344
51 3346
51 3370
51 3388
51 3393
51 3395
51 3398
51 3431
51 3441
51 3448
51 3455
51 3459
51 3463
51 3466
51 3475
51 3489
51 3494
51 3498
51 3517
51 3523
51 3529
51 3539
51 3540
51 3553
51 3559
51 3568
51 3569
51 3571
51 3576
51 3590
51 3602
51 3610
51 3611
51 3618
51 3624
51 3634
51 3678
51 3694
51 3696
51 3702
51 3706
51 3720
51 3723
51 3727
51 3729
51 3733
51 3748
51 3749
51 3756
51 3773
51 3774
51 3788
51 3791
51 3797
51 3805
51 3815
51 3821
51 3834
51 3840
51 3844
51 3851
51 3860
51 3867
51 3881
51 3883
51 3889
51 3893
51 3895
51 3908
51 3909
51 3931
51 3947
51 3951
51 3956
51 3971
51 3979
51 3985
51 3995
51 4006
51 4010
51 4011
51 4016
51 4017
51 4031
51 4042
51 4048
51 4050
51 4057
51 4067
51 4077
51 4083
51 4087
51 4097
51 4100
51 4103
51 4107
51 4108
51 4110
51 4113
51 4127
51 4129
51 4141
51 4148
51 4149
51 4152
51 4156
51 4157
51 4162
51 4163
51 4165
51 4168
51 4170
51 4178
51 4194
51 4200
51 4208
51 4214
51 4246
51 4250
51 4273
51 4274
51 4276
51 4284
51 4287
51 4291
51 4292
51 4300
51 4314
51 4320
51 4333
51 4336
51 4348
51 4355
51 4357
51 4360
51 4381
51 4399
51 4401
51 4404
51 4409
51 4430
51 4434
51 4450
51 4457
51 4464
51 4472
51 4491
51 4493
51 4498
51 4506
51 4522
51 4524
51 4526
51 4535
51 4542
51 4554
51 4558
51 4572
51 4575
51 4582
51 4586
51 4591
51 4595
51 4598
51 4607
51 4616
51 4634
51 4635
51 4637
51 4647
51 4652
51 4663
51 4674
51 4683
51 4686
51 4706
51 4709
51 4716
51 4726
51 4733
51 4739
51 4748
51 4753
51 4761
51 4766
51 4772
51 4773
51 4788
51 4793
51 4795
51 4802
51 4803
51 4806
51 4809
51 4820
51 4833
51 4845
51 4846
51 4861
51 4871
51 4875
51 4897
51 4899
51 4900
51 4906
51 4907
51 4908
51 4913
51 4926
51 4972
51 4981
51 4982
51 4986
51 5008
51 5010
51 5013
51 5015
51 5019
51 5024
51 5035
51 5042
51 5043
51 5046
51 5057
51 5070
51 5077
51 5091
51 5102
51 5106
51 5108
51 5115
51 5123
51 5124
51 5129
51 5132
51 5142
51 5150
51 5152
51 5158
51 5159
51 5161
51 5173
51 5176
51 5186
51 5190
51 5194
51 5195
51 5209
51 5211
51 5216
51 5218
51 5219
51 5228
51 5242
51 5253
51 5270
51 5291
51 5292
51 5295
51 5303
51 5310
51 5313
51 5317
51 5322
51 5325
51 5327
51 5330
51 5347
51 5349
51 5351
51 5370
51 5412
51 5423
51 5424
51 5426
51 5432
51 5437
51 5452
51 5454
51 5459
51 5461
51 5471
51 5473
51 5502
51 5541
51 5545
51 5547
51 5549
51 5554
51 5563
51 5569
51 5610
51 5611
51 5619
51 5620
51 5629
51 5633
51 5641
51 5642
51 5649
51 5653
51 5661
51 5663
51 5666
51 5672
51 5673
51 5677
51 5717
51 5721
51 5736
51 5746
51 5757
51 5761
51 5774
51 5781
51 5787
51 5792
51 5799
51 5802
51 5806
51 5807
51 5816
51 5823
51 5832
51 5839
51 5844
51 5854
51 5855
51 5871
51 5886
51 5887
51 5890
51 5894
51 5900
51 5910
51 5919
51 5923
51 5929
51 5932
51 5935
51 5938
51 5940
51 5948
51 5950
51 5953
51 5959
51 5966
51 5971
51 5981
51 5985
51 5991
51 5996
51 6001
51 6006
51 6012
51 6014
51 6019
51 6023
51 6031
51 6032
51 6043
51 6066
51 6076
51 6079
51 6094
51 6099
51 6102
51 6105
51 6106
51 6109
51 6113
51 6115
51 6132
51 6143
51 6156
51 6162
51 6167
51 6170
51 6171
51 6175
51 6198
51 6203
51 6232
51 6251
51 6260
51 6262
51 6276
51 6285
51 6295
51 6299
51 6306
51 6334
51 6343
51 6354
51 6362
51 6363
51 6366
51 6367
51 6380
51 6383
51 6389
51 6390
51 6400
51 6403
51 6422
51 6438
51 6441
51 6451
51 6457
51 6458
51 6481
51 6502
51 6509
51 6511
51 6515
51 6517
51 6527
51 6539
51 6550
51 6572
51 6577
51 6582
51 6584
51 6590
51 6591
51 6598
51 6606
51 6612
51 6617
51 6620
51 6628
51 6641
51 6652
51 6674
51 6676
51 6684
51 6685
51 6690
51 6700
51 6710
51 6712
51 6728
51 6729
51 6741
51 6745
51 6753
51 6760
51 6761
51 6769
51 6770
51 6775
51 6780
51 6784
51 6787
51 6803
51 6809
51 6811
51 6812
51 6817
51 6819
51 6840
51 6841
51 6845
51 6853
51 6867
51 6882
51 6888
51 6898
51 6944
51 6973
51 6985
51 6988
51 6993
51 7007
51 7015
51 7026
51 7040
51 7048
51 7078
51 7082
51 7093
51 7097
51 7102
51 7104
51 7119
51 7122
51 7128
51 7133
51 7135
51 7146
51 7148
51 7149
51 7155
51 7158
51 7171
51 7174
51 7182
51 7184
51 7185
51 7187
51 7194
51 7200
51 7202
51 7205
51 7217
51 7226
51 7229
51 7231
51 7238
51 7244
51 7246
51 7249
51 7250
51 7252
51 7257
51 7261
51 7268
51 7275
51 7292
51 7304
51 7305
51 7308
51 7320
51 7325
51 7326
51 7334
51 7341
51 7373
51 7376
51 7380
51 7381
51 7388
51 7398
51 7405
51 7408
51 7421
51 7426
51 7427
51 7430
51 7441
51 7454
51 7464
51 7469
51 7471
51 7478
51 7484
51 7494
51 7508
51 7509
51 7513
51 7516
51 7522
51 7542
51 7552
51 7559
51 7590
51 7610
51 7629
51 7634
51 7641
51 7647
51 7663
51 7666
51 7675
51 7697
51 7701
51 7710
51 7714
51 7723
51 7749
51 7775
51 7798
51 7806
51 7820
51 7821
51 7823
51 7831
51 7879
51 7894
51 7900
51 7907
51 7917
51 7927
51 7929
51 7930
51 7943
51 7974
51 7992
51 7996
51 8000
51 8006
51 8010
51 8015
51 8033
51 8073
51 8084
51 8088
51 8123
51 8127
51 8135
51 8144
51 8147
51 8154
51 8155
51 8171
51 8176
51 8178
51 8186
51 8187
51 8190
51 8192
51 8199
51 8231
51 8235
51 8253
51 8255
51 8264
51 8274
51 8275
51 8285
51 8297
51 8299
51 8312
51 8316
51 8318
51 8322
51 8325
51 8337
51 8344
51 8348
51 8354
51 8358
51 8373
51 8375
51 8376
51 8384
51 8392
51 8402
51 8403
51 8404
51 8424
51 8426
51 8436
51 8440
51 8441
51 8452
51 8463
51 8469
51 8476
51 8487
51 8492
51 8495
51 8496
51 8508
51 8516
51 8518
51 8530
51 8533
51 8538
51 8549
51 8561
51 8567
51 8576
51 8580
51 8587
51 8588
51 8592
51 8600
51 8608
51 8611
51 8619
51 8622
51 8623
51 8641
51 8650
51 8655
51 8673
51 8674
51 8681
51 8695
51 8696
51 8704
51 8706
51 8709
51 8736
51 8740
51 8753
51 8756
51 8769
51 8783
51 8790
51 8791
51 8799
51 8804
51 8805
51 8811
51 8812
51 8816
51 8828
51 8835
51 8863
51 8869
51 8877
51 8897
51 8900
51 8906
51 8919
51 8928
51 8930
51 8940
51 8941
51 8953
51 8974
51 8975
51 8991
51 8994
51 8995
51 9006
51 9009
51 9014
51 9026
51 9039
51 9056
51 9058
51 9060
51 9068
51 9071
51 9087
51 9093
51 9122
51 9126
51 9135
51 9147
51 9155
51 9163
51 9164
51 9168
51 9180
51 9188
51 9191
51 9206
51 9213
51 9225
51 9230
51 9233
51 9240
51 9244
51 9255
51 9256
51 9266
51 9270
51 9275
51 9277
51 9287
51 9298
51 9299
51 9305
51 9318
51 9330
51 9333
51 9339
51 9351
51 9354
51 9366
51 9368
51 9372
51 9376
51 9381
51 9397
51 9398
51 9413
51 9414
51 9424
51 9427
51 9455
51 9464
51 9466
51 9473
51 9483
51 9484
51 9485
51 9491
51 9496
51 9501
51 9502
51 9505
51 9508
51 9514
51 9519
51 9523
51 9530
51 9531
51 9550
51 9552
51 9557
51 9570
51 9581
51 9593
51 9600
51 9601
51 9607
51 9620
51 9627
51 9642
51 9647
51 9661
51 9662
51 9666
51 9676
51 9678
51 9682
51 9698
51 9701
51 9704
51 9724
51 9769
51 9782
51 9788
51 9804
51 9815
51 9817
51 9821
51 9840
51 9844
51 9847
51 9859
51 9874
51 9876
51 9893
51 9901
51 9909
51 9914
51 9923
51 9952
51 9961
51 9971
51 9989
51 10000
51 10003
51 10021
51 10026
51 10056
51 10064
51 10082
51 10083
51 10095
51 10105
51 10110
51 10117
51 10123
51 10140
51 10142
51 10150
51 10158
51 10163
51 10166
51 10179
51 10197
51 10201
51 10206
51 10211
51 10214
51 10229
51 10253
51 10258
51 10261
51 10265
51 10273
51 10277
51 10281
51 10284
51 10292
51 10297
51 10304
51 10308
51 10316
51 10323
51 10324
51 10339
51 10369
51 10370
51 10380
51 10392
51 10394
51 10398
51 10404
51 10405
51 10419
51 10444
51 10448
51 10451
51 10459
51 10462
51 10470
51 10476
51 10483
51 10485
51 10490
51 10491
51 10496
51 10501
51 10510
51 10516
51 10518
51 10531
51 10545
51 10550
51 10553
51 10557
51 10569
51 10575
51 10587
51 10591
51 10593
51 10605
51 10607
51 10612
51 10614
51 10621
51 10628
51 10648
51 10660
51 10661
51 10675
51 10676
51 10690
51 10695
51 10705
51 10717
51 10723
51 10729
51 10746
51 10752
51 10761
51 10769
51 10771
51 10779
51 10794
51 10799
51 10803
51 10806
51 10808
51 10813
51 10827
51 10831
51 10835
51 10837
51 10841
51 10845
51 10851
51 10856
51 10858
51 10865
51 10868
51 10870
51 10876
51 10881
51 10887
51 10892
51 10896
51 10899
51 10903
51 10921
51 10926
51 10928
51 10930
51 10938
51 10942
51 10947
51 10952
51 10958
51 10969
51 10995
51 11000
51 11003
51 11006
51 11027
51 11030
51 11032
51 11033
51 11049
51 11063
51 11078
51 11088
51 11092
51 11093
51 11102
51 11106
51 11113
51 11116
51 11126
51 11136
51 11137
51 11150
51 11155
51 11183
51 11184
51 11191
51 11201
51 11214
51 11216
51 11218
51 11220
51 11223
51 11226
51 11228
51 11237
51 11242
51 11244
51 11247
51 11249
51 11254
51 11256
51 11259
51 11267
51 11276
51 11287
51 11290
51 11309
51 11324
51 11329
51 11353
51 11362
51 11369
51 11390
51 11417
51 11419
51 11422
51 11432
51 11440
51 11442
51 11453
51 11473
51 11477
51 11490
51 11497
51 11499
51 11507
51 11509
51 11517
51 11518
51 11524
51 11547
51 11554
51 11555
51 11558
51 11579
51 11580
51 11583
51 11595
51 11608
51 11618
51 11625
51 11635
51 11636
51 11644
51 11645
51 11647
51 11651
51 11668
51 11675
51 11703
51 11711
51 11733
51 11736
51 11737
51 11745
51 11754
51 11766
51 11798
51 11809
51 11813
51 11814
51 11820
51 11841
51 11842
51 11845
51 11852
51 11856
51 11863
51 11872
51 11882
51 11889
51 11895
51 11899
51 11905
51 11906
51 11910
51 11916
51 11922
51 11936
51 11946
51 11957
51 11963
51 11971
51 12019
51 12022
51 12029
51 12031
51 12035
51 12060
51 12075
51 12089
51 12101
51 12119
51 12125
51 12139
51 12145
51 12147
51 12148
51 12160
51 12167
51 12174
51 12180
51 12183
51 12187
51 12198
51 12202
51 12204
51 12215
51 12217
51 12224
51 12226
51 12238
51 12250
51 12256
51 12268
51 12271
51 12286
51 12299
51 12306
51 12309
51 12310
51 12325
51 12327
51 12330
51 12334
51 12335
51 12336
51 12342
51 12349
51 12353
51 12359
51 12361
51 12363
51 12376
51 12380
51 12381
51 12387
51 12413
51 12426
51 12436
51 12445
51 12451
51 12455
51 12469
51 12470
51 12476
51 12479
51 12481
51 12487
51 12510
51 12520
51 12525
51 12532
51 12534
51 12539
51 12544
51 12547
51 12557
51 12578
51 12584
51 12597
51 12598
51 12607
51 12611
51 12614
51 12634
51 12636
51 12642
51 12645
51 12658
51 12666
51 12669
51 12674
51 12681
51 12687
51 12693
51 12702
51 12712
51 12717
51 12718
51 12724
51 12750
51 12754
51 12756
51 12759
51 12779
51 12788
51 12795
51 12810
51 12816
51 12821
51 12846
51 12850
51 12855
51 12864
51 12869
51 12895
51 12900
51 12902
51 12908
51 12909
51 12916
51 12940
51 12947
51 12948
51 12955
51 12965
51 12969
51 12980
51 12982
51 12984
51 12992
51 12994
51 12997
51 13009
51 13025
51 13041
51 13060
51 13069
51 13071
51 13079
51 13081
51 13092
51 13099
51 13110
51 13115
51 13132
51 13144
51 13147
51 13159
51 13170
51 13175
51 13198
51 13200
51 13204
51 13221
51 13223
51 13239
51 13257
51 13258
51 13261
51 13262
51 13265
51 13267
51 13270
51 13275
51 13281
51 13283
51 13289
51 13292
51 13309
51 13311
51 13318
51 13329
51 13334
51 13339
51 13342
51 13344
51 13353
51 13366
51 13407
51 13408
51 13419
51 13424
51 13426
51 13429
51 13436
51 13442
51 13450
51 13463
51 13467
51 13491
51 13494
51 13505
51 13513
51 13516
51 13521
51 13525
51 13527
51 13533
51 13534
51 13544
51 13546
51 13560
51 13579
51 13583
51 13596
51 13598
51 13605
51 13608
51 13610
51 13627
51 13647
51 13660
51 13673
51 13674
51 13680
51 13687
51 13695
51 13699
51 13706
51 13708
51 13715
51 13722
51 13730
51 13742
51 13744
51 13755
51 13757
51 13777
51 13778
51 13782
51 13808
51 13809
51 13813
51 13841
51 13844
51 13854
51 13855
51 13858
51 13863
51 13865
51 13870
51 13877
51 13881
51 13883
51 13890
51 13896
51 13902
51 13910
51 13921
51 13928
51 13935
51 13937
51 13941
51 13945
51 13949
51 13954
51 13955
51 13974
51 13977
51 13980
51 13990
51 13999
51 14015
51 14023
51 14032
51 14050
51 14055
51 14058
51 14060
51 14062
51 14069
51 14075
51 14077
51 14082
51 14088
51 14098
51 14102
51 14112
51 14124
51 14133
51 14139
51 14145
51 14155
51 14159
51 14164
51 14172
51 14187
51 14191
51 14205
51 14211
51 14228
51 14240
51 14242
51 14244
51 14268
51 14295
51 14299
51 14305
51 14307
51 14308
51 14309
51 14313
51 14314
51 14321
51 14323
51 14325
51 14328
51 14329
51 14335
51 14349
51 14357
51 14369
51 14370
51 14377
51 14394
51 14397
51 14406
51 14407
51 14414
51 14427
51 14435
51 14440
51 14454
51 14460
51 14467
51 14470
51 14485
51 14488
51 14495
51 14502
51 14512
51 14524
51 14527
51 14536
51 14539
51 14568
51 14574
51 14587
51 14595
51 14627
51 14647
51 14648
51 14663
51 14690
51 14694
51 14696
51 14697
51 14713
51 14714
51 14723
51 14727
51 14739
51 14770
51 14771
51 14778
51 14786
51 14793
51 14797
51 14802
51 14804
51 14813
51 14825
51 14832
51 14845
51 14869
51 14872
51 14898
51 14900
51 14903
51 14914
51 14923
51 14932
51 14941
51 14943
51 14945
51 14946
51 14955
51 14956
51 14975
51 14977
51 14978
51 14984
51 14987
51 15000
51 15005
51 15019
51 15033
51 15044
51 15048
51 15049
51 15050
51 15052
51 15063
51 15066
51 15068
51 15079
51 15115
51 15118
51 15129
51 15143
51 15147
51 15155
51 15157
51 15167
51 15171
51 15177
51 15180
51 15181
51 15194
51 15195
51 15197
51 15199
51 15223
51 15231
51 15247
51 15265
51 15271
51 15274
51 15277
51 15285
51 15290
51 15292
51 15298
51 15311
51 15317
51 15326
51 15328
51 15366
51 15377
51 15385
51 15393
51 15403
51 15420
51 15433
51 15439
51 15470
51 15478
51 15491
51 15503
51 15516
51 15521
51 15522
51 15524
51 15528
51 15538
51 15548
51 15554
51 15557
51 15559
51 15592
51 15607
51 15609
51 15638
51 15659
51 15663
51 15666
51 15667
51 15674
51 15680
51 15687
51 15692
51 15693
51 15720
51 15723
51 15731
51 15732
51 15747
51 15756
51 15761
51 15783
51 15791
51 15799
51 15801
51 15812
51 15844
51 15849
51 15850
51 15856
51 15866
51 15873
51 15887
51 15901
51 15908
51 15909
51 15912
51 15920
51 15923
51 15931
51 15933
51 15935
51 15941
51 15947
51 15949
51 15950
51 15979
51 15983
51 15990
51 15994
51 16009
51 16016
51 16030
51 16031
51 16034
51 16038
51 16043
51 16049
51 16058
51 16060
51 16065
51 16083
51 16088
51 16094
51 16097
51 16115
51 16131
51 16142
51 16152
51 16153
51 16166
51 16167
51 16176
51 16177
51 16183
51 16185
51 16186
51 16193
51 16215
51 16217
51 16220
51 16231
51 16233
51 16242
51 16256
51 16277
51 16282
51 16283
51 16291
51 16294
51 16308
51 16317
51 16337
51 16400
51 16404
51 16409
51 16411
51 16414
51 16423
51 16446
51 16448
51 16452
51 16457
51 16459
51 16461
51 16463
51 16468
51 16490
51 16496
51 16504
51 16506
51 16507
51 16514
51 16532
51 16533
51 16537
51 16548
51 16552
51 16560
51 16564
51 16571
51 16582
51 16592
51 16601
51 16604
51 16608
51 16610
51 16614
51 16621
51 16631
51 16633
51 16649
51 16651
51 16655
51 16665
51 16668
51 16670
51 16678
51 16680
51 16686
51 16689
51 16697
51 16703
51 16704
51 16705
51 16709
51 16720
51 16728
51 16729
51 16730
51 16742
51 16746
51 16766
51 16769
51 16773
51 16776
51 16798
51 16814
51 16833
51 16836
51 16837
51 16857
51 16861
51 16866
51 16869
51 16877
51 16888
51 16903
51 16907
51 16909
51 16920
51 16941
51 16965
51 16966
51 16996
51 17002
51 17004
51 17005
51 17012
51 17021
51 17024
51 17027
51 17028
51 17049
51 17051
51 17061
51 17065
51 17076
51 17081
51 17089
51 17090
51 17102
51 17122
51 17123
51 17130
51 17136
51 17146
51 17148
51 17153
51 17166
51 17186
51 17193
51 17206
51 17216
51 17217
51 17230
51 17246
51 17247
51 17249
51 17251
51 17256
51 17258
51 17265
51 17269
51 17272
51 17290
51 17293
51 17315
51 17316
51 17319
51 17320
51 17324
51 17329
51 17344
51 17353
51 17372
51 17397
51 17416
51 17421
51 17428
51 17438
51 17442
51 17448
51 17453
51 17466
51 17505
51 17509
51 17522
51 17533
51 17534
51 17538
51 17544
51 17558
51 17560
51 17568
51 17572
51 17576
51 17586
51 17606
51 17607
51 17609
51 17610
51 17611
51 17616
51 17630
51 17632
51 17643
51 17645
51 17656
51 17659
51 17662
51 17666
51 17683
51 17684
51 17711
51 17724
51 17754
51 17756
51 17766
51 17773
51 17778
51 17780
51 17800
51 17810
51 17812
51 17815
51 17818
51 17847
51 17860
51 17874
51 17877
51 17889
51 17897
51 17898
51 17933
51 17934
51 17962
51 17965
51 17992
51 18006
51 18009
51 18024
51 18037
51 18044
51 18046
51 18054
51 18079
51 18083
51 18089
51 18094
51 18109
51 18111
51 18113
51 18114
51 18115
51 18123
51 18124
51 18137
51 18147
51 18150
51 18157
51 18163
51 18170
51 18173
51 18182
51 18199
51 18200
51 18222
51 18232
51 18234
51 18244
51 18259
51 18260
51 18266
51 18270
51 18271
51 18292
51 18295
51 18300
51 18307
51 18321
51 18324
51 18332
51 18336
51 18338
51 18348
51 18356
51 18357
51 18358
51 18361
51 18390
51 18410
51 18423
51 18433
51 18439
51 18452
51 18454
51 18466
51 18481
51 18496
51 18503
51 18505
51 18514
51 18517
51 18518
51 18525
51 18532
51 18540
51 18553
51 18559
51 18585
51 18593
51 18600
51 18601
51 18616
51 18622
51 18638
51 18643
51 18644
51 18664
51 18665
51 18666
51 18670
51 18679
51 18680
51 18690
51 18703
51 18714
51 18719
51 18723
51 18729
51 18732
51 18737
51 18744
51 18770
51 18773
51 18781
51 18783
51 18796
51 18800
51 18801
51 18802
51 18803
51 18813
51 18816
51 18823
51 18831
51 18837
51 18867
51 18871
51 18874
51 18876
51 18883
51 18890
51 18891
51 18904
51 18907
51 18917
51 18929
51 18930
51 18940
51 18951
51 18973
51 18984
51 18985
51 18989
51 18994
51 19005
51 19012
51 19020
51 19024
51 19026
51 19032
51 19035
51 19036
51 19042
51 19045
51 19056
51 19063
51 19067
51 19080
51 19082
51 19089
51 19096
51 19100
51 19111
51 19112
51 19125
51 19126
51 19140
51 19157
51 19164
51 19172
51 19178
51 19180
51 19190
51 19213
51 19220
51 19225
51 19243
51 19252
51 19254
51 19258
51 19274
51 19282
51 19292
51 19303
51 19304
51 19311
51 19315
51 19319
51 19333
51 19337
51 19341
51 19363
51 19370
51 19373
51 19374
51 19377
51 19395
51 19401
51 19414
51 19423
51 19424
51 19428
51 19435
51 19443
51 19452
51 19465
51 19470
51 19473
51 19474
51 19478
51 19492
51 19495
51 19496
51 19498
51 19502
51 19514
51 19523
51 19526
51 19533
51 19540
51 19543
51 19548
51 19554
51 19556
51 19564
51 19566
51 19574
51 19583
51 19597
51 19612
51 19623
51 19631
51 19633
51 19636
51 19646
51 19647
51 19651
51 19653
51 19659
51 19661
51 19672
51 19688
51 19711
51 19716
51 19739
51 19751
51 19753
51 19769
51 19778
51 19788
51 19790
51 19796
51 19809
51 19810
51 19811
51 19818
51 19821
51 19824
51 19828
51 19836
51 19849
51 19852
51 19856
51 19862
51 19875
51 19877
51 19878
51 19881
51 19915
51 19922
51 19933
51 19942
51 19948
51 19952
51 19964
51 19976
51 19984
51 19991
51 19995
51 20000
51 20002
51 20005
51 20009
51 20023
51 20031
51 20032
51 20057
51 20064
51 20072
51 20078
51 20083
51 20084
51 20090
51 20093
51 20095
51 20101
51 20117
51 20128
51 20130
51 20132
51 20136
51 20147
51 20155
51 20156
51 20165
51 20167
51 20173
51 20177
51 20180
51 20181
51 20184
51 20190
51 20191
51 20221
51 20222
51 20226
51 20236
51 20238
51 20240
51 20244
51 20259
51 20264
51 20275
51 20289
51 20294
51 20296
51 20298
51 20304
51 20312
51 20316
51 20326
51 20331
51 20337
51 20341
51 20344
51 20351
51 20361
51 20371
51 20383
51 20407
51 20423
51 20446
51 20459
51 20462
51 20463
51 20469
51 20481
51 20482
51 20485
51 20503
51 20504
51 20509
51 20519
51 20525
51 20540
51 20554
51 20563
51 20568
51 20570
51 20572
51 20578
51 20605
51 20609
51 20624
51 20628
51 20630
51 20641
51 20651
51 20656
51 20666
51 20675
51 20695
51 20696
51 20699
51 20708
51 20711
51 20712
51 20714
51 20727
51 20743
51 20752
51 20756
51 20770
51 20774
51 20778
51 20782
51 20787
51 20796
51 20815
51 20828
51 20829
51 20837
51 20844
51 20847
51 20856
51 20861
51 20873
51 20879
51 20884
51 20885
51 20887
51 20902
51 20905
51 20906
51 20917
51 20923
51 20927
51 20937
51 20947
51 20962
51 20974
51 20976
51 20994
51 20995
51 21001
51 21003
51 21006
51 21009
51 21010
51 21021
51 21024
51 21030
51 21033
51 21040
51 21043
51 21044
51 21050
51 21057
51 21064
51 21069
51 21074
51 21078
51 21107
51 21114
51 21137
51 21145
51 21153
51 21154
51 21156
51 21159
51 21162
51 21168
51 21182
51 21199
51 21240
51 21244
51 21261
51 21268
51 21276
51 21279
51 21288
51 21294
51 21304
51 21318
51 21328
51 21346
51 21350
51 21351
51 21353
51 21359
51 21361
51 21364
51 21373
51 21383
51 21392
51 21411
51 21413
51 21420
51 21422
51 21426
51 21431
51 21433
51 21439
51 21466
51 21469
51 21471
51 21475
51 21483
51 21495
51 21502
51 21505
51 21508
51 21522
51 21528
51 21561
51 21563
51 21566
51 21568
51 21582
51 21587
51 21602
51 21607
51 21612
51 21617
51 21627
51 21635
51 21646
51 21649
51 21654
51 21675
51 21677
51 21680
51 21690
51 21728
51 21732
51 21735
51 21743
51 21749
51 21752
51 21754
51 21760
51 21767
51 21770
51 21806
51 21807
51 21819
51 21823
51 21837
51 21838
51 21843
51 21846
51 21848
51 21861
51 21871
51 21873
51 21880
51 21881
51 21883
51 21888
51 21893
51 21898
51 21912
51 21916
51 21922
51 21926
51 21929
51 21940
51 21956
51 21976
51 21983
51 21986
51 21987
51 21989
51 21995
51 21999
51 22001
51 22007
51 22012
51 22024
51 22033
51 22039
51 22040
51 22042
51 22053
51 22060
51 22090
51 22096
51 22101
51 22105
51 22108
51 22124
51 22131
51 22133
51 22145
51 22157
51 22159
51 22164
51 22170
51 22182
51 22210
51 22211
51 22215
51 22219
51 22220
51 22233
51 22235
51 22255
51 22260
51 22266
51 22272
51 22273
51 22276
51 22282
51 22284
51 22293
51 22315
51 22317
51 22319
51 22321
51 22325
51 22329
51 22343
51 22345
51 22349
51 22352
51 22360
51 22363
51 22366
51 22372
51 22380
51 22405
51 22412
51 22415
51 22419
51 22425
51 22426
51 22430
51 22443
51 22461
51 22464
51 22470
51 22471
51 22473
51 22479
51 22496
51 22502
51 22505
51 22519
51 22527
51 22530
51 22539
51 22542
51 22555
51 22556
51 22561
51 22563
51 22564
51 22575
51 22581
51 22582
51 22584
51 22593
51 22601
51 22612
51 22613
51 22615
51 22620
51 22625
51 22628
51 22633
51 22638
51 22647
51 22650
51 22653
51 22671
51 22673
51 22679
51 22685
51 22690
51 22691
51 22698
51 22705
51 22718
51 22731
51 22736
51 22738
51 22743
51 22745
51 22747
51 22753
51 22761
51 22768
51 22769
51 22772
51 22780
51 22799
51 22804
51 22807
51 22813
51 22814
51 22817
51 22834
51 22839
51 22857
51 22863
51 22864
51 22867
51 22868
51 22870
51 22881
51 22886
51 22906
51 22911
51 22913
51 22918
51 22919
51 22944
51 22952
51 22957
51 22968
51 22974
51 22990
51 22997
51 23000
51 23019
51 23025
51 23048
51 23071
51 23074
51 23087
51 23089
51 23091
51 23100
51 23111
51 23115
51 23117
51 23128
51 23138
51 23145
51 23156
51 23157
51 23165
51 23167
51 23179
51 23187
51 23197
51 23201
51 23203
51 23214
51 23215
51 23220
51 23229
51 23235
51 23237
51 23240
51 23247
51 23262
51 23295
51 23298
51 23301
51 23306
51 23321
51 23322
51 23338
51 23356
51 23360
51 23361
51 23364
51 23372
51 23377
51 23384
51 23392
51 23402
51 23409
51 23420
51 23421
51 23424
51 23434
51 23436
51 23449
51 23460
51 23463
51 23471
51 23478
51 23491
51 23509
51 23519
51 23535
51 23537
51 23540
51 23550
51 23557
51 23558
51 23560
51 23564
51 23574
51 23588
51 23611
51 23617
51 23626
51 23634
51 23636
51 23641
51 23650
51 23662
51 23674
51 23682
51 23684
51 23697
51 23699
51 23706
51 23709
51 23712
51 23718
51 23723
51 23736
51 23745
51 23753
51 23799
51 23806
51 23808
51 23816
51 23827
51 23836
51 23838
51 23842
51 23860
51 23862
51 23869
51 23875
51 23877
51 23882
51 23899
51 23910
51 23924
51 23927
51 23933
51 23948
51 23955
51 23957
51 23988
51 23989
51 23995
51 23997
51 24004
51 24011
51 24015
51 24022
51 24028
51 24031
51 24039
51 24044
51 24057
51 24067
51 24072
51 24075
51 24078
51 24087
51 24091
51 24102
51 24106
51 24143
51 24147
51 24161
51 24171
51 24182
51 24203
51 24217
51 24218
51 24249
51 24258
51 24264
51 24269
51 24270
51 24287
51 24292
51 24295
51 24297
51 24305
51 24307
51 24319
51 24322
51 24330
51 24338
51 24347
51 24349
51 24354
51 24375
51 24380
51 24385
51 24409
51 24413
51 24415
51 24426
51 24452
51 24454
51 24458
51 24462
51 24467
51 24476
51 24486
51 24488
51 24495
51 24547
51 24554
51 24556
51 24573
51 24587
51 24588
51 24590
51 24601
51 24603
51 24605
51 24612
51 24623
51 24624
51 24634
51 24636
51 24644
51 24652
51 24654
51 24675
51 24678
51 24686
51 24701
51 24703
51 24713
51 24718
51 24722
51 24729
51 24733
51 24735
51 24751
51 24769
51 24771
51 24812
51 24817
51 24836
51 24846
51 24857
51 24862
51 24883
51 24886
51 24888
51 24893
51 24894
51 24895
51 24908
51 24916
51 24918
51 24933
51 24938
51 24947
51 24949
51 24959
51 24970
51 24971
51 24983
51 24985
51 24996
51 25005
51 25006
51 25012
51 25013
51 25024
51 25027
51 25033
51 25036
51 25037
51 25048
51 25052
51 25062
51 25064
51 25066
51 25070
51 25078
51 25079
51 25081
51 25094
51 25106
51 25108
51 25109
51 25127
51 25135
51 25147
51 25153
51 25168
51 25191
51 25203
51 25205
51 25210
51 25213
51 25214
51 25220
51 25221
51 25232
51 25235
51 25237
51 25244
51 25248
51 25254
51 25265
51 25274
51 25280
51 25282
51 25286
51 25295
51 25302
51 25305
51 25316
51 25330
51 25350
51 25362
51 25364
51 25367
51 25372
51 25385
51 25394
51 25396
51 25411
51 25433
51 25443
51 25455
51 25457
51 25461
51 25483
51 25486
51 25493
51 25547
51 25566
51 25569
51 25570
51 25585
51 25590
51 25619
51 25624
51 25625
51 25637
51 25653
51 25656
51 25661
51 25666
51 25679
51 25686
51 25691
51 25692
51 25698
51 25709
51 25712
51 25728
51 25730
51 25759
51 25762
51 25765
51 25773
51 25775
51 25786
51 25797
51 25806
51 25810
51 25813
51 25822
51 25832
51 25843
51 25874
51 25884
51 25898
51 25902
51 25903
51 25920
51 25928
51 25929
51 25930
51 25932
51 25933
51 25965
51 25968
51 25975
51 25976
51 25994
51 26004
51 26006
51 26025
51 26028
51 26040
51 26041
51 26044
51 26048
51 26056
51 26060
51 26061
51 26062
51 26066
51 26069
51 26081
51 26096
51 26108
51 26119
51 26122
51 26124
51 26125
51 26132
51 26135
51 26145
51 26149
51 26152
51 26160
51 26169
51 26178
51 26179
51 26182
51 26184
51 26190
51 26194
51 26208
51 26213
51 26214
51 26219
51 26224
51 26226
51 26245
51 26247
51 26255
51 26256
51 26261
51 26271
51 26276
51 26288
51 26295
51 26296
51 26298
51 26304
51 26324
51 26326
51 26333
51 26335
51 26343
51 26345
51 26355
51 26357
51 26359
51 26363
51 26380
51 26402
51 26415
51 26417
51 26419
51 26420
51 26422
51 26426
51 26427
51 26436
51 26451
51 26474
51 26478
51 26488
51 26492
51 26518
51 26523
51 26525
51 26527
51 26544
51 26559
51 26574
51 26581
51 26591
51 26594
51 26595
51 26606
51 26608
51 26609
51 26612
51 26620
51 26625
51 26626
51 26630
51 26631
51 26640
51 26654
51 26657
51 26669
51 26679
51 26689
51 26692
51 26706
51 26713
51 26717
51 26725
51 26737
51 26746
51 26748
51 26749
51 26750
51 26771
51 26781
51 26787
51 26806
51 26826
51 26829
51 26844
51 26852
51 26854
51 26864
51 26876
51 26889
51 26899
51 26900
51 26911
51 26913
51 26918
51 26920
51 26929
51 26939
51 26940
51 26963
51 26965
51 26967
51 26975
51 26983
51 26989
51 26990
51 26997
51 26999
51 27010
51 27014
51 27017
51 27024
51 27026
51 27055
51 27066
51 27091
51 27092
51 27104
51 27108
51 27111
51 27142
51 27155
51 27158
51 27160
51 27164
51 27174
51 27184
51 27186
51 27199
51 27216
51 27224
51 27240
51 27241
51 27245
51 27249
51 27264
51 27268
51 27269
51 27280
51 27288
51 27294
51 27314
51 27323
51 27332
51 27337
51 27345
51 27350
51 27352
51 27363
51 27366
51 27372
51 27405
51 27425
51 27428
51 27430
51 27442
51 27448
51 27464
51 27470
51 27475
51 27478
51 27499
51 27503
51 27512
51 27513
51 27515
51 27522
51 27532
51 27537
51 27548
51 27560
51 27561
51 27574
51 27580
51 27600
51 27619
51 27620
51 27621
51 27627
51 27629
51 27633
51 27651
51 27653
51 27657
51 27659
51 27663
51 27668
51 27673
51 27684
51 27690
51 27697
51 27700
51 27729
51 27744
51 27759
51 27762
51 27766
51 27773
51 27782
51 27790
51 27802
51 27808
51 27818
51 27822
51 27825
51 27837
51 27847
51 27859
51 27863
51 27883
51 27885
51 27903
51 27911
51 27919
51 27959
51 27965
51 27969
51 27986
51 27997
51 28013
51 28015
51 28016
51 28040
51 28053
51 28056
51 28064
51 28073
51 28076
51 28088
51 28094
51 28099
51 28107
51 28113
51 28120
51 28121
51 28130
51 28133
51 28154
51 28161
51 28164
51 28173
51 28177
51 28180
51 28184
51 28187
51 28188
51 28191
51 28204
51 28213
51 28217
51 28222
51 28242
51 28245
51 28250
51 28255
51 28257
51 28259
51 28260
51 28262
51 28275
51 28281
51 28306
51 28308
51 28311
51 28313
51 28316
51 28335
51 28340
51 28345
51 28349
51 28373
51 28379
51 28383
51 28401
51 28431
51 28441
51 28453
51 28454
51 28459
51 28484
51 28495
51 28502
51 28518
51 28524
51 28532
51 28535
51 28554
51 28561
51 28570
51 28571
51 28575
51 28590
51 28597
51 28599
51 28602
51 28610
51 28613
51 28623
51 28630
51 28632
51 28638
51 28647
51 28657
51 28667
51 28669
51 28670
51 28677
51 28688
51 28691
51 28692
51 28708
51 28714
51 28716
51 28722
51 28725
51 28728
51 28729
51 28735
51 28738
51 28739
51 28747
51 28757
51 28779
51 28788
51 28796
51 28798
51 28801
51 28806
51 28813
51 28817
51 28821
51 28835
51 28836
51 28880
51 28898
51 28920
51 28939
51 28943
51 28947
51 28952
51 28955
51 28962
51 28969
51 28975
51 28989
51 28990
51 28993
51 28997
51 29009
51 29022
51 29025
51 29036
51 29038
51 29059
51 29065
51 29071
51 29075
51 29077
51 29081
51 29087
51 29088
51 29096
51 29148
51 29156
51 29159
51 29170
51 29174
51 29179
51 29181
51 29183
51 29198
51 29203
51 29204
51 29208
51 29219
51 29221
51 29225
51 29235
51 29240
51 29242
51 29243
51 29244
51 29246
51 29252
51 29259
51 29265
51 29272
51 29273
51 29274
51 29278
51 29282
51 29285
51 29288
51 29290
51 29303
51 29305
51 29310
51 29313
51 29314
51 29322
51 29327
51 29331
51 29337
51 29344
51 29350
51 29353
51 29358
51 29359
51 29365
51 29387
51 29389
51 29411
51 29422
51 29429
51 29432
51 29436
51 29445
51 29452
51 29473
51 29475
51 29485
51 29487
51 29502
51 29510
51 29520
51 29528
51 29531
51 29537
51 29550
51 29568
51 29581
51 29584
51 29598
51 29599
51 29614
51 29619
51 29629
51 29645
51 29653
51 29656
51 29657
51 29658
51 29667
51 29669
51 29677
51 29679
51 29690
51 29701
51 29706
51 29713
51 29722
51 29725
51 29734
51 29739
51 29761
51 29762
51 29768
51 29773
51 29780
51 29790
51 29795
51 29807
51 29811
51 29816
51 29836
51 29841
51 29845
51 29859
51 29885
51 29887
51 29901
51 29902
51 29913
51 29945
51 29946
51 29950
51 29951
51 29967
51 29973
51 29974
51 29985
51 29993
51 29996
51 30009
51 30011
51 30015
51 30021
51 30029
51 30042
51 30056
51 30067
51 30070
51 30072
51 30076
51 30089
51 30094
51 30100
51 30105
51 30109
51 30124
51 30129
51 30132
51 30133
51 30140
51 30163
51 30175
51 30196
51 30212
51 30213
51 30215
51 30237
51 30240
51 30251
51 30267
51 30280
51 30283
51 30317
51 30319
51 30323
51 30324
51 30339
51 30352
51 30357
51 30366
51 30368
51 30372
51 30379
51 30390
51 30393
51 30401
51 30405
51 30408
51 30421
51 30422
51 30426
51 30427
51 30436
51 30439
51 30466
51 30473
51 30475
51 30479
51 30481
51 30490
51 30512
51 30515
51 30520
51 30533
51 30538
51 30542
51 30552
51 30553
51 30587
51 30589
51 30594
51 30596
51 30608
51 30620
51 30625
51 30626
51 30628
51 30632
51 30641
51 30646
51 30653
51 30656
51 30669
51 30674
51 30682
51 30691
51 30701
51 30706
51 30713
51 30715
51 30719
51 30733
51 30736
51 30739
51 30752
51 30754
51 30761
51 30765
51 30767
51 30774
51 30775
51 30791
51 30798
51 30799
51 30802
51 30806
51 30813
51 30814
51 30817
51 30819
51 30831
51 30859
51 30885
51 30889
51 30892
51 30894
51 30906
51 30910
51 30918
51 30927
51 30946
51 30948
51 30954
51 30957
51 30960
51 30964
51 30984
51 30986
51 31017
51 31024
51 31025
51 31031
51 31046
51 31049
51 31054
51 31060
51 31062
51 31066
51 31070
51 31074
51 31077
51 31100
51 31104
51 31112
51 31113
51 31119
51 31127
51 31133
51 31137
51 31144
51 31148
51 31149
51 31157
51 31159
51 31171
51 31174
51 31185
51 31196
51 31208
51 31220
51 31262
51 31279
51 31296
51 31321
51 31332
51 31336
51 31350
51 31362
51 31369
51 31378
51 31388
51 31389
51 31397
51 31407
51 31409
51 31410
51 31414
51 31417
51 31426
51 31436
51 31445
51 31457
51 31469
51 31479
51 31502
51 31517
51 31518
51 31519
51 31527
51 31535
51 31550
51 31552
51 31556
51 31565
51 31577
51 31578
51 31581
51 31587
51 31594
51 31608
51 31620
51 31649
51 31657
51 31659
51 31667
51 31670
51 31684
51 31694
51 31696
51 31699
51 31706
51 31710
51 31714
51 31720
51 31721
51 31727
51 31737
51 31741
51 31750
51 31757
51 31760
51 31775
51 31776
51 31782
51 31784
51 31794
51 31800
51 31801
51 31811
51 31814
51 31825
51 31827
51 31828
51 31838
51 31843
51 31849
51 31856
51 31859
51 31867
51 31868
51 31869
51 31882
51 31896
51 31898
51 31912
51 31924
51 31928
51 31939
51 31940
51 31942
51 31943
51 31945
51 31966
51 31968
51 31988
51 31992
51 32002
51 32019
51 32021
51 32032
51 32037
51 32041
51 32043
51 32047
51 32058
51 32065
51 32090
51 32093
51 32097
51 32116
51 32128
51 32129
51 32134
51 32142
51 32150
51 32182
51 32184
51 32186
51 32193
51 32194
51 32199
51 32203
51 32204
51 32211
51 32215
51 32233
51 32244
51 32255
51 32257
51 32262
51 32273
51 32275
51 32278
51 32287
51 32298
51 32300
51 32304
51 32310
51 32313
51 32314
51 32325
51 32328
51 32329
51 32349
51 32353
51 32360
51 32361
51 32364
51 32366
51 32369
51 32381
51 32399
51 32405
51 32410
51 32413
51 32428
51 32434
51 32441
51 32464
51 32472
51 32475
51 32481
51 32485
51 32496
51 32499
51 32508
51 32538
51 32551
51 32552
51 32565
51 32567
51 32572
51 32578
51 32579
51 32583
51 32589
51 32593
51 32595
51 32607
51 32613
51 32618
51 32621
51 32625
51 32632
51 32638
51 32647
51 32659
51 32685
51 32693
51 32695
51 32700
51 32714
51 32715
51 32724
51 32736
51 32740
51 32743
51 32751
51 32761
51 32765
51 32770
51 32776
51 32777
51 32783
51 32800
51 32801
51 32810
51 32828
51 32831
51 32840
51 32841
51 32844
51 32852
51 32855
51 32865
51 32869
51 32871
51 32876
51 32880
51 32885
51 32905
51 32906
51 32944
51 32946
51 32949
51 32960
51 32980
51 32985
51 32995
51 33000
51 33007
51 33013
51 33014
51 33022
51 33023
51 33035
51 33039
51 33049
51 33051
51 33062
51 33064
51 33071
51 33083
51 33099
51 33102
51 33107
51 33121
51 33129
51 33132
51 33138
51 33141
51 33143
51 33146
51 33149
51 33156
51 33157
51 33159
51 33168
51 33184
51 33188
51 33190
51 33192
51 33201
51 33206
51 33213
51 33215
51 33250
51 33252
51 33260
51 33262
51 33277
51 33280
51 33286
51 33292
51 33307
51 33329
51 33330
51 33341
51 33343
51 33352
51 33363
51 33378
51 33382
51 33397
51 33403
51 33427
51 33440
51 33454
51 33458
51 33486
51 33504
51 33506
51 33511
51 33517
51 33523
51 33537
51 33555
51 33565
51 33568
51 33586
51 33597
51 33603
51 33612
51 33617
51 33642
51 33646
51 33655
51 33657
51 33659
51 33662
51 33666
51 33667
51 33672
51 33701
51 33713
51 33716
51 33726
51 33735
51 33751
51 33809
51 33821
51 33832
51 33833
51 33860
51 33871
51 33873
51 33876
51 33889
51 33898
51 33916
51 33920
51 33927
51 33933
51 33940
51 33952
51 33972
51 33974
51 33976
51 33977
51 33986
51 33989
51 33990
51 33991
51 33998
51 34003
51 34007
51 34013
51 34022
51 34023
51 34038
51 34040
51 34042
51 34045
51 34047
51 34062
51 34065
51 34066
51 34081
51 34090
51 34093
51 34099
51 34103
51 34107
51 34108
51 34127
51 34134
51 34155
51 34160
51 34164
51 34166
51 34174
51 34179
51 34181
51 34183
51 34191
51 34203
51 34204
51 34224
51 34237
51 34239
51 34264
51 34272
51 34276
51 34278
51 34281
51 34283
51 34297
51 34299
51 34306
51 34320
51 34321
51 34323
51 34336
51 34343
51 34353
51 34354
51 34361
51 34366
51 34368
51 34382
51 34397
51 34402
51 34424
51 34436
51 34445
51 34453
51 34469
51 34483
51 34498
51 34501
51 34507
51 34510
51 34535
51 34538
51 34540
51 34549
51 34565
51 34574
51 34608
51 34613
51 34618
51 34621
51 34626
51 34636
51 34650
51 34662
51 34673
51 34676
51 34682
51 34698
51 34701
51 34706
51 34713
51 34717
51 34720
51 34733
51 34750
51 34751
51 34758
51 34764
51 34782
51 34784
51 34790
51 34793
51 34798
51 34806
51 34824
51 34827
51 34838
51 34839
51 34843
51 34848
51 34868
51 34878
51 34883
51 34920
51 34925
51 34929
51 34934
51 34950
51 34959
51 34977
51 34985
51 34990
51 34997
51 35009
51 35010
51 35020
51 35026
51 35028
51 35032
51 35040
51 35044
51 35049
51 35051
51 35059
51 35066
51 35067
51 35070
51 35076
51 35082
51 35092
51 35110
51 35133
51 35136
51 35137
51 35139
51 35143
51 35164
51 35175
51 35196
51 35197
51 35204
51 35210
51 35213
51 35251
51 35261
51 35264
51 35276
51 35278
51 35294
51 35299
51 35302
51 35304
51 35311
51 35325
51 35338
51 35348
51 35356
51 35359
51 35365
51 35383
51 35385
51 35388
51 35390
51 35393
51 35397
51 35401
51 35417
51 35429
51 35444
51 35449
51 35451
51 35456
51 35461
51 35465
51 35478
51 35490
51 35494
51 35509
51 35559
51 35564
51 35580
51 35585
51 35603
51 35610
51 35621
51 35634
51 35635
51 35644
51 35656
51 35658
51 35663
51 35665
51 35668
51 35680
51 35686
51 35689
51 35690
51 35693
51 35705
51 35722
51 35746
51 35766
51 35769
51 35773
51 35795
51 35807
51 35810
51 35812
51 35817
51 35823
51 35825
51 35831
51 35834
51 35835
51 35837
51 35850
51 35861
51 35864
51 35867
51 35885
51 35887
51 35889
51 35899
51 35914
51 35922
51 35938
51 35955
51 35956
51 35959
51 35961
51 35965
51 35969
51 35980
51 35997
51 36000
51 36005
51 36007
51 36013
51 36014
51 36018
51 36021
51 36022
51 36023
51 36025
51 36028
51 36048
51 36070
51 36071
51 36080
51 36092
51 36093
51 36096
51 36100
51 36122
51 36124
51 36125
51 36139
51 36160
51 36164
51 36175
51 36180
51 36195
51 36212
51 36218
51 36220
51 36222
51 36223
51 36246
51 36261
51 36267
51 36273
51 36285
51 36298
51 36312
51 36315
51 36331
51 36335
51 36336
51 36337
51 36347
51 36352
51 36360
51 36362
51 36375
51 36385
51 36390
51 36391
51 36410
51 36426
51 36434
51 36451
51 36461
51 36478
51 36501
51 36502
51 36503
51 36522
51 36524
51 36528
51 36529
51 36533
51 36534
51 36536
51 36544
51 36548
51 36573
51 36575
51 36581
51 36583
51 36587
51 36589
51 36595
51 36600
51 36611
51 36621
51 36623
51 36630
51 36634
51 36651
51 36658
51 36667
51 36675
51 36697
51 36706
51 36707
51 36719
51 36725
51 36729
51 36733
51 36738
51 36741
51 36746
51 36755
51 36758
51 36759
51 36762
51 36764
51 36765
51 36772
51 36779
51 36785
51 36800
51 36810
51 36811
51 36814
51 36818
51 36821
51 36828
51 36833
51 36848
51 36858
51 36860
51 36861
51 36863
51 36868
51 36884
51 36885
51 36896
51 36899
51 36911
51 36920
51 36939
51 36969
51 36979
51 36998
51 37008
51 37016
51 37028
51 37042
51 37047
51 37050
51 37060
51 37061
51 37062
51 37080
51 37087
51 37099
51 37113
51 37116
51 37123
51 37131
51 37133
51 37137
51 37138
51 37140
51 37152
51 37159
51 37168
51 37172
51 37177
51 37184
51 37186
51 37190
51 37198
51 37199
51 37206
51 37211
51 37215
51 37225
51 37231
51 37256
51 37276
51 37279
51 37281
51 37284
51 37285
51 37299
51 37327
51 37332
51 37339
51 37358
51 37370
51 37383
51 37384
51 37392
51 37400
51 37405
51 37412
51 37417
51 37420
51 37427
51 37428
51 37439
51 37444
51 37457
51 37465
51 37467
51 37473
51 37475
51 37479
51 37488
51 37498
51 37506
51 37513
51 37519
51 37522
51 37526
51 37528
51 37532
51 37538
51 37543
51 37547
51 37550
51 37553
51 37555
51 37561
51 37575
51 37592
51 37601
51 37605
51 37612
51 37617
51 37630
51 37632
51 37642
51 37648
51 37652
51 37668
51 37672
51 37682
51 37688
51 37696
51 37715
51 37722
51 37725
51 37728
51 37730
51 37731
51 37732
51 37745
51 37759
51 37763
51 37771
51 37772
51 37773
51 37777
51 37783
51 37807
51 37810
51 37812
51 37815
51 37822
51 37835
51 37838
51 37847
51 37860
51 37863
51 37873
51 37883
51 37891
51 37896
51 37908
51 37913
51 37916
51 37919
51 37920
51 37926
51 37936
51 37944
51 37951
51 37954
51 37998
51 38007
51 38011
51 38023
51 38025
51 38030
51 38032
51 38035
51 38036
51 38039
51 38041
51 38053
51 38062
51 38070
51 38079
51 38080
51 38084
51 38087
51 38106
51 38125
51 38151
51 38157
51 38159
51 38160
51 38182
51 38186
51 38193
51 38199
51 38210
51 38219
51 38220
51 38234
51 38243
51 38260
51 38265
51 38267
51 38273
51 38274
51 38276
51 38277
51 38286
51 38291
51 38313
51 38317
51 38328
51 38333
51 38339
51 38353
51 38355
51 38380
51 38392
51 38411
51 38416
51 38419
51 38423
51 38425
51 38432
51 38442
51 38450
51 38455
51 38472
51 38483
51 38501
51 38504
51 38505
51 38507
51 38512
51 38514
51 38520
51 38523
51 38539
51 38546
51 38577
51 38590
51 38605
51 38608
51 38618
51 38629
51 38640
51 38656
51 38696
51 38712
51 38719
51 38721
51 38733
51 38734
51 38744
51 38753
51 38758
51 38762
51 38770
51 38782
51 38788
51 38802
51 38803
51 38838
51 38841
51 38847
51 38856
51 38860
51 38869
51 38880
51 38890
51 38905
51 38918
51 38929
51 38930
51 38932
51 38939
51 38949
51 38954
51 38973
51 39002
51 39012
51 39026
51 39028
51 39031
51 39042
51 39044
51 39045
51 39053
51 39057
51 39061
51 39069
51 39080
51 39082
51 39086
51 39088
51 39092
51 39095
51 39106
51 39108
51 39109
51 39116
51 39126
51 39127
51 39129
51 39134
51 39141
51 39146
51 39158
51 39166
51 39171
51 39182
51 39203
51 39219
51 39226
51 39245
51 39257
51 39259
51 39283
51 39289
51 39295
51 39303
51 39309
51 39310
51 39320
51 39325
51 39327
51 39339
51 39340
51 39346
51 39368
51 39374
51 39375
51 39404
51 39419
51 39424
51 39429
51 39431
51 39432
51 39440
51 39445
51 39448
51 39450
51 39457
51 39466
51 39467
51 39468
51 39472
51 39475
51 39480
51 39489
51 39492
51 39494
51 39497
51 39502
51 39504
51 39524
51 39535
51 39540
51 39541
51 39568
51 39580
51 39622
51 39625
51 39636
51 39657
51 39664
51 39671
51 39697
51 39701
51 39715
51 39718
51 39739
51 39745
51 39749
51 39750
51 39751
51 39752
51 39759
51 39760
51 39765
51 39774
51 39784
51 39794
51 39806
51 39808
51 39811
51 39816
51 39817
51 39848
51 39861
51 39869
51 39887
51 39904
51 39905
51 39922
51 39931
51 39935
51 39945
51 39951
51 39957
51 39966
51 39969
51 39972
51 39986
51 39991
51 40005
51 40011
51 40020
51 40039
51 40042
51 40050
51 40070
51 40091
51 40104
51 40105
51 40113
51 40122
51 40129
51 40130
51 40137
51 40142
51 40147
51 40153
51 40155
51 40157
51 40158
51 40161
51 40165
51 40166
51 40185
51 40198
51 40213
51 40220
51 40229
51 40241
51 40242
51 40247
51 40265
51 40272
51 40279
51 40283
51 40289
51 40300
51 40304
51 40310
51 40328
51 40331
51 40336
51 40339
51 40340
51 40362
51 40364
51 40392
51 40412
51 40416
51 40421
51 40428
51 40429
51 40441
51 40453
51 40458
51 40461
51 40463
51 40467
51 40469
51 40474
51 40476
51 40483
51 40486
51 40488
51 40496
51 40502
51 40505
51 40522
51 40523
51 40526
51 40539
51 40552
51 40563
51 40567
51 40583
51 40586
51 40588
51 40590
51 40596
51 40615
51 40618
51 40622
51 40629
51 40630
51 40639
51 40654
51 40665
51 40668
51 40684
51 40685
51 40686
51 40690
51 40697
51 40701
51 40712
51 40721
51 40725
51 40729
51 40748
51 40755
51 40759
51 40777
51 40785
51 40791
51 40794
51 40796
51 40798
51 40808
51 40814
51 40825
51 40828
51 40834
51 40838
51 40849
51 40851
51 40874
51 40893
51 40896
51 40898
51 40900
51 40906
51 40918
51 40922
51 40932
51 40935
51 40950
51 40951
51 40958
51 40962
51 40964
51 40971
51 40979
51 41001
51 41002
51 41008
51 41010
51 41035
51 41038
51 41041
51 41050
51 41073
51 41078
51 41083
51 41095
51 41122
51 41123
51 41129
51 41135
51 41138
51 41142
51 41146
51 41157
51 41159
51 41163
51 41174
51 41176
51 41177
51 41187
51 41189
51 41209
51 41214
51 41215
51 41219
51 41223
51 41226
51 41236
51 41240
51 41265
51 41270
51 41276
51 41282
51 41287
51 41296
51 41302
51 41309
51 41313
51 41321
51 41324
51 41344
51 41361
51 41370
51 41373
51 41375
51 41376
51 41394
51 41395
51 41397
51 41406
51 41414
51 41444
51 41452
51 41453
51 41462
51 41463
51 41473
51 41475
51 41478
51 41494
51 41509
51 41510
51 41515
51 41539
51 41544
51 41551
51 41557
51 41566
51 41569
51 41576
51 41580
51 41591
51 41595
51 41597
51 41603
51 41608
51 41626
51 41627
51 41633
51 41641
51 41653
51 41657
51 41660
51 41670
51 41689
51 41723
51 41731
51 41733
51 41741
51 41742
51 41763
51 41767
51 41773
51 41788
51 41792
51 41804
51 41810
51 41813
51 41816
51 41834
51 41852
51 41856
51 41860
51 41876
51 41877
51 41883
51 41904
51 41919
51 41922
51 41925
51 41936
51 41947
51 41952
51 41964
51 41968
51 41976
51 41991
51 41996
51 42013
51 42017
51 42030
51 42031
51 42039
51 42048
51 42051
51 42056
51 42073
51 42080
51 42081
51 42086
51 42089
51 42090
51 42095
51 42102
51 42105
51 42109
51 42118
51 42122
51 42124
51 42128
51 42146
51 42154
51 42165
51 42178
51 42196
51 42204
51 42208
51 42211
51 42221
51 42222
51 42227
51 42255
51 42266
51 42275
51 42297
51 42303
51 42316
51 42317
51 42326
51 42332
51 42336
51 42348
51 42351
51 42364
51 42365
51 42371
51 42381
51 42383
51 42392
51 42402
51 42414
51 42418
51 42430
51 42451
51 42469
51 42482
51 42487
51 42492
51 42500
51 42501
51 42523
51 42530
51 42534
51 42549
51 42555
51 42558
51 42565
51 42567
51 42589
51 42591
51 42594
51 42605
51 42618
51 42619
51 42640
51 42657
51 42671
51 42674
51 42679
51 42680
51 42684
51 42712
51 42738
51 42740
51 42746
51 42752
51 42758
51 42768
51 42770
51 42779
51 42784
51 42820
51 42822
51 42828
51 42830
51 42834
51 42838
51 42856
51 42868
51 42873
51 42886
51 42890
51 42910
51 42923
51 42924
51 42940
51 42944
51 42948
51 42951
51 42955
51 42957
51 42969
51 42985
51 42995
51 42999
51 43004
51 43009
51 43012
51 43017
51 43018
51 43030
51 43039
51 43040
51 43046
51 43070
51 43073
51 43078
51 43081
51 43098
51 43106
51 43112
51 43114
51 43115
51 43129
51 43145
51 43153
51 43155
51 43175
51 43176
51 43180
51 43183
51 43190
51 43195
51 43204
51 43207
51 43210
51 43220
51 43228
51 43234
51 43249
51 43267
51 43273
51 43274
51 43283
51 43291
51 43296
51 43301
51 43302
51 43330
51 43331
51 43338
51 43340
51 43341
51 43350
51 43357
51 43360
51 43363
51 43364
51 43370
51 43374
51 43387
51 43394
51 43396
51 43399
51 43412
51 43420
51 43443
51 43444
51 43452
51 43469
51 43474
51 43476
51 43483
51 43496
51 43505
51 43509
51 43510
51 43511
51 43514
51 43531
51 43533
51 43543
51 43569
51 43572
51 43576
51 43579
51 43587
51 43594
51 43598
51 43611
51 43644
51 43654
51 43658
51 43660
51 43681
51 43709
51 43720
51 43722
51 43731
51 43747
51 43759
51 43762
51 43799
51 43809
51 43816
51 43834
51 43839
51 43841
51 43860
51 43863
51 43866
51 43872
51 43877
51 43880
51 43886
51 43908
51 43915
51 43916
51 43923
51 43937
51 43941
51 43946
51 43950
51 43974
51 43984
51 43987
51 43990
51 43997
51 44003
51 44005
51 44022
51 44040
51 44049
51 44057
51 44060
51 44094
51 44095
51 44096
51 44103
51 44105
51 44106
51 44110
51 44128
51 44147
51 44166
51 44179
51 44188
51 44192
51 44193
51 44194
51 44197
51 44201
51 44207
51 44208
51 44212
51 44222
51 44236
51 44243
51 44250
51 44251
51 44264
51 44277
51 44303
51 44304
51 44311
51 44339
51 44344
51 44349
51 44355
51 44369
51 44377
51 44379
51 44385
51 44387
51 44389
51 44393
51 44396
51 44400
51 44405
51 44449
51 44466
51 44469
51 44473
51 44483
51 44485
51 44489
51 44494
51 44541
51 44565
51 44566
51 44568
51 44569
51 44572
51 44580
51 44585
51 44587
51 44601
51 44602
51 44605
51 44607
51 44610
51 44615
51 44638
51 44642
51 44648
51 44667
51 44670
51 44692
51 44695
51 44703
51 44706
51 44714
51 44720
51 44732
51 44736
51 44744
51 44747
51 44749
51 44755
51 44761
51 44765
51 44775
51 44788
51 44789
51 44796
51 44801
51 44805
51 44808
51 44812
51 44818
51 44819
51 44828
51 44844
51 44854
51 44861
51 44868
51 44875
51 44880
51 44882
51 44886
51 44890
51 44891
51 44906
51 44909
51 44913
51 44918
51 44920
51 44940
51 44964
51 44965
51 44968
51 44983
51 44989
51 44991
51 44994
51 45004
51 45006
51 45010
51 45012
51 45021
51 45023
51 45031
51 45047
51 45054
51 45069
51 45071
51 45083
51 45085
51 45092
51 45100
51 45116
51 45123
51 45130
51 45137
51 45148
51 45152
51 45170
51 45185
51 45203
51 45204
51 45209
51 45233
51 45235
51 45241
51 45246
51 45256
51 45258
51 45260
51 45269
51 45272
51 45273
51 45285
51 45291
51 45301
51 45315
51 45317
51 45332
51 45344
51 45358
51 45361
51 45368
51 45374
51 45379
51 45392
51 45394
51 45401
51 45408
51 45411
51 45429
51 45430
51 45431
51 45442
51 45443
51 45472
51 45482
51 45488
51 45493
51 45503
51 45505
51 45510
51 45523
51 45538
51 45541
51 45542
51 45549
51 45578
51 45581
51 45594
51 45601
51 45604
51 45637
51 45643
51 45656
51 45665
51 45666
51 45682
51 45687
51 45695
51 45699
51 45715
51 45716
51 45720
51 45740
51 45742
51 45780
51 45791
51 45792
51 45795
51 45806
51 45819
51 45823
51 45836
51 45844
51 45848
51 45851
51 45853
51 45857
51 45869
51 45896
51 45899
51 45933
51 45934
51 45940
51 45946
51 45952
51 45956
51 45958
51 45960
51 45973
51 45981
51 45982
51 46003
51 46018
51 46060
51 46067
51 46081
51 46082
51 46088
51 46109
51 46122
51 46126
51 46127
51 46143
51 46160
51 46170
51 46180
51 46184
51 46185
51 46192
51 46198
51 46213
51 46215
51 46218
51 46225
51 46250
51 46253
51 46254
51 46272
51 46274
51 46299
51 46303
51 46327
51 46340
51 46345
51 46352
51 46420
51 46421
51 46430
51 46431
51 46434
51 46443
51 46450
51 46462
51 46467
51 46481
51 46483
51 46497
51 46498
51 46507
51 46508
51 46513
51 46516
51 46524
51 46527
51 46536
51 46539
51 46541
51 46549
51 46554
51 46563
51 46566
51 46582
51 46589
51 46600
51 46609
51 46620
51 46646
51 46647
51 46653
51 46654
51 46655
51 46681
51 46704
51 46706
51 46708
51 46715
51 46723
51 46747
51 46758
51 46760
51 46777
51 46780
51 46783
51 46791
51 46792
51 46804
51 46814
51 46823
51 46835
51 46857
51 46860
51 46866
51 46880
51 46896
51 46901
51 46906
51 46911
51 46917
51 46920
51 46923
51 46926
51 46928
51 46948
51 46949
51 46952
51 46965
51 46973
51 46978
51 46986
51 46987
51 46993
51 47003
51 47004
51 47005
51 47013
51 47027
51 47034
51 47043
51 47051
51 47055
51 47067
51 47069
51 47070
51 47072
51 47078
51 47104
51 47111
51 47119
51 47121
51 47123
51 47129
51 47131
51 47142
51 47152
51 47158
51 47179
51 47188
51 47189
51 47206
51 47213
51 47214
51 47217
51 47227
51 47230
51 47234
51 47242
51 47263
51 47268
51 47272
51 47281
51 47288
51 47298
51 47324
51 47330
51 47348
51 47353
51 47359
51 47369
51 47375
51 47383
51 47390
51 47397
51 47407
51 47409
51 47412
51 47414
51 47440
51 47449
51 47458
51 47478
51 47481
51 47484
51 47499
51 47509
51 47526
51 47529
51 47531
51 47536
51 47544
51 47550
51 47551
51 47568
51 47575
51 47584
51 47587
51 47593
51 47599
51 47603
51 47605
51 47607
51 47618
51 47623
51 47633
51 47636
51 47648
51 47650
51 47659
51 47677
51 47679
51 47682
51 47685
51 47687
51 47693
51 47722
51 47744
51 47751
51 47754
51 47756
51 47759
51 47771
51 47783
51 47784
51 47788
51 47792
51 47801
51 47804
51 47809
51 47811
51 47815
51 47823
51 47860
51 47862
51 47863
51 47870
51 47872
51 47884
51 47885
51 47891
51 47900
51 47902
51 47903
51 47909
51 47932
51 47961
51 47971
51 47976
51 47981
51 47988
51 47989
51 47993
51 48011
51 48013
51 48040
51 48046
51 48047
51 48050
51 48053
51 48061
51 48067
51 48072
51 48077
51 48088
51 48095
51 48116
51 48123
51 48128
51 48130
51 48135
51 48140
51 48143
51 48150
51 48173
51 48177
51 48195
51 48199
51 48202
51 48206
51 48210
51 48211
51 48218
51 48242
51 48252
51 48261
51 48268
51 48274
51 48293
51 48294
51 48307
51 48308
51 48322
51 48337
51 48351
51 48352
51 48361
51 48376
51 48388
51 48391
51 48397
51 48401
51 48425
51 48429
51 48433
51 48438
51 48458
51 48460
51 48463
51 48465
51 48475
51 48477
51 48491
51 48500
51 48507
51 48515
51 48532
51 48544
51 48555
51 48557
51 48567
51 48573
51 48577
51 48586
51 48594
51 48606
51 48614
51 48618
51 48627
51 48642
51 48659
51 48661
51 48664
51 48667
51 48684
51 48688
51 48699
51 48700
51 48708
51 48713
51 48716
51 48727
51 48732
51 48744
51 48762
51 48778
51 48780
51 48781
51 48797
51 48822
51 48827
51 48842
51 48845
51 48868
51 48876
51 48880
51 48881
51 48890
51 48892
51 48893
51 48909
51 48912
51 48914
51 48917
51 48934
51 48948
51 48956
51 48963
51 48975
51 48984
51 48992
51 49019
51 49022
51 49023
51 49029
51 49061
51 49062
51 49065
51 49073
51 49079
51 49090
51 49096
51 49117
51 49123
51 49126
51 49127
51 49130
51 49135
51 49138
51 49144
51 49147
51 49148
51 49152
51 49165
51 49182
51 49207
51 49212
51 49215
51 49224
51 49227
51 49232
51 49233
51 49236
51 49239
51 49255
51 49260
51 49278
51 49280
51 49304
51 49333
51 49345
51 49347
51 49352
51 49358
51 49360
51 49366
51 49372
51 49377
51 49388
51 49393
51 49424
51 49429
51 49447
51 49452
51 49458
51 49459
51 49483
51 49488
51 49494
51 49496
51 49498
51 49500
51 49504
51 49507
51 49510
51 49518
51 49519
51 49533
51 49538
51 49547
51 49554
51 49560
51 49566
51 49568
51 49569
51 49574
51 49576
51 49600
51 49609
51 49631
51 49666
51 49672
51 49680
51 49682
51 49687
51 49715
51 49736
51 49744
51 49748
51 49751
51 49762
51 49765
51 49768
51 49769
51 49771
51 49776
51 49782
51 49790
51 49821
51 49822
51 49826
51 49838
51 49839
51 49846
51 49862
51 49865
51 49872
51 49875
51 49885
51 49898
51 49934
51 49954
51 49959
51 49965
51 49967
51 49971
51 49974
51 49982
51 49984
51 49996
51 50000
51 50002
51 50010
51 50018
51 50021
51 50030
51 50047
51 50048
51 50059
51 50069
51 50080
51 50082
51 50088
51 50096
51 50100
51 50105
51 50108
51 50114
51 50128
51 50130
51 50137
51 50141
51 50144
51 50158
51 50163
51 50167
51 50170
51 50180
51 50182
51 50183
51 50185
51 50195
51 50202
51 50203
51 50209
51 50227
51 50229
51 50243
51 50258
51 50259
51 50260
51 50263
51 50272
51 50287
51 50290
51 50303
51 50313
51 50318
51 50322
51 50329
51 50330
51 50339
51 50348
51 50361
51 50367
51 50369
51 50370
51 50372
51 50374
51 50379
51 50384
51 50387
51 50395
51 50399
51 50413
51 50416
51 50421
51 50424
51 50430
51 50437
51 50440
51 50455
51 50463
51 50475
51 50483
51 50485
51 50487
51 50494
51 50501
51 50505
51 50516
51 50522
51 50526
51 50537
51 50548
51 50563
51 50572
51 50583
51 50596
51 50604
51 50607
51 50609
51 50628
51 50629
51 50631
51 50641
51 50643
51 50644
51 50649
51 50658
51 50659
51 50661
51 50662
51 50666
51 50679
51 50688
51 50691
51 50697
51 50699
51 50703
51 50715
51 50719
51 50721
51 50728
51 50754
51 50756
51 50761
51 50764
51 50775
51 50776
51 50787
51 50793
51 50803
51 50805
51 50819
51 50822
51 50830
51 50841
51 50854
51 50858
51 50869
51 50874
51 50883
51 50885
51 50890
51 50891
51 50895
51 50909
51 50916
51 50924
51 50933
51 50939
51 50941
51 50943
51 50952
51 50956
51 50968
51 50969
51 50975
51 50981
51 50992
51 50995
51 51016
51 51023
51 51029
51 51035
51 51039
51 51040
51 51060
51 51083
51 51096
51 51100
51 51101
51 51108
51 51112
51 51124
51 51126
51 51127
51 51136
51 51151
51 51162
51 51165
51 51168
51 51174
51 51181
51 51185
51 51190
51 51201
51 51206
51 51208
51 51209
51 51212
51 51217
51 51222
51 51251
51 51270
51 51286
51 51298
51 51303
51 51311
51 51313
51 51336
51 51351
51 51359
51 51363
51 51370
51 51414
51 51436
51 51437
51 51440
51 51452
51 51469
51 51481
51 51489
51 51491
51 51493
51 51503
51 51505
51 51513
51 51519
51 51520
51 51526
51 51532
51 51534
51 51535
51 51547
51 51560
51 51565
51 51573
51 51599
51 51611
51 51621
51 51623
51 51625
51 51628
51 51638
51 51642
51 51648
51 51655
51 51656
51 51673
51 51684
51 51697
51 51708
51 51720
51 51727
51 51733
51 51738
51 51739
51 51751
51 51769
51 51777
51 51806
51 51821
51 51832
51 51840
51 51842
51 51846
51 51849
51 51854
51 51857
51 51862
51 51869
51 51873
51 51885
51 51893
51 51894
51 51917
51 51955
51 51965
51 51967
51 51974
51 51984
51 51996
51 52023
51 52024
51 52025
51 52036
51 52072
51 52082
51 52088
51 52097
51 52106
51 52126
51 52134
51 52158
51 52165
51 52185
51 52199
51 52203
51 52210
51 52214
51 52233
51 52234
51 52240
51 52243
51 52256
51 52259
51 52265
51 52266
51 52276
51 52291
51 52299
51 52302
51 52304
51 52316
51 52331
51 52337
51 52346
51 52352
51 52354
51 52368
51 52373
51 52387
51 52404
51 52413
51 52415
51 52432
51 52453
51 52456
51 52472
51 52486
51 52499
51 52508
51 52514
51 52516
51 52560
51 52562
51 52563
51 52569
51 52572
51 52574
51 52580
51 52621
51 52631
51 52656
51 52665
51 52681
51 52683
51 52720
51 52721
51 52734
51 52737
51 52756
51 52774
51 52778
51 52781
51 52786
51 52805
51 52816
51 52834
51 52843
51 52844
51 52856
51 52859
51 52881
51 52886
51 52902
51 52908
51 52909
51 52914
51 52916
51 52920
51 52928
51 52933
51 52935
51 52950
51 52954
51 52955
51 52960
51 52969
51 52973
51 52986
51 52990
51 53002
51 53003
51 53030
51 53040
51 53058
51 53070
51 53075
51 53091
51 53098
51 53109
51 53116
51 53118
51 53120
51 53143
51 53150
51 53151
51 53152
51 53153
51 53158
51 53160
51 53174
51 53175
51 53183
51 53199
51 53202
51 53207
51 53214
51 53232
51 53246
51 53253
51 53264
51 53285
51 53298
51 53315
51 53316
51 53318
51 53324
51 53349
51 53366
51 53371
51 53399
51 53412
51 53414
51 53419
51 53422
51 53426
51 53431
51 53439
51 53447
51 53459
51 53461
51 53465
51 53466
51 53470
51 53471
51 53475
51 53480
51 53487
51 53491
51 53495
51 53503
51 53508
51 53510
51 53511
51 53525
51 53545
51 53546
51 53569
51 53593
51 53595
51 53596
51 53605
51 53606
51 53610
51 53630
51 53631
51 53634
51 53644
51 53646
51 53651
51 53657
51 53666
51 53668
51 53673
51 53674
51 53676
51 53683
51 53694
51 53695
51 53711
51 53717
51 53718
51 53735
51 53741
51 53748
51 53806
51 53816
51 53845
51 53876
51 53884
51 53912
51 53928
51 53932
51 53933
51 53935
51 53940
51 53942
51 53945
51 53965
51 54020
51 54021
51 54039
51 54046
51 54051
51 54053
51 54060
51 54082
51 54086
51 54089
51 54091
51 54098
51 54099
51 54103
51 54108
51 54116
51 54120
51 54124
51 54136
51 54137
51 54147
51 54152
51 54157
51 54171
51 54178
51 54184
51 54195
51 54200
51 54201
51 54204
51 54206
51 54220
51 54221
51 54236
51 54243
51 54247
51 54260
51 54264
51 54287
51 54299
51 54313
51 54321
51 54325
51 54326
51 54329
51 54336
51 54337
51 54366
51 54384
51 54385
51 54387
51 54388
51 54391
51 54392
51 54394
51 54405
51 54408
51 54413
51 54421
51 54425
51 54437
51 54446
51 54460
51 54462
51 54480
51 54485
51 54487
51 54489
51 54501
51 54519
51 54520
51 54527
51 54529
51 54533
51 54543
51 54554
51 54557
51 54565
51 54566
51 54570
51 54573
51 54575
51 54592
51 54596
51 54597
51 54599
51 54605
51 54610
51 54623
51 54628
51 54641
51 54642
51 54649
51 54650
51 54673
51 54680
51 54683
51 54688
51 54689
51 54698
51 54702
51 54703
51 54712
51 54715
51 54717
51 54727
51 54729
51 54735
51 54748
51 54752
51 54761
51 54784
51 54789
51 54810
51 54821
51 54823
51 54825
51 54826
51 54834
51 54841
51 54845
51 54847
51 54857
51 54859
51 54867
51 54869
51 54874
51 54883
51 54896
51 54900
51 54919
51 54934
51 54935
51 54944
51 54962
51 54981
51 54985
51 54986
51 54992
51 54999
51 55005
51 55006
51 55009
51 55024
51 55030
51 55045
51 55046
51 55053
51 55060
51 55075
51 55080
51 55103
51 55114
51 55117
51 55119
51 55143
51 55147
51 55152
51 55153
51 55158
51 55160
51 55163
51 55169
51 55174
51 55179
51 55185
51 55195
51 55222
51 55232
51 55236
51 55249
51 55262
51 55279
51 55285
51 55288
51 55292
51 55297
51 55309
51 55311
51 55315
51 55336
51 55356
51 55362
51 55367
51 55376
51 55383
51 55384
51 55385
51 55390
51 55403
51 55407
51 55408
51 55411
51 55419
51 55421
51 55422
51 55442
51 55447
51 55457
51 55464
51 55469
51 55478
51 55479
51 55495
51 55514
51 55523
51 55543
51 55559
51 55562
51 55565
51 55600
51 55602
51 55603
51 55608
51 55610
51 55613
51 55620
51 55624
51 55629
51 55637
51 55653
51 55655
51 55656
51 55657
51 55661
51 55674
51 55688
51 55689
51 55695
51 55703
51 55711
51 55717
51 55725
51 55730
51 55731
51 55733
51 55741
51 55777
51 55782
51 55783
51 55796
51 55797
51 55811
51 55816
51 55818
51 55836
51 55838
51 55848
51 55868
51 55879
51 55889
51 55918
51 55958
51 55960
51 55964
51 55968
51 55971
51 55974
51 55975
51 55986
51 55991
51 55995
51 56003
51 56005
51 56011
51 56027
51 56067
51 56076
51 56080
51 56083
51 56085
51 56100
51 56110
51 56124
51 56125
51 56130
51 56139
51 56158
51 56159
51 56165
51 56166
51 56182
51 56185
51 56188
51 56190
51 56194
51 56202
51 56203
51 56219
51 56221
51 56237
51 56243
51 56244
51 56271
51 56278
51 56292
51 56320
51 56329
51 56352
51 56377
51 56383
51 56389
51 56394
51 56401
51 56406
51 56425
51 56426
51 56427
51 56435
51 56442
51 56463
51 56504
51 56530
51 56535
51 56552
51 56566
51 56571
51 56586
51 56591
51 56593
51 56601
51 56602
51 56607
51 56610
51 56615
51 56621
51 56623
51 56645
51 56653
51 56658
51 56659
51 56664
51 56672
51 56685
51 56686
51 56692
51 56698
51 56701
51 56704
51 56705
51 56717
51 56726
51 56732
51 56737
51 56741
51 56744
51 56754
51 56768
51 56794
51 56808
51 56815
51 56825
51 56826
51 56829
51 56843
51 56847
51 56850
51 56857
51 56859
51 56862
51 56870
51 56871
51 56882
51 56899
51 56901
51 56908
51 56914
51 56923
51 56924
51 56925
51 56930
51 56934
51 56964
51 56971
51 56990
51 56995
51 56997
51 57003
51 57005
51 57006
51 57010
51 57012
51 57021
51 57032
51 57044
51 57061
51 57082
51 57083
51 57091
51 57094
51 57103
51 57105
51 57127
51 57132
51 57143
51 57154
51 57156
51 57158
51 57165
51 57172
51 57192
51 57196
51 57212
51 57226
51 57242
51 57267
51 57271
51 57287
51 57289
51 57292
51 57298
51 57304
51 57305
51 57314
51 57325
51 57346
51 57361
51 57370
51 57377
51 57380
51 57394
51 57407
51 57415
51 57436
51 57438
51 57449
51 57461
51 57463
51 57473
51 57476
51 57491
51 57504
51 57513
51 57517
51 57527
51 57528
51 57536
51 57544
51 57570
51 57573
51 57583
51 57584
51 57598
51 57604
51 57607
51 57608
51 57625
51 57632
51 57641
51 57646
51 57647
51 57650
51 57652
51 57656
51 57661
51 57672
51 57677
51 57696
51 57699
51 57702
51 57730
51 57733
51 57736
51 57751
51 57770
51 57780
51 57782
51 57786
51 57790
51 57796
51 57798
51 57804
51 57813
51 57819
51 57840
51 57841
51 57865
51 57886
51 57898
51 57902
51 57904
51 57911
51 57916
51 57918
51 57937
51 57945
51 57972
51 57983
51 57998
51 58004
51 58009
51 58016
51 58023
51 58024
51 58032
51 58057
51 58063
51 58067
51 58070
51 58077
51 58079
51 58103
51 58110
51 58117
51 58119
51 58128
51 58130
51 58140
51 58145
51 58150
51 58153
51 58154
51 58158
51 58161
51 58163
51 58172
51 58177
51 58179
51 58181
51 58190
51 58195
51 58196
51 58202
51 58211
51 58212
51 58215
51 58219
51 58221
51 58224
51 58242
51 58246
51 58248
51 58255
51 58257
51 58260
51 58263
51 58269
51 58275
51 58280
51 58290
51 58295
51 58296
51 58300
51 58312
51 58318
51 58319
51 58323
51 58329
51 58338
51 58339
51 58360
51 58361
51 58382
51 58385
51 58411
51 58422
51 58429
51 58432
51 58434
51 58448
51 58450
51 58463
51 58466
51 58467
51 58469
51 58473
51 58476
51 58482
51 58486
51 58487
51 58489
51 58501
51 58512
51 58514
51 58523
51 58537
51 58555
51 58556
51 58560
51 58561
51 58562
51 58565
51 58566
51 58576
51 58579
51 58593
51 58607
51 58615
51 58621
51 58622
51 58641
51 58656
51 58666
51 58667
51 58696
51 58699
51 58713
51 58719
51 58732
51 58734
51 58741
51 58747
51 58755
51 58773
51 58783
51 58784
51 58787
51 58788
51 58789
51 58790
51 58791
51 58794
51 58797
51 58804
51 58823
51 58837
51 58840
51 58851
51 58853
51 58878
51 58881
51 58897
51 58916
51 58922
51 58944
51 58957
51 58964
51 58977
51 59003
51 59009
51 59023
51 59035
51 59039
51 59044
51 59050
51 59052
51 59055
51 59056
51 59063
51 59091
51 59101
51 59110
51 59117
51 59123
51 59131
51 59141
51 59147
51 59148
51 59151
51 59158
51 59168
51 59176
51 59209
51 59224
51 59225
51 59231
51 59232
51 59237
51 59252
51 59278
51 59290
51 59294
51 59297
51 59299
51 59306
51 59319
51 59329
51 59344
51 59348
51 59365
51 59378
51 59386
51 59388
51 59389
51 59390
51 59393
51 59396
51 59399
51 59400
51 59404
51 59405
51 59413
51 59422
51 59432
51 59437
51 59444
51 59465
51 59468
51 59470
51 59472
51 59477
51 59493
51 59504
51 59512
51 59515
51 59529
51 59534
51 59536
51 59541
51 59550
51 59559
51 59561
51 59563
51 59565
51 59568
51 59581
51 59592
51 59595
51 59607
51 59615
51 59623
51 59624
51 59628
51 59631
51 59635
51 59646
51 59648
51 59671
51 59676
51 59678
51 59685
51 59687
51 59694
51 59699
51 59713
51 59730
51 59751
51 59753
51 59754
51 59758
51 59759
51 59766
51 59775
51 59777
51 59783
51 59787
51 59821
51 59828
51 59831
51 59853
51 59857
51 59859
51 59860
51 59872
51 59879
51 59885
51 59887
51 59891
51 59905
51 59910
51 59913
51 59915
51 59920
51 59924
51 59935
51 59936
51 59937
51 59939
51 59947
51 59969
51 59989
51 59990
51 59992
51 59995
51 60000
51 60001
51 60020
51 60022
51 60028
51 60029
51 60044
51 60048
51 60050
51 60055
51 60059
51 60061
51 60069
51 60084
51 60091
51 60096
51 60100
51 60107
51 60110
51 60118
51 60119
51 60129
51 60131
51 60135
51 60159
51 60162
51 60166
51 60168
51 60178
51 60193
51 60205
51 60210
51 60239
51 60248
51 60267
51 60268
51 60272
51 60282
51 60292
51 60303
51 60306
51 60317
51 60319
51 60325
51 60326
51 60332
51 60338
51 60346
51 60354
51 60362
51 60371
51 60376
51 60379
51 60386
51 60387
51 60403
51 60419
51 60443
51 60446
51 60457
51 60464
51 60475
51 60479
51 60503
51 60509
51 60512
51 60518
51 60523
51 60528
51 60532
51 60536
51 60545
51 60547
51 60553
51 60561
51 60563
51 60572
51 60574
51 60583
51 60596
51 60599
51 60602
51 60616
51 60619
51 60620
51 60649
51 60664
51 60667
51 60674
51 60686
51 60711
51 60743
51 60764
51 60780
51 60793
51 60799
51 60826
51 60828
51 60833
51 60839
51 60841
51 60847
51 60852
51 60859
51 60883
51 60888
51 60905
51 60919
51 60927
51 60928
51 60940
51 60954
51 60968
51 60970
51 60972
51 60975
51 60980
51 60992
51 61009
51 61014
51 61017
51 61021
51 61029
51 61030
51 61068
51 61071
51 61072
51 61075
51 61078
51 61080
51 61084
51 61104
51 61111
51 61151
51 61171
51 61196
51 61200
51 61206
51 61210
51 61217
51 61218
51 61219
51 61220
51 61230
51 61241
51 61257
51 61258
51 61267
51 61289
51 61295
51 61300
51 61306
51 61309
51 61312
51 61324
51 61329
51 61332
51 61338
51 61340
51 61357
51 61361
51 61362
51 61370
51 61373
51 61381
51 61382
51 61390
51 61391
51 61410
51 61420
51 61432
51 61448
51 61451
51 61452
51 61454
51 61456
51 61458
51 61472
51 61474
51 61488
51 61489
51 61497
51 61507
51 61512
51 61528
51 61530
51 61537
51 61543
51 61556
51 61568
51 61579
51 61591
51 61594
51 61595
51 61610
51 61611
51 61621
51 61622
51 61656
51 61666
51 61678
51 61682
51 61687
51 61691
51 61715
51 61726
51 61733
51 61753
51 61757
51 61760
51 61762
51 61773
51 61776
51 61777
51 61783
51 61795
51 61805
51 61807
51 61809
51 61815
51 61820
51 61822
51 61823
51 61826
51 61831
51 61842
51 61844
51 61848
51 61850
51 61853
51 61854
51 61871
51 61875
51 61880
51 61890
51 61893
51 61895
51 61910
51 61911
51 61917
51 61925
51 61941
51 61947
51 61963
51 61975
51 62005
51 62018
51 62026
51 62039
51 62041
51 62058
51 62060
51 62078
51 62090
51 62120
51 62125
51 62149
51 62161
51 62164
51 62173
51 62189
51 62195
51 62197
51 62198
51 62207
51 62210
51 62216
51 62222
51 62231
51 62238
51 62244
51 62245
51 62252
51 62263
51 62265
51 62266
51 62273
51 62277
51 62304
51 62307
51 62329
51 62330
51 62336
51 62345
51 62353
51 62354
51 62377
51 62406
51 62411
51 62423
51 62425
51 62428
51 62436
51 62460
51 62462
51 62466
51 62472
51 62473
51 62476
51 62478
51 62498
51 62501
51 62504
51 62507
51 62516
51 62524
51 62531
51 62533
51 62535
51 62539
51 62541
51 62546
51 62548
51 62551
51 62562
51 62572
51 62573
51 62578
51 62581
51 62582
51 62583
51 62597
51 62603
51 62606
51 62610
51 62613
51 62618
51 62638
51 62645
51 62657
51 62684
51 62685
51 62694
51 62697
51 62698
51 62700
51 62702
51 62714
51 62721
51 62723
51 62729
51 62730
51 62733
51 62736
51 62740
51 62753
51 62757
51 62760
51 62770
51 62776
51 62798
51 62809
51 62813
51 62817
51 62822
51 62829
51 62835
51 62842
51 62847
51 62858
51 62859
51 62864
51 62870
51 62875
51 62880
51 62882
51 62887
51 62898
51 62900
51 62901
51 62906
51 62922
51 62926
51 62936
51 62938
51 62944
51 62950
51 62953
51 62958
51 62959
51 62973
51 62982
51 62994
51 63002
51 63005
51 63010
51 63034
51 63044
51 63052
51 63064
51 63077
51 63092
51 63095
51 63098
51 63102
51 63112
51 63137
51 63140
51 63145
51 63147
51 63163
51 63177
51 63178
51 63183
51 63188
51 63200
51 63208
51 63211
51 63221
51 63231
51 63238
51 63251
51 63258
51 63263
51 63277
51 63284
51 63289
51 63292
51 63297
51 63298
51 63312
51 63320
51 63323
51 63329
51 63338
51 63349
51 63350
51 63352
51 63355
51 63365
51 63369
51 63371
51 63377
51 63393
51 63395
51 63403
51 63405
51 63409
51 63411
51 63416
51 63423
51 63438
51 63439
51 63448
51 63449
51 63453
51 63474
51 63476
51 63482
51 63491
51 63499
51 63508
51 63511
51 63522
51 63523
51 63526
51 63530
51 63535
51 63544
51 63545
51 63562
51 63563
51 63566
51 63571
51 63573
51 63594
51 63600
51 63602
51 63611
51 63637
51 63648
51 63654
51 63660
51 63664
51 63670
51 63675
51 63680
51 63681
51 63684
51 63688
51 63691
51 63712
51 63713
51 63718
51 63719
51 63725
51 63743
51 63751
51 63753
51 63758
51 63765
51 63768
51 63770
51 63773
51 63780
51 63791
51 63794
51 63808
51 63823
51 63835
51 63837
51 63849
51 63852
51 63867
51 63878
51 63883
51 63887
51 63894
51 63900
51 63909
51 63944
51 63964
51 63966
51 63973
51 63975
51 64036
51 64044
51 64047
51 64065
51 64069
51 64079
51 64089
51 64115
51 64136
51 64144
51 64145
51 64152
51 64161
51 64175
51 64183
51 64206
51 64223
51 64238
51 64251
51 64254
51 64265
51 64296
51 64304
51 64310
51 64317
51 64326
51 64339
51 64344
51 64365
51 64367
51 64380
51 64384
51 64386
51 64398
51 64401
51 64404
51 64409
51 64425
51 64431
51 64442
51 64445
51 64447
51 64453
51 64466
51 64467
51 64476
51 64482
51 64484
51 64490
51 64504
51 64508
51 64518
51 64546
51 64548
51 64552
51 64554
51 64557
51 64567
51 64601
51 64613
51 64626
51 64635
51 64640
51 64652
51 64668
51 64683
51 64706
51 64722
51 64723
51 64738
51 64750
51 64754
51 64757
51 64763
51 64796
51 64805
51 64817
51 64828
51 64842
51 64859
51 64864
51 64868
51 64876
51 64886
51 64889
51 64897
51 64908
51 64923
51 64927
51 64984
51 64996
51 65015
51 65017
51 65031
51 65033
51 65034
51 65050
51 65052
51 65061
51 65071
51 65079
51 65104
51 65105
51 65111
51 65113
51 65128
51 65143
51 65157
51 65164
51 65165
51 65166
51 65172
51 65242
51 65255
51 65261
51 65276
51 65285
51 65291
51 65304
51 65306
51 65332
51 65347
51 65355
51 65383
51 65387
51 65392
51 65413
51 65417
51 65418
51 65425
51 65437
51 65440
51 65441
51 65450
51 65461
51 65471
51 65478
51 65480
51 65493
51 65498
51 65501
51 65509
51 65517
51 65539
51 65546
51 65551
51 65557
51 65560
51 65570
51 65578
51 65579
51 65583
51 65586
51 65592
51 65596
51 65601
51 65608
51 65627
51 65632
51 65639
51 65643
51 65658
51 65677
51 65702
51 65730
51 65735
51 65758
51 65764
51 65778
51 65780
51 65782
51 65783
51 65794
51 65800
51 65817
51 65823
51 65824
51 65828
51 65835
51 65836
51 65858
51 65861
51 65864
51 65871
51 65875
51 65883
51 65893
51 65904
51 65918
51 65935
51 65953
51 65955
51 65968
51 65974
51 65976
51 65980
51 65992
51 65995
51 66000
51 66004
51 66013
51 66021
51 66025
51 66026
51 66029
51 66034
51 66037
51 66043
51 66049
51 66059
51 66062
51 66066
51 66074
51 66119
51 66126
51 66133
51 66137
51 66140
51 66143
51 66144
51 66153
51 66168
51 66177
51 66179
51 66181
51 66185
51 66203
51 66204
51 66211
51 66229
51 66237
51 66243
51 66249
51 66251
51 66256
51 66258
51 66265
51 66274
51 66281
51 66291
51 66296
51 66304
51 66305
51 66307
51 66321
51 66333
51 66342
51 66349
51 66356
51 66358
51 66364
51 66375
51 66400
51 66401
51 66410
51 66428
51 66430
51 66462
51 66465
51 66466
51 66470
51 66472
51 66484
51 66492
51 66507
51 66524
51 66537
51 66543
51 66544
51 66547
51 66558
51 66563
51 66566
51 66570
51 66579
51 66588
51 66599
51 66617
51 66619
51 66628
51 66629
51 66632
51 66639
51 66655
51 66660
51 66664
51 66676
51 66679
51 66685
51 66695
51 66706
51 66712
51 66725
51 66743
51 66747
51 66749
51 66755
51 66770
51 66789
51 66804
51 66813
51 66838
51 66843
51 66862
51 66868
51 66880
51 66883
51 66887
51 66890
51 66900
51 66905
51 66909
51 66912
51 66918
51 66926
51 66933
51 66950
51 66958
51 66959
51 66962
51 66984
51 67003
51 67004
51 67011
51 67015
51 67018
51 67021
51 67022
51 67026
51 67032
51 67034
51 67041
51 67045
51 67051
51 67052
51 67053
51 67062
51 67070
51 67079
51 67080
51 67114
51 67116
51 67119
51 67126
51 67129
51 67140
51 67146
51 67152
51 67156
51 67164
51 67172
51 67177
51 67186
51 67190
51 67195
51 67203
51 67206
51 67214
51 67243
51 67249
51 67254
51 67255
51 67257
51 67261
51 67267
51 67272
51 67275
51 67280
51 67288
51 67319
51 67325
51 67331
51 67334
51 67338
51 67361
51 67375
51 67432
51 67441
51 67453
51 67461
51 67467
51 67472
51 67476
51 67497
51 67510
51 67511
51 67516
51 67517
51 67522
51 67534
51 67536
51 67538
51 67540
51 67548
51 67557
51 67577
51 67582
51 67586
51 67588
51 67596
51 67600
51 67609
51 67633
51 67637
51 67642
51 67647
51 67660
51 67662
51 67665
51 67669
51 67678
51 67685
51 67705
51 67709
51 67713
51 67718
51 67731
51 67734
51 67744
51 67749
51 67759
51 67765
51 67769
51 67774
51 67775
51 67781
51 67783
51 67793
51 67795
51 67827
51 67835
51 67855
51 67860
51 67863
51 67867
51 67885
51 67886
51 67898
51 67902
51 67907
51 67914
51 67936
51 67939
51 67962
51 67980
51 67985
51 67991
51 68005
51 68014
51 68031
51 68039
51 68046
51 68051
51 68056
51 68059
51 68083
51 68090
51 68092
51 68099
51 68102
51 68112
51 68114
51 68119
51 68129
51 68154
51 68155
51 68162
51 68164
51 68170
51 68184
51 68186
51 68192
51 68193
51 68227
51 68237
51 68243
51 68251
51 68260
51 68288
51 68292
51 68295
51 68311
51 68325
51 68326
51 68333
51 68340
51 68342
51 68351
51 68353
51 68359
51 68363
51 68377
51 68378
51 68385
51 68395
51 68406
51 68407
51 68417
51 68443
51 68449
51 68456
51 68469
51 68473
51 68475
51 68481
51 68486
51 68503
51 68506
51 68510
51 68516
51 68522
51 68527
51 68537
51 68539
51 68548
51 68561
51 68563
51 68575
51 68602
51 68606
51 68613
51 68615
51 68616
51 68618
51 68622
51 68624
51 68632
51 68640
51 68643
51 68644
51 68660
51 68666
51 68669
51 68677
51 68683
51 68693
51 68697
51 68700
51 68720
51 68724
51 68741
51 68742
51 68759
51 68760
51 68770
51 68777
51 68784
51 68787
51 68792
51 68795
51 68806
51 68810
51 68831
51 68840
51 68846
51 68861
51 68865
51 68874
51 68886
51 68888
51 68891
51 68896
51 68902
51 68907
51 68917
51 68924
51 68932
51 68949
51 68950
51 68955
51 68956
51 68963
51 68965
51 68973
51 68976
51 68993
51 69002
51 69004
51 69024
51 69033
51 69037
51 69046
51 69051
51 69073
51 69076
51 69086
51 69088
51 69089
51 69091
51 69116
51 69124
51 69131
51 69168
51 69171
51 69178
51 69180
51 69198
51 69202
51 69207
51 69213
51 69218
51 69255
51 69265
51 69271
51 69276
51 69277
51 69282
51 69284
51 69290
51 69292
51 69297
51 69320
51 69323
51 69341
51 69348
51 69352
51 69361
51 69367
51 69371
51 69375
51 69386
51 69394
51 69424
51 69426
51 69429
51 69432
51 69435
51 69442
51 69446
51 69456
51 69467
51 69473
51 69474
51 69485
51 69486
51 69489
51 69497
51 69523
51 69525
51 69531
51 69532
51 69553
51 69559
51 69561
51 69577
51 69600
51 69612
51 69618
51 69623
51 69630
51 69631
51 69638
51 69644
51 69654
51 69660
51 69665
51 69673
51 69688
51 69693
51 69713
51 69739
51 69741
51 69747
51 69749
51 69760
51 69761
51 69774
51 69781
51 69823
51 69828
51 69848
51 69858
51 69866
51 69871
51 69878
51 69891
51 69894
51 69896
51 69905
51 69911
51 69916
51 69919
51 69932
51 69935
51 69940
51 69946
51 69959
51 69961
51 69967
51 69975
51 69983
51 70022
51 70034
51 70035
51 70046
51 70048
51 70052
51 70055
51 70058
51 70060
51 70069
51 70077
51 70096
51 70101
51 70114
51 70117
51 70121
51 70126
51 70131
51 70149
51 70152
51 70153
51 70154
51 70157
51 70163
51 70181
51 70192
51 70208
51 70219
51 70245
51 70253
51 70261
51 70269
51 70282
51 70302
51 70319
51 70322
51 70325
51 70343
51 70345
51 70358
51 70362
51 70370
51 70373
51 70375
51 70388
51 70395
51 70405
51 70413
51 70414
51 70419
51 70436
51 70437
51 70452
51 70459
51 70471
51 70473
51 70476
51 70488
51 70534
51 70542
51 70544
51 70548
51 70567
51 70582
51 70590
51 70599
51 70605
51 70622
51 70630
51 70662
51 70663
51 70672
51 70677
51 70678
51 70679
51 70682
51 70691
51 70704
51 70707
51 70714
51 70722
51 70730
51 70744
51 70757
51 70774
51 70776
51 70777
51 70784
51 70789
51 70806
51 70811
51 70824
51 70828
51 70829
51 70846
51 70858
51 70872
51 70875
51 70883
51 70885
51 70904
51 70912
51 70916
51 70949
51 70952
51 70961
51 70962
51 70968
51 70969
51 70979
51 70981
51 70993
51 71016
51 71021
51 71036
51 71039
51 71049
51 71051
51 71054
51 71063
51 71076
51 71081
51 71095
51 71108
51 71113
51 71120
51 71125
51 71133
51 71139
51 71142
51 71182
51 71190
51 71192
51 71200
51 71241
51 71243
51 71246
51 71255
51 71257
51 71264
51 71274
51 71282
51 71285
51 71294
51 71324
51 71335
51 71340
51 71341
51 71352
51 71362
51 71387
51 71400
51 71407
51 71409
51 71415
51 71418
51 71421
51 71423
51 71442
51 71446
51 71447
51 71459
51 71461
51 71466
51 71471
51 71483
51 71486
51 71494
51 71506
51 71507
51 71525
51 71527
51 71536
51 71551
51 71557
51 71561
51 71570
51 71578
51 71587
51 71591
51 71597
51 71605
51 71610
51 71612
51 71614
51 71618
51 71626
51 71629
51 71630
51 71641
51 71645
51 71655
51 71659
51 71664
51 71667
51 71670
51 71680
51 71681
51 71696
51 71708
51 71711
51 71713
51 71716
51 71722
51 71725
51 71728
51 71734
51 71738
51 71741
51 71761
51 71770
51 71780
51 71799
51 71802
51 71808
51 71809
51 71817
51 71832
51 71856
51 71862
51 71873
51 71895
51 71897
51 71910
51 71911
51 71918
51 71920
51 71923
51 71924
51 71926
51 71927
51 71940
51 71945
51 71956
51 71974
51 71979
51 71988
51 71990
51 72001
51 72006
51 72009
51 72014
51 72015
51 72029
51 72039
51 72052
51 72055
51 72064
51 72067
51 72087
51 72090
51 72092
51 72104
51 72111
51 72113
51 72130
51 72132
51 72146
51 72162
51 72169
51 72176
51 72183
51 72194
51 72207
51 72212
51 72214
51 72216
51 72227
51 72238
51 72244
51 72250
51 72253
51 72263
51 72271
51 72272
51 72281
51 72288
51 72297
51 72301
51 72305
51 72317
51 72325
51 72330
51 72335
51 72341
51 72344
51 72348
51 72363
51 72365
51 72372
51 72383
51 72391
51 72393
51 72395
51 72400
51 72403
51 72405
51 72424
51 72433
51 72440
51 72442
51 72444
51 72445
51 72450
51 72491
51 72496
51 72504
51 72512
51 72519
51 72529
51 72536
51 72537
51 72545
51 72555
51 72556
51 72562
51 72566
51 72569
51 72572
51 72583
51 72602
51 72614
51 72618
51 72620
51 72624
51 72636
51 72651
51 72660
51 72661
51 72669
51 72675
51 72690
51 72696
51 72704
51 72707
51 72710
51 72712
51 72716
51 72726
51 72727
51 72733
51 72739
51 72742
51 72745
51 72748
51 72767
51 72768
51 72777
51 72810
51 72812
51 72820
51 72824
51 72838
51 72842
51 72846
51 72854
51 72859
51 72862
51 72866
51 72896
51 72902
51 72910
51 72930
51 72934
51 72936
51 72938
51 72947
51 72955
51 72962
51 72967
51 72969
51 72971
51 72980
51 72997
51 73000
51 73009
51 73012
51 73018
51 73033
51 73055
51 73057
51 73058
51 73069
51 73071
51 73073
51 73077
51 73078
51 73091
51 73112
51 73116
51 73125
51 73133
51 73136
51 73137
51 73145
51 73160
51 73162
51 73175
51 73178
51 73205
51 73208
51 73236
51 73240
51 73258
51 73274
51 73278
51 73303
51 73304
51 73308
51 73309
51 73316
51 73317
51 73318
51 73322
51 73324
51 73326
51 73331
51 73333
51 73338
51 73346
51 73357
51 73362
51 73366
51 73372
51 73388
51 73390
51 73395
51 73399
51 73401
51 73408
51 73413
51 73419
51 73424
51 73426
51 73427
51 73431
51 73459
51 73469
51 73474
51 73491
51 73510
51 73513
51 73527
51 73529
51 73536
51 73557
51 73581
51 73582
51 73583
51 73591
51 73609
51 73619
51 73632
51 73635
51 73650
51 73661
51 73667
51 73689
51 73696
51 73706
51 73713
51 73717
51 73748
51 73750
51 73755
51 73759
51 73768
51 73777
51 73780
51 73814
51 73847
51 73851
51 73861
51 73862
51 73872
51 73895
51 73903
51 73904
51 73906
51 73922
51 73925
51 73929
51 73930
51 73939
51 73940
51 73942
51 73962
51 73968
51 73982
51 73987
51 73995
51 73996
51 74009
51 74011
51 74014
51 74029
51 74032
51 74036
51 74052
51 74069
51 74113
51 74115
51 74122
51 74123
51 74141
51 74151
51 74165
51 74168
51 74172
51 74174
51 74180
51 74189
51 74199
51 74202
51 74209
51 74226
51 74231
51 74238
51 74240
51 74247
51 74249
51 74259
51 74261
51 74265
51 74267
51 74270
51 74272
51 74279
51 74281
51 74285
51 74301
51 74311
51 74312
51 74315
51 74320
51 74324
51 74330
51 74331
51 74335
51 74344
51 74345
51 74353
51 74356
51 74358
51 74373
51 74386
51 74395
51 74406
51 74413
51 74416
51 74427
51 74437
51 74467
51 74473
51 74484
51 74490
51 74504
51 74509
51 74519
51 74530
51 74541
51 74552
51 74561
51 74573
51 74574
51 74576
51 74583
51 74586
51 74604
51 74606
51 74625
51 74629
51 74635
51 74651
51 74656
51 74671
51 74678
51 74679
51 74684
51 74695
51 74722
51 74723
51 74747
51 74762
51 74763
51 74774
51 74787
51 74801
51 74826
51 74842
51 74845
51 74846
51 74852
51 74859
51 74864
51 74873
51 74890
51 74900
51 74907
51 74916
51 74932
51 74945
51 74959
51 74978
51 74984
51 75002
51 75010
51 75013
51 75019
51 75025
51 75028
51 75033
51 75038
51 75051
51 75075
51 75093
51 75094
51 75101
51 75113
51 75119
51 75120
51 75125
51 75127
51 75128
51 75129
51 75136
51 75137
51 75141
51 75146
51 75156
51 75171
51 75178
51 75182
51 75191
51 75196
51 75198
51 75213
51 75225
51 75227
51 75229
51 75230
51 75245
51 75268
51 75273
51 75280
51 75296
51 75303
51 75310
51 75312
51 75313
51 75314
51 75324
51 75325
51 75330
51 75335
51 75347
51 75355
51 75361
51 75366
51 75373
51 75380
51 75384
51 75392
51 75397
51 75401
51 75404
51 75406
51 75410
51 75431
51 75434
51 75438
51 75443
51 75450
51 75451
51 75459
51 75472
51 75476
51 75477
51 75484
51 75485
51 75487
51 75498
51 75503
51 75517
51 75519
51 75522
51 75531
51 75541
51 75552
51 75555
51 75559
51 75565
51 75567
51 75571
51 75572
51 75575
51 75576
51 75589
51 75592
51 75611
51 75623
51 75626
51 75657
51 75664
51 75671
51 75675
51 75684
51 75687
51 75695
51 75716
51 75722
51 75735
51 75756
51 75764
51 75776
51 75777
51 75793
51 75799
51 75801
51 75804
51 75807
51 75816
51 75817
51 75822
51 75826
51 75832
51 75833
51 75834
51 75840
51 75846
51 75850
51 75851
51 75877
51 75886
51 75898
51 75902
51 75930
51 75962
51 75964
51 75971
51 75983
51 75989
51 76004
51 76008
51 76013
51 76015
51 76016
51 76024
51 76032
51 76035
51 76037
51 76052
51 76063
51 76067
51 76068
51 76072
51 76082
51 76094
51 76105
51 76117
51 76155
51 76159
51 76163
51 76166
51 76173
51 76183
51 76188
51 76197
51 76201
51 76207
51 76221
51 76238
51 76247
51 76248
51 76251
51 76254
51 76261
51 76263
51 76264
51 76299
51 76315
51 76337
51 76342
51 76364
51 76368
51 76375
51 76377
51 76378
51 76384
51 76385
51 76390
51 76409
51 76414
51 76432
51 76434
51 76436
51 76457
51 76468
51 76475
51 76479
51 76495
51 76497
51 76515
51 76518
51 76523
51 76528
51 76533
51 76537
51 76541
51 76552
51 76567
51 76579
51 76587
51 76590
51 76596
51 76603
51 76618
51 76621
51 76623
51 76631
51 76643
51 76645
51 76652
51 76657
51 76667
51 76674
51 76678
51 76681
51 76698
51 76703
51 76708
51 76711
51 76725
51 76727
51 76731
51 76748
51 76756
51 76760
51 76763
51 76779
51 76790
51 76797
51 76804
51 76808
51 76815
51 76826
51 76831
51 76843
51 76860
51 76862
51 76864
51 76866
51 76867
51 76878
51 76883
51 76899
51 76903
51 76918
51 76946
51 76960
51 76996
51 76997
51 77001
51 77003
51 77008
51 77051
51 77058
51 77075
51 77077
51 77089
51 77091
51 77099
51 77108
51 77117
51 77118
51 77125
51 77136
51 77137
51 77146
51 77184
51 77190
51 77205
51 77206
51 77210
51 77257
51 77271
51 77276
51 77279
51 77282
51 77290
51 77310
51 77316
51 77339
51 77351
51 77365
51 77385
51 77401
51 77416
51 77419
51 77424
51 77434
51 77439
51 77440
51 77441
51 77445
51 77446
51 77452
51 77455
51 77465
51 77474
51 77475
51 77482
51 77487
51 77507
51 77510
51 77519
51 77526
51 77530
51 77531
51 77535
51 77550
51 77553
51 77555
51 77562
51 77575
51 77576
51 77581
51 77592
51 77600
51 77601
51 77605
51 77610
51 77612
51 77613
51 77615
51 77624
51 77626
51 77627
51 77629
51 77633
51 77650
51 77653
51 77663
51 77669
51 77683
51 77714
51 77718
51 77721
51 77733
51 77739
51 77766
51 77773
51 77778
51 77789
51 77801
51 77809
51 77821
51 77828
51 77830
51 77831
51 77841
51 77845
51 77851
51 77852
51 77853
51 77882
51 77892
51 77903
51 77909
51 77923
51 77925
51 77926
51 77957
51 77960
51 77969
51 77983
51 77996
51 77998
51 77999
51 78002
51 78004
51 78007
51 78016
51 78021
51 78025
51 78032
51 78044
51 78051
51 78060
51 78064
51 78069
51 78071
51 78073
51 78092
51 78101
51 78117
51 78136
51 78157
51 78186
51 78191
51 78192
51 78196
51 78217
51 78224
51 78227
51 78230
51 78234
51 78273
51 78275
51 78307
51 78316
51 78331
51 78337
51 78343
51 78349
51 78386
51 78401
51 78419
51 78425
51 78429
51 78431
51 78436
51 78456
51 78465
51 78475
51 78478
51 78481
51 78482
51 78483
51 78498
51 78504
51 78517
51 78521
51 78529
51 78535
51 78555
51 78564
51 78583
51 78618
51 78628
51 78639
51 78643
51 78647
51 78649
51 78683
51 78685
51 78694
51 78698
51 78702
51 78718
51 78763
51 78771
51 78775
51 78779
51 78795
51 78801
51 78807
51 78831
51 78835
51 78841
51 78846
51 78852
51 78865
51 78885
51 78886
51 78894
51 78902
51 78908
51 78916
51 78921
51 78923
51 78926
51 78931
51 78932
51 78948
51 78956
51 78961
51 78978
51 78996
51 79002
51 79015
51 79039
51 79067
51 79069
51 79074
51 79080
51 79085
51 79086
51 79088
51 79091
51 79108
51 79117
51 79126
51 79139
51 79152
51 79155
51 79158
51 79160
51 79174
51 79177
51 79185
51 79195
51 79200
51 79211
51 79212
51 79218
51 79221
51 79225
51 79229
51 79230
51 79240
51 79249
51 79254
51 79266
51 79269
51 79282
51 79283
51 79290
51 79295
51 79304
51 79306
51 79308
51 79311
51 79315
51 79341
51 79356
51 79374
51 79382
51 79383
51 79401
51 79405
51 79406
51 79416
51 79420
51 79422
51 79433
51 79442
51 79448
51 79464
51 79488
51 79497
51 79498
51 79500
51 79504
51 79524
51 79526
51 79532
51 79535
51 79548
51 79551
51 79554
51 79561
51 79584
51 79594
51 79598
51 79601
51 79606
51 79608
51 79614
51 79616
51 79624
51 79636
51 79638
51 79642
51 79646
51 79658
51 79659
51 79662
51 79670
51 79676
51 79680
51 79682
51 79699
51 79702
51 79707
51 79713
51 79719
51 79720
51 79724
51 79727
51 79737
51 79743
51 79745
51 79750
51 79752
51 79762
51 79767
51 79773
51 79775
51 79777
51 79783
51 79792
51 79808
51 79815
51 79818
51 79824
51 79829
51 79839
51 79851
51 79861
51 79894
51 79905
51 79915
51 79919
51 79925
51 79949
51 79953
51 79961
51 79973
51 80006
51 80023
51 80041
51 80056
51 80070
51 80071
51 80072
51 80085
51 80090
51 80095
51 80102
51 80108
51 80129
51 80140
51 80145
51 80155
51 80167
51 80189
51 80197
51 80204
51 80206
51 80212
51 80237
51 80247
51 80258
51 80263
51 80282
51 80283
51 80287
51 80291
51 80292
51 80299
51 80302
51 80311
51 80322
51 80329
51 80362
51 80365
51 80368
51 80373
51 80377
51 80390
51 80394
51 80402
51 80409
51 80413
51 80426
51 80427
51 80431
51 80432
51 80435
51 80438
51 80448
51 80451
51 80452
51 80455
51 80458
51 80463
51 80472
51 80478
51 80486
51 80494
51 80498
51 80522
51 80524
51 80528
51 80529
51 80535
51 80551
51 80554
51 80557
51 80560
51 80562
51 80570
51 80574
51 80575
51 80596
51 80603
51 80604
51 80613
51 80617
51 80632
51 80636
51 80642
51 80643
51 80653
51 80659
51 80669
51 80670
51 80672
51 80683
51 80688
51 80703
51 80713
51 80718
51 80733
51 80750
51 80753
51 80754
51 80764
51 80785
51 80787
51 80791
51 80804
51 80806
51 80828
51 80831
51 80832
51 80839
51 80848
51 80854
51 80879
51 80885
51 80892
51 80896
51 80897
51 80901
51 80903
51 80908
51 80956
51 80962
51 80983
51 80991
51 80993
51 80995
51 81013
51 81018
51 81021
51 81030
51 81046
51 81050
51 81066
51 81080
51 81085
51 81091
51 81099
51 81102
51 81104
51 81118
51 81126
51 81127
51 81139
51 81145
51 81181
51 81190
51 81196
51 81197
51 81199
51 81200
51 81201
51 81208
51 81210
51 81211
51 81220
51 81232
51 81236
51 81249
51 81250
51 81258
51 81259
51 81260
51 81266
51 81280
51 81282
51 81297
51 81300
51 81301
51 81305
51 81321
51 81322
51 81326
51 81331
51 81352
51 81363
51 81374
51 81380
51 81387
51 81400
51 81406
51 81409
51 81416
51 81430
51 81435
51 81437
51 81438
51 81445
51 81448
51 81460
51 81465
51 81467
51 81473
51 81474
51 81479
51 81485
51 81490
51 81492
51 81495
51 81498
51 81503
51 81505
51 81525
51 81530
51 81532
51 81533
51 81539
51 81542
51 81551
51 81557
51 81558
51 81576
51 81594
51 81607
51 81609
51 81623
51 81631
51 81638
51 81640
51 81647
51 81656
51 81657
51 81659
51 81691
51 81700
51 81702
51 81712
51 81718
51 81737
51 81741
51 81745
51 81748
51 81762
51 81773
51 81774
51 81780
51 81787
51 81802
51 81807
51 81810
51 81828
51 81839
51 81842
51 81846
51 81847
51 81848
51 81852
51 81855
51 81876
51 81885
51 81907
51 81917
51 81926
51 81945
51 81956
51 81963
51 81970
51 81974
51 81975
51 81978
51 81984
51 81986
51 81987
51 82001
51 82002
51 82006
51 82010
51 82011
51 82017
51 82020
51 82023
51 82024
51 82040
51 82050
51 82054
51 82067
51 82070
51 82090
51 82096
51 82097
51 82111
51 82122
51 82139
51 82150
51 82158
51 82159
51 82166
51 82174
51 82197
51 82206
51 82221
51 82222
51 82224
51 82227
51 82236
51 82237
51 82242
51 82243
51 82257
51 82258
51 82274
51 82276
51 82281
51 82287
51 82307
51 82321
51 82324
51 82331
51 82342
51 82347
51 82352
51 82358
51 82364
51 82371
51 82379
51 82383
51 82384
51 82391
51 82392
51 82398
51 82401
51 82413
51 82419
51 82428
51 82429
51 82433
51 82450
51 82457
51 82458
51 82461
51 82464
51 82492
51 82511
51 82517
51 82520
51 82528
51 82535
51 82536
51 82553
51 82573
51 82587
51 82589
51 82590
51 82600
51 82605
51 82622
51 82628
51 82633
51 82635
51 82650
51 82653
51 82672
51 82698
51 82709
51 82710
51 82717
51 82728
51 82735
51 82743
51 82760
51 82772
51 82780
51 82786
51 82804
51 82808
51 82818
51 82823
51 82825
51 82836
51 82842
51 82850
51 82852
51 82855
51 82857
51 82862
51 82865
51 82866
51 82868
51 82870
51 82871
51 82873
51 82875
51 82877
51 82881
51 82901
51 82903
51 82905
51 82911
51 82925
51 82943
51 82951
51 82956
51 82958
51 82960
51 82969
51 82970
51 82976
51 82977
51 82978
51 82985
51 82991
51 82993
51 83006
51 83011
51 83015
51 83019
51 83022
51 83040
51 83045
51 83052
51 83070
51 83083
51 83111
51 83116
51 83140
51 83141
51 83147
51 83181
51 83182
51 83186
51 83193
51 83199
51 83206
51 83208
51 83213
51 83223
51 83234
51 83235
51 83237
51 83243
51 83250
51 83263
51 83283
51 83302
51 83304
51 83306
51 83319
51 83320
51 83335
51 83341
51 83346
51 83358
51 83359
51 83372
51 83381
51 83385
51 83391
51 83395
51 83407
51 83417
51 83423
51 83427
51 83431
51 83437
51 83446
51 83458
51 83469
51 83485
51 83499
51 83503
51 83505
51 83508
51 83512
51 83536
51 83543
51 83546
51 83550
51 83553
51 83559
51 83562
51 83563
51 83577
51 83580
51 83588
51 83610
51 83618
51 83635
51 83644
51 83646
51 83653
51 83663
51 83666
51 83674
51 83675
51 83694
51 83702
51 83713
51 83734
51 83737
51 83745
51 83754
51 83756
51 83763
51 83766
51 83773
51 83786
51 83790
51 83794
51 83798
51 83800
51 83809
51 83821
51 83824
51 83830
51 83849
51 83852
51 83873
51 83882
51 83884
51 83885
51 83887
51 83890
51 83898
51 83901
51 83913
51 83931
51 83934
51 83935
51 83950
51 83978
51 83986
51 83991
51 84006
51 84019
51 84026
51 84027
51 84041
51 84048
51 84052
51 84057
51 84065
51 84070
51 84082
51 84083
51 84085
51 84089
51 84090
51 84093
51 84095
51 84096
51 84098
51 84115
51 84121
51 84125
51 84129
51 84131
51 84164
51 84165
51 84167
51 84177
51 84185
51 84193
51 84195
51 84201
51 84202
51 84224
51 84227
51 84229
51 84240
51 84246
51 84252
51 84256
51 84266
51 84272
51 84274
51 84276
51 84280
51 84284
51 84289
51 84293
51 84296
51 84299
51 84302
51 84303
51 84309
51 84317
51 84326
51 84334
51 84336
51 84342
51 84348
51 84352
51 84355
51 84363
51 84373
51 84377
51 84393
51 84434
51 84437
51 84441
51 84450
51 84452
51 84453
51 84478
51 84483
51 84488
51 84490
51 84503
51 84516
51 84532
51 84542
51 84549
51 84568
51 84594
51 84610
51 84612
51 84614
51 84618
51 84636
51 84657
51 84658
51 84662
51 84665
51 84668
51 84670
51 84673
51 84681
51 84701
51 84713
51 84721
51 84728
51 84733
51 84738
51 84775
51 84780
51 84781
51 84782
51 84784
51 84786
51 84787
51 84791
51 84794
51 84796
51 84802
51 84817
51 84820
51 84826
51 84830
51 84832
51 84835
51 84837
51 84842
51 84843
51 84871
51 84884
51 84888
51 84899
51 84902
51 84904
51 84905
51 84910
51 84916
51 84932
51 84946
51 84950
51 84962
51 84968
51 84971
51 84998
51 85001
51 85002
51 85010
51 85027
51 85037
51 85044
51 85045
51 85055
51 85061
51 85069
51 85070
51 85078
51 85079
51 85085
51 85096
51 85099
51 85101
51 85103
51 85109
51 85111
51 85117
51 85136
51 85138
51 85145
51 85147
51 85167
51 85175
51 85194
51 85199
51 85210
51 85211
51 85231
51 85233
51 85235
51 85238
51 85246
51 85248
51 85276
51 85280
51 85300
51 85302
51 85308
51 85312
51 85319
51 85328
51 85330
51 85355
51 85358
51 85364
51 85402
51 85411
51 85416
51 85448
51 85453
51 85466
51 85474
51 85475
51 85490
51 85493
51 85500
51 85513
51 85523
51 85539
51 85557
51 85565
51 85590
51 85603
51 85627
51 85646
51 85649
51 85651
51 85656
51 85657
51 85661
51 85666
51 85668
51 85673
51 85684
51 85688
51 85703
51 85708
51 85727
51 85735
51 85740
51 85748
51 85757
51 85759
51 85762
51 85767
51 85780
51 85782
51 85794
51 85798
51 85800
51 85811
51 85816
51 85824
51 85839
51 85850
51 85851
51 85859
51 85867
51 85909
51 85918
51 85934
51 85937
51 85942
51 85943
51 85954
51 85965
51 85999
51 86001
51 86016
51 86020
51 86036
51 86045
51 86056
51 86058
51 86066
51 86086
51 86099
51 86116
51 86129
51 86145
51 86159
51 86164
51 86169
51 86180
51 86185
51 86188
51 86190
51 86194
51 86196
51 86198
51 86214
51 86217
51 86222
51 86264
51 86269
51 86275
51 86277
51 86295
51 86299
51 86312
51 86330
51 86331
51 86334
51 86344
51 86352
51 86359
51 86366
51 86383
51 86397
51 86420
51 86426
51 86428
51 86432
51 86439
51 86442
51 86446
51 86463
51 86466
51 86469
51 86471
51 86477
51 86490
51 86500
51 86534
51 86535
51 86540
51 86546
51 86550
51 86553
51 86568
51 86578
51 86596
51 86608
51 86612
51 86617
51 86627
51 86635
51 86638
51 86655
51 86658
51 86683
51 86690
51 86691
51 86694
51 86696
51 86698
51 86702
51 86704
51 86712
51 86716
51 86723
51 86740
51 86745
51 86748
51 86753
51 86762
51 86771
51 86777
51 86790
51 86791
51 86796
51 86800
51 86801
51 86802
51 86804
51 86813
51 86825
51 86843
51 86846
51 86876
51 86884
51 86892
51 86907
51 86909
51 86915
51 86937
51 86942
51 86946
51 86947
51 86949
51 86962
51 86969
51 86973
51 86979
51 86986
51 86987
51 86988
51 86995
51 87011
51 87034
51 87062
51 87068
51 87069
51 87076
51 87089
51 87090
51 87098
51 87099
51 87105
51 87108
51 87119
51 87122
51 87125
51 87129
51 87151
51 87152
51 87157
51 87161
51 87168
51 87175
51 87178
51 87191
51 87200
51 87201
51 87214
51 87215
51 87221
51 87230
51 87250
51 87262
51 87264
51 87266
51 87289
51 87296
51 87311
51 87322
51 87323
51 87325
51 87329
51 87340
51 87346
51 87349
51 87362
51 87364
51 87368
51 87372
51 87373
51 87375
51 87379
51 87393
51 87397
51 87405
51 87409
51 87410
51 87417
51 87434
51 87458
51 87473
51 87475
51 87480
51 87486
51 87492
51 87509
51 87513
51 87514
51 87522
51 87540
51 87553
51 87566
51 87570
51 87576
51 87583
51 87585
51 87618
51 87631
51 87648
51 87667
51 87672
51 87677
51 87686
51 87693
51 87694
51 87707
51 87730
51 87753
51 87759
51 87767
51 87772
51 87776
51 87779
51 87784
51 87791
51 87800
51 87803
51 87808
51 87813
51 87818
51 87829
51 87830
51 87847
51 87882
51 87888
51 87901
51 87904
51 87909
51 87916
51 87923
51 87929
51 87933
51 87935
51 87942
51 87943
51 87945
51 87946
51 87952
51 87954
51 87963
51 87969
51 87970
51 87972
51 87975
51 87976
51 87978
51 88006
51 88024
51 88028
51 88050
51 88063
51 88071
51 88073
51 88074
51 88078
51 88088
51 88103
51 88115
51 88134
51 88137
51 88142
51 88155
51 88160
51 88163
51 88179
51 88184
51 88192
51 88196
51 88199
51 88208
51 88240
51 88270
51 88271
51 88275
51 88283
51 88284
51 88310
51 88330
51 88333
51 88338
51 88339
51 88349
51 88350
51 88353
51 88368
51 88381
51 88382
51 88399
51 88404
51 88410
51 88430
51 88436
51 88447
51 88450
51 88467
51 88473
51 88478
51 88497
51 88500
51 88502
51 88503
51 88504
51 88520
51 88534
51 88538
51 88540
51 88541
51 88544
51 88549
51 88557
51 88566
51 88567
51 88595
51 88622
51 88625
51 88629
51 88640
51 88658
51 88662
51 88666
51 88673
51 88678
51 88694
51 88699
51 88700
51 88706
51 88717
51 88721
51 88728
51 88732
51 88742
51 88743
51 88744
51 88753
51 88757
51 88760
51 88761
51 88768
51 88773
51 88784
51 88796
51 88800
51 88840
51 88853
51 88860
51 88862
51 88864
51 88865
51 88866
51 88872
51 88874
51 88888
51 88903
51 88905
51 88907
51 88908
51 88912
51 88915
51 88922
51 88923
51 88924
51 88926
51 88930
51 88937
51 88950
51 88969
51 88970
51 88971
51 88977
51 88978
51 88980
51 88981
51 88984
51 88986
51 88998
51 89003
51 89015
51 89028
51 89041
51 89047
51 89063
51 89066
51 89069
51 89077
51 89093
51 89100
51 89106
51 89109
51 89116
51 89124
51 89149
51 89157
51 89164
51 89166
51 89167
51 89172
51 89201
51 89208
51 89220
51 89232
51 89245
51 89251
51 89269
51 89277
51 89279
51 89294
51 89299
51 89308
51 89315
51 89324
51 89329
51 89337
51 89342
51 89349
51 89363
51 89368
51 89378
51 89383
51 89389
51 89399
51 89411
51 89419
51 89447
51 89456
51 89463
51 89465
51 89467
51 89480
51 89488
51 89490
51 89491
51 89493
51 89498
51 89502
51 89510
51 89514
51 89517
51 89521
51 89525
51 89536
51 89545
51 89547
51 89558
51 89566
51 89575
51 89577
51 89581
51 89585
51 89604
51 89609
51 89613
51 89620
51 89629
51 89649
51 89655
51 89657
51 89663
51 89669
51 89675
51 89681
51 89683
51 89692
51 89694
51 89699
51 89718
51 89725
51 89729
51 89730
51 89731
51 89740
51 89742
51 89745
51 89749
51 89752
51 89754
51 89786
51 89788
51 89794
51 89806
51 89822
51 89828
51 89854
51 89867
51 89868
51 89870
51 89878
51 89881
51 89891
51 89892
51 89900
51 89902
51 89913
51 89937
51 89939
51 89943
51 89963
51 89967
51 89973
51 89982
51 89985
51 89988
51 89996
51 89998
51 90000
51 90005
51 90010
51 90015
51 90020
51 90038
51 90041
51 90049
51 90060
51 90061
51 90068
51 90069
51 90071
51 90073
51 90075
51 90086
51 90094
51 90101
51 90104
51 90117
51 90131
51 90134
51 90135
51 90149
51 90150
51 90156
51 90157
51 90172
51 90175
51 90178
51 90193
51 90196
51 90199
51 90220
51 90221
51 90223
51 90237
51 90241
51 90243
51 90259
51 90260
51 90269
51 90270
51 90271
51 90273
51 90275
51 90277
51 90279
51 90282
51 90284
51 90287
51 90300
51 90307
51 90308
51 90314
51 90319
51 90320
51 90325
51 90335
51 90337
51 90344
51 90353
51 90384
51 90391
51 90394
51 90396
51 90400
51 90403
51 90405
51 90408
51 90420
51 90455
51 90456
51 90485
51 90504
51 90515
51 90518
51 90523
51 90532
51 90541
51 90549
51 90552
51 90555
51 90557
51 90559
51 90560
51 90571
51 90580
51 90590
51 90615
51 90617
51 90618
51 90626
51 90633
51 90651
51 90658
51 90661
51 90663
51 90671
51 90687
51 90701
51 90714
51 90721
51 90733
51 90745
51 90755
51 90759
51 90766
51 90777
51 90781
51 90788
51 90799
51 90805
51 90816
51 90829
51 90837
51 90846
51 90848
51 90853
51 90863
51 90865
51 90903
51 90916
51 90919
51 90922
51 90931
51 90940
51 90949
51 90960
51 90976
51 90979
51 90993
51 90996
51 90999
51 91020
51 91028
51 91034
51 91041
51 91051
51 91060
51 91064
51 91068
51 91075
51 91091
51 91096
51 91099
51 91131
51 91139
51 91156
51 91161
51 91168
51 91177
51 91181
51 91182
51 91191
51 91213
51 91217
51 91218
51 91220
51 91222
51 91223
51 91239
51 91253
51 91256
51 91258
51 91277
51 91278
51 91295
51 91314
51 91318
51 91322
51 91328
51 91334
51 91343
51 91347
51 91351
51 91363
51 91371
51 91374
51 91389
51 91394
51 91396
51 91399
51 91407
51 91439
51 91462
51 91463
51 91471
51 91485
51 91486
51 91492
51 91494
51 91495
51 91503
51 91506
51 91528
51 91537
51 91556
51 91565
51 91575
51 91579
51 91585
51 91590
51 91601
51 91612
51 91616
51 91624
51 91625
51 91627
51 91635
51 91650
51 91655
51 91662
51 91664
51 91690
51 91702
51 91704
51 91705
51 91714
51 91729
51 91730
51 91739
51 91741
51 91746
51 91756
51 91757
51 91759
51 91763
51 91772
51 91776
51 91784
51 91790
51 91798
51 91803
51 91809
51 91823
51 91827
51 91834
51 91836
51 91844
51 91848
51 91854
51 91864
51 91876
51 91881
51 91891
51 91908
51 91917
51 91920
51 91926
51 91928
51 91941
51 91972
51 91978
51 91983
51 91990
51 91995
51 92006
51 92026
51 92044
51 92048
51 92049
51 92055
51 92076
51 92093
51 92104
51 92113
51 92116
51 92142
51 92166
51 92171
51 92183
51 92185
51 92188
51 92189
51 92191
51 92198
51 92202
51 92220
51 92225
51 92232
51 92237
51 92238
51 92243
51 92244
51 92249
51 92252
51 92263
51 92273
51 92274
51 92284
51 92285
51 92286
51 92310
51 92317
51 92318
51 92332
51 92336
51 92339
51 92342
51 92345
51 92363
51 92367
51 92372
51 92376
51 92379
51 92392
51 92405
51 92409
51 92440
51 92444
51 92487
51 92503
51 92506
51 92520
51 92522
51 92525
51 92535
51 92541
51 92556
51 92558
51 92564
51 92568
51 92580
51 92583
51 92588
51 92602
51 92603
51 92609
51 92615
51 92636
51 92645
51 92648
51 92661
51 92671
51 92677
51 92732
51 92741
51 92753
51 92764
51 92780
51 92784
51 92787
51 92792
51 92794
51 92804
51 92806
51 92811
51 92821
51 92841
51 92848
51 92885
51 92896
51 92917
51 92920
51 92925
51 92944
51 92955
51 92964
51 92965
51 92974
51 92978
51 92985
51 92987
51 92988
51 92997
51 92999
51 93000
51 93008
51 93015
51 93018
51 93038
51 93050
51 93063
51 93069
51 93079
51 93081
51 93082
51 93089
51 93094
51 93111
51 93116
51 93119
51 93121
51 93136
51 93144
51 93154
51 93161
51 93165
51 93177
51 93191
51 93192
51 93196
51 93199
51 93207
51 93209
51 93215
51 93221
51 93229
51 93239
51 93241
51 93244
51 93255
51 93256
51 93262
51 93286
51 93295
51 93321
51 93331
51 93334
51 93341
51 93342
51 93363
51 93368
51 93369
51 93379
51 93394
51 93400
51 93426
51 93436
51 93444
51 93447
51 93461
51 93485
51 93490
51 93506
51 93509
51 93512
51 93516
51 93517
51 93533
51 93534
51 93536
51 93538
51 93542
51 93555
51 93560
51 93563
51 93575
51 93583
51 93586
51 93588
51 93604
51 93618
51 93627
51 93637
51 93644
51 93670
51 93679
51 93683
51 93686
51 93687
51 93691
51 93694
51 93696
51 93698
51 93703
51 93707
51 93731
51 93733
51 93737
51 93746
51 93759
51 93761
51 93765
51 93770
51 93775
51 93781
51 93793
51 93814
51 93819
51 93832
51 93839
51 93848
51 93849
51 93859
51 93865
51 93867
51 93872
51 93873
51 93876
51 93882
51 93895
51 93898
51 93909
51 93915
51 93916
51 93929
51 93934
51 93941
51 93948
51 93951
51 93954
51 93957
51 93962
51 93965
51 93966
51 93967
51 93971
51 93972
51 93976
51 93979
51 93993
51 94002
51 94019
51 94039
51 94044
51 94049
51 94059
51 94060
51 94064
51 94085
51 94087
51 94092
51 94102
51 94114
51 94119
51 94123
51 94136
51 94137
51 94146
51 94156
51 94184
51 94190
51 94206
51 94218
51 94223
51 94226
51 94231
51 94236
51 94241
51 94254
51 94258
51 94265
51 94268
51 94273
51 94282
51 94292
51 94293
51 94302
51 94329
51 94340
51 94352
51 94359
51 94361
51 94365
51 94379
51 94382
51 94387
51 94389
51 94397
51 94400
51 94402
51 94409
51 94412
51 94417
51 94427
51 94431
51 94433
51 94435
51 94444
51 94448
51 94457
51 94461
51 94462
51 94464
51 94466
51 94480
51 94482
51 94484
51 94494
51 94503
51 94505
51 94513
51 94534
51 94535
51 94538
51 94545
51 94563
51 94567
51 94569
51 94581
51 94591
51 94609
51 94624
51 94630
51 94650
51 94654
51 94657
51 94661
51 94683
51 94687
51 94693
51 94704
51 94708
51 94719
51 94730
51 94737
51 94739
51 94740
51 94750
51 94758
51 94775
51 94784
51 94785
51 94786
51 94796
51 94810
51 94814
51 94828
51 94838
51 94841
51 94855
51 94870
51 94874
51 94882
51 94886
51 94887
51 94889
51 94895
51 94904
51 94907
51 94914
51 94926
51 94932
51 94933
51 94935
51 94975
51 94991
51 95006
51 95008
51 95022
51 95024
51 95028
51 95034
51 95037
51 95043
51 95053
51 95066
51 95069
51 95077
51 95090
51 95095
51 95102
51 95103
51 95111
51 95121
51 95124
51 95132
51 95139
51 95144
51 95155
51 95169
51 95182
51 95183
51 95191
51 95199
51 95217
51 95219
51 95220
51 95225
51 95229
51 95249
51 95255
51 95257
51 95258
51 95261
51 95262
51 95263
51 95280
51 95290
51 95296
51 95304
51 95312
51 95323
51 95331
51 95337
51 95361
51 95362
51 95363
51 95379
51 95380
51 95402
51 95437
51 95447
51 95451
51 95457
51 95460
51 95474
51 95489
51 95520
51 95531
51 95536
51 95540
51 95544
51 95554
51 95567
51 95571
51 95574
51 95577
51 95589
51 95599
51 95609
51 95612
51 95632
51 95637
51 95643
51 95658
51 95664
51 95676
51 95690
51 95691
51 95692
51 95725
51 95737
51 95738
51 95739
51 95748
51 95753
51 95761
51 95765
51 95770
51 95778
51 95789
51 95798
51 95811
51 95813
51 95827
51 95838
51 95839
51 95847
51 95850
51 95853
51 95857
51 95864
51 95873
51 95875
51 95886
51 95900
51 95905
51 95907
51 95911
51 95921
51 95924
51 95929
51 95931
51 95939
51 95945
51 95970
51 95979
51 95982
51 95987
51 95991
51 95993
51 95998
51 96010
51 96023
51 96026
51 96055
51 96061
51 96067
51 96072
51 96078
51 96081
51 96089
51 96098
51 96103
51 96106
51 96110
51 96114
51 96117
51 96120
51 96132
51 96133
51 96145
51 96148
51 96157
51 96160
51 96163
51 96172
51 96182
51 96185
51 96186
51 96191
51 96199
51 96200
51 96201
51 96203
51 96208
51 96217
51 96220
51 96226
51 96232
51 96234
51 96236
51 96249
51 96252
51 96262
51 96263
51 96275
51 96285
51 96287
51 96293
51 96297
51 96314
51 96321
51 96340
51 96342
51 96344
51 96347
51 96348
51 96362
51 96364
51 96373
51 96374
51 96403
51 96416
51 96434
51 96441
51 96445
51 96449
51 96455
51 96461
51 96478
51 96479
51 96487
51 96494
51 96505
51 96510
51 96528
51 96532
51 96539
51 96548
51 96560
51 96578
51 96584
51 96589
51 96600
51 96610
51 96621
51 96627
51 96643
51 96653
51 96659
51 96662
51 96668
51 96687
51 96697
51 96705
51 96719
51 96721
51 96722
51 96727
51 96731
51 96737
51 96753
51 96760
51 96766
51 96769
51 96774
51 96781
51 96794
51 96798
51 96799
51 96804
51 96818
51 96832
51 96839
51 96842
51 96847
51 96849
51 96856
51 96865
51 96869
51 96881
51 96885
51 96888
51 96906
51 96912
51 96917
51 96933
51 96949
51 96960
51 96966
51 96991
51 96993
51 96995
51 97000
51 97002
51 97007
51 97009
51 97016
51 97017
51 97026
51 97028
51 97031
51 97033
51 97040
51 97046
51 97054
51 97067
51 97080
51 97083
51 97084
51 97094
51 97097
51 97101
51 97128
51 97137
51 97159
51 97162
51 97165
51 97169
51 97176
51 97192
51 97194
51 97204
51 97209
51 97217
51 97218
51 97238
51 97252
51 97258
51 97269
51 97284
51 97296
51 97311
51 97318
51 97319
51 97326
51 97334
51 97341
51 97344
51 97362
51 97374
51 97404
51 97409
51 97410
51 97411
51 97426
51 97428
51 97431
51 97434
51 97436
51 97437
51 97445
51 97448
51 97449
51 97453
51 97456
51 97457
51 97459
51 97472
51 97479
51 97524
51 97533
51 97538
51 97543
51 97548
51 97555
51 97566
51 97569
51 97576
51 97589
51 97591
51 97604
51 97608
51 97612
51 97626
51 97629
51 97642
51 97646
51 97654
51 97659
51 97662
51 97663
51 97675
51 97679
51 97689
51 97698
51 97705
51 97715
51 97718
51 97729
51 97730
51 97733
51 97737
51 97740
51 97747
51 97772
51 97815
51 97818
51 97824
51 97826
51 97827
51 97829
51 97832
51 97837
51 97843
51 97865
51 97874
51 97877
51 97880
51 97889
51 97890
51 97911
51 97919
51 97921
51 97927
51 97930
51 97931
51 97936
51 97937
51 97950
51 97958
51 97962
51 97977
51 97983
51 97986
51 98005
51 98015
51 98016
51 98027
51 98038
51 98048
51 98074
51 98077
51 98092
51 98097
51 98098
51 98107
51 98121
51 98128
51 98147
51 98157
51 98183
51 98187
51 98191
51 98220
51 98227
51 98232
51 98233
51 98248
51 98254
51 98270
51 98277
51 98302
51 98322
51 98327
51 98331
51 98339
51 98350
51 98359
51 98370
51 98371
51 98389
51 98391
51 98394
51 98413
51 98431
51 98434
51 98441
51 98445
51 98449
51 98454
51 98464
51 98466
51 98467
51 98472
51 98478
51 98489
51 98491
51 98507
51 98526
51 98538
51 98542
51 98550
51 98564
51 98565
51 98573
51 98574
51 98587
51 98610
51 98613
51 98627
51 98628
51 98629
51 98631
51 98633
51 98637
51 98642
51 98665
51 98666
51 98667
51 98668
51 98686
51 98698
51 98703
51 98714
51 98718
51 98724
51 98727
51 98732
51 98743
51 98750
51 98758
51 98783
51 98792
51 98799
51 98809
51 98829
51 98831
51 98836
51 98839
51 98851
51 98852
51 98858
51 98866
51 98868
51 98872
51 98878
51 98880
51 98895
51 98914
51 98931
51 98933
51 98940
51 98944
51 98945
51 98962
51 98966
51 98978
51 98980
51 98992
51 98997
51 99010
51 99035
51 99055
51 99056
51 99063
51 99080
51 99088
51 99090
51 99094
51 99101
51 99107
51 99111
51 99119
51 99122
51 99157
51 99174
51 99179
51 99191
51 99196
51 99204
51 99210
51 99214
51 99227
51 99233
51 99236
51 99240
51 99246
51 99252
51 99263
51 99264
51 99266
51 99271
51 99276
51 99288
51 99301
51 99309
51 99321
51 99322
51 99325
51 99340
51 99343
51 99346
51 99365
51 99372
51 99390
51 99396
51 99399
51 99401
51 99410
51 99415
51 99423
51 99436
51 99450
51 99453
51 99456
51 99465
51 99482
51 99497
51 99507
51 99510
51 99511
51 99514
51 99516
51 99521
51 99529
51 99536
51 99537
51 99540
51 99544
51 99550
51 99558
51 99560
51 99567
51 99573
51 99591
51 99599
51 99602
51 99604
51 99618
51 99629
51 99635
51 99648
51 99655
51 99663
51 99665
51 99670
51 99675
51 99703
51 99714
51 99727
51 99728
51 99744
51 99750
51 99752
51 99763
51 99764
51 99767
51 99776
51 99778
51 99781
51 99791
51 99819
51 99821
51 99830
51 99848
51 99850
51 99852
51 99855
51 99863
51 99864
51 99869
51 99870
51 99884
51 99922
51 99931
51 99933
51 99936
51 99954
51 99962
51 99986
51 99988
51 99990
51 100006
51 100007
51 100014
51 100022
51 100033
51 100059
51 100062
51 100063
51 100066
51 100114
51 100126
51 100129
51 100146
51 100147
51 100153
51 100170
51 100177
51 100179
51 100185
51 100205
51 100208
51 100210
51 100222
51 100228
51 100229
51 100237
51 100245
51 100247
51 100261
51 100264
51 100269
51 100282
51 100285
51 100310
51 100314
51 100321
51 100328
51 100330
51 100346
51 100352
51 100358
51 100359
51 100398
51 100403
51 100405
51 100413
51 100415
51 100429
51 100456
51 100484
51 100487
51 100504
51 100508
51 100519
51 100523
51 100528
51 100539
51 100546
51 100547
51 100559
51 100579
51 100582
51 100585
51 100608
51 100611
51 100613
51 100622
51 100632
51 100633
51 100643
51 100650
51 100654
51 100660
51 100673
51 100680
51 100685
51 100686
51 100715
51 100717
51 100742
51 100754
51 100759
51 100761
51 100763
51 100766
51 100770
51 100774
51 100782
51 100784
51 100789
51 100794
51 100800
51 100812
51 100815
51 100818
51 100831
51 100838
51 100848
51 100860
51 100873
51 100887
51 100896
51 100898
51 100904
51 100924
51 100929
51 100931
51 100939
51 100948
51 100952
51 100955
51 100959
51 100965
51 100967
51 100974
51 100984
51 100996
51 101002
51 101013
51 101028
51 101035
51 101045
51 101046
51 101049
51 101058
51 101066
51 101068
51 101071
51 101074
51 101083
51 101101
51 101109
51 101128
51 101132
51 101140
51 101160
51 101163
51 101170
51 101182
51 101188
51 101205
51 101219
51 101238
51 101239
51 101259
51 101265
51 101269
51 101274
51 101282
51 101299
51 101304
51 101344
51 101358
51 101363
51 101366
51 101380
51 101384
51 101395
51 101409
51 101415
51 101418
51 101425
51 101429
51 101449
51 101465
51 101468
51 101477
51 101486
51 101488
51 101499
51 101505
51 101510
51 101516
51 101518
51 101520
51 101526
51 101529
51 101543
51 101551
51 101565
51 101566
51 101571
51 101584
51 101599
51 101601
51 101604
51 101615
51 101622
51 101627
51 101628
51 101646
51 101656
51 101658
51 101667
51 101682
51 101693
51 101694
51 101706
51 101709
51 101718
51 101720
51 101727
51 101731
51 101739
51 101741
51 101744
51 101747
51 101749
51 101751
51 101766
51 101770
51 101771
51 101779
51 101788
51 101794
51 101797
51 101824
51 101826
51 101840
51 101846
51 101850
51 101853
51 101863
51 101864
51 101872
51 101892
51 101901
51 101904
51 101909
51 101920
51 101940
51 101950
51 101954
51 101960
51 101977
51 101982
51 101987
51 101989
51 101995
51 102004
51 102010
51 102030
51 102036
51 102040
51 102047
51 102048
51 102049
51 102057
51 102062
51 102064
51 102066
51 102080
51 102084
51 102093
51 102105
51 102114
51 102124
51 102128
51 102130
51 102131
51 102136
51 102141
51 102142
51 102151
51 102158
51 102162
51 102171
51 102175
51 102200
51 102201
51 102218
51 102226
51 102230
51 102233
51 102235
51 102239
51 102272
51 102287
51 102291
51 102296
51 102306
51 102315
51 102316
51 102347
51 102350
51 102366
51 102382
51 102396
51 102397
51 102416
51 102435
51 102440
51 102443
51 102453
51 102456
51 102457
51 102461
51 102482
51 102489
51 102490
51 102500
51 102503
51 102514
51 102515
51 102518
51 102523
51 102525
51 102531
51 102540
51 102544
51 102551
51 102556
51 102563
51 102564
51 102569
51 102574
51 102576
51 102595
51 102613
51 102618
51 102634
51 102645
51 102653
51 102663
51 102667
51 102687
51 102691
51 102695
51 102703
51 102704
51 102706
51 102711
51 102713
51 102721
51 102726
51 102729
51 102743
51 102744
51 102750
51 102754
51 102762
51 102764
51 102784
51 102793
51 102797
51 102799
51 102803
51 102808
51 102814
51 102830
51 102837
51 102843
51 102845
51 102863
51 102876
51 102885
51 102887
51 102897
51 102908
51 102910
51 102912
51 102913
51 102914
51 102927
51 102929
51 102936
51 102976
51 102978
51 102984
51 102995
51 102999
51 103003
51 103009
51 103018
51 103044
51 103052
51 103059
51 103067
51 103083
51 103094
51 103100
51 103108
51 103112
51 103114
51 103117
51 103129
51 103134
51 103145
51 103148
51 103183
51 103187
51 103200
51 103204
51 103224
51 103226
51 103228
51 103232
51 103257
51 103266
51 103271
51 103273
51 103283
51 103292
51 103293
51 103305
51 103309
51 103322
51 103329
51 103336
51 103348
51 103351
51 103354
51 103357
51 103359
51 103361
51 103366
51 103373
51 103375
51 103380
51 103383
51 103387
51 103391
51 103406
51 103424
51 103428
51 103430
51 103436
51 103438
51 103441
51 103446
51 103453
51 103455
51 103469
51 103476
51 103480
51 103494
51 103507
51 103510
51 103529
51 103537
51 103555
51 103559
51 103568
51 103575
51 103583
51 103590
51 103596
51 103605
51 103613
51 103617
51 103644
51 103647
51 103650
51 103652
51 103671
51 103684
51 103685
51 103686
51 103688
51 103691
51 103704
51 103710
51 103726
51 103729
51 103735
51 103737
51 103761
51 103763
51 103776
51 103785
51 103792
51 103795
51 103824
51 103842
51 103854
51 103868
51 103869
51 103881
51 103883
51 103886
51 103891
51 103907
51 103910
51 103912
51 103926
51 103932
51 103937
51 103940
51 103947
51 103951
51 103962
51 103964
51 103966
51 103992
51 104000
51 104016
51 104018
51 104026
51 104029
51 104056
51 104062
51 104073
51 104076
51 104078
51 104103
51 104111
51 104132
51 104144
51 104170
51 104174
51 104183
51 104186
51 104201
51 104206
51 104222
51 104231
51 104240
51 104267
51 104268
51 104274
51 104297
51 104308
51 104309
51 104318
51 104319
51 104355
51 104364
51 104373
51 104376
51 104377
51 104391
51 104393
51 104394
51 104401
51 104407
51 104422
51 104424
51 104426
51 104431
51 104441
51 104445
51 104447
51 104456
51 104459
51 104475
51 104481
51 104492
51 104495
51 104500
51 104522
51 104525
51 104549
51 104557
51 104559
51 104563
51 104565
51 104575
51 104578
51 104599
51 104606
51 104616
51 104623
51 104642
51 104646
51 104650
51 104655
51 104667
51 104670
51 104699
51 104705
51 104716
51 104727
51 104761
51 104780
51 104844
51 104859
51 104860
51 104866
51 104867
51 104873
51 104875
51 104884
51 104910
51 104919
51 104921
51 104942
51 104950
51 104958
51 104962
51 104964
51 104976
51 104986
51 104989
51 104993
51 105006
51 105011
51 105027
51 105029
51 105040
51 105052
51 105061
51 105064
51 105083
51 105092
51 105096
51 105103
51 105111
51 105113
51 105121
51 105127
51 105128
51 105131
51 105146
51 105163
51 105164
51 105166
51 105172
51 105175
51 105176
51 105177
51 105186
51 105187
51 105192
51 105194
51 105203
51 105207
51 105219
51 105232
51 105248
51 105271
51 105277
51 105302
51 105306
51 105311
51 105319
51 105322
51 105336
51 105341
51 105372
51 105373
51 105377
51 105385
51 105388
51 105401
51 105406
51 105409
51 105414
51 105421
51 105428
51 105431
51 105447
51 105456
51 105464
51 105465
51 105478
51 105483
51 105485
51 105488
51 105506
51 105534
51 105543
51 105549
51 105558
51 105572
51 105583
51 105585
51 105614
51 105623
51 105625
51 105635
51 105637
51 105649
51 105650
51 105653
51 105655
51 105666
51 105673
51 105680
51 105689
51 105696
51 105699
51 105708
51 105709
51 105711
51 105722
51 105724
51 105730
51 105732
51 105733
51 105742
51 105746
51 105750
51 105758
51 105770
51 105773
51 105774
51 105778
51 105796
51 105804
51 105817
51 105826
51 105833
51 105845
51 105847
51 105853
51 105856
51 105898
51 105904
51 105906
51 105914
51 105932
51 105939
51 105955
51 105965
51 105969
51 105976
51 105999
51 106003
51 106006
51 106019
51 106021
51 106023
51 106039
51 106042
51 106045
51 106069
51 106099
51 106101
51 106103
51 106110
51 106116
51 106122
51 106132
51 106143
51 106155
51 106177
51 106187
51 106192
51 106193
51 106234
51 106238
51 106260
51 106261
51 106262
51 106273
51 106277
51 106280
51 106284
51 106299
51 106311
51 106317
51 106337
51 106350
51 106355
51 106359
51 106364
51 106369
51 106372
51 106375
51 106377
51 106381
51 106392
51 106398
51 106436
51 106438
51 106462
51 106463
51 106470
51 106473
51 106474
51 106477
51 106478
51 106490
51 106493
51 106503
51 106513
51 106535
51 106537
51 106542
51 106549
51 106559
51 106561
51 106564
51 106572
51 106578
51 106583
51 106593
51 106603
51 106604
51 106621
51 106632
51 106638
51 106644
51 106650
51 106658
51 106663
51 106676
51 106685
51 106688
51 106701
51 106702
51 106705
51 106708
51 106710
51 106712
51 106718
51 106721
51 106725
51 106728
51 106736
51 106742
51 106765
51 106771
51 106780
51 106793
51 106799
51 106802
51 106806
51 106816
51 106821
51 106824
51 106827
51 106846
51 106853
51 106860
51 106869
51 106883
51 106889
51 106905
51 106911
51 106912
51 106914
51 106933
51 106961
51 106969
51 106977
51 106978
51 106981
51 106986
51 106987
51 106998
51 107005
51 107032
51 107035
51 107040
51 107045
51 107046
51 107051
51 107054
51 107067
51 107076
51 107080
51 107092
51 107095
51 107104
51 107110
51 107113
51 107114
51 107119
51 107132
51 107133
51 107140
51 107147
51 107163
51 107167
51 107200
51 107202
51 107206
51 107215
51 107216
51 107245
51 107252
51 107261
51 107267
51 107268
51 107270
51 107273
51 107290
51 107294
51 107301
51 107309
51 107321
51 107323
51 107331
51 107342
51 107356
51 107361
51 107375
51 107384
51 107386
51 107395
51 107401
51 107412
51 107417
51 107431
51 107433
51 107446
51 107448
51 107452
51 107462
51 107467
51 107473
51 107487
51 107493
51 107496
51 107512
51 107516
51 107522
51 107527
51 107530
51 107533
51 107537
51 107543
51 107544
51 107548
51 107552
51 107555
51 107561
51 107563
51 107571
51 107578
51 107608
51 107616
51 107622
51 107627
51 107629
51 107636
51 107648
51 107655
51 107664
51 107671
51 107681
51 107686
51 107691
51 107696
51 107709
51 107710
51 107712
51 107724
51 107729
51 107741
51 107752
51 107758
51 107764
51 107767
51 107793
51 107799
51 107812
51 107813
51 107815
51 107816
51 107821
51 107832
51 107848
51 107865
51 107867
51 107874
51 107875
51 107876
51 107887
51 107888
51 107912
51 107915
51 107918
51 107919
51 107922
51 107924
51 107925
51 107929
51 107939
51 107942
51 107951
51 107953
51 107959
51 107970
51 107978
51 107990
51 108006
51 108007
51 108019
51 108023
51 108028
51 108034
51 108069
51 108070
51 108074
51 108082
51 108098
51 108134
51 108152
51 108161
51 108162
51 108166
51 108168
51 108188
51 108190
51 108192
51 108196
51 108209
51 108213
51 108214
51 108224
51 108235
51 108242
51 108248
51 108253
51 108255
51 108262
51 108280
51 108291
51 108294
51 108299
51 108321
51 108328
51 108335
51 108344
51 108349
51 108352
51 108359
51 108372
51 108379
51 108405
51 108415
51 108422
51 108454
51 108455
51 108478
51 108485
51 108486
51 108506
51 108512
51 108516
51 108526
51 108528
51 108537
51 108552
51 108553
51 108568
51 108591
51 108615
51 108625
51 108637
51 108646
51 108647
51 108649
51 108654
51 108668
51 108671
51 108678
51 108691
51 108706
51 108707
51 108716
51 108718
51 108724
51 108730
51 108732
51 108736
51 108753
51 108768
51 108777
51 108782
51 108785
51 108798
51 108831
51 108834
51 108836
51 108848
51 108863
51 108865
51 108867
51 108878
51 108880
51 108894
51 108895
51 108900
51 108901
51 108908
51 108916
51 108928
51 108932
51 108933
51 108943
51 108945
51 108951
51 108957
51 108979
51 108980
51 108996
51 109003
51 109025
51 109043
51 109046
51 109047
51 109065
51 109072
51 109090
51 109092
51 109095
51 109111
51 109118
51 109119
51 109155
51 109174
51 109178
51 109185
51 109190
51 109192
51 109197
51 109206
51 109226
51 109236
51 109237
51 109239
51 109256
51 109258
51 109268
51 109281
51 109291
51 109302
51 109303
51 109315
51 109320
51 109325
51 109334
51 109344
51 109358
51 109368
51 109379
51 109388
51 109397
51 109400
51 109404
51 109405
51 109415
51 109426
51 109427
51 109438
51 109439
51 109441
51 109450
51 109452
51 109455
51 109461
51 109468
51 109469
51 109485
51 109499
51 109510
51 109514
51 109538
51 109546
51 109550
51 109552
51 109556
51 109562
51 109565
51 109573
51 109576
51 109578
51 109579
51 109581
51 109584
51 109600
51 109601
51 109614
51 109622
51 109672
51 109682
51 109684
51 109692
51 109693
51 109699
51 109706
51 109729
51 109736
51 109738
51 109747
51 109753
51 109759
51 109765
51 109791
51 109800
51 109806
51 109808
51 109848
51 109852
51 109862
51 109865
51 109877
51 109881
51 109887
51 109912
51 109920
51 109926
51 109934
51 109941
51 109948
51 109950
51 109951
51 109956
51 109966
51 109973
51 109981
51 109987
51 109998
51 110005
51 110012
51 110013
51 110020
51 110022
51 110027
51 110029
51 110036
51 110047
51 110049
51 110052
51 110066
51 110067
51 110068
51 110073
51 110083
51 110084
51 110089
51 110092
51 110113
51 110115
51 110137
51 110139
51 110157
51 110172
51 110176
51 110183
51 110224
51 110236
51 110237
51 110244
51 110248
51 110252
51 110254
51 110257
51 110262
51 110271
51 110284
51 110287
51 110290
51 110292
51 110305
51 110306
51 110321
51 110322
51 110324
51 110325
51 110326
51 110349
51 110353
51 110364
51 110366
51 110374
51 110376
51 110378
51 110391
51 110408
51 110414
51 110415
51 110424
51 110460
51 110463
51 110465
51 110470
51 110473
51 110477
51 110484
51 110494
51 110501
51 110510
51 110513
51 110522
51 110528
51 110529
51 110544
51 110550
51 110552
51 110565
51 110580
51 110585
51 110587
51 110588
51 110589
51 110612
51 110615
51 110619
51 110631
51 110635
51 110638
51 110642
51 110643
51 110656
51 110663
51 110667
51 110686
51 110691
51 110692
51 110693
51 110705
51 110725
51 110731
51 110739
51 110752
51 110754
51 110755
51 110760
51 110770
51 110783
51 110786
51 110789
51 110797
51 110799
51 110814
51 110815
51 110825
51 110835
51 110837
51 110842
51 110854
51 110876
51 110892
51 110901
51 110908
51 110921
51 110929
51 110942
51 110964
51 110965
51 110973
51 110996
51 110999
51 111000
51 111002
51 111010
51 111012
51 111032
51 111039
51 111059
51 111071
51 111073
51 111075
51 111083
51 111090
51 111094
51 111098
51 111105
51 111106
51 111110
51 111127
51 111131
51 111161
51 111195
51 111196
51 111203
51 111206
51 111217
51 111218
51 111224
51 111232
51 111250
51 111259
51 111267
51 111298
51 111321
51 111331
51 111346
51 111355
51 111362
51 111398
51 111403
51 111409
51 111457
51 111460
51 111462
51 111472
51 111512
51 111536
51 111541
51 111543
51 111550
51 111568
51 111576
51 111588
51 111590
51 111597
51 111601
51 111603
51 111609
51 111622
51 111632
51 111635
51 111636
51 111640
51 111654
51 111665
51 111668
51 111677
51 111682
51 111693
51 111694
51 111705
51 111710
51 111718
51 111725
51 111728
51 111743
51 111750
51 111767
51 111769
51 111771
51 111782
51 111783
51 111784
51 111794
51 111798
51 111814
51 111815
51 111820
51 111829
51 111832
51 111836
51 111844
51 111848
51 111862
51 111872
51 111884
51 111894
51 111901
51 111902
51 111908
51 111926
51 111931
51 111940
51 111943
51 111957
51 111959
51 111972
51 111973
51 111975
51 111980
51 111985
51 112002
51 112007
51 112009
51 112024
51 112026
51 112034
51 112038
51 112040
51 112071
51 112080
51 112081
51 112085
51 112087
51 112090
51 112091
51 112096
51 112100
51 112101
51 112114
51 112130
51 112136
51 112141
51 112144
51 112147
51 112154
51 112157
51 112161
51 112163
51 112178
51 112195
51 112220
51 112223
51 112237
51 112240
51 112243
51 112261
51 112269
51 112273
51 112277
51 112281
51 112287
51 112294
51 112305
51 112330
51 112331
51 112364
51 112367
51 112377
51 112380
51 112382
51 112386
51 112389
51 112396
51 112406
51 112410
51 112421
51 112427
51 112437
51 112444
51 112445
51 112447
51 112455
51 112460
51 112463
51 112469
51 112475
51 112497
51 112501
51 112506
51 112508
51 112509
51 112519
51 112522
51 112561
51 112575
51 112579
51 112597
51 112617
51 112640
51 112644
51 112650
51 112655
51 112676
51 112680
51 112683
51 112714
51 112721
51 112725
51 112726
51 112739
51 112754
51 112771
51 112772
51 112775
51 112776
51 112780
51 112784
51 112793
51 112800
51 112805
51 112812
51 112842
51 112845
51 112852
51 112858
51 112860
51 112869
51 112881
51 112887
51 112889
51 112916
51 112921
51 112924
51 112932
51 112935
51 112942
51 112944
51 112946
51 112951
51 112955
51 112958
51 112975
51 112976
51 112991
51 112999
51 113001
51 113004
51 113007
51 113040
51 113057
51 113059
51 113060
51 113073
51 113081
51 113083
51 113085
51 113091
51 113102
51 113110
51 113119
51 113120
51 113128
51 113130
51 113139
51 113143
51 113162
51 113173
51 113180
51 113182
51 113189
51 113191
51 113201
51 113230
51 113258
51 113262
51 113268
51 113270
51 113272
51 113273
51 113274
51 113279
51 113281
51 113294
51 113307
51 113321
51 113342
51 113361
51 113369
51 113373
51 113383
51 113399
51 113407
51 113413
51 113419
51 113434
51 113460
51 113484
51 113489
51 113495
51 113502
51 113515
51 113516
51 113520
51 113523
51 113527
51 113533
51 113540
51 113548
51 113560
51 113561
51 113570
51 113583
51 113587
51 113597
51 113604
51 113608
51 113609
51 113618
51 113620
51 113627
51 113631
51 113640
51 113646
51 113648
51 113669
51 113673
51 113693
51 113695
51 113702
51 113719
51 113725
51 113726
51 113728
51 113749
51 113758
51 113761
51 113776
51 113794
51 113799
51 113812
51 113822
51 113823
51 113830
51 113835
51 113838
51 113843
51 113870
51 113873
51 113878
51 113892
51 113895
51 113897
51 113903
51 113920
51 113925
51 113933
51 113941
51 113945
51 113946
51 113957
51 113981
51 113985
51 113989
51 114000
51 114017
51 114028
51 114033
51 114036
51 114044
51 114059
51 114067
51 114071
51 114078
51 114082
51 114088
51 114110
51 114122
51 114126
51 114133
51 114139
51 114140
51 114144
51 114147
51 114151
51 114157
51 114158
51 114162
51 114170
51 114199
51 114226
51 114227
51 114229
51 114232
51 114241
51 114246
51 114248
51 114253
51 114257
51 114261
51 114271
51 114278
51 114287
51 114291
51 114295
51 114300
51 114305
51 114314
51 114323
51 114325
51 114327
51 114329
51 114331
51 114333
51 114346
51 114347
51 114368
51 114371
51 114373
51 114378
51 114383
51 114392
51 114440
51 114442
51 114447
51 114457
51 114465
51 114476
51 114482
51 114485
51 114489
51 114502
51 114505
51 114507
51 114530
51 114534
51 114536
51 114540
51 114545
51 114547
51 114553
51 114560
51 114565
51 114573
51 114585
51 114589
51 114604
51 114607
51 114615
51 114620
51 114627
51 114628
51 114633
51 114645
51 114675
51 114678
51 114689
51 114719
51 114723
51 114735
51 114753
51 114758
51 114768
51 114777
51 114778
51 114788
51 114801
51 114814
51 114819
51 114821
51 114835
51 114857
51 114867
51 114873
51 114875
51 114899
51 114903
51 114905
51 114919
51 114925
51 114933
51 114937
51 114938
51 114953
51 114957
51 114960
51 114963
51 114982
51 114983
51 115005
51 115017
51 115019
51 115024
51 115026
51 115036
51 115055
51 115065
51 115067
51 115069
51 115076
51 115080
51 115096
51 115099
51 115100
51 115101
51 115104
51 115107
51 115113
51 115127
51 115129
51 115130
51 115131
51 115136
51 115141
51 115146
51 115153
51 115156
51 115168
51 115175
51 115176
51 115192
51 115195
51 115198
51 115205
51 115213
51 115230
51 115234
51 115241
51 115246
51 115248
51 115253
51 115255
51 115259
51 115282
51 115286
51 115310
51 115312
51 115320
51 115334
51 115342
51 115344
51 115355
51 115372
51 115386
51 115392
51 115397
51 115402
51 115407
51 115423
51 115429
51 115437
51 115443
51 115464
51 115479
51 115497
51 115507
51 115510
51 115511
51 115529
51 115533
51 115540
51 115543
51 115545
51 115556
51 115560
51 115577
51 115592
51 115595
51 115600
51 115609
51 115611
51 115627
51 115648
51 115654
51 115677
51 115681
51 115688
51 115693
51 115702
51 115714
51 115729
51 115752
51 115758
51 115761
51 115767
51 115796
51 115798
51 115800
51 115820
51 115831
51 115834
51 115850
51 115855
51 115857
51 115858
51 115862
51 115864
51 115870
51 115875
51 115882
51 115889
51 115902
51 115939
51 115948
51 115960
51 115962
51 115985
51 115989
51 115995
51 116002
51 116016
51 116023
51 116045
51 116055
51 116077
51 116093
51 116101
51 116110
51 116117
51 116123
51 116129
51 116130
51 116133
51 116136
51 116139
51 116145
51 116147
51 116152
51 116154
51 116158
51 116161
51 116169
51 116180
51 116196
51 116200
51 116203
51 116209
51 116222
51 116234
51 116254
51 116296
51 116332
51 116345
51 116353
51 116365
51 116368
51 116370
51 116407
51 116416
51 116421
51 116433
51 116439
51 116483
51 116491
51 116496
51 116498
51 116506
51 116517
51 116520
51 116529
51 116532
51 116534
51 116537
51 116539
51 116555
51 116564
51 116566
51 116569
51 116571
51 116576
51 116580
51 116586
51 116590
51 116600
51 116604
51 116623
51 116626
51 116631
51 116644
51 116646
51 116651
51 116669
51 116674
51 116682
51 116687
51 116690
51 116704
51 116705
51 116711
51 116713
51 116723
51 116736
51 116738
51 116743
51 116746
51 116749
51 116750
51 116754
51 116766
51 116771
51 116780
51 116806
51 116824
51 116841
51 116853
51 116863
51 116868
51 116871
51 116879
51 116886
51 116887
51 116893
51 116894
51 116899
51 116924
51 116932
51 116940
51 116943
51 116944
51 116946
51 116947
51 116971
51 116972
51 116976
51 117015
51 117022
51 117024
51 117027
51 117044
51 117049
51 117050
51 117053
51 117061
51 117065
51 117070
51 117104
51 117112
51 117114
51 117130
51 117159
51 117163
51 117173
51 117202
51 117208
51 117210
51 117211
51 117214
51 117236
51 117255
51 117273
51 117284
51 117288
51 117291
51 117300
51 117308
51 117318
51 117322
51 117324
51 117330
51 117358
51 117370
51 117374
51 117383
51 117409
51 117427
51 117441
51 117442
51 117445
51 117456
51 117460
51 117474
51 117490
51 117499
51 117502
51 117508
51 117527
51 117531
51 117534
51 117539
51 117546
51 117560
51 117580
51 117586
51 117595
51 117599
51 117600
51 117607
51 117628
51 117630
51 117643
51 117653
51 117664
51 117669
51 117675
51 117682
51 117685
51 117702
51 117706
51 117711
51 117725
51 117731
51 117733
51 117739
51 117741
51 117748
51 117757
51 117758
51 117773
51 117783
51 117785
51 117789
51 117790
51 117792
51 117808
51 117816
51 117831
51 117866
51 117877
51 117880
51 117900
51 117901
51 117926
51 117931
51 117939
51 117942
51 117957
51 117959
51 117963
51 117971
51 117972
51 117989
51 117996
51 118019
51 118028
51 118032
51 118051
51 118053
51 118063
51 118078
51 118079
51 118081
51 118084
51 118085
51 118088
51 118098
51 118100
51 118103
51 118108
51 118118
51 118121
51 118128
51 118129
51 118134
51 118147
51 118156
51 118162
51 118172
51 118180
51 118181
51 118198
51 118212
51 118221
51 118224
51 118232
51 118283
51 118286
51 118295
51 118337
51 118341
51 118354
51 118356
51 118360
51 118376
51 118380
51 118384
51 118411
51 118421
51 118451
51 118452
51 118456
51 118458
51 118459
51 118465
51 118471
51 118477
51 118479
51 118501
51 118509
51 118511
51 118531
51 118535
51 118552
51 118556
51 118558
51 118575
51 118577
51 118583
51 118604
51 118616
51 118618
51 118621
51 118627
51 118630
51 118636
51 118639
51 118643
51 118651
51 118659
51 118660
51 118667
51 118671
51 118690
51 118691
51 118700
51 118716
51 118720
51 118723
51 118731
51 118739
51 118743
51 118749
51 118766
51 118783
51 118785
51 118799
51 118803
51 118817
51 118846
51 118850
51 118853
51 118854
51 118859
51 118860
51 118867
51 118873
51 118879
51 118888
51 118893
51 118900
51 118928
51 118934
51 118935
51 118948
51 118962
51 118999
51 119010
51 119011
51 119013
51 119018
51 119022
51 119024
51 119026
51 119048
51 119053
51 119056
51 119062
51 119070
51 119093
51 119108
51 119112
51 119121
51 119132
51 119139
51 119171
51 119185
51 119187
51 119200
51 119201
51 119207
51 119208
51 119211
51 119214
51 119226
51 119234
51 119240
51 119246
51 119252
51 119257
51 119262
51 119263
51 119268
51 119269
51 119279
51 119300
51 119305
51 119313
51 119317
51 119321
51 119327
51 119329
51 119336
51 119340
51 119343
51 119352
51 119356
51 119370
51 119425
51 119450
51 119465
51 119473
51 119475
51 119480
51 119497
51 119498
51 119507
51 119524
51 119578
51 119580
51 119586
51 119601
51 119605
51 119609
51 119612
