78 67170
78 67279
78 67304
78 67351
78 67419
78 67423
78 67593
78 67665
78 67865
78 68624
78 68790
78 68794
78 68851
78 68978
78 68979
78 69085
78 69118
78 69121
78 69228
78 69233
78 69370
78 69421
78 69424
78 69430
78 69603
78 69658
78 69766
78 69920
78 69950
78 70239
78 70262
78 70581
78 70652
78 70766
78 70793
78 70847
78 70874
78 70940
78 70996
78 71047
78 71055
78 71092
78 71252
78 71268
78 71280
78 71355
78 71432
78 71648
78 71785
78 71895
78 71945
78 72015
78 72027
78 72099
78 72286
78 72317
78 72339
78 72484
78 72566
78 72614
78 72697
78 72705
78 72729
78 72770
78 72838
78 72910
78 73020
78 73074
78 73129
78 73280
78 73410
78 73491
78 73517
78 73520
78 73633
78 73744
78 73794
78 73822
78 73904
78 73905
78 73918
78 74087
78 74114
78 74409
78 74629
78 74679
78 74685
78 74718
78 74743
78 74980
78 75092
78 75104
78 75198
78 75397
78 75405
78 75539
78 75595
78 75644
78 75673
78 75718
78 75873
78 75960
78 76229
78 76258
78 76273
78 76349
78 76404
78 76539
78 76541
78 76580
78 76585
78 76743
78 76793
78 76830
78 76904
78 76971
78 76987
78 77143
78 77792
78 78099
78 78396
78 78673
78 78922
78 78941
78 78986
78 79016
78 79059
78 79190
78 79540
78 79679
78 79706
78 79877
78 79881
78 80049
78 80081
78 80294
78 80522
78 80551
78 80561
78 80669
78 80940
78 81066
78 81231
78 81282
78 81445
78 81757
78 81797
78 81949
78 81988
78 82070
78 82385
78 82511
78 82586
78 82589
78 82600
78 82627
78 83169
78 83186
78 83232
78 83310
78 83336
78 83374
78 83383
78 83441
78 83738
78 83799
78 83809
78 83938
78 83998
78 84250
78 84345
78 84393
78 84521
78 84738
78 84893
78 84976
78 84979
78 85081
78 85132
78 85166
78 85203
78 85379
78 85552
78 85768
78 85855
78 85880
78 85886
78 85935
78 86149
78 86229
78 86321
78 86378
78 86391
78 86439
78 86446
78 86511
78 86523
78 86556
78 86884
78 86952
78 87040
78 87135
78 87190
78 87226
78 87343
78 87420
78 87710
78 87742
78 87830
78 87865
78 87961
78 88205
78 88224
78 88348
78 88464
78 88521
78 88656
78 88741
78 88768
78 89157
78 89442
78 89471
78 89549
78 90034
78 90123
78 90138
78 90197
78 90241
78 90362
78 90367
78 90397
78 90400
78 90487
78 90494
78 90500
78 90736
78 90988
78 91089
78 91142
78 91188
78 91367
78 91562
78 91839
80 97938
80 98111
77 64
77 182
77 275
77 291
77 307
77 481
77 511
77 531
77 604
77 641
77 779
77 843
77 895
77 996
77 1115
77 1285
77 1294
77 1322
77 1336
77 1393
77 1636
77 1666
77 1681
77 1735
77 1821
77 1970
77 2019
77 2037
77 2042
77 2058
77 2613
77 2630
77 2655
77 2712
77 2878
77 3077
77 3183
77 3300
77 3364
77 3413
77 3688
77 3717
77 3983
77 4216
77 4326
77 4530
77 4918
77 5001
77 5162
77 5314
77 5532
77 5677
77 5757
77 5858
77 5859
77 5947
77 6134
77 6304
77 6398
77 6410
77 6414
77 6693
77 6704
77 6733
77 6827
77 6840
77 6964
77 7000
77 7300
77 7326
77 7374
77 7446
77 7555
77 7738
77 7804
77 7821
77 7877
77 7897
77 7964
77 7985
77 8004
77 8141
77 8414
77 8478
77 8489
77 8895
77 9009
77 9055
77 9103
77 9122
77 9314
77 9532
77 9711
77 9964
77 10067
77 10207
77 10225
77 10303
77 10361
77 10634
77 10806
77 10981
77 11079
77 11120
77 11368
77 11448
77 11461
77 11570
77 11942
77 12012
77 12053
77 12089
77 12180
77 12290
77 12492
77 12621
77 12641
77 12657
77 12712
77 12796
77 12865
77 12899
77 12913
77 12950
77 13028
77 13360
77 13485
77 13518
77 13586
77 13592
77 13596
77 13615
77 13643
77 13729
77 13739
77 13794
77 13829
77 14057
77 14261
77 14460
77 14520
77 14554
77 14685
77 14743
77 15137
77 15195
77 15292
77 15420
77 15421
77 15573
77 15771
77 15919
77 15925
77 16016
77 16256
77 16606
77 16635
77 17117
77 17169
77 17549
77 17733
77 17869
77 18176
77 18183
77 18185
77 18233
77 18244
77 18740
77 18769
77 18824
77 18870
77 18871
77 19009
77 19030
77 19066
77 19176
77 19383
77 19444
77 19535
77 19546
77 19561
77 19648
77 19807
77 19841
77 20071
77 20132
77 20252
77 20343
77 20389
77 20406
77 20457
77 20481
77 20525
77 20596
77 20673
77 21170
77 21227
77 21319
77 21348
77 21486
77 21514
77 21662
77 21706
77 21813
77 21843
77 22404
77 22433
77 22501
77 22506
77 22514
77 22711
77 22744
77 22852
77 22920
77 23070
77 23251
77 23453
77 23690
77 23917
77 24115
77 24354
77 24827
77 25008
77 25037
77 25079
77 25106
77 25274
77 25325
77 25475
77 25698
77 25725
77 25863
77 26277
77 26340
77 26389
77 26402
77 26558
77 26597
77 26661
77 26703
77 26758
77 26912
77 26982
77 27096
77 27154
77 27317
77 27380
77 27561
77 27571
77 27663
77 27731
77 27776
77 27921
77 27993
77 28513
77 28858
77 28949
77 29080
77 29183
77 29191
77 29464
77 29484
77 29551
77 29561
77 29622
77 29779
77 29862
77 29877
77 29968
77 30092
77 30161
77 30187
77 30320
77 30419
77 30460
77 30466
77 30575
77 30819
77 30890
77 31089
77 31122
77 31166
77 31261
77 31281
77 31481
77 31484
77 31572
77 31707
77 31824
77 31849
77 31900
77 32020
77 32039
77 32137
77 32477
77 32637
77 32858
77 33055
77 33098
77 33306
77 33332
77 33619
77 33705
77 33794
77 33853
77 33975
77 34162
77 34185
77 34213
77 34421
77 34466
77 34719
77 34736
77 34786
77 34807
77 34858
77 34992
77 35004
77 35005
77 35018
77 35193
77 35220
77 35353
77 35364
77 35742
77 35843
77 36080
77 36276
77 36333
77 36485
77 36562
77 36608
77 36732
77 36764
77 36776
77 36890
77 37101
77 37464
77 37489
77 37589
77 37646
77 37950
77 38321
77 38361
77 38595
77 38773
77 38966
77 39179
77 39282
77 39454
77 39458
77 39614
77 39921
77 39972
77 40102
77 40689
77 40743
77 40839
77 40840
77 41215
77 41313
77 41343
77 41351
77 41514
77 41611
77 41711
77 41758
77 42141
77 42197
77 42212
77 42264
77 42279
77 42292
77 42338
77 42398
77 42416
77 42480
77 42500
77 42742
77 43002
77 43059
77 43187
77 43250
77 43451
77 43577
77 43777
77 43865
77 43891
77 44135
77 44193
77 44204
77 44228
77 44236
77 44336
77 44524
77 44558
77 44629
77 44720
77 44745
77 44798
77 44854
77 45042
77 45122
77 45134
77 45142
77 45243
77 45775
77 45962
77 45979
77 46116
77 46288
77 46431
77 46447
77 46467
77 46704
77 46839
77 46941
77 46945
77 47056
77 47217
77 47244
77 47376
77 47503
77 47656
77 47812
77 47950
77 47965
77 48123
77 48224
77 48269
77 48331
77 48643
77 48753
77 48910
77 49204
77 49256
77 49367
77 49398
77 49465
77 49526
77 49609
77 49641
77 49768
77 49813
77 49817
77 50042
77 50122
77 50167
77 50207
77 50327
77 50332
77 50348
77 50566
77 50657
77 50660
77 50913
77 50951
77 51169
77 51203
77 51331
77 51385
77 51406
77 51599
77 51716
77 51801
77 51978
77 52284
77 52351
77 52502
77 52549
77 52848
77 52852
77 52862
77 53026
77 53037
77 53072
77 53136
77 53288
77 53291
77 53356
77 53396
77 53462
77 53954
77 54037
77 54215
77 54299
77 54323
77 54380
77 54594
77 54709
77 54781
77 54848
77 54894
77 55085
77 55141
77 55275
77 55281
77 55395
77 55504
77 55599
77 55732
77 55898
77 56112
77 56146
77 56252
77 56507
77 56699
77 56708
77 57243
77 57392
77 57462
77 57531
77 57581
77 57588
77 57598
77 57624
77 57632
77 57678
77 57755
77 57874
77 57894
77 58334
77 58660
77 58673
77 58693
77 58773
77 58842
77 59031
77 59078
77 59123
77 59484
77 59499
77 59542
77 59688
77 59746
77 59918
77 60027
77 60077
77 60090
77 60170
77 60190
77 60243
77 60258
77 60286
77 60443
77 60465
77 60503
77 60539
77 60682
77 60772
77 60809
77 60852
77 60861
77 61111
77 61182
77 61185
77 61285
77 61325
77 61378
77 61475
77 61487
77 61521
77 61525
77 61563
77 61823
77 61962
77 61993
77 62065
77 62228
77 62283
77 62431
77 62467
77 62600
77 62864
77 62946
77 63186
77 63630
77 63871
77 63897
77 63901
77 63951
77 64083
77 64182
77 64245
77 64263
77 64266
77 64278
77 64419
77 64529
77 64547
77 64935
77 65198
77 65436
77 65464
77 65485
77 65506
77 65508
77 65621
77 66149
77 66212
77 66233
77 66663
77 66664
77 66750
77 66754
77 66764
77 66828
77 66887
77 66980
77 67127
77 67440
77 67466
77 67526
77 67693
77 67876
77 67938
77 68007
77 68038
77 68063
77 68089
77 68189
77 68319
77 68348
77 68398
77 68462
77 68534
77 68908
77 68920
77 68958
77 69179
77 69214
77 69430
77 69527
77 69534
77 69567
77 69569
77 69682
77 69759
77 69763
77 69937
77 70014
77 70058
77 70431
77 70456
77 70482
77 70806
77 70872
77 70899
77 71155
77 71187
77 71352
77 71383
77 71395
77 71513
77 71516
77 71521
77 71801
77 71808
77 71835
77 72059
77 72105
77 72334
77 73080
77 73206
77 73391
77 73393
77 73424
77 73540
77 73550
77 73644
77 73726
77 73898
77 73967
77 74098
77 74146
77 74264
77 74305
77 74314
77 74335
77 74380
77 74718
77 74829
77 75001
77 75383
77 75384
77 75388
77 75443
77 75536
77 75627
77 75725
77 75954
77 76006
77 76485
77 76710
77 76716
77 76738
77 76884
77 76961
77 77334
77 77345
77 77383
77 77566
77 77708
77 77734
77 77761
77 78331
77 78539
77 78627
77 78729
77 79074
77 79336
77 79545
77 79618
77 79777
77 79813
77 79887
77 79950
77 79957
77 80041
77 80050
77 80081
77 80324
77 80348
77 80449
77 80535
77 80591
77 80607
77 80630
77 80664
77 80752
77 80780
77 80950
77 81294
77 81645
77 81671
77 81744
77 81887
77 81935
77 82174
77 82245
77 82329
77 82508
77 82518
77 82530
77 82537
77 82577
77 82752
77 82819
77 82877
77 82987
77 83109
77 83489
77 83527
77 83615
77 83714
77 83761
77 83839
77 84048
77 84064
77 84104
77 84186
77 84238
77 84360
77 84445
77 84476
77 84816
77 84850
77 84868
77 84892
77 84947
77 84996
77 85131
77 85173
77 85351
77 85440
77 85499
77 85619
77 85625
77 85627
77 85642
77 85646
77 85661
77 85782
77 85808
77 86061
77 86102
77 86142
77 86201
77 86263
77 86436
77 86491
77 86608
77 86622
77 86671
77 86870
77 86982
77 87091
77 87199
77 87369
77 87404
77 87419
77 87443
77 87467
77 87560
77 87597
77 88011
77 88036
77 88049
77 88150
77 88174
77 88186
77 88192
77 88233
77 88240
77 88253
77 88286
77 88364
77 88378
77 88502
77 88528
77 88754
77 88755
77 88924
77 88987
77 89042
77 89058
77 89082
77 89139
77 89167
77 89203
77 89248
77 89320
77 89436
77 89630
77 89668
77 89693
77 89741
77 89973
77 89974
77 89975
77 89979
77 90003
77 90057
77 90084
77 90143
77 90181
77 90213
77 90467
77 90493
77 90495
77 90581
77 90619
77 90668
77 90681
77 90800
77 91129
77 91153
77 91188
77 91287
77 91524
77 92080
77 92237
77 92244
77 92334
77 92366
77 92505
77 92537
77 92552
77 92673
77 92684
82 53512
82 53871
82 53949
82 54151
82 54365
82 54435
82 54493
82 54758
82 54780
82 54851
82 54912
82 54956
82 55127
82 55202
82 55293
82 55295
82 55323
82 55335
82 55408
82 55417
82 55660
82 55717
82 55765
82 55879
82 55909
82 56000
82 56140
82 56217
82 56258
82 56263
82 56344
82 56371
82 56394
82 56406
82 56509
82 56561
82 56609
82 56637
82 56741
82 56992
82 57085
82 57114
82 57125
82 57197
82 57212
82 57684
82 57712
82 57751
82 57753
82 57874
82 57943
82 58279
82 58285
82 58304
82 58354
82 58575
82 58729
82 58761
82 58985
82 59116
82 59141
82 59162
82 59277
82 59278
82 59429
82 59529
82 59547
82 59815
82 60077
82 60088
82 60113
82 60226
82 60300
82 60528
81 104
81 216
81 292
81 333
81 375
81 424
81 556
81 564
81 646
81 647
81 1127
81 1137
81 1166
81 1226
81 1396
81 1480
81 1713
81 1920
81 2032
81 2096
81 2157
81 2339
81 2386
81 2390
81 2405
81 2560
81 2870
81 2875
81 2926
81 3182
81 3299
81 3351
81 3445
81 3484
81 3491
81 3646
81 3813
81 3853
81 4026
81 4046
81 4165
81 4272
81 4292
81 4377
81 4479
81 4635
81 4673
81 4688
81 4891
81 5205
81 5305
81 5565
81 5883
81 5971
81 6106
81 6133
81 6261
81 6266
81 6278
81 6350
81 6450
81 6456
81 6486
81 6489
81 6548
81 6552
81 6555
81 6630
81 6683
81 6779
81 6873
81 6890
81 6978
81 7052
81 7085
81 7265
81 7606
81 7618
81 7783
81 7992
81 8012
81 8019
81 8023
81 8096
81 8570
81 8693
81 8702
81 8927
81 8936
81 9219
81 9331
81 9482
81 9728
81 9793
81 9821
81 10103
81 10609
81 10678
81 10728
81 10765
81 10813
81 10895
81 10997
81 11134
81 11239
81 11373
81 11469
81 11528
81 11533
81 11579
81 11613
81 11657
81 11718
81 11724
81 11809
81 11952
81 11963
81 12069
81 12296
81 12339
81 12681
81 12701
81 12740
81 13020
81 13056
81 13197
81 13290
81 13305
81 13340
81 13504
81 13631
81 13725
81 13824
81 14169
81 14315
81 14523
81 14691
81 14790
81 14867
81 14921
81 14990
81 15001
81 15243
81 15563
81 15664
81 15871
81 15960
81 16005
81 16036
81 16298
81 16547
81 16648
81 16664
81 16696
81 16909
81 16922
81 16951
81 17031
81 17349
81 18000
81 18334
81 18378
81 18418
81 18496
81 18521
81 18818
81 18878
81 18942
81 18977
81 19001
81 19016
81 19152
81 19185
81 19229
81 19277
81 19282
81 19375
81 19404
81 19504
81 19594
81 19603
81 19681
81 19756
81 19857
81 20054
81 20316
81 20392
81 20581
81 20593
81 20884
81 21120
81 21134
81 21313
81 21352
81 21411
81 21496
81 21651
81 21866
81 21965
81 22018
81 22065
81 22083
81 22098
81 22177
81 22247
81 22269
81 22323
81 22428
81 22490
81 22514
81 22519
81 22790
81 22808
81 22977
81 23015
81 23017
81 23261
81 23288
81 23292
81 23355
81 23784
81 23819
81 23971
81 24112
81 24149
81 24305
81 24424
81 24440
81 24493
81 24541
81 24738
81 24745
81 24828
81 24836
81 24859
81 24991
81 25125
81 25127
81 25305
81 25324
81 25440
81 25553
81 25650
81 25754
81 25942
81 26109
81 26117
81 26261
81 26352
81 26434
81 26580
81 26600
81 26688
81 26803
81 26943
81 27093
81 27180
81 27242
81 27296
81 27392
81 27562
81 27656
81 27755
81 27878
81 27965
81 28096
81 28142
81 28271
81 28297
81 28403
81 28585
81 28778
81 29067
81 29116
81 29320
81 29441
81 29756
81 29864
81 30014
81 30028
81 30040
81 30148
81 30179
81 30264
81 30304
81 30324
81 30369
81 30404
81 30503
81 30640
81 30930
81 30967
81 30996
81 31049
81 31281
81 31283
81 31463
81 31472
81 31591
81 31629
81 31761
81 31950
81 31953
81 32061
81 32091
81 32106
81 32117
81 32291
81 32643
81 32868
81 32960
81 33017
81 33144
81 33156
81 33221
81 33291
81 33341
81 33366
81 33611
81 33636
81 33901
81 33925
81 34201
81 34204
81 34224
81 34337
81 34517
81 34553
81 34709
81 34782
81 35108
81 35295
81 35397
81 35636
81 35641
81 35766
81 35919
81 36165
81 36202
81 36357
81 36417
81 36439
81 36494
81 36520
81 36569
81 36618
81 36664
81 36841
81 36965
81 37085
81 37312
81 37341
81 37407
81 37411
81 37423
81 37492
81 37832
81 38268
81 38427
81 38552
81 38847
81 38854
81 38921
81 39043
81 39157
81 39207
81 39276
81 39450
81 39629
81 39658
81 39962
81 40137
81 40220
81 40272
81 40404
81 40470
81 40797
81 40845
81 40996
81 41276
81 41378
81 41461
81 41533
81 41638
81 41660
81 41861
81 41978
81 42046
81 42396
81 42432
81 42457
81 42579
81 42601
81 42683
81 42720
81 42906
81 43052
81 43215
81 43325
81 43394
81 43460
81 43518
81 43712
81 43819
81 43828
81 44034
81 44192
81 44525
81 44599
81 44827
81 44853
81 44903
81 45086
81 45303
81 45704
81 46359
81 46362
81 46522
81 46818
81 46868
81 46966
81 47045
81 47089
81 47216
81 47274
81 47443
81 47495
81 47548
81 47626
81 48066
81 48117
81 48205
81 48222
81 48253
81 48258
81 48438
81 48574
81 48691
81 48826
81 49098
81 49135
81 49265
81 49281
81 49402
81 49853
81 50047
81 50108
81 50229
81 50359
81 50543
81 50672
81 50940
81 51027
81 51165
81 51190
81 51289
81 51334
81 51477
81 51543
81 51554
81 51645
81 51883
81 51899
81 52033
81 52052
81 52106
81 52217
81 52281
81 52322
81 52380
81 52574
81 52694
81 52769
81 53149
81 53302
81 53376
81 53608
81 53988
81 54012
81 54068
81 54084
81 54148
81 54229
81 54260
81 54289
81 54295
81 54420
81 54700
81 54942
81 54957
81 54996
81 55249
81 55481
81 55540
81 55985
81 55989
81 56055
81 56134
81 56163
81 56192
81 56440
81 56551
81 56691
81 56750
81 56844
81 56867
81 56920
81 56932
81 56985
81 57191
81 57325
81 57527
81 57949
81 58140
81 58337
81 58409
81 58470
81 58525
81 58539
81 58563
81 58697
81 58746
81 58764
81 58808
81 58852
81 59036
81 59105
81 59196
81 59423
81 59556
81 59599
81 59815
81 59868
81 60022
81 60074
81 60152
81 60419
81 60447
81 60448
81 60515
81 60552
81 60623
81 60681
81 60822
81 60887
81 61072
81 61117
81 61268
81 61299
81 61312
81 61460
81 61467
81 61472
81 62194
81 62270
81 62340
81 62386
81 62450
81 62533
81 62581
81 62623
81 62786
81 62822
81 62827
81 63037
81 63156
81 63320
81 63796
81 63834
81 63920
81 63925
81 64144
81 64208
81 64439
81 64466
81 64911
81 65092
81 65147
81 65165
81 65192
81 65202
81 65240
81 65243
81 65318
81 65488
81 65508
81 65533
81 65605
81 65682
81 65724
81 66007
81 66206
81 66213
81 66320
81 66420
81 66531
81 66532
81 66554
81 66725
81 66766
81 66858
81 66861
81 67042
81 67084
81 67152
81 67211
81 67277
81 67499
81 67577
81 67728
81 68035
81 68084
81 68223
81 68285
81 68436
81 68477
81 68649
81 68808
81 68817
81 68909
81 69037
81 69134
81 69188
81 69287
81 69467
81 69658
81 69814
81 69890
81 69923
81 70001
81 70072
81 70074
81 70150
81 70167
81 70325
81 70456
81 70458
81 70504
81 70679
81 70874
81 70897
81 71007
82 26341
82 27282
82 27420
82 27436
82 27455
82 27530
82 27984
82 28079
82 28091
82 28205
82 28217
82 28227
82 28265
82 28327
82 28403
82 28404
82 28455
82 28596
82 28721
82 28732
82 28763
82 28797
82 28835
82 28912
82 28971
82 29283
82 29291
82 29343
82 29579
82 29608
82 29617
82 29700
82 29711
82 29808
82 29869
82 29872
82 29895
82 29944
82 29959
82 29971
82 30004
82 30089
82 30138
82 30165
82 30588
82 30600
82 30606
82 30660
82 30682
82 30948
82 30957
82 30959
82 31114
82 31200
82 31337
82 31345
82 31398
82 31421
82 31511
82 31520
82 31526
82 31530
82 31671
82 31779
82 31859
82 31870
82 31968
82 31969
82 31990
82 32006
82 32130
82 32409
82 32485
82 32532
82 32624
82 32653
82 32814
82 32910
82 33078
82 33225
82 33252
82 33305
82 33356
82 33538
82 33568
82 33610
82 33631
82 34004
82 34160
82 34371
82 34381
82 34399
82 34530
82 34920
82 34962
82 35161
82 35223
82 35275
82 35303
82 35447
82 35476
82 35528
82 35660
82 35668
82 35732
82 35840
82 35853
82 35909
82 35913
82 36036
82 36091
82 36131
82 36201
82 36297
82 36298
82 36375
82 36419
82 36540
82 36548
82 36862
82 36883
82 36970
82 37025
82 37095
82 37153
82 37164
82 37245
82 37348
82 37395
82 37506
82 37850
82 37855
82 38159
82 38262
82 38359
82 38486
82 38669
82 38893
82 39004
82 39015
82 39050
82 39099
82 39111
82 39206
82 39248
82 39265
82 39305
82 39610
82 39667
82 39713
82 40046
82 40078
82 40124
82 40158
82 40216
82 40239
82 40422
82 40427
82 40638
82 40703
82 40876
82 40958
82 41345
82 41385
82 41423
82 41454
82 41483
82 41503
82 41530
82 41667
82 41705
82 41747
82 41782
82 41825
82 41869
82 41934
82 42032
82 42151
82 42287
82 42296
82 42712
82 42760
82 42943
82 43004
82 43097
82 43117
82 43119
82 43136
82 43347
82 43435
82 43447
82 43529
82 43734
82 43915
82 44192
82 44219
82 44250
82 44518
82 44752
82 44884
82 44999
82 45045
82 45063
82 45064
82 45073
82 45169
82 45252
82 45415
82 45419
82 45452
82 45629
82 45638
82 45681
82 45753
82 45774
82 46170
82 46185
82 46415
82 46445
82 46562
82 46650
82 46690
82 46741
82 46851
82 46861
82 47229
82 47281
82 47434
82 47587
82 47595
82 47806
82 47956
82 48281
82 48519
82 48594
82 48824
82 48833
82 48864
82 49058
82 49060
82 49251
82 49315
82 49487
82 49499
82 49704
82 49767
82 49853
82 49861
82 49909
82 49981
82 50084
82 50373
82 50418
82 50623
82 50742
82 50835
82 51069
82 51165
82 51172
82 51189
82 51249
82 51481
82 51589
82 51593
82 51700
82 51729
82 52039
82 52104
82 52205
82 52346
82 52417
82 52431
82 52566
82 52625
82 52635
82 52676
82 52706
82 52947
82 53195
82 53212
82 53247
82 53284
82 53296
82 53308
82 53310
82 53454
69 177880
69 177908
69 177999
69 178018
69 178103
69 178597
69 178609
69 178614
69 178643
69 178900
69 178957
69 179198
69 179241
69 179330
69 179367
69 179450
69 179624
69 179649
69 179655
69 179803
69 179878
69 179954
69 179975
69 180275
69 180538
69 180666
69 180862
69 180902
69 180959
69 181071
69 181072
69 181085
69 181093
69 181519
69 181653
69 181853
69 181940
69 181963
69 181990
69 182018
69 182093
69 182333
69 182337
69 182356
69 182410
69 182819
69 182871
69 182887
69 182920
69 182932
69 182938
69 182940
69 183054
69 183090
69 183290
69 183408
69 183471
69 183517
69 183563
69 183575
69 183631
69 183772
69 183789
69 183828
69 183938
69 184322
69 184324
69 184342
69 184476
69 184556
69 184665
69 184676
69 184808
69 184911
69 185093
69 185332
69 185351
69 185363
69 185370
69 185394
69 185462
69 185470
69 185515
69 185521
69 185672
69 185826
69 185860
69 185892
69 185974
69 186250
69 186357
69 186394
69 186634
69 186863
69 186867
69 186940
69 187052
69 187187
69 187202
69 187474
69 187535
69 187567
69 187631
69 187675
69 187717
69 187729
69 187817
69 188099
69 188124
69 188152
69 188285
69 188295
69 188547
69 188933
69 188997
69 189015
69 189206
69 189345
69 189559
69 189914
69 190065
69 190069
69 190245
69 190298
69 190404
69 190510
69 190618
69 190811
69 190885
69 190935
69 191214
69 191216
69 191334
69 191604
69 191625
69 191644
69 191694
69 191883
69 191912
69 191934
69 192122
69 192162
69 192234
69 192240
69 192241
69 192301
69 192581
69 192830
69 192904
69 192942
69 193050
69 193079
69 193092
69 193110
69 193403
69 193431
69 193462
69 193474
69 193522
69 193553
69 193582
69 193609
69 193636
69 193666
69 194027
69 194047
69 194538
69 194617
69 194998
69 195027
69 195469
69 195553
69 195614
69 195648
69 195774
69 195800
69 195825
69 195827
69 195841
69 196242
69 196298
69 196322
69 196335
69 196350
69 196394
69 196556
69 196615
69 196672
69 196678
69 196681
69 196694
69 196701
69 196750
69 196822
69 197060
69 197337
69 197769
69 197895
69 197907
69 198035
69 198192
69 198346
69 198446
69 198646
69 198764
69 199145
69 199225
69 199380
69 199447
69 199521
69 199573
69 199681
69 199737
69 199753
69 199847
69 199969
69 200369
69 200392
69 200399
69 200505
69 200699
69 200739
69 200802
69 200888
69 201109
69 201222
69 201251
69 201530
69 201532
69 201624
69 201637
69 201737
69 201750
69 201943
69 202162
69 202196
69 202209
69 202217
69 202221
69 202231
69 202244
79 94597
79 94615
79 94719
79 94798
79 94862
79 94945
79 95156
79 95330
79 95417
79 95449
79 95642
79 95829
79 96014
79 96211
79 96248
79 96503
79 96506
79 96772
79 97103
79 97223
79 97401
79 97460
79 97478
79 97566
79 97605
79 97713
79 97851
79 97959
79 97988
79 98121
79 98256
79 98353
79 98506
79 98897
79 98931
79 98994
79 99036
79 99137
79 99178
79 99375
79 99470
79 99626
79 99771
79 99871
79 100258
79 100478
79 100571
79 100625
79 100639
79 100827
79 101023
79 101295
79 101350
79 101581
79 101592
79 101767
79 101856
79 101874
79 101922
79 101959
79 102192
79 102435
79 102454
79 102566
79 102609
79 102645
79 102657
79 102672
79 102790
79 102897
79 103122
79 103317
79 103429
79 103458
79 103705
79 103731
79 103917
79 103918
79 103925
79 103959
79 104002
79 104059
79 104144
79 104198
79 104256
79 104654
79 104782
79 104836
79 104941
79 105623
79 105648
79 105705
79 105868
79 105995
79 106177
79 106191
79 106562
79 106684
79 106748
79 106805
79 106826
79 106840
79 106920
79 106962
79 107210
79 107217
79 107222
79 107384
79 107496
79 107503
79 107707
79 107745
79 107795
79 107987
79 108075
79 108099
79 108137
79 108207
79 108213
79 108259
79 108362
79 108463
79 108613
79 108702
79 108730
79 109090
79 109123
79 109174
79 109330
79 109475
79 109793
79 109938
79 109956
79 110045
79 110134
79 110217
79 110242
79 110442
79 110544
79 110556
79 110697
79 110841
79 110864
79 111166
79 111221
79 111262
80 98209
80 98257
80 98279
80 98365
80 98743
80 98791
80 98904
80 99070
80 99092
80 99107
80 99261
80 99376
80 99383
80 99386
80 99511
80 99536
80 99554
80 99563
80 99637
80 99780
80 99864
80 99894
80 99937
80 100080
80 100091
80 100257
80 100449
80 100499
80 100754
80 100900
80 101015
80 101091
80 101098
80 101257
80 101432
80 101478
80 101720
80 101789
80 101835
80 101927
80 102491
80 102637
80 102849
80 103129
80 103366
80 103457
80 103735
80 103802
80 103852
80 103883
80 103930
80 103947
80 103961
80 104207
80 104239
80 104481
80 104565
80 104663
80 104765
80 104771
80 104840
80 105042
80 105070
80 105079
80 105081
80 105115
80 105270
80 105354
80 105447
80 105449
80 105514
80 105577
80 105595
80 105625
80 105694
80 105788
80 106130
80 106201
80 106231
80 106247
80 106408
80 106469
80 106478
80 106821
80 106884
80 106908
80 106933
80 106974
80 107216
80 107361
80 107371
80 107459
80 107656
80 107685
80 107788
80 107859
80 108078
80 108188
80 108210
80 108238
80 108313
80 108655
80 108752
80 108841
80 108888
80 108965
80 109004
80 109056
80 109062
80 109129
80 109181
80 109230
80 109302
80 109369
80 109427
80 109470
80 109603
80 109765
80 109854
80 109855
80 110095
80 110192
80 110246
80 110335
80 110438
80 110462
80 110532
80 110576
80 110586
80 110760
80 110991
80 111049
80 111187
80 111199
80 111548
80 111571
80 111738
80 111849
80 111915
80 111931
80 111937
80 112010
80 112053
80 112341
80 112431
80 112460
80 112494
80 112517
72 90888
72 91354
72 91498
72 91533
72 91554
72 91641
72 92173
72 92371
72 92383
72 92501
72 92629
72 92756
72 92762
72 92872
72 92976
72 93013
72 93111
72 93119
72 93121
72 93147
72 93212
72 93242
72 93316
72 93429
72 93466
72 93560
72 93906
72 94024
72 94162
72 94276
72 94308
72 94345
72 94528
72 94635
72 94760
72 94764
72 94876
72 95057
72 95223
72 95249
72 95337
72 95568
72 95633
72 95778
72 96006
72 96270
72 96332
72 96389
72 96420
72 96431
72 96448
72 96787
72 96813
72 96892
72 96969
72 97062
72 97214
72 97227
72 97294
72 97365
72 97511
72 97615
72 97817
72 97831
72 97912
72 97954
72 97997
72 98004
72 98116
72 98153
72 98161
72 98270
72 98271
72 98358
72 98385
72 98660
72 99139
72 99165
72 99247
72 99285
72 99350
72 99357
72 99388
72 99682
72 99751
72 99859
72 99904
72 99941
72 99979
72 100140
72 100524
72 100562
72 100810
72 100840
72 100948
72 101032
72 101190
72 101205
72 101284
72 101308
72 101338
72 101381
72 101500
72 101639
72 101704
72 101873
72 101903
72 102019
72 102042
72 102277
72 102319
72 102372
72 102584
72 102626
72 102672
72 102705
72 102706
72 102778
72 102789
72 103157
72 103200
72 103201
72 103281
72 103337
72 103449
72 103764
72 103788
72 103804
72 103886
72 103944
72 104157
72 104401
72 104544
72 104550
72 104588
72 104596
72 104824
72 104844
72 104851
72 104933
72 104940
72 104974
72 105001
72 105027
72 105045
72 105068
72 105268
72 105338
72 105386
72 105419
72 105437
72 105478
72 105573
72 105672
72 105753
72 105851
72 105865
72 105929
72 105961
72 106145
72 106153
72 106170
72 106467
72 106489
72 106494
72 106506
72 106647
72 106754
72 106869
72 106924
72 107078
72 107135
72 107336
72 107484
72 107844
72 107994
72 108044
72 108368
72 108442
72 108537
72 108691
72 108713
72 108761
72 108835
72 108868
72 108926
72 109759
72 109830
72 109857
72 109952
72 109970
72 110113
72 110338
72 110420
72 110823
72 110836
72 111236
72 111423
72 111536
72 111647
72 111731
72 111804
72 112018
72 112130
72 112136
72 112206
72 112220
72 112285
72 112329
72 112428
72 112490
72 112519
72 112629
72 112731
72 112797
72 112813
72 112817
72 113002
72 113223
72 113293
72 113470
72 113531
72 113535
72 113597
72 113694
72 113700
72 113757
72 113766
72 114139
72 114274
72 114675
72 114691
72 114939
72 115083
72 115116
72 115299
72 115353
72 115444
72 115937
72 115959
72 116020
72 116042
72 116074
72 116143
72 116156
72 116168
72 116221
72 116324
72 116371
72 116593
72 116623
72 116641
72 116728
72 117048
72 117075
72 117112
72 117235
72 117270
72 117350
72 117436
72 117457
72 117561
72 117870
72 117957
72 117984
72 118027
72 118044
72 118049
72 118172
72 118238
72 118522
72 118605
72 118657
72 118854
72 119016
72 119031
72 119150
72 119270
72 119566
72 119604
72 119641
72 119808
72 119894
72 119916
72 119938
72 120039
72 120064
72 120169
72 120182
72 120240
72 120289
72 120388
72 120448
72 120468
72 120506
72 121105
72 121207
72 121226
72 121508
72 121549
72 121574
72 121635
72 121731
72 121789
72 121843
72 122126
72 122259
72 122598
72 122655
72 122976
72 123049
72 123120
72 123147
72 123253
72 123286
72 123391
72 123402
72 123686
72 123708
72 123722
72 123808
72 123921
72 124142
72 124146
72 124236
72 124376
72 124618
72 124749
72 124783
72 124926
72 124969
72 125383
72 125808
72 125964
72 126009
72 126037
72 126297
72 126318
72 126445
72 126455
72 126706
72 126856
72 126920
72 126973
72 127137
72 127146
72 127321
72 127344
72 127427
72 127604
72 127694
72 127989
72 128196
72 128263
72 128370
72 128412
72 128608
72 128661
72 128662
72 128894
72 129121
72 129189
72 129224
72 129264
72 129324
72 129361
72 129424
72 129482
72 129625
72 129751
72 129980
72 130071
72 130197
72 130417
72 130559
72 130732
72 130828
72 130838
72 130875
72 130959
72 131068
72 131309
72 131362
72 131520
72 131774
72 131824
72 132270
72 132287
72 132334
72 132361
72 132440
72 132611
72 132637
72 132693
72 132942
72 132967
72 133122
72 133382
72 133465
72 133607
72 133861
72 134063
72 134116
72 134322
72 134344
72 134373
72 134455
72 134460
72 134473
72 134560
72 134612
72 134694
72 134719
72 134815
72 134839
72 135242
72 135421
72 135543
72 135838
72 135843
72 135996
72 136103
72 136121
72 136160
72 136296
72 136352
72 136450
72 136710
72 137102
72 137550
72 137635
72 137660
72 137747
72 137771
72 137801
72 137904
72 137920
72 137979
72 138034
72 138226
72 138258
72 138287
72 138963
72 138981
72 139108
72 139175
72 139208
72 139397
72 139684
72 139712
72 139775
72 139835
72 139851
72 139990
72 139997
72 140093
72 140223
72 140291
72 140573
72 140644
72 140684
72 140711
72 141160
72 141262
72 141306
72 141450
72 141538
72 141916
72 142270
72 142419
72 142426
72 142654
72 142711
72 142720
72 142918
72 143057
72 143232
72 143302
72 143629
72 143737
72 143751
72 143918
72 144110
72 144144
72 144178
72 144351
72 144637
72 144741
72 144828
72 145012
72 145018
72 145369
72 145472
72 145475
72 145641
72 145860
72 146373
72 146583
72 146619
72 146650
72 146771
72 146959
72 147091
72 147168
72 147336
72 147338
72 147349
72 147519
72 147678
72 147697
72 147731
72 147814
72 147833
72 147879
72 147932
72 147980
72 147982
72 148096
72 148144
72 148278
72 148294
72 148508
72 148521
72 148590
72 148610
72 148836
72 148865
72 149006
72 149049
72 149057
72 149073
72 149089
72 149462
72 149469
72 149483
72 149561
72 149668
72 149907
72 150577
72 150779
72 150802
72 150804
72 150826
72 150897
72 150915
72 150977
72 151022
72 151071
72 151201
72 151297
72 151392
72 151599
72 151629
72 151764
72 151776
72 151861
72 151981
72 152338
72 152964
72 153033
72 153086
72 153193
72 153231
72 153272
72 153473
72 153563
72 153595
72 153754
72 153811
72 153871
72 153951
72 154142
72 154381
72 154469
72 154533
72 154901
72 154932
72 155056
72 155314
72 155357
72 155361
72 155369
72 155408
72 155563
72 155606
72 155634
72 155820
72 155860
72 155872
72 155914
72 155917
72 155942
72 156077
72 156221
72 156264
72 156325
72 156530
72 156731
72 156883
72 157040
72 157147
72 157155
72 157160
72 157541
72 157570
72 157642
72 157959
72 158210
72 158294
72 158432
72 158591
72 158698
72 158709
72 158807
72 158890
72 158991
72 159049
72 159182
72 159244
72 159592
72 159616
72 159774
72 159806
72 160222
72 160252
72 160515
72 160580
72 160787
72 160818
72 160944
72 161395
72 161481
72 161771
72 161885
72 161919
72 161991
72 162069
72 162097
72 162392
72 162397
72 162527
72 163325
72 163691
72 163746
72 163795
72 163810
72 163846
72 163860
72 164567
72 164762
72 164800
72 164845
72 165049
72 165092
72 165125
72 165151
72 165253
72 165263
72 165273
72 165375
72 165398
72 165456
72 165581
72 165601
72 165624
72 165696
72 166163
72 166552
72 166579
72 166620
72 166709
72 166830
72 166922
72 166982
72 167045
72 167144
72 167352
72 167509
72 167589
72 167602
72 167658
72 167661
72 167698
72 167700
72 167728
72 168017
72 168106
72 168186
72 168190
72 168258
72 168294
72 168309
72 168467
72 168639
72 168693
72 169220
72 169440
72 169692
72 169778
72 169990
72 170067
72 170200
72 170258
72 170422
72 170423
72 170483
72 170636
72 170684
72 170685
72 170715
72 170851
72 171100
72 171112
72 171243
72 171268
72 171275
72 171459
72 171473
72 171501
72 171571
72 171633
72 171636
72 171788
72 171858
72 172239
72 172263
72 172299
72 172492
72 172571
72 172790
72 172804
72 172834
72 172994
72 173012
72 173024
72 173040
72 173132
72 173148
72 173324
72 173506
72 173586
72 173595
72 173691
72 174038
72 174076
72 174097
72 174401
72 174510
72 174536
72 174588
72 174591
72 174599
72 174607
72 174699
72 174842
72 175226
72 175322
72 175471
72 175619
72 175654
72 175680
72 175797
72 175946
72 176023
72 176085
72 176130
79 61894
79 61958
79 61987
79 62088
79 62161
79 62180
79 62235
79 62247
79 62313
79 62561
79 62582
79 62682
79 62760
79 62797
79 62887
79 62958
79 62986
79 62987
79 63072
79 63228
79 63248
79 63427
79 63490
79 63591
79 63632
79 63652
79 63661
79 63706
79 63937
79 64102
79 64358
79 64472
79 64495
79 64502
79 64564
79 64762
79 64788
79 64792
79 64894
79 64963
79 65006
79 65018
79 65116
79 65193
79 65204
79 65414
79 65599
79 65629
79 65704
79 65868
79 65876
79 66150
79 66713
79 66724
79 66919
79 66928
79 66942
79 67060
79 67138
79 67240
79 67312
79 67358
79 67428
79 67447
79 67449
79 67618
79 67662
79 67692
79 67842
79 67896
79 67980
79 68167
79 68216
79 68297
79 68349
79 68371
79 68395
79 68425
79 68520
79 68949
79 69064
79 69309
79 69526
79 70100
79 70101
79 70104
79 70169
79 70208
79 70407
79 70648
79 70711
79 70782
79 70825
79 70916
79 70986
79 70994
79 71070
79 71167
79 71223
79 71230
79 71293
79 71315
79 71458
79 71495
79 71725
79 71847
79 71947
79 72015
79 72063
79 72087
79 72252
79 72360
79 72378
79 72410
79 72412
79 72451
79 72460
79 72856
79 72916
79 72940
79 72993
79 73024
79 73090
79 73283
79 73371
79 73372
79 73580
79 73585
79 73631
79 73641
79 73686
79 73743
79 73791
79 73873
79 73933
79 74002
79 74094
79 74109
79 74240
79 74428
79 74460
79 74476
79 74488
79 74538
79 74550
79 74625
79 74814
79 74958
79 74971
79 75198
79 75390
79 75652
79 75713
79 76409
79 76505
79 76638
79 76928
79 76984
79 77069
79 77204
79 77257
79 77397
79 77475
79 77523
79 77548
79 77560
79 77569
79 77632
79 77898
79 78196
79 78248
79 78259
79 78422
79 78473
79 78523
79 78594
79 78817
79 78886
79 78968
79 79204
79 79551
79 79568
79 79828
79 79845
79 79850
79 79858
79 79892
79 79901
79 79923
79 80211
79 80347
79 80675
79 80787
79 80811
79 80908
79 80915
79 80980
79 80999
79 81482
79 81659
79 81738
79 81753
79 81783
79 81819
79 81916
79 81970
79 82188
79 82247
79 82250
79 82335
79 82348
79 82553
79 82613
79 82641
79 82659
79 82729
79 83046
79 83307
79 83316
79 83323
79 83398
79 83576
79 83592
79 83595
79 83864
79 83879
79 84082
79 84195
79 84357
79 84411
79 84512
79 84687
79 85054
79 85127
79 85230
79 85330
79 85331
79 85409
79 85415
79 85688
79 85712
79 85916
79 86092
79 86142
79 86210
79 86528
79 86821
79 87388
79 87596
79 87702
79 87750
79 87751
79 87806
79 87895
79 87917
79 88119
79 88203
79 88209
79 88308
79 88362
79 88390
79 88417
79 88443
79 88576
79 89016
79 89094
79 89196
79 89472
79 89509
79 89623
79 89626
79 89942
79 90100
79 90529
79 90623
79 90644
79 90796
79 90807
79 90867
79 91001
79 91067
79 91093
79 91101
79 91166
79 91186
79 91294
79 91317
79 91321
79 91384
79 91476
79 91536
79 91619
79 91631
79 91666
79 91729
79 91906
79 92167
79 92222
79 92347
79 92437
79 92450
79 92479
79 92519
79 92520
79 92622
79 92806
79 92820
79 92831
79 92919
79 93369
79 93387
79 93468
79 93556
79 93629
79 93678
79 93773
79 93843
79 93849
79 93926
79 94016
79 94150
79 94156
79 94162
79 94238
79 94359
79 94386
72 227893
72 227986
72 228139
72 228200
72 228205
72 228240
72 228279
72 228348
72 228461
72 228611
72 228710
72 228806
72 228913
72 229014
72 229264
72 229426
72 229479
72 229486
72 229823
72 229840
72 229859
72 229912
72 229972
72 230013
72 230195
72 230385
72 230389
72 230511
72 230666
72 230748
72 230759
72 231122
72 231167
72 231255
72 231304
72 231322
72 231397
72 231442
72 231448
72 231491
72 231507
72 231781
72 231959
72 231992
72 232144
72 232189
72 232232
72 232265
72 232415
72 232452
72 232461
72 232505
72 232711
72 232718
72 232916
72 232951
72 232991
72 233014
72 233442
72 233458
72 233502
72 233570
72 234061
72 234076
72 234128
72 234435
72 234447
72 234666
72 235118
72 235210
72 235249
72 235266
72 235400
72 235462
72 235647
72 236019
72 236132
72 236406
72 236533
72 236577
72 236582
72 236608
72 236620
72 236646
72 236703
72 236883
72 236979
72 237124
70 219274
70 219310
70 219378
70 219493
70 219507
70 219585
70 219649
70 219822
70 219941
70 220269
70 220270
70 220325
70 220503
70 220634
70 220653
70 220707
70 220744
70 220808
70 220845
70 220870
70 220949
70 221081
70 221152
70 221343
70 221361
70 221414
70 221427
70 221445
70 221489
70 221695
70 221780
70 221896
70 221937
70 221953
70 222034
70 222212
70 222216
70 222345
70 222442
70 222595
70 222615
70 222674
70 222689
70 222725
70 222777
70 222836
70 222867
70 223050
70 223109
70 223446
70 223480
70 223609
70 223761
70 223786
70 223821
70 223828
70 223871
70 223960
70 223962
70 224100
70 224141
70 224276
70 224356
70 224360
70 224865
70 224924
70 224981
70 225035
70 225204
70 225267
70 225391
70 225438
70 225546
70 225558
70 225708
70 225735
70 225941
70 226028
70 226411
70 226662
75 89241
75 89325
75 89369
75 89800
75 89855
75 89885
75 89946
75 89957
75 89968
75 90024
75 90185
75 90363
75 90456
75 90879
75 91015
75 91205
75 91223
75 91415
75 91421
75 91618
75 91639
75 91664
75 91836
75 92030
75 92098
75 92145
75 92400
75 92528
75 92601
75 92666
75 92699
75 92837
75 92851
75 93111
75 93244
75 93393
75 93438
75 93483
75 93514
75 93521
75 93798
75 93986
75 94211
75 94608
75 94739
75 94769
75 94853
75 94970
75 95020
75 95138
75 95147
75 95295
75 95367
75 95534
75 95614
75 95622
75 95638
75 95688
75 95761
75 95808
75 95924
75 96402
75 96738
75 96957
75 96973
75 97008
75 97122
75 97180
75 97310
75 97361
75 97386
75 97767
75 97999
75 98019
75 98075
75 98153
75 98352
75 98540
75 98654
75 98813
75 98935
75 99231
75 99382
75 99498
75 99621
75 99750
75 99753
75 99791
75 99943
75 100152
75 100381
75 100765
75 100926
75 101270
75 101294
75 101516
75 101587
75 101689
75 102317
75 102728
75 102745
75 102909
75 103077
75 103242
75 103330
75 103411
75 103481
75 103550
75 103703
75 103749
75 104178
75 104315
75 104393
75 104534
75 104793
75 104836
75 104919
75 105178
75 105249
75 105565
75 105598
75 105635
75 105740
75 105749
75 105869
75 106005
75 106018
75 106131
75 106141
75 106163
75 106165
75 106277
75 106403
75 106420
75 106428
75 106499
75 106546
75 106873
75 106997
75 107056
75 107283
75 107548
75 107582
75 107621
75 107868
75 107870
75 107975
75 107999
75 108081
75 108091
75 108206
75 108252
75 108280
75 108311
75 108484
75 108571
75 108607
75 108716
75 108786
75 108942
75 108949
75 109065
75 109079
75 109102
75 109183
75 109296
75 109360
75 109724
75 109778
75 109810
75 109913
75 109991
75 110199
75 110339
75 110366
75 110402
75 110553
75 110694
75 110770
75 110823
75 111033
75 111148
75 111186
75 111255
75 111453
75 111579
75 112002
75 112045
75 112112
75 112273
75 112402
75 112519
75 112919
75 112920
75 112931
75 113272
75 113316
75 113518
75 113726
75 113778
75 113874
75 114106
75 114132
75 114183
75 114286
75 114339
75 114585
75 114868
75 114955
75 115069
75 115115
75 115232
75 115348
75 115453
75 115486
75 115606
75 115724
75 115735
75 115750
75 115767
75 115977
75 116455
75 116493
75 116506
75 116673
75 116739
75 116952
75 117227
75 117294
75 117310
75 117431
75 117444
75 117501
75 117660
75 118015
75 118079
75 118211
75 118270
75 118446
75 118461
75 118642
75 118651
75 118771
75 118858
75 118956
75 119241
75 119287
75 119347
75 119724
75 119774
75 119895
75 119974
75 120174
75 120290
75 120309
75 120503
75 120504
75 120640
75 120724
75 120793
75 120898
75 120916
75 121198
75 121239
75 121326
75 121524
75 121585
75 121756
75 121951
75 121969
75 122037
75 122099
75 122254
75 122262
75 122318
75 122342
75 122560
69 108
69 183
69 335
69 462
69 521
69 568
69 731
69 961
69 1026
69 1122
69 1188
69 1422
69 1490
69 1657
69 1840
69 2160
69 2206
69 2272
69 2316
69 2368
69 2478
69 2528
69 2741
69 2753
69 2792
69 2851
69 2919
69 2929
69 2975
69 3151
69 3248
69 3408
69 3410
69 3505
69 3691
69 3720
69 3836
69 3978
69 4067
69 4161
69 4217
69 4383
69 4490
69 4555
69 4572
69 4609
69 4641
69 4694
69 5162
69 5512
69 5622
69 5652
69 5793
69 5873
69 6190
69 6591
69 6725
69 6859
69 7143
69 7314
69 7333
69 7411
69 7505
69 7563
69 7623
69 7665
69 7711
69 7762
69 7979
69 7987
69 8089
69 8351
69 8398
69 8536
69 8608
69 8756
69 8833
69 8849
69 8853
69 9106
69 9167
69 9451
69 9521
69 9581
69 9782
69 9787
69 9807
69 10045
69 10120
69 10278
69 10728
69 10738
69 10781
69 10800
69 10882
69 11118
69 11449
69 11563
69 11570
69 11614
69 11749
69 11826
69 11869
69 11980
69 12089
69 12108
69 12189
69 12277
69 12288
69 12320
69 12325
69 12398
69 12720
69 12844
69 12863
69 12866
69 12894
69 12926
69 13075
69 13163
69 13220
69 13772
69 13973
69 14099
69 14195
69 14371
69 14422
69 15095
69 15128
69 15144
69 15152
69 15154
69 15228
69 15358
69 15387
69 15438
69 15472
69 15697
69 15778
69 15808
69 15818
69 15849
69 15888
69 16002
69 16068
69 16080
69 16199
69 16327
69 16375
69 16460
69 16492
69 16635
69 16787
69 16938
69 16990
69 17300
69 17370
69 17457
69 17562
69 17584
69 17811
69 17900
69 18121
69 18157
69 18269
69 18384
69 18428
69 18515
69 18604
69 18872
69 19075
69 19093
69 19136
69 19172
69 19214
69 19425
69 19514
69 19589
69 19640
69 19915
69 20078
69 20382
69 20403
69 20405
69 20518
69 20618
69 20990
69 21002
69 21379
69 21475
69 21509
69 21536
69 21616
69 21697
69 21786
69 21838
69 21921
69 21946
69 22012
69 22041
69 22239
69 22408
69 22494
69 22923
69 23304
69 23319
69 23466
69 23599
69 23616
69 23656
69 23833
69 23917
69 23954
69 24026
69 24050
69 24088
69 24265
69 24284
69 24307
69 24401
69 24450
69 24568
69 24695
69 24902
69 25018
69 25045
69 25369
69 25631
69 25660
69 25796
69 26139
69 26356
69 26632
69 26674
69 26689
69 26753
69 26774
69 26870
69 26881
69 26945
69 27138
69 27140
69 27186
69 27401
69 27536
69 27731
69 29286
69 29353
69 29396
69 29438
69 29782
69 29844
69 29884
69 29901
69 30027
69 30117
69 30164
69 30398
69 30565
69 30592
69 30617
69 30712
69 30761
69 30956
69 31023
69 31173
69 31214
69 31232
69 31247
69 31294
69 31327
69 31328
69 31421
69 31466
69 31569
69 31588
69 31668
69 31702
69 31994
69 32084
69 32202
69 32353
69 32433
69 32573
69 32590
69 32789
69 32795
69 33116
69 33192
69 33329
69 33331
69 33451
69 33464
69 33560
69 33640
69 33892
69 33931
69 34006
69 34038
69 34451
69 34503
69 34588
69 34736
69 34871
69 35054
69 35238
69 35278
69 35381
69 35421
69 35499
69 35563
69 35608
69 35752
69 35790
69 35822
69 35903
69 35970
69 36064
69 36109
69 36329
69 36439
69 36504
69 36592
69 36628
69 36649
69 36714
69 36830
69 36939
69 36969
69 36972
69 37010
69 37015
69 37056
69 37075
69 37104
69 37105
69 37405
69 37533
69 37685
69 38027
69 38059
69 38200
69 38286
69 38291
69 38524
69 38550
69 38557
69 38670
69 38708
69 38735
69 38875
69 38990
69 39018
69 39185
69 39213
69 39581
69 39777
69 39807
69 39893
69 39897
69 39948
69 40003
69 40007
69 40024
69 40098
69 40116
69 40319
69 40607
69 40791
69 40961
69 40969
69 41011
69 41030
69 41048
69 41453
69 41456
69 41509
69 41606
69 41681
69 41737
69 41799
69 41924
69 41961
69 42072
69 42185
69 42489
69 42592
69 42878
69 42889
69 42992
69 42996
69 43051
69 43209
69 43230
69 43340
69 43346
69 43511
69 43591
69 43633
69 43866
69 44010
69 44029
69 44244
69 44298
69 44311
69 44400
69 44431
69 44632
69 44784
69 44809
69 45041
69 45107
69 45229
69 45250
69 45477
69 45511
69 45525
69 45690
69 46015
69 46114
69 46300
69 46451
69 46573
69 46693
69 46853
69 46896
69 46925
69 47040
69 47049
69 47417
69 47457
69 47721
69 47899
69 47933
69 47965
69 47966
69 48053
69 48060
69 48099
69 48266
69 48359
69 48362
69 48489
69 48696
69 48707
69 48754
69 48978
69 49087
69 49168
69 49259
69 49271
69 49315
69 49357
69 49372
69 49406
69 49424
69 49647
69 50244
69 50258
69 50424
69 50504
69 50574
69 50602
69 50776
69 50804
69 50934
69 50935
69 51119
69 51233
69 51293
69 51307
69 51766
69 51861
69 51942
69 52051
69 52188
69 52250
69 52315
69 52332
69 52648
69 52764
69 52895
69 52898
69 53104
69 53367
69 53386
69 53495
69 53604
69 53651
69 53697
69 53731
69 53738
69 53784
69 53843
69 53899
69 53984
69 54029
69 54043
69 54118
69 54124
69 54371
69 54411
69 54837
69 54859
69 54888
69 55031
69 55140
69 55194
69 55276
69 55413
69 55460
69 55466
69 55505
69 55508
69 55551
69 55623
69 55640
69 56030
69 56120
69 56275
69 56665
69 56777
69 56784
69 56832
69 56883
69 56914
69 56923
69 57294
69 57298
69 57317
69 57424
69 57452
69 57535
69 57599
69 57616
69 57876
69 57880
69 57883
69 58054
69 58096
69 58291
69 58384
69 58438
69 58563
69 58666
69 58978
69 58994
69 59035
69 59329
69 59334
69 59352
69 59381
69 59415
69 59427
69 59433
69 59571
69 59617
69 59621
69 59631
69 59749
69 59969
69 59984
69 60225
69 60378
69 60388
69 60392
69 60421
69 60442
69 60715
69 60922
69 61077
69 61129
69 61335
69 61342
69 61470
69 61867
69 61961
69 62059
69 62127
69 62163
69 62215
69 62273
69 62293
69 62309
69 62696
69 62723
69 62805
69 62837
69 62864
69 62995
69 63271
69 63521
69 63599
69 63612
69 63684
69 63691
69 63800
69 64063
69 64162
69 64190
69 64268
69 64384
69 64412
69 64551
69 64624
69 64702
69 65137
69 65255
69 65298
69 65502
69 65692
69 65695
69 65812
69 65893
69 66216
69 66269
69 66272
69 66472
69 66756
69 66774
69 67117
69 67175
69 67649
69 67668
69 67865
69 67957
69 68113
69 68137
69 68187
69 68367
69 68482
69 68496
69 68721
69 68759
69 68765
69 69096
69 69178
69 69204
69 69429
69 69708
69 69779
69 69895
69 69918
69 70091
69 70104
69 70119
69 70140
69 70197
69 70254
69 70285
69 70298
69 70350
69 70572
69 70656
69 70755
69 70956
69 71025
69 71027
69 71061
69 71085
69 71096
69 71297
69 71330
69 71350
69 71506
69 71646
69 71941
69 71988
69 72047
69 72052
69 72096
69 72113
69 72143
69 72206
69 72226
69 72275
69 72293
69 72312
69 72777
69 72837
69 72883
69 72960
69 73380
69 73427
69 73435
69 73442
69 73481
69 73548
69 73635
69 73780
69 73927
69 73969
69 73985
69 74325
69 74591
69 74650
69 74669
69 74795
69 74823
69 74893
69 75014
69 75070
69 75424
69 75432
69 75581
69 75774
69 76087
69 76225
69 76411
69 76493
69 76593
69 76611
69 76644
69 76747
69 76899
69 77036
69 77150
69 77303
69 77322
69 77455
69 77607
69 77679
69 77885
69 77917
69 77998
69 78080
69 78161
69 78240
69 78388
69 78562
69 78915
69 78971
69 79236
69 79318
69 79331
69 79369
69 79707
69 79711
69 79783
69 79826
69 79989
69 80148
69 80301
69 80328
69 80476
69 80743
69 80777
69 81119
69 81127
69 81173
69 81336
69 81464
69 81666
69 81830
69 81928
69 82181
69 82360
69 82531
69 82624
69 82830
69 82872
69 83152
69 83169
69 83232
69 83279
69 83370
69 83500
69 83516
69 83525
69 83572
69 83592
69 83960
69 84082
69 84161
69 84295
69 84353
69 84424
69 84553
69 84603
69 84652
69 84754
69 84811
69 84861
69 84915
69 84919
69 85061
69 85251
69 85311
69 85422
69 85480
69 85643
69 85657
69 85751
69 85765
69 85773
69 85934
69 86075
69 86120
69 86284
69 86537
69 86544
69 86746
69 86757
69 86861
69 87011
69 87013
69 87050
69 87102
69 87221
75 8914
75 8950
75 9164
75 9581
75 9708
75 9836
75 9903
75 9957
75 10291
75 10355
75 10379
75 10548
75 10648
75 10685
75 10861
75 10983
75 11165
75 11277
75 11361
75 11415
75 11440
75 11481
75 11598
75 11635
75 11704
75 11749
75 11785
75 11866
75 11867
75 11880
75 12050
75 12166
75 12267
75 12315
75 12324
75 12350
75 12412
75 12788
75 13024
75 13044
75 13115
75 13152
75 13230
75 13408
72 10086
72 10112
72 10123
72 10302
72 10308
72 10353
72 10708
72 11114
72 11155
72 11384
72 11403
72 11473
72 11575
72 11686
72 11806
72 11813
72 11829
72 11838
72 12096
72 12107
72 12424
72 12463
72 12717
72 12763
72 12887
72 12996
72 13102
72 13147
72 13392
72 13536
72 13650
72 13740
72 13742
72 13960
72 14047
72 14074
72 14091
72 14143
72 14300
72 14360
72 14366
72 14495
72 14636
72 14674
72 14694
72 14743
72 14757
72 14869
72 14988
72 14989
72 15168
72 15246
72 15323
72 15330
72 15410
72 15430
72 15431
72 15467
72 15709
72 15875
72 15958
72 16031
72 16071
72 16146
72 16259
72 16261
72 16492
72 16523
72 16586
72 16616
72 16703
72 16751
72 16765
72 16840
72 16932
72 17056
72 17154
72 17229
72 17338
72 17516
72 17726
72 17782
72 17884
72 17979
72 18187
72 18193
72 18443
72 18571
72 18700
72 18799
72 18809
72 18817
72 18835
72 18989
72 19225
72 19362
72 19468
72 19743
72 19821
72 19991
72 20031
72 20051
72 20066
72 20094
72 20245
72 20357
72 20360
72 20434
72 20455
72 20469
72 20652
72 20808
72 20985
72 21268
72 21361
72 21601
72 21632
72 21640
72 21882
72 21955
72 21987
72 22039
72 22066
72 22089
72 22114
72 22190
72 22214
72 22325
72 22478
72 22745
72 22751
72 22812
72 22925
72 22948
72 23324
72 23347
72 23389
72 23414
72 23488
72 23590
72 23736
72 23808
72 24368
72 24416
72 24446
72 24476
72 24495
72 24649
72 24811
72 24847
72 24854
72 25031
72 25130
72 25162
72 25804
72 25952
72 26328
72 26408
72 26476
72 26576
72 26608
72 26810
72 26865
72 26866
72 27475
72 27667
72 27732
72 27780
72 27785
72 27956
72 28354
72 28390
72 28411
72 28445
72 28594
72 28833
72 28882
72 28987
72 29264
72 29382
72 29543
72 29556
72 29828
72 29924
72 29977
72 29997
72 30040
72 30491
72 30533
72 30551
72 30581
72 30937
72 31088
72 31092
72 31147
72 31203
72 31690
72 31733
72 32042
72 32065
72 32236
72 32860
72 32923
72 33003
72 33065
72 33101
72 33188
72 33197
72 33256
72 33327
72 33644
72 33698
72 33714
72 33758
72 33821
72 33947
72 33959
72 34038
72 34081
72 34151
72 34301
72 34421
72 34520
72 34538
72 34631
72 34668
72 34857
72 35213
72 35273
72 35378
72 35386
72 35504
72 35534
72 35660
72 36014
72 36030
72 36164
72 36227
72 36279
72 36412
72 36427
72 36460
72 36798
72 36889
72 37161
72 37276
72 37923
72 38225
72 38394
72 38466
72 38471
72 38761
72 38859
72 38929
72 38997
72 39118
72 39159
72 39243
72 39275
72 39438
72 39492
72 39704
72 39869
72 39980
72 40096
72 40215
72 40273
72 40274
72 40297
72 40372
72 40488
72 40593
72 40680
72 40964
72 41111
72 41177
72 41214
72 41352
72 41593
72 41756
72 42078
72 42147
72 42206
72 42601
72 42819
72 43102
72 43132
72 43380
72 43652
72 43828
72 44143
72 44185
72 44366
72 44657
72 44736
72 44737
72 44760
72 44856
72 45347
72 45443
72 45448
72 45617
72 45947
72 45996
72 46155
72 46286
72 46392
72 46421
72 46588
72 46692
72 46752
72 47157
72 47179
72 47368
72 47384
72 47401
72 47430
72 47464
72 47494
72 47527
72 47538
72 47552
72 47635
72 47828
72 47845
72 47912
72 48115
72 48124
72 48220
72 48227
72 48314
72 48401
72 48466
72 48492
72 48690
72 48701
72 48725
72 48741
72 48750
72 48799
72 48894
72 49015
72 49018
72 49096
72 49150
72 49318
72 49451
72 49613
72 49753
72 49780
72 49918
72 50091
72 50187
72 50268
72 50465
72 50506
72 50771
72 50862
72 50918
72 51105
72 51131
72 51140
72 51239
72 51285
72 51298
72 51342
72 51361
72 51661
72 51947
72 51990
72 52156
72 52343
72 52583
72 52666
72 52673
72 52699
72 52702
72 52832
72 52935
72 53021
72 53030
72 53286
72 53293
72 53358
72 53406
72 53411
72 53649
72 53656
72 53785
72 54020
72 54405
72 54479
72 54668
72 54866
72 54976
72 55127
72 55528
72 55648
72 55742
72 55845
72 56175
72 56558
72 56603
72 56612
72 57001
72 57062
72 57069
72 57218
72 57269
72 57354
72 57412
72 57511
72 57668
72 57772
72 57785
72 57957
72 58017
72 58139
72 58281
72 58304
72 58429
72 58441
72 58556
72 58568
72 58577
72 58664
72 58709
72 58896
72 58956
72 59147
72 59338
72 59350
72 59352
72 59385
72 59419
72 59702
72 59783
72 59904
72 59916
72 60034
72 60122
72 60579
72 60671
72 60674
72 60745
72 61005
72 61033
72 61058
72 61064
72 61130
72 61227
72 61330
72 61392
72 61782
72 61876
72 61960
72 62008
72 62050
72 62214
72 62234
72 62272
72 62312
72 62637
72 62878
72 63222
72 63239
72 63325
72 63464
72 63513
72 63634
72 63904
72 63935
72 63979
72 63989
72 64163
72 64211
72 64255
72 64259
72 64375
72 64562
72 64667
72 64764
72 65025
72 65200
72 65314
72 65369
72 65498
72 65835
72 65862
72 65905
72 66196
72 66200
72 66510
72 66673
72 66869
72 66978
72 66999
72 67001
72 67034
72 67101
72 67118
72 67185
72 67188
72 67189
72 67199
72 67202
72 67308
72 67386
72 67463
72 67720
72 67781
72 67828
72 67890
72 67998
72 68024
72 68037
72 68079
72 68224
72 68228
72 68256
72 68719
72 68945
72 68960
72 68967
72 69185
72 69422
72 69437
72 69438
72 69533
72 69543
72 69872
72 69889
72 70036
72 70184
72 70225
72 70243
72 70530
72 70640
72 70669
72 70681
72 70887
72 70893
72 70965
72 70977
72 70994
72 71076
72 71122
72 71129
72 71171
72 71249
72 71360
72 71435
72 71465
72 71509
72 71779
72 71869
72 71993
72 72034
72 72201
72 72277
72 72310
72 72338
72 72362
72 72406
72 72613
72 72639
72 72725
72 73113
72 73214
72 73390
72 73556
72 73723
72 73830
72 73963
72 74055
72 74094
72 74213
72 74217
72 74225
72 74239
72 74540
72 74562
72 74632
72 74850
72 74964
72 75005
72 75019
72 75437
72 75451
72 75521
72 75529
72 75671
72 75707
72 76075
72 76473
72 76643
72 76705
72 77102
72 77152
72 77202
72 77221
72 77338
72 77548
72 77671
72 77730
72 77755
72 78224
72 78259
72 78265
72 78374
72 78393
72 78398
72 78651
72 78702
72 79363
72 79392
72 79597
72 79813
72 80066
72 80450
72 80465
72 80522
72 80531
72 80574
72 80583
72 80719
72 80858
72 80859
72 80867
72 80925
72 81022
72 81066
72 81203
72 81400
72 81412
72 81451
72 81625
72 81698
72 81788
72 81835
72 81949
72 81981
72 82084
72 82105
72 82152
72 82158
72 82401
72 82467
72 82482
72 82555
72 82593
72 82621
72 82653
72 82711
72 82800
72 83141
72 83180
72 83352
72 83419
72 83451
72 83571
72 83697
72 83702
72 83726
72 83801
72 83836
72 83867
72 83886
72 83937
72 84036
72 84163
72 84243
72 84267
72 84328
72 84787
72 84851
72 85005
72 85038
72 85499
72 85507
72 85610
72 85735
72 85813
72 85864
72 85884
72 85951
72 86047
72 86055
72 86087
72 86112
72 86228
72 86239
72 86397
72 86457
72 86459
72 86646
72 86862
72 86932
72 86938
72 87115
72 87158
72 87601
72 88114
72 88252
72 88409
72 88546
72 88550
72 88555
72 88714
72 88732
72 88826
72 88869
72 88926
72 88957
72 89043
72 89064
72 89174
72 89412
72 89718
72 90003
72 90030
72 90087
72 90127
72 90137
72 90328
72 90333
72 90388
72 90395
72 90520
72 90577
72 90657
72 90852
80 75
80 150
80 232
80 280
80 530
80 699
80 736
80 791
80 814
80 871
80 958
80 1131
80 1181
80 1190
80 1324
80 1731
80 2065
80 6659
80 6790
80 6808
80 6912
80 6999
80 7500
80 7577
80 7711
80 7814
80 7906
80 7942
80 7970
80 8154
80 8479
80 8579
80 8627
80 8676
80 8692
80 8938
80 9020
80 9291
80 9362
80 9365
80 9621
80 9804
80 9820
80 10015
80 10045
80 10053
80 10108
80 10119
80 10259
80 10395
80 10881
80 10974
80 11002
80 11075
80 11563
80 11587
80 11607
80 11695
80 11723
80 11827
80 12033
80 12520
80 12607
80 12774
80 12776
80 13048
80 13280
80 13415
80 13512
80 13546
80 13949
80 14297
80 14614
80 14667
80 14853
80 15041
80 15121
80 15282
80 15452
80 15545
80 15556
80 15578
80 15602
80 15667
80 15834
80 15917
80 16047
80 16180
80 16265
80 16366
80 16384
80 16427
80 16543
80 16732
80 16818
80 16876
80 16884
80 17104
80 17153
80 17273
80 17510
80 17558
80 17720
80 17896
80 17903
80 17972
80 18006
80 18151
80 18306
80 18531
80 18608
80 18659
80 18776
80 18866
80 18955
80 18970
80 19035
80 19061
80 19138
80 19270
80 19305
80 19522
80 19531
80 19554
80 19567
80 19585
80 19693
80 19834
80 19854
80 19864
80 19995
80 20226
80 20304
80 20315
80 20953
80 21065
80 21286
80 21353
80 21395
80 21627
80 21638
80 21691
80 21900
80 21905
80 21957
80 22118
80 22142
80 22175
80 22324
80 22350
80 22448
80 22555
80 22640
80 22700
80 22725
80 22973
80 23318
80 23517
80 23569
80 23702
80 23738
80 23739
80 23759
80 23774
80 23881
80 23990
80 24112
80 24132
80 24159
80 24187
80 24226
80 24286
80 24311
80 24333
80 24685
80 24762
80 24882
80 24891
80 24955
80 25035
80 25116
80 25197
80 25368
80 25654
80 25754
80 25813
80 25924
80 26010
80 26040
80 26069
80 26098
80 26454
80 26457
80 26531
80 26659
80 26904
80 27277
80 27453
80 27623
80 28042
80 28053
80 28139
80 28205
80 28327
80 28401
80 28690
80 28951
80 29052
80 29090
80 29300
80 29340
80 29456
80 29465
80 29595
80 29597
80 29729
80 29809
80 29883
80 29984
80 29995
80 30093
80 30173
80 30260
80 30348
80 30492
80 30849
80 30855
80 30876
80 30891
80 30959
80 31008
80 31009
80 31055
80 31589
80 31618
80 31659
80 31667
80 31725
80 31932
80 32103
80 32125
80 32164
80 32212
80 32321
80 32391
80 32509
80 32513
80 32606
80 32687
80 32851
80 32968
80 33040
80 33101
80 33152
80 33464
80 33466
80 33634
80 33698
80 33814
80 33854
80 33962
80 34127
80 34272
80 34340
80 34412
80 34426
80 34461
80 34497
80 34585
80 34610
80 34866
80 35034
80 35257
80 35297
80 35429
80 35607
80 35610
80 35646
80 35745
80 36194
80 36430
80 36454
80 36831
80 36892
80 36952
80 36969
80 37221
80 37290
80 37613
80 37651
80 37751
80 37793
80 37921
80 38126
80 38405
80 38444
80 38454
80 38589
80 38630
80 38674
80 38808
80 38836
80 38921
80 38949
80 38954
80 38983
80 39023
80 39092
80 39138
80 39211
80 39239
80 39241
80 39368
80 39657
80 39661
80 39771
80 39783
80 40141
80 40188
80 40325
80 40349
80 40361
80 40460
80 40590
80 40853
80 40878
80 40902
80 41349
80 41574
80 41603
80 41768
80 41770
80 41918
80 41978
80 41985
80 42177
80 42336
80 42958
80 43111
80 43261
80 43434
80 43502
80 43773
80 43885
80 43992
80 44118
80 44356
80 44371
80 44670
80 44750
80 44778
80 44786
80 44896
80 44908
80 44948
80 45014
80 45050
80 45248
80 45252
80 45256
80 45432
80 45553
80 45725
80 45843
80 45890
80 46046
80 46100
80 46183
80 46208
80 46241
80 46721
80 46852
80 47066
80 47117
80 47121
80 47326
80 47440
80 47708
80 47903
80 47968
80 47996
80 48071
80 48081
80 48133
80 48204
80 48241
80 48299
80 48399
80 48414
80 48441
80 48484
80 48667
80 48724
80 48771
80 48839
80 48850
80 48887
80 48936
80 48958
80 49022
80 49055
80 49111
80 49146
80 49164
80 49228
80 49543
80 49544
80 49701
80 49869
80 49905
80 50157
80 50260
80 50320
80 50584
80 50712
80 50725
80 50861
80 50945
80 51079
80 51087
80 51088
80 51155
80 51216
80 51716
80 51772
80 51848
80 52162
80 52203
80 52425
80 52600
80 52609
80 52615
80 52692
80 52974
80 53085
80 53224
80 53333
80 53357
80 53427
80 53697
80 54183
80 54228
80 54395
80 54575
80 54627
80 55084
80 55177
80 55282
80 55337
80 55496
80 55537
80 55572
80 55937
80 55947
80 56066
80 56098
80 56158
80 56395
80 56433
80 56510
80 56568
80 56603
80 56687
80 56828
80 56832
80 56950
80 57113
80 57170
80 57341
80 57379
80 57529
80 57598
80 57750
80 58053
80 58145
80 58243
80 58355
80 58415
80 58506
80 59065
80 59263
80 59331
80 59441
80 59608
80 59696
80 59988
80 60114
80 60219
80 60302
80 60343
80 60358
80 60437
80 60797
80 60853
80 60971
80 61010
80 61016
80 61073
80 61244
80 61363
80 61466
80 61526
80 61599
80 61638
80 61793
80 61843
80 62026
80 62546
80 62656
80 62665
80 62689
80 62788
80 62811
80 62892
80 62938
80 63068
80 63191
80 63206
80 63229
80 63271
80 63347
80 63415
80 63616
80 63642
80 63759
80 63896
80 63904
80 63956
80 64289
80 64517
80 64707
80 64771
80 64830
80 64881
80 64930
80 65011
80 65136
80 65181
80 65208
80 65219
80 65322
80 65337
80 65385
80 65475
80 65879
80 66030
80 66043
80 66048
80 66097
80 66198
80 66551
80 66564
80 66606
80 66757
80 66810
80 66899
80 67106
80 67230
80 67353
80 67481
80 67539
80 67771
80 68069
80 68124
80 68234
80 68386
80 68437
80 68611
80 68746
80 68821
80 68822
80 69377
80 69783
80 70143
80 70208
80 70370
80 70475
80 70559
80 70651
80 71138
80 71149
80 71190
80 71494
80 71497
80 71549
80 71894
80 72001
80 72097
80 72277
80 72416
80 72553
80 72833
80 72868
80 73080
80 73341
80 73361
80 73397
80 73474
80 73502
80 73626
80 73719
80 73726
80 73814
80 74119
80 74274
80 74693
80 74721
80 74841
80 74984
80 74985
80 75057
80 75392
80 75488
80 75513
80 75717
80 75826
80 75942
80 75963
80 76002
80 76129
80 76163
80 76178
80 76212
80 76257
80 76367
80 76628
80 76673
80 76677
80 76716
80 76823
80 76906
80 76916
80 76923
80 76996
80 77065
80 77069
80 77177
80 77208
80 77223
80 77512
80 77608
80 77634
80 77679
80 77908
80 77940
80 78012
80 78046
80 78160
80 78226
80 78325
80 78328
80 78667
80 78704
80 78733
80 79093
80 79130
80 79281
80 79316
80 79669
80 79705
80 79711
80 79904
80 79928
80 79933
80 80006
80 80079
80 80194
80 80305
80 80308
80 80392
80 80469
80 80509
80 80825
80 80974
80 80997
80 81056
80 81094
80 81193
80 81230
80 81231
80 81383
80 81406
80 81552
80 81584
80 81632
80 81912
80 82021
80 82298
80 82377
80 82589
80 82619
80 82654
80 82744
80 82749
80 82764
80 82941
80 82960
80 82967
80 83240
80 83513
80 83555
80 83571
80 83612
80 83617
80 83812
80 83884
80 84074
80 84102
80 84150
80 84232
80 84287
80 84641
80 84680
80 84789
80 84812
80 84816
80 84922
80 84927
80 84934
80 84941
80 84949
80 84953
80 84963
80 85117
80 85172
80 85223
80 85224
80 85245
80 85337
80 85377
80 85428
80 85773
80 85778
80 86239
80 86334
80 86354
80 86547
80 86569
80 86959
80 87045
80 87069
80 87114
80 87129
80 87290
80 87455
80 87492
80 87541
80 87639
80 87668
80 87698
80 87735
80 87812
80 88001
80 88091
80 88291
80 88552
80 88598
80 88677
80 88680
80 88719
80 88758
80 88914
80 89042
80 89087
80 89113
80 89214
80 89409
80 89415
80 89462
80 89540
80 89649
80 89673
80 89945
80 89989
80 90140
80 90148
80 90245
80 90397
80 90404
80 90547
80 90628
80 90743
80 90748
80 90754
80 91070
80 91205
80 91867
80 91907
80 91951
80 92024
80 92124
80 92370
80 92599
80 92656
80 92778
80 92846
80 92910
80 93122
80 93242
80 93281
80 93423
80 93425
80 93594
80 93606
80 93637
80 93651
80 93666
80 93757
80 93962
80 94145
80 94186
80 94208
80 94319
80 94339
80 94354
80 94504
80 94535
80 94628
80 94808
80 94884
80 95016
80 95030
80 95044
80 95119
80 95126
80 95129
80 95249
80 95263
80 95266
80 95315
80 95346
80 95390
80 95468
80 95655
80 95696
80 95745
80 96096
80 96240
80 96256
80 96363
80 96381
80 96418
80 96459
80 96510
80 96626
80 96643
80 96649
80 96655
80 96674
80 96709
80 96910
80 97218
80 97243
80 97273
80 97297
80 97395
80 97429
80 97480
80 97511
80 97676
80 97795
80 97804
80 97825
75 13846
75 14131
75 14217
75 14328
75 14420
75 14501
75 15017
75 15059
75 15616
75 15857
75 15918
75 15980
75 16065
75 16066
75 16175
75 16242
75 16597
75 16599
75 16646
75 16744
75 17040
75 17071
75 17141
75 17154
75 17177
75 17288
75 17382
75 17880
75 18127
75 18464
75 18623
75 18653
75 18796
75 18867
75 19082
75 19500
75 19557
75 19769
75 19789
75 19948
75 19955
75 19956
75 20015
75 20068
75 20152
75 20283
75 20311
75 20413
75 20423
75 20595
75 20631
75 20738
75 20823
75 20929
75 20957
75 20999
75 21033
75 21253
75 21737
75 21740
75 21846
75 21988
75 22166
75 22244
75 22307
75 22336
75 22341
75 22346
75 22544
75 22546
75 22661
75 22726
75 22730
75 22741
75 22893
75 22898
75 23128
75 23244
75 23506
75 23615
75 23738
75 23763
75 23996
75 24078
75 24112
75 24149
75 24304
75 24537
75 24659
75 24827
75 24937
75 25156
75 25252
75 25529
75 25556
75 25802
75 25900
75 25985
75 26387
75 26407
75 26489
75 26986
75 27061
75 27172
75 27203
75 27242
75 27455
75 27493
75 27533
75 27564
75 28073
75 28153
75 28363
75 28371
75 28769
75 28794
75 29069
75 29178
75 29414
75 29436
75 29445
75 29453
75 29526
75 29563
75 29946
75 30031
75 30117
75 30213
75 30436
75 30688
75 30723
75 30796
75 30811
75 30950
75 31123
75 31322
75 31349
75 31444
75 31602
75 31645
75 31648
75 31803
75 31871
75 31919
75 31942
75 32021
75 32048
75 32211
75 32246
75 32561
75 32594
75 32600
75 32645
75 32670
75 32785
75 32872
75 32888
75 33053
75 33096
75 33330
75 33335
75 33352
75 33386
75 33915
75 33973
75 34139
75 34365
75 34484
75 34522
75 34663
75 34802
75 35072
75 35125
75 35158
75 35201
75 35328
75 35525
75 35708
75 35737
75 35790
75 36613
75 36894
75 36949
75 37049
75 37118
75 37598
75 37731
75 37847
75 38568
75 38752
75 38812
75 38900
75 39056
75 39176
75 39559
75 39648
75 39688
75 39723
75 39738
75 39768
75 39904
75 39917
75 39945
75 39987
75 39989
75 40014
75 40142
75 40230
75 40294
75 40432
75 40473
75 40489
75 40687
75 40946
75 40984
75 41327
75 41381
75 41411
75 41423
75 41560
75 41633
75 41744
75 41990
75 42127
75 42149
75 42234
75 42403
75 42589
75 42728
75 42819
75 43232
75 43323
75 43398
75 43558
75 43622
75 43724
75 43759
75 43798
75 43890
75 43947
75 44134
75 44263
75 44334
75 44364
75 44447
75 44478
75 44692
75 44714
75 44765
75 44777
75 44861
75 44898
75 44933
75 45036
75 45047
75 45131
75 45295
75 45347
75 45623
75 45650
75 45722
75 45854
75 45920
75 46013
75 46480
75 46486
75 46514
75 46521
75 46536
75 46802
75 46821
75 46971
75 47046
75 47156
75 47305
75 47467
75 47479
75 47528
75 47574
75 47903
75 47945
75 47974
75 48047
75 48116
75 48153
75 48325
75 48598
75 48650
75 48717
75 48729
75 48746
75 48780
75 48852
75 48929
75 48990
75 48995
75 49085
75 49160
75 49226
75 49247
75 49314
75 49380
75 49484
75 49592
75 49596
75 49765
75 49840
75 49927
75 50093
75 50102
75 50160
75 50293
75 50328
75 50349
75 50461
75 50482
75 50483
75 50542
75 50593
75 50673
75 50792
75 50801
75 50905
75 51173
75 51192
75 51554
75 51636
75 51721
75 51808
75 51888
75 52049
75 52052
75 52257
75 52258
75 52359
75 52371
75 52520
75 52567
75 52605
75 52824
75 52961
75 53045
75 53554
75 53640
75 53749
75 53750
75 53779
75 54032
75 54332
75 54381
75 54602
75 54631
75 54632
75 54889
75 54911
75 55067
75 55209
75 55437
75 55463
75 55624
75 55924
75 56006
75 56045
75 56047
75 56202
75 56221
75 56740
75 56834
75 56884
75 56971
75 56997
75 57033
75 57088
75 57253
75 57505
75 57516
75 57602
75 57685
75 57709
75 57808
75 57823
75 57855
75 58041
75 58085
75 58133
75 58258
75 58322
75 58896
75 59055
75 59105
75 59179
75 59348
75 59540
75 59814
75 59823
75 59962
75 60118
75 60184
75 60355
75 60397
75 60581
75 60594
75 60671
75 60759
75 60934
75 60982
75 61188
75 61219
75 61354
75 61366
75 61524
75 61694
75 61710
75 61732
75 61736
75 62102
75 62344
75 62421
75 62443
75 62461
75 62547
75 62599
75 62605
75 62788
75 62863
75 62977
75 63094
75 63178
75 63216
75 63312
75 63326
75 63350
75 63409
75 63548
75 63909
75 64053
75 64208
75 64327
75 64438
75 64445
75 64523
75 64659
75 64886
75 64890
75 65223
75 65638
75 65689
75 65803
75 66098
75 66259
75 66444
75 66492
75 66758
75 66858
75 66895
75 66936
75 66969
75 67012
75 67033
75 67046
75 67168
75 67221
75 67431
75 67457
75 67500
75 67513
75 67532
75 67547
75 67568
75 67633
75 67676
75 67691
75 67742
75 67745
75 68081
75 68086
75 68222
75 68362
75 68699
75 68953
75 69258
75 69280
75 69313
75 69331
75 69353
75 69499
75 69515
75 69614
75 69640
75 69659
75 69711
75 70048
75 70129
75 70192
75 70321
75 70380
75 70399
75 70430
75 70544
75 70700
75 70704
75 70739
75 70796
75 71123
75 71158
75 71291
75 71324
75 71353
75 71760
75 71805
75 71927
75 71999
75 72227
75 72276
75 72289
75 72554
75 72589
75 72617
75 72798
75 72825
75 72930
75 72933
75 73205
75 73329
75 73357
75 73420
75 73427
75 73472
75 73492
75 73525
75 73604
75 73649
75 73663
75 73682
75 73812
75 74085
75 74143
75 74310
75 74449
75 74512
75 74589
75 74735
75 74766
75 74907
75 75156
75 75187
75 75301
75 75548
75 75634
75 75869
75 75901
75 75902
75 75949
75 76048
75 76784
75 76918
75 77038
75 77163
75 77181
75 77322
75 77414
75 77597
75 77643
75 77735
75 77802
75 77835
75 78025
75 78135
75 78208
75 78328
75 78344
75 78520
75 78726
75 78781
75 78830
75 78955
75 79028
75 79029
75 79036
75 79166
75 79191
75 79263
75 79294
75 79357
75 79377
75 79504
75 79532
75 79574
75 79607
75 79706
75 79835
75 79858
75 79880
75 79959
75 79966
75 80067
75 80155
75 80217
75 80240
75 80449
75 80467
75 80521
75 80677
75 80683
75 80971
75 81007
75 81527
75 81948
75 82026
75 82243
75 82259
75 82375
75 82412
75 82495
75 82543
75 82554
75 82603
75 82723
75 82748
75 82750
75 82929
75 83536
75 83612
75 83863
75 84124
75 84226
75 84904
75 84950
75 84965
75 85049
75 85123
75 85320
75 85453
75 85590
75 85665
75 85706
75 85768
75 85860
75 85865
75 85874
75 85987
75 86034
75 86050
75 86239
75 86310
75 86375
75 86471
75 86483
75 86533
75 86669
75 86713
75 86718
75 86825
75 87012
75 87034
75 87230
75 87561
75 87595
75 87603
75 87610
75 87625
75 87718
75 87731
75 87774
75 87887
75 87972
75 88134
75 88208
75 88418
75 88446
75 88492
75 88842
75 88905
75 88990
75 89111
75 89121
71 19
71 157
71 169
71 261
71 275
71 446
71 559
71 637
71 787
71 811
71 842
71 865
71 1073
71 1089
71 1145
71 1192
71 1224
71 1225
71 1262
71 1299
71 1318
71 1384
71 1396
71 1798
71 1820
71 1918
71 1919
71 2095
71 2129
71 2421
71 2480
71 2536
71 2636
71 2692
71 2795
71 2864
71 2870
71 2914
71 3036
71 3094
71 3210
71 3470
71 3487
71 3594
71 3652
71 3678
71 3791
71 3821
71 3833
71 3873
71 3959
71 4363
71 4655
71 4863
71 5006
71 5112
71 5393
71 5443
71 5535
71 5573
71 5630
71 5682
71 5725
71 5800
71 5836
71 5913
71 5928
71 5951
71 5989
71 6066
71 6183
71 6436
71 6632
71 6769
71 6861
71 6900
71 6982
71 7044
71 7059
71 7073
71 7213
71 7240
71 7242
71 7286
71 7628
71 7631
71 7644
71 7710
71 7744
71 7827
71 7926
71 7958
71 8009
71 8274
71 8317
71 8373
71 8487
71 8511
71 8544
71 8638
71 8773
71 8811
71 8888
71 8893
71 8922
71 8930
71 9095
71 9309
71 9334
71 9639
71 9656
71 9679
71 9695
71 9834
71 9875
71 10056
71 10204
71 10465
71 10628
71 10730
71 10759
71 10788
71 10795
71 11081
71 11255
71 11416
71 11423
71 11480
71 11482
71 11507
71 11553
71 11607
71 11622
71 11684
71 12049
71 12234
71 12290
71 12361
71 12370
71 12445
71 12535
71 12582
71 12991
71 13250
71 13328
71 13448
71 13502
71 13554
71 13598
71 13641
71 13876
71 13905
71 14104
71 14137
71 14173
71 14356
71 14394
71 14670
71 14681
71 14726
71 14771
71 14787
71 15025
71 15094
71 15191
71 15204
71 15380
71 15422
71 15598
71 15636
71 15645
71 15714
71 15745
71 15789
71 15808
71 15977
71 16091
71 16102
71 16184
71 16228
71 16237
71 16337
71 16383
71 16413
71 16453
71 16842
71 16900
71 17220
71 17255
71 17566
71 17611
71 17710
71 17749
71 17753
71 17792
71 18030
71 18070
71 18314
71 18353
71 18366
71 18480
71 18495
71 18527
71 18763
71 18871
71 18989
71 19057
71 19357
71 19625
71 19628
71 19686
71 19844
71 19915
71 20071
71 20162
71 20229
71 20284
71 20364
71 20520
71 20570
71 20733
71 20858
71 20867
71 20985
71 21068
71 21082
71 21100
71 21136
71 21144
71 21160
71 21468
71 21638
71 21654
71 21668
71 21788
71 21829
71 22048
71 22137
71 22196
71 22279
71 22330
71 22446
71 22539
71 22553
71 22772
71 22929
71 22971
71 23252
71 23321
71 23610
71 23697
71 23945
71 24004
71 24065
71 24313
71 24366
71 24680
71 24729
71 24733
71 24737
71 24846
71 24875
71 25316
71 25403
71 25431
71 25635
71 25646
71 25702
71 25705
71 25866
71 25889
71 26254
71 26319
71 26475
71 26648
71 26688
71 26885
71 26960
71 26964
71 26983
71 27035
71 27180
71 27417
71 27505
71 27588
71 27707
71 27832
71 28014
71 28056
71 28181
71 28291
71 28329
71 28631
71 28766
71 28877
71 29033
71 29160
71 29341
71 29351
71 29379
71 29418
71 29465
71 29523
71 29800
71 30025
71 30056
71 30300
71 30302
71 30386
71 30531
71 30557
71 30563
71 30574
71 30733
71 30940
71 31139
71 31259
71 31442
71 31496
71 31597
71 32045
71 32127
71 32517
71 32535
71 32617
71 33080
71 33290
71 33484
71 33617
71 33781
71 34167
71 34173
71 34297
71 34360
71 34431
71 34504
71 34651
71 34657
71 34688
71 34813
71 34815
71 34850
71 34938
71 34959
71 35037
71 35207
71 35310
71 35320
71 35447
71 35600
71 35662
71 35815
71 35820
71 35873
71 35970
71 36211
71 36223
71 36252
71 36697
71 36824
71 37072
71 37100
71 37207
71 37522
71 37589
71 37639
71 37746
71 37798
71 37831
71 37937
71 37975
71 38186
71 38269
71 38440
71 38665
71 38710
71 38892
71 38997
71 39008
71 39081
71 39262
71 39343
71 39359
71 39372
71 39459
71 39600
71 39890
71 39920
71 39964
71 40034
71 40285
71 40583
71 40739
71 40825
71 40876
71 40959
71 41007
71 41223
71 41265
71 41442
71 41507
71 41972
71 42048
71 42148
71 42193
71 42194
71 42327
71 42427
71 42586
71 42596
71 42599
71 42722
71 42908
71 43257
71 43299
71 43645
71 43870
71 44090
71 44174
71 44479
71 44894
71 44957
71 45022
71 45052
71 45057
71 45141
71 45382
71 45387
71 45628
71 45686
71 46027
71 46040
71 46281
71 46717
71 46835
71 46970
71 47201
71 47296
71 47319
71 47448
71 47547
71 47651
71 47701
71 47741
71 47815
71 47847
71 47936
71 48056
71 48152
71 48233
71 48338
71 48462
71 48817
71 48935
71 48966
71 48979
71 48988
71 49108
71 49139
71 49450
71 49491
71 49596
71 49612
71 49724
71 49859
71 49873
71 49945
71 50086
71 50146
71 50367
71 50388
71 50412
71 50432
71 50560
71 50600
71 50805
71 50938
71 50966
71 50978
71 51092
71 51221
71 51269
71 51389
71 51449
71 51578
71 51763
71 51841
71 51899
71 51968
71 52029
71 52369
71 52495
71 52640
71 52700
71 52818
71 52851
71 53245
71 53327
71 53397
71 53416
71 53547
71 53561
71 53615
71 53674
71 53724
71 53747
71 53884
71 54008
71 54120
71 54236
71 54256
71 54366
71 54389
71 54572
71 54693
71 54718
71 54786
71 54802
71 54869
71 54936
71 54977
71 55152
71 55205
71 55270
71 55367
71 55393
71 55432
71 55815
71 55923
71 56092
71 56331
71 56436
71 56682
71 57070
71 57208
71 57562
71 57595
71 57637
71 57649
71 57674
71 57701
71 57764
71 57825
71 57828
71 57936
71 57978
71 58065
71 58077
71 58247
71 58439
71 58491
71 58574
71 58618
71 58656
71 58802
71 58864
71 58881
71 59074
71 59091
71 59309
71 59507
71 59710
71 59728
71 59851
71 60076
71 60096
71 60175
71 60252
71 60315
71 60376
71 60632
71 60696
71 60751
71 60830
71 61065
71 61128
71 61181
71 61227
71 61240
71 61311
71 61434
71 61637
71 61794
71 61854
71 61876
71 61878
71 61881
71 61975
71 61987
71 62000
71 62158
71 62223
71 62443
71 62498
71 62618
71 62683
71 62877
71 62883
71 62900
71 62929
71 62931
71 63384
71 63463
71 63685
71 63704
71 63758
71 63799
71 63981
71 64024
71 64184
71 64229
71 64432
71 64488
71 64518
71 64535
71 64726
71 64887
71 64975
71 65410
71 65465
71 65479
71 65588
71 65635
71 65642
71 65703
71 65734
71 65895
71 66048
71 66049
71 66076
71 66156
71 66237
71 66253
71 66262
71 66505
71 66942
71 67292
71 67398
71 67437
71 67637
71 67687
71 67702
71 67752
71 68155
71 68169
71 68364
71 68523
71 68534
71 68552
71 68607
71 68610
71 68786
71 68875
71 69483
71 69561
71 69774
71 69863
71 70032
71 70128
71 70144
71 70150
71 70251
71 70342
71 70530
71 70828
71 70940
71 71124
71 71146
71 71192
71 71206
71 71300
71 71320
71 71345
71 71349
71 71363
71 71389
71 71451
71 71970
71 72206
71 72274
71 72338
71 72420
71 72461
71 72502
71 72620
71 72637
71 72747
71 72779
71 72969
71 73126
71 73179
71 73200
71 73235
71 73591
71 73657
71 73684
71 73846
71 73902
71 73911
71 73983
71 74091
71 74114
71 74132
71 74367
71 74380
71 74705
71 74763
71 74915
71 74975
71 75007
71 75063
71 75166
71 75258
71 75305
71 75415
71 75459
71 75559
71 75600
71 75619
71 75730
71 75746
71 76050
71 76189
71 76192
71 76394
71 76482
71 76658
71 76887
71 77112
71 77183
71 77220
71 77323
71 77753
71 77977
71 78209
71 78297
71 78458
71 78675
71 78681
71 78698
71 78716
71 78991
71 79203
71 79217
71 79234
71 79238
71 79310
71 79317
71 79366
71 79497
71 79521
71 79742
71 79745
71 80016
71 80041
71 80184
71 80219
71 80303
71 80420
71 80531
71 80578
71 80590
71 80717
71 80808
71 80933
71 80998
71 81083
71 81232
71 81473
71 81618
71 81679
71 81712
71 81870
71 81877
71 81972
71 82002
71 82282
71 82352
71 82363
71 82414
71 82534
71 82608
71 82640
71 82971
71 83187
71 83206
71 83266
71 83316
71 83407
71 83691
71 83791
71 83801
71 83826
71 83835
71 83898
71 83905
71 84033
71 84118
71 84170
71 84245
71 84251
71 84275
71 84287
71 84321
71 84389
71 84399
71 84528
71 84537
71 84562
71 84713
71 84789
71 84840
71 84872
71 84879
71 84947
71 85272
71 85723
71 85897
71 85945
71 86088
71 86336
71 86371
71 86571
71 86623
71 86735
71 86766
71 86802
71 86808
71 86809
71 86881
71 86948
71 87079
71 87104
71 87108
71 87180
71 87278
71 87339
71 87449
71 87467
71 87538
71 88110
71 88164
71 88584
71 88625
71 88661
71 88684
71 88695
71 88745
71 88831
71 88938
71 88974
71 89114
71 89271
71 89403
71 89662
71 89774
72 111
72 375
72 379
72 449
72 572
72 758
72 944
72 960
72 993
72 1030
72 1476
72 1477
72 1535
72 1909
72 2388
72 2396
72 2496
72 2525
72 2623
72 2682
72 2730
72 2753
72 2840
72 2973
72 3175
72 3567
72 3584
72 3609
72 3657
72 3672
72 3696
72 3774
72 3836
72 3858
72 3894
72 4110
72 4152
72 4161
72 4176
72 4593
72 4695
72 5050
72 5194
72 5287
72 5476
72 5606
72 5677
72 5746
72 5953
72 6037
72 6121
72 6277
72 6338
72 6578
72 6738
72 6772
72 6816
72 6892
72 6934
72 7083
72 7236
72 7499
72 7621
72 7702
72 7723
72 7791
72 7917
72 8148
72 8355
72 8485
72 8492
72 8549
72 8690
72 8715
72 9049
72 9149
72 9173
72 9205
72 9376
72 9895
72 9897
74 39230
74 39320
74 39326
74 39415
74 39520
74 39536
74 39580
74 39634
74 39783
74 39996
74 40191
74 40203
74 40362
74 40391
74 40419
74 40654
74 40700
74 40903
74 41115
74 41131
74 41167
74 41426
74 41553
74 41696
74 41981
74 42062
74 42085
74 42140
74 42145
74 42191
74 42217
74 42243
74 42254
74 42355
74 42465
74 42469
74 42868
74 42955
74 42968
74 43044
74 43226
74 43433
74 43649
74 43783
74 43823
74 44055
74 44082
74 44399
74 44415
74 44600
74 44615
74 44653
74 44659
74 44712
74 44751
74 44757
74 44767
74 45010
74 45063
74 45448
74 45466
74 45472
74 45563
74 45597
74 45689
74 45743
74 45814
74 46021
74 46207
74 46219
74 46251
74 46444
74 46639
74 46674
74 47162
74 47510
74 47602
74 47714
74 48096
74 48120
74 48189
74 48235
74 48270
74 48433
74 48522
74 48547
74 48626
74 48632
74 48690
74 48751
74 48771
74 48779
74 48857
74 48861
74 49072
74 49398
74 49583
74 49599
74 49618
74 49830
74 49943
74 49956
74 49974
74 50037
74 50147
74 50499
74 50581
74 50716
74 50786
74 51035
74 51097
74 51227
74 51234
74 51253
74 51254
74 51281
74 51387
74 51404
74 51438
74 51794
74 51836
74 51898
74 51949
74 52238
74 52276
74 52412
74 52677
74 52766
74 52790
74 52811
74 52886
74 53193
74 53326
74 53350
74 53482
74 53484
74 53515
74 53532
74 53712
74 53804
74 53812
74 54128
74 54135
74 54186
74 54193
74 54231
74 54279
74 54531
74 54804
74 54806
74 54939
74 54995
74 55234
74 55245
74 55354
74 55555
74 55610
74 55623
74 55719
74 55725
74 55752
74 55867
74 55999
74 56147
74 56205
74 56359
74 56450
74 56584
74 56989
74 57038
74 57605
74 57660
74 57675
74 57689
74 57770
74 57788
74 57927
74 58162
74 58360
74 58493
74 58612
74 58700
74 58784
74 58800
74 58825
74 58836
74 58897
74 58986
74 59131
74 59172
74 59216
74 59228
74 59232
74 59568
74 59601
74 59730
74 59849
74 60068
74 60350
74 60493
74 60527
74 60728
74 60787
74 60803
74 61010
74 61100
74 61170
74 61424
74 61674
74 62050
74 62066
74 62082
74 62162
74 62183
74 62249
74 62349
74 62700
74 62726
74 62877
74 62961
74 63131
74 63307
74 63573
74 63852
74 64044
74 64154
74 64218
74 64242
74 64369
74 64417
74 64441
74 64483
74 64485
74 64542
74 64544
74 64585
74 64697
74 64724
74 64737
74 64789
74 64833
74 65300
74 65467
74 65490
74 65630
74 65865
74 65867
74 65970
74 66115
74 66219
74 66225
74 66283
74 66329
74 66390
74 66508
74 66684
74 66912
74 67255
74 67293
74 67301
74 67392
74 67460
74 67472
74 67637
74 67646
74 68194
74 68271
74 68742
74 68757
74 68948
74 68958
74 69031
74 69243
74 69363
74 69408
74 69630
74 69638
74 69651
74 69744
74 69844
74 69997
74 70176
74 70224
74 70673
74 70678
74 70834
74 70905
74 70911
74 71077
74 71202
74 71345
74 71425
74 71777
74 71794
74 71874
74 71884
74 72111
74 72158
74 72167
74 72248
74 72261
74 72420
74 72480
74 72658
74 72665
74 72698
74 72751
74 72892
74 72935
74 73109
74 73128
74 73151
74 73324
74 73381
74 74105
74 74159
74 74226
74 74233
74 74427
74 74447
74 74468
74 74585
74 74700
74 74766
74 74979
74 75078
74 75087
74 75190
74 75483
74 75783
74 75807
74 75862
74 75889
74 75957
74 75959
74 75984
74 76084
74 76326
74 76457
74 76478
74 76503
74 76557
74 76692
74 76741
74 76886
74 76976
74 77029
74 77050
74 77093
74 77305
74 77362
74 77411
74 77587
74 77646
74 77830
74 77954
74 78108
74 78253
74 78352
74 78683
74 78684
74 78890
74 78967
74 78999
74 79159
74 79250
74 79282
74 79383
74 79450
74 79514
74 79933
74 80072
74 80096
74 80374
74 80434
74 80553
74 80634
74 80746
74 80944
74 81002
74 81032
74 81087
74 81092
74 81326
74 81443
74 81601
74 81691
74 81727
74 81764
74 81986
74 82004
74 82365
74 82380
74 82412
74 82832
74 82994
74 83110
74 83235
74 83429
74 83430
74 83455
74 83604
74 83666
74 83766
74 83838
74 83909
74 84204
74 84355
74 84380
74 84682
74 84692
74 84873
74 84943
74 84981
74 85028
74 85195
74 85271
74 85454
74 85886
74 86024
74 86139
74 86306
74 86437
74 86491
74 86501
74 86509
74 86536
74 86553
74 86555
74 86625
74 86643
74 86842
74 86912
74 86922
74 87234
74 87372
74 87735
74 87743
74 87840
74 87936
74 88020
74 88028
74 88052
74 88102
74 88169
74 88239
74 88335
74 88429
74 88601
74 88626
74 88716
74 88910
74 88924
74 89080
74 89102
74 89396
74 89628
74 89738
74 89919
69 87373
69 87398
69 87768
69 88014
69 88176
69 88243
69 88327
69 88389
69 88672
69 88673
69 88702
69 89237
69 89391
69 89402
69 89421
69 89497
69 89548
69 89587
69 89641
69 89658
69 89724
69 89772
69 89785
69 89908
69 90214
69 90437
69 90593
69 90850
69 90889
69 90961
69 91027
69 91044
69 91139
69 91435
69 91609
69 91720
69 91840
69 91887
69 91913
69 92238
69 92315
69 92346
69 92376
69 92388
69 92489
69 92630
69 92644
69 92673
69 92860
69 92962
69 93062
69 93209
69 93564
69 93639
69 93819
69 93879
69 93899
69 93903
69 93917
69 93939
69 94201
69 94416
69 94450
69 94486
69 94568
69 95003
69 95005
69 95009
69 95011
69 95019
69 95168
69 95229
69 95262
69 95590
69 95633
69 96073
69 96090
69 96178
69 96198
69 96284
69 96441
69 96602
69 96610
69 96673
69 96682
69 96813
69 96916
69 97025
69 97053
69 97237
69 97243
69 97504
69 97591
69 97602
69 97845
69 97860
69 97876
69 97989
69 98072
69 98122
69 98418
69 98551
69 98650
69 98678
69 98726
69 98826
69 98931
69 98952
69 98982
69 99026
69 99160
69 99454
69 99540
69 99545
69 99594
69 99609
69 99674
69 99756
69 99798
69 99841
69 99905
69 100028
69 100039
69 100211
69 100232
69 100279
69 100285
69 100297
69 100419
69 100679
69 100809
69 100810
69 101058
69 101252
69 101428
69 101470
69 101558
69 101865
69 101915
69 102086
69 102202
69 102404
69 102505
69 102523
69 102551
69 102553
69 102555
69 102643
69 102747
69 102796
69 102973
69 102991
69 103096
69 103329
69 103465
69 103731
69 103751
69 103770
69 103872
69 103891
69 103904
69 103969
69 104020
69 104253
69 104306
69 104605
69 104730
69 104815
69 104953
69 105050
69 105631
69 105651
69 105670
69 105711
69 105817
69 105818
69 105866
69 105891
69 105930
69 105960
69 106189
69 106237
69 106323
69 106350
69 106535
69 106615
69 106735
69 106847
69 106887
69 107092
69 107301
69 107439
69 107518
69 107706
69 108119
69 108247
69 108736
69 109039
69 109157
69 109171
69 109235
69 109310
69 109439
69 109551
69 109606
69 109609
69 109677
69 110014
69 110055
69 110193
69 110441
69 110459
69 110607
69 110689
69 110695
69 110815
69 110874
69 110943
69 111033
69 111145
69 111244
69 111375
69 111437
69 111538
69 111581
69 111594
69 111922
69 111952
69 111955
69 112014
69 112311
69 112314
69 112418
69 112445
69 112629
69 112639
69 112778
69 112936
69 113077
69 113109
69 113216
69 113230
69 113286
69 113589
69 113676
69 113699
69 113721
69 113858
69 113971
69 114157
69 114160
69 114195
69 114238
69 114297
69 114465
69 114590
69 114744
69 114758
69 114813
69 114820
69 114840
69 114965
69 115125
69 115360
69 115368
69 115381
69 115457
69 115465
69 115486
69 115556
69 115866
69 115960
69 115992
69 116029
69 116413
69 116450
69 116897
69 116899
69 117160
69 117222
69 117252
69 117293
69 117551
69 117578
69 117608
69 117778
69 117859
69 117942
69 117958
69 118192
69 118246
69 118567
69 118736
69 118888
69 118905
69 119148
69 119380
69 119424
69 119818
69 119965
69 119995
69 120497
69 120509
69 120583
69 120679
69 120770
69 121005
69 121036
69 121084
69 121104
69 121112
69 121124
69 121206
69 121238
69 121335
69 121416
69 121426
69 121439
69 121508
69 121561
69 121753
69 121775
69 121839
69 122231
69 122236
69 122386
69 122413
69 122425
69 122452
69 122482
69 122729
69 122821
69 122884
69 122976
69 123047
69 123134
69 123262
69 123276
69 123413
69 123428
69 123444
69 123577
69 123647
69 123952
69 124195
69 124233
69 124376
69 124765
69 124892
69 125272
69 125284
69 125606
69 125620
69 125652
69 125901
69 125995
69 126154
69 126253
69 126297
69 126567
69 126573
69 126604
69 126675
69 126837
69 126842
69 126972
69 127027
69 127092
69 127201
69 127206
69 127343
69 127541
69 127769
69 127902
69 127966
69 127978
69 128325
69 128759
69 128786
69 128891
69 129136
69 129170
69 129175
69 129201
69 129213
69 129269
69 129411
69 129440
69 129546
69 129651
69 129710
69 129807
69 129857
69 129954
69 129977
69 130058
69 130090
69 130186
69 130262
69 130341
69 130344
69 130729
69 130806
69 130960
69 131005
69 131016
69 131027
69 131207
69 131231
69 131274
69 131455
69 131776
69 131784
69 131796
69 131885
69 132035
69 132126
69 132137
69 132163
69 132199
69 132321
69 132445
69 132448
69 133015
69 133136
69 133216
69 133364
69 133382
69 133686
69 133745
69 133791
69 133908
69 133948
69 134001
69 134003
69 134145
69 134148
69 134276
69 134347
69 134357
69 134528
69 134571
69 134600
69 134695
69 134755
69 134813
69 134868
69 135043
69 135047
69 135115
69 135164
69 135169
69 135274
69 135285
69 135345
69 135542
69 135581
69 135672
69 135811
69 135987
69 136037
69 136045
69 136100
69 136146
69 136230
69 136287
69 136417
69 136457
69 136609
69 136625
69 136756
69 136816
69 136838
69 136906
69 136952
69 137124
69 137232
69 137285
69 137296
69 137576
69 137587
69 137674
69 137723
69 137864
69 137873
69 137926
69 138167
69 138371
69 138469
69 138564
69 138582
69 138596
69 138623
69 138663
69 138675
69 138829
69 139180
69 139214
69 139254
69 139350
69 139394
69 139462
69 139480
69 139528
69 139611
69 140095
69 140188
69 140313
69 140451
69 140469
69 140543
69 140561
69 140632
69 140807
69 141059
69 141117
69 141150
69 141290
69 141326
69 141419
69 141430
69 141682
69 141913
69 141969
69 141999
69 142090
69 142151
69 142208
69 142263
69 142438
69 142447
69 142582
69 142587
69 142643
69 142681
69 142806
69 143073
69 143117
69 143200
69 143229
69 143264
69 143298
69 143420
69 143449
69 143468
69 143474
69 143522
69 144078
69 144216
69 144240
69 144258
69 144481
69 144677
69 144882
69 145271
69 145457
69 145488
69 145510
69 145569
69 145847
69 145941
69 145951
69 145989
69 146090
69 146177
69 146185
69 146223
69 146283
69 146297
69 146403
69 146494
69 146504
69 146511
69 146558
69 146626
69 146638
69 146698
69 146709
69 146802
69 147003
69 147269
69 147290
69 147303
69 147364
69 147499
69 147697
69 147720
69 147770
69 147829
69 147901
69 148089
69 148175
69 148199
69 148243
69 148570
69 148677
69 148888
69 148986
69 149059
69 149118
69 149143
69 149302
69 149393
69 149534
69 150016
69 150297
69 150298
69 150396
69 150409
69 150511
69 150627
69 150662
69 150916
69 150918
69 150945
69 150965
69 151007
69 151217
69 151501
69 151564
69 151627
69 151913
69 151966
69 151988
69 152049
69 152109
69 152365
69 152499
69 152518
69 152847
69 152927
69 153034
69 153231
69 153269
69 153551
69 153728
69 153751
69 153847
69 153920
69 153960
69 153969
69 153997
69 154107
69 154540
69 154572
69 154621
69 154854
69 154918
69 154926
69 155061
69 155233
69 155243
69 155278
69 155366
69 155515
69 155526
69 155681
69 155745
69 155851
69 155876
69 155912
69 156186
69 156616
69 156656
69 156696
69 156817
69 156857
69 156882
69 156977
69 157046
69 157165
69 157200
69 157321
69 157345
69 157402
69 157427
69 157615
69 157914
69 157942
69 158038
69 158144
69 158178
69 158241
69 158285
69 158358
69 158362
69 158442
69 158644
69 158724
69 158730
69 158741
69 158749
69 158801
69 158810
69 158853
69 158870
69 159422
69 159459
69 159738
69 159775
69 159830
69 159847
69 160178
69 160192
69 160849
69 160902
69 161071
69 161226
69 161240
69 161264
69 161543
69 161547
69 161664
69 161667
69 161765
69 161805
69 161888
69 161958
69 162180
69 162217
69 162313
69 162416
69 162480
69 162691
69 162834
69 163000
69 163042
69 163072
69 163097
69 163232
69 163262
69 163278
69 163385
69 163685
69 163702
69 163763
69 163864
69 164201
69 164294
69 164327
69 164403
69 164491
69 164534
69 164660
69 164703
69 164899
69 164966
69 165001
69 165078
69 165347
69 165361
69 165411
69 165460
69 165481
69 165492
69 165536
69 166154
69 166311
69 166506
69 166538
69 166647
69 166963
69 166973
69 166981
69 167083
69 167087
69 167129
69 167167
69 167231
69 167354
69 167522
69 167642
69 167644
69 167684
69 167853
69 167896
69 167965
69 168248
69 168263
69 168370
69 168545
69 168619
69 168752
69 168967
69 169042
69 169186
69 169232
69 169302
69 169431
69 169520
69 169585
69 169646
69 169729
69 169871
69 169952
69 170329
69 170359
69 170379
69 170506
69 170552
69 170701
69 170755
69 170795
69 170912
69 170931
69 170973
69 171253
69 171310
69 171600
69 171607
69 171704
69 171780
69 171815
69 171882
69 172166
69 173111
69 173119
69 173156
69 173465
69 173567
69 173652
69 173664
69 174032
69 174199
69 174260
69 174264
69 174301
69 174343
69 174403
69 174676
69 174706
69 175118
69 175152
69 175183
69 175290
69 175297
69 175382
69 175459
69 175462
69 175470
69 175528
69 175538
69 175602
69 175616
69 175803
69 175922
69 175975
69 176290
69 176326
69 176463
69 176466
69 176547
69 176623
69 176774
69 176799
69 176832
69 176947
69 176962
69 177156
69 177181
69 177512
76 114
76 214
76 277
76 513
76 653
76 747
76 818
76 923
76 1214
76 1279
76 1315
76 1330
76 1398
76 1558
76 1634
76 1867
76 2030
76 2038
76 2122
76 2161
76 2232
76 2371
76 2489
76 2505
76 2651
76 2676
76 2705
76 2966
76 2975
76 3045
76 3123
76 3277
76 3326
76 3541
76 3739
76 3798
76 3830
76 4094
76 4245
76 4315
76 4327
76 4424
76 4432
76 4492
76 4519
76 4698
76 4811
76 4907
76 4969
76 5049
76 5067
76 5256
76 5410
76 5492
76 5498
76 5633
76 5696
76 6019
76 6027
76 6148
76 6224
76 6308
76 6325
76 6552
76 6553
76 6688
76 6816
76 6931
76 6951
76 6994
76 7347
76 7382
76 7413
76 7530
76 7717
76 7782
76 7916
76 7934
76 8045
76 8091
76 8184
76 8281
76 8341
76 8413
76 8495
76 8618
76 8622
76 8715
76 8744
76 8796
76 8874
76 8958
76 8988
76 9167
76 9324
76 9397
76 9534
76 9655
76 9658
76 9972
76 10129
76 10250
76 10437
76 10711
76 10736
76 11090
76 11150
76 11569
76 11805
76 11826
76 11890
76 12016
76 12122
76 12615
76 12755
76 12819
76 12825
76 12950
76 12966
76 13340
76 13375
76 13422
76 13564
76 13576
76 13587
76 13599
76 13644
76 13677
76 13810
76 14059
76 14087
76 14359
76 14476
76 14565
76 14597
76 14717
76 14779
76 14950
76 14978
76 15116
76 15141
76 15177
76 15264
76 15354
76 15411
76 15655
76 15685
76 15758
76 16075
76 16137
76 16405
76 16429
76 16529
76 16768
76 16818
76 16830
76 16863
76 17224
76 17433
76 17500
76 17546
76 17914
76 18147
76 18785
76 18915
76 19032
76 19198
76 19320
76 19347
76 19377
76 19413
76 19488
76 19620
76 19897
76 20016
76 20074
76 20192
76 20301
76 20573
76 20637
76 20821
76 21154
76 21281
76 21298
76 21384
76 21531
76 21570
76 21585
76 21614
76 21665
76 21708
76 21932
76 21967
76 22012
76 22063
76 22189
76 22370
76 22601
76 22762
76 22831
76 22883
76 22893
76 22954
76 22985
76 23025
76 23082
76 23311
76 23355
76 23936
76 24250
76 24399
76 24429
76 24639
76 24727
76 24981
76 25047
76 25083
76 25119
76 25248
76 25819
76 25907
76 26132
76 26211
76 26308
76 26489
76 26695
76 26826
76 26896
76 26922
76 27041
76 27084
76 27114
76 27186
76 27236
76 27278
76 27282
76 27478
76 27676
76 27772
76 27789
76 27874
76 27955
76 27987
76 28165
76 28310
76 28340
76 28393
76 28465
76 28568
76 28632
76 28746
76 28772
76 28877
76 28898
76 28939
76 28955
76 28999
76 29053
76 29054
76 29129
76 29164
76 29236
76 29625
76 29720
76 30082
76 30374
76 30432
76 30446
76 30505
76 30648
76 30767
76 30794
76 30816
76 30870
76 31092
76 31124
76 31137
76 31249
76 31458
76 31533
76 31551
76 31573
76 31644
76 31864
76 32047
76 32126
76 32159
76 32189
76 32377
76 32458
76 32534
76 32578
76 32758
76 32812
76 32850
76 32857
76 32914
76 32922
76 33004
76 33114
76 33309
76 33567
76 33692
76 33741
76 33750
76 33863
76 33929
76 34267
76 34334
76 34353
76 34529
76 34732
76 34742
76 34817
76 34958
76 35041
76 35058
76 35195
76 35255
76 35390
76 35408
76 36049
76 36178
76 36273
76 36297
76 36643
76 36738
76 36848
76 36864
76 36894
76 37356
76 37649
76 37719
76 37869
76 37870
76 38206
76 38386
76 38424
76 38458
76 38524
76 38704
76 38752
76 38808
76 38977
76 39256
76 39345
76 39378
76 39428
76 39630
76 39669
76 39673
76 39708
76 39732
76 39741
76 40085
76 40339
76 40391
76 40589
76 40690
76 40741
76 40874
76 40920
76 41292
76 41299
76 41321
76 41507
76 41595
76 41618
76 41635
76 41872
76 41907
76 42151
76 42216
76 42290
76 42398
76 42406
76 42470
76 42485
76 42492
76 42506
76 42529
76 42632
76 42728
76 42732
76 42871
76 42928
76 42933
76 42943
76 42993
76 43030
76 43060
76 43352
76 43420
76 43483
76 43484
76 44266
76 44351
76 44476
76 44598
76 44627
76 44728
76 44732
76 44736
76 44816
76 44832
76 44991
76 45000
76 45092
76 45137
76 45301
76 45304
76 45494
76 45589
76 45622
76 45658
76 45861
76 45972
76 46114
76 46126
76 46266
76 46466
76 46547
76 46639
76 46699
76 46767
76 46798
76 46853
76 46863
76 46914
76 46976
76 46992
76 47013
76 47035
76 47039
76 47107
76 47121
76 47141
76 47367
76 47426
76 47503
76 47627
76 47641
76 47961
76 47997
76 48063
76 48140
76 48510
76 48524
76 48542
76 48640
76 48719
76 48774
76 48982
76 49370
76 49417
76 49538
76 49559
76 49587
76 49672
76 49754
76 49893
76 49985
76 50048
76 50068
76 50122
76 50159
76 50264
76 50281
76 50433
76 50436
76 50482
76 50553
76 50833
76 50949
76 51099
76 51124
76 51357
76 51451
76 51475
76 51699
76 51968
76 52063
76 52088
76 52154
76 52256
76 52349
76 52641
76 52762
76 52799
76 52876
76 52890
76 53116
76 53146
76 53226
76 53306
76 53312
76 53719
76 53741
76 53782
76 53806
76 53862
76 53894
76 53923
76 54074
76 54103
76 54124
76 54151
76 54194
76 54245
76 54307
76 54320
76 54426
76 54493
76 54543
76 54574
76 54604
76 54876
76 55105
76 55320
76 55528
76 55803
76 55818
76 55841
76 55992
76 56334
76 56385
76 56438
76 56451
76 56586
76 56724
76 56854
76 56938
76 57064
76 57370
76 57493
76 57533
76 57688
76 57715
76 57729
76 57949
76 57993
76 58127
76 58211
76 58571
76 58703
76 58729
76 58792
76 58983
76 59046
76 59089
76 59262
76 59317
76 59320
76 59407
76 59485
76 59501
76 59557
76 59577
76 59729
76 59959
76 60012
76 60185
76 60341
76 60361
76 60376
76 60548
76 60576
76 60674
76 60716
76 60763
76 60807
76 60858
76 61048
76 61131
76 61227
76 61265
76 61371
76 61393
76 61475
76 61553
76 61794
76 61819
76 61848
76 61896
76 61988
76 62220
76 62247
76 62350
76 62455
76 62473
76 62620
76 62695
76 62811
76 63187
76 63271
76 63332
76 63391
76 63392
76 63613
76 63667
76 63798
76 63920
76 64001
76 64051
76 64239
76 64244
76 64334
76 64531
76 64668
76 65142
76 65145
76 65147
76 65155
76 65333
76 65476
76 65600
76 65709
76 65794
76 65951
76 66019
76 66109
76 66136
76 66165
76 66168
76 66294
76 66365
76 66648
76 66691
76 66701
76 66771
76 67047
76 67078
76 67158
76 67210
76 67221
76 67349
76 67388
76 67397
76 67415
76 67452
76 67681
76 67716
76 67718
76 67821
76 67896
76 67944
76 67981
76 68131
76 68149
76 68210
76 68247
76 68340
76 68436
76 68482
76 68731
76 68833
76 68865
76 69117
76 69166
76 69190
76 69239
76 69461
76 70040
76 70050
76 70119
76 70246
76 70735
76 70940
76 71193
76 71283
76 71392
76 71507
76 71712
76 71914
76 71921
76 71924
76 72025
76 72131
76 72249
76 72370
76 72382
76 72396
76 72503
76 72618
76 72669
76 72714
76 72741
76 72803
76 72884
76 72974
76 73241
76 73302
76 73396
76 73465
76 73791
76 73817
76 73847
76 73896
76 73992
76 74102
76 74208
76 74314
76 74849
76 74897
76 74902
76 74958
76 75057
76 75063
76 75088
76 75105
76 75250
76 75275
76 75279
76 75339
76 75654
76 75854
76 75953
76 76029
76 76037
76 76065
76 76131
76 76202
76 76227
76 76552
76 76676
76 76920
76 76937
76 77015
76 77154
76 77197
76 77216
76 77428
76 77512
76 77589
76 77706
76 77714
76 77780
76 78314
76 78320
76 78409
76 78457
76 78488
76 78919
76 79085
76 79143
76 79375
76 79420
76 79675
76 79733
76 79827
76 79864
76 79875
76 80019
76 80072
76 80105
76 80301
76 80532
76 80713
76 80895
76 81023
76 81377
76 81716
76 81890
76 81920
76 81922
76 82346
76 82472
76 82512
76 82845
76 82879
76 82892
76 82895
76 82900
76 83160
76 83275
76 83370
76 83508
76 83602
76 83773
76 84175
76 84194
76 84351
76 84382
76 84455
76 84544
76 84700
76 84767
76 84861
76 84883
76 84897
76 84898
76 84912
76 84923
76 85081
76 85274
76 85337
76 85522
76 85558
76 85904
76 85915
76 85963
76 86006
76 86092
76 86130
76 86204
76 86213
76 86239
76 86580
76 86598
76 86662
76 86718
76 86836
76 87094
76 87246
76 87619
76 87775
76 87815
76 87833
76 87937
76 88004
76 88044
76 88121
76 88221
76 88313
76 88512
76 88653
76 88804
76 88856
76 88942
76 89049
76 89224
76 89273
76 89344
76 89660
76 89673
76 89828
76 89836
76 89913
76 90279
76 90359
76 90527
76 90550
76 90607
76 90850
76 91073
76 91164
76 91327
76 91401
76 91409
76 91417
76 91887
76 92420
76 92738
76 92758
76 93337
70 169969
70 170056
70 170207
70 170210
70 170277
70 170318
70 170399
70 170483
70 170539
70 170590
70 170738
70 170844
70 170936
70 171010
70 171128
70 171193
70 171213
70 171431
70 171538
70 171611
70 171896
70 171915
70 171973
70 172152
70 172239
70 172266
70 172295
70 172735
70 172782
70 173010
70 173016
70 173468
70 173470
70 173517
70 173526
70 173765
70 174131
70 174165
70 174203
70 174227
70 174321
70 174578
70 174584
70 174591
70 174815
70 175016
70 175211
70 175300
70 175311
70 175387
70 175391
70 175425
70 175587
70 175609
70 175628
70 175766
70 176001
70 176031
70 176044
70 176047
70 176062
70 176262
70 176274
70 176480
70 176494
70 176496
70 176681
70 176843
70 176945
70 177186
70 177197
70 177219
70 177312
70 177366
70 177550
70 177579
70 177701
70 177741
70 177775
70 177941
70 177965
70 177992
70 178116
70 178130
70 178144
70 178371
70 178481
70 178679
70 178718
70 179025
70 179155
70 179366
70 179402
70 179405
70 179608
70 179609
70 179976
70 180126
70 180156
70 180223
70 180250
70 180285
70 180304
70 180370
70 180477
70 180505
70 180525
70 180684
70 180757
70 180844
70 180895
70 180908
70 180909
70 180991
70 181124
70 181260
70 181315
70 181437
70 181504
70 181661
70 181761
70 181867
70 181999
70 182288
70 182357
70 182447
70 182762
70 183050
70 183157
70 183205
70 183229
70 183535
70 183621
70 183644
70 183690
70 183762
70 183800
70 183846
70 183886
70 183931
70 184018
70 184019
70 184222
70 184507
70 184516
70 184527
70 184809
70 184916
70 185083
70 185278
70 185352
70 185369
70 185450
70 185455
70 185492
70 185558
70 185567
70 185595
70 185645
70 185913
70 186075
70 186140
70 186183
70 186286
70 186374
70 186445
70 186505
70 186534
70 186652
70 186699
70 186757
70 186884
70 186975
70 187041
70 187348
70 187356
70 187388
70 187453
70 187477
70 187556
70 187576
70 187778
70 187856
70 187878
70 187961
70 188019
70 188604
70 188753
70 188755
70 188757
70 188771
70 188829
70 188983
70 189025
70 189048
70 189131
70 189190
70 189216
70 189232
70 189257
70 189312
70 189364
70 189430
70 189465
70 189560
70 189772
70 189794
70 189806
70 189847
70 189875
70 189969
70 190037
70 190064
70 190303
70 190341
70 190363
70 190613
70 190649
70 190669
70 190778
70 190857
70 190876
70 190933
70 190971
70 190974
70 191162
70 191327
70 191371
70 191499
70 191592
70 191617
70 191734
70 192067
70 192103
70 192204
70 192214
70 192457
70 192475
70 192546
70 192693
70 192770
70 192792
70 192818
70 192882
70 192889
70 192891
70 192955
70 193032
70 193067
70 193080
70 193084
70 193085
70 193110
70 193146
70 193149
70 193292
70 193364
70 193403
70 193486
70 193534
70 193539
70 193817
70 194016
70 194071
70 194205
70 194305
70 194311
70 194510
70 194699
70 195117
70 195437
70 195492
70 195661
70 195943
70 196029
70 196049
70 196121
70 196148
70 196478
70 196531
70 196688
70 196771
70 196938
70 197087
70 197395
70 197600
70 197789
70 197882
70 198609
70 198675
70 198706
70 198715
70 198772
70 198805
70 199130
70 199464
70 199573
70 199613
70 199696
70 199776
70 199810
70 199964
70 199969
70 199974
70 200148
70 200165
70 200169
70 200400
70 200425
70 200507
70 200750
70 201109
70 201122
70 201215
70 201323
70 201408
70 201444
70 201605
70 201868
70 201929
70 202001
70 202152
70 202203
70 202210
70 202255
70 202326
70 202520
70 202650
70 202709
70 203104
70 203207
70 203220
70 203370
70 203395
70 203447
70 203507
70 203548
70 203600
70 203778
70 203989
70 204175
70 204290
70 204364
70 204438
70 204497
70 204534
70 204728
70 204740
70 204820
70 204951
70 205128
70 205144
70 205275
70 205506
70 205512
70 205568
70 205667
70 205690
70 206012
70 206097
70 206375
70 206448
70 206623
70 206635
70 206673
70 206930
70 207019
70 207035
70 207090
70 207176
70 207249
70 207715
70 207759
70 208010
70 208012
70 208017
70 208063
70 208093
70 208138
70 208270
70 208330
70 208398
70 208479
70 208525
70 208529
70 208547
70 208550
70 208616
70 208751
70 208768
70 208794
70 208810
70 208887
70 209053
70 209055
70 209124
70 209202
70 209213
70 209286
70 209544
70 209668
70 209755
70 209982
70 210073
70 210138
70 210287
70 210365
70 210502
70 210546
70 210553
70 210578
70 210633
70 210679
70 210766
70 210856
70 210918
70 211017
70 211029
70 211069
70 211139
70 211209
70 211336
70 211380
70 211397
70 211435
70 211495
70 211598
70 211700
70 211715
70 212036
70 212106
70 212116
70 212188
70 212498
70 212530
70 212535
70 212631
70 212967
70 213019
70 213110
70 213223
70 213323
70 213395
70 213739
70 213822
70 213938
70 213983
70 214152
70 214412
70 214413
70 214447
70 214451
70 215162
70 215174
70 215177
70 215185
70 215380
70 215522
70 215665
70 215695
70 215796
70 215872
70 215924
70 216020
70 216125
70 216136
70 216167
70 216239
70 216266
70 216311
70 216375
70 216629
70 216810
70 217079
70 217140
70 217187
70 217338
70 217484
70 217518
70 217615
70 217626
70 217747
70 217978
70 217985
70 218017
70 218172
70 218299
70 218401
70 218453
70 218596
70 218621
70 218673
70 219046
70 219048
70 219150
66 27
66 152
66 185
66 292
66 723
66 973
66 1144
66 1289
66 1395
66 1554
66 2059
66 2479
66 2486
66 2538
66 2542
66 2789
66 2887
66 3153
66 3398
66 3536
66 3544
66 3680
66 3804
66 3852
66 3863
66 3876
66 4172
66 4214
66 4516
66 4719
66 5099
66 5132
66 5152
66 5167
66 5220
66 5315
66 5418
66 5437
66 5555
66 5631
66 5667
66 5677
66 5715
66 5732
66 5869
66 6060
66 6310
66 6313
66 6355
66 6532
66 6572
66 6739
66 7139
66 7310
66 7350
66 7403
66 7700
66 7702
66 7823
66 7925
66 8216
66 8235
66 8338
66 8350
66 8434
66 8502
66 8678
66 8724
66 8742
66 8908
66 9017
66 9093
66 9152
66 9303
66 9479
66 9696
66 9797
66 9862
66 9877
66 10329
66 10375
66 10407
66 10409
66 10532
66 10540
66 10680
66 10733
66 10902
66 11048
66 11088
66 11116
66 11155
66 11336
66 11392
66 11661
66 11678
66 11822
66 11869
66 11927
66 11931
66 11946
66 12033
66 12092
66 12142
66 12256
66 12371
66 12408
66 12469
66 12519
66 12529
66 12620
66 12686
66 12697
66 12747
66 12780
66 12920
66 13039
66 13561
66 13620
66 13767
66 14136
66 14175
66 14194
66 14294
66 14329
66 14892
66 15093
66 15392
66 15406
66 15519
66 15680
66 15744
66 15767
66 16014
66 16246
66 16441
66 16547
66 16588
66 16614
66 16637
66 16941
66 17120
66 17190
66 17208
66 17265
66 17442
66 17554
66 17650
66 17787
66 17924
66 17936
66 17939
66 17952
66 17971
66 18323
66 18619
66 19335
66 19615
66 19812
66 19880
66 20198
66 20491
66 20530
66 20534
66 20758
66 20930
66 21179
66 21325
66 21410
66 21607
66 21665
66 21857
66 22169
66 22225
66 22304
66 22309
66 22498
66 22532
66 22582
66 22693
66 22810
66 22954
66 23224
66 23312
66 23338
66 23439
66 23467
66 23492
66 23615
66 23738
66 23761
66 23771
66 23811
66 23825
66 24009
66 24016
66 24120
66 24193
66 24505
66 24641
66 24749
66 24858
66 25041
66 25496
66 25542
66 25571
66 25584
66 25841
66 25863
66 25893
66 26422
66 26492
66 26604
66 26682
66 26696
66 26910
66 26951
66 26964
66 27098
66 27139
66 27232
66 27277
66 27341
66 27537
66 27574
66 27580
66 27859
66 27942
66 28040
66 28089
66 28189
66 28214
66 28309
66 28333
66 28363
66 28517
66 28620
66 28672
66 28784
66 28890
66 29067
66 29097
66 29351
66 29389
66 29455
66 29653
66 29712
66 29741
66 29765
66 29798
66 29951
66 29998
66 30017
66 30077
66 30144
66 30223
66 30259
66 30303
66 30345
66 30380
66 30433
66 30486
66 30587
66 30830
66 30858
66 30874
66 30905
66 30929
66 31039
66 31072
66 31108
66 31154
66 31446
66 31465
66 31611
66 31678
66 31876
66 32052
66 32311
66 32451
66 32566
66 32630
66 32690
66 32753
66 32778
66 32913
66 32930
66 33153
66 33279
66 33325
66 33455
66 33501
66 33509
66 33908
66 33973
66 34040
66 34050
66 34101
66 34108
66 34215
66 34698
66 34734
66 34796
66 34946
66 35121
66 35217
66 35329
66 35771
66 35795
66 35861
66 35937
66 35964
66 36054
66 36114
66 36382
66 36472
66 36480
66 36541
66 36579
66 36591
66 36735
66 36736
66 36748
66 36954
66 37091
66 37192
66 37267
82 106
82 389
82 447
82 480
82 534
82 577
82 641
82 765
82 812
82 884
82 965
82 1004
82 1006
82 1008
82 1137
82 1160
82 1293
82 1369
82 1411
82 1459
82 1750
82 2024
82 2129
82 2163
82 2240
82 2362
82 2493
82 2658
82 2669
82 2739
82 2766
82 2813
82 2910
82 2931
82 3079
82 3129
82 3146
82 3399
82 3429
82 3579
82 3791
82 3912
82 4354
82 4391
82 4542
82 4579
82 4590
82 5025
82 5050
82 5086
82 5097
82 5286
82 5304
82 5334
82 5378
82 5462
82 5815
82 5859
82 5912
82 5913
82 5939
82 6179
82 6257
82 6260
82 6387
82 6534
82 6545
82 6552
82 6558
82 6576
82 6771
82 7174
82 7498
82 7682
82 7685
82 7776
82 7854
82 7902
82 8038
82 8094
82 8415
82 8472
82 8516
82 8634
82 8685
82 8737
82 8840
82 8913
82 8914
82 8945
82 8969
82 9048
82 9136
82 9355
82 9463
82 9594
82 9700
82 9740
82 9841
82 9845
82 10009
82 10088
82 10248
82 10381
82 10420
82 10667
82 10743
82 10765
82 10816
82 10925
82 11106
82 11131
82 11217
82 11243
82 11253
82 11339
82 11379
82 11413
82 11630
82 11651
82 11854
82 11855
82 11870
82 11908
82 11915
82 12008
82 12038
82 12045
82 12096
82 12104
82 12132
82 12192
82 12223
82 12278
82 12391
82 12425
82 12594
82 12618
82 12696
82 12786
82 13111
82 13210
82 13330
82 13506
82 13579
82 13589
82 13600
82 13604
82 13737
82 13973
82 14008
82 14062
82 14091
82 14158
82 14175
82 14192
82 14195
82 14312
82 14344
82 14500
82 14549
82 14776
82 15166
82 15188
82 15204
82 15241
82 15303
82 15424
82 15434
82 15572
82 15615
82 15705
82 15914
82 16012
82 16045
82 16169
82 16182
82 16374
82 16391
82 16476
82 16503
82 16648
82 16982
82 17062
82 17063
82 17162
82 17242
82 17245
82 17516
82 17589
82 17691
82 17726
82 17760
82 17784
82 18054
82 18190
82 18209
82 18291
82 18295
82 18434
82 18854
82 18884
82 19046
82 19126
82 19209
82 19256
82 19324
82 19371
82 19544
82 19576
82 19666
82 19683
82 19709
82 19748
82 19840
82 19997
82 20114
82 20199
82 20272
82 20275
82 20317
82 20334
82 20378
82 20511
82 20732
82 20899
82 21052
82 21175
82 21276
82 21458
82 21465
82 21650
82 21853
82 21920
82 21971
82 22028
82 22148
82 22211
82 22224
82 22261
82 22280
82 22282
82 22335
82 22380
82 22416
82 23014
82 23121
82 23135
82 23177
82 23395
82 23663
82 23743
82 23841
82 23946
82 24102
82 24188
82 24427
82 24703
82 24934
82 24998
82 25320
82 25467
82 25766
82 25906
82 25948
82 26020
82 26045
82 26090
82 26161
82 26166
72 184960
72 185039
72 185115
72 185288
72 185745
72 185780
72 186008
72 186155
72 186296
72 186519
72 186576
72 186668
72 186693
72 186757
72 186789
72 186904
72 187012
72 187051
72 187268
72 187490
72 187664
72 187679
72 187738
72 187808
72 187867
72 187897
72 187988
72 188020
72 188315
72 188318
72 188339
72 188557
72 188575
72 188722
72 188737
72 188838
72 188983
72 189078
72 189354
72 189448
72 189702
72 189705
72 189753
72 189788
72 190018
72 190140
72 190306
72 190340
72 190364
72 190374
72 190520
72 190590
72 190670
72 190732
72 190747
72 190779
72 190977
72 191126
72 191264
72 191328
72 191384
72 191394
72 191554
72 191617
72 191619
72 191731
72 191815
72 191829
72 191909
72 192043
72 192180
72 192276
72 192487
72 192736
72 192763
72 192862
72 192923
72 192959
72 193076
72 193092
72 193176
72 193177
72 193273
72 193317
72 193551
72 193641
72 193701
72 193800
72 193982
72 194037
72 194104
72 194176
72 194215
72 194477
72 194720
72 194796
72 194807
72 194813
72 195057
72 195118
72 195133
72 195185
72 195412
72 195468
72 195470
72 195520
72 195576
72 195826
72 195912
72 196083
72 196442
72 196484
72 196532
72 196893
72 196973
72 197079
72 197611
72 197629
72 197703
72 197915
72 198130
72 198178
72 198196
72 198340
72 198413
72 198479
72 198742
72 198785
72 198812
72 198831
72 198891
72 199032
72 199057
72 199216
72 199307
72 199483
72 199530
72 199783
72 199828
72 199885
72 200027
72 200288
72 200322
72 200330
72 200454
72 200490
72 200514
72 200687
72 200785
72 200848
72 200879
72 200961
72 200997
72 201058
72 201156
72 201176
72 201317
72 201486
72 201663
72 201700
72 201880
72 202144
72 202194
72 202239
72 202439
72 202746
72 202927
72 202966
72 203012
72 203152
72 203239
72 203262
72 203266
72 203296
72 203691
72 203870
72 204007
72 204100
72 204124
72 204510
72 204657
72 204809
72 204853
72 204862
72 205080
72 205198
72 205245
72 205410
72 205413
72 205467
72 205489
72 205502
72 205554
72 205654
72 205675
72 205990
72 206089
72 206158
72 206181
72 206352
72 206414
72 206462
72 206561
72 206672
72 206753
72 206925
72 206937
72 207098
72 207174
72 207238
72 207390
72 207401
72 207439
72 207464
72 207544
72 207614
72 207658
72 207680
72 207962
72 208017
72 208081
72 208154
72 208324
72 208328
72 208345
72 208362
72 208439
72 208448
72 208578
72 208584
72 208602
72 208668
72 208843
72 208935
72 208957
72 209046
72 209076
72 209085
72 209107
72 209262
72 209377
72 209503
72 209708
72 209855
72 209944
72 209963
72 209971
72 209983
72 210057
72 210148
72 210390
72 210487
72 210498
72 210538
72 210545
72 210558
72 210566
72 210643
72 210678
72 210939
72 210962
72 210989
72 211161
72 211348
72 211463
72 211536
72 211658
72 211674
72 211717
72 211872
72 211905
72 212032
72 212178
72 212195
72 212254
72 212353
72 212433
72 212779
72 212828
72 213076
72 213110
72 213140
72 213244
72 213470
72 213520
72 213612
72 213734
72 213958
72 213975
72 213990
72 214170
72 214266
72 214320
72 214324
72 214464
72 214468
72 214863
72 214983
72 215316
72 215400
72 215488
72 215562
72 215675
72 215839
72 215984
72 216004
72 216045
72 216162
72 216432
72 216641
72 216832
72 217606
72 217776
72 218207
72 218296
72 218309
72 218395
72 218398
72 218410
72 218451
72 218527
72 218607
72 218664
72 218983
72 219112
72 219296
72 219345
72 219349
72 219361
72 219380
72 219522
72 219575
72 219634
72 219652
72 219706
72 219748
72 219863
72 219940
72 219970
72 220062
72 220069
72 220198
72 220212
72 220318
72 220403
72 220420
72 220481
72 220517
72 220531
72 221084
72 221103
72 221117
72 221342
72 221520
72 221536
72 221578
72 221657
72 221832
72 221905
72 221956
72 221981
72 222122
72 222277
72 222284
72 222493
72 222575
72 222744
72 222761
72 222954
72 223135
72 223292
72 223408
72 223539
72 223919
72 224018
72 224148
72 224326
72 224352
72 224373
72 224705
72 225074
72 225263
72 225318
72 225407
72 225573
72 225695
72 225716
72 225973
72 226027
72 226180
72 226324
72 226445
72 226904
72 227048
72 227463
72 227587
72 227594
72 227624
72 227643
72 227644
72 227652
67 191
67 216
67 270
67 293
67 358
67 455
67 633
67 788
67 1245
67 1381
67 1398
67 1548
67 1616
67 1789
67 1927
67 1986
67 2028
67 2154
67 2203
67 2224
67 2246
67 2279
67 2303
67 2331
67 2417
67 2453
67 2536
67 2699
67 2742
67 2833
67 2948
67 2974
67 2993
67 2999
67 3049
67 3092
67 3102
67 3270
67 3415
67 3478
67 3700
67 3731
67 4130
67 4251
67 4328
67 4421
67 4579
67 4615
67 4639
67 4804
67 4812
67 4875
67 4949
67 5056
67 5191
67 5209
67 5249
67 5476
67 5493
67 5508
67 5628
67 5703
67 5781
67 6079
67 6579
67 6656
67 6800
67 6850
67 7496
67 7547
67 7697
67 7942
67 7947
67 7950
67 7972
67 8032
67 8094
67 8110
67 8111
67 8158
67 8337
67 8387
67 8432
67 8659
67 8680
67 8869
67 8993
67 9248
67 9468
67 9576
67 9584
67 9605
67 9770
67 9780
67 10052
67 10060
67 10216
67 10259
67 10270
67 10274
67 10324
67 10484
67 10725
67 10828
67 10917
67 10927
67 10933
67 10945
67 11202
67 11404
67 11687
67 11693
67 11815
67 12014
67 12034
67 12224
67 12236
67 12328
67 12355
67 12639
67 12731
67 12812
67 12844
67 12990
67 13027
67 13116
67 13186
67 13231
67 13378
67 13391
67 13473
67 13993
67 14460
67 14511
67 14871
67 15084
67 15097
67 15225
67 15284
67 15323
67 15397
67 15398
67 15414
67 15496
67 15509
67 15549
67 15833
67 15949
67 16091
67 16124
67 16262
67 16289
67 16439
67 16535
67 16727
67 16768
67 17249
67 17412
67 17416
67 17491
67 17586
67 17622
67 17734
67 17938
67 18043
67 18198
67 18235
67 18281
67 18297
67 18303
67 18471
67 18625
67 18689
67 18849
67 18850
67 19007
67 19044
67 19111
67 19168
67 19176
67 19258
67 19261
67 19552
67 19724
67 19740
67 20033
67 20065
67 20133
67 20141
67 20229
67 20245
67 20357
67 20375
67 20415
67 20434
67 20463
67 20628
67 20675
67 20676
67 20769
67 20830
67 20980
67 21037
67 21088
67 21319
67 21565
67 21770
67 21945
67 22254
67 22466
67 22558
67 22877
67 22897
67 23128
67 23261
67 23317
67 23927
67 23936
67 24122
67 24292
67 24376
67 24403
67 24687
67 24705
67 24710
67 24822
67 24861
67 25022
67 25098
67 25115
67 25159
67 25374
67 25452
67 25817
67 25998
67 26135
67 26348
67 26366
67 26383
67 26676
67 26685
67 26687
67 26758
67 26908
67 26954
67 26981
67 27142
67 27167
67 27238
67 27680
67 27710
67 27727
67 27977
67 28010
67 28203
67 28523
67 28636
67 28651
67 28655
67 28770
67 28858
67 28859
67 29018
67 29027
67 29185
67 29202
67 29601
67 29718
67 29760
67 29846
67 29860
67 29912
67 30056
67 30134
67 30171
67 30323
67 30391
67 30607
67 30952
67 31236
67 31342
67 31372
67 31417
67 31706
67 31783
67 31816
67 31835
67 31864
67 32147
67 32420
67 32923
67 33063
67 33100
67 33286
67 33368
67 33371
67 33439
67 33609
67 33641
67 33740
67 33869
67 33992
67 34085
67 34217
67 34442
67 34659
67 34672
67 34752
67 34963
67 35031
67 35163
67 35206
67 35287
67 35343
67 35356
67 35381
67 35387
67 35448
67 35621
67 35917
67 36057
67 36246
67 36391
67 36613
67 36669
67 36701
67 36747
67 36778
67 36960
67 37409
67 37417
67 37420
67 37467
67 37580
67 37581
67 37685
67 37763
67 37857
67 37873
67 37925
67 37934
67 38056
67 38295
67 38407
67 38464
67 38479
67 38530
67 38585
67 38797
67 38873
67 39044
67 39153
67 39236
67 39280
67 39373
67 39419
67 39432
67 39532
67 39552
67 39877
67 39895
67 40021
67 40068
67 40220
67 40293
67 40315
67 40331
67 40612
67 40658
67 40692
67 40754
67 40826
67 40831
67 40896
67 40915
67 40986
67 41436
67 41475
67 41599
67 41706
67 42046
67 42225
67 42363
67 42724
67 42818
67 42842
67 43128
67 43177
67 43180
67 43256
67 43312
67 43324
67 43399
67 43506
67 43722
67 43761
67 43793
67 44114
67 44162
67 44207
67 44283
67 44479
67 44821
67 44923
67 45335
67 45481
67 45709
67 46453
67 46563
67 47035
67 47103
67 47227
67 47696
67 47704
67 47734
67 47779
67 47828
67 47847
67 47916
67 48047
67 48049
67 48140
67 48158
67 48162
67 48226
67 48279
67 48370
67 48387
67 48544
67 48694
67 48777
67 48951
67 48986
67 49055
67 49419
67 49459
67 49628
67 49726
67 49767
67 49822
67 50055
67 50386
67 50532
67 50555
67 50603
67 50753
67 50820
67 50912
67 50924
67 50979
67 51024
67 51066
67 51111
67 51177
67 51376
67 51439
67 51579
67 51646
67 51764
67 51992
67 52003
67 52051
67 52196
67 52203
67 52287
67 52308
67 52362
67 52382
67 52981
67 52986
67 53061
67 53065
67 53181
67 53265
67 53316
67 53348
67 53350
67 53530
67 53551
67 53682
67 53800
67 53983
67 54031
67 54039
67 54123
67 54256
67 54259
67 54338
67 54489
67 54513
67 54578
67 54614
67 54727
67 54748
67 54775
67 54952
67 55069
67 55102
67 55384
67 55624
67 55630
67 55675
67 55728
67 55783
67 55820
67 55827
67 55890
67 56054
67 56663
67 56903
67 56962
67 57168
67 57204
67 57654
67 58003
67 58351
67 58383
67 58480
67 58640
67 58746
67 58763
67 58858
67 58990
67 59321
67 59516
67 59553
67 59675
67 60146
67 60151
67 60181
67 60212
67 60628
67 60672
67 60700
67 61189
67 61329
67 61360
67 61368
67 61387
67 61518
67 61529
67 61579
67 61621
67 61923
67 62007
67 62038
67 62365
67 62411
67 62570
67 62595
67 62597
67 62643
67 62793
67 63016
67 63185
67 63484
67 63494
67 63847
67 63904
67 63911
67 64045
67 64134
67 64242
67 64817
67 64856
67 65041
67 65375
67 65545
67 65630
67 65738
67 66034
67 66053
67 66176
67 66275
67 66321
67 66329
67 66371
67 66806
67 67224
67 67230
67 67361
67 67384
67 67449
67 67498
67 67651
67 67744
67 68021
67 68059
67 68122
67 68262
67 68264
67 68291
67 68296
67 68314
67 68433
67 68473
67 68598
67 69055
67 69215
67 69242
67 69327
67 69362
67 69815
67 69828
67 69955
67 69967
67 70139
67 70391
67 70458
67 71117
67 71230
67 71280
67 71316
67 71359
67 71495
67 71504
67 71601
67 71606
67 71844
67 71847
67 72103
67 72206
67 72494
67 72842
67 73069
67 73243
67 73337
67 73390
67 73675
67 73682
67 73700
67 73818
67 74017
67 74019
67 74024
67 74115
67 74198
67 74207
67 74216
67 74316
67 74551
67 74714
67 74748
67 74976
67 74984
67 75033
67 75066
67 75089
67 75156
67 75205
67 75231
67 75255
67 75405
67 75553
67 75606
67 75627
67 75769
67 75781
67 75971
67 76045
67 76432
67 76656
67 76851
67 77051
67 77364
67 77397
67 77518
67 77571
67 77784
67 77918
67 77966
67 78037
67 78159
67 78171
67 78360
67 78452
67 78466
67 78629
67 78768
67 78855
67 79181
67 79279
67 79352
67 79374
67 79466
67 79886
67 79894
67 80031
67 80301
67 80449
67 80461
67 80465
67 80494
67 80680
67 80854
67 80952
67 81014
67 81021
67 81023
67 81045
67 81122
67 81138
67 81291
67 81332
67 81341
67 81421
67 81467
67 81477
67 81579
67 81624
67 81925
67 82037
67 82077
67 82237
67 82239
67 82367
67 82387
67 82394
67 82422
67 82426
67 82563
67 82580
67 82582
67 82722
67 83031
67 83055
67 83200
67 83394
67 83550
67 83653
67 83766
67 83798
67 83842
67 83911
67 83917
67 84013
67 84076
67 84122
67 84123
67 84176
67 84241
67 84508
67 84523
67 84531
67 84685
67 84728
67 84801
67 84982
67 85081
67 85094
67 85103
67 85149
67 85227
67 85731
67 85834
67 86146
67 86197
67 86248
67 86276
67 86377
67 86452
67 86703
67 86888
67 86997
67 87031
67 87153
67 87309
67 87369
67 87380
67 87494
67 87706
67 87800
67 88273
67 88395
67 88577
67 88579
67 88949
67 89183
67 89240
67 89264
67 89362
67 89454
67 89496
67 89534
67 89568
67 89597
67 89720
67 89774
67 89971
67 90260
67 90266
67 90313
67 90375
67 90409
67 90610
67 90647
67 90689
67 90799
67 90827
67 90926
67 90981
67 90983
67 91134
67 91273
67 91316
67 91587
67 91625
67 91626
67 91880
67 92184
67 92190
67 92226
67 92324
67 92377
67 92523
67 92982
67 93122
67 93190
67 93295
67 93358
67 93499
67 93621
67 93993
67 94179
67 94230
70 184
70 367
70 635
70 799
70 940
70 1066
70 1337
70 1629
70 1705
70 1765
70 1844
70 2029
70 2123
70 2256
70 2310
70 2436
70 2469
70 2472
70 2545
70 2775
70 2781
70 2972
70 3127
70 3134
70 3246
70 3361
70 3387
70 3519
70 3543
70 3635
70 3640
70 3702
70 3710
70 3729
70 3868
70 3912
70 3967
70 4031
70 4105
70 4167
70 4447
70 4606
70 4609
70 4610
70 4648
70 4731
70 4789
70 4835
70 4887
70 5012
70 5177
70 5226
70 5262
70 5369
70 5494
70 5658
70 5710
70 5744
70 5955
70 6035
70 6134
70 6178
70 6350
70 6427
70 6475
70 6552
70 6713
70 6763
70 6822
70 6887
70 6897
70 7058
70 7151
70 7165
70 7291
70 7379
70 7626
70 7768
70 7939
70 8208
70 8215
70 8283
70 8463
70 8541
70 8821
70 8904
70 8983
70 9095
70 9128
70 9254
70 9528
70 9562
70 9788
70 9810
70 9817
70 9829
70 9836
70 10030
70 10134
70 10175
70 10337
70 10557
70 10626
70 10628
70 10658
70 10726
70 10817
70 10844
70 11008
70 11011
70 11206
70 11214
70 11266
70 11403
70 11819
70 11836
70 11911
70 11951
70 12171
70 12178
70 12245
70 12481
70 12562
70 12677
70 12739
70 12755
70 12917
70 12921
70 13317
70 13378
70 13426
70 13682
70 14067
70 14135
70 14359
70 14553
70 14566
70 14613
70 14664
70 14874
70 14943
70 15039
70 15083
70 15365
70 15573
70 15684
70 15695
70 15703
70 15719
70 15864
70 16122
70 16254
70 16272
70 16418
70 16430
70 16500
70 16612
70 16797
70 17047
70 17156
70 17236
70 17318
70 17662
70 17987
70 18057
70 18341
70 18372
70 18486
70 18508
70 18615
70 18769
70 18821
70 18960
70 19143
70 19168
70 19278
70 19281
70 19404
70 19440
70 19556
70 19966
70 20215
70 20281
70 20290
70 20375
70 20407
70 20493
70 20771
70 20801
70 20928
70 20951
70 21134
70 21539
70 21659
70 21883
70 21957
70 22217
70 22537
70 22584
70 22619
70 22714
70 23051
70 23088
70 23243
70 23855
70 23953
70 24177
70 24265
70 24416
70 24684
70 24849
70 24905
70 24917
70 25014
70 25074
70 25297
70 25359
70 25371
70 25457
70 25576
70 25586
70 25628
70 25774
70 25792
70 25991
70 26017
70 26139
70 26171
70 26261
70 26262
70 26320
70 26534
70 26539
70 26590
70 26631
70 26638
70 26681
70 26831
70 26895
70 27185
70 27236
70 27479
70 27539
70 27717
70 27721
70 27734
70 27979
70 28359
70 28428
70 28493
70 28565
70 28867
70 28978
70 29134
70 29208
70 29664
70 29860
70 29934
70 30062
70 30113
70 30343
70 30497
70 30611
70 30753
70 30809
70 30930
70 30950
70 30960
70 31010
70 31097
70 31277
70 31511
70 31599
70 31821
70 31897
70 32086
70 32152
70 32184
70 32217
70 32235
70 32257
70 32355
70 32565
70 32804
70 32816
70 32908
70 33090
70 33128
70 33164
70 33317
70 33320
70 33360
70 33466
70 33500
70 33605
70 33619
70 33754
70 34069
70 34133
70 34147
70 34192
70 34418
70 34450
70 34463
70 34579
70 34585
70 34608
70 34651
70 34693
70 34712
70 34788
70 34858
70 34870
70 35001
70 35364
70 35366
70 35423
70 35615
70 35758
70 35864
70 36372
70 36375
70 36400
70 36886
70 36975
70 37178
70 37246
70 37301
70 37455
70 37503
70 37514
70 37531
70 37545
70 37591
70 37618
70 37891
70 37978
70 38008
70 38283
70 38284
70 38373
70 38534
70 38544
70 38671
70 38688
70 38726
70 38736
70 38854
70 38862
70 38899
70 38926
70 39003
70 39196
70 39210
70 39329
70 39357
70 39430
70 39504
70 39529
70 39580
70 39660
70 39746
70 39872
70 40239
70 40737
70 40761
70 40802
70 40906
72 176276
72 176319
72 176369
72 176446
72 176522
72 176551
72 176723
72 176858
72 176916
72 176937
72 176944
72 176951
72 177398
72 177570
72 177651
72 177717
72 177720
72 177885
72 177937
72 177941
72 177974
72 178027
72 178113
72 178209
72 178241
72 178276
72 178560
72 178701
72 178896
72 178923
72 179083
72 179148
72 179183
72 179571
72 179634
72 179640
72 179708
72 179822
72 179881
72 180006
72 180041
72 180187
72 180581
72 180663
72 180769
72 180890
72 180933
72 181016
72 181021
72 181302
72 181305
72 181337
72 181393
72 181601
72 181896
72 181946
72 181979
72 182056
72 182122
70 87056
70 87058
70 87214
70 87218
70 87242
70 87249
70 87289
70 87413
70 87428
70 87487
70 87740
70 87941
70 88217
70 88503
70 88607
70 88650
70 88772
70 88779
70 88802
70 88824
70 88835
70 88879
70 88888
70 88907
70 89041
70 89136
70 89363
70 89387
70 89476
70 89509
70 89662
70 89699
70 89725
70 89804
70 90043
70 90130
70 90353
70 90423
70 90436
70 90575
70 90582
70 90685
70 90754
70 90779
70 91110
70 91181
70 91310
70 91317
70 91333
70 91462
70 91581
70 91678
70 91929
70 91966
70 92116
70 92335
70 92421
70 92446
70 92483
70 92548
70 92644
70 92712
70 92739
70 92758
70 92977
70 93111
70 93268
70 93320
70 93440
70 93685
70 93733
70 93955
70 93994
70 94027
70 94068
70 94472
70 94519
70 94526
70 94600
70 94624
70 94641
70 94642
70 94860
70 94929
70 94949
70 94999
70 95050
70 95188
70 95247
70 95342
70 95499
70 95504
70 95549
70 95605
70 95727
70 95750
70 95786
70 95888
70 96084
70 96207
70 96529
70 96584
70 96792
70 96847
70 96854
70 96861
70 96929
70 96995
70 97046
70 97096
70 97108
70 97129
70 97210
70 97387
70 97441
70 97442
70 97558
70 97813
70 97933
70 98076
70 98279
70 98330
70 98422
70 98450
70 98948
70 99256
70 99336
70 99595
70 99608
70 99661
70 99714
70 99724
70 99741
70 99900
70 99910
70 100065
70 100075
70 100227
70 100632
70 100654
70 100684
70 100708
70 100746
70 100984
70 101194
70 101268
70 101336
70 101440
70 101812
70 102160
70 102338
70 102366
70 102444
70 102592
70 102704
70 102779
70 102933
70 103059
70 103063
70 103180
70 103346
70 103406
70 103444
70 103540
70 103555
70 103639
70 103657
70 103756
70 103780
70 103810
70 103837
70 103982
70 104087
70 104256
70 104339
70 104342
70 104382
70 104484
70 104598
70 104760
70 104795
70 104909
70 105059
70 105154
70 105333
70 105396
70 105548
70 105878
70 105927
70 106101
70 106111
70 106148
70 106224
70 106260
70 106360
70 106391
70 106418
70 106549
70 106576
70 106687
70 106713
70 106920
70 106933
70 107107
70 107415
70 107662
70 107673
70 107684
70 107796
70 107891
70 107919
70 107940
70 107972
70 108007
70 108013
70 108156
70 108749
70 108867
70 109087
70 109120
70 109209
70 109249
70 109294
70 109400
70 109454
70 109476
70 109606
70 109645
70 109753
70 109792
70 109866
70 109960
70 110061
70 110229
70 110298
70 110457
70 110576
70 110632
70 110668
70 110693
70 110696
70 110718
70 110730
70 110803
70 110804
70 110904
70 110992
70 111101
70 111616
70 111821
70 111922
70 111935
70 112204
70 112213
70 112233
70 112269
70 112476
70 112502
70 112673
70 112817
70 113167
70 113250
70 113392
70 113516
70 113527
70 113560
70 113825
70 113880
70 113970
70 114244
70 114272
70 114316
70 114515
70 114523
70 114723
70 114818
70 114907
70 114937
70 115074
70 115077
70 115132
70 115141
70 115173
70 115322
70 115404
70 115424
70 115599
70 115617
70 115880
70 115984
70 116058
70 116095
70 116442
70 116605
70 116651
70 116662
70 116696
70 116891
70 117129
70 117154
70 117282
70 117359
70 117432
70 117598
70 117631
70 117665
70 117823
70 117831
70 117910
70 117938
70 118002
70 118036
70 118308
70 118311
70 118335
70 118610
70 118678
70 118686
70 118757
70 119200
70 119220
70 119237
70 119364
70 119462
70 119540
70 119665
70 119698
70 119771
70 120060
70 120285
70 120414
70 120516
70 120668
70 120846
70 120960
70 120983
70 121016
70 121017
70 121138
70 121391
70 121399
70 121435
70 121548
70 121636
70 121647
70 121747
70 121794
70 121882
70 122134
70 122158
70 122270
70 122297
70 122301
70 122321
70 122331
70 122375
70 122705
70 122864
70 122876
70 122926
70 123186
70 123411
70 123461
70 123582
70 123603
70 123633
70 123666
70 123682
70 123949
70 124411
70 124431
70 124433
70 124496
70 124553
70 124579
70 124715
70 124783
70 125019
70 125147
70 125151
70 125265
70 125291
70 125346
70 125779
70 125791
70 125976
70 126114
70 126137
70 126178
70 126572
70 126680
70 126844
70 126883
70 126887
70 126964
70 127076
70 127109
70 127110
70 127511
70 127519
70 127676
70 127826
70 127836
70 127977
70 128266
70 128384
70 128396
70 128470
70 128747
70 128768
70 128807
70 128943
70 129660
70 129690
70 129931
70 129985
70 130120
70 130176
70 130275
70 130337
70 130438
70 130530
70 130647
70 131037
70 131091
70 131168
70 131171
70 131324
70 131346
70 131382
70 131465
70 132010
70 132080
70 132155
70 132185
70 132191
70 132201
70 132332
70 132478
70 132481
70 132595
70 132732
70 132900
70 133194
70 133226
70 133315
70 133396
70 133554
70 133600
70 133705
70 133855
70 134423
70 134472
70 134626
70 134728
70 134781
70 134825
70 134895
70 134924
70 135000
70 135002
70 135090
70 135200
70 135219
70 135253
70 135539
70 135543
70 135668
70 135705
70 135862
70 135948
70 136061
70 136108
70 136153
70 136190
70 136426
70 136542
70 136762
70 136832
70 136904
70 136910
70 136953
70 137029
70 137038
70 137234
70 137260
70 137306
70 137354
70 137426
70 137496
70 137632
70 137674
70 137733
70 137807
70 137827
70 138144
70 138198
70 138409
70 138668
70 138810
70 138840
70 138891
70 138895
70 138936
70 139102
70 139145
70 139150
70 139435
70 139607
70 139639
70 139693
70 140050
70 140200
70 140291
70 140532
70 140559
70 140741
70 140904
70 141092
70 141199
70 141432
70 141583
70 142015
70 142050
70 142181
70 142278
70 142293
70 142390
70 142430
70 142471
70 142504
70 142638
70 142742
70 142782
70 142828
70 143007
70 143138
70 143233
70 143446
70 143486
70 143792
70 143889
70 144019
70 144113
70 144222
70 144254
70 144263
70 144387
70 144457
70 144557
70 144721
70 144838
70 144984
70 145091
70 145102
70 145145
70 145170
70 145246
70 145407
70 145450
70 145495
70 145627
70 145880
70 145983
70 146051
70 146221
70 146413
70 146416
70 146570
70 146714
70 146782
70 146833
70 146853
70 146922
70 147131
70 147219
70 147275
70 147279
70 147523
70 147568
70 147912
70 147930
70 148004
70 148112
70 148290
70 148310
70 148678
70 148689
70 148755
70 148827
70 148926
70 149025
70 149109
70 149207
70 149295
70 149463
70 149594
70 149873
70 149931
70 149961
70 150166
70 150211
70 150237
70 150386
70 150580
70 150749
70 150760
70 150797
70 150861
70 150862
70 150952
70 150987
70 151091
70 151099
70 151287
70 151356
70 151673
70 151729
70 151828
70 151917
70 151930
70 152225
70 152339
70 152513
70 152577
70 152595
70 152624
70 152816
70 152929
70 153017
70 153091
70 153128
70 153190
70 153304
70 153371
70 153498
70 153641
70 153699
70 153727
70 153737
70 153759
70 153822
70 153982
70 154132
70 154194
70 154400
70 154410
70 154449
70 154478
70 154916
70 154946
70 155008
70 155466
70 155620
70 155781
70 155965
70 156022
70 156196
70 156246
70 156440
70 156473
70 156572
70 156700
70 156963
70 156996
70 157135
70 157327
70 157422
70 157576
70 157616
70 157696
70 157697
70 157704
70 157715
70 157862
70 157918
70 158039
70 158072
70 158570
70 158685
70 158779
70 158905
70 158969
70 159044
70 159060
70 159107
70 159331
70 159601
70 159603
70 159674
70 159675
70 159827
70 159939
70 160043
70 160091
70 160125
70 160146
70 160165
70 160181
70 160349
70 160575
70 160744
70 160754
70 160871
70 160930
70 161102
70 161161
70 161297
70 161474
70 161532
70 161655
70 161767
70 161904
70 161913
70 162013
70 162019
70 162061
70 162143
70 162204
70 162407
70 162422
70 162505
70 162510
70 162583
70 162751
70 162756
70 162795
70 162845
70 162873
70 162929
70 163237
70 163275
70 163524
70 163777
70 163814
70 163958
70 164146
70 164255
70 164488
70 164491
70 164774
70 164992
70 165141
70 165190
70 165194
70 165209
70 165410
70 165455
70 165488
70 165555
70 165566
70 165597
70 165939
70 165990
70 166168
70 166324
70 166656
70 166679
70 166825
70 166854
70 166913
70 166958
70 167403
70 167441
70 167645
70 167664
70 167947
70 168372
70 168530
70 168548
70 168558
70 168574
70 168664
70 168721
70 168835
70 168843
70 169081
70 169101
70 169440
70 169444
70 169543
70 169885
70 169926
70 169930
77 92769
77 92804
77 92865
77 93072
77 93188
77 93265
77 93279
77 93299
77 93317
77 93761
77 93933
77 93946
77 93965
77 94073
77 94084
77 94187
77 94237
77 94306
77 94626
77 94815
77 94946
77 94992
77 95030
77 95048
77 95267
77 95283
77 95450
77 95481
77 95605
77 95637
77 95704
77 95717
77 95745
77 95835
77 96112
77 96265
77 96514
77 96535
77 96591
77 96709
77 97098
77 97177
77 97277
77 97583
77 97983
77 98130
77 98288
77 98324
77 98347
77 98728
77 98785
77 98842
77 99039
77 99081
77 99190
77 99365
77 99611
77 99618
77 99708
77 99736
77 99936
77 100043
77 100045
77 100172
77 100360
77 100393
77 100556
77 100781
77 101070
77 101168
77 101241
77 101307
77 101323
77 101516
77 101531
77 101575
77 101578
77 101641
77 101694
77 101866
77 101867
77 101900
77 101959
77 102055
77 102073
77 102167
77 102176
77 102237
77 102335
77 102432
77 102618
77 102640
77 102811
77 102817
77 103019
77 103026
77 103089
77 103091
77 103109
77 103179
77 103221
77 103252
77 103262
77 103263
77 103477
77 103522
77 103527
77 103680
77 103905
77 103971
77 104227
77 104317
77 104319
77 104384
77 104396
77 104445
77 104507
77 104515
77 104543
77 104672
77 104787
77 104817
77 104960
77 105010
77 105101
77 105239
77 105535
77 105661
77 105679
77 105778
77 105849
77 106012
77 106330
77 106350
77 106356
77 106363
77 106399
77 106471
77 106584
77 106708
77 106762
77 106935
77 106992
77 107138
77 107199
77 107460
77 107493
77 107513
77 107689
77 107707
77 107712
77 107744
77 108181
77 108256
77 108341
77 108412
77 108534
77 108573
77 108595
77 108707
77 108792
77 108944
77 109219
77 109299
77 109328
77 109350
77 109510
77 109657
77 109811
77 109867
77 109881
77 109952
77 110028
77 110034
77 110035
77 110104
77 110493
77 110607
77 110631
77 110709
77 110959
77 111033
77 111058
77 111073
77 111122
79 5
79 13
79 273
79 439
79 503
79 520
79 544
79 558
79 639
79 738
79 751
79 935
79 953
79 1056
79 1750
79 1908
79 2317
79 2493
79 2525
79 2654
79 2708
79 2829
79 3001
79 3026
79 3066
79 3155
79 3241
79 3346
79 3370
79 3406
79 3475
79 3569
79 3573
79 3702
79 3722
79 3724
79 3823
79 3871
79 3881
79 3916
79 4066
79 4151
79 4274
79 4369
79 4454
79 4640
79 4655
79 4868
79 4937
79 5008
79 5068
79 5205
79 5319
79 5415
79 5602
79 5699
79 5887
79 6003
79 6084
79 6120
79 6235
79 6371
79 6406
79 6422
79 6515
79 6728
79 7000
79 7116
79 7139
79 7216
79 7265
79 7275
79 7480
79 7507
79 7878
79 8024
79 8066
79 8359
79 8620
79 8664
79 9214
79 9296
79 9607
79 9669
79 9727
79 9857
79 10001
79 10013
79 10043
79 10066
79 10096
79 10157
79 10276
79 10344
79 10594
79 10705
79 10982
79 11100
79 11229
79 11622
79 11825
79 11964
79 12029
79 12045
79 12123
79 12306
79 12359
79 12406
79 12520
79 12590
79 12653
79 12663
79 12697
79 12724
79 12769
79 12778
79 12948
79 13091
79 13113
79 13161
79 13233
79 13237
79 13280
79 13390
79 13439
79 13540
79 13601
79 13658
79 13804
79 13827
79 13986
79 14267
79 14305
79 14376
79 14440
79 14448
79 14495
79 14519
79 14625
79 14716
79 14809
79 14872
79 14923
79 14999
79 15089
79 15596
79 15646
79 15805
79 15848
79 15853
79 15916
79 15936
79 16158
79 16229
79 16418
79 16505
79 16565
79 16633
79 16684
79 16819
79 16957
79 17085
79 17174
79 17329
79 17537
79 17548
79 17587
79 17958
79 17995
79 18029
79 18064
79 18068
79 18124
79 18259
79 18444
79 18513
79 18562
79 18709
79 18809
79 18952
79 19051
79 19182
79 19390
79 19560
79 19606
79 19668
79 19831
79 19835
79 19844
79 19867
79 19875
79 20043
79 20083
79 20255
79 20364
79 20466
79 20902
79 20908
79 20923
79 20949
79 21015
79 21208
79 21391
79 21455
79 21490
79 21493
79 21506
79 21628
79 21674
79 21740
79 21791
79 21832
79 21846
79 21948
79 22100
79 22271
79 22350
79 22465
79 22499
79 22589
79 22711
79 22712
79 22956
79 23003
79 23030
79 23118
79 23190
79 23199
79 23336
79 23415
79 23451
79 23461
79 23552
79 23590
79 23821
79 23876
79 23905
79 24059
79 24172
79 24229
79 24406
79 24432
79 24466
79 24709
79 24770
79 25129
79 25167
79 25369
79 25443
79 25521
79 25854
79 25955
79 26141
79 26316
79 26345
79 26427
79 26453
79 26677
79 26856
79 26864
79 26880
79 27094
79 27189
79 27503
79 27573
79 27622
79 27972
79 28413
79 28462
79 28522
79 28569
79 28668
79 28770
79 28788
79 29092
79 29120
79 29242
79 29356
79 29386
79 29579
79 29619
79 30108
79 30120
79 30238
79 30261
79 30374
79 30435
79 30628
79 30663
79 30793
79 30821
79 30843
79 31119
79 31284
79 31487
79 31522
79 31732
79 31834
79 31922
79 32102
79 32159
79 32251
79 32275
79 32365
79 32389
79 32598
79 32642
79 32650
79 32658
79 32752
79 32776
79 32789
79 32804
79 32870
79 33082
79 33122
79 33266
79 33525
79 33528
79 33625
79 33674
79 34227
79 34236
79 34263
79 34267
79 34318
79 34334
79 34415
79 34491
79 34612
79 34619
79 34731
79 35164
79 35247
79 35290
79 35624
79 35769
79 35995
79 36082
79 36261
79 36477
79 36557
79 36665
79 36757
79 36811
79 36984
79 37116
79 37170
79 37196
79 37405
79 37500
79 37551
79 37790
79 37986
79 38162
79 38201
79 38259
79 38270
79 38328
79 38332
79 38352
79 38458
79 38487
79 38635
79 38692
79 38696
79 38735
79 38772
79 38928
79 38979
79 39006
79 39023
79 39094
79 39197
79 39222
79 39298
79 39395
79 39547
79 39662
79 39724
79 39779
79 39951
79 39958
79 40005
79 40013
79 40120
79 40216
79 40252
79 40292
79 40327
79 40434
79 40496
79 40554
79 40592
79 40667
79 40810
79 40823
79 40839
79 40853
79 41018
79 41119
79 41125
79 41150
79 41282
79 41294
79 41318
79 41378
79 41523
79 41706
79 41710
79 41821
79 41921
79 41939
79 42009
79 42013
79 42086
79 42215
79 42583
79 42597
79 42768
79 42803
79 42875
79 42884
79 42888
79 43019
79 43023
79 43270
79 43327
79 43391
79 43541
79 43608
79 43613
79 43650
79 43795
79 44045
79 44130
79 44232
79 44422
79 44423
79 45453
79 45515
79 45518
79 45557
79 45570
79 45591
79 45614
79 45646
79 45736
79 45873
79 45974
79 46101
79 46157
79 46215
79 46317
79 46571
79 46828
79 46947
79 47073
79 47149
79 47538
79 47574
79 47603
79 47644
79 47793
79 47935
79 48083
79 48362
79 48960
79 49051
79 49103
79 49133
79 49292
79 49330
79 49402
79 49412
79 49638
79 49728
79 49735
79 49796
79 49808
79 49865
79 49998
79 50096
79 50216
79 50417
79 50554
79 50562
79 50579
79 50606
79 50850
79 51009
79 51016
79 51266
79 51295
79 51442
79 51503
79 51734
79 51751
79 51765
79 51847
79 52017
79 52058
79 52079
79 52420
79 52562
79 52588
79 52703
79 52765
79 52766
79 52941
79 52949
79 53005
79 53292
79 53313
79 53353
79 53484
79 53569
79 53867
79 53972
79 54202
79 54267
79 54283
79 54327
79 54342
79 54687
79 55042
79 55056
79 55156
79 55181
79 55190
79 55201
79 55211
79 55403
79 55579
79 55593
79 55631
79 55688
79 55755
79 55870
79 55932
79 56176
79 56193
79 56202
79 56281
79 56309
79 56415
79 56419
79 56597
79 56789
79 57000
79 57048
79 57154
79 57240
79 57312
79 57337
79 57385
79 57404
79 57477
79 57502
79 57586
79 57626
79 57725
79 57753
79 57874
79 57882
79 57970
79 58152
79 58160
79 58177
79 58271
79 58313
79 58321
79 58324
79 58400
79 58601
79 58687
79 58843
79 58915
79 59037
79 59199
79 59272
79 59334
79 59437
79 59455
79 59662
79 59726
79 59897
79 60223
79 60264
79 60322
79 60660
79 60832
79 61058
79 61060
79 61116
79 61134
79 61389
79 61768
81 71383
81 71443
81 71454
81 71592
81 71595
81 71732
81 71757
81 71766
81 71863
81 71882
81 71993
81 72162
81 72207
81 72211
81 72319
81 72418
81 72434
81 72474
81 72573
81 72630
81 72692
81 72729
81 72751
81 72811
81 72829
81 72939
81 73011
81 73127
81 73225
81 73277
81 73289
81 73408
81 74189
81 74383
81 74424
81 74505
81 74532
81 74573
81 74627
81 74652
81 74654
81 74966
81 75129
81 75272
81 75359
81 75572
81 75592
81 75656
81 75713
81 76095
81 76178
81 76189
81 76398
81 76834
75 49
75 144
75 284
75 313
75 411
75 593
75 656
75 665
75 686
75 815
75 1164
75 1190
75 1245
75 1353
75 1363
75 1516
75 1559
75 1573
75 1575
75 1584
75 1728
75 1811
75 1898
75 1918
75 1979
75 2026
75 2090
75 2232
75 2236
75 2401
75 2539
75 2570
75 2631
75 2644
75 2780
75 2814
75 2978
75 2998
75 3061
75 3195
75 3241
75 3501
75 3656
75 3737
75 3793
75 3799
75 3867
75 3884
75 3916
75 4071
75 4174
75 4212
75 4351
75 4651
75 4838
75 4915
75 5014
75 5049
75 5062
75 5084
75 5164
75 5189
75 5270
75 5313
75 5412
75 5535
75 5742
75 5949
75 6030
75 6446
75 6456
75 6547
75 6604
75 6680
75 6693
75 6842
75 7129
75 7199
75 7347
75 7437
75 8047
75 8079
75 8140
75 8169
75 8317
75 8356
75 8512
75 8624
75 8816
75 8830
75 8845
75 8856
73 203
73 272
73 365
73 630
73 741
73 760
73 970
73 1039
73 1162
73 1187
73 1402
73 1447
73 1475
73 1613
73 1659
73 1789
73 1806
73 1840
73 2518
73 2522
73 2924
73 2956
73 2963
73 3020
73 3158
73 3262
73 3412
73 3578
73 3678
73 3711
73 3809
73 3910
73 4012
73 4020
73 4029
73 4080
73 4318
73 4325
73 4500
73 4675
73 4679
73 4718
73 4732
73 4746
73 4826
73 4852
73 4874
73 4941
73 5159
73 5461
73 5500
73 5522
73 5719
73 5778
73 5841
73 5895
73 5901
73 6019
73 6268
73 6481
73 6653
73 6694
73 6721
73 6767
73 6808
73 7015
73 7116
73 7122
73 7127
73 7133
73 7326
73 7436
73 7509
73 7672
73 7705
73 7767
73 7838
73 7998
73 8033
73 8042
73 8170
73 8298
73 8303
73 8448
73 8751
73 8756
73 9164
73 9174
73 9231
73 9262
73 9453
73 9489
73 9534
73 9594
73 9851
73 10123
73 10414
73 10559
73 10841
73 11086
73 11257
73 11301
73 11343
73 11409
73 11500
73 11623
73 11639
73 11802
73 11882
73 11956
73 12371
73 12471
73 12500
73 12553
73 12682
73 12772
73 12820
73 12882
73 12934
73 12976
73 13048
73 13190
73 13316
73 13562
73 13666
73 13820
73 13832
73 14203
73 14209
73 14241
73 14257
73 14501
73 14589
73 14619
73 14750
73 15065
73 15156
73 15367
73 15395
73 15422
73 15679
73 15810
73 15940
73 15990
73 16011
73 16075
73 16436
73 16574
73 16576
73 16646
73 16810
73 16986
73 17187
73 17218
73 17252
73 17447
73 17541
73 17548
73 17565
73 17637
73 17694
73 17754
73 17843
73 17951
73 18024
73 18105
73 18207
73 18343
73 18371
73 18442
73 18656
73 18726
73 18961
73 18993
73 19159
73 19247
73 19293
73 19386
73 19520
73 19618
73 19791
73 19822
73 19860
73 19869
73 19964
73 20090
73 20414
73 20436
73 20473
73 20727
73 20889
73 21105
73 21195
73 21343
73 21530
73 21750
73 21782
73 21790
73 21862
73 21878
73 21934
73 22063
73 22070
73 22146
73 22182
73 22248
73 22429
73 22447
73 22474
73 22588
73 22590
73 22604
73 22641
73 22805
73 22860
73 22989
73 23023
73 23026
73 23239
73 23601
73 23610
73 23623
73 23929
73 24058
73 24101
73 24279
73 24570
73 24741
73 24975
73 25108
73 25117
73 25275
73 25276
73 25277
73 25533
73 25584
73 25681
73 26073
73 26224
73 26356
73 26505
73 26569
73 26689
73 26698
73 26765
73 26824
73 26826
73 26905
73 27138
73 27441
73 27444
73 27520
73 27574
73 27624
73 27654
73 27939
73 27965
73 28200
73 28227
73 28280
73 28430
73 28781
73 28861
73 28908
73 29178
73 29249
73 29544
73 29675
73 29875
73 29961
73 30041
73 30162
73 30201
73 30241
73 30386
73 30437
73 31205
73 31288
73 31298
73 31563
73 31575
73 31860
73 31941
73 31976
73 32060
73 32090
73 32149
73 32310
73 32355
73 32396
73 32423
73 32446
73 32581
73 32669
73 32679
73 32802
73 32924
73 32961
73 32988
73 33141
73 33235
73 33266
73 33284
73 33438
73 33450
73 33502
73 33626
73 33839
73 33869
73 34001
73 34222
73 34250
73 34293
73 34455
73 34598
73 34852
73 35331
73 35661
73 35733
73 35779
73 35796
73 35842
73 35940
73 35946
73 36295
73 36412
73 36434
73 36628
73 36695
73 36714
73 36755
73 36942
73 37032
73 37045
73 37125
73 37159
73 37163
73 37250
73 37360
73 37374
73 37496
73 37520
73 37538
73 37542
73 37588
73 37648
73 37707
73 37738
73 37817
73 37948
73 37961
73 37976
73 37992
73 38047
73 38156
73 38161
73 38210
73 38229
73 38363
73 38367
73 38402
73 38425
73 38749
73 38878
73 39061
73 39086
73 39100
73 39274
73 39421
73 39436
73 39471
73 39499
73 39530
73 39539
73 39592
73 39614
73 39791
73 39849
73 39857
73 39913
73 40066
73 40235
73 40242
73 40351
73 40526
73 40664
73 40750
73 40752
73 40778
73 40827
73 40988
73 41202
73 41374
73 41483
73 41630
73 41680
73 41793
73 41836
73 41926
73 42066
73 42130
73 42163
73 42187
73 42236
73 42287
73 42529
73 42595
73 42691
73 42714
73 42737
73 42822
73 42863
73 43001
73 43383
73 43422
73 43664
73 43669
73 43979
73 44000
73 44006
73 44182
73 44238
73 44303
73 44424
73 44483
73 44619
73 44685
73 44776
73 44833
73 44835
73 44865
73 45130
73 45206
73 45365
73 45540
73 45674
73 45826
73 46164
73 46394
73 46477
73 46577
73 46688
73 46784
73 47548
73 47605
73 47642
73 47718
73 47933
73 48250
73 48438
73 48500
73 48587
73 48746
73 48861
73 49014
73 49046
73 49068
73 49141
73 49171
73 49320
73 49431
73 49570
73 49717
73 50033
73 50057
73 50069
73 50245
73 50444
73 50584
73 50818
73 50819
73 50826
73 50934
73 50966
73 50968
73 51249
73 51261
73 51269
73 51348
73 51390
73 51422
73 51488
73 51492
73 51725
73 51837
73 52262
73 52313
73 52379
73 52382
73 52489
73 52543
73 52585
73 52628
73 52765
73 52881
73 52965
73 53111
73 53407
73 53658
73 53698
73 53753
73 53852
73 53857
73 54056
73 54130
73 54173
73 54207
73 54384
73 54573
73 54596
73 54718
73 55017
73 55203
73 55263
73 55272
73 55434
73 55516
73 55520
73 55553
73 55609
73 55959
73 55997
73 56084
73 56184
73 56377
73 56384
73 56425
73 56463
73 56501
73 56521
73 56526
73 56553
73 56582
73 56651
73 56690
73 56879
73 56893
73 57004
73 57083
73 57131
73 57137
73 57171
73 57193
73 57550
73 57647
73 57656
73 57721
73 57958
73 57985
73 58058
73 58584
73 58688
73 58707
73 58885
73 59009
73 59043
73 59056
73 59090
73 59186
73 59211
73 59374
73 59439
73 59474
73 59571
73 59626
73 59691
73 59829
73 59883
73 59897
73 59922
73 60018
73 60034
73 60070
73 60119
73 60165
73 60386
73 60399
73 60500
73 60537
73 60551
73 60603
73 60718
73 60752
73 60754
73 60767
73 60989
73 61371
73 61416
73 62111
73 62128
73 62165
73 62208
73 62332
73 62349
73 62396
73 62618
73 62735
73 62992
73 63103
73 63189
73 63215
73 63322
73 63382
73 63646
73 63784
73 63808
73 63829
73 63832
73 63844
73 63921
73 64154
73 64416
73 64455
73 64480
73 64547
73 64552
73 64559
73 64575
73 64740
73 64811
73 64833
73 64954
73 65092
73 65235
73 65505
73 65535
73 65619
73 65718
73 65831
73 65860
73 65906
73 65990
73 66026
73 66188
73 66194
73 66419
73 66581
73 66593
73 66711
73 66979
73 66980
73 67053
73 67496
73 67526
73 67547
73 67732
73 67760
73 67762
73 67840
73 68151
73 68343
73 68418
73 68534
73 68612
73 68717
73 68846
73 68900
73 68986
73 69331
73 69407
73 69482
73 69483
73 69578
73 69613
73 69663
73 69780
73 69811
73 69987
73 69989
73 70053
73 70717
73 70721
73 71359
73 71423
73 71561
73 71604
73 71836
73 71901
73 71930
73 71962
73 72077
73 72080
73 72140
73 72300
73 72475
73 72691
73 72712
73 72723
73 72892
73 72994
73 73243
73 73654
73 73702
73 73828
73 73839
73 73876
73 73961
73 74119
73 74253
73 74441
73 74489
73 74550
73 74579
73 74743
73 74822
73 74990
73 74997
73 75014
73 75158
73 75321
73 75423
73 75518
73 75782
73 75788
73 75805
73 75838
73 75887
73 76402
73 76545
73 76554
73 76736
73 76771
73 77062
73 77125
73 77186
73 77446
73 77517
73 77928
73 78065
73 78174
73 78230
73 78434
73 78710
73 78775
73 78879
73 78889
73 78905
73 79008
73 79070
73 79113
73 79248
73 79376
73 79598
73 79710
73 79910
73 79976
73 80033
73 80298
73 80345
73 80383
73 80424
73 80547
73 80799
73 80829
73 80926
73 80954
73 81084
73 81346
73 81408
73 81428
73 81546
73 81627
73 81643
73 81785
73 81912
73 82147
73 82455
73 82484
73 82615
73 82767
73 82825
73 82897
73 82938
73 83975
73 84156
73 84425
73 84462
73 84610
73 84860
73 84969
73 85095
73 85371
73 85374
73 85418
73 85451
73 85460
73 85816
73 85848
73 85851
73 85891
73 85917
73 85959
73 85993
73 86114
73 86332
73 86406
73 86414
73 86633
73 87062
73 87129
73 87149
73 87402
73 87459
73 87487
73 87491
73 87557
73 87641
73 87752
73 87762
73 87880
73 88037
73 88067
73 88172
73 88339
73 88525
73 88679
73 88694
78 11
78 45
78 99
78 126
78 265
78 369
78 553
78 595
78 840
78 959
78 1146
78 1265
78 1337
78 1487
78 1541
78 1684
78 1722
78 1839
78 1868
78 2010
78 2046
78 2125
78 2280
78 2389
78 2734
78 2821
78 2909
78 3009
78 3167
78 3303
78 3335
78 3416
78 3426
78 3583
78 3631
78 3713
78 4139
78 4207
78 4492
78 4629
78 4678
78 5092
78 5103
78 5238
78 5288
78 5544
78 5610
78 5667
78 5803
78 5819
78 5892
78 6019
78 6412
78 6458
78 6611
78 6646
78 6694
78 6750
78 6761
78 7072
78 7428
78 7505
78 7515
78 7580
78 7696
78 7818
78 8039
78 8270
78 8409
78 8530
78 8567
78 8669
78 8706
78 8948
78 9013
78 9206
78 9209
78 9688
78 9873
78 9956
78 9998
78 10075
78 10080
78 10112
78 10143
78 10188
78 10258
78 10370
78 10473
78 10553
78 10600
78 10719
78 10958
78 11095
78 11297
78 11420
78 11504
78 11526
78 11593
78 11636
78 11687
78 11778
78 11848
78 11942
78 12001
78 12188
78 12217
78 12309
78 12450
78 12559
78 12620
78 12711
78 12720
78 13076
78 13421
78 13569
78 13748
78 14016
78 14048
78 14589
78 14726
78 14836
78 14910
78 15025
78 15042
78 15236
78 15250
78 15283
78 15378
78 15393
78 15641
78 15799
78 15864
78 15961
78 16019
78 16134
78 16162
78 16273
78 16337
78 16629
78 16888
78 17008
78 17207
78 17216
78 17265
78 17332
78 17559
78 17666
78 17727
78 17874
78 18001
78 18037
78 18168
78 18333
78 18381
78 18429
78 18447
78 18500
78 18583
78 18705
78 18858
78 18865
78 18994
78 19197
78 19433
78 19608
78 19615
78 19931
78 20189
78 20287
78 20328
78 20329
78 20359
78 20462
78 20731
78 20824
78 20862
78 20907
78 21156
78 21164
78 21363
78 21372
78 21462
78 21534
78 21648
78 21822
78 21968
78 22066
78 22070
78 22282
78 22513
78 22563
78 22585
78 22835
78 22844
78 22936
78 22997
78 23045
78 23142
78 23164
78 23536
78 23553
78 23603
78 23683
78 23808
78 23823
78 23867
78 23962
78 24171
78 24306
78 24311
78 24439
78 24467
78 24470
78 24507
78 24759
78 24827
78 24898
78 25056
78 25061
78 25186
78 25202
78 25217
78 25287
78 25294
78 25455
78 25509
78 25633
78 25697
78 25883
78 25903
78 25952
78 26293
78 26318
78 26586
78 26825
78 26871
78 27099
78 27250
78 27407
78 27425
78 27529
78 27637
78 27716
78 27731
78 27912
78 28026
78 28087
78 28095
78 28332
78 28359
78 28501
78 28591
78 28756
78 28783
78 28812
78 28828
78 28856
78 28905
78 28929
78 29217
78 29266
78 29325
78 29574
78 29577
78 29661
78 29917
78 29934
78 30072
78 30359
78 30395
78 30496
78 30524
78 30548
78 30638
78 30714
78 30731
78 30926
78 31080
78 31096
78 31170
78 31409
78 31510
78 31557
78 31574
78 31575
78 31601
78 31648
78 31711
78 32004
78 32105
78 32265
78 32266
78 32498
78 32553
78 32577
78 32639
78 32641
78 32744
78 32782
78 32873
78 33247
78 33367
78 33428
78 33629
78 33669
78 33839
78 33980
78 34296
78 34313
78 34362
78 34365
78 34425
78 34572
78 34597
78 34860
78 34868
78 34938
78 35078
78 35079
78 35143
78 35333
78 35538
78 36099
78 36123
78 36326
78 36347
78 36564
78 36729
78 36953
78 37125
78 37250
78 37286
78 37366
78 37368
78 37457
78 37465
78 37561
78 37687
78 37767
78 37869
78 37890
78 37898
78 37963
78 38056
78 38098
78 38228
78 38390
78 38637
78 38667
78 38678
78 38827
78 38832
78 38933
78 39099
78 39112
78 39367
78 39414
78 39445
78 39455
78 39496
78 39534
78 39603
78 39677
78 39759
78 39872
78 40005
78 40139
78 40276
78 40338
78 40350
78 40442
78 40532
78 40707
78 40790
78 40817
78 40881
78 40942
78 40962
78 41047
78 41508
78 41589
78 41606
78 41806
78 41853
78 41968
78 41997
78 42023
78 42198
78 42373
78 42453
78 42532
78 42609
78 42690
78 42978
78 43066
78 43145
78 43237
78 43281
78 43445
78 43505
78 43540
78 43779
78 43798
78 43809
78 43831
78 43991
78 44085
78 44109
78 44114
78 44122
78 44142
78 44260
78 44264
78 44301
78 44454
78 44526
78 44602
78 44648
78 44663
78 44727
78 44957
78 45080
78 45136
78 45397
78 45468
78 45500
78 45524
78 45573
78 45646
78 45743
78 45747
78 45789
78 45881
78 45913
78 46040
78 46041
78 46071
78 46136
78 46191
78 46199
78 46213
78 46343
78 46417
78 46449
78 46511
78 46539
78 46613
78 46628
78 46637
78 46682
78 46809
78 47059
78 47348
78 47362
78 47429
78 47512
78 47619
78 47687
78 47733
78 47749
78 47783
78 47934
78 48104
78 48177
78 48221
78 48442
78 48596
78 48650
78 48759
78 48994
78 49083
78 49123
78 49168
78 49208
78 49282
78 49324
78 49357
78 49386
78 49428
78 49653
78 49837
78 49919
78 49927
78 50073
78 50201
78 50317
78 50322
78 50811
78 50902
78 50970
78 51020
78 51084
78 51319
78 51394
78 51471
78 51514
78 51652
78 51706
78 51992
78 52081
78 52162
78 52217
78 52258
78 52260
78 52300
78 52339
78 52435
78 52656
78 52679
78 52869
78 52930
78 52950
78 53052
78 53117
78 53139
78 53222
78 53287
78 53320
78 53329
78 53425
78 53577
78 53749
78 53762
78 53906
78 53907
78 53968
78 54228
78 54252
78 54389
78 54632
78 54646
78 54756
78 54965
78 55009
78 55198
78 55251
78 55381
78 55419
78 55714
78 55863
78 55974
78 56301
78 56628
78 56670
78 56807
78 56945
78 57024
78 57070
78 57335
78 57758
78 57786
78 57796
78 57807
78 57942
78 58303
78 58356
78 58434
78 58448
78 58466
78 58487
78 58535
78 58889
78 59138
78 59191
78 59571
78 59611
78 59699
78 59740
78 59760
78 59910
78 59928
78 60127
78 60208
78 60211
78 60726
78 60729
78 60877
78 60997
78 61004
78 61051
78 61055
78 61225
78 61234
78 61256
78 61313
78 61451
78 61484
78 61669
78 61670
78 61833
78 61857
78 61864
78 62132
78 62193
78 62324
78 62376
78 62412
78 62525
78 62535
78 62652
78 62665
78 62709
78 62714
78 62792
78 62831
78 63016
78 63177
78 63399
78 63432
78 63586
78 63594
78 63620
78 63751
78 63982
78 64222
78 64391
78 64588
78 64644
78 65049
78 65072
78 65175
78 65453
78 65483
78 65826
78 65989
78 66613
78 66644
78 66873
78 66892
78 66910
78 67052
78 67066
70 41119
70 41130
70 41227
70 41508
70 41524
70 41603
70 41651
70 41914
70 42179
70 42206
70 42417
70 42502
70 42633
70 42969
70 43014
70 43119
70 43292
70 43372
70 43476
70 43677
70 43866
70 43999
70 44043
70 44407
70 44482
70 44647
70 44872
70 44965
70 45023
70 45257
70 45439
70 45463
70 45472
70 45525
70 45816
70 45852
70 45955
70 45975
70 46028
70 46212
70 46313
70 46503
70 46527
70 46553
70 46809
70 47175
70 47242
70 47365
70 47520
70 47679
70 47790
70 47890
70 47935
70 48065
70 48100
70 48351
70 48371
70 48525
70 48861
70 48935
70 48977
70 49021
70 49087
70 49093
70 49105
70 49137
70 49247
70 49330
70 49411
70 49470
70 49603
70 49834
70 49877
70 49957
70 49976
70 50074
70 50298
70 50419
70 50695
70 50736
70 50847
70 50868
70 50979
70 51036
70 51278
70 51399
70 51544
70 51818
70 51876
70 52014
70 52098
70 52275
70 52290
70 52354
70 52594
70 52886
70 52890
70 53173
70 53209
70 53290
70 53340
70 53441
70 53606
70 53624
70 53721
70 53791
70 53856
70 53960
70 54018
70 54248
70 54377
70 54419
70 54715
70 54759
70 55018
70 55054
70 55194
70 55280
70 55329
70 55332
70 55432
70 55500
70 55924
70 55925
70 55987
70 56034
70 56292
70 56448
70 56500
70 56862
70 56915
70 57375
70 57413
70 57434
70 57436
70 57489
70 57490
70 57674
70 57865
70 57967
70 57998
70 58138
70 58343
70 58556
70 58718
70 58749
70 58782
70 58822
70 58939
70 59273
70 59332
70 59368
70 59411
70 59417
70 59514
70 59681
70 59775
70 59868
70 59942
70 60209
70 60353
70 60442
70 60487
70 60637
70 60754
70 61043
70 61054
70 61347
70 61349
70 61504
70 61640
70 61737
70 61790
70 61916
70 61977
70 62009
70 62052
70 62228
70 62551
70 62615
70 62765
70 62793
70 62913
70 62933
70 62941
70 63079
70 63489
70 63551
70 63673
70 63741
70 63832
70 63842
70 63860
70 63863
70 63954
70 64121
70 64251
70 64428
70 64436
70 64445
70 64476
70 64528
70 64644
70 64662
70 64725
70 64767
70 64795
70 64892
70 64920
70 64989
70 65069
70 65150
70 65162
70 65433
70 65508
70 65789
70 65903
70 65978
70 66067
70 66119
70 66126
70 66153
70 66196
70 66356
70 66375
70 66418
70 66447
70 66624
70 66743
70 66913
70 66958
70 66959
70 67133
70 67262
70 67300
70 67338
70 67377
70 67499
70 67668
70 67937
70 68177
70 68208
70 68523
70 68564
70 68734
70 68793
70 68798
70 68843
70 68873
70 68910
70 69202
70 69344
70 69479
70 69701
70 69715
70 69725
70 70012
70 70018
70 70034
70 70091
70 70505
70 70653
70 70666
70 70670
70 70738
70 70789
70 70838
70 70885
70 70977
70 71044
70 71094
70 71116
70 71123
70 71205
70 71213
70 71266
70 71352
70 71643
70 72034
70 72156
70 72422
70 72669
70 72792
70 72832
70 72906
70 72917
70 72936
70 72943
70 73044
70 73072
70 73088
70 73134
70 73158
70 73660
70 74133
70 75138
70 75239
70 75335
70 75593
70 75604
70 75619
70 75771
70 75926
70 76013
70 76289
70 76374
70 76489
70 76614
70 76756
70 76866
70 76952
70 77167
70 77373
70 77424
70 77496
70 77515
70 77585
70 77641
70 77714
70 77779
70 77801
70 77918
70 77967
70 78003
70 78290
70 78342
70 78377
70 78483
70 78629
70 78692
70 78751
70 78780
70 78856
70 78898
70 78929
70 79037
70 79249
70 79295
70 79314
70 79556
70 79725
70 79996
70 80054
70 80277
70 80369
70 80531
70 80676
70 80845
70 80971
70 81046
70 81090
70 81108
70 81212
70 81413
70 81422
70 81646
70 81769
70 81960
70 82033
70 82042
70 82153
70 82199
70 82239
70 82480
70 82627
70 82812
70 82842
70 82845
70 83092
70 83163
70 83324
70 83497
70 83507
70 83564
70 83620
70 83817
70 83942
70 83951
70 84033
70 84094
70 84165
70 84168
70 84392
70 84467
70 84672
70 84843
70 84874
70 84880
70 84968
70 85255
70 85411
70 85535
70 85857
70 86046
70 86072
70 86150
70 86160
70 86164
70 86186
70 86191
70 86219
70 86518
70 86709
70 86742
71 89884
71 90053
71 90219
71 90259
71 90390
71 90401
71 90513
71 90537
71 90540
71 90674
71 90843
71 90845
71 90848
71 90855
71 91013
71 91076
71 91135
71 91150
71 91197
71 91243
71 91352
71 91454
71 91607
71 91654
71 91730
71 91766
71 91783
71 91835
71 91959
71 92040
71 92124
71 92182
71 92282
71 92300
71 92749
71 92866
71 92952
71 93148
71 93311
71 93401
71 93442
71 93470
71 93499
71 93577
71 93804
71 93845
71 93879
71 94108
71 94124
71 94491
71 94601
71 94624
71 94798
71 94833
71 94914
71 94944
71 94979
71 94993
71 95298
71 95328
71 95420
71 95476
71 95493
71 95546
71 95628
71 95817
71 95956
71 96018
71 96273
71 96402
71 96850
71 96949
71 97021
71 97029
71 97043
71 97063
71 97134
71 97152
71 97925
71 97952
71 98003
71 98096
71 98208
71 98305
71 98348
71 98485
71 98533
71 98571
71 98637
71 98758
71 98835
71 99011
71 99053
71 99078
71 99117
71 99267
71 99295
71 99379
71 99406
71 99434
71 99624
71 99694
71 99854
71 100037
71 100194
71 100355
71 100404
71 100463
71 100622
71 101078
71 101103
71 101107
71 101371
71 101375
71 101510
71 101568
71 101647
71 101724
71 101861
71 102002
71 102006
71 102165
71 102365
71 102805
71 102849
71 103093
71 103156
71 103167
71 103207
71 103274
71 103309
71 103496
71 103497
71 103624
71 103664
71 103683
71 103977
71 103988
71 104087
71 104181
71 104323
71 104373
71 104479
71 104507
71 104508
71 104565
71 104597
71 104802
71 104835
71 104887
71 104943
71 104965
71 104993
71 104995
71 105046
71 105095
71 105115
71 105223
71 105313
71 105330
71 105353
71 105436
71 105477
71 105483
71 105596
71 105611
71 105659
71 105864
71 105896
71 105982
71 106010
71 106200
71 106314
71 106369
71 106458
71 106514
71 106571
71 106600
71 106688
71 106711
71 106788
71 106823
71 106861
71 107264
71 107435
71 107485
71 107531
71 107561
71 107571
71 107590
71 107711
71 107931
71 108410
71 108599
71 108762
71 108818
71 109167
71 109213
71 109245
71 109273
71 109371
71 109586
71 109613
71 109655
71 109821
71 110062
71 110167
71 110192
71 110357
71 110704
71 110920
71 110934
71 111054
71 111068
71 111149
71 111207
71 111244
71 111415
71 111521
71 111701
71 111737
71 111979
71 112112
71 112115
71 112276
71 112523
71 112781
71 113012
71 113088
71 113242
71 113303
71 113323
71 113360
71 113400
71 113544
71 113640
71 113780
71 113991
71 114025
71 114095
71 114352
71 114364
71 114371
71 114391
71 114542
71 114684
71 114686
71 114692
71 114815
71 114817
71 114856
71 114928
71 115099
71 115108
71 115358
71 115431
71 115634
71 115667
71 115719
71 115822
71 115945
71 116346
71 116662
71 116721
71 116793
71 117217
71 117544
71 117611
71 117852
71 118011
71 118144
71 118269
71 118338
71 118361
71 118387
71 118503
71 118595
71 118601
71 118638
71 118687
71 118762
71 118853
71 118891
71 119107
71 119199
71 119474
71 119636
71 119694
71 119778
71 119992
71 119995
71 120047
71 120183
71 120425
71 120761
71 120768
71 120815
71 120884
71 121002
71 121091
71 121246
71 121336
71 121452
71 121467
71 121628
71 121647
71 121655
71 121762
71 121863
71 121876
71 122200
71 122297
71 122391
71 122436
71 122666
71 122762
71 122829
71 122850
71 122959
71 123109
71 123150
71 123245
71 123291
71 123341
71 123471
71 123524
71 123572
71 123583
71 123832
71 123954
71 124109
71 124150
71 124195
71 124260
71 124285
71 124711
71 124799
71 124915
71 124932
71 124934
71 124955
71 125105
71 125136
71 125137
71 125182
71 125390
71 125438
71 125544
71 125658
71 125685
71 125704
71 125757
71 125762
71 125938
71 125987
71 126002
71 126237
71 126296
71 126558
71 126771
71 126967
71 127007
71 127173
71 127180
71 127401
71 127439
71 127667
71 127888
71 128046
71 128114
71 128133
71 128536
71 128601
71 128619
71 128730
71 128793
71 129043
71 129468
71 129559
71 129716
71 129730
71 129865
71 129972
71 130015
71 130119
71 130321
71 130374
71 130381
71 130586
71 130600
71 130620
71 130711
71 130836
71 130876
71 131167
71 131361
71 131451
71 131537
71 131541
71 131656
71 131774
71 132026
71 132108
71 132177
71 132198
71 132235
71 132318
71 132324
71 132346
71 132366
71 132379
71 132411
71 132765
71 132769
71 132804
71 132932
71 133196
71 133312
71 133530
71 133622
71 133687
71 133819
71 133846
71 133946
71 134288
71 134430
71 135105
71 135150
71 135250
71 135305
71 135458
71 135496
71 135513
71 135525
71 135559
71 135906
71 136029
71 136081
71 136141
71 136341
71 136376
71 136560
71 136665
71 136784
71 137049
71 137112
71 137155
71 137385
71 137595
71 137941
71 138084
71 138163
71 138184
71 138331
71 138416
71 138658
71 138741
71 138843
71 138862
71 138915
71 138964
71 139271
71 139394
71 139398
71 139458
71 139468
71 139472
71 139525
71 139646
71 139660
71 139715
71 139959
71 140142
71 140239
71 140285
71 140330
71 140376
71 140459
71 140612
71 140698
71 140748
71 140752
71 140757
71 140783
71 140802
71 141032
71 141355
71 141371
71 141415
71 141452
71 141529
71 141562
71 141745
71 141954
71 142087
71 142147
71 143154
71 143164
71 143177
71 143361
71 143418
71 143448
71 143513
71 143548
71 143721
71 143756
71 143834
71 143863
71 144261
71 144305
71 144582
71 144695
71 144998
71 145054
71 145124
71 145237
71 145443
71 145535
71 145622
71 145701
71 145850
71 146011
71 146046
71 146162
71 146172
71 146186
71 146222
71 146261
71 146323
71 146371
71 146438
71 146475
71 146639
71 146725
71 146784
71 146853
71 146895
71 146923
71 146954
71 147001
71 147046
71 147089
71 147107
71 147168
71 147170
71 147339
71 147598
71 147609
71 147616
71 147708
71 147734
71 147767
71 148021
71 148043
71 148158
71 148178
71 148275
71 148368
71 148375
71 148449
71 148451
71 148604
71 148702
71 148909
71 149019
71 149024
71 149064
71 149089
71 149154
71 149258
71 149309
71 149317
71 149478
71 149616
71 149668
71 149782
71 149831
71 149848
71 150075
71 150116
71 150279
71 150307
71 150346
71 150480
71 150616
71 150681
71 151196
71 151233
71 151320
71 151361
71 151442
71 151826
71 151916
71 152199
71 152279
71 152554
71 152629
71 152798
71 152990
71 153350
71 153412
71 153442
71 153458
71 153575
71 153662
71 153753
71 153800
71 153805
71 153903
71 153944
71 154082
71 154151
71 154205
71 154277
71 154317
71 154381
71 154478
71 154658
71 154788
71 154792
71 154817
71 154899
71 154905
71 154984
71 154989
71 155136
71 155327
71 155375
71 155463
71 155565
71 155615
71 155648
71 155709
71 155725
71 155807
71 155922
71 156020
71 156418
71 156551
71 156649
71 156674
71 156739
71 156758
71 157048
71 157085
71 157199
71 157438
71 157456
71 157609
71 157695
71 157819
71 158151
71 158159
71 158244
71 158349
71 158367
71 158381
71 158465
71 158494
71 158527
71 158672
71 158803
71 158804
71 158878
71 158902
71 159222
71 159245
71 159272
71 159526
71 159756
71 159862
71 159873
71 160106
71 160233
71 160300
71 160326
71 160431
71 160469
71 160503
71 160673
71 160742
71 160821
71 160947
71 161144
71 161195
71 161223
71 161378
71 161713
71 161804
71 161909
71 162112
71 162122
71 162192
71 162398
71 162461
71 162558
71 162753
71 162890
71 163014
71 163029
71 163031
71 163048
71 163060
71 163096
71 163155
71 163165
71 163368
71 163387
71 163408
71 163454
71 163545
71 163572
71 163624
71 163639
71 163665
71 163867
71 163920
71 163922
71 163927
71 164029
71 164235
71 164322
71 164416
71 164433
71 164483
71 164500
71 164596
71 164749
71 164954
71 165012
71 165071
71 165215
71 165444
71 165507
71 165542
71 165552
71 165574
71 165575
71 165666
71 165667
71 165673
71 165688
71 165761
71 165841
71 165881
71 165897
71 165933
71 165951
71 166106
71 166297
71 166344
71 166439
71 166534
71 166713
71 167278
71 167286
71 167388
71 167396
71 167524
71 167796
71 168000
71 168024
71 168061
71 168208
71 168289
71 168336
71 168411
71 168541
71 168542
71 168580
71 168583
71 168682
71 168704
71 168856
71 169092
71 169097
71 169191
71 169224
71 169278
71 169308
71 169310
71 169505
71 169586
71 169613
71 169632
71 169814
71 169887
71 169910
71 170199
71 170525
71 170546
71 170639
71 170674
71 170854
71 171063
71 171088
71 171149
71 171237
71 171282
71 171389
71 171419
71 171589
71 171896
71 171933
71 172027
71 172081
71 172422
71 172473
71 172664
71 172707
71 172717
71 172747
71 173074
71 173154
71 173162
71 173298
71 173563
71 173570
71 173651
71 173845
71 173848
71 173994
71 174025
71 174214
71 174318
71 174360
71 174367
71 174388
71 174456
71 174517
71 174573
71 174715
71 174828
71 175042
71 175050
71 175185
71 175191
71 175489
71 175583
71 175639
71 175775
71 175828
71 175838
71 175995
71 176063
71 176075
71 176100
71 176106
71 176348
71 176546
71 176684
71 176712
71 176763
71 176807
71 176894
71 176896
71 176969
71 177010
71 177156
71 177204
71 177392
71 177472
74 14
74 96
74 120
74 205
74 270
74 578
74 714
74 829
74 946
74 1040
74 1077
74 1219
74 1380
74 1577
74 1688
74 1701
74 1971
74 2145
74 2218
74 2246
74 2297
74 2311
74 2462
74 2586
74 2710
74 2711
74 2860
74 2900
74 2915
74 3120
74 3127
74 3297
74 3413
74 3805
74 4015
74 4208
74 4403
74 4713
74 4875
74 4909
74 5153
74 5291
74 5318
74 5642
74 5787
74 6130
74 6139
74 6353
74 6576
74 6590
74 6743
74 6799
74 6892
74 6950
74 6958
74 6961
74 7177
74 7193
74 7234
74 7462
74 7469
74 7554
74 7574
74 7882
74 8040
74 8045
74 8121
74 8152
74 8287
74 8380
74 8537
74 8550
74 8551
74 8557
74 8805
74 8853
74 8861
74 8980
74 9021
74 9063
74 9149
74 9316
74 9937
74 10092
74 10120
74 10221
74 10268
74 10403
74 10446
74 10511
74 10581
74 10586
74 10858
74 10993
74 11067
74 11128
74 11209
74 11348
74 11716
74 11735
74 11746
74 11804
74 11931
74 12043
74 12210
74 12296
74 12299
74 12325
74 12330
74 12374
74 12448
74 12636
74 12767
74 13041
74 13163
74 13438
74 13474
74 13497
74 13666
74 13707
74 13835
74 13920
74 13972
74 14185
74 14401
74 14427
74 14487
74 14546
74 14739
74 14775
74 14870
74 14984
74 15047
74 15052
74 15193
74 15286
74 15588
74 15694
74 15709
74 15728
74 15935
74 16020
74 16040
74 16095
74 16264
74 16325
74 16382
74 16465
74 16479
74 16523
74 16605
74 16830
74 16851
74 16884
74 17024
74 17094
74 17202
74 17210
74 17245
74 17448
74 17503
74 17550
74 17558
74 17647
74 17651
74 17699
74 17717
74 17782
74 17934
74 18252
74 18368
74 18378
74 18500
74 18732
74 18896
74 18936
74 19086
74 19151
74 19235
74 19386
74 19410
74 19460
74 19487
74 19490
74 19601
74 19610
74 19631
74 19678
74 19691
74 19943
74 19988
74 20015
74 20232
74 20347
74 20362
74 20639
74 20667
74 20689
74 20772
74 20798
74 20819
74 21149
74 21175
74 21244
74 21342
74 21383
74 21463
74 21508
74 21514
74 21515
74 21534
74 21738
74 21809
74 21946
74 22003
74 22037
74 22275
74 22317
74 22324
74 22537
74 22623
74 22638
74 22697
74 22702
74 22733
74 22829
74 23010
74 23086
74 23199
74 23572
74 23947
74 23976
74 23988
74 24189
74 24247
74 24257
74 24453
74 24467
74 24581
74 24949
74 25000
74 25021
74 25200
74 25371
74 25545
74 25618
74 25718
74 25786
74 25791
74 25829
74 26071
74 26147
74 26362
74 26385
74 26647
74 26701
74 26713
74 26769
74 26795
74 26919
74 26986
74 27035
74 27250
74 27450
74 27656
74 27729
74 27882
74 27946
74 28095
74 28153
74 28201
74 28227
74 28233
74 28277
74 28399
74 28507
74 28573
74 28690
74 28725
74 28763
74 28921
74 29040
74 29155
74 29351
74 29455
74 29487
74 29574
74 29769
74 29842
74 29990
74 30186
74 30344
74 30455
74 30593
74 30815
74 30886
74 30902
74 30953
74 31139
74 31320
74 31364
74 31443
74 31643
74 31644
74 31736
74 31743
74 31838
74 32051
74 32055
74 32110
74 32211
74 32226
74 32609
74 32651
74 32895
74 32952
74 32959
74 33013
74 33167
74 33292
74 33407
74 33463
74 33613
74 33619
74 33675
74 33730
74 33780
74 33830
74 33876
74 33933
74 34043
74 34142
74 34237
74 34441
74 34483
74 34509
74 34526
74 34538
74 34593
74 34837
74 35165
74 35402
74 35600
74 35885
74 35914
74 36120
74 36160
74 36297
74 36425
74 36459
74 36517
74 36788
74 36914
74 36920
74 37126
74 37214
74 37290
74 37295
74 37580
74 37669
74 37694
74 37979
74 37984
74 38077
74 38174
74 38347
74 38637
74 38684
74 38735
74 38737
74 38811
74 39035
74 39206
67 94469
67 94479
67 94514
67 94526
67 94542
67 94644
67 94733
67 94763
67 94908
67 95126
67 95287
67 95301
67 95564
67 95910
67 95925
67 95989
67 96023
67 96097
67 96227
67 96233
67 96238
67 96275
67 96327
67 96420
67 96433
67 96679
67 96762
67 97018
67 97062
67 97097
67 97121
67 97209
67 97319
67 97337
67 97371
67 97378
67 97451
67 97478
67 97756
67 97856
67 97902
67 97964
67 97997
67 98013
67 98085
67 98137
67 98231
67 98268
67 98400
67 98495
67 98505
67 98513
67 98628
67 98670
67 98723
67 98755
67 99046
67 99090
67 99126
67 99162
67 99198
67 99266
67 99349
67 99376
67 99484
67 99491
67 99502
74 90049
74 90165
74 90213
74 90330
74 90390
74 90422
74 90674
74 90832
74 91016
74 91049
74 91212
74 91619
74 91700
74 91770
74 91844
74 91866
74 91941
74 92016
74 92080
74 92252
74 92282
74 92314
74 92391
74 92435
74 92439
74 92732
74 92741
74 92923
74 93011
74 93229
74 93289
74 93408
74 93739
74 93990
74 94095
74 94102
74 94123
74 94767
74 94792
74 94842
74 94863
74 95106
74 95380
74 95390
74 95552
74 95668
74 95984
74 96039
74 96239
74 96792
74 96835
74 97018
74 97257
74 97284
74 97363
74 97588
74 97705
74 97864
74 98021
74 98080
74 98122
74 98288
74 98839
74 98855
74 99025
74 99046
74 99071
74 99087
74 99209
74 99329
74 99518
74 99548
74 99600
74 99712
74 99770
74 99867
74 99960
74 100128
74 100174
74 100254
74 100339
74 100444
74 100674
74 100764
74 100904
74 100921
74 101112
74 101197
74 101360
74 101451
74 101467
74 101877
74 101895
74 101979
74 102036
74 102044
74 102340
74 102476
74 102625
74 102760
74 103057
74 103133
74 103285
74 103320
74 103562
74 103594
74 103960
74 104251
74 104267
74 104356
74 104508
74 104578
74 104601
74 104616
74 104633
74 104760
74 104857
74 104938
74 104992
74 105037
74 105190
74 105193
74 105484
74 105506
74 105671
74 105772
74 105878
74 105985
74 106085
74 106209
74 106542
74 106765
74 106821
74 106860
74 107047
74 107091
74 107222
74 107229
74 107293
74 107353
74 107437
74 107443
74 107466
74 107494
74 107581
74 107661
74 107678
74 108019
74 108109
74 108164
74 108374
74 108389
74 108607
74 108720
74 108849
74 108889
74 108955
74 109054
74 109182
74 109234
74 109350
74 109427
74 109589
74 109905
74 110008
74 110046
74 110084
74 110193
74 110303
74 110418
74 110473
74 110518
74 110560
74 110588
74 110645
74 110652
74 110669
74 110746
74 110903
74 110954
74 111052
74 111274
74 111557
74 111686
74 111761
74 111945
74 111989
74 112075
74 112189
74 112218
74 112400
74 112509
74 112603
74 112619
74 112645
74 112754
74 112783
74 112993
74 113087
74 113150
74 113401
74 113512
74 113530
74 113533
74 113848
74 113911
74 114031
74 114090
74 114197
74 114271
74 114481
74 114627
74 114647
74 114718
74 114905
74 114948
74 115012
74 115490
74 115770
74 115819
71 177655
71 177696
71 177753
71 177754
71 177943
71 178160
71 178327
71 178450
71 178556
71 178578
71 178704
71 178728
71 178799
71 178975
71 178986
71 179081
71 179532
71 179556
71 179605
71 179683
71 179785
71 180049
71 180126
71 180275
71 180360
71 180366
71 180368
71 180449
71 180460
71 180780
71 181069
71 181314
71 181507
71 181603
71 181894
71 181907
71 181996
71 182173
71 182185
71 182199
71 182223
71 182342
71 182414
71 182802
71 182834
71 182836
71 182881
71 183293
71 183555
71 183605
71 183625
71 183659
71 183681
71 183779
71 183866
71 184129
71 184358
71 184364
71 184937
71 185429
71 185539
71 185662
71 185836
71 186080
71 186122
71 186130
71 186185
71 186263
71 186360
71 186361
71 186467
71 186505
71 186644
71 186763
71 186806
71 186902
71 186953
71 187082
71 187157
71 187246
71 187359
71 187551
71 187579
71 187685
71 187730
71 187847
71 187853
71 187917
71 187927
71 188092
71 188125
71 188184
71 188234
71 188252
71 188455
71 188678
71 189082
71 189363
71 189370
71 189421
71 189520
71 189603
71 189719
71 189744
71 189758
71 189893
71 189913
71 190022
71 190120
71 190142
71 190471
71 190532
71 190591
71 190609
71 190670
71 190717
71 190959
71 191041
71 191044
71 191055
71 191082
71 191163
71 191363
71 191422
71 191563
71 191843
71 191899
71 191935
71 192091
71 192098
71 192142
71 192266
71 192541
71 192608
71 192726
71 192839
71 193225
71 193425
71 193529
71 193704
71 193719
71 193881
71 193970
71 194033
71 194244
71 194248
71 194429
71 194448
71 194560
71 194741
71 194745
71 195004
71 195275
71 195292
71 195308
71 195454
71 195587
71 195755
71 195853
71 195912
71 195963
71 196106
71 196705
71 196875
71 196880
71 196893
71 196982
71 197132
71 197240
71 197255
71 197312
71 197537
71 197848
71 197858
71 198005
71 198514
71 198623
71 198845
71 199125
71 199199
71 199416
71 199468
71 199502
71 199528
71 199554
71 199560
71 199690
71 199871
71 200149
71 200369
71 200392
71 200686
71 200732
71 200787
71 200861
71 200963
71 201057
71 201108
71 201419
71 201705
71 201789
71 201821
71 201822
71 201835
71 201976
71 202029
71 202247
71 202293
71 202407
71 202421
71 202481
71 202487
71 202610
71 202709
71 203363
71 203484
71 203738
71 203814
71 203848
71 203893
71 203932
71 204202
71 204412
71 204534
71 204568
71 204652
71 204729
71 204760
71 204763
71 205043
71 205137
71 205184
71 205208
71 205310
71 205587
71 205676
71 205728
71 205793
71 205962
71 206302
71 206329
71 206344
71 206409
71 206423
71 206440
71 206487
71 206532
71 206715
71 206788
71 206811
71 207282
71 207447
71 207739
71 207747
71 207865
71 207988
71 207992
71 208229
71 208262
71 208303
71 208501
71 208752
71 208913
71 209005
71 209213
71 209245
71 209300
71 209316
71 209325
71 209488
71 209572
71 209864
71 210160
71 210175
71 210500
71 210518
71 210620
71 210703
71 210777
71 210969
71 210978
71 210980
71 211309
71 211369
71 211469
71 211522
71 211603
71 211744
71 211794
71 212094
71 212302
71 212430
73 88753
73 88793
73 88828
73 88916
73 89005
73 89187
73 89248
73 89264
73 89357
73 89540
73 89549
73 89687
73 89896
73 89906
73 90051
73 90160
73 90467
73 90517
73 90582
73 90668
73 90852
73 90987
73 91049
73 91101
73 91240
73 91270
73 91329
73 91548
73 91750
73 91847
73 91864
73 92113
73 92118
73 92296
73 92354
73 92395
73 92437
73 92502
73 92615
73 92701
73 92899
73 93093
73 93116
73 93248
73 93267
73 93349
73 93351
73 93477
73 93578
73 93587
73 93667
73 93731
73 93739
73 93798
73 93955
73 93958
73 94181
73 94275
73 94474
73 94515
73 94573
73 95134
73 95649
73 95744
73 95888
73 95903
73 95938
73 96037
73 96075
73 96160
73 96274
73 96282
73 96301
73 96523
73 96620
73 96678
73 96729
73 96765
73 96820
73 97078
73 97096
73 97163
73 97193
73 97196
73 97214
73 97382
73 97427
73 97613
73 97670
73 97676
73 97762
73 97770
73 97835
73 97974
73 98017
73 98104
73 98312
73 98351
73 98366
73 98445
73 98486
73 98631
73 98636
73 98681
73 98733
73 98735
73 98898
73 98929
73 98950
73 99327
73 99423
73 99627
73 99893
73 100124
73 100286
73 100436
73 100505
73 100579
73 100661
73 100755
73 100909
73 100959
73 101027
73 101056
73 101066
73 101409
73 101457
73 101693
73 101859
73 102429
73 102491
73 102546
73 102560
73 102707
73 103072
73 103349
73 103425
73 103925
73 103947
73 103961
73 104053
73 104065
73 104169
73 104224
73 104243
73 104505
73 104647
73 104744
73 104791
73 104837
73 104872
73 104937
73 104945
73 105372
73 105484
73 105565
73 105710
73 105800
73 106187
73 106909
73 106973
73 107009
73 107106
73 107257
73 107342
73 107442
73 107523
73 107553
73 107708
73 107866
73 107942
73 107947
73 107999
73 108183
73 108351
73 108493
73 108639
73 108844
73 108854
73 109017
73 109331
73 109452
73 109638
73 109664
73 109777
73 109786
73 109998
73 110008
73 110181
73 110211
73 110358
73 110401
73 110475
73 110496
73 110513
73 110526
73 110918
73 111034
73 111142
73 111258
73 111279
73 111366
73 111376
73 111377
73 111648
73 111747
73 111855
73 111858
73 111983
73 112316
73 112383
73 112498
73 112562
73 112664
73 112757
73 112775
73 112947
73 112976
73 113199
73 113348
73 113472
73 113634
73 113639
73 113992
73 114062
73 114084
73 114227
73 114259
73 114411
73 114466
73 114659
73 114750
73 114827
73 114926
73 114950
73 115169
73 115237
73 115351
73 115428
73 115814
73 115997
73 116007
73 116066
73 116091
73 116295
73 116529
73 116631
73 116635
73 116793
73 116841
73 116846
73 117036
73 117161
73 117184
73 117291
73 117298
73 117331
73 117424
73 117440
73 117462
73 117578
73 117630
73 117634
73 117817
73 117850
73 117867
73 117977
73 118005
73 118085
73 118102
73 118181
73 118208
73 118608
73 118750
73 118757
73 118760
73 118834
73 118907
73 118991
73 119006
73 119151
73 119295
73 119338
73 119465
73 119490
73 119548
73 119686
73 120143
73 120243
73 120687
73 120703
73 120841
73 121037
73 121089
73 121341
73 121436
73 121449
73 121475
73 121507
73 121518
73 121573
73 121632
73 121637
73 121731
73 121799
73 122140
73 122217
73 122269
73 122276
73 122453
73 122460
73 122501
73 122561
73 122617
73 122968
73 122980
73 123033
73 123181
73 123192
73 123216
73 123406
73 123447
73 123804
78 91956
78 92137
78 92271
78 92273
78 92293
78 92338
78 92422
78 92439
78 92675
78 92846
78 92921
78 93086
78 93363
78 93715
78 93861
78 93898
78 93924
78 94022
78 94162
78 94272
78 94403
78 94479
78 94487
78 94565
78 94601
78 94656
78 94708
78 94807
78 94851
78 95021
78 95025
78 95078
78 95082
78 95196
78 95219
78 95263
78 95309
78 95317
78 95368
78 95488
78 95561
78 95589
78 95668
78 95769
78 95789
78 95891
78 95978
78 96034
78 96167
78 96251
78 96263
78 96437
78 96575
78 96758
78 96820
78 96880
78 97218
78 97313
78 97455
78 97637
78 97824
78 97854
78 97862
78 98024
78 98060
78 98121
78 98176
78 98262
78 98274
78 98281
78 98315
78 98354
78 98359
78 98739
78 98865
78 98910
78 99227
78 99325
78 99431
78 99442
78 99445
78 99450
78 99538
78 99752
78 99872
78 99892
78 99954
78 100208
78 100263
78 100318
78 100399
78 100466
78 100550
78 100558
78 100606
78 100647
78 100677
78 100809
78 100946
78 101026
78 101131
78 101197
78 101271
78 101356
78 101362
78 101561
78 101568
78 101662
78 101674
78 101714
78 101915
78 101968
78 102091
78 102154
78 102239
78 102247
78 102610
78 103009
78 103037
78 103042
78 103136
78 103268
78 103317
78 103396
78 103419
78 103565
78 103675
78 103761
78 103894
78 103904
78 104013
78 104074
78 104106
78 104356
78 104393
78 104409
78 104518
78 104781
78 104846
78 104902
78 105094
78 105148
78 105162
78 105182
78 105185
78 105208
78 105254
78 105302
78 105306
78 105460
78 105469
78 105504
78 105637
78 105768
78 105848
78 105971
78 106213
78 106306
78 106358
78 106376
78 106509
78 106578
78 106675
78 106689
78 106706
78 106982
78 107002
78 107075
78 107254
78 107458
78 107513
78 107673
78 107940
78 108049
78 108234
78 108533
78 108538
78 108793
78 108847
78 108875
78 108905
78 108951
78 108953
78 108980
78 109257
78 109266
78 109274
78 109370
78 109384
78 109493
78 109559
78 109842
78 110312
78 110373
78 110375
78 110488
78 110567
78 110617
78 111241
78 111354
78 111381
78 111469
78 111502
78 111579
78 111583
78 111839
78 111911
78 111995
78 112015
78 112080
78 112210
78 112217
78 112278
78 112295
78 112385
78 112408
78 112409
78 112647
78 112779
78 112879
78 112882
78 112888
78 113051
78 113148
78 113208
78 113213
78 113255
78 113268
78 113450
78 113793
78 113956
78 114004
78 114053
78 114210
78 114259
78 114273
78 114401
78 114596
78 114795
78 114971
78 115168
78 115223
78 115323
78 115457
78 115493
78 115570
78 115575
78 115621
78 115635
78 115855
78 115908
78 115929
78 116303
78 116316
78 116329
78 116335
78 116418
78 116528
78 116680
78 116708
78 116710
78 116735
78 116886
78 116905
78 117075
78 117093
78 117146
78 117289
78 117384
78 117387
78 117403
78 117435
78 117470
78 117596
78 117678
78 117681
78 117991
78 118056
78 118196
78 118541
78 118610
78 118724
78 118844
78 118993
78 119080
78 119172
78 119230
78 119375
78 119409
78 119546
78 119879
78 119905
78 119995
78 120017
78 120062
78 120066
78 120332
78 120563
78 120791
78 120847
78 120989
78 121154
78 121187
78 121262
78 121326
78 121423
78 121432
78 121536
78 121701
78 121783
78 121826
78 122090
78 122184
78 122285
78 122325
78 122534
78 122573
78 122679
78 122749
78 122849
78 122964
78 123298
78 123349
78 123418
78 123437
78 123486
78 123519
78 123592
78 123600
78 123834
78 123879
78 123977
78 124236
78 124334
78 124392
78 124543
78 124697
78 125006
78 125019
78 125028
78 125135
78 125262
78 125276
78 125298
78 125335
78 125383
78 125529
78 125573
78 125627
78 125856
78 126018
76 93398
76 93415
76 93524
76 93803
76 93842
76 93879
76 94039
76 94124
76 94299
76 94353
76 94357
76 94376
76 94531
76 94535
76 94563
76 94574
76 94733
76 94984
76 95379
76 95607
76 95615
76 95852
76 96049
76 96183
76 96267
76 96503
76 96561
76 96677
76 97069
76 97163
76 97343
76 97574
76 97804
76 97935
76 98395
76 98403
76 98406
76 98525
76 98665
76 98736
76 98854
76 98974
76 99368
76 99374
76 99416
76 99769
76 99982
76 100015
76 100144
76 100268
76 100459
76 100593
76 100715
76 100857
76 101047
76 101105
76 101187
76 101189
76 101202
76 101246
76 101398
76 101489
76 101595
76 101614
76 102136
76 102160
76 102218
76 102293
76 102393
76 102428
76 102546
76 102555
76 102638
76 102690
76 102885
76 102991
76 103177
76 103192
76 103305
76 103361
76 103554
76 103947
76 104726
76 104822
76 104850
76 105146
76 105201
76 105255
76 105265
76 105360
76 105459
76 105553
76 105567
76 105574
76 105655
76 105672
76 105837
76 105950
76 106048
76 106093
76 106239
76 106595
76 106806
76 106851
76 106959
76 107033
76 107129
76 107189
76 107222
76 107395
76 107517
76 107855
76 107912
76 107934
76 108091
76 108137
76 108363
76 108366
76 108386
76 108514
76 108584
76 108636
76 108668
76 108730
76 108809
76 108812
76 108889
76 108923
76 109528
76 109640
76 109670
76 109827
76 109968
76 110066
76 110124
76 110395
76 110404
76 110419
76 110515
76 111258
76 111431
76 111561
76 111677
76 111695
76 111737
76 111933
76 112210
76 112349
76 112368
76 112407
76 112575
76 112714
76 113005
76 113207
76 113511
76 113563
76 113598
76 113658
76 113985
76 114047
76 114745
76 114862
76 114960
76 114972
76 115061
76 115116
76 115167
76 115248
76 115285
76 115333
76 115441
76 115444
76 115618
76 115744
76 115763
76 115808
76 115924
76 115927
76 116138
76 116202
76 116209
76 116245
76 116285
76 116422
76 116594
76 116723
76 116936
76 116979
76 116995
76 117056
76 117088
76 117514
76 117572
76 117575
76 117584
76 117765
76 117811
76 117973
76 117974
76 118081
76 118299
76 118320
76 118492
76 118575
76 118670
76 118738
76 118842
76 118919
76 119001
76 119008
76 119079
76 119239
76 119275
76 119347
76 119352
76 119455
76 119626
76 119688
76 119784
76 120053
76 120104
76 120171
76 120183
76 120200
76 120235
76 120257
76 120442
76 120458
76 120489
76 120598
76 120615
76 120803
76 120819
76 121010
76 121075
76 121114
76 121161
76 121273
76 121298
76 121343
76 121361
76 121573
76 121624
76 121753
76 121800
76 121927
76 122022
76 122249
76 122324
76 122331
76 122427
76 122490
76 122628
76 122639
76 122779
76 122926
76 122952
76 122958
76 123036
76 123094
76 123096
76 123196
76 123201
76 123310
76 123475
76 123507
76 123729
76 123782
76 123796
76 124023
76 124042
76 124285
76 124415
76 124760
76 125077
76 125116
76 125135
76 125190
76 125214
76 125270
76 125443
76 125480
76 125483
76 125743
76 125846
76 126038
76 126060
76 126208
76 126258
76 126261
76 126453
76 126469
76 126505
76 126570
76 126602
76 126718
76 126784
76 126834
76 126964
76 127195
76 127270
76 127274
76 127288
76 127475
76 127521
76 127543
76 127608
76 127717
76 127774
76 127785
72 182142
72 182170
72 182271
72 182338
72 182496
72 182707
72 182765
72 182867
72 182967
72 183006
72 183052
72 183079
72 183304
72 183467
72 183565
72 183679
72 183721
72 183841
72 184031
72 184084
72 184332
72 184373
72 184492
72 184620
72 184628
72 184721
72 184776
72 184862
72 184865
72 184868
72 184876
