 FRESCO - FRES 3.4: Coupled Reaction Channels
 Assuming NAMELIST input.

 7Li(d,p) @ 7.5AMeV ADWA (d) + KD (p)                                            

   0.100  30.000   0.100   0.100   4.500   0.000   0.000   0.000   0.000 160.000

 Centre-of-mass Range is    302 * 0.1000 fm., Maximum at  30.00 fm., Interpolating NL forms every  0.10 fm.
 Non - locality width is     46 * 0.1000 fm., Maximum of   4.50 fm., Centred at  0.00 fm.
 2-Nucleon Separation of      0 * 0.1000 fm., Maximum of   0.00 fm., Minimum at  0.00 fm.
 Maximum single particle bins of160.0000 fm.
               M,Mint =          301        1601


 Range of total J is     0.0 <= J <=    40.0 (at least     0.0) and Absorbtion =>    -0.1000 mb.
 Dry Run = F, CC set limits =  0  0, Relativistic kinematics =  , Both/Far/Near Analyses =  1                     

 Cross Sections (and up to T0 for 0=projectile) for Theta from   0.0 to-180.0 in steps of  1.0 degrees, DGAM=0,  Coordinates = 0 (Mads)

 Lower Radial Cutoff = maximum of -2.50*L*h &       0.0 fm.,  Lower Cutoff for Couplings =   0.0  fm.


 Iterate Couplings between   1 and   1 times, to  0.000 % if sooner.                                          
  Block solved exactly =   0 chs., with Pade = 0 & Isocen =  =0, NOSOL = F, initwf =  0
  NL quadrature with   48 Gaussian points, Calculate multipoles up to    46 from   0
  M-transfers for lp+lt greater than or equal to  6, Angular Integration Cutoff below  0.3906 %
  Scale partition radii according to inh = 2: target    


 Trace switches are :  CHANS =  1, LISTCC =  0, TRENEG =  0, CDETR =  0, SMATS =  2, XSTABL =  1, NLPL =  0

                       WAVES =  0, LAMPL =  0, VEFF =  0, KFUS =  0, WDISK =  0, BPM =  0, MELFIL =  0

                       CDCC =  0, NFUS =  0

 Using unit mass = 1.000000 amu and 1/fine-structure constant = 137.03599 ( 1.000000 * true ) with hc = 197.32705 MeV.fm,
  thus 2*amu/hbar^2 = 0.0478450 = 1/20.9008 and Coulomb constant = 0.1574855 so e^2 = 1.43997, and nuclear magneton= 0.1261183

  Rescaling partition radii in order to include  longitudinal recoils in zero-range transfer couplings
    according to the target masses.

 Now pre-scan input and save to file 3



 *********** PARTITION NUMBER  1 ******************************************************************************************

   PROJ=DEUTERON   MASS=  2.0136 Z=   1.0,        # STATES=    1T, TARG=Li7      MASS=  7.0144 Z=   3.0,     Q-VALUE =   0.0000 MEV.

     1:  J= 1.0+ (B# 1), E=  0.0000, K= 0.0              Potl#  4       J= 1.5- (B#-1), E=  0.0000, K= 0.5    


 *********** PARTITION NUMBER  2 ******************************************************************************************

   PROJ=PROTON     MASS=  1.0073 Z=   1.0,        # STATES=    5T, TARG=Li8      MASS=  8.0208 Z=   3.0,     Q-VALUE =  -0.1919 MEV.

     1:  J= 0.5+ (B# 1), E=  0.0000, K= 0.5              Potl#  1       J= 2.0+ (B# 1), E=  0.0000, K= 0.0    

     2:  J= 0.5+ (B# 1), E=  0.0000, K= 0.5              Potl#  5       J= 1.0+ (B# 1), E=  0.9800, K= 0.0    

     3:  J= 0.5+ (B# 1), E=  0.0000, K= 0.5              Potl#  6       J= 3.0+ (B# 1), E=  1.8330, K= 0.0    

     4:  J= 0.5+ (B# 1), E=  0.0000, K= 0.5              Potl#  6       J= 3.0+ (B# 1), E=  1.9330, K= 0.0    

     5:  J= 0.5+ (B# 1), E=  0.0000, K= 0.5              Potl#  6       J= 3.0+ (B# 1), E=  2.2550, K= 0.0    
0INH = 2 => radial step sizes = 0.08745 in this partition and its potentials


 ************************************************************************************************************************************

 The following POTENTIALS are defined :

  KP#       TYPE      IT    SHAPE      at     V1        r1        a1        V2        r2        a2        A-in     A-used


                                            A#1       A#2        r0c       ac                                                h @ 2
    1    0=Coulomb       0=CHARGE (WS)  1     8.000     0.000    1.7783    0.0000    0.0000    0.0000     0.000     8.000   0.08745

    1    1=Volume        0=Woods-Saxon  2   55.9368    1.1012    0.6766    1.0735    1.1012    0.6766     0.000     8.000

    1    2=Surface       0=Woods-Saxon  3    0.0000    0.0000    0.0000    9.7330    1.3107    0.5229     0.000     8.000
   --------------------------------------------------------------------------------------------------------------------

                                            A#1       A#2        r0c       ac                                                h @ 2
    5    0=Coulomb       0=CHARGE (WS)  4     8.000     0.000    1.7783    0.0000    0.0000    0.0000     0.000     8.000   0.08745

    5    1=Volume        0=Woods-Saxon  5   56.3957    1.1012    0.6766    0.9698    1.1012    0.6766     0.000     8.000

    5    2=Surface       0=Woods-Saxon  6    0.0000    0.0000    0.0000    9.7078    1.3107    0.5229     0.000     8.000
   --------------------------------------------------------------------------------------------------------------------

                                            A#1       A#2        r0c       ac                                                h @ 2
    6    0=Coulomb       0=CHARGE (WS)  7     8.000     0.000    1.7783    0.0000    0.0000    0.0000     0.000     8.000   0.08745

    6    1=Volume        0=Woods-Saxon  8   56.9967    1.1012    0.6766    0.8411    1.1012    0.6766     0.000     8.000

    6    2=Surface       0=Woods-Saxon  9    0.0000    0.0000    0.0000    9.6161    1.3107    0.5229     0.000     8.000
   --------------------------------------------------------------------------------------------------------------------

                                            A#1       A#2        r0c       ac                                                h @ 0
    2    0=Coulomb       0=CHARGE (WS) 10     1.000     0.000    1.2500    0.0000    0.0000    0.0000     0.000     1.000   0.10000

    2    1=Volume        5=RSC T=0     11    1.0000    0.0000    1.0000    0.0000    0.0000    0.0000     0.000     1.000

    2    3=Projtl S.O.   5=RSC T=0     12    1.0000    0.0000    1.0000    0.0000    0.0000    0.0000     0.000     1.000

    2    4=Target S.O.   5=RSC T=0     13    1.0000    0.0000    1.0000    0.0000    0.0000    0.0000     0.000     1.000

    2    7=Prj+Targ Tr   5=RSC T=0     14    1.0000    0.0000    1.0000    0.0000    0.0000    0.0000     0.000     1.000
   --------------------------------------------------------------------------------------------------------------------

                                            A#1       A#2        r0c       ac                                                h @ 0
    3    0=Coulomb       0=CHARGE (WS) 15     7.000     0.000    1.2500    0.0000    0.0000    0.0000     0.000     7.000   0.10000

    3    1=Volume        0=Woods-Saxon 16   50.0000    1.2500    0.6500    0.0000    0.0000    0.0000     0.000     7.000

    3    3=Projtl S.O.   0=Woods-Saxon 17    6.0000    1.2500    0.6500    0.0000    0.0000    0.0000     0.000     7.000
   --------------------------------------------------------------------------------------------------------------------

                                            A#1       A#2        r0c       ac                                                h @ 0
   31    0=Coulomb       0=CHARGE (WS) 18     7.000     0.000    1.2500    0.0000    0.0000    0.0000     0.000     7.000   0.10000

   31    1=Volume        0=Woods-Saxon 19   34.4350    1.2500    0.6500    0.0000    0.0000    0.0000     0.000     7.000

   31    3=Projtl S.O.   0=Woods-Saxon 20    6.0000    1.2500    0.6500    0.0000    0.0000    0.0000     0.000     7.000
   --------------------------------------------------------------------------------------------------------------------

                                            A#1       A#2        r0c       ac                                                h @ 1
    4    0=Coulomb       0=CHARGE (WS) 21     7.000     0.000    1.3000    0.0000    0.0000    0.0000     0.000     7.000   0.10000

    4    1=Volume        7=Read:real   22    1.0000    0.0000    0.0000    0.0000    0.0000    0.0000     0.000     7.000
  Input:Adiabatic KD 8Li Real volume (1st block tran)                                   
  Form at 22: Reading  303    real data points at   0.1000 intervals, starting from r =  0.1000, with overall coefficient  1.0000
    and multiplying real & imag parts by    1.00000   0.00000 respectively

    4    1=Volume        8=Read:imag   23    0.0000    1.0000    0.0000    0.0000    0.0000    0.0000     0.000     7.000
  Input:Adiabatic KD 8Li Imaginary volume (2nd block tran)                              
  Form at 23: Reading  303    imag data points at   0.1000 intervals, starting from r =  0.1000, with overall coefficient  1.0000
    and multiplying real & imag parts by    0.00000   1.00000 respectively


 ************************************************************************************************************************************

 The following SINGLE-PARTICLE FORM FACTORS are constructed :


 No.   P1 P2 IN KIND T N  L  S1 IA J/S  IB BIND XFER  BE    SC PC FIL AFRAC Adjust  to  Z  Mass   K     Norm    rms      D0     D   ANC/Gsp

 NO ROOM FOR   8 MORE CHANNELS: INCREASE KN2

    Parameters      Mismatch   Nodes -> 1 in ch  1

      2.224000     0.00038798     1    22
      2.228065     0.00000012     1    22

 The following  2 components are in a group labelled  1 for   1.0+

 No.   P1 P2 IN KIND T N  L  S1 IA J/S  IB BIND XFER  BE    SC PC FIL AFRAC Adjust  to  Z  Mass   K     Norm    rms      D0     D   ANC/Gsp

    1:  2  1  1  3   * 1  0 0.5  1 0.5   1   2   0   2.2281  0  4  0 0.0000 BE  2.2281; 0. 1.009 0.2318 0.9671  3.994 -125.3 -129.1  0.8781

    2:  2  1  1  3     1  2 0.5  1 1.5   1   2   0   2.2281  0  4  0 0.0000 BE  2.2281; 0. 1.009 0.2318 0.2544  2.419   -7.6   -8.3  0.0231

 Overall rms norm & radius =  1.0000  3.9114, & Overall D0 & D =  -132.83  -137.41
 ------------------------------------------------------------------------------------------------------------------------------------

    Parameters      Mismatch   Nodes -> 1 in ch  1

      1.000000     1.04128598     1    39
      0.931681     0.35428673     1    39
      0.878590     0.07168228     1    39
      0.861762     0.00418644     1    39
      0.860653     0.00001588     1    39

 No.   P1 P2 IN KIND T N  L  S1 IA J/S  IB BIND XFER  BE    SC PC FIL AFRAC Adjust  to  Z  Mass   K     Norm    rms      D0     D   ANC/Gsp

    3:  1  2  2  0     1  1 0.5  1 1.5   0   3   0   2.0327  1  4  0 0.0000 VR  0.8607; 0. 1.006 0.2926 1.0000  3.683 -102.1 -115.3  0.7637

    Parameters      Mismatch   Nodes -> 1 in ch  1

      1.000000     3.39202443     1    41
      0.959537     1.51637415     1    41
      0.900517     0.59277700     1    41
      0.838620     0.16850593     1    41
      0.804434     0.02213112     1    41
      0.798492     0.00048407     1    41
      0.798356     0.00000024     1    41

 No.   P1 P2 IN KIND T N  L  S1 IA J/S  IB BIND XFER  BE    SC PC FIL AFRAC Adjust  to  Z  Mass   K     Norm    rms      D0     D   ANC/Gsp

    4:  1  2  2  0     1  1 0.5  1 1.5   0   3   0   1.0527  1  4  0 0.0000 VR  0.7984; 0. 1.006 0.2106 1.0000  4.216  -91.3  -97.5  0.4750

    Parameters      Mismatch   Nodes -> 1 in ch  1

      1.000000    -9.99210435     2    43
      0.500000    -0.39121734     1    37
      0.830031     0.30419414     1    37
      0.754876     0.05596386     1    37
      0.734218     0.00254686     1    37
      0.733186     0.00000569     1    37

 For Channel #  1 with l = 1,  j =  1.5, around core state #  1

   R    Y(R)
   0.00   0.0000E+00,    0.10   2.0473E-03,    0.20   7.8791E-03,    0.30   1.7499E-02,    0.40   3.0724E-02,    0.50   4.7308E-02, 
   0.60   6.6946E-02,    0.70   8.9285E-02,    0.80   1.1393E-01,    0.90   1.4043E-01,    1.00   1.6835E-01,    1.10   1.9720E-01, 
   1.20   2.2650E-01,    1.30   2.5577E-01,    1.40   2.8457E-01,    1.50   3.1246E-01,    1.60   3.3905E-01,    1.70   3.6399E-01, 
   1.80   3.8699E-01,    1.90   4.0781E-01,    2.00   4.2629E-01,    2.10   4.4231E-01,    2.20   4.5582E-01,    2.30   4.6683E-01, 
   2.40   4.7540E-01,    2.50   4.8164E-01,    2.60   4.8568E-01,    2.70   4.8769E-01,    2.80   4.8787E-01,    2.90   4.8640E-01, 
   3.00   4.8350E-01,    3.10   4.7935E-01,    3.20   4.7416E-01,    3.30   4.6809E-01,    3.40   4.6131E-01,    3.50   4.5397E-01, 
   3.60   4.4620E-01,    3.70   4.3812E-01,    3.80   4.2982E-01,    3.90   4.2138E-01,    4.00   4.1289E-01,    4.10   4.0439E-01, 
   4.20   3.9594E-01,    4.30   3.8758E-01,    4.40   3.7933E-01,    4.50   3.7122E-01,    4.60   3.6327E-01,    4.70   3.5549E-01, 
   4.80   3.4790E-01,    4.90   3.4050E-01,    5.00   3.3328E-01,    5.10   3.2627E-01,    5.20   3.1944E-01,    5.30   3.1281E-01, 
   5.40   3.0637E-01,    5.50   3.0011E-01,    5.60   2.9404E-01,    5.70   2.8814E-01,    5.80   2.8242E-01,    5.90   2.7686E-01, 
   6.00   2.7146E-01,    6.10   2.6622E-01,    6.20   2.6113E-01,    6.30   2.5619E-01,    6.40   2.5138E-01,    6.50   2.4672E-01, 
   6.60   2.4218E-01,    6.70   2.3776E-01,    6.80   2.3347E-01,    6.90   2.2930E-01,    7.00   2.2523E-01,    7.10   2.2127E-01, 
   7.20   2.1742E-01,    7.30   2.1367E-01,    7.40   2.1001E-01,    7.50   2.0645E-01,    7.60   2.0298E-01,    7.70   1.9959E-01, 
   7.80   1.9628E-01,    7.90   1.9306E-01,    8.00   1.8991E-01,    8.10   1.8684E-01,    8.20   1.8384E-01,    8.30   1.8091E-01, 
   8.40   1.7805E-01,    8.50   1.7525E-01,    8.60   1.7252E-01,    8.70   1.6984E-01,    8.80   1.6723E-01,    8.90   1.6467E-01, 
   9.00   1.6217E-01,    9.10   1.5972E-01,    9.20   1.5733E-01,    9.30   1.5498E-01,    9.40   1.5269E-01,    9.50   1.5044E-01, 
   9.60   1.4823E-01,    9.70   1.4607E-01,    9.80   1.4396E-01,    9.90   1.4188E-01,   10.00   1.3985E-01,   10.10   1.3786E-01, 
  10.20   1.3590E-01,   10.30   1.3399E-01,   10.40   1.3211E-01,   10.50   1.3026E-01,   10.60   1.2845E-01,   10.70   1.2668E-01, 
  10.80   1.2493E-01,   10.90   1.2322E-01,   11.00   1.2154E-01,   11.10   1.1989E-01,   11.20   1.1827E-01,   11.30   1.1668E-01, 
  11.40   1.1511E-01,   11.50   1.1358E-01,   11.60   1.1207E-01,   11.70   1.1058E-01,   11.80   1.0913E-01,   11.90   1.0769E-01, 
  12.00   1.0628E-01,   12.10   1.0490E-01,   12.20   1.0354E-01,   12.30   1.0220E-01,   12.40   1.0088E-01,   12.50   9.9585E-02, 
  12.60   9.8310E-02,   12.70   9.7057E-02,   12.80   9.5823E-02,   12.90   9.4609E-02,   13.00   9.3415E-02,   13.10   9.2239E-02, 
  13.20   9.1082E-02,   13.30   8.9943E-02,   13.40   8.8822E-02,   13.50   8.7718E-02,   13.60   8.6631E-02,   13.70   8.5561E-02, 
  13.80   8.4507E-02,   13.90   8.3470E-02,   14.00   8.2448E-02,   14.10   8.1441E-02,   14.20   8.0449E-02,   14.30   7.9472E-02, 
  14.40   7.8510E-02,   14.50   7.7561E-02,   14.60   7.6627E-02,   14.70   7.5706E-02,   14.80   7.4799E-02,   14.90   7.3904E-02, 
  15.00   7.3023E-02,   15.10   7.2154E-02,   15.20   7.1298E-02,   15.30   7.0454E-02,   15.40   6.9622E-02,   15.50   6.8801E-02, 
  15.60   6.7992E-02,   15.70   6.7195E-02,   15.80   6.6408E-02,   15.90   6.5633E-02,   16.00   6.4868E-02,   16.10   6.4114E-02, 
  16.20   6.3370E-02,   16.30   6.2636E-02,   16.40   6.1912E-02,   16.50   6.1198E-02,   16.60   6.0494E-02,   16.70   5.9799E-02, 
  16.80   5.9113E-02,   16.90   5.8437E-02,   17.00   5.7769E-02,   17.10   5.7111E-02,   17.20   5.6461E-02,   17.30   5.5820E-02, 
  17.40   5.5187E-02,   17.50   5.4563E-02,   17.60   5.3946E-02,   17.70   5.3338E-02,   17.80   5.2738E-02,   17.90   5.2145E-02, 
  18.00   5.1560E-02,   18.10   5.0983E-02,   18.20   5.0412E-02,   18.30   4.9850E-02,   18.40   4.9294E-02,   18.50   4.8746E-02, 
  18.60   4.8204E-02,   18.70   4.7669E-02,   18.80   4.7141E-02,   18.90   4.6620E-02,   19.00   4.6105E-02,   19.10   4.5597E-02, 
  19.20   4.5095E-02,   19.30   4.4599E-02,   19.40   4.4109E-02,   19.50   4.3626E-02,   19.60   4.3148E-02,   19.70   4.2676E-02, 
  19.80   4.2211E-02,   19.90   4.1750E-02,   20.00   4.1296E-02,   20.10   4.0847E-02,   20.20   4.0403E-02,   20.30   3.9965E-02, 
  20.40   3.9532E-02,   20.50   3.9104E-02,   20.60   3.8682E-02,   20.70   3.8264E-02,   20.80   3.7852E-02,   20.90   3.7444E-02, 
  21.00   3.7042E-02,   21.10   3.6644E-02,   21.20   3.6251E-02,   21.30   3.5863E-02,   21.40   3.5479E-02,   21.50   3.5099E-02, 
  21.60   3.4725E-02,   21.70   3.4354E-02,   21.80   3.3988E-02,   21.90   3.3626E-02,   22.00   3.3269E-02,   22.10   3.2916E-02, 
  22.20   3.2566E-02,   22.30   3.2221E-02,   22.40   3.1880E-02,   22.50   3.1543E-02,   22.60   3.1210E-02,   22.70   3.0880E-02, 
  22.80   3.0555E-02,   22.90   3.0233E-02,   23.00   2.9915E-02,   23.10   2.9600E-02,   23.20   2.9289E-02,   23.30   2.8982E-02, 
  23.40   2.8678E-02,   23.50   2.8377E-02,   23.60   2.8080E-02,   23.70   2.7787E-02,   23.80   2.7497E-02,   23.90   2.7210E-02, 
  24.00   2.6926E-02,   24.10   2.6645E-02,   24.20   2.6368E-02,   24.30   2.6094E-02,   24.40   2.5822E-02,   24.50   2.5554E-02, 
  24.60   2.5289E-02,   24.70   2.5027E-02,   24.80   2.4768E-02,   24.90   2.4511E-02,   25.00   2.4258E-02,   25.10   2.4007E-02, 
  25.20   2.3759E-02,   25.30   2.3514E-02,   25.40   2.3272E-02,   25.50   2.3032E-02,   25.60   2.2795E-02,   25.70   2.2560E-02, 
  25.80   2.2329E-02,   25.90   2.2099E-02,   26.00   2.1872E-02,   26.10   2.1648E-02,   26.20   2.1426E-02,   26.30   2.1207E-02, 
  26.40   2.0990E-02,   26.50   2.0775E-02,   26.60   2.0563E-02,   26.70   2.0353E-02,   26.80   2.0145E-02,   26.90   1.9939E-02, 
  27.00   1.9736E-02,   27.10   1.9535E-02,   27.20   1.9336E-02,   27.30   1.9140E-02,   27.40   1.8945E-02,   27.50   1.8752E-02, 
  27.60   1.8562E-02,   27.70   1.8374E-02,   27.80   1.8187E-02,   27.90   1.8003E-02,   28.00   1.7821E-02,   28.10   1.7640E-02, 
  28.20   1.7462E-02,   28.30   1.7285E-02,   28.40   1.7111E-02,   28.50   1.6938E-02,   28.60   1.6767E-02,   28.70   1.6598E-02, 
  28.80   1.6430E-02,   28.90   1.6265E-02,   29.00   1.6101E-02,   29.10   1.5939E-02,   29.20   1.5778E-02,   29.30   1.5620E-02, 
  29.40   1.5463E-02,   29.50   1.5308E-02,   29.60   1.5154E-02,   29.70   1.5002E-02,   29.80   1.4851E-02,   29.90   1.4703E-02, 
  30.00   1.4555E-02,   30.10   1.4410E-02,   30.20   1.4265E-02,   30.30   1.4123E-02,   30.40   1.3981E-02,   30.50   1.3842E-02, 
  30.60   1.3704E-02,   30.70   1.3567E-02,   30.80   1.3431E-02,   30.90   1.3297E-02,   31.00   1.3165E-02,   31.10   1.3034E-02, 
  31.20   1.2904E-02,   31.30   1.2775E-02,   31.40   1.2648E-02,   31.50   1.2522E-02,   31.60   1.2398E-02,   31.70   1.2275E-02, 
  31.80   1.2153E-02,   31.90   1.2032E-02,   32.00   1.1913E-02,   32.10   1.1795E-02,   32.20   1.1678E-02,   32.30   1.1562E-02, 
  32.40   1.1447E-02,   32.50   1.1334E-02,   32.60   1.1222E-02,   32.70   1.1111E-02,   32.80   1.1001E-02,   32.90   1.0892E-02, 
  33.00   1.0785E-02,   33.10   1.0678E-02,   33.20   1.0573E-02,   33.30   1.0468E-02,   33.40   1.0365E-02,   33.50   1.0263E-02, 
  33.60   1.0162E-02,   33.70   1.0061E-02,   33.80   9.9622E-03,   33.90   9.8641E-03,   34.00   9.7670E-03,   34.10   9.6709E-03, 
  34.20   9.5758E-03,   34.30   9.4816E-03,   34.40   9.3884E-03,   34.50   9.2962E-03,   34.60   9.2048E-03,   34.70   9.1145E-03, 
  34.80   9.0250E-03,   34.90   8.9364E-03,   35.00   8.8488E-03,   35.10   8.7620E-03,   35.20   8.6761E-03,   35.30   8.5911E-03, 
  35.40   8.5069E-03,   35.50   8.4236E-03,   35.60   8.3412E-03,   35.70   8.2596E-03,   35.80   8.1788E-03,   35.90   8.0988E-03, 
  36.00   8.0196E-03,   36.10   7.9412E-03,   36.20   7.8636E-03,   36.30   7.7868E-03,   36.40   7.7108E-03,   36.50   7.6355E-03, 
  36.60   7.5610E-03,   36.70   7.4873E-03,   36.80   7.4143E-03,   36.90   7.3420E-03,   37.00   7.2704E-03,   37.10   7.1996E-03, 
  37.20   7.1295E-03,   37.30   7.0600E-03,   37.40   6.9913E-03,   37.50   6.9233E-03,   37.60   6.8559E-03,   37.70   6.7892E-03, 
  37.80   6.7232E-03,   37.90   6.6579E-03,   38.00   6.5932E-03,   38.10   6.5291E-03,   38.20   6.4657E-03,   38.30   6.4029E-03, 
  38.40   6.3408E-03,   38.50   6.2792E-03,   38.60   6.2183E-03,   38.70   6.1580E-03,   38.80   6.0983E-03,   38.90   6.0392E-03, 
  39.00   5.9807E-03,   39.10   5.9227E-03,   39.20   5.8653E-03,   39.30   5.8085E-03,   39.40   5.7523E-03,   39.50   5.6966E-03, 
  39.60   5.6415E-03,   39.70   5.5869E-03,   39.80   5.5329E-03,   39.90   5.4794E-03,   40.00   5.4264E-03,   40.10   5.3740E-03, 
  40.20   5.3221E-03,   40.30   5.2707E-03,   40.40   5.2198E-03,   40.50   5.1694E-03,   40.60   5.1195E-03,   40.70   5.0701E-03, 
  40.80   5.0211E-03,   40.90   4.9727E-03,   41.00   4.9247E-03,   41.10   4.8773E-03,   41.20   4.8303E-03,   41.30   4.7837E-03, 
  41.40   4.7376E-03,   41.50   4.6920E-03,   41.60   4.6468E-03,   41.70   4.6020E-03,   41.80   4.5577E-03,   41.90   4.5139E-03, 
  42.00   4.4704E-03,   42.10   4.4274E-03,   42.20   4.3849E-03,   42.30   4.3427E-03,   42.40   4.3009E-03,   42.50   4.2596E-03, 
  42.60   4.2187E-03,   42.70   4.1781E-03,   42.80   4.1380E-03,   42.90   4.0982E-03,   43.00   4.0589E-03,   43.10   4.0199E-03, 
  43.20   3.9813E-03,   43.30   3.9431E-03,   43.40   3.9053E-03,   43.50   3.8678E-03,   43.60   3.8307E-03,   43.70   3.7940E-03, 
  43.80   3.7576E-03,   43.90   3.7216E-03,   44.00   3.6860E-03,   44.10   3.6506E-03,   44.20   3.6157E-03,   44.30   3.5810E-03, 
  44.40   3.5468E-03,   44.50   3.5128E-03,   44.60   3.4792E-03,   44.70   3.4459E-03,   44.80   3.4129E-03,   44.90   3.3802E-03, 
  45.00   3.3479E-03,   45.10   3.3159E-03,   45.20   3.2842E-03,   45.30   3.2528E-03,   45.40   3.2217E-03,   45.50   3.1909E-03, 
  45.60   3.1604E-03,   45.70   3.1302E-03,   45.80   3.1003E-03,   45.90   3.0707E-03,   46.00   3.0414E-03,   46.10   3.0124E-03, 
  46.20   2.9836E-03,   46.30   2.9551E-03,   46.40   2.9269E-03,   46.50   2.8990E-03,   46.60   2.8713E-03,   46.70   2.8440E-03, 
  46.80   2.8168E-03,   46.90   2.7900E-03,   47.00   2.7634E-03,   47.10   2.7371E-03,   47.20   2.7110E-03,   47.30   2.6851E-03, 
  47.40   2.6596E-03,   47.50   2.6342E-03,   47.60   2.6091E-03,   47.70   2.5843E-03,   47.80   2.5597E-03,   47.90   2.5353E-03, 
  48.00   2.5112E-03,   48.10   2.4873E-03,   48.20   2.4636E-03,   48.30   2.4402E-03,   48.40   2.4170E-03,   48.50   2.3940E-03, 
  48.60   2.3712E-03,   48.70   2.3487E-03,   48.80   2.3263E-03,   48.90   2.3042E-03,   49.00   2.2823E-03,   49.10   2.2606E-03, 
  49.20   2.2392E-03,   49.30   2.2179E-03,   49.40   2.1968E-03,   49.50   2.1760E-03,   49.60   2.1553E-03,   49.70   2.1348E-03, 
  49.80   2.1146E-03,   49.90   2.0945E-03,   50.00   2.0746E-03,   50.10   2.0549E-03,   50.20   2.0354E-03,   50.30   2.0161E-03, 
  50.40   1.9970E-03,   50.50   1.9781E-03,   50.60   1.9593E-03,   50.70   1.9407E-03,   50.80   1.9223E-03,   50.90   1.9041E-03, 
  51.00   1.8861E-03,   51.10   1.8682E-03,   51.20   1.8505E-03,   51.30   1.8330E-03,   51.40   1.8156E-03,   51.50   1.7984E-03, 
  51.60   1.7814E-03,   51.70   1.7645E-03,   51.80   1.7478E-03,   51.90   1.7312E-03,   52.00   1.7148E-03,   52.10   1.6986E-03, 
  52.20   1.6825E-03,   52.30   1.6666E-03,   52.40   1.6509E-03,   52.50   1.6352E-03,   52.60   1.6198E-03,   52.70   1.6044E-03, 
  52.80   1.5893E-03,   52.90   1.5742E-03,   53.00   1.5594E-03,   53.10   1.5446E-03,   53.20   1.5300E-03,   53.30   1.5156E-03, 
  53.40   1.5012E-03,   53.50   1.4871E-03,   53.60   1.4730E-03,   53.70   1.4591E-03,   53.80   1.4453E-03,   53.90   1.4317E-03, 
  54.00   1.4181E-03,   54.10   1.4047E-03,   54.20   1.3915E-03,   54.30   1.3783E-03,   54.40   1.3653E-03,   54.50   1.3524E-03, 
  54.60   1.3397E-03,   54.70   1.3270E-03,   54.80   1.3145E-03,   54.90   1.3021E-03,   55.00   1.2898E-03,   55.10   1.2777E-03, 
  55.20   1.2656E-03,   55.30   1.2537E-03,   55.40   1.2419E-03,   55.50   1.2301E-03,   55.60   1.2185E-03,   55.70   1.2071E-03, 
  55.80   1.1957E-03,   55.90   1.1844E-03,   56.00   1.1732E-03,   56.10   1.1622E-03,   56.20   1.1512E-03,   56.30   1.1404E-03, 
  56.40   1.1297E-03,   56.50   1.1190E-03,   56.60   1.1085E-03,   56.70   1.0980E-03,   56.80   1.0877E-03,   56.90   1.0775E-03, 
  57.00   1.0673E-03,   57.10   1.0573E-03,   57.20   1.0473E-03,   57.30   1.0375E-03,   57.40   1.0277E-03,   57.50   1.0180E-03, 
  57.60   1.0084E-03,   57.70   9.9895E-04,   57.80   9.8955E-04,   57.90   9.8024E-04,   58.00   9.7102E-04,   58.10   9.6189E-04, 
  58.20   9.5285E-04,   58.30   9.4389E-04,   58.40   9.3501E-04,   58.50   9.2622E-04,   58.60   9.1751E-04,   58.70   9.0889E-04, 
  58.80   9.0034E-04,   58.90   8.9188E-04,   59.00   8.8350E-04,   59.10   8.7520E-04,   59.20   8.6698E-04,   59.30   8.5883E-04, 
  59.40   8.5076E-04,   59.50   8.4277E-04,   59.60   8.3485E-04,   59.70   8.2701E-04,   59.80   8.1925E-04,   59.90   8.1155E-04, 
  60.00   8.0393E-04,   60.10   7.9639E-04,   60.20   7.8891E-04,   60.30   7.8150E-04,   60.40   7.7417E-04,   60.50   7.6690E-04, 
  60.60   7.5970E-04,   60.70   7.5258E-04,   60.80   7.4551E-04,   60.90   7.3852E-04,   61.00   7.3159E-04,   61.10   7.2473E-04, 
  61.20   7.1793E-04,   61.30   7.1119E-04,   61.40   7.0452E-04,   61.50   6.9792E-04,   61.60   6.9137E-04,   61.70   6.8489E-04, 
  61.80   6.7847E-04,   61.90   6.7211E-04,   62.00   6.6581E-04,   62.10   6.5957E-04,   62.20   6.5338E-04,   62.30   6.4726E-04, 
  62.40   6.4119E-04,   62.50   6.3518E-04,   62.60   6.2923E-04,   62.70   6.2334E-04,   62.80   6.1750E-04,   62.90   6.1171E-04, 
  63.00   6.0598E-04,   63.10   6.0031E-04,   63.20   5.9468E-04,   63.30   5.8911E-04,   63.40   5.8360E-04,   63.50   5.7813E-04, 
  63.60   5.7272E-04,   63.70   5.6736E-04,   63.80   5.6204E-04,   63.90   5.5678E-04,   64.00   5.5157E-04,   64.10   5.4641E-04, 
  64.20   5.4129E-04,   64.30   5.3623E-04,   64.40   5.3121E-04,   64.50   5.2624E-04,   64.60   5.2131E-04,   64.70   5.1644E-04, 
  64.80   5.1160E-04,   64.90   5.0682E-04,   65.00   5.0208E-04,   65.10   4.9738E-04,   65.20   4.9273E-04,   65.30   4.8812E-04, 
  65.40   4.8356E-04,   65.50   4.7903E-04,   65.60   4.7455E-04,   65.70   4.7012E-04,   65.80   4.6572E-04,   65.90   4.6137E-04, 
  66.00   4.5705E-04,   66.10   4.5278E-04,   66.20   4.4855E-04,   66.30   4.4436E-04,   66.40   4.4020E-04,   66.50   4.3609E-04, 
  66.60   4.3201E-04,   66.70   4.2798E-04,   66.80   4.2398E-04,   66.90   4.2002E-04,   67.00   4.1609E-04,   67.10   4.1221E-04, 
  67.20   4.0836E-04,   67.30   4.0454E-04,   67.40   4.0076E-04,   67.50   3.9702E-04,   67.60   3.9331E-04,   67.70   3.8964E-04, 
  67.80   3.8600E-04,   67.90   3.8240E-04,   68.00   3.7883E-04,   68.10   3.7529E-04,   68.20   3.7179E-04,   68.30   3.6831E-04, 
  68.40   3.6488E-04,   68.50   3.6147E-04,   68.60   3.5810E-04,   68.70   3.5475E-04,   68.80   3.5144E-04,   68.90   3.4816E-04, 
  69.00   3.4492E-04,   69.10   3.4170E-04,   69.20   3.3851E-04,   69.30   3.3535E-04,   69.40   3.3222E-04,   69.50   3.2912E-04, 
  69.60   3.2605E-04,   69.70   3.2301E-04,   69.80   3.2000E-04,   69.90   3.1701E-04,   70.00   3.1406E-04,   70.10   3.1113E-04, 
  70.20   3.0823E-04,   70.30   3.0535E-04,   70.40   3.0251E-04,   70.50   2.9969E-04,   70.60   2.9689E-04,   70.70   2.9412E-04, 
  70.80   2.9138E-04,   70.90   2.8866E-04,   71.00   2.8597E-04,   71.10   2.8331E-04,   71.20   2.8067E-04,   71.30   2.7805E-04, 
  71.40   2.7546E-04,   71.50   2.7289E-04,   71.60   2.7035E-04,   71.70   2.6783E-04,   71.80   2.6534E-04,   71.90   2.6286E-04, 
  72.00   2.6042E-04,   72.10   2.5799E-04,   72.20   2.5559E-04,   72.30   2.5321E-04,   72.40   2.5085E-04,   72.50   2.4851E-04, 
  72.60   2.4620E-04,   72.70   2.4390E-04,   72.80   2.4163E-04,   72.90   2.3938E-04,   73.00   2.3715E-04,   73.10   2.3494E-04, 
  73.20   2.3276E-04,   73.30   2.3059E-04,   73.40   2.2844E-04,   73.50   2.2632E-04,   73.60   2.2421E-04,   73.70   2.2212E-04, 
  73.80   2.2005E-04,   73.90   2.1801E-04,   74.00   2.1598E-04,   74.10   2.1397E-04,   74.20   2.1198E-04,   74.30   2.1000E-04, 
  74.40   2.0805E-04,   74.50   2.0611E-04,   74.60   2.0419E-04,   74.70   2.0229E-04,   74.80   2.0041E-04,   74.90   1.9855E-04, 
  75.00   1.9670E-04,   75.10   1.9487E-04,   75.20   1.9306E-04,   75.30   1.9126E-04,   75.40   1.8948E-04,   75.50   1.8772E-04, 
  75.60   1.8597E-04,   75.70   1.8425E-04,   75.80   1.8253E-04,   75.90   1.8083E-04,   76.00   1.7915E-04,   76.10   1.7749E-04, 
  76.20   1.7584E-04,   76.30   1.7420E-04,   76.40   1.7258E-04,   76.50   1.7098E-04,   76.60   1.6939E-04,   76.70   1.6781E-04, 
  76.80   1.6625E-04,   76.90   1.6471E-04,   77.00   1.6318E-04,   77.10   1.6166E-04,   77.20   1.6016E-04,   77.30   1.5867E-04, 
  77.40   1.5719E-04,   77.50   1.5573E-04,   77.60   1.5429E-04,   77.70   1.5285E-04,   77.80   1.5143E-04,   77.90   1.5003E-04, 
  78.00   1.4863E-04,   78.10   1.4725E-04,   78.20   1.4588E-04,   78.30   1.4453E-04,   78.40   1.4318E-04,   78.50   1.4185E-04, 
  78.60   1.4054E-04,   78.70   1.3923E-04,   78.80   1.3794E-04,   78.90   1.3666E-04,   79.00   1.3539E-04,   79.10   1.3413E-04, 
  79.20   1.3288E-04,   79.30   1.3165E-04,   79.40   1.3043E-04,   79.50   1.2922E-04,   79.60   1.2802E-04,   79.70   1.2683E-04, 
  79.80   1.2565E-04,   79.90   1.2448E-04,   80.00   1.2333E-04,   80.10   1.2218E-04,   80.20   1.2105E-04,   80.30   1.1993E-04, 
  80.40   1.1881E-04,   80.50   1.1771E-04,   80.60   1.1662E-04,   80.70   1.1553E-04,   80.80   1.1446E-04,   80.90   1.1340E-04, 
  81.00   1.1235E-04,   81.10   1.1130E-04,   81.20   1.1027E-04,   81.30   1.0925E-04,   81.40   1.0824E-04,   81.50   1.0723E-04, 
  81.60   1.0624E-04,   81.70   1.0525E-04,   81.80   1.0427E-04,   81.90   1.0331E-04,   82.00   1.0235E-04,   82.10   1.0140E-04, 
  82.20   1.0046E-04,   82.30   9.9526E-05,   82.40   9.8603E-05,   82.50   9.7688E-05,   82.60   9.6782E-05,   82.70   9.5884E-05, 
  82.80   9.4995E-05,   82.90   9.4114E-05,   83.00   9.3241E-05,   83.10   9.2376E-05,   83.20   9.1520E-05,   83.30   9.0671E-05, 
  83.40   8.9830E-05,   83.50   8.8997E-05,   83.60   8.8172E-05,   83.70   8.7355E-05,   83.80   8.6545E-05,   83.90   8.5742E-05, 
  84.00   8.4947E-05,   84.10   8.4160E-05,   84.20   8.3380E-05,   84.30   8.2607E-05,   84.40   8.1841E-05,   84.50   8.1082E-05, 
  84.60   8.0331E-05,   84.70   7.9586E-05,   84.80   7.8848E-05,   84.90   7.8118E-05,   85.00   7.7394E-05,   85.10   7.6676E-05, 
  85.20   7.5966E-05,   85.30   7.5262E-05,   85.40   7.4564E-05,   85.50   7.3873E-05,   85.60   7.3189E-05,   85.70   7.2511E-05, 
  85.80   7.1839E-05,   85.90   7.1173E-05,   86.00   7.0514E-05,   86.10   6.9861E-05,   86.20   6.9213E-05,   86.30   6.8572E-05, 
  86.40   6.7937E-05,   86.50   6.7308E-05,   86.60   6.6684E-05,   86.70   6.6066E-05,   86.80   6.5454E-05,   86.90   6.4848E-05, 
  87.00   6.4247E-05,   87.10   6.3652E-05,   87.20   6.3063E-05,   87.30   6.2479E-05,   87.40   6.1900E-05,   87.50   6.1327E-05, 
  87.60   6.0759E-05,   87.70   6.0196E-05,   87.80   5.9639E-05,   87.90   5.9087E-05,   88.00   5.8540E-05,   88.10   5.7997E-05, 
  88.20   5.7460E-05,   88.30   5.6928E-05,   88.40   5.6401E-05,   88.50   5.5879E-05,   88.60   5.5362E-05,   88.70   5.4849E-05, 
  88.80   5.4342E-05,   88.90   5.3839E-05,   89.00   5.3340E-05,   89.10   5.2846E-05,   89.20   5.2357E-05,   89.30   5.1873E-05, 
  89.40   5.1392E-05,   89.50   5.0917E-05,   89.60   5.0446E-05,   89.70   4.9979E-05,   89.80   4.9516E-05,   89.90   4.9058E-05, 
  90.00   4.8604E-05,   90.10   4.8154E-05,   90.20   4.7708E-05,   90.30   4.7267E-05,   90.40   4.6830E-05,   90.50   4.6396E-05, 
  90.60   4.5967E-05,   90.70   4.5542E-05,   90.80   4.5120E-05,   90.90   4.4703E-05,   91.00   4.4289E-05,   91.10   4.3879E-05, 
  91.20   4.3473E-05,   91.30   4.3071E-05,   91.40   4.2673E-05,   91.50   4.2278E-05,   91.60   4.1887E-05,   91.70   4.1500E-05, 
  91.80   4.1116E-05,   91.90   4.0735E-05,   92.00   4.0359E-05,   92.10   3.9985E-05,   92.20   3.9615E-05,   92.30   3.9249E-05, 
  92.40   3.8886E-05,   92.50   3.8526E-05,   92.60   3.8170E-05,   92.70   3.7817E-05,   92.80   3.7467E-05,   92.90   3.7121E-05, 
  93.00   3.6778E-05,   93.10   3.6438E-05,   93.20   3.6101E-05,   93.30   3.5767E-05,   93.40   3.5436E-05,   93.50   3.5108E-05, 
  93.60   3.4784E-05,   93.70   3.4462E-05,   93.80   3.4144E-05,   93.90   3.3828E-05,   94.00   3.3515E-05,   94.10   3.3205E-05, 
  94.20   3.2898E-05,   94.30   3.2594E-05,   94.40   3.2293E-05,   94.50   3.1994E-05,   94.60   3.1699E-05,   94.70   3.1406E-05, 
  94.80   3.1115E-05,   94.90   3.0828E-05,   95.00   3.0543E-05,   95.10   3.0261E-05,   95.20   2.9981E-05,   95.30   2.9704E-05, 
  95.40   2.9429E-05,   95.50   2.9157E-05,   95.60   2.8888E-05,   95.70   2.8621E-05,   95.80   2.8356E-05,   95.90   2.8094E-05, 
  96.00   2.7835E-05,   96.10   2.7578E-05,   96.20   2.7323E-05,   96.30   2.7070E-05,   96.40   2.6820E-05,   96.50   2.6572E-05, 
  96.60   2.6327E-05,   96.70   2.6084E-05,   96.80   2.5843E-05,   96.90   2.5604E-05,   97.00   2.5367E-05,   97.10   2.5133E-05, 
  97.20   2.4901E-05,   97.30   2.4671E-05,   97.40   2.4443E-05,   97.50   2.4217E-05,   97.60   2.3993E-05,   97.70   2.3772E-05, 
  97.80   2.3552E-05,   97.90   2.3335E-05,   98.00   2.3119E-05,   98.10   2.2905E-05,   98.20   2.2694E-05,   98.30   2.2484E-05, 
  98.40   2.2277E-05,   98.50   2.2071E-05,   98.60   2.1867E-05,   98.70   2.1665E-05,   98.80   2.1465E-05,   98.90   2.1267E-05, 
  99.00   2.1070E-05,   99.10   2.0876E-05,   99.20   2.0683E-05,   99.30   2.0492E-05,   99.40   2.0303E-05,   99.50   2.0115E-05, 
  99.60   1.9930E-05,   99.70   1.9746E-05,   99.80   1.9563E-05,   99.90   1.9383E-05,  100.00   1.9204E-05,  100.10   1.9026E-05, 
 100.20   1.8851E-05,  100.30   1.8677E-05,  100.40   1.8504E-05,  100.50   1.8333E-05,  100.60   1.8164E-05,  100.70   1.7996E-05, 
 100.80   1.7830E-05,  100.90   1.7666E-05,  101.00   1.7503E-05,  101.10   1.7341E-05,  101.20   1.7181E-05,  101.30   1.7022E-05, 
 101.40   1.6865E-05,  101.50   1.6710E-05,  101.60   1.6555E-05,  101.70   1.6403E-05,  101.80   1.6251E-05,  101.90   1.6101E-05, 
 102.00   1.5953E-05,  102.10   1.5805E-05,  102.20   1.5660E-05,  102.30   1.5515E-05,  102.40   1.5372E-05,  102.50   1.5230E-05, 
 102.60   1.5089E-05,  102.70   1.4950E-05,  102.80   1.4812E-05,  102.90   1.4676E-05,  103.00   1.4540E-05,  103.10   1.4406E-05, 
 103.20   1.4273E-05,  103.30   1.4141E-05,  103.40   1.4011E-05,  103.50   1.3882E-05,  103.60   1.3754E-05,  103.70   1.3627E-05, 
 103.80   1.3501E-05,  103.90   1.3376E-05,  104.00   1.3253E-05,  104.10   1.3131E-05,  104.20   1.3010E-05,  104.30   1.2890E-05, 
 104.40   1.2771E-05,  104.50   1.2653E-05,  104.60   1.2536E-05,  104.70   1.2420E-05,  104.80   1.2306E-05,  104.90   1.2192E-05, 
 105.00   1.2080E-05,  105.10   1.1968E-05,  105.20   1.1858E-05,  105.30   1.1749E-05,  105.40   1.1640E-05,  105.50   1.1533E-05, 
 105.60   1.1427E-05,  105.70   1.1321E-05,  105.80   1.1217E-05,  105.90   1.1113E-05,  106.00   1.1011E-05,  106.10   1.0909E-05, 
 106.20   1.0809E-05,  106.30   1.0709E-05,  106.40   1.0610E-05,  106.50   1.0512E-05,  106.60   1.0415E-05,  106.70   1.0319E-05, 
 106.80   1.0224E-05,  106.90   1.0130E-05,  107.00   1.0037E-05,  107.10   9.9440E-06,  107.20   9.8523E-06,  107.30   9.7615E-06, 
 107.40   9.6715E-06,  107.50   9.5823E-06,  107.60   9.4939E-06,  107.70   9.4064E-06,  107.80   9.3197E-06,  107.90   9.2338E-06, 
 108.00   9.1486E-06,  108.10   9.0643E-06,  108.20   8.9807E-06,  108.30   8.8979E-06,  108.40   8.8159E-06,  108.50   8.7346E-06, 
 108.60   8.6541E-06,  108.70   8.5743E-06,  108.80   8.4953E-06,  108.90   8.4170E-06,  109.00   8.3394E-06,  109.10   8.2625E-06, 
 109.20   8.1863E-06,  109.30   8.1109E-06,  109.40   8.0361E-06,  109.50   7.9620E-06,  109.60   7.8887E-06,  109.70   7.8160E-06, 
 109.80   7.7439E-06,  109.90   7.6725E-06,  110.00   7.6018E-06,  110.10   7.5318E-06,  110.20   7.4623E-06,  110.30   7.3936E-06, 
 110.40   7.3254E-06,  110.50   7.2579E-06,  110.60   7.1910E-06,  110.70   7.1248E-06,  110.80   7.0591E-06,  110.90   6.9940E-06, 
 111.00   6.9296E-06,  111.10   6.8657E-06,  111.20   6.8025E-06,  111.30   6.7398E-06,  111.40   6.6777E-06,  111.50   6.6161E-06, 
 111.60   6.5552E-06,  111.70   6.4948E-06,  111.80   6.4349E-06,  111.90   6.3756E-06,  112.00   6.3169E-06,  112.10   6.2587E-06, 
 112.20   6.2010E-06,  112.30   6.1439E-06,  112.40   6.0873E-06,  112.50   6.0312E-06,  112.60   5.9756E-06,  112.70   5.9206E-06, 
 112.80   5.8660E-06,  112.90   5.8120E-06,  113.00   5.7585E-06,  113.10   5.7054E-06,  113.20   5.6528E-06,  113.30   5.6008E-06, 
 113.40   5.5492E-06,  113.50   5.4981E-06,  113.60   5.4474E-06,  113.70   5.3972E-06,  113.80   5.3475E-06,  113.90   5.2983E-06, 
 114.00   5.2495E-06,  114.10   5.2011E-06,  114.20   5.1532E-06,  114.30   5.1057E-06,  114.40   5.0587E-06,  114.50   5.0121E-06, 
 114.60   4.9659E-06,  114.70   4.9202E-06,  114.80   4.8749E-06,  114.90   4.8300E-06,  115.00   4.7855E-06,  115.10   4.7414E-06, 
 115.20   4.6978E-06,  115.30   4.6545E-06,  115.40   4.6116E-06,  115.50   4.5692E-06,  115.60   4.5271E-06,  115.70   4.4854E-06, 
 115.80   4.4441E-06,  115.90   4.4032E-06,  116.00   4.3626E-06,  116.10   4.3224E-06,  116.20   4.2826E-06,  116.30   4.2432E-06, 
 116.40   4.2041E-06,  116.50   4.1654E-06,  116.60   4.1271E-06,  116.70   4.0891E-06,  116.80   4.0514E-06,  116.90   4.0141E-06, 
 117.00   3.9771E-06,  117.10   3.9405E-06,  117.20   3.9042E-06,  117.30   3.8683E-06,  117.40   3.8327E-06,  117.50   3.7974E-06, 
 117.60   3.7624E-06,  117.70   3.7278E-06,  117.80   3.6935E-06,  117.90   3.6595E-06,  118.00   3.6258E-06,  118.10   3.5924E-06, 
 118.20   3.5593E-06,  118.30   3.5265E-06,  118.40   3.4941E-06,  118.50   3.4619E-06,  118.60   3.4300E-06,  118.70   3.3985E-06, 
 118.80   3.3672E-06,  118.90   3.3362E-06,  119.00   3.3055E-06,  119.10   3.2750E-06,  119.20   3.2449E-06,  119.30   3.2150E-06, 
 119.40   3.1854E-06,  119.50   3.1561E-06,  119.60   3.1271E-06,  119.70   3.0983E-06,  119.80   3.0698E-06,  119.90   3.0415E-06, 
 120.00   3.0135E-06,  120.10   2.9858E-06,  120.20   2.9583E-06,  120.30   2.9311E-06,  120.40   2.9041E-06,  120.50   2.8774E-06, 
 120.60   2.8509E-06,  120.70   2.8246E-06,  120.80   2.7986E-06,  120.90   2.7729E-06,  121.00   2.7474E-06,  121.10   2.7221E-06, 
 121.20   2.6970E-06,  121.30   2.6722E-06,  121.40   2.6476E-06,  121.50   2.6233E-06,  121.60   2.5991E-06,  121.70   2.5752E-06, 
 121.80   2.5515E-06,  121.90   2.5280E-06,  122.00   2.5048E-06,  122.10   2.4817E-06,  122.20   2.4589E-06,  122.30   2.4362E-06, 
 122.40   2.4138E-06,  122.50   2.3916E-06,  122.60   2.3696E-06,  122.70   2.3478E-06,  122.80   2.3262E-06,  122.90   2.3048E-06, 
 123.00   2.2836E-06,  123.10   2.2626E-06,  123.20   2.2418E-06,  123.30   2.2211E-06,  123.40   2.2007E-06,  123.50   2.1805E-06, 
 123.60   2.1604E-06,  123.70   2.1405E-06,  123.80   2.1208E-06,  123.90   2.1013E-06,  124.00   2.0820E-06,  124.10   2.0628E-06, 
 124.20   2.0439E-06,  124.30   2.0250E-06,  124.40   2.0064E-06,  124.50   1.9880E-06,  124.60   1.9697E-06,  124.70   1.9516E-06, 
 124.80   1.9336E-06,  124.90   1.9158E-06,  125.00   1.8982E-06,  125.10   1.8807E-06,  125.20   1.8634E-06,  125.30   1.8463E-06, 
 125.40   1.8293E-06,  125.50   1.8125E-06,  125.60   1.7958E-06,  125.70   1.7793E-06,  125.80   1.7629E-06,  125.90   1.7467E-06, 
 126.00   1.7306E-06,  126.10   1.7147E-06,  126.20   1.6989E-06,  126.30   1.6833E-06,  126.40   1.6678E-06,  126.50   1.6525E-06, 
 126.60   1.6373E-06,  126.70   1.6222E-06,  126.80   1.6073E-06,  126.90   1.5925E-06,  127.00   1.5779E-06,  127.10   1.5634E-06, 
 127.20   1.5490E-06,  127.30   1.5348E-06,  127.40   1.5206E-06,  127.50   1.5067E-06,  127.60   1.4928E-06,  127.70   1.4791E-06, 
 127.80   1.4655E-06,  127.90   1.4520E-06,  128.00   1.4386E-06,  128.10   1.4254E-06,  128.20   1.4123E-06,  128.30   1.3993E-06, 
 128.40   1.3864E-06,  128.50   1.3737E-06,  128.60   1.3611E-06,  128.70   1.3485E-06,  128.80   1.3361E-06,  128.90   1.3239E-06, 
 129.00   1.3117E-06,  129.10   1.2996E-06,  129.20   1.2877E-06,  129.30   1.2758E-06,  129.40   1.2641E-06,  129.50   1.2525E-06, 
 129.60   1.2410E-06,  129.70   1.2296E-06,  129.80   1.2183E-06,  129.90   1.2070E-06,  130.00   1.1960E-06,  130.10   1.1850E-06, 
 130.20   1.1741E-06,  130.30   1.1633E-06,  130.40   1.1526E-06,  130.50   1.1420E-06,  130.60   1.1315E-06,  130.70   1.1211E-06, 
 130.80   1.1108E-06,  130.90   1.1006E-06,  131.00   1.0904E-06,  131.10   1.0804E-06,  131.20   1.0705E-06,  131.30   1.0606E-06, 
 131.40   1.0509E-06,  131.50   1.0412E-06,  131.60   1.0317E-06,  131.70   1.0222E-06,  131.80   1.0128E-06,  131.90   1.0035E-06, 
 132.00   9.9424E-07,  132.10   9.8510E-07,  132.20   9.7604E-07,  132.30   9.6707E-07,  132.40   9.5818E-07,  132.50   9.4937E-07, 
 132.60   9.4065E-07,  132.70   9.3200E-07,  132.80   9.2343E-07,  132.90   9.1494E-07,  133.00   9.0653E-07,  133.10   8.9820E-07, 
 133.20   8.8995E-07,  133.30   8.8177E-07,  133.40   8.7366E-07,  133.50   8.6563E-07,  133.60   8.5767E-07,  133.70   8.4979E-07, 
 133.80   8.4198E-07,  133.90   8.3424E-07,  134.00   8.2657E-07,  134.10   8.1898E-07,  134.20   8.1145E-07,  134.30   8.0399E-07, 
 134.40   7.9660E-07,  134.50   7.8928E-07,  134.60   7.8203E-07,  134.70   7.7484E-07,  134.80   7.6772E-07,  134.90   7.6066E-07, 
 135.00   7.5367E-07,  135.10   7.4675E-07,  135.20   7.3988E-07,  135.30   7.3308E-07,  135.40   7.2635E-07,  135.50   7.1967E-07, 
 135.60   7.1306E-07,  135.70   7.0650E-07,  135.80   7.0001E-07,  135.90   6.9358E-07,  136.00   6.8721E-07,  136.10   6.8089E-07, 
 136.20   6.7463E-07,  136.30   6.6843E-07,  136.40   6.6229E-07,  136.50   6.5621E-07,  136.60   6.5018E-07,  136.70   6.4420E-07, 
 136.80   6.3828E-07,  136.90   6.3242E-07,  137.00   6.2661E-07,  137.10   6.2085E-07,  137.20   6.1514E-07,  137.30   6.0949E-07, 
 137.40   6.0389E-07,  137.50   5.9834E-07,  137.60   5.9284E-07,  137.70   5.8740E-07,  137.80   5.8200E-07,  137.90   5.7665E-07, 
 138.00   5.7135E-07,  138.10   5.6611E-07,  138.20   5.6090E-07,  138.30   5.5575E-07,  138.40   5.5064E-07,  138.50   5.4559E-07, 
 138.60   5.4057E-07,  138.70   5.3561E-07,  138.80   5.3069E-07,  138.90   5.2581E-07,  139.00   5.2098E-07,  139.10   5.1619E-07, 
 139.20   5.1145E-07,  139.30   5.0675E-07,  139.40   5.0210E-07,  139.50   4.9748E-07,  139.60   4.9291E-07,  139.70   4.8838E-07, 
 139.80   4.8390E-07,  139.90   4.7945E-07,  140.00   4.7505E-07,  140.10   4.7068E-07,  140.20   4.6636E-07,  140.30   4.6208E-07, 
 140.40   4.5783E-07,  140.50   4.5363E-07,  140.60   4.4946E-07,  140.70   4.4533E-07,  140.80   4.4124E-07,  140.90   4.3719E-07, 
 141.00   4.3317E-07,  141.10   4.2919E-07,  141.20   4.2525E-07,  141.30   4.2134E-07,  141.40   4.1747E-07,  141.50   4.1364E-07, 
 141.60   4.0984E-07,  141.70   4.0607E-07,  141.80   4.0234E-07,  141.90   3.9865E-07,  142.00   3.9499E-07,  142.10   3.9136E-07, 
 142.20   3.8776E-07,  142.30   3.8420E-07,  142.40   3.8067E-07,  142.50   3.7718E-07,  142.60   3.7371E-07,  142.70   3.7028E-07, 
 142.80   3.6688E-07,  142.90   3.6351E-07,  143.00   3.6017E-07,  143.10   3.5686E-07,  143.20   3.5358E-07,  143.30   3.5034E-07, 
 143.40   3.4712E-07,  143.50   3.4393E-07,  143.60   3.4077E-07,  143.70   3.3764E-07,  143.80   3.3454E-07,  143.90   3.3147E-07, 
 144.00   3.2843E-07,  144.10   3.2541E-07,  144.20   3.2242E-07,  144.30   3.1946E-07,  144.40   3.1653E-07,  144.50   3.1362E-07, 
 144.60   3.1074E-07,  144.70   3.0789E-07,  144.80   3.0506E-07,  144.90   3.0226E-07,  145.00   2.9948E-07,  145.10   2.9673E-07, 
 145.20   2.9401E-07,  145.30   2.9131E-07,  145.40   2.8863E-07,  145.50   2.8598E-07,  145.60   2.8335E-07,  145.70   2.8075E-07, 
 145.80   2.7817E-07,  145.90   2.7562E-07,  146.00   2.7309E-07,  146.10   2.7058E-07,  146.20   2.6810E-07,  146.30   2.6564E-07, 
 146.40   2.6320E-07,  146.50   2.6078E-07,  146.60   2.5838E-07,  146.70   2.5601E-07,  146.80   2.5366E-07,  146.90   2.5133E-07, 
 147.00   2.4902E-07,  147.10   2.4674E-07,  147.20   2.4447E-07,  147.30   2.4223E-07,  147.40   2.4000E-07,  147.50   2.3780E-07, 
 147.60   2.3562E-07,  147.70   2.3345E-07,  147.80   2.3131E-07,  147.90   2.2919E-07,  148.00   2.2708E-07,  148.10   2.2500E-07, 
 148.20   2.2293E-07,  148.30   2.2088E-07,  148.40   2.1886E-07,  148.50   2.1685E-07,  148.60   2.1486E-07,  148.70   2.1288E-07, 
 148.80   2.1093E-07,  148.90   2.0899E-07,  149.00   2.0707E-07,  149.10   2.0517E-07,  149.20   2.0329E-07,  149.30   2.0142E-07, 
 149.40   1.9957E-07,  149.50   1.9774E-07,  149.60   1.9593E-07,  149.70   1.9413E-07,  149.80   1.9235E-07,  149.90   1.9058E-07, 
 150.00   1.8883E-07,  150.10   1.8710E-07,  150.20   1.8538E-07,  150.30   1.8368E-07,  150.40   1.8199E-07,  150.50   1.8032E-07, 
 150.60   1.7867E-07,  150.70   1.7703E-07,  150.80   1.7540E-07,  150.90   1.7379E-07,  151.00   1.7219E-07,  151.10   1.7061E-07, 
 151.20   1.6905E-07,  151.30   1.6750E-07,  151.40   1.6596E-07,  151.50   1.6444E-07,  151.60   1.6293E-07,  151.70   1.6143E-07, 
 151.80   1.5995E-07,  151.90   1.5848E-07,  152.00   1.5703E-07,  152.10   1.5558E-07,  152.20   1.5416E-07,  152.30   1.5274E-07, 
 152.40   1.5134E-07,  152.50   1.4995E-07,  152.60   1.4857E-07,  152.70   1.4721E-07,  152.80   1.4586E-07,  152.90   1.4452E-07, 
 153.00   1.4319E-07,  153.10   1.4188E-07,  153.20   1.4058E-07,  153.30   1.3929E-07,  153.40   1.3801E-07,  153.50   1.3674E-07, 
 153.60   1.3549E-07,  153.70   1.3424E-07,  153.80   1.3301E-07,  153.90   1.3179E-07,  154.00   1.3058E-07,  154.10   1.2938E-07, 
 154.20   1.2819E-07,  154.30   1.2702E-07,  154.40   1.2585E-07,  154.50   1.2470E-07,  154.60   1.2355E-07,  154.70   1.2242E-07, 
 154.80   1.2130E-07,  154.90   1.2018E-07,  155.00   1.1908E-07,  155.10   1.1799E-07,  155.20   1.1690E-07,  155.30   1.1583E-07, 
 155.40   1.1477E-07,  155.50   1.1371E-07,  155.60   1.1267E-07,  155.70   1.1164E-07,  155.80   1.1061E-07,  155.90   1.0960E-07, 
 156.00   1.0859E-07,  156.10   1.0760E-07,  156.20   1.0661E-07,  156.30   1.0563E-07,  156.40   1.0466E-07,  156.50   1.0370E-07, 
 156.60   1.0275E-07,  156.70   1.0181E-07,  156.80   1.0087E-07,  156.90   9.9945E-08,  157.00   9.9028E-08,  157.10   9.8120E-08, 
 157.20   9.7219E-08,  157.30   9.6327E-08,  157.40   9.5443E-08,  157.50   9.4567E-08,  157.60   9.3700E-08,  157.70   9.2840E-08, 
 157.80   9.1988E-08,  157.90   9.1144E-08,  158.00   9.0307E-08,  158.10   8.9479E-08,  158.20   8.8658E-08,  158.30   8.7844E-08, 
 158.40   8.7038E-08,  158.50   8.6240E-08,  158.60   8.5448E-08,  158.70   8.4664E-08,  158.80   8.3887E-08,  158.90   8.3118E-08, 
 159.00   8.2355E-08,  159.10   8.1599E-08,  159.20   8.0851E-08,  159.30   8.0109E-08,  159.40   7.9374E-08,  159.50   7.8646E-08, 
 159.60   7.7924E-08,  159.70   7.7209E-08,  159.80   7.6501E-08,  159.90   7.5799E-08,  160.00   7.5103E-08, 

 No.   P1 P2 IN KIND T N  L  S1 IA J/S  IB BIND XFER  BE    SC PC FIL AFRAC Adjust  to  Z  Mass   K     Norm    rms      D0     D   ANC/Gsp

    At R=  159.900, ANC in ch  5 is   0.16756    ,   eta,eta*ln(2*rho)+rho =    0.0000        14.675    

    5:  1  2  2  0     1  1 0.5  1 1.5   0   3   0   0.2000  1  3  0 0.0000 VR  0.7332; 0. 1.006 0.0918 1.0000  6.049  -76.2  -77.2  0.1676

    Parameters      Mismatch   Nodes -> 1 in ch  1

      1.000000    -4.72982452     2    44
      0.500000    -0.37382991     1    37
      0.812114     0.26255119     1    37
      0.741477     0.04375595     1    37
      0.724601     0.00158822     1    37
      0.723941     0.00000222     1    37

 For Channel #  1 with l = 1,  j =  1.5, around core state #  1

   R    Y(R)
   0.00   0.0000E+00,    0.10   1.9539E-03,    0.20   7.5200E-03,    0.30   1.6703E-02,    0.40   2.9329E-02,    0.50   4.5166E-02, 
   0.60   6.3925E-02,    0.70   8.5272E-02,    0.80   1.0883E-01,    0.90   1.3419E-01,    1.00   1.6091E-01,    1.10   1.8854E-01, 
   1.20   2.1662E-01,    1.30   2.4472E-01,    1.40   2.7238E-01,    1.50   2.9921E-01,    1.60   3.2482E-01,    1.70   3.4889E-01, 
   1.80   3.7114E-01,    1.90   3.9134E-01,    2.00   4.0932E-01,    2.10   4.2497E-01,    2.20   4.3824E-01,    2.30   4.4915E-01, 
   2.40   4.5773E-01,    2.50   4.6409E-01,    2.60   4.6835E-01,    2.70   4.7068E-01,    2.80   4.7126E-01,    2.90   4.7025E-01, 
   3.00   4.6787E-01,    3.10   4.6429E-01,    3.20   4.5970E-01,    3.30   4.5426E-01,    3.40   4.4813E-01,    3.50   4.4145E-01, 
   3.60   4.3435E-01,    3.70   4.2694E-01,    3.80   4.1931E-01,    3.90   4.1153E-01,    4.00   4.0369E-01,    4.10   3.9584E-01, 
   4.20   3.8801E-01,    4.30   3.8027E-01,    4.40   3.7262E-01,    4.50   3.6510E-01,    4.60   3.5772E-01,    4.70   3.5050E-01, 
   4.80   3.4344E-01,    4.90   3.3656E-01,    5.00   3.2986E-01,    5.10   3.2334E-01,    5.20   3.1700E-01,    5.30   3.1083E-01, 
   5.40   3.0484E-01,    5.50   2.9903E-01,    5.60   2.9338E-01,    5.70   2.8790E-01,    5.80   2.8257E-01,    5.90   2.7741E-01, 
   6.00   2.7239E-01,    6.10   2.6752E-01,    6.20   2.6279E-01,    6.30   2.5819E-01,    6.40   2.5373E-01,    6.50   2.4939E-01, 
   6.60   2.4517E-01,    6.70   2.4107E-01,    6.80   2.3708E-01,    6.90   2.3320E-01,    7.00   2.2942E-01,    7.10   2.2575E-01, 
   7.20   2.2217E-01,    7.30   2.1868E-01,    7.40   2.1528E-01,    7.50   2.1197E-01,    7.60   2.0874E-01,    7.70   2.0560E-01, 
   7.80   2.0252E-01,    7.90   1.9953E-01,    8.00   1.9660E-01,    8.10   1.9375E-01,    8.20   1.9096E-01,    8.30   1.8823E-01, 
   8.40   1.8557E-01,    8.50   1.8297E-01,    8.60   1.8042E-01,    8.70   1.7793E-01,    8.80   1.7550E-01,    8.90   1.7312E-01, 
   9.00   1.7079E-01,    9.10   1.6851E-01,    9.20   1.6627E-01,    9.30   1.6408E-01,    9.40   1.6194E-01,    9.50   1.5984E-01, 
   9.60   1.5779E-01,    9.70   1.5577E-01,    9.80   1.5379E-01,    9.90   1.5185E-01,   10.00   1.4995E-01,   10.10   1.4809E-01, 
  10.20   1.4626E-01,   10.30   1.4447E-01,   10.40   1.4270E-01,   10.50   1.4097E-01,   10.60   1.3928E-01,   10.70   1.3761E-01, 
  10.80   1.3597E-01,   10.90   1.3436E-01,   11.00   1.3278E-01,   11.10   1.3123E-01,   11.20   1.2971E-01,   11.30   1.2821E-01, 
  11.40   1.2673E-01,   11.50   1.2528E-01,   11.60   1.2386E-01,   11.70   1.2246E-01,   11.80   1.2108E-01,   11.90   1.1972E-01, 
  12.00   1.1839E-01,   12.10   1.1708E-01,   12.20   1.1579E-01,   12.30   1.1452E-01,   12.40   1.1327E-01,   12.50   1.1203E-01, 
  12.60   1.1082E-01,   12.70   1.0963E-01,   12.80   1.0845E-01,   12.90   1.0729E-01,   13.00   1.0615E-01,   13.10   1.0503E-01, 
  13.20   1.0392E-01,   13.30   1.0283E-01,   13.40   1.0176E-01,   13.50   1.0070E-01,   13.60   9.9657E-02,   13.70   9.8628E-02, 
  13.80   9.7614E-02,   13.90   9.6615E-02,   14.00   9.5629E-02,   14.10   9.4658E-02,   14.20   9.3700E-02,   14.30   9.2755E-02, 
  14.40   9.1823E-02,   14.50   9.0904E-02,   14.60   8.9997E-02,   14.70   8.9102E-02,   14.80   8.8220E-02,   14.90   8.7349E-02, 
  15.00   8.6490E-02,   15.10   8.5642E-02,   15.20   8.4806E-02,   15.30   8.3980E-02,   15.40   8.3165E-02,   15.50   8.2360E-02, 
  15.60   8.1566E-02,   15.70   8.0782E-02,   15.80   8.0008E-02,   15.90   7.9243E-02,   16.00   7.8488E-02,   16.10   7.7743E-02, 
  16.20   7.7007E-02,   16.30   7.6280E-02,   16.40   7.5562E-02,   16.50   7.4853E-02,   16.60   7.4152E-02,   16.70   7.3460E-02, 
  16.80   7.2777E-02,   16.90   7.2101E-02,   17.00   7.1434E-02,   17.10   7.0775E-02,   17.20   7.0123E-02,   17.30   6.9479E-02, 
  17.40   6.8843E-02,   17.50   6.8214E-02,   17.60   6.7592E-02,   17.70   6.6978E-02,   17.80   6.6371E-02,   17.90   6.5771E-02, 
  18.00   6.5177E-02,   18.10   6.4591E-02,   18.20   6.4011E-02,   18.30   6.3437E-02,   18.40   6.2870E-02,   18.50   6.2310E-02, 
  18.60   6.1756E-02,   18.70   6.1207E-02,   18.80   6.0665E-02,   18.90   6.0129E-02,   19.00   5.9599E-02,   19.10   5.9075E-02, 
  19.20   5.8556E-02,   19.30   5.8043E-02,   19.40   5.7536E-02,   19.50   5.7034E-02,   19.60   5.6537E-02,   19.70   5.6046E-02, 
  19.80   5.5560E-02,   19.90   5.5079E-02,   20.00   5.4604E-02,   20.10   5.4133E-02,   20.20   5.3667E-02,   20.30   5.3207E-02, 
  20.40   5.2751E-02,   20.50   5.2299E-02,   20.60   5.1853E-02,   20.70   5.1411E-02,   20.80   5.0974E-02,   20.90   5.0541E-02, 
  21.00   5.0112E-02,   21.10   4.9688E-02,   21.20   4.9269E-02,   21.30   4.8853E-02,   21.40   4.8442E-02,   21.50   4.8035E-02, 
  21.60   4.7632E-02,   21.70   4.7233E-02,   21.80   4.6838E-02,   21.90   4.6447E-02,   22.00   4.6060E-02,   22.10   4.5677E-02, 
  22.20   4.5297E-02,   22.30   4.4922E-02,   22.40   4.4550E-02,   22.50   4.4181E-02,   22.60   4.3817E-02,   22.70   4.3455E-02, 
  22.80   4.3098E-02,   22.90   4.2744E-02,   23.00   4.2393E-02,   23.10   4.2046E-02,   23.20   4.1702E-02,   23.30   4.1361E-02, 
  23.40   4.1023E-02,   23.50   4.0689E-02,   23.60   4.0358E-02,   23.70   4.0030E-02,   23.80   3.9705E-02,   23.90   3.9384E-02, 
  24.00   3.9065E-02,   24.10   3.8749E-02,   24.20   3.8437E-02,   24.30   3.8127E-02,   24.40   3.7820E-02,   24.50   3.7516E-02, 
  24.60   3.7215E-02,   24.70   3.6917E-02,   24.80   3.6621E-02,   24.90   3.6328E-02,   25.00   3.6038E-02,   25.10   3.5750E-02, 
  25.20   3.5466E-02,   25.30   3.5183E-02,   25.40   3.4904E-02,   25.50   3.4626E-02,   25.60   3.4352E-02,   25.70   3.4080E-02, 
  25.80   3.3810E-02,   25.90   3.3543E-02,   26.00   3.3278E-02,   26.10   3.3016E-02,   26.20   3.2756E-02,   26.30   3.2498E-02, 
  26.40   3.2243E-02,   26.50   3.1990E-02,   26.60   3.1739E-02,   26.70   3.1490E-02,   26.80   3.1244E-02,   26.90   3.0999E-02, 
  27.00   3.0757E-02,   27.10   3.0517E-02,   27.20   3.0280E-02,   27.30   3.0044E-02,   27.40   2.9810E-02,   27.50   2.9579E-02, 
  27.60   2.9349E-02,   27.70   2.9122E-02,   27.80   2.8896E-02,   27.90   2.8672E-02,   28.00   2.8451E-02,   28.10   2.8231E-02, 
  28.20   2.8013E-02,   28.30   2.7797E-02,   28.40   2.7583E-02,   28.50   2.7371E-02,   28.60   2.7160E-02,   28.70   2.6952E-02, 
  28.80   2.6745E-02,   28.90   2.6540E-02,   29.00   2.6337E-02,   29.10   2.6135E-02,   29.20   2.5935E-02,   29.30   2.5737E-02, 
  29.40   2.5541E-02,   29.50   2.5346E-02,   29.60   2.5153E-02,   29.70   2.4961E-02,   29.80   2.4771E-02,   29.90   2.4583E-02, 
  30.00   2.4396E-02,   30.10   2.4211E-02,   30.20   2.4028E-02,   30.30   2.3846E-02,   30.40   2.3665E-02,   30.50   2.3486E-02, 
  30.60   2.3309E-02,   30.70   2.3133E-02,   30.80   2.2958E-02,   30.90   2.2785E-02,   31.00   2.2613E-02,   31.10   2.2443E-02, 
  31.20   2.2274E-02,   31.30   2.2107E-02,   31.40   2.1941E-02,   31.50   2.1776E-02,   31.60   2.1613E-02,   31.70   2.1451E-02, 
  31.80   2.1290E-02,   31.90   2.1130E-02,   32.00   2.0972E-02,   32.10   2.0816E-02,   32.20   2.0660E-02,   32.30   2.0506E-02, 
  32.40   2.0353E-02,   32.50   2.0201E-02,   32.60   2.0051E-02,   32.70   1.9902E-02,   32.80   1.9754E-02,   32.90   1.9607E-02, 
  33.00   1.9461E-02,   33.10   1.9317E-02,   33.20   1.9173E-02,   33.30   1.9031E-02,   33.40   1.8890E-02,   33.50   1.8750E-02, 
  33.60   1.8611E-02,   33.70   1.8474E-02,   33.80   1.8337E-02,   33.90   1.8202E-02,   34.00   1.8068E-02,   34.10   1.7934E-02, 
  34.20   1.7802E-02,   34.30   1.7671E-02,   34.40   1.7541E-02,   34.50   1.7412E-02,   34.60   1.7284E-02,   34.70   1.7157E-02, 
  34.80   1.7030E-02,   34.90   1.6905E-02,   35.00   1.6781E-02,   35.10   1.6658E-02,   35.20   1.6536E-02,   35.30   1.6415E-02, 
  35.40   1.6295E-02,   35.50   1.6176E-02,   35.60   1.6057E-02,   35.70   1.5940E-02,   35.80   1.5824E-02,   35.90   1.5708E-02, 
  36.00   1.5593E-02,   36.10   1.5480E-02,   36.20   1.5367E-02,   36.30   1.5255E-02,   36.40   1.5144E-02,   36.50   1.5034E-02, 
  36.60   1.4924E-02,   36.70   1.4816E-02,   36.80   1.4708E-02,   36.90   1.4601E-02,   37.00   1.4495E-02,   37.10   1.4390E-02, 
  37.20   1.4286E-02,   37.30   1.4182E-02,   37.40   1.4079E-02,   37.50   1.3977E-02,   37.60   1.3876E-02,   37.70   1.3776E-02, 
  37.80   1.3676E-02,   37.90   1.3577E-02,   38.00   1.3479E-02,   38.10   1.3382E-02,   38.20   1.3285E-02,   38.30   1.3190E-02, 
  38.40   1.3094E-02,   38.50   1.3000E-02,   38.60   1.2906E-02,   38.70   1.2814E-02,   38.80   1.2721E-02,   38.90   1.2630E-02, 
  39.00   1.2539E-02,   39.10   1.2449E-02,   39.20   1.2359E-02,   39.30   1.2271E-02,   39.40   1.2183E-02,   39.50   1.2095E-02, 
  39.60   1.2008E-02,   39.70   1.1922E-02,   39.80   1.1837E-02,   39.90   1.1752E-02,   40.00   1.1668E-02,   40.10   1.1584E-02, 
  40.20   1.1501E-02,   40.30   1.1419E-02,   40.40   1.1338E-02,   40.50   1.1257E-02,   40.60   1.1176E-02,   40.70   1.1096E-02, 
  40.80   1.1017E-02,   40.90   1.0939E-02,   41.00   1.0861E-02,   41.10   1.0783E-02,   41.20   1.0706E-02,   41.30   1.0630E-02, 
  41.40   1.0554E-02,   41.50   1.0479E-02,   41.60   1.0405E-02,   41.70   1.0331E-02,   41.80   1.0257E-02,   41.90   1.0184E-02, 
  42.00   1.0112E-02,   42.10   1.0040E-02,   42.20   9.9689E-03,   42.30   9.8981E-03,   42.40   9.8279E-03,   42.50   9.7582E-03, 
  42.60   9.6890E-03,   42.70   9.6204E-03,   42.80   9.5522E-03,   42.90   9.4846E-03,   43.00   9.4174E-03,   43.10   9.3508E-03, 
  43.20   9.2847E-03,   43.30   9.2190E-03,   43.40   9.1538E-03,   43.50   9.0891E-03,   43.60   9.0249E-03,   43.70   8.9612E-03, 
  43.80   8.8979E-03,   43.90   8.8351E-03,   44.00   8.7728E-03,   44.10   8.7109E-03,   44.20   8.6495E-03,   44.30   8.5885E-03, 
  44.40   8.5280E-03,   44.50   8.4680E-03,   44.60   8.4083E-03,   44.70   8.3492E-03,   44.80   8.2904E-03,   44.90   8.2321E-03, 
  45.00   8.1742E-03,   45.10   8.1167E-03,   45.20   8.0597E-03,   45.30   8.0030E-03,   45.40   7.9468E-03,   45.50   7.8910E-03, 
  45.60   7.8356E-03,   45.70   7.7807E-03,   45.80   7.7261E-03,   45.90   7.6719E-03,   46.00   7.6181E-03,   46.10   7.5647E-03, 
  46.20   7.5117E-03,   46.30   7.4591E-03,   46.40   7.4068E-03,   46.50   7.3550E-03,   46.60   7.3035E-03,   46.70   7.2524E-03, 
  46.80   7.2017E-03,   46.90   7.1513E-03,   47.00   7.1013E-03,   47.10   7.0517E-03,   47.20   7.0024E-03,   47.30   6.9535E-03, 
  47.40   6.9049E-03,   47.50   6.8567E-03,   47.60   6.8089E-03,   47.70   6.7614E-03,   47.80   6.7142E-03,   47.90   6.6674E-03, 
  48.00   6.6209E-03,   48.10   6.5747E-03,   48.20   6.5289E-03,   48.30   6.4834E-03,   48.40   6.4383E-03,   48.50   6.3934E-03, 
  48.60   6.3489E-03,   48.70   6.3047E-03,   48.80   6.2609E-03,   48.90   6.2173E-03,   49.00   6.1741E-03,   49.10   6.1312E-03, 
  49.20   6.0885E-03,   49.30   6.0462E-03,   49.40   6.0042E-03,   49.50   5.9625E-03,   49.60   5.9211E-03,   49.70   5.8800E-03, 
  49.80   5.8392E-03,   49.90   5.7987E-03,   50.00   5.7585E-03,   50.10   5.7185E-03,   50.20   5.6789E-03,   50.30   5.6395E-03, 
  50.40   5.6004E-03,   50.50   5.5616E-03,   50.60   5.5231E-03,   50.70   5.4848E-03,   50.80   5.4469E-03,   50.90   5.4091E-03, 
  51.00   5.3717E-03,   51.10   5.3345E-03,   51.20   5.2976E-03,   51.30   5.2610E-03,   51.40   5.2246E-03,   51.50   5.1885E-03, 
  51.60   5.1526E-03,   51.70   5.1170E-03,   51.80   5.0817E-03,   51.90   5.0466E-03,   52.00   5.0117E-03,   52.10   4.9771E-03, 
  52.20   4.9428E-03,   52.30   4.9087E-03,   52.40   4.8748E-03,   52.50   4.8412E-03,   52.60   4.8078E-03,   52.70   4.7746E-03, 
  52.80   4.7417E-03,   52.90   4.7090E-03,   53.00   4.6766E-03,   53.10   4.6443E-03,   53.20   4.6123E-03,   53.30   4.5806E-03, 
  53.40   4.5490E-03,   53.50   4.5177E-03,   53.60   4.4866E-03,   53.70   4.4558E-03,   53.80   4.4251E-03,   53.90   4.3947E-03, 
  54.00   4.3644E-03,   54.10   4.3344E-03,   54.20   4.3046E-03,   54.30   4.2750E-03,   54.40   4.2457E-03,   54.50   4.2165E-03, 
  54.60   4.1875E-03,   54.70   4.1588E-03,   54.80   4.1302E-03,   54.90   4.1019E-03,   55.00   4.0737E-03,   55.10   4.0457E-03, 
  55.20   4.0180E-03,   55.30   3.9904E-03,   55.40   3.9630E-03,   55.50   3.9359E-03,   55.60   3.9089E-03,   55.70   3.8821E-03, 
  55.80   3.8555E-03,   55.90   3.8290E-03,   56.00   3.8028E-03,   56.10   3.7768E-03,   56.20   3.7509E-03,   56.30   3.7252E-03, 
  56.40   3.6997E-03,   56.50   3.6744E-03,   56.60   3.6492E-03,   56.70   3.6242E-03,   56.80   3.5994E-03,   56.90   3.5748E-03, 
  57.00   3.5504E-03,   57.10   3.5261E-03,   57.20   3.5020E-03,   57.30   3.4780E-03,   57.40   3.4543E-03,   57.50   3.4307E-03, 
  57.60   3.4072E-03,   57.70   3.3839E-03,   57.80   3.3608E-03,   57.90   3.3379E-03,   58.00   3.3151E-03,   58.10   3.2925E-03, 
  58.20   3.2700E-03,   58.30   3.2477E-03,   58.40   3.2255E-03,   58.50   3.2035E-03,   58.60   3.1816E-03,   58.70   3.1599E-03, 
  58.80   3.1384E-03,   58.90   3.1170E-03,   59.00   3.0957E-03,   59.10   3.0746E-03,   59.20   3.0537E-03,   59.30   3.0329E-03, 
  59.40   3.0122E-03,   59.50   2.9917E-03,   59.60   2.9713E-03,   59.70   2.9511E-03,   59.80   2.9310E-03,   59.90   2.9110E-03, 
  60.00   2.8912E-03,   60.10   2.8715E-03,   60.20   2.8520E-03,   60.30   2.8326E-03,   60.40   2.8133E-03,   60.50   2.7942E-03, 
  60.60   2.7752E-03,   60.70   2.7563E-03,   60.80   2.7376E-03,   60.90   2.7189E-03,   61.00   2.7005E-03,   61.10   2.6821E-03, 
  61.20   2.6639E-03,   61.30   2.6458E-03,   61.40   2.6278E-03,   61.50   2.6100E-03,   61.60   2.5922E-03,   61.70   2.5746E-03, 
  61.80   2.5572E-03,   61.90   2.5398E-03,   62.00   2.5226E-03,   62.10   2.5054E-03,   62.20   2.4884E-03,   62.30   2.4715E-03, 
  62.40   2.4548E-03,   62.50   2.4381E-03,   62.60   2.4216E-03,   62.70   2.4052E-03,   62.80   2.3889E-03,   62.90   2.3727E-03, 
  63.00   2.3566E-03,   63.10   2.3406E-03,   63.20   2.3247E-03,   63.30   2.3090E-03,   63.40   2.2934E-03,   63.50   2.2778E-03, 
  63.60   2.2624E-03,   63.70   2.2471E-03,   63.80   2.2318E-03,   63.90   2.2167E-03,   64.00   2.2017E-03,   64.10   2.1868E-03, 
  64.20   2.1720E-03,   64.30   2.1573E-03,   64.40   2.1427E-03,   64.50   2.1282E-03,   64.60   2.1138E-03,   64.70   2.0995E-03, 
  64.80   2.0853E-03,   64.90   2.0712E-03,   65.00   2.0572E-03,   65.10   2.0433E-03,   65.20   2.0295E-03,   65.30   2.0158E-03, 
  65.40   2.0022E-03,   65.50   1.9886E-03,   65.60   1.9752E-03,   65.70   1.9619E-03,   65.80   1.9486E-03,   65.90   1.9354E-03, 
  66.00   1.9224E-03,   66.10   1.9094E-03,   66.20   1.8965E-03,   66.30   1.8837E-03,   66.40   1.8710E-03,   66.50   1.8583E-03, 
  66.60   1.8458E-03,   66.70   1.8333E-03,   66.80   1.8210E-03,   66.90   1.8087E-03,   67.00   1.7965E-03,   67.10   1.7844E-03, 
  67.20   1.7723E-03,   67.30   1.7604E-03,   67.40   1.7485E-03,   67.50   1.7367E-03,   67.60   1.7250E-03,   67.70   1.7134E-03, 
  67.80   1.7018E-03,   67.90   1.6904E-03,   68.00   1.6790E-03,   68.10   1.6677E-03,   68.20   1.6564E-03,   68.30   1.6453E-03, 
  68.40   1.6342E-03,   68.50   1.6232E-03,   68.60   1.6123E-03,   68.70   1.6014E-03,   68.80   1.5906E-03,   68.90   1.5799E-03, 
  69.00   1.5693E-03,   69.10   1.5587E-03,   69.20   1.5482E-03,   69.30   1.5378E-03,   69.40   1.5275E-03,   69.50   1.5172E-03, 
  69.60   1.5070E-03,   69.70   1.4968E-03,   69.80   1.4868E-03,   69.90   1.4768E-03,   70.00   1.4668E-03,   70.10   1.4570E-03, 
  70.20   1.4472E-03,   70.30   1.4374E-03,   70.40   1.4278E-03,   70.50   1.4182E-03,   70.60   1.4087E-03,   70.70   1.3992E-03, 
  70.80   1.3898E-03,   70.90   1.3804E-03,   71.00   1.3712E-03,   71.10   1.3620E-03,   71.20   1.3528E-03,   71.30   1.3437E-03, 
  71.40   1.3347E-03,   71.50   1.3257E-03,   71.60   1.3168E-03,   71.70   1.3080E-03,   71.80   1.2992E-03,   71.90   1.2905E-03, 
  72.00   1.2818E-03,   72.10   1.2732E-03,   72.20   1.2647E-03,   72.30   1.2562E-03,   72.40   1.2478E-03,   72.50   1.2394E-03, 
  72.60   1.2311E-03,   72.70   1.2228E-03,   72.80   1.2146E-03,   72.90   1.2065E-03,   73.00   1.1984E-03,   73.10   1.1904E-03, 
  73.20   1.1824E-03,   73.30   1.1744E-03,   73.40   1.1666E-03,   73.50   1.1588E-03,   73.60   1.1510E-03,   73.70   1.1433E-03, 
  73.80   1.1356E-03,   73.90   1.1280E-03,   74.00   1.1204E-03,   74.10   1.1129E-03,   74.20   1.1055E-03,   74.30   1.0981E-03, 
  74.40   1.0907E-03,   74.50   1.0834E-03,   74.60   1.0762E-03,   74.70   1.0690E-03,   74.80   1.0618E-03,   74.90   1.0547E-03, 
  75.00   1.0476E-03,   75.10   1.0406E-03,   75.20   1.0337E-03,   75.30   1.0267E-03,   75.40   1.0199E-03,   75.50   1.0130E-03, 
  75.60   1.0063E-03,   75.70   9.9953E-04,   75.80   9.9284E-04,   75.90   9.8620E-04,   76.00   9.7960E-04,   76.10   9.7305E-04, 
  76.20   9.6654E-04,   76.30   9.6008E-04,   76.40   9.5366E-04,   76.50   9.4728E-04,   76.60   9.4095E-04,   76.70   9.3466E-04, 
  76.80   9.2841E-04,   76.90   9.2221E-04,   77.00   9.1604E-04,   77.10   9.0992E-04,   77.20   9.0384E-04,   77.30   8.9780E-04, 
  77.40   8.9180E-04,   77.50   8.8584E-04,   77.60   8.7992E-04,   77.70   8.7405E-04,   77.80   8.6821E-04,   77.90   8.6241E-04, 
  78.00   8.5665E-04,   78.10   8.5093E-04,   78.20   8.4525E-04,   78.30   8.3960E-04,   78.40   8.3400E-04,   78.50   8.2843E-04, 
  78.60   8.2290E-04,   78.70   8.1740E-04,   78.80   8.1195E-04,   78.90   8.0653E-04,   79.00   8.0115E-04,   79.10   7.9580E-04, 
  79.20   7.9049E-04,   79.30   7.8522E-04,   79.40   7.7998E-04,   79.50   7.7477E-04,   79.60   7.6960E-04,   79.70   7.6447E-04, 
  79.80   7.5937E-04,   79.90   7.5431E-04,   80.00   7.4928E-04,   80.10   7.4428E-04,   80.20   7.3932E-04,   80.30   7.3439E-04, 
  80.40   7.2949E-04,   80.50   7.2463E-04,   80.60   7.1980E-04,   80.70   7.1500E-04,   80.80   7.1023E-04,   80.90   7.0550E-04, 
  81.00   7.0080E-04,   81.10   6.9613E-04,   81.20   6.9149E-04,   81.30   6.8688E-04,   81.40   6.8230E-04,   81.50   6.7776E-04, 
  81.60   6.7324E-04,   81.70   6.6876E-04,   81.80   6.6430E-04,   81.90   6.5988E-04,   82.00   6.5548E-04,   82.10   6.5112E-04, 
  82.20   6.4678E-04,   82.30   6.4247E-04,   82.40   6.3820E-04,   82.50   6.3395E-04,   82.60   6.2973E-04,   82.70   6.2553E-04, 
  82.80   6.2137E-04,   82.90   6.1723E-04,   83.00   6.1313E-04,   83.10   6.0905E-04,   83.20   6.0499E-04,   83.30   6.0097E-04, 
  83.40   5.9697E-04,   83.50   5.9299E-04,   83.60   5.8905E-04,   83.70   5.8513E-04,   83.80   5.8124E-04,   83.90   5.7737E-04, 
  84.00   5.7353E-04,   84.10   5.6972E-04,   84.20   5.6593E-04,   84.30   5.6216E-04,   84.40   5.5842E-04,   84.50   5.5471E-04, 
  84.60   5.5102E-04,   84.70   5.4736E-04,   84.80   5.4372E-04,   84.90   5.4010E-04,   85.00   5.3651E-04,   85.10   5.3295E-04, 
  85.20   5.2940E-04,   85.30   5.2589E-04,   85.40   5.2239E-04,   85.50   5.1892E-04,   85.60   5.1547E-04,   85.70   5.1204E-04, 
  85.80   5.0864E-04,   85.90   5.0526E-04,   86.00   5.0190E-04,   86.10   4.9857E-04,   86.20   4.9526E-04,   86.30   4.9197E-04, 
  86.40   4.8870E-04,   86.50   4.8545E-04,   86.60   4.8223E-04,   86.70   4.7903E-04,   86.80   4.7585E-04,   86.90   4.7269E-04, 
  87.00   4.6955E-04,   87.10   4.6643E-04,   87.20   4.6333E-04,   87.30   4.6026E-04,   87.40   4.5720E-04,   87.50   4.5417E-04, 
  87.60   4.5115E-04,   87.70   4.4816E-04,   87.80   4.4518E-04,   87.90   4.4223E-04,   88.00   4.3929E-04,   88.10   4.3638E-04, 
  88.20   4.3348E-04,   88.30   4.3060E-04,   88.40   4.2775E-04,   88.50   4.2491E-04,   88.60   4.2209E-04,   88.70   4.1929E-04, 
  88.80   4.1651E-04,   88.90   4.1374E-04,   89.00   4.1100E-04,   89.10   4.0827E-04,   89.20   4.0557E-04,   89.30   4.0288E-04, 
  89.40   4.0020E-04,   89.50   3.9755E-04,   89.60   3.9491E-04,   89.70   3.9230E-04,   89.80   3.8969E-04,   89.90   3.8711E-04, 
  90.00   3.8454E-04,   90.10   3.8199E-04,   90.20   3.7946E-04,   90.30   3.7695E-04,   90.40   3.7445E-04,   90.50   3.7197E-04, 
  90.60   3.6950E-04,   90.70   3.6705E-04,   90.80   3.6462E-04,   90.90   3.6220E-04,   91.00   3.5980E-04,   91.10   3.5742E-04, 
  91.20   3.5505E-04,   91.30   3.5270E-04,   91.40   3.5036E-04,   91.50   3.4804E-04,   91.60   3.4573E-04,   91.70   3.4344E-04, 
  91.80   3.4117E-04,   91.90   3.3891E-04,   92.00   3.3666E-04,   92.10   3.3443E-04,   92.20   3.3222E-04,   92.30   3.3002E-04, 
  92.40   3.2783E-04,   92.50   3.2566E-04,   92.60   3.2351E-04,   92.70   3.2136E-04,   92.80   3.1924E-04,   92.90   3.1712E-04, 
  93.00   3.1502E-04,   93.10   3.1294E-04,   93.20   3.1087E-04,   93.30   3.0881E-04,   93.40   3.0676E-04,   93.50   3.0473E-04, 
  93.60   3.0272E-04,   93.70   3.0071E-04,   93.80   2.9872E-04,   93.90   2.9675E-04,   94.00   2.9478E-04,   94.10   2.9283E-04, 
  94.20   2.9090E-04,   94.30   2.8897E-04,   94.40   2.8706E-04,   94.50   2.8516E-04,   94.60   2.8327E-04,   94.70   2.8140E-04, 
  94.80   2.7954E-04,   94.90   2.7769E-04,   95.00   2.7585E-04,   95.10   2.7403E-04,   95.20   2.7221E-04,   95.30   2.7041E-04, 
  95.40   2.6863E-04,   95.50   2.6685E-04,   95.60   2.6508E-04,   95.70   2.6333E-04,   95.80   2.6159E-04,   95.90   2.5986E-04, 
  96.00   2.5814E-04,   96.10   2.5644E-04,   96.20   2.5474E-04,   96.30   2.5306E-04,   96.40   2.5138E-04,   96.50   2.4972E-04, 
  96.60   2.4807E-04,   96.70   2.4643E-04,   96.80   2.4480E-04,   96.90   2.4319E-04,   97.00   2.4158E-04,   97.10   2.3998E-04, 
  97.20   2.3840E-04,   97.30   2.3682E-04,   97.40   2.3526E-04,   97.50   2.3370E-04,   97.60   2.3216E-04,   97.70   2.3062E-04, 
  97.80   2.2910E-04,   97.90   2.2759E-04,   98.00   2.2608E-04,   98.10   2.2459E-04,   98.20   2.2311E-04,   98.30   2.2163E-04, 
  98.40   2.2017E-04,   98.50   2.1871E-04,   98.60   2.1727E-04,   98.70   2.1583E-04,   98.80   2.1441E-04,   98.90   2.1299E-04, 
  99.00   2.1159E-04,   99.10   2.1019E-04,   99.20   2.0880E-04,   99.30   2.0742E-04,   99.40   2.0605E-04,   99.50   2.0469E-04, 
  99.60   2.0334E-04,   99.70   2.0200E-04,   99.80   2.0066E-04,   99.90   1.9934E-04,  100.00   1.9802E-04,  100.10   1.9672E-04, 
 100.20   1.9542E-04,  100.30   1.9413E-04,  100.40   1.9285E-04,  100.50   1.9157E-04,  100.60   1.9031E-04,  100.70   1.8905E-04, 
 100.80   1.8781E-04,  100.90   1.8657E-04,  101.00   1.8534E-04,  101.10   1.8411E-04,  101.20   1.8290E-04,  101.30   1.8169E-04, 
 101.40   1.8049E-04,  101.50   1.7930E-04,  101.60   1.7812E-04,  101.70   1.7694E-04,  101.80   1.7578E-04,  101.90   1.7462E-04, 
 102.00   1.7347E-04,  102.10   1.7232E-04,  102.20   1.7118E-04,  102.30   1.7006E-04,  102.40   1.6893E-04,  102.50   1.6782E-04, 
 102.60   1.6671E-04,  102.70   1.6561E-04,  102.80   1.6452E-04,  102.90   1.6344E-04,  103.00   1.6236E-04,  103.10   1.6129E-04, 
 103.20   1.6023E-04,  103.30   1.5917E-04,  103.40   1.5812E-04,  103.50   1.5708E-04,  103.60   1.5604E-04,  103.70   1.5501E-04, 
 103.80   1.5399E-04,  103.90   1.5298E-04,  104.00   1.5197E-04,  104.10   1.5097E-04,  104.20   1.4997E-04,  104.30   1.4898E-04, 
 104.40   1.4800E-04,  104.50   1.4702E-04,  104.60   1.4606E-04,  104.70   1.4509E-04,  104.80   1.4414E-04,  104.90   1.4319E-04, 
 105.00   1.4224E-04,  105.10   1.4131E-04,  105.20   1.4038E-04,  105.30   1.3945E-04,  105.40   1.3853E-04,  105.50   1.3762E-04, 
 105.60   1.3671E-04,  105.70   1.3581E-04,  105.80   1.3492E-04,  105.90   1.3403E-04,  106.00   1.3314E-04,  106.10   1.3227E-04, 
 106.20   1.3140E-04,  106.30   1.3053E-04,  106.40   1.2967E-04,  106.50   1.2882E-04,  106.60   1.2797E-04,  106.70   1.2713E-04, 
 106.80   1.2629E-04,  106.90   1.2546E-04,  107.00   1.2463E-04,  107.10   1.2381E-04,  107.20   1.2299E-04,  107.30   1.2219E-04, 
 107.40   1.2138E-04,  107.50   1.2058E-04,  107.60   1.1979E-04,  107.70   1.1900E-04,  107.80   1.1822E-04,  107.90   1.1744E-04, 
 108.00   1.1666E-04,  108.10   1.1590E-04,  108.20   1.1513E-04,  108.30   1.1438E-04,  108.40   1.1362E-04,  108.50   1.1287E-04, 
 108.60   1.1213E-04,  108.70   1.1139E-04,  108.80   1.1066E-04,  108.90   1.0993E-04,  109.00   1.0921E-04,  109.10   1.0849E-04, 
 109.20   1.0778E-04,  109.30   1.0707E-04,  109.40   1.0636E-04,  109.50   1.0566E-04,  109.60   1.0497E-04,  109.70   1.0428E-04, 
 109.80   1.0359E-04,  109.90   1.0291E-04,  110.00   1.0223E-04,  110.10   1.0156E-04,  110.20   1.0089E-04,  110.30   1.0023E-04, 
 110.40   9.9567E-05,  110.50   9.8912E-05,  110.60   9.8262E-05,  110.70   9.7615E-05,  110.80   9.6973E-05,  110.90   9.6335E-05, 
 111.00   9.5702E-05,  111.10   9.5072E-05,  111.20   9.4447E-05,  111.30   9.3826E-05,  111.40   9.3208E-05,  111.50   9.2595E-05, 
 111.60   9.1987E-05,  111.70   9.1382E-05,  111.80   9.0781E-05,  111.90   9.0184E-05,  112.00   8.9591E-05,  112.10   8.9002E-05, 
 112.20   8.8416E-05,  112.30   8.7835E-05,  112.40   8.7257E-05,  112.50   8.6684E-05,  112.60   8.6114E-05,  112.70   8.5548E-05, 
 112.80   8.4985E-05,  112.90   8.4427E-05,  113.00   8.3871E-05,  113.10   8.3320E-05,  113.20   8.2772E-05,  113.30   8.2228E-05, 
 113.40   8.1688E-05,  113.50   8.1151E-05,  113.60   8.0617E-05,  113.70   8.0088E-05,  113.80   7.9561E-05,  113.90   7.9038E-05, 
 114.00   7.8519E-05,  114.10   7.8003E-05,  114.20   7.7490E-05,  114.30   7.6981E-05,  114.40   7.6475E-05,  114.50   7.5972E-05, 
 114.60   7.5473E-05,  114.70   7.4977E-05,  114.80   7.4485E-05,  114.90   7.3995E-05,  115.00   7.3509E-05,  115.10   7.3026E-05, 
 115.20   7.2546E-05,  115.30   7.2070E-05,  115.40   7.1596E-05,  115.50   7.1126E-05,  115.60   7.0658E-05,  115.70   7.0194E-05, 
 115.80   6.9733E-05,  115.90   6.9275E-05,  116.00   6.8820E-05,  116.10   6.8368E-05,  116.20   6.7919E-05,  116.30   6.7473E-05, 
 116.40   6.7030E-05,  116.50   6.6589E-05,  116.60   6.6152E-05,  116.70   6.5718E-05,  116.80   6.5286E-05,  116.90   6.4857E-05, 
 117.00   6.4431E-05,  117.10   6.4008E-05,  117.20   6.3588E-05,  117.30   6.3170E-05,  117.40   6.2755E-05,  117.50   6.2343E-05, 
 117.60   6.1934E-05,  117.70   6.1527E-05,  117.80   6.1123E-05,  117.90   6.0722E-05,  118.00   6.0323E-05,  118.10   5.9927E-05, 
 118.20   5.9534E-05,  118.30   5.9143E-05,  118.40   5.8755E-05,  118.50   5.8369E-05,  118.60   5.7986E-05,  118.70   5.7605E-05, 
 118.80   5.7227E-05,  118.90   5.6851E-05,  119.00   5.6478E-05,  119.10   5.6107E-05,  119.20   5.5739E-05,  119.30   5.5373E-05, 
 119.40   5.5010E-05,  119.50   5.4649E-05,  119.60   5.4290E-05,  119.70   5.3934E-05,  119.80   5.3580E-05,  119.90   5.3228E-05, 
 120.00   5.2879E-05,  120.10   5.2532E-05,  120.20   5.2187E-05,  120.30   5.1845E-05,  120.40   5.1504E-05,  120.50   5.1166E-05, 
 120.60   5.0831E-05,  120.70   5.0497E-05,  120.80   5.0166E-05,  120.90   4.9837E-05,  121.00   4.9510E-05,  121.10   4.9185E-05, 
 121.20   4.8862E-05,  121.30   4.8542E-05,  121.40   4.8223E-05,  121.50   4.7907E-05,  121.60   4.7592E-05,  121.70   4.7280E-05, 
 121.80   4.6970E-05,  121.90   4.6662E-05,  122.00   4.6356E-05,  122.10   4.6052E-05,  122.20   4.5750E-05,  122.30   4.5450E-05, 
 122.40   4.5151E-05,  122.50   4.4855E-05,  122.60   4.4561E-05,  122.70   4.4269E-05,  122.80   4.3978E-05,  122.90   4.3690E-05, 
 123.00   4.3403E-05,  123.10   4.3119E-05,  123.20   4.2836E-05,  123.30   4.2555E-05,  123.40   4.2276E-05,  123.50   4.1999E-05, 
 123.60   4.1723E-05,  123.70   4.1450E-05,  123.80   4.1178E-05,  123.90   4.0908E-05,  124.00   4.0640E-05,  124.10   4.0373E-05, 
 124.20   4.0109E-05,  124.30   3.9846E-05,  124.40   3.9584E-05,  124.50   3.9325E-05,  124.60   3.9067E-05,  124.70   3.8811E-05, 
 124.80   3.8556E-05,  124.90   3.8304E-05,  125.00   3.8053E-05,  125.10   3.7803E-05,  125.20   3.7555E-05,  125.30   3.7309E-05, 
 125.40   3.7065E-05,  125.50   3.6822E-05,  125.60   3.6580E-05,  125.70   3.6340E-05,  125.80   3.6102E-05,  125.90   3.5866E-05, 
 126.00   3.5631E-05,  126.10   3.5397E-05,  126.20   3.5165E-05,  126.30   3.4935E-05,  126.40   3.4706E-05,  126.50   3.4478E-05, 
 126.60   3.4252E-05,  126.70   3.4028E-05,  126.80   3.3805E-05,  126.90   3.3583E-05,  127.00   3.3363E-05,  127.10   3.3144E-05, 
 127.20   3.2927E-05,  127.30   3.2712E-05,  127.40   3.2497E-05,  127.50   3.2284E-05,  127.60   3.2073E-05,  127.70   3.1863E-05, 
 127.80   3.1654E-05,  127.90   3.1446E-05,  128.00   3.1240E-05,  128.10   3.1036E-05,  128.20   3.0832E-05,  128.30   3.0630E-05, 
 128.40   3.0430E-05,  128.50   3.0230E-05,  128.60   3.0032E-05,  128.70   2.9836E-05,  128.80   2.9640E-05,  128.90   2.9446E-05, 
 129.00   2.9253E-05,  129.10   2.9061E-05,  129.20   2.8871E-05,  129.30   2.8682E-05,  129.40   2.8494E-05,  129.50   2.8307E-05, 
 129.60   2.8122E-05,  129.70   2.7938E-05,  129.80   2.7755E-05,  129.90   2.7573E-05,  130.00   2.7392E-05,  130.10   2.7213E-05, 
 130.20   2.7035E-05,  130.30   2.6858E-05,  130.40   2.6682E-05,  130.50   2.6507E-05,  130.60   2.6334E-05,  130.70   2.6161E-05, 
 130.80   2.5990E-05,  130.90   2.5820E-05,  131.00   2.5651E-05,  131.10   2.5483E-05,  131.20   2.5316E-05,  131.30   2.5150E-05, 
 131.40   2.4985E-05,  131.50   2.4822E-05,  131.60   2.4659E-05,  131.70   2.4498E-05,  131.80   2.4337E-05,  131.90   2.4178E-05, 
 132.00   2.4020E-05,  132.10   2.3862E-05,  132.20   2.3706E-05,  132.30   2.3551E-05,  132.40   2.3397E-05,  132.50   2.3244E-05, 
 132.60   2.3091E-05,  132.70   2.2940E-05,  132.80   2.2790E-05,  132.90   2.2641E-05,  133.00   2.2493E-05,  133.10   2.2346E-05, 
 133.20   2.2199E-05,  133.30   2.2054E-05,  133.40   2.1910E-05,  133.50   2.1766E-05,  133.60   2.1624E-05,  133.70   2.1482E-05, 
 133.80   2.1342E-05,  133.90   2.1202E-05,  134.00   2.1063E-05,  134.10   2.0925E-05,  134.20   2.0788E-05,  134.30   2.0652E-05, 
 134.40   2.0517E-05,  134.50   2.0383E-05,  134.60   2.0249E-05,  134.70   2.0117E-05,  134.80   1.9985E-05,  134.90   1.9854E-05, 
 135.00   1.9725E-05,  135.10   1.9595E-05,  135.20   1.9467E-05,  135.30   1.9340E-05,  135.40   1.9213E-05,  135.50   1.9088E-05, 
 135.60   1.8963E-05,  135.70   1.8839E-05,  135.80   1.8715E-05,  135.90   1.8593E-05,  136.00   1.8471E-05,  136.10   1.8350E-05, 
 136.20   1.8230E-05,  136.30   1.8111E-05,  136.40   1.7993E-05,  136.50   1.7875E-05,  136.60   1.7758E-05,  136.70   1.7642E-05, 
 136.80   1.7526E-05,  136.90   1.7412E-05,  137.00   1.7298E-05,  137.10   1.7185E-05,  137.20   1.7072E-05,  137.30   1.6961E-05, 
 137.40   1.6850E-05,  137.50   1.6739E-05,  137.60   1.6630E-05,  137.70   1.6521E-05,  137.80   1.6413E-05,  137.90   1.6306E-05, 
 138.00   1.6199E-05,  138.10   1.6093E-05,  138.20   1.5988E-05,  138.30   1.5883E-05,  138.40   1.5779E-05,  138.50   1.5676E-05, 
 138.60   1.5574E-05,  138.70   1.5472E-05,  138.80   1.5371E-05,  138.90   1.5270E-05,  139.00   1.5170E-05,  139.10   1.5071E-05, 
 139.20   1.4972E-05,  139.30   1.4875E-05,  139.40   1.4777E-05,  139.50   1.4681E-05,  139.60   1.4585E-05,  139.70   1.4489E-05, 
 139.80   1.4395E-05,  139.90   1.4300E-05,  140.00   1.4207E-05,  140.10   1.4114E-05,  140.20   1.4022E-05,  140.30   1.3930E-05, 
 140.40   1.3839E-05,  140.50   1.3748E-05,  140.60   1.3659E-05,  140.70   1.3569E-05,  140.80   1.3481E-05,  140.90   1.3392E-05, 
 141.00   1.3305E-05,  141.10   1.3218E-05,  141.20   1.3131E-05,  141.30   1.3046E-05,  141.40   1.2960E-05,  141.50   1.2876E-05, 
 141.60   1.2791E-05,  141.70   1.2708E-05,  141.80   1.2625E-05,  141.90   1.2542E-05,  142.00   1.2460E-05,  142.10   1.2379E-05, 
 142.20   1.2298E-05,  142.30   1.2217E-05,  142.40   1.2138E-05,  142.50   1.2058E-05,  142.60   1.1979E-05,  142.70   1.1901E-05, 
 142.80   1.1823E-05,  142.90   1.1746E-05,  143.00   1.1669E-05,  143.10   1.1593E-05,  143.20   1.1517E-05,  143.30   1.1442E-05, 
 143.40   1.1367E-05,  143.50   1.1293E-05,  143.60   1.1219E-05,  143.70   1.1146E-05,  143.80   1.1073E-05,  143.90   1.1001E-05, 
 144.00   1.0929E-05,  144.10   1.0857E-05,  144.20   1.0786E-05,  144.30   1.0716E-05,  144.40   1.0646E-05,  144.50   1.0576E-05, 
 144.60   1.0507E-05,  144.70   1.0438E-05,  144.80   1.0370E-05,  144.90   1.0303E-05,  145.00   1.0235E-05,  145.10   1.0168E-05, 
 145.20   1.0102E-05,  145.30   1.0036E-05,  145.40   9.9703E-06,  145.50   9.9052E-06,  145.60   9.8404E-06,  145.70   9.7761E-06, 
 145.80   9.7123E-06,  145.90   9.6488E-06,  146.00   9.5858E-06,  146.10   9.5231E-06,  146.20   9.4609E-06,  146.30   9.3991E-06, 
 146.40   9.3377E-06,  146.50   9.2767E-06,  146.60   9.2161E-06,  146.70   9.1559E-06,  146.80   9.0961E-06,  146.90   9.0367E-06, 
 147.00   8.9776E-06,  147.10   8.9190E-06,  147.20   8.8607E-06,  147.30   8.8028E-06,  147.40   8.7453E-06,  147.50   8.6882E-06, 
 147.60   8.6315E-06,  147.70   8.5751E-06,  147.80   8.5191E-06,  147.90   8.4634E-06,  148.00   8.4081E-06,  148.10   8.3532E-06, 
 148.20   8.2987E-06,  148.30   8.2445E-06,  148.40   8.1906E-06,  148.50   8.1371E-06,  148.60   8.0840E-06,  148.70   8.0312E-06, 
 148.80   7.9787E-06,  148.90   7.9266E-06,  149.00   7.8748E-06,  149.10   7.8234E-06,  149.20   7.7723E-06,  149.30   7.7216E-06, 
 149.40   7.6711E-06,  149.50   7.6210E-06,  149.60   7.5713E-06,  149.70   7.5218E-06,  149.80   7.4727E-06,  149.90   7.4239E-06, 
 150.00   7.3754E-06,  150.10   7.3273E-06,  150.20   7.2794E-06,  150.30   7.2319E-06,  150.40   7.1847E-06,  150.50   7.1378E-06, 
 150.60   7.0911E-06,  150.70   7.0448E-06,  150.80   6.9988E-06,  150.90   6.9531E-06,  151.00   6.9077E-06,  151.10   6.8626E-06, 
 151.20   6.8178E-06,  151.30   6.7733E-06,  151.40   6.7291E-06,  151.50   6.6852E-06,  151.60   6.6415E-06,  151.70   6.5982E-06, 
 151.80   6.5551E-06,  151.90   6.5123E-06,  152.00   6.4698E-06,  152.10   6.4275E-06,  152.20   6.3856E-06,  152.30   6.3439E-06, 
 152.40   6.3025E-06,  152.50   6.2613E-06,  152.60   6.2204E-06,  152.70   6.1798E-06,  152.80   6.1395E-06,  152.90   6.0994E-06, 
 153.00   6.0596E-06,  153.10   6.0200E-06,  153.20   5.9807E-06,  153.30   5.9417E-06,  153.40   5.9029E-06,  153.50   5.8644E-06, 
 153.60   5.8261E-06,  153.70   5.7881E-06,  153.80   5.7503E-06,  153.90   5.7128E-06,  154.00   5.6755E-06,  154.10   5.6384E-06, 
 154.20   5.6016E-06,  154.30   5.5651E-06,  154.40   5.5288E-06,  154.50   5.4927E-06,  154.60   5.4568E-06,  154.70   5.4212E-06, 
 154.80   5.3858E-06,  154.90   5.3507E-06,  155.00   5.3158E-06,  155.10   5.2811E-06,  155.20   5.2466E-06,  155.30   5.2124E-06, 
 155.40   5.1783E-06,  155.50   5.1445E-06,  155.60   5.1110E-06,  155.70   5.0776E-06,  155.80   5.0445E-06,  155.90   5.0116E-06, 
 156.00   4.9789E-06,  156.10   4.9464E-06,  156.20   4.9141E-06,  156.30   4.8820E-06,  156.40   4.8502E-06,  156.50   4.8185E-06, 
 156.60   4.7871E-06,  156.70   4.7558E-06,  156.80   4.7248E-06,  156.90   4.6940E-06,  157.00   4.6633E-06,  157.10   4.6329E-06, 
 157.20   4.6027E-06,  157.30   4.5727E-06,  157.40   4.5428E-06,  157.50   4.5132E-06,  157.60   4.4837E-06,  157.70   4.4545E-06, 
 157.80   4.4254E-06,  157.90   4.3965E-06,  158.00   4.3679E-06,  158.10   4.3394E-06,  158.20   4.3111E-06,  158.30   4.2829E-06, 
 158.40   4.2550E-06,  158.50   4.2272E-06,  158.60   4.1996E-06,  158.70   4.1723E-06,  158.80   4.1450E-06,  158.90   4.1180E-06, 
 159.00   4.0911E-06,  159.10   4.0644E-06,  159.20   4.0379E-06,  159.30   4.0116E-06,  159.40   3.9854E-06,  159.50   3.9594E-06, 
 159.60   3.9336E-06,  159.70   3.9079E-06,  159.80   3.8824E-06,  159.90   3.8571E-06,  160.00   3.8319E-06, 

 No.   P1 P2 IN KIND T N  L  S1 IA J/S  IB BIND XFER  BE    SC PC FIL AFRAC Adjust  to  Z  Mass   K     Norm    rms      D0     D   ANC/Gsp

    At R=  159.900, ANC in ch  6 is   0.11293    ,   eta,eta*ln(2*rho)+rho =    0.0000        10.377    

    6:  1  2  2  0     1  1 0.5  1 1.5   0   3   0   0.1000  1  3  0 0.0000 VR  0.7239; 0. 1.006 0.0649 1.0000  7.088  -73.0  -73.4  0.1129

   Real Bin from   0.000010 MeV to   0.500010 MeV (cm) in 100 steps,     WITH T-matrix (or D0) factors   and   no normalising:
 Skipping energy  0.0000 as ch  1 is  at energy  0.0000: too close to threshold!
 Skipping energy  0.0001 as ch  1 is  at energy  0.0001: too close to threshold!
 Skipping energy  0.0003 as ch  1 is  at energy  0.0003: too close to threshold!
 Skipping energy  0.0006 as ch  1 is  at energy  0.0006: too close to threshold!
 Skipping energy  0.0010 as ch  1 is  at energy  0.0010: too close to threshold!
 Skipping energy  0.0015 as ch  1 is  at energy  0.0015: too close to threshold!
 For #     7 1, K,BE =  0.0094041  0.0021000: S =   1.0000   0.0005 & Del =   0.013,  D0 =    -0.02    -0.00
 For #     8 1, K,BE =  0.0108633  0.0028023: S =   1.0000   0.0007 & Del =   0.019,  D0 =    -0.03    -0.00
 For #     9 1, K,BE =  0.0123225  0.0036057: S =   1.0000   0.0011 & Del =   0.030,  D0 =    -0.04    -0.00
 For #    10 1, K,BE =  0.0137817  0.0045102: S =   1.0000   0.0014 & Del =   0.040,  D0 =    -0.06    -0.00
 For #    11 1, K,BE =  0.0152409  0.0055158: S =   1.0000   0.0019 & Del =   0.056,  D0 =    -0.08    -0.00
 For #    12 1, K,BE =  0.0167001  0.0066226: S =   1.0000   0.0026 & Del =   0.074,  D0 =    -0.11    -0.00
 For #    13 1, K,BE =  0.0181593  0.0078304: S =   1.0000   0.0033 & Del =   0.096,  D0 =    -0.14    -0.00
 For #    14 1, K,BE =  0.0196185  0.0091394: S =   1.0000   0.0042 & Del =   0.121,  D0 =    -0.18    -0.00
 For #    15 1, K,BE =  0.0210777  0.0105495: S =   1.0000   0.0053 & Del =   0.151,  D0 =    -0.22    -0.00
 For #    16 1, K,BE =  0.0225369  0.0120608: S =   1.0000   0.0065 & Del =   0.186,  D0 =    -0.27    -0.00
 For #    17 1, K,BE =  0.0239960  0.0136731: S =   1.0000   0.0079 & Del =   0.227,  D0 =    -0.33    -0.00
 For #    18 1, K,BE =  0.0254552  0.0153866: S =   1.0000   0.0095 & Del =   0.273,  D0 =    -0.40    -0.00
 For #    19 1, K,BE =  0.0269144  0.0172012: S =   0.9999   0.0114 & Del =   0.326,  D0 =    -0.48    -0.00
 For #    20 1, K,BE =  0.0283736  0.0191170: S =   0.9999   0.0134 & Del =   0.385,  D0 =    -0.57    -0.00
 For #    21 1, K,BE =  0.0298328  0.0211338: S =   0.9999   0.0158 & Del =   0.452,  D0 =    -0.66    -0.01
 For #    22 1, K,BE =  0.0312920  0.0232518: S =   0.9998   0.0184 & Del =   0.527,  D0 =    -0.77    -0.01
 For #    23 1, K,BE =  0.0327512  0.0254709: S =   0.9998   0.0213 & Del =   0.612,  D0 =    -0.90    -0.01
 For #    24 1, K,BE =  0.0342104  0.0277911: S =   0.9997   0.0246 & Del =   0.705,  D0 =    -1.04    -0.01
 For #    25 1, K,BE =  0.0356696  0.0302124: S =   0.9996   0.0283 & Del =   0.810,  D0 =    -1.19    -0.02
 For #    26 1, K,BE =  0.0371288  0.0327349: S =   0.9995   0.0323 & Del =   0.925,  D0 =    -1.36    -0.02
 For #    27 1, K,BE =  0.0385880  0.0353585: S =   0.9993   0.0367 & Del =   1.053,  D0 =    -1.55    -0.03
 For #    28 1, K,BE =  0.0400472  0.0380832: S =   0.9991   0.0417 & Del =   1.195,  D0 =    -1.76    -0.04
 For #    29 1, K,BE =  0.0415064  0.0409090: S =   0.9989   0.0471 & Del =   1.351,  D0 =    -1.98    -0.05
 For #    30 1, K,BE =  0.0429656  0.0438359: S =   0.9986   0.0532 & Del =   1.524,  D0 =    -2.24    -0.06
 For #    31 1, K,BE =  0.0444248  0.0468640: S =   0.9982   0.0598 & Del =   1.714,  D0 =    -2.52    -0.08
 For #    32 1, K,BE =  0.0458840  0.0499932: S =   0.9977   0.0671 & Del =   1.922,  D0 =    -2.82    -0.09
 For #    33 1, K,BE =  0.0473432  0.0532235: S =   0.9972   0.0751 & Del =   2.152,  D0 =    -3.16    -0.12
 For #    34 1, K,BE =  0.0488023  0.0565549: S =   0.9965   0.0838 & Del =   2.405,  D0 =    -3.53    -0.15
 For #    35 1, K,BE =  0.0502615  0.0599875: S =   0.9956   0.0935 & Del =   2.683,  D0 =    -3.94    -0.18
 For #    36 1, K,BE =  0.0517207  0.0635212: S =   0.9946   0.1041 & Del =   2.988,  D0 =    -4.38    -0.23
 For #    37 1, K,BE =  0.0531799  0.0671560: S =   0.9933   0.1158 & Del =   3.324,  D0 =    -4.87    -0.28
 For #    38 1, K,BE =  0.0546391  0.0708919: S =   0.9917   0.1286 & Del =   3.694,  D0 =    -5.41    -0.35
 For #    39 1, K,BE =  0.0560983  0.0747289: S =   0.9898   0.1427 & Del =   4.101,  D0 =    -6.00    -0.43
 For #    40 1, K,BE =  0.0575575  0.0786671: S =   0.9874   0.1582 & Del =   4.551,  D0 =    -6.66    -0.53
 For #    41 1, K,BE =  0.0590167  0.0827064: S =   0.9845   0.1752 & Del =   5.046,  D0 =    -7.37    -0.65
 For #    42 1, K,BE =  0.0604759  0.0868468: S =   0.9810   0.1940 & Del =   5.593,  D0 =    -8.16    -0.80
 For #    43 1, K,BE =  0.0619351  0.0910883: S =   0.9767   0.2146 & Del =   6.197,  D0 =    -9.03    -0.98
 For #    44 1, K,BE =  0.0633943  0.0954310: S =   0.9714   0.2375 & Del =   6.869,  D0 =    -9.99    -1.20
 For #    45 1, K,BE =  0.0648535  0.0998747: S =   0.9649   0.2626 & Del =   7.614,  D0 =   -11.05    -1.48
 For #    46 1, K,BE =  0.0663127  0.1044196: S =   0.9569   0.2905 & Del =   8.443,  D0 =   -12.22    -1.81
 For #    47 1, K,BE =  0.0677719  0.1090656: S =   0.9470   0.3212 & Del =   9.367,  D0 =   -13.52    -2.23
 For #    48 1, K,BE =  0.0692311  0.1138128: S =   0.9348   0.3552 & Del =  10.402,  D0 =   -14.95    -2.74
 For #    49 1, K,BE =  0.0706903  0.1186610: S =   0.9197   0.3927 & Del =  11.562,  D0 =   -16.53    -3.38
 For #    50 1, K,BE =  0.0721494  0.1236104: S =   0.9008   0.4342 & Del =  12.868,  D0 =   -18.28    -4.17
 For #    51 1, K,BE =  0.0736086  0.1286609: S =   0.8773   0.4800 & Del =  14.343,  D0 =   -20.20    -5.17
 For #    52 1, K,BE =  0.0750678  0.1338126: S =   0.8478   0.5303 & Del =  16.013,  D0 =   -22.32    -6.41
 For #    53 1, K,BE =  0.0765270  0.1390653: S =   0.8108   0.5853 & Del =  17.914,  D0 =   -24.64    -7.96
 For #    54 1, K,BE =  0.0779862  0.1444192: S =   0.7642   0.6450 & Del =  20.082,  D0 =   -27.15    -9.92
 For #    55 1, K,BE =  0.0794454  0.1498742: S =   0.7055   0.7087 & Del =  22.566,  D0 =   -29.83   -12.40
 For #    56 1, K,BE =  0.0809046  0.1554303: S =   0.6315   0.7754 & Del =  25.419,  D0 =   -32.63   -15.51
 For #    57 1, K,BE =  0.0823638  0.1610875: S =   0.5386   0.8425 & Del =  28.705,  D0 =   -35.46   -19.42
 For #    58 1, K,BE =  0.0838230  0.1668459: S =   0.4229   0.9062 & Del =  32.492,  D0 =   -38.14   -24.29
 For #    59 1, K,BE =  0.0852822  0.1727054: S =   0.2807   0.9598 & Del =  36.850,  D0 =   -40.40   -30.28
 For #    60 1, K,BE =  0.0867414  0.1786660: S =   0.1100   0.9939 & Del =  41.844,  D0 =   -41.83   -37.46
 For #    61 1, K,BE =  0.0882006  0.1847277: S =  -0.0876   0.9962 & Del =  47.512,  D0 =   -41.93   -45.77
 For #    62 1, K,BE =  0.0896598  0.1908905: S =  -0.3041   0.9526 & Del =  53.852,  D0 =   -40.10   -54.89
 For #    63 1, K,BE =  0.0911190  0.1971545: S =  -0.5237   0.8519 & Del =  60.791,  D0 =   -35.85   -64.13
 For #    64 1, K,BE =  0.0925782  0.2035196: S =  -0.7235   0.6904 & Del =  68.171,  D0 =   -29.06   -72.54
 For #    65 1, K,BE =  0.0940374  0.2099858: S =  -0.8789   0.4770 & Del =  75.755,  D0 =   -20.08   -79.08
 For #    66 1, K,BE =  0.0954966  0.2165531: S =  -0.9725   0.2329 & Del =  83.266,  D0 =    -9.80   -83.02
 For #    67 1, K,BE =  0.0969557  0.2232216: S =  -0.9999  -0.0154 & Del =  90.442,  D0 =     0.65   -84.17
 For #    68 1, K,BE =  0.0984149  0.2299912: S =  -0.9696  -0.2448 & Del =  97.084,  D0 =    10.30   -82.90
 For #    69 1, K,BE =  0.0998741  0.2368619: S =  -0.8976  -0.4408 & Del = 103.079,  D0 =    18.55   -79.87
 For #    70 1, K,BE =  0.1013333  0.2438337: S =  -0.8009  -0.5988 & Del = 108.393,  D0 =    25.20   -75.80
 For #    71 1, K,BE =  0.1027925  0.2509066: S =  -0.6935  -0.7205 & Del = 113.047,  D0 =    30.32   -71.28
 For #    72 1, K,BE =  0.1042517  0.2580807: S =  -0.5850  -0.8110 & Del = 117.097,  D0 =    34.13   -66.71
 For #    73 1, K,BE =  0.1057109  0.2653559: S =  -0.4814  -0.8765 & Del = 120.611,  D0 =    36.89   -62.35
 For #    74 1, K,BE =  0.1071701  0.2727322: S =  -0.3856  -0.9227 & Del = 123.660,  D0 =    38.83   -58.32
 For #    75 1, K,BE =  0.1086293  0.2802096: S =  -0.2987  -0.9543 & Del = 126.309,  D0 =    40.17   -54.66
 For #    76 1, K,BE =  0.1100885  0.2877882: S =  -0.2210  -0.9753 & Del = 128.617,  D0 =    41.05   -51.39
 For #    77 1, K,BE =  0.1115477  0.2954679: S =  -0.1518  -0.9884 & Del = 130.634,  D0 =    41.60   -48.48
 For #    78 1, K,BE =  0.1130069  0.3032486: S =  -0.0906  -0.9959 & Del = 132.402,  D0 =    41.92   -45.90
 For #    79 1, K,BE =  0.1144661  0.3111306: S =  -0.0363  -0.9993 & Del = 133.959,  D0 =    42.06   -43.62
 For #    80 1, K,BE =  0.1159253  0.3191136: S =   0.0116  -0.9999 & Del = 135.333,  D0 =    42.09   -41.60
 For #    81 1, K,BE =  0.1173845  0.3271978: S =   0.0541  -0.9985 & Del = 136.551,  D0 =    42.03   -39.81
 For #    82 1, K,BE =  0.1188437  0.3353831: S =   0.0918  -0.9958 & Del = 137.633,  D0 =    41.91   -38.23
 For #    83 1, K,BE =  0.1203029  0.3436695: S =   0.1252  -0.9921 & Del = 138.597,  D0 =    41.76   -36.82
 For #    84 1, K,BE =  0.1217620  0.3520570: S =   0.1550  -0.9879 & Del = 139.458,  D0 =    41.58   -35.56
 For #    85 1, K,BE =  0.1232212  0.3605456: S =   0.1815  -0.9834 & Del = 140.229,  D0 =    41.39   -34.45
 For #    86 1, K,BE =  0.1246804  0.3691354: S =   0.2052  -0.9787 & Del = 140.921,  D0 =    41.19   -33.45
 For #    87 1, K,BE =  0.1261396  0.3778263: S =   0.2264  -0.9740 & Del = 141.542,  D0 =    41.00   -32.56
 For #    88 1, K,BE =  0.1275988  0.3866183: S =   0.2453  -0.9694 & Del = 142.101,  D0 =    40.80   -31.76
 For #    89 1, K,BE =  0.1290580  0.3955114: S =   0.2623  -0.9650 & Del = 142.604,  D0 =    40.61   -31.05
 For #    90 1, K,BE =  0.1305172  0.4045057: S =   0.2776  -0.9607 & Del = 143.057,  D0 =    40.43   -30.41
 For #    91 1, K,BE =  0.1319764  0.4136011: S =   0.2912  -0.9567 & Del = 143.466,  D0 =    40.26   -29.83
 For #    92 1, K,BE =  0.1334356  0.4227976: S =   0.3035  -0.9528 & Del = 143.834,  D0 =    40.10   -29.31
 For #    93 1, K,BE =  0.1348948  0.4320952: S =   0.3145  -0.9492 & Del = 144.166,  D0 =    39.95   -28.85
 For #    94 1, K,BE =  0.1363540  0.4414940: S =   0.3244  -0.9459 & Del = 144.466,  D0 =    39.81   -28.43
 For #    95 1, K,BE =  0.1378132  0.4509938: S =   0.3333  -0.9428 & Del = 144.735,  D0 =    39.68   -28.06
 For #    96 1, K,BE =  0.1392724  0.4605948: S =   0.3413  -0.9400 & Del = 144.977,  D0 =    39.56   -27.73
 For #    97 1, K,BE =  0.1407316  0.4702969: S =   0.3484  -0.9374 & Del = 145.194,  D0 =    39.45   -27.43
 For #    98 1, K,BE =  0.1421908  0.4801002: S =   0.3547  -0.9350 & Del = 145.388,  D0 =    39.35   -27.16
 For #    99 1, K,BE =  0.1436500  0.4900045: S =   0.3604  -0.9328 & Del = 145.561,  D0 =    39.26   -26.92
 For #   100 1, K,BE =  0.1451092  0.5000100: S =   0.3654  -0.9309 & Del = 145.715,  D0 =    39.18   -26.71

  Norm =  0.9912 from =  0.9912, RMS = 20.2542 & D0 =     -368.16 or   -6.19E+02


 For channel #  1 with L = 1

   N    Y(R)
   1   0.0000E+00 0.0000E+00      6   0.3772E-01-0.2859E-18     11   0.1350E+00-0.2813E-17
  16   0.2528E+00-0.5358E-17     21   0.3494E+00-0.5694E-17     26   0.4015E+00-0.1101E-16
  31   0.4113E+00-0.1086E-16     36   0.3952E+00-0.8823E-17     41   0.3686E+00-0.5995E-17
  46   0.3404E+00-0.7291E-17     51   0.3143E+00-0.6345E-17     56   0.2912E+00-0.6792E-17
  61   0.2712E+00-0.3416E-17     66   0.2537E+00-0.3293E-17     71   0.2384E+00-0.4671E-17
  76   0.2248E+00-0.4494E-17     81   0.2125E+00-0.1137E-18     86   0.2013E+00-0.1161E-17
  91   0.1910E+00-0.1076E-17     96   0.1813E+00-0.2210E-17    101   0.1721E+00-0.7670E-18
 106   0.1634E+00 0.8757E-18    111   0.1550E+00 0.2467E-17    116   0.1469E+00 0.1809E-18
 121   0.1389E+00 0.5189E-18    126   0.1312E+00 0.1346E-17    131   0.1235E+00-0.2830E-18
 136   0.1159E+00 0.2175E-17    141   0.1084E+00 0.2209E-17    146   0.1010E+00 0.3531E-17
 151   0.9364E-01 0.3242E-17    156   0.8632E-01 0.5109E-17    161   0.7904E-01 0.2751E-17
 166   0.7181E-01 0.4700E-17    171   0.6463E-01 0.5618E-17    176   0.5751E-01 0.5299E-17
 181   0.5046E-01 0.8217E-17    186   0.4348E-01 0.8509E-17    191   0.3659E-01 0.7696E-17
 196   0.2980E-01 0.6908E-17    201   0.2312E-01 0.8336E-17    206   0.1656E-01 0.8655E-17
 211   0.1014E-01 0.9512E-17    216   0.3876E-02 0.1026E-16    221  -0.2225E-02 0.9146E-17
 226  -0.8146E-02 0.9958E-17    231  -0.1387E-01 0.1203E-16    236  -0.1939E-01 0.9028E-17
 241  -0.2470E-01 0.9246E-17    246  -0.2976E-01 0.1205E-16    251  -0.3459E-01 0.1136E-16
 256  -0.3916E-01 0.1222E-16    261  -0.4346E-01 0.1144E-16    266  -0.4748E-01 0.1214E-16
 271  -0.5122E-01 0.1309E-16    276  -0.5467E-01 0.1344E-16    281  -0.5782E-01 0.1276E-16
 286  -0.6067E-01 0.1228E-16    291  -0.6320E-01 0.1096E-16    296  -0.6542E-01 0.1225E-16
 301  -0.6733E-01 0.1321E-16    306  -0.6891E-01 0.1050E-16    311  -0.7019E-01 0.1130E-16
 316  -0.7114E-01 0.1031E-16    321  -0.7178E-01 0.9449E-17    326  -0.7211E-01 0.9832E-17
 331  -0.7214E-01 0.8780E-17    336  -0.7186E-01 0.8793E-17    341  -0.7129E-01 0.8948E-17
 346  -0.7044E-01 0.9049E-17    351  -0.6931E-01 0.1088E-16    356  -0.6791E-01 0.8968E-17
 361  -0.6625E-01 0.9193E-17    366  -0.6435E-01 0.9024E-17    371  -0.6222E-01 0.7009E-17
 376  -0.5987E-01 0.5932E-17    381  -0.5732E-01 0.5926E-17    386  -0.5457E-01 0.3777E-17
 391  -0.5165E-01 0.5171E-17    396  -0.4857E-01 0.3566E-17    401  -0.4535E-01 0.3436E-17
 406  -0.4200E-01 0.2393E-17    411  -0.3855E-01 0.3190E-17    416  -0.3500E-01 0.1129E-17
 421  -0.3137E-01 0.1139E-17    426  -0.2769E-01 0.1093E-17    431  -0.2396E-01-0.6734E-19
 436  -0.2022E-01-0.9175E-19    441  -0.1646E-01-0.2380E-17    446  -0.1272E-01-0.1780E-17
 451  -0.9008E-02-0.3603E-17    456  -0.5338E-02-0.2917E-17    461  -0.1726E-02-0.4091E-17
 466   0.1810E-02-0.4763E-17    471   0.5258E-02-0.4561E-17    476   0.8601E-02-0.5926E-17
 481   0.1183E-01-0.6113E-17    486   0.1492E-01-0.6349E-17    491   0.1788E-01-0.6387E-17
 496   0.2068E-01-0.7000E-17    501   0.2332E-01-0.8430E-17    506   0.2578E-01-0.8735E-17
 511   0.2807E-01-0.8322E-17    516   0.3017E-01-0.9007E-17    521   0.3207E-01-0.8854E-17
 526   0.3377E-01-0.8594E-17    531   0.3526E-01-0.1093E-16    536   0.3655E-01-0.1120E-16
 541   0.3762E-01-0.9278E-17    546   0.3848E-01-0.9323E-17    551   0.3913E-01-0.1128E-16
 556   0.3957E-01-0.1137E-16    561   0.3979E-01-0.1024E-16    566   0.3981E-01-0.1156E-16
 571   0.3962E-01-0.9819E-17    576   0.3923E-01-0.1040E-16    581   0.3864E-01-0.9873E-17
 586   0.3787E-01-0.1259E-16    591   0.3691E-01-0.1079E-16    596   0.3577E-01-0.1109E-16
 601   0.3447E-01-0.9680E-17    606   0.3302E-01-0.9218E-17    611   0.3141E-01-0.9596E-17
 616   0.2967E-01-0.8902E-17    621   0.2780E-01-0.8648E-17    626   0.2581E-01-0.1039E-16
 631   0.2372E-01-0.1090E-16    636   0.2154E-01-0.8871E-17    641   0.1928E-01-0.8635E-17
 646   0.1695E-01-0.7810E-17    651   0.1457E-01-0.6902E-17    656   0.1215E-01-0.6439E-17
 661   0.9693E-02-0.6265E-17    666   0.7224E-02-0.5848E-17    671   0.4752E-02-0.6300E-17
 676   0.2289E-02-0.4253E-17    681  -0.1520E-03-0.5335E-17    686  -0.2560E-02-0.3450E-17
 691  -0.4923E-02-0.4142E-17    696  -0.7229E-02-0.2991E-17    701  -0.9468E-02-0.2084E-17
 706  -0.1163E-01-0.1029E-17    711  -0.1370E-01-0.1588E-17    716  -0.1568E-01-0.1573E-17
 721  -0.1755E-01 0.8190E-18    726  -0.1930E-01-0.9789E-18    731  -0.2094E-01-0.1054E-17
 736  -0.2245E-01 0.1389E-17    741  -0.2382E-01 0.2857E-17    746  -0.2505E-01 0.2281E-17
 751  -0.2614E-01 0.2178E-17    756  -0.2708E-01 0.1954E-17    761  -0.2787E-01 0.2561E-17
 766  -0.2851E-01 0.3591E-17    771  -0.2899E-01 0.4880E-17    776  -0.2932E-01 0.5081E-17
 781  -0.2949E-01 0.3295E-17    786  -0.2951E-01 0.6123E-17    791  -0.2937E-01 0.5530E-17
 796  -0.2909E-01 0.5962E-17    801  -0.2866E-01 0.6433E-17    806  -0.2809E-01 0.6687E-17
 811  -0.2738E-01 0.6195E-17    816  -0.2654E-01 0.7590E-17    821  -0.2557E-01 0.6370E-17
 826  -0.2448E-01 0.7970E-17    831  -0.2327E-01 0.8144E-17    836  -0.2196E-01 0.7801E-17
 841  -0.2056E-01 0.6844E-17    846  -0.1906E-01 0.8716E-17    851  -0.1748E-01 0.7467E-17
 856  -0.1583E-01 0.6400E-17    861  -0.1412E-01 0.5992E-17    866  -0.1235E-01 0.8241E-17
 871  -0.1054E-01 0.7204E-17    876  -0.8692E-02 0.5460E-17    881  -0.6823E-02 0.8534E-17
 886  -0.4939E-02 0.5862E-17    891  -0.3051E-02 0.6170E-17    896  -0.1168E-02 0.5587E-17
 901   0.6997E-03 0.6628E-17    906   0.2543E-02 0.6307E-17    911   0.4353E-02 0.6036E-17
 916   0.6120E-02 0.6435E-17    921   0.7836E-02 0.5894E-17    926   0.9493E-02 0.4019E-17
 931   0.1108E-01 0.5213E-17    936   0.1260E-01 0.5643E-17    941   0.1403E-01 0.4132E-17
 946   0.1537E-01 0.4451E-17    951   0.1662E-01 0.4577E-17    956   0.1777E-01 0.2682E-17
 961   0.1881E-01 0.2168E-17    966   0.1975E-01 0.4075E-17    971   0.2057E-01 0.2105E-17
 976   0.2127E-01 0.9369E-18    981   0.2186E-01 0.2760E-17    986   0.2233E-01 0.1059E-17
 991   0.2267E-01 0.4394E-18    996   0.2289E-01 0.3293E-18   1001   0.2299E-01 0.7012E-18
1006   0.2297E-01 0.8296E-19   1011   0.2282E-01 0.1172E-17   1016   0.2256E-01-0.1769E-17
1021   0.2219E-01-0.1243E-17   1026   0.2169E-01-0.2200E-17   1031   0.2109E-01-0.4229E-17
1036   0.2039E-01-0.1631E-17   1041   0.1958E-01-0.3741E-17   1046   0.1868E-01-0.3859E-17
1051   0.1769E-01-0.3442E-17   1056   0.1662E-01-0.4462E-17   1061   0.1546E-01-0.4755E-17
1066   0.1424E-01-0.3123E-17   1071   0.1295E-01-0.3650E-17   1076   0.1161E-01-0.2063E-17
1081   0.1022E-01-0.3641E-17   1086   0.8783E-02-0.4424E-17   1091   0.7315E-02-0.4062E-17
1096   0.5822E-02-0.6375E-17   1101   0.4311E-02-0.5055E-17   1106   0.2790E-02-0.4381E-17
1111   0.1268E-02-0.3924E-17   1116  -0.2478E-03-0.4279E-17   1121  -0.1749E-02-0.5153E-17
1126  -0.3229E-02-0.4005E-17   1131  -0.4679E-02-0.5623E-17   1136  -0.6093E-02-0.4397E-17
1141  -0.7462E-02-0.5501E-17   1146  -0.8781E-02-0.5642E-17   1151  -0.1004E-01-0.5332E-17
1156  -0.1124E-01-0.5878E-17   1161  -0.1237E-01-0.7042E-17   1166  -0.1343E-01-0.4788E-17
1171  -0.1440E-01-0.3700E-17   1176  -0.1530E-01-0.4020E-17   1181  -0.1610E-01-0.4348E-17
1186  -0.1682E-01-0.3780E-17   1191  -0.1744E-01-0.3901E-17   1196  -0.1796E-01-0.2724E-17
1201  -0.1839E-01-0.2868E-17   1206  -0.1871E-01-0.3792E-17   1211  -0.1894E-01-0.3005E-17
1216  -0.1906E-01-0.3088E-17   1221  -0.1908E-01-0.3063E-17   1226  -0.1901E-01-0.1620E-17
1231  -0.1883E-01-0.2868E-17   1236  -0.1855E-01-0.2468E-18   1241  -0.1819E-01-0.1220E-17
1246  -0.1772E-01 0.3052E-18   1251  -0.1717E-01-0.1536E-17   1256  -0.1653E-01-0.1797E-17
1261  -0.1581E-01 0.1637E-18   1266  -0.1502E-01 0.6015E-18   1271  -0.1415E-01 0.7772E-18
1276  -0.1321E-01-0.6431E-18   1281  -0.1221E-01 0.9091E-18   1286  -0.1116E-01 0.7331E-18
1291  -0.1005E-01 0.1156E-18   1296  -0.8900E-02 0.3588E-17   1301  -0.7711E-02 0.1107E-17
1306  -0.6491E-02 0.1569E-17   1311  -0.5246E-02 0.2185E-17   1316  -0.3983E-02 0.2619E-17
1321  -0.2708E-02 0.2886E-17   1326  -0.1428E-02 0.3942E-17   1331  -0.1507E-03 0.4325E-17
1336   0.1118E-02 0.4653E-17   1341   0.2371E-02 0.3722E-17   1346   0.3603E-02 0.4171E-17
1351   0.4807E-02 0.5685E-17   1356   0.5976E-02 0.3819E-17   1361   0.7106E-02 0.5488E-17
1366   0.8190E-02 0.5494E-17   1371   0.9222E-02 0.6497E-17   1376   0.1020E-01 0.4851E-17
1381   0.1112E-01 0.5004E-17   1386   0.1197E-01 0.6092E-17   1391   0.1275E-01 0.6625E-17
1396   0.1346E-01 0.5384E-17   1401   0.1409E-01 0.7471E-17   1406   0.1464E-01 0.8416E-17
1411   0.1512E-01 0.6459E-17   1416   0.1551E-01 0.6113E-17   1421   0.1581E-01 0.7430E-17
1426   0.1603E-01 0.5732E-17   1431   0.1616E-01 0.5883E-17   1436   0.1621E-01 0.8453E-17
1441   0.1617E-01 0.8006E-17   1446   0.1605E-01 0.6497E-17   1451   0.1584E-01 0.6513E-17
1456   0.1555E-01 0.5237E-17   1461   0.1518E-01 0.6288E-17   1466   0.1473E-01 0.7333E-17
1471   0.1421E-01 0.6931E-17   1476   0.1362E-01 0.5583E-17   1481   0.1295E-01 0.6197E-17
1486   0.1223E-01 0.6340E-17   1491   0.1144E-01 0.3592E-17   1496   0.1060E-01 0.5716E-17
1501   0.9709E-02 0.5729E-17   1506   0.8772E-02 0.4670E-17   1511   0.7794E-02 0.4781E-17
1516   0.6782E-02 0.3169E-17   1521   0.5740E-02 0.2993E-17   1526   0.4674E-02 0.2137E-17
1531   0.3591E-02 0.1390E-17   1536   0.2495E-02 0.2831E-17   1541   0.1393E-02 0.2711E-17
1546   0.2908E-03 0.1766E-17   1551  -0.8063E-03 0.1861E-17   1556  -0.1892E-02-0.2321E-18
1561  -0.2961E-02-0.7104E-18   1566  -0.4008E-02 0.1228E-17   1571  -0.5028E-02 0.3491E-18
1576  -0.6014E-02-0.1857E-17   1581  -0.6963E-02-0.3325E-18   1586  -0.7869E-02-0.9768E-18
1591  -0.8728E-02-0.3215E-17   1596  -0.9536E-02-0.6443E-18   1601  -0.1955E-02-0.5480E-18

 No.   P1 P2 IN KIND T N  L  S1 IA J/S  IB BIND XFER  BE    SC PC FIL AFRAC Adjust  to  Z  Mass   K     Norm    rms      D0     D   ANC/Gsp

    7:  1  2  2  0     1  1 0.5  1 1.5   0  31   0  -0.1223  4  3  0 0.0000 BIN 1.0000; 0. 1.006 0.0718 0.9912 20.254  -61.4  -61.9  0.0977

 ************************************************************************************************************************************

 ONE-way COUPLING # 1 for partitions -2 <-  1 of KIND  5,   0  0  0 -1 -1 & P1,P2 =  125.1900   0.0000 : for J <=    40.5 & R <  29.7 fm.


 data =  1  1  1  1  1.0000,  so  < [DEUTERON #  1] / [PROTON   #  1]  * Eigen-form #  1>  =   1.0000            BE =  2.228     2

 data =  2  1  1  3  1.0000,  so  < [Li8      #  1] / [Li7      #  1]  * Eigen-form #  3>  =   1.0000            BE =  2.033     3

 data =  2  2  1  4  1.0000,  so  < [Li8      #  2] / [Li7      #  1]  * Eigen-form #  4>  =   1.0000            BE =  1.053     4

 data =  2  3  1  5  1.0000,  so  < [Li8      #  3] / [Li7      #  1]  * Eigen-form #  5>  =   1.0000            BE =  0.200     5

 data =  2  4  1  6  1.0000,  so  < [Li8      #  4] / [Li7      #  1]  * Eigen-form #  6>  =   1.0000            BE =  0.100     6

 data = -2  5  1  7  1.0000,  so  < [Li8      #  5] / [Li7      #  1]  * Eigen-form #  7>  =   1.0000            BE = -0.122     7
 KNT =   3, KNP =   1: NK,NG,loc=   1   1   1  24  T  T  F
 KNT =   4, KNP =   1: NK,NG,loc=   2   2   2  25  T  T  F
 KNT =   5, KNP =   1: NK,NG,loc=   3   3   3  26  T  T  F
 KNT =   6, KNP =   1: NK,NG,loc=   4   4   4  27  T  T  F
 KNT =   7, KNP =   1: NK,NG,loc=   5   5   5  28  T  T  F

     So ZERO-RANGE TRANSFER, with D0 =   125.190 and finite-range effective radius   0.0000 fm.

   3  1  1 24     2.225   125.190   125.190     1.006     0.503     0.000     0.100
   4  1  2 25     2.225   125.190   125.190     1.006     0.503     0.000     0.100
   5  1  3 26     2.225   125.190   125.190     1.006     0.503     0.000     0.100
   6  1  4 27     2.225   125.190   125.190     1.006     0.503     0.000     0.100
   7  1  5 28     2.325   125.190   125.190     1.006     0.503     0.000     0.100

 Incoming partition  1 in excitation state # 1,   Laboratory Energy given for partition  1 Nucleus 1 in Excitation pair 1

0Lab. ENERGY ranges :

   from    14.5311     to   0.00000     in     0 intervals
   from    0.00000     to   0.00000     in     0 intervals
   from    0.00000     to   0.00000     in     0 intervals

 Largest real,imaginary parts of any form factor at R=   29.00 are   8.72E-01  1.46E-15 MeV
 Finished all Couplings @    2.98239999E-02          28

 Non-symmetric Hamiltonian
1***********************************************************************************************************************************
************************************************************************************************************************************

        INCOMING DEUTERON ;    LABORATORY DEUTERON ENERGY =   14.531     MeV.

 ***********************************************************************************************************************************
 ***********************************************************************************************************************************

 Allocate arrays for           13  channels, of which            3  need wfs.

 ######################################################################################################################
 #                                                                                                                    #
 # Total SPIN and PARITY =     0.5 +,     13 channels,    0 in 1st block.  Rmin & Coul turning =    0.0    0.4 fm.  #
 #                                                                                                                    #
 ######################################################################################################################



    C Projectl Target   #   EX.   (L  Proj) J  + Targ = Jtotal     E-cm      Re K     Re Eta     RM*K            CH
    1 DEUTERON Li7      #    1: I   1 1.0    1.0  1.5     0.5    11.29011   0.91929   0.17587   27.5788  -0.13944   0.48218 1 1 1   1
    2 DEUTERON Li7      #    1: I   1 1.0    2.0  1.5     0.5    11.29011   0.91929   0.17587   27.5788  -0.13944   0.48218 1 1 1   1
    3 DEUTERON Li7      #    1: I   3 1.0    2.0  1.5     0.5    11.29011   0.91929   0.17587   27.5788   0.28844  -0.41285 1 1 1   1
    4 PROTON   Li8      #    1:     2 0.5    1.5  2.0     0.5    11.09821   0.68934   0.13416   18.0852  -0.41159  -0.29126 2 1 2   1
    5 PROTON   Li8      #    1:     2 0.5    2.5  2.0     0.5    11.09821   0.68934   0.13416   18.0852  -0.41159  -0.29126 2 1 2   1
    6 PROTON   Li8      #    2:     0 0.5    0.5  1.0     0.5    10.11821   0.65820   0.14051   17.2683   0.41782  -0.27835 2 2 2   2
    7 PROTON   Li8      #    2:     2 0.5    1.5  1.0     0.5    10.11821   0.65820   0.14051   17.2683  -0.49422   0.10199 2 2 2   2
    8 PROTON   Li8      #    3:     2 0.5    2.5  3.0     0.5     9.26521   0.62985   0.14683   16.5244  -0.29398   0.41070 2 3 2   3
    9 PROTON   Li8      #    3:     4 0.5    3.5  3.0     0.5     9.26521   0.62985   0.14683   16.5244   0.46414  -0.21614 2 3 2   3
   10 PROTON   Li8      #    4:     2 0.5    2.5  3.0     0.5     9.16521   0.62644   0.14763   16.4350  -0.25606   0.43542 2 4 2   4
   11 PROTON   Li8      #    4:     4 0.5    3.5  3.0     0.5     9.16521   0.62644   0.14763   16.4350   0.44377  -0.25564 2 4 2   4
   12 PROTON   Li8      #    5:     2 0.5    2.5  3.0     0.5     8.84321   0.61534   0.15030   16.1437  -0.11988   0.49089 2 5 2   5
   13 PROTON   Li8      #    5:     4 0.5    3.5  3.0     0.5     8.84321   0.61534   0.15030   16.1437   0.35521  -0.36958 2 5 2   5
   S-matrix    1 =   -0.27119   0.03705 for L=    1, J=    1.0 channel on core I =   1.5 from L=    1,  Acc. loss =  0.0 D.
 Elastic phase shift   1 =   86.111  37.119 deg. for the L =    1, J =    1.0 channel.
       0.5 -0.27118565  0.03704676i: elastic S-matrix  @@      0.00  0   0 F  0
 Reaction Xsec     0.5+/ 1 @ 1 =   5.732 , Out:   0.000#   6.518/   0.015    0.014    0.013    0.042    5.641f

   S-matrix    2 =   -0.27119   0.03705 for L=    1, J=    2.0 channel on core I =   1.5 from L=    1,  Acc. loss =  0.0 D.
 Elastic phase shift   2 =   86.111  37.119 deg. for the L =    1, J =    2.0 channel.
       0.5 -0.27118565  0.03704676i: elastic S-matrix  @@      0.00  0   0 F  0
 Reaction Xsec     0.5+/ 1 @ 2 =   5.732 , Out:   0.000#   5.773/   0.021    2.723/   2.674/   8.341/   5.691f

   S-matrix    3 =    0.36757  -0.08754 for L=    3, J=    2.0 channel on core I =   1.5 from L=    3,  Acc. loss =  0.0 D.
 Elastic phase shift   3 =   -6.698  27.882 deg. for the L =    3, J =    2.0 channel.
       0.5  0.36756901 -0.08753878i: elastic S-matrix  @@      0.00  0   0 F  0
 Reaction Xsec     0.5+/ 3 @ 3 =   5.311 , Out:   0.000#   0.010    0.035    0.012    8.957/   7.964/   5.237f


 Total SPIN, PARITY =     0.5 -,     13 chs,      0 cc.  Rmin & Coul turning =    0.0    0.4
   S-matrix    1 =   -0.12727  -0.10990 for L=    0, J=    1.0 channel on core I =   1.5 from L=    0,  Acc. loss =  0.0 D.
 Elastic phase shift   1 =  -69.595  51.076 deg. for the L =    0, J =    1.0 channel.
       0.5 -0.12727246 -0.10989507i: elastic S-matrix  @@      0.00  0   0 F  0
 Reaction Xsec     0.5-/ 0 @ 1 =   6.021 , Out:   0.000#   0.072    0.046    0.000#   0.000#   0.000#   5.903f

   S-matrix    2 =    0.02306   0.05213 for L=    2, J=    1.0 channel on core I =   1.5 from L=    2,  Acc. loss =  0.0 D.
 Elastic phase shift   2 =   33.069  82.067 deg. for the L =    2, J =    1.0 channel.
       0.5  0.02306006  0.05212957i: elastic S-matrix  @@      0.00  0   0 F  0
 Reaction Xsec     0.5-/ 2 @ 2 =   6.176 , Out:   0.000#   0.031    0.018    0.030    0.025    0.036    6.035f

   S-matrix    3 =    0.02306   0.05213 for L=    2, J=    2.0 channel on core I =   1.5 from L=    2,  Acc. loss =  0.0 D.
 Elastic phase shift   3 =   33.069  82.067 deg. for the L =    2, J =    2.0 channel.
       0.5  0.02306006  0.05212957i: elastic S-matrix  @@      0.00  0   0 F  0
 Reaction Xsec     0.5-/ 2 @ 3 =   6.176 , Out:   0.000#   0.038    0.044    0.015    0.012    0.018    6.049f

 Allocate arrays for           24  channels, of which            5  need wfs.

 Total SPIN, PARITY =     1.5 +,     24 chs,      0 cc.  Rmin & Coul turning =    0.2    1.7
   S-matrix    1 =   -0.27119   0.03705 for L=    1, J=    0.0 channel on core I =   1.5 from L=    1,  Acc. loss =  0.0 D.
 Elastic phase shift   1 =   86.111  37.119 deg. for the L =    1, J =    0.0 channel.
       1.5 -0.27118565  0.03704676i: elastic S-matrix  @@      0.00  0   0 F  0
 Reaction Xsec     1.5+/ 1 @ 1 =  11.463 , Out:   0.000#   9.311/   0.014    0.045    0.045    0.139   11.211f

   S-matrix    2 =   -0.27119   0.03705 for L=    1, J=    1.0 channel on core I =   1.5 from L=    1,  Acc. loss =  0.0 D.
 Elastic phase shift   2 =   86.111  37.119 deg. for the L =    1, J =    1.0 channel.
       1.5 -0.27118565  0.03704676i: elastic S-matrix  @@      0.00  0   0 F  0
 Reaction Xsec     1.5+/ 1 @ 2 =  11.463 , Out:   0.000#   0.024    0.022    0.044    0.043    0.133   11.197f

   S-matrix    3 =   -0.27119   0.03705 for L=    1, J=    2.0 channel on core I =   1.5 from L=    1,  Acc. loss =  0.0 D.
 Elastic phase shift   3 =   86.111  37.119 deg. for the L =    1, J =    2.0 channel.
       1.5 -0.27118565  0.03704676i: elastic S-matrix  @@      0.00  0   0 F  0
 Reaction Xsec     1.5+/ 1 @ 3 =  11.463 , Out:   0.000#   0.025    0.085    0.018    0.018    0.056   11.262f

   S-matrix    4 =    0.36757  -0.08754 for L=    3, J=    2.0 channel on core I =   1.5 from L=    3,  Acc. loss =  0.0 D.
 Elastic phase shift   4 =   -6.698  27.882 deg. for the L =    3, J =    2.0 channel.
       1.5  0.36756901 -0.08753878i: elastic S-matrix  @@      0.00  0   0 F  0
 Reaction Xsec     1.5+/ 3 @ 4 =  10.622 , Out:   0.000#   0.058    9.733/   0.037    0.033    0.065   10.420f

   S-matrix    5 =    0.36757  -0.08754 for L=    3, J=    3.0 channel on core I =   1.5 from L=    3,  Acc. loss =  0.0 D.
 Elastic phase shift   5 =   -6.698  27.882 deg. for the L =    3, J =    3.0 channel.
       1.5  0.36756901 -0.08753878i: elastic S-matrix  @@      0.00  0   0 F  0
 Reaction Xsec     1.5+/ 3 @ 5 =  10.622 , Out:   0.000#   0.042    0.132    0.012    8.957/   7.964/  10.419f


 Total SPIN, PARITY =     1.5 -,     24 chs,      0 cc.  Rmin & Coul turning =    0.2    1.7
   S-matrix    1 =   -0.12727  -0.10990 for L=    0, J=    1.0 channel on core I =   1.5 from L=    0,  Acc. loss =  0.0 D.
 Elastic phase shift   1 =  -69.595  51.076 deg. for the L =    0, J =    1.0 channel.
       1.5 -0.12727246 -0.10989507i: elastic S-matrix  @@      0.00  0   0 F  0
 Reaction Xsec     1.5-/ 0 @ 1 =  12.041 , Out:   0.000#   0.122    0.061    0.037    0.034    0.180   11.608f

   S-matrix    2 =    0.02306   0.05213 for L=    2, J=    1.0 channel on core I =   1.5 from L=    2,  Acc. loss =  0.0 D.
 Elastic phase shift   2 =   33.069  82.067 deg. for the L =    2, J =    1.0 channel.
       1.5  0.02306006  0.05212957i: elastic S-matrix  @@      0.00  0   0 F  0
 Reaction Xsec     1.5-/ 2 @ 2 =  12.351 , Out:   0.000#   0.122    0.034    0.049    0.041    0.062   12.044f

   S-matrix    3 =    0.02306   0.05213 for L=    2, J=    2.0 channel on core I =   1.5 from L=    2,  Acc. loss =  0.0 D.
 Elastic phase shift   3 =   33.069  82.067 deg. for the L =    2, J =    2.0 channel.
       1.5  0.02306006  0.05212957i: elastic S-matrix  @@      0.00  0   0 F  0
 Reaction Xsec     1.5-/ 2 @ 3 =  12.351 , Out:   0.000#   0.122    0.194    0.031    0.025    0.037   11.943f

   S-matrix    4 =    0.02306   0.05213 for L=    2, J=    3.0 channel on core I =   1.5 from L=    2,  Acc. loss =  0.0 D.
 Elastic phase shift   4 =   33.069  82.067 deg. for the L =    2, J =    3.0 channel.
       1.5  0.02306006  0.05212957i: elastic S-matrix  @@      0.00  0   0 F  0
 Reaction Xsec     1.5-/ 2 @ 4 =  12.351 , Out:   0.000#   0.125    0.223    7.866/   6.578/   9.673/  11.979f

   S-matrix    5 =    0.59857   0.17340 for L=    4, J=    3.0 channel on core I =   1.5 from L=    4,  Acc. loss =  0.0 D.
 Elastic phase shift   5 =    8.078  13.548 deg. for the L =    4, J =    3.0 channel.
       1.5  0.59857382  0.17339567i: elastic S-matrix  @@      0.00  0   0 F  0
 Reaction Xsec     1.5-/ 4 @ 5 =   7.579 , Out:   0.000#   0.317    0.374    0.039    0.035    0.047    6.767f

 Allocate arrays for           32  channels, of which            6  need wfs.

 Total SPIN, PARITY =     2.5 +,     32 chs,      0 cc.  Rmin & Coul turning =    0.5    2.9
   S-matrix    1 =   -0.27119   0.03705 for L=    1, J=    1.0 channel on core I =   1.5 from L=    1,  Acc. loss =  0.0 D.
 Elastic phase shift   1 =   86.111  37.119 deg. for the L =    1, J =    1.0 channel.
       2.5 -0.27118565  0.03704676i: elastic S-matrix  @@      0.00  0   0 F  0
 Reaction Xsec     2.5+/ 1 @ 1 =  17.195 , Out:   0.000#   0.018    0.016    0.126    0.128    0.527   16.379f

   S-matrix    2 =   -0.27119   0.03705 for L=    1, J=    2.0 channel on core I =   1.5 from L=    1,  Acc. loss =  0.0 D.
 Elastic phase shift   2 =   86.111  37.119 deg. for the L =    1, J =    2.0 channel.
       2.5 -0.27118565  0.03704676i: elastic S-matrix  @@      0.00  0   0 F  0
 Reaction Xsec     2.5+/ 1 @ 2 =  17.195 , Out:   0.000#   0.107    0.013    0.073    0.073    0.283   16.646f

   S-matrix    3 =    0.36757  -0.08754 for L=    3, J=    2.0 channel on core I =   1.5 from L=    3,  Acc. loss =  0.0 D.
 Elastic phase shift   3 =   -6.698  27.882 deg. for the L =    3, J =    2.0 channel.
       2.5  0.36756901 -0.08753878i: elastic S-matrix  @@      0.00  0   0 F  0
 Reaction Xsec     2.5+/ 3 @ 3 =  15.933 , Out:   0.000#   0.090    0.068    0.116    0.113    0.282   15.265f

   S-matrix    4 =    0.36757  -0.08754 for L=    3, J=    3.0 channel on core I =   1.5 from L=    3,  Acc. loss =  0.0 D.
 Elastic phase shift   4 =   -6.698  27.882 deg. for the L =    3, J =    3.0 channel.
       2.5  0.36756901 -0.08753878i: elastic S-matrix  @@      0.00  0   0 F  0
 Reaction Xsec     2.5+/ 3 @ 4 =  15.933 , Out:   0.000#   0.118    0.236    0.042    0.038    0.080   15.420f

   S-matrix    5 =    0.36757  -0.08754 for L=    3, J=    4.0 channel on core I =   1.5 from L=    3,  Acc. loss =  0.0 D.
 Elastic phase shift   5 =   -6.698  27.882 deg. for the L =    3, J =    4.0 channel.
       2.5  0.36756901 -0.08753878i: elastic S-matrix  @@      0.00  0   0 F  0
 Reaction Xsec     2.5+/ 3 @ 5 =  15.933 , Out:   0.000#   0.100    0.363    0.013    0.012    0.027   15.417f

   S-matrix    6 =    0.93976   0.09796 for L=    5, J=    4.0 channel on core I =   1.5 from L=    5,  Acc. loss =  0.0 D.
 Elastic phase shift   6 =    2.976   1.625 deg. for the L =    5, J =    4.0 channel.
       2.5  0.93976161  0.09796331i: elastic S-matrix  @@      0.00  0   0 F  0
 Reaction Xsec     2.5+/ 5 @ 6 =   1.993 , Out:   0.000#   0.188    0.195    0.032    0.030    0.071    1.478f


 Total SPIN, PARITY =     2.5 -,     32 chs,      0 cc.  Rmin & Coul turning =    0.5    2.9
   S-matrix    1 =   -0.12727  -0.10990 for L=    0, J=    1.0 channel on core I =   1.5 from L=    0,  Acc. loss =  0.0 D.
 Elastic phase shift   1 =  -69.595  51.076 deg. for the L =    0, J =    1.0 channel.
       2.5 -0.12727246 -0.10989507i: elastic S-matrix  @@      0.00  0   0 F  0
 Reaction Xsec     2.5-/ 0 @ 1 =  18.062 , Out:   0.000#   0.129    0.016    0.148    0.136    0.718   16.914f

   S-matrix    2 =    0.02306   0.05213 for L=    2, J=    1.0 channel on core I =   1.5 from L=    2,  Acc. loss =  0.0 D.
 Elastic phase shift   2 =   33.069  82.067 deg. for the L =    2, J =    1.0 channel.
       2.5  0.02306006  0.05212957i: elastic S-matrix  @@      0.00  0   0 F  0
 Reaction Xsec     2.5-/ 2 @ 2 =  18.527 , Out:   0.000#   0.150    0.071    0.076    0.066    0.107   18.057f

   S-matrix    3 =    0.02306   0.05213 for L=    2, J=    2.0 channel on core I =   1.5 from L=    2,  Acc. loss =  0.0 D.
 Elastic phase shift   3 =   33.069  82.067 deg. for the L =    2, J =    2.0 channel.
       2.5  0.02306006  0.05212957i: elastic S-matrix  @@      0.00  0   0 F  0
 Reaction Xsec     2.5-/ 2 @ 3 =  18.527 , Out:   0.000#   0.471    0.028    0.068    0.058    0.090   17.811f

   S-matrix    4 =    0.02306   0.05213 for L=    2, J=    3.0 channel on core I =   1.5 from L=    2,  Acc. loss =  0.0 D.
 Elastic phase shift   4 =   33.069  82.067 deg. for the L =    2, J =    3.0 channel.
       2.5  0.02306006  0.05212957i: elastic S-matrix  @@      0.00  0   0 F  0
 Reaction Xsec     2.5-/ 2 @ 4 =  18.527 , Out:   0.000#   0.403    0.423    0.039    0.034    0.053   17.575f

   S-matrix    5 =    0.59857   0.17340 for L=    4, J=    3.0 channel on core I =   1.5 from L=    4,  Acc. loss =  0.0 D.
 Elastic phase shift   5 =    8.078  13.548 deg. for the L =    4, J =    3.0 channel.
       2.5  0.59857382  0.17339567i: elastic S-matrix  @@      0.00  0   0 F  0
 Reaction Xsec     2.5-/ 4 @ 5 =  11.369 , Out:   0.000#   0.542    0.035    0.210    0.195    0.276   10.110f

   S-matrix    6 =    0.59857   0.17340 for L=    4, J=    4.0 channel on core I =   1.5 from L=    4,  Acc. loss =  0.0 D.
 Elastic phase shift   6 =    8.078  13.548 deg. for the L =    4, J =    4.0 channel.
       2.5  0.59857382  0.17339567i: elastic S-matrix  @@      0.00  0   0 F  0
 Reaction Xsec     2.5-/ 4 @ 6 =  11.369 , Out:   0.000#   0.424    1.228    0.033    0.030    0.040    9.614f

 Allocate arrays for           35  channels, of which            6  need wfs.

 Total SPIN, PARITY =     3.5 +,     35 chs,      0 cc.  Rmin & Coul turning =    0.7    4.0
   S-matrix    1 =   -0.27119   0.03705 for L=    1, J=    2.0 channel on core I =   1.5 from L=    1,  Acc. loss =  0.0 D.
 Elastic phase shift   1 =   86.111  37.119 deg. for the L =    1, J =    2.0 channel.
       3.5 -0.27118565  0.03704676i: elastic S-matrix  @@      0.00  0   0 F  0
 Reaction Xsec     3.5+/ 1 @ 1 =  22.926 , Out:   0.000#   0.012    8.915/   0.369    0.382    1.776   20.379f

   S-matrix    2 =    0.36757  -0.08754 for L=    3, J=    2.0 channel on core I =   1.5 from L=    3,  Acc. loss =  0.0 D.
 Elastic phase shift   2 =   -6.698  27.882 deg. for the L =    3, J =    2.0 channel.
       3.5  0.36756901 -0.08753878i: elastic S-matrix  @@      0.00  0   0 F  0
 Reaction Xsec     3.5+/ 3 @ 2 =  21.245 , Out:   0.000#   0.107    0.050    0.229    0.229    0.606   20.025f

   S-matrix    3 =    0.36757  -0.08754 for L=    3, J=    3.0 channel on core I =   1.5 from L=    3,  Acc. loss =  0.0 D.
 Elastic phase shift   3 =   -6.698  27.882 deg. for the L =    3, J =    3.0 channel.
       3.5  0.36756901 -0.08753878i: elastic S-matrix  @@      0.00  0   0 F  0
 Reaction Xsec     3.5+/ 3 @ 3 =  21.245 , Out:   0.000#   0.259    0.024    0.221    0.219    0.566   19.955f

   S-matrix    4 =    0.36757  -0.08754 for L=    3, J=    4.0 channel on core I =   1.5 from L=    3,  Acc. loss =  0.0 D.
 Elastic phase shift   4 =   -6.698  27.882 deg. for the L =    3, J =    4.0 channel.
       3.5  0.36756901 -0.08753878i: elastic S-matrix  @@      0.00  0   0 F  0
 Reaction Xsec     3.5+/ 3 @ 4 =  21.245 , Out:   0.000#   0.245    0.501    0.111    0.110    0.281   19.997f

   S-matrix    5 =    0.93976   0.09796 for L=    5, J=    4.0 channel on core I =   1.5 from L=    5,  Acc. loss =  0.0 D.
 Elastic phase shift   5 =    2.976   1.625 deg. for the L =    5, J =    4.0 channel.
       3.5  0.93976161  0.09796331i: elastic S-matrix  @@      0.00  0   0 F  0
 Reaction Xsec     3.5+/ 5 @ 5 =   2.658 , Out:   0.000#   0.247    0.011    0.141    0.133    0.279    1.846f

   S-matrix    6 =    0.93976   0.09796 for L=    5, J=    5.0 channel on core I =   1.5 from L=    5,  Acc. loss =  0.0 D.
 Elastic phase shift   6 =    2.976   1.625 deg. for the L =    5, J =    5.0 channel.
       3.5  0.93976161  0.09796331i: elastic S-matrix  @@      0.00  0   0 F  0
 Reaction Xsec     3.5+/ 5 @ 6 =   2.658 , Out:   0.000#   0.244    0.607    0.027    0.025    0.058    1.696f


 Total SPIN, PARITY =     3.5 -,     35 chs,      0 cc.  Rmin & Coul turning =    0.7    4.0
   S-matrix    1 =    0.02306   0.05213 for L=    2, J=    2.0 channel on core I =   1.5 from L=    2,  Acc. loss =  0.0 D.
 Elastic phase shift   1 =   33.069  82.067 deg. for the L =    2, J =    2.0 channel.
       3.5  0.02306006  0.05212957i: elastic S-matrix  @@      0.00  0   0 F  0
 Reaction Xsec     3.5-/ 2 @ 1 =  24.702 , Out:   0.000#   0.130    0.054    0.325    0.288    0.478   23.427f

   S-matrix    2 =    0.02306   0.05213 for L=    2, J=    3.0 channel on core I =   1.5 from L=    2,  Acc. loss =  0.0 D.
 Elastic phase shift   2 =   33.069  82.067 deg. for the L =    2, J =    3.0 channel.
       3.5  0.02306006  0.05212957i: elastic S-matrix  @@      0.00  0   0 F  0
 Reaction Xsec     3.5-/ 2 @ 2 =  24.702 , Out:   0.000#   0.963    0.022    0.182    0.160    0.262   23.114f

   S-matrix    3 =    0.59857   0.17340 for L=    4, J=    3.0 channel on core I =   1.5 from L=    4,  Acc. loss =  0.0 D.
 Elastic phase shift   3 =    8.078  13.548 deg. for the L =    4, J =    3.0 channel.
       3.5  0.59857382  0.17339567i: elastic S-matrix  @@      0.00  0   0 F  0
 Reaction Xsec     3.5-/ 4 @ 3 =  15.158 , Out:   0.000#   0.209    0.526    0.616    0.573    0.822   12.413f

   S-matrix    4 =    0.59857   0.17340 for L=    4, J=    4.0 channel on core I =   1.5 from L=    4,  Acc. loss =  0.0 D.
 Elastic phase shift   4 =    8.078  13.548 deg. for the L =    4, J =    4.0 channel.
       3.5  0.59857382  0.17339567i: elastic S-matrix  @@      0.00  0   0 F  0
 Reaction Xsec     3.5-/ 4 @ 4 =  15.158 , Out:   0.000#   1.555    1.508    0.250    0.232    0.331   11.282f

   S-matrix    5 =    0.59857   0.17340 for L=    4, J=    5.0 channel on core I =   1.5 from L=    4,  Acc. loss =  0.0 D.
 Elastic phase shift   5 =    8.078  13.548 deg. for the L =    4, J =    5.0 channel.
       3.5  0.59857382  0.17339567i: elastic S-matrix  @@      0.00  0   0 F  0
 Reaction Xsec     3.5-/ 4 @ 5 =  15.158 , Out:   0.000#   0.968    2.802    0.072    0.067    0.095   11.155f

   S-matrix    6 =    0.99146   0.02486 for L=    6, J=    5.0 channel on core I =   1.5 from L=    6,  Acc. loss =  0.0 D.
 Elastic phase shift   6 =    0.718   0.237 deg. for the L =    6, J =    5.0 channel.
       3.5  0.99146048  0.02485992i: elastic S-matrix  @@      0.00  0   0 F  0
 Reaction Xsec     3.5-/ 6 @ 6 =   0.406 , Out:   0.000#   0.069    0.069    0.016    0.015    0.042    0.196f


 Total SPIN, PARITY =     4.5 +,     35 chs,      0 cc.  Rmin & Coul turning =    1.0    5.1
   S-matrix    1 =    0.36757  -0.08754 for L=    3, J=    3.0 channel on core I =   1.5 from L=    3,  Acc. loss =  0.0 D.
 Elastic phase shift   1 =   -6.698  27.882 deg. for the L =    3, J =    3.0 channel.
       4.5  0.36756901 -0.08753878i: elastic S-matrix  @@      0.00  0   0 F  0
 Reaction Xsec     4.5+/ 3 @ 1 =  26.556 , Out:   0.000#   0.084    0.034    0.993    0.997    2.668   21.780f

   S-matrix    2 =    0.36757  -0.08754 for L=    3, J=    4.0 channel on core I =   1.5 from L=    3,  Acc. loss =  0.0 D.
 Elastic phase shift   2 =   -6.698  27.882 deg. for the L =    3, J =    4.0 channel.
       4.5  0.36756901 -0.08753878i: elastic S-matrix  @@      0.00  0   0 F  0
 Reaction Xsec     4.5+/ 3 @ 2 =  26.556 , Out:   0.000#   0.464    9.227/   0.572    0.573    1.522   23.415f

   S-matrix    3 =    0.93976   0.09796 for L=    5, J=    4.0 channel on core I =   1.5 from L=    5,  Acc. loss =  0.0 D.
 Elastic phase shift   3 =    2.976   1.625 deg. for the L =    5, J =    4.0 channel.
       4.5  0.93976161  0.09796331i: elastic S-matrix  @@      0.00  0   0 F  0
 Reaction Xsec     4.5+/ 5 @ 3 =   3.322 , Out:   0.000#   0.067    0.267    0.341    0.323    0.662    1.662f

   S-matrix    4 =    0.93976   0.09796 for L=    5, J=    5.0 channel on core I =   1.5 from L=    5,  Acc. loss =  0.0 D.
 Elastic phase shift   4 =    2.976   1.625 deg. for the L =    5, J =    5.0 channel.
       4.5  0.93976161  0.09796331i: elastic S-matrix  @@      0.00  0   0 F  0
 Reaction Xsec     4.5+/ 5 @ 4 =   3.322 , Out:   0.000#   0.716    0.626    0.166    0.157    0.326    1.333f

   S-matrix    5 =    0.93976   0.09796 for L=    5, J=    6.0 channel on core I =   1.5 from L=    5,  Acc. loss =  0.0 D.
 Elastic phase shift   5 =    2.976   1.625 deg. for the L =    5, J =    6.0 channel.
       4.5  0.93976161  0.09796331i: elastic S-matrix  @@      0.00  0   0 F  0
 Reaction Xsec     4.5+/ 5 @ 5 =   3.322 , Out:   0.000#   0.463    1.271    0.045    0.043    0.089    1.412f

   S-matrix    6 =    0.99860   0.00604 for L=    7, J=    6.0 channel on core I =   1.5 from L=    7,  Acc. loss =  0.0 D.
 Elastic phase shift   6 =    0.173   0.040 deg. for the L =    7, J =    6.0 channel.
       4.5  0.99860120  0.00603845i: elastic S-matrix  @@      0.00  0   0 F  0
 Reaction Xsec     4.5+/ 7 @ 6 =   0.085 , Out:   0.000#   0.024    0.024    7.177/   7.530/   0.037   -0.015f


 Total SPIN, PARITY =     4.5 -,     35 chs,      0 cc.  Rmin & Coul turning =    1.0    5.1
   S-matrix    1 =    0.02306   0.05213 for L=    2, J=    3.0 channel on core I =   1.5 from L=    2,  Acc. loss =  0.0 D.
 Elastic phase shift   1 =   33.069  82.067 deg. for the L =    2, J =    3.0 channel.
       4.5  0.02306006  0.05212957i: elastic S-matrix  @@      0.00  0   0 F  0
 Reaction Xsec     4.5-/ 2 @ 1 =  30.878 , Out:   0.000#   0.108    0.025    0.765    0.680    1.139   28.161f

   S-matrix    2 =    0.59857   0.17340 for L=    4, J=    3.0 channel on core I =   1.5 from L=    4,  Acc. loss =  0.0 D.
 Elastic phase shift   2 =    8.078  13.548 deg. for the L =    4, J =    3.0 channel.
       4.5  0.59857382  0.17339567i: elastic S-matrix  @@      0.00  0   0 F  0
 Reaction Xsec     4.5-/ 4 @ 2 =  18.948 , Out:   0.000#   0.629    0.043    1.002    0.933    1.342   14.999f

   S-matrix    3 =    0.59857   0.17340 for L=    4, J=    4.0 channel on core I =   1.5 from L=    4,  Acc. loss =  0.0 D.
 Elastic phase shift   3 =    8.078  13.548 deg. for the L =    4, J =    4.0 channel.
       4.5  0.59857382  0.17339567i: elastic S-matrix  @@      0.00  0   0 F  0
 Reaction Xsec     4.5-/ 4 @ 3 =  18.948 , Out:   0.000#   2.771    0.139    1.173    1.091    1.568   12.206f

   S-matrix    4 =    0.59857   0.17340 for L=    4, J=    5.0 channel on core I =   1.5 from L=    4,  Acc. loss =  0.0 D.
 Elastic phase shift   4 =    8.078  13.548 deg. for the L =    4, J =    5.0 channel.
       4.5  0.59857382  0.17339567i: elastic S-matrix  @@      0.00  0   0 F  0
 Reaction Xsec     4.5-/ 4 @ 4 =  18.948 , Out:   0.000#   3.453    3.209    0.568    0.528    0.758   10.433f

   S-matrix    5 =    0.99146   0.02486 for L=    6, J=    5.0 channel on core I =   1.5 from L=    6,  Acc. loss =  0.0 D.
 Elastic phase shift   5 =    0.718   0.237 deg. for the L =    6, J =    5.0 channel.
       4.5  0.99146048  0.02485992i: elastic S-matrix  @@      0.00  0   0 F  0
 Reaction Xsec     4.5-/ 6 @ 5 =   0.508 , Out:   0.000#   0.077    3.583/   0.059    0.056    0.132    0.179f

   S-matrix    6 =    0.99146   0.02486 for L=    6, J=    6.0 channel on core I =   1.5 from L=    6,  Acc. loss =  0.0 D.
 Elastic phase shift   6 =    0.718   0.237 deg. for the L =    6, J =    6.0 channel.
       4.5  0.99146048  0.02485992i: elastic S-matrix  @@      0.00  0   0 F  0
 Reaction Xsec     4.5-/ 6 @ 6 =   0.508 , Out:   0.000#   0.089    0.209    0.013    0.012    0.034    0.151f


 Total SPIN, PARITY =     5.5 +,     35 chs,      0 cc.  Rmin & Coul turning =    1.2    6.2
   S-matrix    1 =    0.36757  -0.08754 for L=    3, J=    4.0 channel on core I =   1.5 from L=    3,  Acc. loss =  0.0 D.
 Elastic phase shift   1 =   -6.698  27.882 deg. for the L =    3, J =    4.0 channel.
       5.5  0.36756901 -0.08753878i: elastic S-matrix  @@      0.00  0   0 F  0
 Reaction Xsec     5.5+/ 3 @ 1 =  31.867 , Out:   0.000#   0.065    0.014    2.161    2.174    5.833   21.620f

   S-matrix    2 =    0.93976   0.09796 for L=    5, J=    4.0 channel on core I =   1.5 from L=    5,  Acc. loss =  0.0 D.
 Elastic phase shift   2 =    2.976   1.625 deg. for the L =    5, J =    4.0 channel.
       5.5  0.93976161  0.09796331i: elastic S-matrix  @@      0.00  0   0 F  0
 Reaction Xsec     5.5+/ 5 @ 2 =   3.987 , Out:   0.000#   0.304    0.016    0.479    0.455    0.926    1.806f

   S-matrix    3 =    0.93976   0.09796 for L=    5, J=    5.0 channel on core I =   1.5 from L=    5,  Acc. loss =  0.0 D.
 Elastic phase shift   3 =    2.976   1.625 deg. for the L =    5, J =    5.0 channel.
       5.5  0.93976161  0.09796331i: elastic S-matrix  @@      0.00  0   0 F  0
 Reaction Xsec     5.5+/ 5 @ 3 =   3.987 , Out:   0.000#   1.087    0.085    0.635    0.603    1.230    0.347f

   S-matrix    4 =    0.93976   0.09796 for L=    5, J=    6.0 channel on core I =   1.5 from L=    5,  Acc. loss =  0.0 D.
 Elastic phase shift   4 =    2.976   1.625 deg. for the L =    5, J =    6.0 channel.
       5.5  0.93976161  0.09796331i: elastic S-matrix  @@      0.00  0   0 F  0
 Reaction Xsec     5.5+/ 5 @ 4 =   3.987 , Out:   0.000#   1.469    1.321    0.309    0.293    0.601   -0.007f

   S-matrix    5 =    0.99860   0.00604 for L=    7, J=    6.0 channel on core I =   1.5 from L=    7,  Acc. loss =  0.0 D.
 Elastic phase shift   5 =    0.173   0.040 deg. for the L =    7, J =    6.0 channel.
       5.5  0.99860120  0.00603845i: elastic S-matrix  @@      0.00  0   0 F  0
 Reaction Xsec     5.5+/ 7 @ 5 =   0.103 , Out:   0.000#   0.024    1.324/   0.025    0.025    0.081   -0.055f

   S-matrix    6 =    0.99860   0.00604 for L=    7, J=    7.0 channel on core I =   1.5 from L=    7,  Acc. loss =  0.0 D.
 Elastic phase shift   6 =    0.173   0.040 deg. for the L =    7, J =    7.0 channel.
       5.5  0.99860120  0.00603845i: elastic S-matrix  @@      0.00  0   0 F  0
 Reaction Xsec     5.5+/ 7 @ 6 =   0.103 , Out:   0.000#   0.031    0.072    6.014/   6.244/   0.028   -0.041f


 Total SPIN, PARITY =     5.5 -,     35 chs,      0 cc.  Rmin & Coul turning =    1.2    6.2
   S-matrix    1 =    0.59857   0.17340 for L=    4, J=    4.0 channel on core I =   1.5 from L=    4,  Acc. loss =  0.0 D.
 Elastic phase shift   1 =    8.078  13.548 deg. for the L =    4, J =    4.0 channel.
       5.5  0.59857382  0.17339567i: elastic S-matrix  @@      0.00  0   0 F  0
 Reaction Xsec     5.5-/ 4 @ 1 =  22.737 , Out:   0.000#   0.178    0.012    4.120    3.834    5.521    9.072f

   S-matrix    2 =    0.59857   0.17340 for L=    4, J=    5.0 channel on core I =   1.5 from L=    4,  Acc. loss =  0.0 D.
 Elastic phase shift   2 =    8.078  13.548 deg. for the L =    4, J =    5.0 channel.
       5.5  0.59857382  0.17339567i: elastic S-matrix  @@      0.00  0   0 F  0
 Reaction Xsec     5.5-/ 4 @ 2 =  22.737 , Out:   0.000#   5.772    2.608/   2.546    2.370    3.410    8.637f

   S-matrix    3 =    0.99146   0.02486 for L=    6, J=    5.0 channel on core I =   1.5 from L=    6,  Acc. loss =  0.0 D.
 Elastic phase shift   3 =    0.718   0.237 deg. for the L =    6, J =    5.0 channel.
       5.5  0.99146048  0.02485992i: elastic S-matrix  @@      0.00  0   0 F  0
 Reaction Xsec     5.5-/ 6 @ 3 =   0.609 , Out:   0.000#   0.016    0.093    0.127    0.121    0.274   -0.022f

   S-matrix    4 =    0.99146   0.02486 for L=    6, J=    6.0 channel on core I =   1.5 from L=    6,  Acc. loss =  0.0 D.
 Elastic phase shift   4 =    0.718   0.237 deg. for the L =    6, J =    6.0 channel.
       5.5  0.99146048  0.02485992i: elastic S-matrix  @@      0.00  0   0 F  0
 Reaction Xsec     5.5-/ 6 @ 4 =   0.609 , Out:   0.000#   0.227    0.193    0.069    0.066    0.152   -0.097f

   S-matrix    5 =    0.99146   0.02486 for L=    6, J=    7.0 channel on core I =   1.5 from L=    6,  Acc. loss =  0.0 D.
 Elastic phase shift   5 =    0.718   0.237 deg. for the L =    6, J =    7.0 channel.
       5.5  0.99146048  0.02485992i: elastic S-matrix  @@      0.00  0   0 F  0
 Reaction Xsec     5.5-/ 6 @ 5 =   0.609 , Out:   0.000#   0.152    0.416    0.019    0.018    0.041   -0.035f

   S-matrix    6 =    0.99976   0.00146 for L=    8, J=    7.0 channel on core I =   1.5 from L=    8,  Acc. loss =  0.0 D.
 Elastic phase shift   6 =    0.042   0.007 deg. for the L =    8, J =    7.0 channel.
       5.5  0.99975611  0.00146350i: elastic S-matrix  @@      0.00  0   0 F  0
 Reaction Xsec     5.5-/ 8 @ 6 =   0.018 , Out:   0.000#   8.444/   8.403/   3.977/   6.516/   0.073   -0.082f


 Total SPIN, PARITY =     6.5 +,     35 chs,      0 cc.  Rmin & Coul turning =    1.5    7.2
   S-matrix    1 =    0.93976   0.09796 for L=    5, J=    5.0 channel on core I =   1.5 from L=    5,  Acc. loss =  0.0 D.
 Elastic phase shift   1 =    2.976   1.625 deg. for the L =    5, J =    5.0 channel.
       6.5  0.93976161  0.09796331i: elastic S-matrix  @@      0.00  0   0 F  0
 Reaction Xsec     6.5+/ 5 @ 1 =   4.651 , Out:   0.000#   0.102    5.392/   1.900    1.804    3.669   -2.830f

   S-matrix    2 =    0.93976   0.09796 for L=    5, J=    6.0 channel on core I =   1.5 from L=    5,  Acc. loss =  0.0 D.
 Elastic phase shift   2 =    2.976   1.625 deg. for the L =    5, J =    6.0 channel.
       6.5  0.93976161  0.09796331i: elastic S-matrix  @@      0.00  0   0 F  0
 Reaction Xsec     6.5+/ 5 @ 2 =   4.651 , Out:   0.000#   2.246    0.973/   1.240    1.177    2.396   -2.408f

   S-matrix    3 =    0.99860   0.00604 for L=    7, J=    6.0 channel on core I =   1.5 from L=    7,  Acc. loss =  0.0 D.
 Elastic phase shift   3 =    0.173   0.040 deg. for the L =    7, J =    6.0 channel.
       6.5  0.99860120  0.00603845i: elastic S-matrix  @@      0.00  0   0 F  0
 Reaction Xsec     6.5+/ 7 @ 3 =   0.120 , Out:   0.000#   4.214/   0.033    0.050    0.050    0.144   -0.160f

   S-matrix    4 =    0.99860   0.00604 for L=    7, J=    7.0 channel on core I =   1.5 from L=    7,  Acc. loss =  0.0 D.
 Elastic phase shift   4 =    0.173   0.040 deg. for the L =    7, J =    7.0 channel.
       6.5  0.99860120  0.00603845i: elastic S-matrix  @@      0.00  0   0 F  0
 Reaction Xsec     6.5+/ 7 @ 4 =   0.120 , Out:   0.000#   0.073    0.061    0.029    0.029    0.090   -0.163f

   S-matrix    5 =    0.99860   0.00604 for L=    7, J=    8.0 channel on core I =   1.5 from L=    7,  Acc. loss =  0.0 D.
 Elastic phase shift   5 =    0.173   0.040 deg. for the L =    7, J =    8.0 channel.
       6.5  0.99860120  0.00603845i: elastic S-matrix  @@      0.00  0   0 F  0
 Reaction Xsec     6.5+/ 7 @ 5 =   0.120 , Out:   0.000#   0.050    0.138    7.778/   7.816/   0.025   -0.109f

   S-matrix    6 =    0.99996   0.00035 for L=    9, J=    8.0 channel on core I =   1.5 from L=    9,  Acc. loss =  0.0 D.
 Elastic phase shift   6 =    0.010   0.001 deg. for the L =    9, J =    8.0 channel.
       6.5  0.99995638  0.00035384i: elastic S-matrix  @@      0.00  0   0 F  0
 Reaction Xsec     6.5+/ 9 @ 6 =   3.778/, Out:   0.000#   2.861/   2.883/   1.459/   2.226/   0.023   -0.028f


 Total SPIN, PARITY =     6.5 -,     35 chs,      0 cc.  Rmin & Coul turning =    1.5    7.2
   S-matrix    1 =    0.59857   0.17340 for L=    4, J=    5.0 channel on core I =   1.5 from L=    4,  Acc. loss =  0.0 D.
 Elastic phase shift   1 =    8.078  13.548 deg. for the L =    4, J =    5.0 channel.
       6.5  0.59857382  0.17339567i: elastic S-matrix  @@      0.00  0   0 F  0
 Reaction Xsec     6.5-/ 4 @ 1 =  26.527 , Out:   0.000#   0.024    4.987/   8.480    7.893   11.367   -1.243f

   S-matrix    2 =    0.99146   0.02486 for L=    6, J=    5.0 channel on core I =   1.5 from L=    6,  Acc. loss =  0.0 D.
 Elastic phase shift   2 =    0.718   0.237 deg. for the L =    6, J =    5.0 channel.
       6.5  0.99146048  0.02485992i: elastic S-matrix  @@      0.00  0   0 F  0
 Reaction Xsec     6.5-/ 6 @ 2 =   0.711 , Out:   0.000#   0.100    4.377/   0.163    0.155    0.347   -0.059f

   S-matrix    3 =    0.99146   0.02486 for L=    6, J=    6.0 channel on core I =   1.5 from L=    6,  Acc. loss =  0.0 D.
 Elastic phase shift   3 =    0.718   0.237 deg. for the L =    6, J =    6.0 channel.
       6.5  0.99146048  0.02485992i: elastic S-matrix  @@      0.00  0   0 F  0
 Reaction Xsec     6.5-/ 6 @ 3 =   0.711 , Out:   0.000#   0.311    0.033    0.234    0.222    0.500   -0.589f

   S-matrix    4 =    0.99146   0.02486 for L=    6, J=    7.0 channel on core I =   1.5 from L=    6,  Acc. loss =  0.0 D.
 Elastic phase shift   4 =    0.718   0.237 deg. for the L =    6, J =    7.0 channel.
       6.5  0.99146048  0.02485992i: elastic S-matrix  @@      0.00  0   0 F  0
 Reaction Xsec     6.5-/ 6 @ 4 =   0.711 , Out:   0.000#   0.446    0.404    0.115    0.110    0.248   -0.612f

   S-matrix    5 =    0.99976   0.00146 for L=    8, J=    7.0 channel on core I =   1.5 from L=    8,  Acc. loss =  0.0 D.
 Elastic phase shift   5 =    0.042   0.007 deg. for the L =    8, J =    7.0 channel.
       6.5  0.99975611  0.00146350i: elastic S-matrix  @@      0.00  0   0 F  0
 Reaction Xsec     6.5-/ 8 @ 5 =   0.021 , Out:   0.000#   7.756/   0.511/   0.011    0.013    0.077   -0.089f

   S-matrix    6 =    0.99976   0.00146 for L=    8, J=    8.0 channel on core I =   1.5 from L=    8,  Acc. loss =  0.0 D.
 Elastic phase shift   6 =    0.042   0.007 deg. for the L =    8, J =    8.0 channel.
       6.5  0.99975611  0.00146350i: elastic S-matrix  @@      0.00  0   0 F  0
 Reaction Xsec     6.5-/ 8 @ 6 =   0.021 , Out:   0.000#   0.011    0.025    3.211/   4.911/   0.050   -0.072f


 Total SPIN, PARITY =     7.5 +,     35 chs,      0 cc.  Rmin & Coul turning =    1.7    8.3
   S-matrix    1 =    0.93976   0.09796 for L=    5, J=    6.0 channel on core I =   1.5 from L=    5,  Acc. loss =  0.0 D.
 Elastic phase shift   1 =    2.976   1.625 deg. for the L =    5, J =    6.0 channel.
       7.5  0.93976161  0.09796331i: elastic S-matrix  @@      0.00  0   0 F  0
 Reaction Xsec     7.5+/ 5 @ 1 =   5.316 , Out:   0.000#   9.853/   2.164/   3.777    3.586    7.291   -9.349f

   S-matrix    2 =    0.99860   0.00604 for L=    7, J=    6.0 channel on core I =   1.5 from L=    7,  Acc. loss =  0.0 D.
 Elastic phase shift   2 =    0.173   0.040 deg. for the L =    7, J =    6.0 channel.
       7.5  0.99860120  0.00603845i: elastic S-matrix  @@      0.00  0   0 F  0
 Reaction Xsec     7.5+/ 7 @ 2 =   0.137 , Out:   0.000#   0.033    1.257/   0.060    0.059    0.167   -0.184f

   S-matrix    3 =    0.99860   0.00604 for L=    7, J=    7.0 channel on core I =   1.5 from L=    7,  Acc. loss =  0.0 D.
 Elastic phase shift   3 =    0.173   0.040 deg. for the L =    7, J =    7.0 channel.
       7.5  0.99860120  0.00603845i: elastic S-matrix  @@      0.00  0   0 F  0
 Reaction Xsec     7.5+/ 7 @ 3 =   0.137 , Out:   0.000#   0.093    0.012    0.091    0.090    0.257   -0.406f

   S-matrix    4 =    0.99860   0.00604 for L=    7, J=    8.0 channel on core I =   1.5 from L=    7,  Acc. loss =  0.0 D.
 Elastic phase shift   4 =    0.173   0.040 deg. for the L =    7, J =    8.0 channel.
       7.5  0.99860120  0.00603845i: elastic S-matrix  @@      0.00  0   0 F  0
 Reaction Xsec     7.5+/ 7 @ 4 =   0.137 , Out:   0.000#   0.139    0.128    0.045    0.045    0.131   -0.351f

   S-matrix    5 =    0.99996   0.00035 for L=    9, J=    8.0 channel on core I =   1.5 from L=    9,  Acc. loss =  0.0 D.
 Elastic phase shift   5 =    0.010   0.001 deg. for the L =    9, J =    8.0 channel.
       7.5  0.99995638  0.00035384i: elastic S-matrix  @@      0.00  0   0 F  0
 Reaction Xsec     7.5+/ 9 @ 5 =   4.318/, Out:   0.000#   2.467/   0.193/   4.144/   4.854/   0.026   -0.033f

   S-matrix    6 =    0.99996   0.00035 for L=    9, J=    9.0 channel on core I =   1.5 from L=    9,  Acc. loss =  0.0 D.
 Elastic phase shift   6 =    0.010   0.001 deg. for the L =    9, J =    9.0 channel.
       7.5  0.99995638  0.00035384i: elastic S-matrix  @@      0.00  0   0 F  0
 Reaction Xsec     7.5+/ 9 @ 6 =   4.318/, Out:   0.000#   3.621/   8.441/   1.199/   1.711/   0.016   -0.026f


 Total SPIN, PARITY =     7.5 -,     35 chs,      0 cc.  Rmin & Coul turning =    1.7    8.3
   S-matrix    1 =    0.99146   0.02486 for L=    6, J=    6.0 channel on core I =   1.5 from L=    6,  Acc. loss =  0.0 D.
 Elastic phase shift   1 =    0.718   0.237 deg. for the L =    6, J =    6.0 channel.
       7.5  0.99146048  0.02485992i: elastic S-matrix  @@      0.00  0   0 F  0
 Reaction Xsec     7.5-/ 6 @ 1 =   0.812 , Out:   0.000#   0.037    1.657/   0.632    0.600    1.341   -1.800f

   S-matrix    2 =    0.99146   0.02486 for L=    6, J=    7.0 channel on core I =   1.5 from L=    6,  Acc. loss =  0.0 D.
 Elastic phase shift   2 =    0.718   0.237 deg. for the L =    6, J =    7.0 channel.
       7.5  0.99146048  0.02485992i: elastic S-matrix  @@      0.00  0   0 F  0
 Reaction Xsec     7.5-/ 6 @ 2 =   0.812 , Out:   0.000#   0.640    0.262/   0.429    0.407    0.912   -1.575f

   S-matrix    3 =    0.99976   0.00146 for L=    8, J=    7.0 channel on core I =   1.5 from L=    8,  Acc. loss =  0.0 D.
 Elastic phase shift   3 =    0.042   0.007 deg. for the L =    8, J =    7.0 channel.
       7.5  0.99975611  0.00146350i: elastic S-matrix  @@      0.00  0   0 F  0
 Reaction Xsec     7.5-/ 8 @ 3 =   0.024 , Out:   0.000#   1.134/   0.011    0.020    0.022    0.087   -0.117f

   S-matrix    4 =    0.99976   0.00146 for L=    8, J=    8.0 channel on core I =   1.5 from L=    8,  Acc. loss =  0.0 D.
 Elastic phase shift   4 =    0.042   0.007 deg. for the L =    8, J =    8.0 channel.
       7.5  0.99975611  0.00146350i: elastic S-matrix  @@      0.00  0   0 F  0
 Reaction Xsec     7.5-/ 8 @ 4 =   0.024 , Out:   0.000#   0.023    0.020    0.013    0.015    0.073   -0.120f

   S-matrix    5 =    0.99976   0.00146 for L=    8, J=    9.0 channel on core I =   1.5 from L=    8,  Acc. loss =  0.0 D.
 Elastic phase shift   5 =    0.042   0.007 deg. for the L =    8, J =    9.0 channel.
       7.5  0.99975611  0.00146350i: elastic S-matrix  @@      0.00  0   0 F  0
 Reaction Xsec     7.5-/ 8 @ 5 =   0.024 , Out:   0.000#   0.016    0.047    3.453/   4.106/   0.023   -0.070f

   S-matrix    6 =    0.99999   0.00009 for L=   10, J=    9.0 channel on core I =   1.5 from L=   10,  Acc. loss =  0.0 D.
 Elastic phase shift   6 =    0.002   0.000 deg. for the L =   10, J =    9.0 channel.
       7.5  0.99999209  0.00008527i: elastic S-matrix  @@      0.00  0   0 F  0
 Reaction Xsec     7.5-/10 @ 6 =   0.784/, Out:   0.000#   0.957/   1.012/   0.827/   1.375/   0.021   -0.025f


 Total SPIN, PARITY =     8.5 +,     35 chs,      0 cc.  Rmin & Coul turning =    2.0    9.4
   S-matrix    1 =    0.99860   0.00604 for L=    7, J=    7.0 channel on core I =   1.5 from L=    7,  Acc. loss =  0.0 D.
 Elastic phase shift   1 =    0.173   0.040 deg. for the L =    7, J =    7.0 channel.
       8.5  0.99860120  0.00603845i: elastic S-matrix  @@      0.00  0   0 F  0
 Reaction Xsec     8.5+/ 7 @ 1 =   0.154 , Out:   0.000#   0.013    0.514/   0.228    0.227    0.633   -0.947f

   S-matrix    2 =    0.99860   0.00604 for L=    7, J=    8.0 channel on core I =   1.5 from L=    7,  Acc. loss =  0.0 D.
 Elastic phase shift   2 =    0.173   0.040 deg. for the L =    7, J =    8.0 channel.
       8.5  0.99860120  0.00603845i: elastic S-matrix  @@      0.00  0   0 F  0
 Reaction Xsec     8.5+/ 7 @ 2 =   0.154 , Out:   0.000#   0.190    0.073/   0.159    0.158    0.445   -0.799f

   S-matrix    3 =    0.99996   0.00035 for L=    9, J=    8.0 channel on core I =   1.5 from L=    9,  Acc. loss =  0.0 D.
 Elastic phase shift   3 =    0.010   0.001 deg. for the L =    9, J =    8.0 channel.
       8.5  0.99995638  0.00035384i: elastic S-matrix  @@      0.00  0   0 F  0
 Reaction Xsec     8.5+/ 9 @ 3 =   4.858/, Out:   0.000#   0.315/   3.886/   7.341/   8.034/   0.031   -0.046f

   S-matrix    4 =    0.99996   0.00035 for L=    9, J=    9.0 channel on core I =   1.5 from L=    9,  Acc. loss =  0.0 D.
 Elastic phase shift   4 =    0.010   0.001 deg. for the L =    9, J =    9.0 channel.
       8.5  0.99995638  0.00035384i: elastic S-matrix  @@      0.00  0   0 F  0
 Reaction Xsec     8.5+/ 9 @ 4 =   4.858/, Out:   0.000#   7.506/   6.545/   4.782/   5.433/   0.025   -0.045f

   S-matrix    5 =    0.99996   0.00035 for L=    9, J=   10.0 channel on core I =   1.5 from L=    9,  Acc. loss =  0.0 D.
 Elastic phase shift   5 =    0.010   0.001 deg. for the L =    9, J =   10.0 channel.
       8.5  0.99995638  0.00035384i: elastic S-matrix  @@      0.00  0   0 F  0
 Reaction Xsec     8.5+/ 9 @ 5 =   4.858/, Out:   0.000#   5.363/   0.016    1.290/   1.506/   7.922/  -0.027f

   S-matrix    6 =    1.00000   0.00002 for L=   11, J=   10.0 channel on core I =   1.5 from L=   11,  Acc. loss =  0.0 D.
 Elastic phase shift   6 =    0.001   0.000 deg. for the L =   11, J =   10.0 channel.
       8.5  0.99999855  0.00002050i: elastic S-matrix  @@      0.00  0   0 F  0
 Reaction Xsec     8.5+/11 @ 6 =   0.162/, Out:   0.000#   0.319/   0.359/   0.684/   1.899/   0.041   -0.044f


 Total SPIN, PARITY =     8.5 -,     35 chs,      0 cc.  Rmin & Coul turning =    2.0    9.4
   S-matrix    1 =    0.99146   0.02486 for L=    6, J=    7.0 channel on core I =   1.5 from L=    6,  Acc. loss =  0.0 D.
 Elastic phase shift   1 =    0.718   0.237 deg. for the L =    6, J =    7.0 channel.
       8.5  0.99146048  0.02485992i: elastic S-matrix  @@      0.00  0   0 F  0
 Reaction Xsec     8.5-/ 6 @ 1 =   0.914 , Out:   0.000#   2.859/   0.655/   1.228    1.165    2.603   -4.085f

   S-matrix    2 =    0.99976   0.00146 for L=    8, J=    7.0 channel on core I =   1.5 from L=    8,  Acc. loss =  0.0 D.
 Elastic phase shift   2 =    0.042   0.007 deg. for the L =    8, J =    7.0 channel.
       8.5  0.99975611  0.00146350i: elastic S-matrix  @@      0.00  0   0 F  0
 Reaction Xsec     8.5-/ 8 @ 2 =   0.027 , Out:   0.000#   0.011    0.345/   0.023    0.024    0.080   -0.112f

   S-matrix    3 =    0.99976   0.00146 for L=    8, J=    8.0 channel on core I =   1.5 from L=    8,  Acc. loss =  0.0 D.
 Elastic phase shift   3 =    0.042   0.007 deg. for the L =    8, J =    8.0 channel.
       8.5  0.99975611  0.00146350i: elastic S-matrix  @@      0.00  0   0 F  0
 Reaction Xsec     8.5-/ 8 @ 3 =   0.027 , Out:   0.000#   0.028    4.470/   0.037    0.039    0.138   -0.220f

   S-matrix    4 =    0.99976   0.00146 for L=    8, J=    9.0 channel on core I =   1.5 from L=    8,  Acc. loss =  0.0 D.
 Elastic phase shift   4 =    0.042   0.007 deg. for the L =    8, J =    9.0 channel.
       8.5  0.99975611  0.00146350i: elastic S-matrix  @@      0.00  0   0 F  0
 Reaction Xsec     8.5-/ 8 @ 4 =   0.027 , Out:   0.000#   0.044    0.042    0.019    0.020    0.078   -0.175f

   S-matrix    5 =    0.99999   0.00009 for L=   10, J=    9.0 channel on core I =   1.5 from L=   10,  Acc. loss =  0.0 D.
 Elastic phase shift   5 =    0.002   0.000 deg. for the L =   10, J =    9.0 channel.
       8.5  0.99999209  0.00008527i: elastic S-matrix  @@      0.00  0   0 F  0
 Reaction Xsec     8.5-/10 @ 5 =   0.882/, Out:   0.000#   0.787/   0.074/   2.435/   3.515/   0.030   -0.036f

   S-matrix    6 =    0.99999   0.00009 for L=   10, J=   10.0 channel on core I =   1.5 from L=   10,  Acc. loss =  0.0 D.
 Elastic phase shift   6 =    0.002   0.000 deg. for the L =   10, J =   10.0 channel.
       8.5  0.99999209  0.00008527i: elastic S-matrix  @@      0.00  0   0 F  0
 Reaction Xsec     8.5-/10 @ 6 =   0.882/, Out:   0.000#   1.210/   2.943/   0.695/   1.109/   0.015   -0.020f


 Total SPIN, PARITY =     9.5 +,     35 chs,      0 cc.  Rmin & Coul turning =    2.2   10.5
   S-matrix    1 =    0.99860   0.00604 for L=    7, J=    8.0 channel on core I =   1.5 from L=    7,  Acc. loss =  0.0 D.
 Elastic phase shift   1 =    0.173   0.040 deg. for the L =    7, J =    8.0 channel.
       9.5  0.99860120  0.00603845i: elastic S-matrix  @@      0.00  0   0 F  0
 Reaction Xsec     9.5+/ 7 @ 1 =   0.171 , Out:   0.000#   0.821/   0.201/   0.435    0.433    1.205   -1.903f

   S-matrix    2 =    0.99996   0.00035 for L=    9, J=    8.0 channel on core I =   1.5 from L=    9,  Acc. loss =  0.0 D.
 Elastic phase shift   2 =    0.010   0.001 deg. for the L =    9, J =    8.0 channel.
       9.5  0.99995638  0.00035384i: elastic S-matrix  @@      0.00  0   0 F  0
 Reaction Xsec     9.5+/ 9 @ 2 =   5.398/, Out:   0.000#   3.586/   0.110/   8.065/   8.645/   0.029   -0.044f

   S-matrix    3 =    0.99996   0.00035 for L=    9, J=    9.0 channel on core I =   1.5 from L=    9,  Acc. loss =  0.0 D.
 Elastic phase shift   3 =    0.010   0.001 deg. for the L =    9, J =    9.0 channel.
       9.5  0.99995638  0.00035384i: elastic S-matrix  @@      0.00  0   0 F  0
 Reaction Xsec     9.5+/ 9 @ 3 =   5.398/, Out:   0.000#   8.744/   1.584/   0.013    0.014    0.051   -0.083f

   S-matrix    4 =    0.99996   0.00035 for L=    9, J=   10.0 channel on core I =   1.5 from L=    9,  Acc. loss =  0.0 D.
 Elastic phase shift   4 =    0.010   0.001 deg. for the L =    9, J =   10.0 channel.
       9.5  0.99995638  0.00035384i: elastic S-matrix  @@      0.00  0   0 F  0
 Reaction Xsec     9.5+/ 9 @ 4 =   5.398/, Out:   0.000#   0.014    0.013    6.764/   7.395/   0.028   -0.064f

   S-matrix    5 =    1.00000   0.00002 for L=   11, J=   10.0 channel on core I =   1.5 from L=   11,  Acc. loss =  0.0 D.
 Elastic phase shift   5 =    0.001   0.000 deg. for the L =   11, J =   10.0 channel.
       9.5  0.99999855  0.00002050i: elastic S-matrix  @@      0.00  0   0 F  0
 Reaction Xsec     9.5+/11 @ 5 =   0.180/, Out:   0.000#   0.252/   0.028/   1.442/   2.795/   0.036   -0.041f

   S-matrix    6 =    1.00000   0.00002 for L=   11, J=   11.0 channel on core I =   1.5 from L=   11,  Acc. loss =  0.0 D.
 Elastic phase shift   6 =    0.001   0.000 deg. for the L =   11, J =   11.0 channel.
       9.5  0.99999855  0.00002050i: elastic S-matrix  @@      0.00  0   0 F  0
 Reaction Xsec     9.5+/11 @ 6 =   0.180/, Out:   0.000#   0.402/   1.038/   0.528/   1.353/   0.027   -0.030f


 Total SPIN, PARITY =     9.5 -,     35 chs,      0 cc.  Rmin & Coul turning =    2.2   10.5
   S-matrix    1 =    0.99976   0.00146 for L=    8, J=    8.0 channel on core I =   1.5 from L=    8,  Acc. loss =  0.0 D.
 Elastic phase shift   1 =    0.042   0.007 deg. for the L =    8, J =    8.0 channel.
       9.5  0.99975611  0.00146350i: elastic S-matrix  @@      0.00  0   0 F  0
 Reaction Xsec     9.5-/ 8 @ 1 =   0.030 , Out:   0.000#   4.436/   0.142/   0.087    0.091    0.285   -0.437f

   S-matrix    2 =    0.99976   0.00146 for L=    8, J=    9.0 channel on core I =   1.5 from L=    8,  Acc. loss =  0.0 D.
 Elastic phase shift   2 =    0.042   0.007 deg. for the L =    8, J =    9.0 channel.
       9.5  0.99975611  0.00146350i: elastic S-matrix  @@      0.00  0   0 F  0
 Reaction Xsec     9.5-/ 8 @ 2 =   0.030 , Out:   0.000#   0.058    0.019/   0.062    0.066    0.216   -0.372f

   S-matrix    3 =    0.99999   0.00009 for L=   10, J=    9.0 channel on core I =   1.5 from L=   10,  Acc. loss =  0.0 D.
 Elastic phase shift   3 =    0.002   0.000 deg. for the L =   10, J =    9.0 channel.
       9.5  0.99999209  0.00008527i: elastic S-matrix  @@      0.00  0   0 F  0
 Reaction Xsec     9.5-/10 @ 3 =   0.980/, Out:   0.000#   0.092/   1.369/   4.237/   5.932/   0.040   -0.051f

   S-matrix    4 =    0.99999   0.00009 for L=   10, J=   10.0 channel on core I =   1.5 from L=   10,  Acc. loss =  0.0 D.
 Elastic phase shift   4 =    0.002   0.000 deg. for the L =   10, J =   10.0 channel.
       9.5  0.99999209  0.00008527i: elastic S-matrix  @@      0.00  0   0 F  0
 Reaction Xsec     9.5-/10 @ 4 =   0.980/, Out:   0.000#   2.409/   2.211/   2.828/   4.025/   0.031   -0.041f

   S-matrix    5 =    0.99999   0.00009 for L=   10, J=   11.0 channel on core I =   1.5 from L=   10,  Acc. loss =  0.0 D.
 Elastic phase shift   5 =    0.002   0.000 deg. for the L =   10, J =   11.0 channel.
       9.5  0.99999209  0.00008527i: elastic S-matrix  @@      0.00  0   0 F  0
 Reaction Xsec     9.5-/10 @ 5 =   0.980/, Out:   0.000#   1.748/   5.359/   0.761/   1.097/   9.203/  -0.017f

   S-matrix    6 =    1.00000   0.00000 for L=   12, J=   11.0 channel on core I =   1.5 from L=   12,  Acc. loss =  0.0 D.
 Elastic phase shift   6 =    0.000   0.000 deg. for the L =   12, J =   11.0 channel.
       9.5  0.99999973  0.00000492i: elastic S-matrix  @@      0.00  0   0 F  0
 Reaction Xsec     9.5-/12 @ 6 =   0.033/, Out:   0.000#   0.103/   0.115/   0.322/   0.495/   3.462/  -0.004f


 Total SPIN, PARITY =    10.5 +,     35 chs,      0 cc.  Rmin & Coul turning =    2.5   11.6
   S-matrix    1 =    0.99996   0.00035 for L=    9, J=    9.0 channel on core I =   1.5 from L=    9,  Acc. loss =  0.0 D.
 Elastic phase shift   1 =    0.010   0.001 deg. for the L =    9, J =    9.0 channel.
      10.5  0.99995638  0.00035384i: elastic S-matrix  @@      0.00  0   0 F  0
 Reaction Xsec    10.5+/ 9 @ 1 =   5.937/, Out:   0.000#   1.497/   0.049/   0.030    0.032    0.104   -0.162f

   S-matrix    2 =    0.99996   0.00035 for L=    9, J=   10.0 channel on core I =   1.5 from L=    9,  Acc. loss =  0.0 D.
 Elastic phase shift   2 =    0.010   0.001 deg. for the L =    9, J =   10.0 channel.
      10.5  0.99995638  0.00035384i: elastic S-matrix  @@      0.00  0   0 F  0
 Reaction Xsec    10.5+/ 9 @ 2 =   5.937/, Out:   0.000#   0.018    6.041#   0.022    0.024    0.079   -0.137f

   S-matrix    3 =    1.00000   0.00002 for L=   11, J=   10.0 channel on core I =   1.5 from L=   11,  Acc. loss =  0.0 D.
 Elastic phase shift   3 =    0.001   0.000 deg. for the L =   11, J =   10.0 channel.
      10.5  0.99999855  0.00002050i: elastic S-matrix  @@      0.00  0   0 F  0
 Reaction Xsec    10.5+/11 @ 3 =   0.198/, Out:   0.000#   0.027/   0.484/   2.269/   3.842/   0.035   -0.041f

   S-matrix    4 =    1.00000   0.00002 for L=   11, J=   11.0 channel on core I =   1.5 from L=   11,  Acc. loss =  0.0 D.
 Elastic phase shift   4 =    0.001   0.000 deg. for the L =   11, J =   11.0 channel.
      10.5  0.99999855  0.00002050i: elastic S-matrix  @@      0.00  0   0 F  0
 Reaction Xsec    10.5+/11 @ 4 =   0.198/, Out:   0.000#   0.775/   0.759/   1.617/   2.952/   0.033   -0.039f

   S-matrix    5 =    1.00000   0.00002 for L=   11, J=   12.0 channel on core I =   1.5 from L=   11,  Acc. loss =  0.0 D.
 Elastic phase shift   5 =    0.001   0.000 deg. for the L =   11, J =   12.0 channel.
      10.5  0.99999855  0.00002050i: elastic S-matrix  @@      0.00  0   0 F  0
 Reaction Xsec    10.5+/11 @ 5 =   0.198/, Out:   0.000#   0.570/   1.870/   0.450/   0.869/   0.011   -0.015f

   S-matrix    6 =    1.00000   0.00000 for L=   13, J=   12.0 channel on core I =   1.5 from L=   13,  Acc. loss =  0.0 D.
 Elastic phase shift   6 =    0.000   0.000 deg. for the L =   13, J =   12.0 channel.
      10.5  0.99999995  0.00000119i: elastic S-matrix  @@      0.00  0   0 F  0
 Reaction Xsec    10.5+/13 @ 6 =   6.933#, Out:   0.000#   0.033/   0.040/   3.300/   8.395/   0.111   -0.123f


 Total SPIN, PARITY =    10.5 -,     35 chs,      0 cc.  Rmin & Coul turning =    2.5   11.6
   S-matrix    1 =    0.99976   0.00146 for L=    8, J=    9.0 channel on core I =   1.5 from L=    8,  Acc. loss =  0.0 D.
 Elastic phase shift   1 =    0.042   0.007 deg. for the L =    8, J =    9.0 channel.
      10.5  0.99975611  0.00146350i: elastic S-matrix  @@      0.00  0   0 F  0
 Reaction Xsec    10.5-/ 8 @ 1 =   0.033 , Out:   0.000#   0.238/   0.055/   0.163    0.172    0.529   -0.831f

   S-matrix    2 =    0.99999   0.00009 for L=   10, J=    9.0 channel on core I =   1.5 from L=   10,  Acc. loss =  0.0 D.
 Elastic phase shift   2 =    0.002   0.000 deg. for the L =   10, J =    9.0 channel.
      10.5  0.99999209  0.00008527i: elastic S-matrix  @@      0.00  0   0 F  0
 Reaction Xsec    10.5-/10 @ 2 =   1.078/, Out:   0.000#   1.171/   0.046/   4.543/   6.303/   0.040   -0.051f

   S-matrix    3 =    0.99999   0.00009 for L=   10, J=   10.0 channel on core I =   1.5 from L=   10,  Acc. loss =  0.0 D.
 Elastic phase shift   3 =    0.002   0.000 deg. for the L =   10, J =   10.0 channel.
      10.5  0.99999209  0.00008527i: elastic S-matrix  @@      0.00  0   0 F  0
 Reaction Xsec    10.5-/10 @ 3 =   1.078/, Out:   0.000#   2.719/   0.573/   7.622/   0.011    0.069   -0.089f

   S-matrix    4 =    0.99999   0.00009 for L=   10, J=   11.0 channel on core I =   1.5 from L=   10,  Acc. loss =  0.0 D.
 Elastic phase shift   4 =    0.002   0.000 deg. for the L =   10, J =   11.0 channel.
      10.5  0.99999209  0.00008527i: elastic S-matrix  @@      0.00  0   0 F  0
 Reaction Xsec    10.5-/10 @ 4 =   1.078/, Out:   0.000#   4.409/   4.525/   3.926/   5.494/   0.037   -0.054f

   S-matrix    5 =    1.00000   0.00000 for L=   12, J=   11.0 channel on core I =   1.5 from L=   12,  Acc. loss =  0.0 D.
 Elastic phase shift   5 =    0.000   0.000 deg. for the L =   12, J =   11.0 channel.
      10.5  0.99999973  0.00000492i: elastic S-matrix  @@      0.00  0   0 F  0
 Reaction Xsec    10.5-/12 @ 5 =   0.037/, Out:   0.000#   0.079/   9.684#   0.552/   0.896/   7.079/  -0.009f

   S-matrix    6 =    1.00000   0.00000 for L=   12, J=   12.0 channel on core I =   1.5 from L=   12,  Acc. loss =  0.0 D.
 Elastic phase shift   6 =    0.000   0.000 deg. for the L =   12, J =   12.0 channel.
      10.5  0.99999973  0.00000492i: elastic S-matrix  @@      0.00  0   0 F  0
 Reaction Xsec    10.5-/12 @ 6 =   0.037/, Out:   0.000#   0.130/   0.332/   0.238/   0.370/   2.667/  -0.004f


 Total SPIN, PARITY =    11.5 +,     35 chs,      0 cc.  Rmin & Coul turning =    2.7   12.7
   S-matrix    1 =    0.99996   0.00035 for L=    9, J=   10.0 channel on core I =   1.5 from L=    9,  Acc. loss =  0.0 D.
 Elastic phase shift   1 =    0.010   0.001 deg. for the L =    9, J =   10.0 channel.
      11.5  0.99995638  0.00035384i: elastic S-matrix  @@      0.00  0   0 F  0
 Reaction Xsec    11.5+/ 9 @ 1 =   6.477/, Out:   0.000#   0.071/   0.019/   0.056    0.060    0.193   -0.303f

   S-matrix    2 =    1.00000   0.00002 for L=   11, J=   10.0 channel on core I =   1.5 from L=   11,  Acc. loss =  0.0 D.
 Elastic phase shift   2 =    0.001   0.000 deg. for the L =   11, J =   10.0 channel.
      11.5  0.99999855  0.00002050i: elastic S-matrix  @@      0.00  0   0 F  0
 Reaction Xsec    11.5+/11 @ 2 =   0.216/, Out:   0.000#   0.382/   0.014/   2.323/   3.749/   0.028   -0.034f

   S-matrix    3 =    1.00000   0.00002 for L=   11, J=   11.0 channel on core I =   1.5 from L=   11,  Acc. loss =  0.0 D.
 Elastic phase shift   3 =    0.001   0.000 deg. for the L =   11, J =   11.0 channel.
      11.5  0.99999855  0.00002050i: elastic S-matrix  @@      0.00  0   0 F  0
 Reaction Xsec    11.5+/11 @ 3 =   0.216/, Out:   0.000#   0.853/   0.207/   4.012/   6.589/   0.053   -0.064f

   S-matrix    4 =    1.00000   0.00002 for L=   11, J=   12.0 channel on core I =   1.5 from L=   11,  Acc. loss =  0.0 D.
 Elastic phase shift   4 =    0.001   0.000 deg. for the L =   11, J =   12.0 channel.
      11.5  0.99999855  0.00002050i: elastic S-matrix  @@      0.00  0   0 F  0
 Reaction Xsec    11.5+/11 @ 4 =   0.216/, Out:   0.000#   1.407/   1.547/   2.111/   3.568/   0.032   -0.040f

   S-matrix    5 =    1.00000   0.00000 for L=   13, J=   12.0 channel on core I =   1.5 from L=   13,  Acc. loss =  0.0 D.
 Elastic phase shift   5 =    0.000   0.000 deg. for the L =   13, J =   12.0 channel.
      11.5  0.99999995  0.00000119i: elastic S-matrix  @@      0.00  0   0 F  0
 Reaction Xsec    11.5+/13 @ 5 =   7.563#, Out:   0.000#   0.025/   3.574#   2.399/   6.020/   0.081   -0.090f

   S-matrix    6 =    1.00000   0.00000 for L=   13, J=   13.0 channel on core I =   1.5 from L=   13,  Acc. loss =  0.0 D.
 Elastic phase shift   6 =    0.000   0.000 deg. for the L =   13, J =   13.0 channel.
      11.5  0.99999995  0.00000119i: elastic S-matrix  @@      0.00  0   0 F  0
 Reaction Xsec    11.5+/13 @ 6 =   7.563#, Out:   0.000#   0.042/   0.116/   2.104/   5.344/   0.071   -0.079f


 Total SPIN, PARITY =    11.5 -,     35 chs,      0 cc.  Rmin & Coul turning =    2.7   12.7
   S-matrix    1 =    0.99999   0.00009 for L=   10, J=   10.0 channel on core I =   1.5 from L=   10,  Acc. loss =  0.0 D.
 Elastic phase shift   1 =    0.002   0.000 deg. for the L =   10, J =   10.0 channel.
      11.5  0.99999209  0.00008527i: elastic S-matrix  @@      0.00  0   0 F  0
 Reaction Xsec    11.5-/10 @ 1 =   1.176/, Out:   0.000#   0.501/   0.024/   0.017    0.023    0.144   -0.183f

   S-matrix    2 =    0.99999   0.00009 for L=   10, J=   11.0 channel on core I =   1.5 from L=   10,  Acc. loss =  0.0 D.
 Elastic phase shift   2 =    0.002   0.000 deg. for the L =   10, J =   11.0 channel.
      11.5  0.99999209  0.00008527i: elastic S-matrix  @@      0.00  0   0 F  0
 Reaction Xsec    11.5-/10 @ 2 =   1.176/, Out:   0.000#   5.544/   2.738#   0.012    0.017    0.109   -0.143f

   S-matrix    3 =    1.00000   0.00000 for L=   12, J=   11.0 channel on core I =   1.5 from L=   12,  Acc. loss =  0.0 D.
 Elastic phase shift   3 =    0.000   0.000 deg. for the L =   12, J =   11.0 channel.
      11.5  0.99999973  0.00000492i: elastic S-matrix  @@      0.00  0   0 F  0
 Reaction Xsec    11.5-/12 @ 3 =   0.040/, Out:   0.000#   8.069#   0.158/   0.799/   1.323/   0.011   -0.013f

   S-matrix    4 =    1.00000   0.00000 for L=   12, J=   12.0 channel on core I =   1.5 from L=   12,  Acc. loss =  0.0 D.
 Elastic phase shift   4 =    0.000   0.000 deg. for the L =   12, J =   12.0 channel.
      11.5  0.99999973  0.00000492i: elastic S-matrix  @@      0.00  0   0 F  0
 Reaction Xsec    11.5-/12 @ 4 =   0.040/, Out:   0.000#   0.245/   0.238/   0.601/   0.985/   7.927/  -0.010f

   S-matrix    5 =    1.00000   0.00000 for L=   12, J=   13.0 channel on core I =   1.5 from L=   12,  Acc. loss =  0.0 D.
 Elastic phase shift   5 =    0.000   0.000 deg. for the L =   12, J =   13.0 channel.
      11.5  0.99999973  0.00000492i: elastic S-matrix  @@      0.00  0   0 F  0
 Reaction Xsec    11.5-/12 @ 5 =   0.040/, Out:   0.000#   0.182/   0.593/   0.173/   0.280/   2.218/  -0.003f

   S-matrix    6 =    1.00000   0.00000 for L=   14, J=   13.0 channel on core I =   1.5 from L=   14,  Acc. loss =  0.0 D.
 Elastic phase shift   6 =    0.000   0.000 deg. for the L =   14, J =   13.0 channel.
      11.5  0.99999999  0.00000030i: elastic S-matrix  @@      0.00  0   0 F  0
 Reaction Xsec    11.5-/14 @ 6 =   1.451#, Out:   0.000#   0.011/   0.016/   2.870/   7.768/   0.101   -0.112f


 Total SPIN, PARITY =    12.5 +,     35 chs,      0 cc.  Rmin & Coul turning =    3.0   13.8
   S-matrix    1 =    1.00000   0.00002 for L=   11, J=   11.0 channel on core I =   1.5 from L=   11,  Acc. loss =  0.0 D.
 Elastic phase shift   1 =    0.001   0.000 deg. for the L =   11, J =   11.0 channel.
      12.5  0.99999855  0.00002050i: elastic S-matrix  @@      0.00  0   0 F  0
 Reaction Xsec    12.5+/11 @ 1 =   0.234/, Out:   0.000#   0.166/   7.200#   8.543/   0.014    0.095   -0.117f

   S-matrix    2 =    1.00000   0.00002 for L=   11, J=   12.0 channel on core I =   1.5 from L=   11,  Acc. loss =  0.0 D.
 Elastic phase shift   2 =    0.001   0.000 deg. for the L =   11, J =   12.0 channel.
      12.5  0.99999855  0.00002050i: elastic S-matrix  @@      0.00  0   0 F  0
 Reaction Xsec    12.5+/11 @ 2 =   0.234/, Out:   0.000#   1.736/   0.796#   6.426/   0.010    0.077   -0.095f

   S-matrix    3 =    1.00000   0.00000 for L=   13, J=   12.0 channel on core I =   1.5 from L=   13,  Acc. loss =  0.0 D.
 Elastic phase shift   3 =    0.000   0.000 deg. for the L =   13, J =   12.0 channel.
      12.5  0.99999995  0.00000119i: elastic S-matrix  @@      0.00  0   0 F  0
 Reaction Xsec    12.5+/13 @ 3 =   8.193#, Out:   0.000#   3.004#   0.062/   1.732/   4.244/   0.059   -0.065f

   S-matrix    4 =    1.00000   0.00000 for L=   13, J=   13.0 channel on core I =   1.5 from L=   13,  Acc. loss =  0.0 D.
 Elastic phase shift   4 =    0.000   0.000 deg. for the L =   13, J =   13.0 channel.
      12.5  0.99999995  0.00000119i: elastic S-matrix  @@      0.00  0   0 F  0
 Reaction Xsec    12.5+/13 @ 4 =   8.193#, Out:   0.000#   0.077/   0.084/   2.023/   5.039/   0.068   -0.076f

   S-matrix    5 =    1.00000   0.00000 for L=   13, J=   14.0 channel on core I =   1.5 from L=   13,  Acc. loss =  0.0 D.
 Elastic phase shift   5 =    0.000   0.000 deg. for the L =   13, J =   14.0 channel.
      12.5  0.99999995  0.00000119i: elastic S-matrix  @@      0.00  0   0 F  0
 Reaction Xsec    12.5+/13 @ 5 =   8.193#, Out:   0.000#   0.058/   0.205/   0.744/   1.866/   0.025   -0.028f

   S-matrix    6 =    1.00000   0.00000 for L=   15, J=   14.0 channel on core I =   1.5 from L=   15,  Acc. loss =  0.0 D.
 Elastic phase shift   6 =    0.000   0.000 deg. for the L =   15, J =   14.0 channel.
      12.5  1.00000000  0.00000007i: elastic S-matrix  @@      0.00  0   0 F  0
 Reaction Xsec    12.5+/15 @ 6 =   0.306#, Out:   0.000#   3.218#   2.721#   0.177/   0.577/   7.881/  -0.009f


 Total SPIN, PARITY =    12.5 -,     35 chs,      0 cc.  Rmin & Coul turning =    3.0   13.8
   S-matrix    1 =    0.99999   0.00009 for L=   10, J=   11.0 channel on core I =   1.5 from L=   10,  Acc. loss =  0.0 D.
 Elastic phase shift   1 =    0.002   0.000 deg. for the L =   10, J =   11.0 channel.
      12.5  0.99999209  0.00008527i: elastic S-matrix  @@      0.00  0   0 F  0
 Reaction Xsec    12.5-/10 @ 1 =   1.274/, Out:   0.000#   0.023/   9.027#   0.031    0.043    0.264   -0.338f

   S-matrix    2 =    1.00000   0.00000 for L=   12, J=   11.0 channel on core I =   1.5 from L=   12,  Acc. loss =  0.0 D.
 Elastic phase shift   2 =    0.000   0.000 deg. for the L =   12, J =   11.0 channel.
      12.5  0.99999973  0.00000492i: elastic S-matrix  @@      0.00  0   0 F  0
 Reaction Xsec    12.5-/12 @ 2 =   0.043/, Out:   0.000#   0.122/   8.771#   0.786/   1.310/   0.011   -0.013f

   S-matrix    3 =    1.00000   0.00000 for L=   12, J=   12.0 channel on core I =   1.5 from L=   12,  Acc. loss =  0.0 D.
 Elastic phase shift   3 =    0.000   0.000 deg. for the L =   12, J =   12.0 channel.
      12.5  0.99999973  0.00000492i: elastic S-matrix  @@      0.00  0   0 F  0
 Reaction Xsec    12.5-/12 @ 3 =   0.043/, Out:   0.000#   0.263/   0.069/   1.391/   2.313/   0.019   -0.023f

   S-matrix    4 =    1.00000   0.00000 for L=   12, J=   13.0 channel on core I =   1.5 from L=   12,  Acc. loss =  0.0 D.
 Elastic phase shift   4 =    0.000   0.000 deg. for the L =   12, J =   13.0 channel.
      12.5  0.99999973  0.00000492i: elastic S-matrix  @@      0.00  0   0 F  0
 Reaction Xsec    12.5-/12 @ 4 =   0.043/, Out:   0.000#   0.441/   0.484/   0.746/   1.236/   0.010   -0.013f

   S-matrix    5 =    1.00000   0.00000 for L=   14, J=   13.0 channel on core I =   1.5 from L=   14,  Acc. loss =  0.0 D.
 Elastic phase shift   5 =    0.000   0.000 deg. for the L =   14, J =   13.0 channel.
      12.5  0.99999999  0.00000030i: elastic S-matrix  @@      0.00  0   0 F  0
 Reaction Xsec    12.5-/14 @ 5 =   1.572#, Out:   0.000#   8.181#   1.466#   2.092/   5.652/   0.076   -0.084f

   S-matrix    6 =    1.00000   0.00000 for L=   14, J=   14.0 channel on core I =   1.5 from L=   14,  Acc. loss =  0.0 D.
 Elastic phase shift   6 =    0.000   0.000 deg. for the L =   14, J =   14.0 channel.
      12.5  0.99999999  0.00000030i: elastic S-matrix  @@      0.00  0   0 F  0
 Reaction Xsec    12.5-/14 @ 6 =   1.572#, Out:   0.000#   0.014/   0.045/   1.825/   4.939/   0.065   -0.071f


 Total SPIN, PARITY =    13.5 +,     35 chs,      0 cc.  Rmin & Coul turning =    3.2   14.9
   S-matrix    1 =    1.00000   0.00002 for L=   11, J=   12.0 channel on core I =   1.5 from L=   11,  Acc. loss =  0.0 D.
 Elastic phase shift   1 =    0.001   0.000 deg. for the L =   11, J =   12.0 channel.
      13.5  0.99999855  0.00002050i: elastic S-matrix  @@      0.00  0   0 F  0
 Reaction Xsec    13.5+/11 @ 1 =   0.252/, Out:   0.000#   6.970#   2.743#   0.016    0.025    0.172   -0.212f

   S-matrix    2 =    1.00000   0.00000 for L=   13, J=   12.0 channel on core I =   1.5 from L=   13,  Acc. loss =  0.0 D.
 Elastic phase shift   2 =    0.000   0.000 deg. for the L =   13, J =   12.0 channel.
      13.5  0.99999995  0.00000119i: elastic S-matrix  @@      0.00  0   0 F  0
 Reaction Xsec    13.5+/13 @ 2 =   8.823#, Out:   0.000#   0.039/   0.016/   1.100/   2.626/   0.037   -0.041f

   S-matrix    3 =    1.00000   0.00000 for L=   13, J=   13.0 channel on core I =   1.5 from L=   13,  Acc. loss =  0.0 D.
 Elastic phase shift   3 =    0.000   0.000 deg. for the L =   13, J =   13.0 channel.
      13.5  0.99999995  0.00000119i: elastic S-matrix  @@      0.00  0   0 F  0
 Reaction Xsec    13.5+/13 @ 3 =   8.823#, Out:   0.000#   0.081/   0.028/   2.343/   5.660/   0.079   -0.087f

   S-matrix    4 =    1.00000   0.00000 for L=   13, J=   14.0 channel on core I =   1.5 from L=   13,  Acc. loss =  0.0 D.
 Elastic phase shift   4 =    0.000   0.000 deg. for the L =   13, J =   14.0 channel.
      13.5  0.99999995  0.00000119i: elastic S-matrix  @@      0.00  0   0 F  0
 Reaction Xsec    13.5+/13 @ 4 =   8.823#, Out:   0.000#   0.137/   0.169/   1.610/   3.942/   0.054   -0.060f

   S-matrix    5 =    1.00000   0.00000 for L=   15, J=   14.0 channel on core I =   1.5 from L=   15,  Acc. loss =  0.0 D.
 Elastic phase shift   5 =    0.000   0.000 deg. for the L =   15, J =   14.0 channel.
      13.5  1.00000000  0.00000007i: elastic S-matrix  @@      0.00  0   0 F  0
 Reaction Xsec    13.5+/15 @ 5 =   0.330#, Out:   0.000#   2.235#   0.264#   0.117/   0.381/   5.280/  -0.006f

   S-matrix    6 =    1.00000   0.00000 for L=   15, J=   15.0 channel on core I =   1.5 from L=   15,  Acc. loss =  0.0 D.
 Elastic phase shift   6 =    0.000   0.000 deg. for the L =   15, J =   15.0 channel.
      13.5  1.00000000  0.00000007i: elastic S-matrix  @@      0.00  0   0 F  0
 Reaction Xsec    13.5+/15 @ 6 =   0.330#, Out:   0.000#   4.041#   7.762#   0.111/   0.362/   4.948/  -0.005f


 Total SPIN, PARITY =    13.5 -,     35 chs,      0 cc.  Rmin & Coul turning =    3.2   14.9
   S-matrix    1 =    1.00000   0.00000 for L=   12, J=   12.0 channel on core I =   1.5 from L=   12,  Acc. loss =  0.0 D.
 Elastic phase shift   1 =    0.000   0.000 deg. for the L =   12, J =   12.0 channel.
      13.5  0.99999973  0.00000492i: elastic S-matrix  @@      0.00  0   0 F  0
 Reaction Xsec    13.5-/12 @ 1 =   0.047/, Out:   0.000#   0.054/   5.215#   2.860/   4.775/   0.040   -0.048f

   S-matrix    2 =    1.00000   0.00000 for L=   12, J=   13.0 channel on core I =   1.5 from L=   12,  Acc. loss =  0.0 D.
 Elastic phase shift   2 =    0.000   0.000 deg. for the L =   12, J =   13.0 channel.
      13.5  0.99999973  0.00000492i: elastic S-matrix  @@      0.00  0   0 F  0
 Reaction Xsec    13.5-/12 @ 2 =   0.047/, Out:   0.000#   0.535/   0.553#   2.186/   3.644/   0.030   -0.037f

   S-matrix    3 =    1.00000   0.00000 for L=   14, J=   13.0 channel on core I =   1.5 from L=   14,  Acc. loss =  0.0 D.
 Elastic phase shift   3 =    0.000   0.000 deg. for the L =   14, J =   13.0 channel.
      13.5  0.99999999  0.00000030i: elastic S-matrix  @@      0.00  0   0 F  0
 Reaction Xsec    13.5-/14 @ 3 =   1.693#, Out:   0.000#   1.063#   0.026/   1.533/   4.128/   0.058   -0.063f

   S-matrix    4 =    1.00000   0.00000 for L=   14, J=   14.0 channel on core I =   1.5 from L=   14,  Acc. loss =  0.0 D.
 Elastic phase shift   4 =    0.000   0.000 deg. for the L =   14, J =   14.0 channel.
      13.5  0.99999999  0.00000030i: elastic S-matrix  @@      0.00  0   0 F  0
 Reaction Xsec    13.5-/14 @ 4 =   1.693#, Out:   0.000#   0.025/   0.033/   1.773/   4.786/   0.065   -0.072f

   S-matrix    5 =    1.00000   0.00000 for L=   14, J=   15.0 channel on core I =   1.5 from L=   14,  Acc. loss =  0.0 D.
 Elastic phase shift   5 =    0.000   0.000 deg. for the L =   14, J =   15.0 channel.
      13.5  0.99999999  0.00000030i: elastic S-matrix  @@      0.00  0   0 F  0
 Reaction Xsec    13.5-/14 @ 5 =   1.693#, Out:   0.000#   0.019/   0.079/   0.652/   1.761/   0.024   -0.026f

   S-matrix    6 =    1.00000   0.00000 for L=   16, J=   15.0 channel on core I =   1.5 from L=   16,  Acc. loss =  0.0 D.
 Elastic phase shift   6 =    0.000   0.000 deg. for the L =   16, J =   15.0 channel.
      13.5  1.00000000  0.00000002i: elastic S-matrix  @@      0.00  0   0 F  0
 Reaction Xsec    13.5-/16 @ 6 =   0.065#, Out:   0.000#   0.697#   0.053#   0.288/   0.642/   6.794/  -0.008f


 Total SPIN, PARITY =    14.5 +,     35 chs,      0 cc.  Rmin & Coul turning =    3.5   16.0
   S-matrix    1 =    1.00000   0.00000 for L=   13, J=   13.0 channel on core I =   1.5 from L=   13,  Acc. loss =  0.0 D.
 Elastic phase shift   1 =    0.000   0.000 deg. for the L =   13, J =   13.0 channel.
      14.5  0.99999995  0.00000119i: elastic S-matrix  @@      0.00  0   0 F  0
 Reaction Xsec    14.5+/13 @ 1 =   9.454#, Out:   0.000#   0.018/   0.010/   3.393/   7.991/   0.115   -0.127f

   S-matrix    2 =    1.00000   0.00000 for L=   13, J=   14.0 channel on core I =   1.5 from L=   13,  Acc. loss =  0.0 D.
 Elastic phase shift   2 =    0.000   0.000 deg. for the L =   13, J =   14.0 channel.
      14.5  0.99999995  0.00000119i: elastic S-matrix  @@      0.00  0   0 F  0
 Reaction Xsec    14.5+/13 @ 2 =   9.454#, Out:   0.000#   0.164/   1.023#   3.065/   7.314/   0.104   -0.114f

   S-matrix    3 =    1.00000   0.00000 for L=   15, J=   14.0 channel on core I =   1.5 from L=   15,  Acc. loss =  0.0 D.
 Elastic phase shift   3 =    0.000   0.000 deg. for the L =   15, J =   14.0 channel.
      14.5  1.00000000  0.00000007i: elastic S-matrix  @@      0.00  0   0 F  0
 Reaction Xsec    14.5+/15 @ 3 =   0.353#, Out:   0.000#   0.138#   3.727#   0.072/   0.236/   3.359/  -0.004f

   S-matrix    4 =    1.00000   0.00000 for L=   15, J=   15.0 channel on core I =   1.5 from L=   15,  Acc. loss =  0.0 D.
 Elastic phase shift   4 =    0.000   0.000 deg. for the L =   15, J =   15.0 channel.
      14.5  1.00000000  0.00000007i: elastic S-matrix  @@      0.00  0   0 F  0
 Reaction Xsec    14.5+/15 @ 4 =   0.353#, Out:   0.000#   7.142#   5.320#   0.094/   0.307/   4.291/  -0.005f

   S-matrix    5 =    1.00000   0.00000 for L=   15, J=   16.0 channel on core I =   1.5 from L=   15,  Acc. loss =  0.0 D.
 Elastic phase shift   5 =    0.000   0.000 deg. for the L =   15, J =   16.0 channel.
      14.5  1.00000000  0.00000007i: elastic S-matrix  @@      0.00  0   0 F  0
 Reaction Xsec    14.5+/15 @ 5 =   0.353#, Out:   0.000#   5.443#   0.014/   0.036/   0.119/   1.651/  -0.002f

   S-matrix    6 =    1.00000   0.00000 for L=   17, J=   16.0 channel on core I =   1.5 from L=   17,  Acc. loss =  0.0 D.
 Elastic phase shift   6 =    0.000   0.000 deg. for the L =   17, J =   16.0 channel.
      14.5  1.00000000  0.00000001i: elastic S-matrix  @@      0.00  0   0 F  0
 Reaction Xsec    14.5+/17 @ 6 =   0.013#, Out:   0.000#   0.140#   0.537#   0.403/   0.981/   0.010   -0.012f


 Total SPIN, PARITY =    14.5 -,     35 chs,      0 cc.  Rmin & Coul turning =    3.5   16.0
   S-matrix    1 =    1.00000   0.00000 for L=   12, J=   13.0 channel on core I =   1.5 from L=   12,  Acc. loss =  0.0 D.
 Elastic phase shift   1 =    0.000   0.000 deg. for the L =   12, J =   13.0 channel.
      14.5  0.99999973  0.00000492i: elastic S-matrix  @@      0.00  0   0 F  0
 Reaction Xsec    14.5-/12 @ 1 =   0.050/, Out:   0.000#   2.203#   1.980#   5.219/   8.719/   0.073   -0.087f

   S-matrix    2 =    1.00000   0.00000 for L=   14, J=   13.0 channel on core I =   1.5 from L=   14,  Acc. loss =  0.0 D.
 Elastic phase shift   2 =    0.000   0.000 deg. for the L =   14, J =   13.0 channel.
      14.5  0.99999999  0.00000030i: elastic S-matrix  @@      0.00  0   0 F  0
 Reaction Xsec    14.5-/14 @ 2 =   1.814#, Out:   0.000#   0.013/   9.458#   0.989/   2.654/   0.039   -0.042f

   S-matrix    3 =    1.00000   0.00000 for L=   14, J=   14.0 channel on core I =   1.5 from L=   14,  Acc. loss =  0.0 D.
 Elastic phase shift   3 =    0.000   0.000 deg. for the L =   14, J =   14.0 channel.
      14.5  0.99999999  0.00000030i: elastic S-matrix  @@      0.00  0   0 F  0
 Reaction Xsec    14.5-/14 @ 3 =   1.814#, Out:   0.000#   0.026/   0.012/   2.101/   5.646/   0.081   -0.089f

   S-matrix    4 =    1.00000   0.00000 for L=   14, J=   15.0 channel on core I =   1.5 from L=   14,  Acc. loss =  0.0 D.
 Elastic phase shift   4 =    0.000   0.000 deg. for the L =   14, J =   15.0 channel.
      14.5  0.99999999  0.00000030i: elastic S-matrix  @@      0.00  0   0 F  0
 Reaction Xsec    14.5-/14 @ 4 =   1.814#, Out:   0.000#   0.044/   0.066/   1.433/   3.857/   0.054   -0.059f

   S-matrix    5 =    1.00000   0.00000 for L=   16, J=   15.0 channel on core I =   1.5 from L=   16,  Acc. loss =  0.0 D.
 Elastic phase shift   5 =    0.000   0.000 deg. for the L =   16, J =   15.0 channel.
      14.5  1.00000000  0.00000002i: elastic S-matrix  @@      0.00  0   0 F  0
 Reaction Xsec    14.5-/16 @ 5 =   0.069#, Out:   0.000#   0.475#   0.005#   0.335/   0.796/   9.221/  -0.010f

   S-matrix    6 =    1.00000   0.00000 for L=   16, J=   16.0 channel on core I =   1.5 from L=   16,  Acc. loss =  0.0 D.
 Elastic phase shift   6 =    0.000   0.000 deg. for the L =   16, J =   16.0 channel.
      14.5  1.00000000  0.00000002i: elastic S-matrix  @@      0.00  0   0 F  0
 Reaction Xsec    14.5-/16 @ 6 =   0.069#, Out:   0.000#   0.875#   0.150#   0.197/   0.444/   4.789/  -0.005f


 Total SPIN, PARITY =    15.5 +,     35 chs,      0 cc.  Rmin & Coul turning =    3.7   17.0
   S-matrix    1 =    1.00000   0.00000 for L=   13, J=   14.0 channel on core I =   1.5 from L=   13,  Acc. loss =  0.0 D.
 Elastic phase shift   1 =    0.000   0.000 deg. for the L =   13, J =   14.0 channel.
      15.5  0.99999995  0.00000119i: elastic S-matrix  @@      0.00  0   0 F  0
 Reaction Xsec    15.5+/13 @ 1 =   0.010/, Out:   0.000#   0.949#   3.785#   5.926/   0.014    0.201   -0.221f

   S-matrix    2 =    1.00000   0.00000 for L=   15, J=   14.0 channel on core I =   1.5 from L=   15,  Acc. loss =  0.0 D.
 Elastic phase shift   2 =    0.000   0.000 deg. for the L =   15, J =   14.0 channel.
      15.5  1.00000000  0.00000007i: elastic S-matrix  @@      0.00  0   0 F  0
 Reaction Xsec    15.5+/15 @ 2 =   0.377#, Out:   0.000#   3.638#   0.187#   0.038/   0.124/   1.844/  -0.002f

   S-matrix    3 =    1.00000   0.00000 for L=   15, J=   15.0 channel on core I =   1.5 from L=   15,  Acc. loss =  0.0 D.
 Elastic phase shift   3 =    0.000   0.000 deg. for the L =   15, J =   15.0 channel.
      15.5  1.00000000  0.00000007i: elastic S-matrix  @@      0.00  0   0 F  0
 Reaction Xsec    15.5+/15 @ 3 =   0.377#, Out:   0.000#   7.332#   1.675#   0.089/   0.291/   4.234/  -0.005f

   S-matrix    4 =    1.00000   0.00000 for L=   15, J=   16.0 channel on core I =   1.5 from L=   15,  Acc. loss =  0.0 D.
 Elastic phase shift   4 =    0.000   0.000 deg. for the L =   15, J =   16.0 channel.
      15.5  1.00000000  0.00000007i: elastic S-matrix  @@      0.00  0   0 F  0
 Reaction Xsec    15.5+/15 @ 4 =   0.377#, Out:   0.000#   0.013/   0.011/   0.067/   0.221/   3.145/  -0.003f

   S-matrix    5 =    1.00000   0.00000 for L=   17, J=   16.0 channel on core I =   1.5 from L=   17,  Acc. loss =  0.0 D.
 Elastic phase shift   5 =    0.000   0.000 deg. for the L =   17, J =   16.0 channel.
      15.5  1.00000000  0.00000001i: elastic S-matrix  @@      0.00  0   0 F  0
 Reaction Xsec    15.5+/17 @ 5 =   0.014#, Out:   0.000#   0.118#   0.056#   0.472/   1.193/   0.014   -0.015f

   S-matrix    6 =    1.00000   0.00000 for L=   17, J=   17.0 channel on core I =   1.5 from L=   17,  Acc. loss =  0.0 D.
 Elastic phase shift   6 =    0.000   0.000 deg. for the L =   17, J =   17.0 channel.
      15.5  1.00000000  0.00000001i: elastic S-matrix  @@      0.00  0   0 F  0
 Reaction Xsec    15.5+/17 @ 6 =   0.014#, Out:   0.000#   0.181#   1.524#   0.276/   0.676/   7.289/  -0.008f


 Total SPIN, PARITY =    15.5 -,     35 chs,      0 cc.  Rmin & Coul turning =    3.7   17.0
   S-matrix    1 =    1.00000   0.00000 for L=   14, J=   14.0 channel on core I =   1.5 from L=   14,  Acc. loss =  0.0 D.
 Elastic phase shift   1 =    0.000   0.000 deg. for the L =   14, J =   14.0 channel.
      15.5  0.99999999  0.00000030i: elastic S-matrix  @@      0.00  0   0 F  0
 Reaction Xsec    15.5-/14 @ 1 =   1.935#, Out:   0.000#   5.847#   6.085#   3.084/   8.261/   0.123   -0.134f

   S-matrix    2 =    1.00000   0.00000 for L=   14, J=   15.0 channel on core I =   1.5 from L=   14,  Acc. loss =  0.0 D.
 Elastic phase shift   2 =    0.000   0.000 deg. for the L =   14, J =   15.0 channel.
      15.5  0.99999999  0.00000030i: elastic S-matrix  @@      0.00  0   0 F  0
 Reaction Xsec    15.5-/14 @ 2 =   1.935#, Out:   0.000#   0.052/   0.603#   2.770/   7.434/   0.109   -0.119f

   S-matrix    3 =    1.00000   0.00000 for L=   16, J=   15.0 channel on core I =   1.5 from L=   16,  Acc. loss =  0.0 D.
 Elastic phase shift   3 =    0.000   0.000 deg. for the L =   16, J =   15.0 channel.
      15.5  1.00000000  0.00000002i: elastic S-matrix  @@      0.00  0   0 F  0
 Reaction Xsec    15.5-/16 @ 3 =   0.074#, Out:   0.000#   0.028#   1.108#   0.392/   0.965/   0.012   -0.013f

   S-matrix    4 =    1.00000   0.00000 for L=   16, J=   16.0 channel on core I =   1.5 from L=   16,  Acc. loss =  0.0 D.
 Elastic phase shift   4 =    0.000   0.000 deg. for the L =   16, J =   16.0 channel.
      15.5  1.00000000  0.00000002i: elastic S-matrix  @@      0.00  0   0 F  0
 Reaction Xsec    15.5-/16 @ 4 =   0.074#, Out:   0.000#   1.524#   0.418#   0.339/   0.819/   9.687/  -0.011f

   S-matrix    5 =    1.00000   0.00000 for L=   16, J=   17.0 channel on core I =   1.5 from L=   16,  Acc. loss =  0.0 D.
 Elastic phase shift   5 =    0.000   0.000 deg. for the L =   16, J =   17.0 channel.
      15.5  1.00000000  0.00000002i: elastic S-matrix  @@      0.00  0   0 F  0
 Reaction Xsec    15.5-/16 @ 5 =   0.074#, Out:   0.000#   1.170#   0.263#   0.106/   0.252/   2.915/  -0.003f

   S-matrix    6 =    1.00000   0.00000 for L=   18, J=   17.0 channel on core I =   1.5 from L=   18,  Acc. loss =  0.0 D.
 Elastic phase shift   6 =    0.000   0.000 deg. for the L =   18, J =   17.0 channel.
      15.5  1.00000000  0.00000000i: elastic S-matrix  @@      0.00  0   0 F  0
 Reaction Xsec    15.5-/18 @ 6 =   0.003#, Out:   0.000#   0.069#   0.056#   0.105/   0.269/   2.832/  -0.003f


 Total SPIN, PARITY =    16.5 +,     35 chs,      0 cc.  Rmin & Coul turning =    4.0   18.1
   S-matrix    1 =    1.00000   0.00000 for L=   15, J=   15.0 channel on core I =   1.5 from L=   15,  Acc. loss =  0.0 D.
 Elastic phase shift   1 =    0.000   0.000 deg. for the L =   15, J =   15.0 channel.
      16.5  1.00000000  0.00000007i: elastic S-matrix  @@      0.00  0   0 F  0
 Reaction Xsec    16.5+/15 @ 1 =   0.400#, Out:   0.000#   1.641#   0.113#   0.105/   0.346/   5.271/  -0.006f

   S-matrix    2 =    1.00000   0.00000 for L=   15, J=   16.0 channel on core I =   1.5 from L=   15,  Acc. loss =  0.0 D.
 Elastic phase shift   2 =    0.000   0.000 deg. for the L =   15, J =   16.0 channel.
      16.5  1.00000000  0.00000007i: elastic S-matrix  @@      0.00  0   0 F  0
 Reaction Xsec    16.5+/15 @ 2 =   0.400#, Out:   0.000#   0.015/   0.011#   0.106/   0.349/   5.179/  -0.006f

   S-matrix    3 =    1.00000   0.00000 for L=   17, J=   16.0 channel on core I =   1.5 from L=   17,  Acc. loss =  0.0 D.
 Elastic phase shift   3 =    0.000   0.000 deg. for the L =   17, J =   16.0 channel.
      16.5  1.00000000  0.00000001i: elastic S-matrix  @@      0.00  0   0 F  0
 Reaction Xsec    16.5+/17 @ 3 =   0.015#, Out:   0.000#   0.033#   1.768#   0.551/   1.425/   0.017   -0.019f

   S-matrix    4 =    1.00000   0.00000 for L=   17, J=   17.0 channel on core I =   1.5 from L=   17,  Acc. loss =  0.0 D.
 Elastic phase shift   4 =    0.000   0.000 deg. for the L =   17, J =   17.0 channel.
      16.5  1.00000000  0.00000001i: elastic S-matrix  @@      0.00  0   0 F  0
 Reaction Xsec    16.5+/17 @ 4 =   0.015#, Out:   0.000#   0.314#   1.332#   0.479/   1.224/   0.014   -0.016f

   S-matrix    5 =    1.00000   0.00000 for L=   17, J=   18.0 channel on core I =   1.5 from L=   17,  Acc. loss =  0.0 D.
 Elastic phase shift   5 =    0.000   0.000 deg. for the L =   17, J =   18.0 channel.
      16.5  1.00000000  0.00000001i: elastic S-matrix  @@      0.00  0   0 F  0
 Reaction Xsec    16.5+/17 @ 5 =   0.015#, Out:   0.000#   0.243#   2.648#   0.149/   0.378/   4.300/  -0.005f

   S-matrix    6 =    1.00000  -0.00000 for L=   19, J=   18.0 channel on core I =   1.5 from L=   19,  Acc. loss =  0.0 D.
 Elastic phase shift   6 =   -0.000   0.000 deg. for the L =   19, J =   18.0 channel.
      16.5  1.00000000 -0.00000001i: elastic S-matrix  @@      0.00  0   0 F  0
 Reaction Xsec    16.5+/19 @ 6 =   0.001#, Out:   0.000#   0.066#   0.093#   3.566#   0.011/   0.127/  -0.000f


 Total SPIN, PARITY =    16.5 -,     35 chs,      0 cc.  Rmin & Coul turning =    4.0   18.1
   S-matrix    1 =    1.00000   0.00000 for L=   14, J=   15.0 channel on core I =   1.5 from L=   14,  Acc. loss =  0.0 D.
 Elastic phase shift   1 =    0.000   0.000 deg. for the L =   14, J =   15.0 channel.
      16.5  0.99999999  0.00000030i: elastic S-matrix  @@      0.00  0   0 F  0
 Reaction Xsec    16.5-/14 @ 1 =   2.056#, Out:   0.000#   0.357#   2.296#   5.386/   0.014    0.216   -0.236f

   S-matrix    2 =    1.00000   0.00000 for L=   16, J=   15.0 channel on core I =   1.5 from L=   16,  Acc. loss =  0.0 D.
 Elastic phase shift   2 =    0.000   0.000 deg. for the L =   16, J =   15.0 channel.
      16.5  1.00000000  0.00000002i: elastic S-matrix  @@      0.00  0   0 F  0
 Reaction Xsec    16.5-/16 @ 2 =   0.078#, Out:   0.000#   0.782#   1.816#   0.343/   0.858/   0.011   -0.012f

   S-matrix    3 =    1.00000   0.00000 for L=   16, J=   16.0 channel on core I =   1.5 from L=   16,  Acc. loss =  0.0 D.
 Elastic phase shift   3 =    0.000   0.000 deg. for the L =   16, J =   16.0 channel.
      16.5  1.00000000  0.00000002i: elastic S-matrix  @@      0.00  0   0 F  0
 Reaction Xsec    16.5-/16 @ 3 =   0.078#, Out:   0.000#   1.547#   0.629#   0.650/   1.618/   0.020   -0.022f

   S-matrix    4 =    1.00000   0.00000 for L=   16, J=   17.0 channel on core I =   1.5 from L=   16,  Acc. loss =  0.0 D.
 Elastic phase shift   4 =    0.000   0.000 deg. for the L =   16, J =   17.0 channel.
      16.5  1.00000000  0.00000002i: elastic S-matrix  @@      0.00  0   0 F  0
 Reaction Xsec    16.5-/16 @ 4 =   0.078#, Out:   0.000#   2.712#   0.788#   0.371/   0.913/   0.011   -0.012f

   S-matrix    5 =    1.00000   0.00000 for L=   18, J=   17.0 channel on core I =   1.5 from L=   18,  Acc. loss =  0.0 D.
 Elastic phase shift   5 =    0.000   0.000 deg. for the L =   18, J =   17.0 channel.
      16.5  1.00000000  0.00000000i: elastic S-matrix  @@      0.00  0   0 F  0
 Reaction Xsec    16.5-/18 @ 5 =   0.003#, Out:   0.000#   0.047#   0.006#   0.126/   0.339/   3.815/  -0.004f

   S-matrix    6 =    1.00000   0.00000 for L=   18, J=   18.0 channel on core I =   1.5 from L=   18,  Acc. loss =  0.0 D.
 Elastic phase shift   6 =    0.000   0.000 deg. for the L =   18, J =   18.0 channel.
      16.5  1.00000000  0.00000000i: elastic S-matrix  @@      0.00  0   0 F  0
 Reaction Xsec    16.5-/18 @ 6 =   0.003#, Out:   0.000#   0.087#   0.160#   0.072/   0.187/   1.997/  -0.002f


 Total SPIN, PARITY =    17.5 +,     35 chs,      0 cc.  Rmin & Coul turning =    4.2   19.2
   S-matrix    1 =    1.00000   0.00000 for L=   15, J=   16.0 channel on core I =   1.5 from L=   15,  Acc. loss =  0.0 D.
 Elastic phase shift   1 =    0.000   0.000 deg. for the L =   15, J =   16.0 channel.
      17.5  1.00000000  0.00000007i: elastic S-matrix  @@      0.00  0   0 F  0
 Reaction Xsec    17.5+/15 @ 1 =   0.424#, Out:   0.000#   0.033#   0.043#   0.178/   0.585/   8.974/  -0.010f

   S-matrix    2 =    1.00000   0.00000 for L=   17, J=   16.0 channel on core I =   1.5 from L=   17,  Acc. loss =  0.0 D.
 Elastic phase shift   2 =    0.000   0.000 deg. for the L =   17, J =   16.0 channel.
      17.5  1.00000000  0.00000001i: elastic S-matrix  @@      0.00  0   0 F  0
 Reaction Xsec    17.5+/17 @ 2 =   0.016#, Out:   0.000#   0.172#   1.827#   0.480/   1.253/   0.015   -0.017f

   S-matrix    3 =    1.00000   0.00000 for L=   17, J=   17.0 channel on core I =   1.5 from L=   17,  Acc. loss =  0.0 D.
 Elastic phase shift   3 =    0.000   0.000 deg. for the L =   17, J =   17.0 channel.
      17.5  1.00000000  0.00000001i: elastic S-matrix  @@      0.00  0   0 F  0
 Reaction Xsec    17.5+/17 @ 3 =   0.016#, Out:   0.000#   0.320#   0.926#   0.915/   2.383/   0.028   -0.032f

   S-matrix    4 =    1.00000   0.00000 for L=   17, J=   18.0 channel on core I =   1.5 from L=   17,  Acc. loss =  0.0 D.
 Elastic phase shift   4 =    0.000   0.000 deg. for the L =   17, J =   18.0 channel.
      17.5  1.00000000  0.00000001i: elastic S-matrix  @@      0.00  0   0 F  0
 Reaction Xsec    17.5+/17 @ 4 =   0.016#, Out:   0.000#   0.535#   2.618#   0.523/   1.352/   0.016   -0.018f

   S-matrix    5 =    1.00000  -0.00000 for L=   19, J=   18.0 channel on core I =   1.5 from L=   19,  Acc. loss =  0.0 D.
 Elastic phase shift   5 =   -0.000   0.000 deg. for the L =   19, J =   18.0 channel.
      17.5  1.00000000 -0.00000001i: elastic S-matrix  @@      0.00  0   0 F  0
 Reaction Xsec    17.5+/19 @ 5 =   0.001#, Out:   0.000#   0.044#   0.010#   3.019#   0.011/   0.148/  -0.000f

   S-matrix    6 =    1.00000  -0.00000 for L=   19, J=   19.0 channel on core I =   1.5 from L=   19,  Acc. loss =  0.0 D.
 Elastic phase shift   6 =   -0.000   0.000 deg. for the L =   19, J =   19.0 channel.
      17.5  1.00000000 -0.00000001i: elastic S-matrix  @@      0.00  0   0 F  0
 Reaction Xsec    17.5+/19 @ 6 =   0.001#, Out:   0.000#   0.083#   0.262#   2.299#   7.407#   0.087/  -0.000f


 Total SPIN, PARITY =    17.5 -,     35 chs,      0 cc.  Rmin & Coul turning =    4.2   19.2
   S-matrix    1 =    1.00000   0.00000 for L=   16, J=   16.0 channel on core I =   1.5 from L=   16,  Acc. loss =  0.0 D.
 Elastic phase shift   1 =    0.000   0.000 deg. for the L =   16, J =   16.0 channel.
      17.5  1.00000000  0.00000002i: elastic S-matrix  @@      0.00  0   0 F  0
 Reaction Xsec    17.5-/16 @ 1 =   0.083#, Out:   0.000#   0.355#   1.170#   1.209/   3.041/   0.038   -0.042f

   S-matrix    2 =    1.00000   0.00000 for L=   16, J=   17.0 channel on core I =   1.5 from L=   16,  Acc. loss =  0.0 D.
 Elastic phase shift   2 =    0.000   0.000 deg. for the L =   16, J =   17.0 channel.
      17.5  1.00000000  0.00000002i: elastic S-matrix  @@      0.00  0   0 F  0
 Reaction Xsec    17.5-/16 @ 2 =   0.083#, Out:   0.000#   3.144#   0.110#   0.970/   2.429/   0.030   -0.033f

   S-matrix    3 =    1.00000   0.00000 for L=   18, J=   17.0 channel on core I =   1.5 from L=   18,  Acc. loss =  0.0 D.
 Elastic phase shift   3 =    0.000   0.000 deg. for the L =   18, J =   17.0 channel.
      17.5  1.00000000  0.00000000i: elastic S-matrix  @@      0.00  0   0 F  0
 Reaction Xsec    17.5-/18 @ 3 =   0.003#, Out:   0.000#   0.004#   0.280#   0.149/   0.410/   4.781/  -0.005f

   S-matrix    4 =    1.00000   0.00000 for L=   18, J=   18.0 channel on core I =   1.5 from L=   18,  Acc. loss =  0.0 D.
 Elastic phase shift   4 =    0.000   0.000 deg. for the L =   18, J =   18.0 channel.
      17.5  1.00000000  0.00000000i: elastic S-matrix  @@      0.00  0   0 F  0
 Reaction Xsec    17.5-/18 @ 4 =   0.003#, Out:   0.000#   0.147#   0.166#   0.129/   0.351/   4.013/  -0.004f

   S-matrix    5 =    1.00000   0.00000 for L=   18, J=   19.0 channel on core I =   1.5 from L=   18,  Acc. loss =  0.0 D.
 Elastic phase shift   5 =    0.000   0.000 deg. for the L =   18, J =   19.0 channel.
      17.5  1.00000000  0.00000000i: elastic S-matrix  @@      0.00  0   0 F  0
 Reaction Xsec    17.5-/18 @ 5 =   0.003#, Out:   0.000#   0.114#   0.277#   0.040/   0.108/   1.212/  -0.001f

   S-matrix    6 =    1.00000  -0.00000 for L=   20, J=   19.0 channel on core I =   1.5 from L=   20,  Acc. loss =  0.0 D.
 Elastic phase shift   6 =   -0.000   0.000 deg. for the L =   20, J =   19.0 channel.
      17.5  1.00000000 -0.00000001i: elastic S-matrix  @@      0.00  0   0 F  0
 Reaction Xsec    17.5-/20 @ 6 =   0.000#, Out:   0.000#   0.049#   0.217#   2.416#   4.280#   0.032/  -0.000f


 Total SPIN, PARITY =    18.5 +,     35 chs,      0 cc.  Rmin & Coul turning =    4.5   20.3
   S-matrix    1 =    1.00000   0.00000 for L=   17, J=   17.0 channel on core I =   1.5 from L=   17,  Acc. loss =  0.0 D.
 Elastic phase shift   1 =    0.000   0.000 deg. for the L =   17, J =   17.0 channel.
      18.5  1.00000000  0.00000001i: elastic S-matrix  @@      0.00  0   0 F  0
 Reaction Xsec    18.5+/17 @ 1 =   0.017#, Out:   0.000#   0.086#   1.173#   1.689/   4.426/   0.053   -0.059f

   S-matrix    2 =    1.00000   0.00000 for L=   17, J=   18.0 channel on core I =   1.5 from L=   17,  Acc. loss =  0.0 D.
 Elastic phase shift   2 =    0.000   0.000 deg. for the L =   17, J =   18.0 channel.
      18.5  1.00000000  0.00000001i: elastic S-matrix  @@      0.00  0   0 F  0
 Reaction Xsec    18.5+/17 @ 2 =   0.017#, Out:   0.000#   0.619#   0.108#   1.361/   3.557/   0.043   -0.047f

   S-matrix    3 =    1.00000  -0.00000 for L=   19, J=   18.0 channel on core I =   1.5 from L=   19,  Acc. loss =  0.0 D.
 Elastic phase shift   3 =   -0.000   0.000 deg. for the L =   19, J =   18.0 channel.
      18.5  1.00000000 -0.00000001i: elastic S-matrix  @@      0.00  0   0 F  0
 Reaction Xsec    18.5+/19 @ 3 =   0.001#, Out:   0.000#   0.003#   0.124#   2.725#   0.012/   0.171/  -0.000f

   S-matrix    4 =    1.00000  -0.00000 for L=   19, J=   19.0 channel on core I =   1.5 from L=   19,  Acc. loss =  0.0 D.
 Elastic phase shift   4 =   -0.000   0.000 deg. for the L =   19, J =   19.0 channel.
      18.5  1.00000000 -0.00000001i: elastic S-matrix  @@      0.00  0   0 F  0
 Reaction Xsec    18.5+/19 @ 4 =   0.001#, Out:   0.000#   0.140#   0.172#   2.770#   0.011/   0.150/  -0.000f

   S-matrix    5 =    1.00000  -0.00000 for L=   19, J=   20.0 channel on core I =   1.5 from L=   19,  Acc. loss =  0.0 D.
 Elastic phase shift   5 =   -0.000   0.000 deg. for the L =   19, J =   20.0 channel.
      18.5  1.00000000 -0.00000001i: elastic S-matrix  @@      0.00  0   0 F  0
 Reaction Xsec    18.5+/19 @ 5 =   0.001#, Out:   0.000#   0.109#   0.452#   0.958#   3.573#   0.047/  -0.000f

   S-matrix    6 =    1.00000  -0.00000 for L=   21, J=   20.0 channel on core I =   1.5 from L=   21,  Acc. loss =  0.0 D.
 Elastic phase shift   6 =   -0.000   0.000 deg. for the L =   21, J =   20.0 channel.
      18.5  1.00000000 -0.00000001i: elastic S-matrix  @@      0.00  0   0 F  0
 Reaction Xsec    18.5+/21 @ 6 =   0.000#, Out:   0.000#   0.022#   0.128#   2.703#   5.561#   0.045/  -0.000f


 Total SPIN, PARITY =    18.5 -,     35 chs,      0 cc.  Rmin & Coul turning =    4.5   20.3
   S-matrix    1 =    1.00000   0.00000 for L=   16, J=   17.0 channel on core I =   1.5 from L=   16,  Acc. loss =  0.0 D.
 Elastic phase shift   1 =    0.000   0.000 deg. for the L =   16, J =   17.0 channel.
      18.5  1.00000000  0.00000002i: elastic S-matrix  @@      0.00  0   0 F  0
 Reaction Xsec    18.5-/16 @ 1 =   0.088#, Out:   0.000#   0.007#   0.440#   2.164/   5.448/   0.068   -0.075f

   S-matrix    2 =    1.00000   0.00000 for L=   18, J=   17.0 channel on core I =   1.5 from L=   18,  Acc. loss =  0.0 D.
 Elastic phase shift   2 =    0.000   0.000 deg. for the L =   18, J =   17.0 channel.
      18.5  1.00000000  0.00000000i: elastic S-matrix  @@      0.00  0   0 F  0
 Reaction Xsec    18.5-/18 @ 2 =   0.003#, Out:   0.000#   0.077#   0.353#   0.130/   0.361/   4.268/  -0.005f

   S-matrix    3 =    1.00000   0.00000 for L=   18, J=   18.0 channel on core I =   1.5 from L=   18,  Acc. loss =  0.0 D.
 Elastic phase shift   3 =    0.000   0.000 deg. for the L =   18, J =   18.0 channel.
      18.5  1.00000000  0.00000000i: elastic S-matrix  @@      0.00  0   0 F  0
 Reaction Xsec    18.5-/18 @ 3 =   0.003#, Out:   0.000#   0.147#   0.151#   0.249/   0.690/   8.110/  -0.009f

   S-matrix    4 =    1.00000   0.00000 for L=   18, J=   19.0 channel on core I =   1.5 from L=   18,  Acc. loss =  0.0 D.
 Elastic phase shift   4 =    0.000   0.000 deg. for the L =   18, J =   19.0 channel.
      18.5  1.00000000  0.00000000i: elastic S-matrix  @@      0.00  0   0 F  0
 Reaction Xsec    18.5-/18 @ 4 =   0.003#, Out:   0.000#   0.260#   0.324#   0.142/   0.390/   4.550/  -0.005f

   S-matrix    5 =    1.00000  -0.00000 for L=   20, J=   19.0 channel on core I =   1.5 from L=   20,  Acc. loss =  0.0 D.
 Elastic phase shift   5 =   -0.000   0.000 deg. for the L =   20, J =   19.0 channel.
      18.5  1.00000000 -0.00000001i: elastic S-matrix  @@      0.00  0   0 F  0
 Reaction Xsec    18.5-/20 @ 5 =   0.000#, Out:   0.000#   0.035#   0.024#   5.115#   9.166#   0.069/  -0.000f

   S-matrix    6 =    1.00000  -0.00000 for L=   20, J=   20.0 channel on core I =   1.5 from L=   20,  Acc. loss =  0.0 D.
 Elastic phase shift   6 =   -0.000   0.000 deg. for the L =   20, J =   20.0 channel.
      18.5  1.00000000 -0.00000001i: elastic S-matrix  @@      0.00  0   0 F  0
 Reaction Xsec    18.5-/20 @ 6 =   0.000#, Out:   0.000#   0.062#   0.612#   1.937#   3.445#   0.026/  -0.000f


 Total SPIN, PARITY =    19.5 +,     35 chs,      0 cc.  Rmin & Coul turning =    4.7   21.4
   S-matrix    1 =    1.00000   0.00000 for L=   17, J=   18.0 channel on core I =   1.5 from L=   17,  Acc. loss =  0.0 D.
 Elastic phase shift   1 =    0.000   0.000 deg. for the L =   17, J =   18.0 channel.
      19.5  1.00000000  0.00000001i: elastic S-matrix  @@      0.00  0   0 F  0
 Reaction Xsec    19.5+/17 @ 1 =   0.018#, Out:   0.000#   0.013#   0.440#   3.015/   7.909/   0.095   -0.106f

   S-matrix    2 =    1.00000  -0.00000 for L=   19, J=   18.0 channel on core I =   1.5 from L=   19,  Acc. loss =  0.0 D.
 Elastic phase shift   2 =   -0.000   0.000 deg. for the L =   19, J =   18.0 channel.
      19.5  1.00000000 -0.00000001i: elastic S-matrix  @@      0.00  0   0 F  0
 Reaction Xsec    19.5+/19 @ 2 =   0.001#, Out:   0.000#   0.073#   0.001#   2.057#   9.724#   0.147/  -0.000f

   S-matrix    3 =    1.00000  -0.00000 for L=   19, J=   19.0 channel on core I =   1.5 from L=   19,  Acc. loss =  0.0 D.
 Elastic phase shift   3 =   -0.000   0.000 deg. for the L =   19, J =   19.0 channel.
      19.5  1.00000000 -0.00000001i: elastic S-matrix  @@      0.00  0   0 F  0
 Reaction Xsec    19.5+/19 @ 3 =   0.001#, Out:   0.000#   0.139#   0.057#   4.170#   0.019/   0.283/  -0.000f

   S-matrix    4 =    1.00000  -0.00000 for L=   19, J=   20.0 channel on core I =   1.5 from L=   19,  Acc. loss =  0.0 D.
 Elastic phase shift   4 =   -0.000   0.000 deg. for the L =   19, J =   20.0 channel.
      19.5  1.00000000 -0.00000001i: elastic S-matrix  @@      0.00  0   0 F  0
 Reaction Xsec    19.5+/19 @ 4 =   0.001#, Out:   0.000#   0.247#   0.342#   2.595#   0.011/   0.163/  -0.000f

   S-matrix    5 =    1.00000  -0.00000 for L=   21, J=   20.0 channel on core I =   1.5 from L=   21,  Acc. loss =  0.0 D.
 Elastic phase shift   5 =   -0.000   0.000 deg. for the L =   21, J =   20.0 channel.
      19.5  1.00000000 -0.00000001i: elastic S-matrix  @@      0.00  0   0 F  0
 Reaction Xsec    19.5+/21 @ 5 =   0.000#, Out:   0.000#   0.016#   0.015#   5.304#   0.011/   0.090/  -0.000f

   S-matrix    6 =    1.00000  -0.00000 for L=   21, J=   21.0 channel on core I =   1.5 from L=   21,  Acc. loss =  0.0 D.
 Elastic phase shift   6 =   -0.000   0.000 deg. for the L =   21, J =   21.0 channel.
      19.5  1.00000000 -0.00000001i: elastic S-matrix  @@      0.00  0   0 F  0
 Reaction Xsec    19.5+/21 @ 6 =   0.000#, Out:   0.000#   0.028#   0.361#   2.120#   4.367#   0.035/  -0.000f


 Total SPIN, PARITY =    19.5 -,     35 chs,      0 cc.  Rmin & Coul turning =    4.7   21.4
   S-matrix    1 =    1.00000   0.00000 for L=   18, J=   18.0 channel on core I =   1.5 from L=   18,  Acc. loss =  0.0 D.
 Elastic phase shift   1 =    0.000   0.000 deg. for the L =   18, J =   18.0 channel.
      19.5  1.00000000  0.00000000i: elastic S-matrix  @@      0.00  0   0 F  0
 Reaction Xsec    19.5-/18 @ 1 =   0.003#, Out:   0.000#   0.036#   0.226#   0.458/   1.277/   0.015   -0.017f

   S-matrix    2 =    1.00000   0.00000 for L=   18, J=   19.0 channel on core I =   1.5 from L=   18,  Acc. loss =  0.0 D.
 Elastic phase shift   2 =    0.000   0.000 deg. for the L =   18, J =   19.0 channel.
      19.5  1.00000000  0.00000000i: elastic S-matrix  @@      0.00  0   0 F  0
 Reaction Xsec    19.5-/18 @ 2 =   0.003#, Out:   0.000#   0.297#   0.020#   0.370/   1.028/   0.012   -0.014f

   S-matrix    3 =    1.00000  -0.00000 for L=   20, J=   19.0 channel on core I =   1.5 from L=   20,  Acc. loss =  0.0 D.
 Elastic phase shift   3 =   -0.000   0.000 deg. for the L =   20, J =   19.0 channel.
      19.5  1.00000000 -0.00000001i: elastic S-matrix  @@      0.00  0   0 F  0
 Reaction Xsec    19.5-/20 @ 3 =   0.000#, Out:   0.000#   0.005#   0.303#   7.431#   0.013/   0.101/  -0.000f

   S-matrix    4 =    1.00000  -0.00000 for L=   20, J=   20.0 channel on core I =   1.5 from L=   20,  Acc. loss =  0.0 D.
 Elastic phase shift   4 =   -0.000   0.000 deg. for the L =   20, J =   20.0 channel.
      19.5  1.00000000 -0.00000001i: elastic S-matrix  @@      0.00  0   0 F  0
 Reaction Xsec    19.5-/20 @ 4 =   0.000#, Out:   0.000#   0.103#   0.403#   5.820#   0.010/   0.079/  -0.000f

   S-matrix    5 =    1.00000  -0.00000 for L=   20, J=   21.0 channel on core I =   1.5 from L=   20,  Acc. loss =  0.0 D.
 Elastic phase shift   5 =   -0.000   0.000 deg. for the L =   20, J =   21.0 channel.
      19.5  1.00000000 -0.00000001i: elastic S-matrix  @@      0.00  0   0 F  0
 Reaction Xsec    19.5-/20 @ 5 =   0.000#, Out:   0.000#   0.081#   1.054#   1.634#   2.929#   0.022/  -0.000f

   S-matrix    6 =    1.00000  -0.00000 for L=   22, J=   21.0 channel on core I =   1.5 from L=   22,  Acc. loss =  0.0 D.
 Elastic phase shift   6 =   -0.000   0.000 deg. for the L =   22, J =   21.0 channel.
      19.5  1.00000000 -0.00000001i: elastic S-matrix  @@      0.00  0   0 F  0
 Reaction Xsec    19.5-/22 @ 6 =   0.000#, Out:   0.000#   0.006#   0.039#   0.896#   1.895#   0.015/  -0.000f


 Total SPIN, PARITY =    20.5 +,     35 chs,      0 cc.  Rmin & Coul turning =    5.0   22.5
   S-matrix    1 =    1.00000  -0.00000 for L=   19, J=   19.0 channel on core I =   1.5 from L=   19,  Acc. loss =  0.0 D.
 Elastic phase shift   1 =   -0.000   0.000 deg. for the L =   19, J =   19.0 channel.
      20.5  1.00000000 -0.00000001i: elastic S-matrix  @@      0.00  0   0 F  0
 Reaction Xsec    20.5+/19 @ 1 =   0.001#, Out:   0.000#   0.034#   0.001#   6.908#   0.034/   0.515/  -0.001f

   S-matrix    2 =    1.00000  -0.00000 for L=   19, J=   20.0 channel on core I =   1.5 from L=   19,  Acc. loss =  0.0 D.
 Elastic phase shift   2 =   -0.000   0.000 deg. for the L =   19, J =   20.0 channel.
      20.5  1.00000000 -0.00000001i: elastic S-matrix  @@      0.00  0   0 F  0
 Reaction Xsec    20.5+/19 @ 2 =   0.001#, Out:   0.000#   0.280#   0.000#   5.869#   0.028/   0.419/  -0.000f

   S-matrix    3 =    1.00000  -0.00000 for L=   21, J=   20.0 channel on core I =   1.5 from L=   21,  Acc. loss =  0.0 D.
 Elastic phase shift   3 =   -0.000   0.000 deg. for the L =   21, J =   20.0 channel.
      20.5  1.00000000 -0.00000001i: elastic S-matrix  @@      0.00  0   0 F  0
 Reaction Xsec    20.5+/21 @ 3 =   0.000#, Out:   0.000#   0.003#   0.181#   7.519#   0.016/   0.128/  -0.000f

   S-matrix    4 =    1.00000  -0.00000 for L=   21, J=   21.0 channel on core I =   1.5 from L=   21,  Acc. loss =  0.0 D.
 Elastic phase shift   4 =   -0.000   0.000 deg. for the L =   21, J =   21.0 channel.
      20.5  1.00000000 -0.00000001i: elastic S-matrix  @@      0.00  0   0 F  0
 Reaction Xsec    20.5+/21 @ 4 =   0.000#, Out:   0.000#   0.046#   0.237#   5.979#   0.012/   0.102/  -0.000f

   S-matrix    5 =    1.00000  -0.00000 for L=   21, J=   22.0 channel on core I =   1.5 from L=   21,  Acc. loss =  0.0 D.
 Elastic phase shift   5 =   -0.000   0.000 deg. for the L =   21, J =   22.0 channel.
      20.5  1.00000000 -0.00000001i: elastic S-matrix  @@      0.00  0   0 F  0
 Reaction Xsec    20.5+/21 @ 5 =   0.000#, Out:   0.000#   0.036#   0.620#   1.697#   3.505#   0.029/  -0.000f

   S-matrix    6 =    1.00000  -0.00000 for L=   23, J=   22.0 channel on core I =   1.5 from L=   23,  Acc. loss =  0.0 D.
 Elastic phase shift   6 =   -0.000   0.000 deg. for the L =   23, J =   22.0 channel.
      20.5  1.00000000 -0.00000002i: elastic S-matrix  @@      0.00  0   0 F  0
 Reaction Xsec    20.5+/23 @ 6 =   0.000#, Out:   0.000#   0.001#   0.007#   0.165#   0.351#   2.702#  -0.000f


 Total SPIN, PARITY =    20.5 -,     35 chs,      0 cc.  Rmin & Coul turning =    5.0   22.5
   S-matrix    1 =    1.00000   0.00000 for L=   18, J=   19.0 channel on core I =   1.5 from L=   18,  Acc. loss =  0.0 D.
 Elastic phase shift   1 =    0.000   0.000 deg. for the L =   18, J =   19.0 channel.
      20.5  1.00000000  0.00000000i: elastic S-matrix  @@      0.00  0   0 F  0
 Reaction Xsec    20.5-/18 @ 1 =   0.004#, Out:   0.000#   0.001#   0.085#   0.817/   2.277/   0.027   -0.030f

   S-matrix    2 =    1.00000  -0.00000 for L=   20, J=   19.0 channel on core I =   1.5 from L=   20,  Acc. loss =  0.0 D.
 Elastic phase shift   2 =   -0.000   0.000 deg. for the L =   20, J =   19.0 channel.
      20.5  1.00000000 -0.00000001i: elastic S-matrix  @@      0.00  0   0 F  0
 Reaction Xsec    20.5-/20 @ 2 =   0.000#, Out:   0.000#   0.055#   0.024#   6.927#   0.012/   0.094/  -0.000f

   S-matrix    3 =    1.00000  -0.00000 for L=   20, J=   20.0 channel on core I =   1.5 from L=   20,  Acc. loss =  0.0 D.
 Elastic phase shift   3 =   -0.000   0.000 deg. for the L =   20, J =   20.0 channel.
      20.5  1.00000000 -0.00000001i: elastic S-matrix  @@      0.00  0   0 F  0
 Reaction Xsec    20.5-/20 @ 3 =   0.000#, Out:   0.000#   0.102#   0.141#   0.013/   0.024/   0.178/  -0.000f

   S-matrix    4 =    1.00000  -0.00000 for L=   20, J=   21.0 channel on core I =   1.5 from L=   20,  Acc. loss =  0.0 D.
 Elastic phase shift   4 =   -0.000   0.000 deg. for the L =   20, J =   21.0 channel.
      20.5  1.00000000 -0.00000001i: elastic S-matrix  @@      0.00  0   0 F  0
 Reaction Xsec    20.5-/20 @ 4 =   0.000#, Out:   0.000#   0.179#   0.800#   7.109#   0.013/   0.097/  -0.000f

   S-matrix    5 =    1.00000  -0.00000 for L=   22, J=   21.0 channel on core I =   1.5 from L=   22,  Acc. loss =  0.0 D.
 Elastic phase shift   5 =   -0.000   0.000 deg. for the L =   22, J =   21.0 channel.
      20.5  1.00000000 -0.00000001i: elastic S-matrix  @@      0.00  0   0 F  0
 Reaction Xsec    20.5-/22 @ 5 =   0.000#, Out:   0.000#   0.004#   0.005#   1.782#   3.784#   0.031/  -0.000f

   S-matrix    6 =    1.00000  -0.00000 for L=   22, J=   22.0 channel on core I =   1.5 from L=   22,  Acc. loss =  0.0 D.
 Elastic phase shift   6 =   -0.000   0.000 deg. for the L =   22, J =   22.0 channel.
      20.5  1.00000000 -0.00000001i: elastic S-matrix  @@      0.00  0   0 F  0
 Reaction Xsec    20.5-/22 @ 6 =   0.000#, Out:   0.000#   0.008#   0.109#   0.707#   1.498#   0.012/  -0.000f


 Total SPIN, PARITY =    21.5 +,     35 chs,      0 cc.  Rmin & Coul turning =    5.2   23.6
   S-matrix    1 =    1.00000  -0.00000 for L=   19, J=   20.0 channel on core I =   1.5 from L=   19,  Acc. loss =  0.0 D.
 Elastic phase shift   1 =   -0.000   0.000 deg. for the L =   19, J =   20.0 channel.
      21.5  1.00000000 -0.00000001i: elastic S-matrix  @@      0.00  0   0 F  0
 Reaction Xsec    21.5+/19 @ 1 =   0.001#, Out:   0.000#   0.001#   0.000#   0.012/   0.060/   0.915/  -0.001f

   S-matrix    2 =    1.00000  -0.00000 for L=   21, J=   20.0 channel on core I =   1.5 from L=   21,  Acc. loss =  0.0 D.
 Elastic phase shift   2 =   -0.000   0.000 deg. for the L =   21, J =   20.0 channel.
      21.5  1.00000000 -0.00000001i: elastic S-matrix  @@      0.00  0   0 F  0
 Reaction Xsec    21.5+/21 @ 2 =   0.000#, Out:   0.000#   0.025#   0.017#   6.926#   0.014/   0.118/  -0.000f

   S-matrix    3 =    1.00000  -0.00000 for L=   21, J=   21.0 channel on core I =   1.5 from L=   21,  Acc. loss =  0.0 D.
 Elastic phase shift   3 =   -0.000   0.000 deg. for the L =   21, J =   21.0 channel.
      21.5  1.00000000 -0.00000001i: elastic S-matrix  @@      0.00  0   0 F  0
 Reaction Xsec    21.5+/21 @ 3 =   0.000#, Out:   0.000#   0.045#   0.084#   0.013/   0.027/   0.225/  -0.000f

   S-matrix    4 =    1.00000  -0.00000 for L=   21, J=   22.0 channel on core I =   1.5 from L=   21,  Acc. loss =  0.0 D.
 Elastic phase shift   4 =   -0.000   0.000 deg. for the L =   21, J =   22.0 channel.
      21.5  1.00000000 -0.00000001i: elastic S-matrix  @@      0.00  0   0 F  0
 Reaction Xsec    21.5+/21 @ 4 =   0.000#, Out:   0.000#   0.080#   0.469#   7.205#   0.015/   0.123/  -0.000f

   S-matrix    5 =    1.00000  -0.00000 for L=   23, J=   22.0 channel on core I =   1.5 from L=   23,  Acc. loss =  0.0 D.
 Elastic phase shift   5 =   -0.000   0.000 deg. for the L =   23, J =   22.0 channel.
      21.5  1.00000000 -0.00000002i: elastic S-matrix  @@      0.00  0   0 F  0
 Reaction Xsec    21.5+/23 @ 5 =   0.000#, Out:   0.000#   0.001#   0.001#   0.336#   0.718#   5.615#  -0.000f

   S-matrix    6 =    1.00000  -0.00000 for L=   23, J=   23.0 channel on core I =   1.5 from L=   23,  Acc. loss =  0.0 D.
 Elastic phase shift   6 =   -0.000   0.000 deg. for the L =   23, J =   23.0 channel.
      21.5  1.00000000 -0.00000002i: elastic S-matrix  @@      0.00  0   0 F  0
 Reaction Xsec    21.5+/23 @ 6 =   0.000#, Out:   0.000#   0.002#   0.021#   0.131#   0.280#   2.168#  -0.000f


 Total SPIN, PARITY =    21.5 -,     35 chs,      0 cc.  Rmin & Coul turning =    5.2   23.6
   S-matrix    1 =    1.00000  -0.00000 for L=   20, J=   20.0 channel on core I =   1.5 from L=   20,  Acc. loss =  0.0 D.
 Elastic phase shift   1 =   -0.000   0.000 deg. for the L =   20, J =   20.0 channel.
      21.5  1.00000000 -0.00000001i: elastic S-matrix  @@      0.00  0   0 F  0
 Reaction Xsec    21.5-/20 @ 1 =   0.000#, Out:   0.000#   0.027#   0.015#   0.025/   0.045/   0.339/  -0.000f

   S-matrix    2 =    1.00000  -0.00000 for L=   20, J=   21.0 channel on core I =   1.5 from L=   20,  Acc. loss =  0.0 D.
 Elastic phase shift   2 =   -0.000   0.000 deg. for the L =   20, J =   21.0 channel.
      21.5  1.00000000 -0.00000001i: elastic S-matrix  @@      0.00  0   0 F  0
 Reaction Xsec    21.5-/20 @ 2 =   0.000#, Out:   0.000#   0.202#   0.001#   0.020/   0.036/   0.270/  -0.000f

   S-matrix    3 =    1.00000  -0.00000 for L=   22, J=   21.0 channel on core I =   1.5 from L=   22,  Acc. loss =  0.0 D.
 Elastic phase shift   3 =   -0.000   0.000 deg. for the L =   22, J =   21.0 channel.
      21.5  1.00000000 -0.00000001i: elastic S-matrix  @@      0.00  0   0 F  0
 Reaction Xsec    21.5-/22 @ 3 =   0.000#, Out:   0.000#   0.001#   0.055#   2.525#   5.368#   0.044/  -0.000f

   S-matrix    4 =    1.00000  -0.00000 for L=   22, J=   22.0 channel on core I =   1.5 from L=   22,  Acc. loss =  0.0 D.
 Elastic phase shift   4 =   -0.000   0.000 deg. for the L =   22, J =   22.0 channel.
      21.5  1.00000000 -0.00000001i: elastic S-matrix  @@      0.00  0   0 F  0
 Reaction Xsec    21.5-/22 @ 4 =   0.000#, Out:   0.000#   0.013#   0.071#   2.014#   4.280#   0.035/  -0.000f

   S-matrix    5 =    1.00000  -0.00000 for L=   22, J=   23.0 channel on core I =   1.5 from L=   22,  Acc. loss =  0.0 D.
 Elastic phase shift   5 =   -0.000   0.000 deg. for the L =   22, J =   23.0 channel.
      21.5  1.00000000 -0.00000001i: elastic S-matrix  @@      0.00  0   0 F  0
 Reaction Xsec    21.5-/22 @ 5 =   0.000#, Out:   0.000#   0.010#   0.187#   0.571#   1.213#   9.797#  -0.000f

   S-matrix    6 =    1.00000  -0.00000 for L=   24, J=   23.0 channel on core I =   1.5 from L=   24,  Acc. loss =  0.0 D.
 Elastic phase shift   6 =   -0.000   0.000 deg. for the L =   24, J =   23.0 channel.
      21.5  1.00000000 -0.00000002i: elastic S-matrix  @@      0.00  0   0 F  0
 Reaction Xsec    21.5-/24 @ 6 =   0.000#, Out:   0.000#   0.000#   0.001#   0.020#   0.043#   0.318#  -0.000f


 Total SPIN, PARITY =    22.5 +,     35 chs,      0 cc.  Rmin & Coul turning =    5.5   24.7
   S-matrix    1 =    1.00000  -0.00000 for L=   21, J=   21.0 channel on core I =   1.5 from L=   21,  Acc. loss =  0.0 D.
 Elastic phase shift   1 =   -0.000   0.000 deg. for the L =   21, J =   21.0 channel.
      22.5  1.00000000 -0.00000001i: elastic S-matrix  @@      0.00  0   0 F  0
 Reaction Xsec    22.5+/21 @ 1 =   0.000#, Out:   0.000#   0.012#   0.011#   0.025/   0.051/   0.424/  -0.001f

   S-matrix    2 =    1.00000  -0.00000 for L=   21, J=   22.0 channel on core I =   1.5 from L=   21,  Acc. loss =  0.0 D.
 Elastic phase shift   2 =   -0.000   0.000 deg. for the L =   21, J =   22.0 channel.
      22.5  1.00000000 -0.00000001i: elastic S-matrix  @@      0.00  0   0 F  0
 Reaction Xsec    22.5+/21 @ 2 =   0.000#, Out:   0.000#   0.090#   0.001#   0.020/   0.041/   0.339/  -0.000f

   S-matrix    3 =    1.00000  -0.00000 for L=   23, J=   22.0 channel on core I =   1.5 from L=   23,  Acc. loss =  0.0 D.
 Elastic phase shift   3 =   -0.000   0.000 deg. for the L =   23, J =   22.0 channel.
      22.5  1.00000000 -0.00000002i: elastic S-matrix  @@      0.00  0   0 F  0
 Reaction Xsec    22.5+/23 @ 3 =   0.000#, Out:   0.000#   0.000#   0.010#   0.477#   1.021#   8.016#  -0.000f

   S-matrix    4 =    1.00000  -0.00000 for L=   23, J=   23.0 channel on core I =   1.5 from L=   23,  Acc. loss =  0.0 D.
 Elastic phase shift   4 =   -0.000   0.000 deg. for the L =   23, J =   23.0 channel.
      22.5  1.00000000 -0.00000002i: elastic S-matrix  @@      0.00  0   0 F  0
 Reaction Xsec    22.5+/23 @ 4 =   0.000#, Out:   0.000#   0.003#   0.013#   0.381#   0.815#   6.388#  -0.000f

   S-matrix    5 =    1.00000  -0.00000 for L=   23, J=   24.0 channel on core I =   1.5 from L=   23,  Acc. loss =  0.0 D.
 Elastic phase shift   5 =   -0.000   0.000 deg. for the L =   23, J =   24.0 channel.
      22.5  1.00000000 -0.00000002i: elastic S-matrix  @@      0.00  0   0 F  0
 Reaction Xsec    22.5+/23 @ 5 =   0.000#, Out:   0.000#   0.002#   0.036#   0.108#   0.230#   1.803#  -0.000f

   S-matrix    6 =    1.00000  -0.00000 for L=   25, J=   24.0 channel on core I =   1.5 from L=   25,  Acc. loss =  0.0 D.
 Elastic phase shift   6 =   -0.000  -0.000 deg. for the L =   25, J =   24.0 channel.
      22.5  1.00000000 -0.00000002i: elastic S-matrix  @@      0.00  0   0 F  0
 Reaction Xsec    22.5+/25 @ 6 =  -0.000#, Out:   0.000#   0.000#   0.000#   0.002#   0.004#   0.027#  -0.000f


 Total SPIN, PARITY =    22.5 -,     35 chs,      0 cc.  Rmin & Coul turning =    5.5   24.7
   S-matrix    1 =    1.00000  -0.00000 for L=   20, J=   21.0 channel on core I =   1.5 from L=   20,  Acc. loss =  0.0 D.
 Elastic phase shift   1 =   -0.000   0.000 deg. for the L =   20, J =   21.0 channel.
      22.5  1.00000000 -0.00000001i: elastic S-matrix  @@      0.00  0   0 F  0
 Reaction Xsec    22.5-/20 @ 1 =   0.000#, Out:   0.000#   0.002#   0.006#   0.044/   0.080/   0.605/  -0.001f

   S-matrix    2 =    1.00000  -0.00000 for L=   22, J=   21.0 channel on core I =   1.5 from L=   22,  Acc. loss =  0.0 D.
 Elastic phase shift   2 =   -0.000   0.000 deg. for the L =   22, J =   21.0 channel.
      22.5  1.00000000 -0.00000001i: elastic S-matrix  @@      0.00  0   0 F  0
 Reaction Xsec    22.5-/22 @ 2 =   0.000#, Out:   0.000#   0.007#   0.005#   2.317#   4.928#   0.040/  -0.000f

   S-matrix    3 =    1.00000  -0.00000 for L=   22, J=   22.0 channel on core I =   1.5 from L=   22,  Acc. loss =  0.0 D.
 Elastic phase shift   3 =   -0.000   0.000 deg. for the L =   22, J =   22.0 channel.
      22.5  1.00000000 -0.00000001i: elastic S-matrix  @@      0.00  0   0 F  0
 Reaction Xsec    22.5-/22 @ 3 =   0.000#, Out:   0.000#   0.013#   0.026#   4.423#   9.405#   0.076/  -0.000f

   S-matrix    4 =    1.00000  -0.00000 for L=   22, J=   23.0 channel on core I =   1.5 from L=   22,  Acc. loss =  0.0 D.
 Elastic phase shift   4 =   -0.000   0.000 deg. for the L =   22, J =   23.0 channel.
      22.5  1.00000000 -0.00000001i: elastic S-matrix  @@      0.00  0   0 F  0
 Reaction Xsec    22.5-/22 @ 4 =   0.000#, Out:   0.000#   0.023#   0.141#   2.424#   5.153#   0.042/  -0.000f

   S-matrix    5 =    1.00000  -0.00000 for L=   24, J=   23.0 channel on core I =   1.5 from L=   24,  Acc. loss =  0.0 D.
 Elastic phase shift   5 =   -0.000   0.000 deg. for the L =   24, J =   23.0 channel.
      22.5  1.00000000 -0.00000002i: elastic S-matrix  @@      0.00  0   0 F  0
 Reaction Xsec    22.5-/24 @ 5 =   0.000#, Out:   0.000#   0.000#   0.000#   0.042#   0.090#   0.675#  -0.000f

   S-matrix    6 =    1.00000  -0.00000 for L=   24, J=   24.0 channel on core I =   1.5 from L=   24,  Acc. loss =  0.0 D.
 Elastic phase shift   6 =   -0.000   0.000 deg. for the L =   24, J =   24.0 channel.
      22.5  1.00000000 -0.00000002i: elastic S-matrix  @@      0.00  0   0 F  0
 Reaction Xsec    22.5-/24 @ 6 =   0.000#, Out:   0.000#   0.000#   0.003#   0.016#   0.034#   0.257#  -0.000f


 Total SPIN, PARITY =    23.5 +,     35 chs,      0 cc.  Rmin & Coul turning =    5.7   25.7
   S-matrix    1 =    1.00000  -0.00000 for L=   21, J=   22.0 channel on core I =   1.5 from L=   21,  Acc. loss =  0.0 D.
 Elastic phase shift   1 =   -0.000   0.000 deg. for the L =   21, J =   22.0 channel.
      23.5  1.00000000 -0.00000001i: elastic S-matrix  @@      0.00  0   0 F  0
 Reaction Xsec    23.5+/21 @ 1 =   0.000#, Out:   0.000#   0.001#   0.004#   0.044/   0.091/   0.755/  -0.001f

   S-matrix    2 =    1.00000  -0.00000 for L=   23, J=   22.0 channel on core I =   1.5 from L=   23,  Acc. loss =  0.0 D.
 Elastic phase shift   2 =   -0.000   0.000 deg. for the L =   23, J =   22.0 channel.
      23.5  1.00000000 -0.00000002i: elastic S-matrix  @@      0.00  0   0 F  0
 Reaction Xsec    23.5+/23 @ 2 =   0.000#, Out:   0.000#   0.001#   0.001#   0.437#   0.935#   7.350#  -0.000f

   S-matrix    3 =    1.00000  -0.00000 for L=   23, J=   23.0 channel on core I =   1.5 from L=   23,  Acc. loss =  0.0 D.
 Elastic phase shift   3 =   -0.000   0.000 deg. for the L =   23, J =   23.0 channel.
      23.5  1.00000000 -0.00000002i: elastic S-matrix  @@      0.00  0   0 F  0
 Reaction Xsec    23.5+/23 @ 3 =   0.000#, Out:   0.000#   0.002#   0.005#   0.837#   1.791#   0.014/  -0.000f

   S-matrix    4 =    1.00000  -0.00000 for L=   23, J=   24.0 channel on core I =   1.5 from L=   23,  Acc. loss =  0.0 D.
 Elastic phase shift   4 =   -0.000   0.000 deg. for the L =   23, J =   24.0 channel.
      23.5  1.00000000 -0.00000002i: elastic S-matrix  @@      0.00  0   0 F  0
 Reaction Xsec    23.5+/23 @ 4 =   0.000#, Out:   0.000#   0.004#   0.027#   0.459#   0.982#   7.708#  -0.000f

   S-matrix    5 =    1.00000  -0.00000 for L=   25, J=   24.0 channel on core I =   1.5 from L=   25,  Acc. loss =  0.0 D.
 Elastic phase shift   5 =   -0.000  -0.000 deg. for the L =   25, J =   24.0 channel.
      23.5  1.00000000 -0.00000002i: elastic S-matrix  @@      0.00  0   0 F  0
 Reaction Xsec    23.5+/25 @ 5 =  -0.000#, Out:   0.000#   0.000#   0.000#   0.004#   0.008#   0.058#  -0.000f

   S-matrix    6 =    1.00000  -0.00000 for L=   25, J=   25.0 channel on core I =   1.5 from L=   25,  Acc. loss =  0.0 D.
 Elastic phase shift   6 =   -0.000  -0.000 deg. for the L =   25, J =   25.0 channel.
      23.5  1.00000000 -0.00000002i: elastic S-matrix  @@      0.00  0   0 F  0
 Reaction Xsec    23.5+/25 @ 6 =  -0.000#, Out:   0.000#   0.000#   0.000#   0.001#   0.003#   0.022#  -0.000f


 Total SPIN, PARITY =    23.5 -,     35 chs,      0 cc.  Rmin & Coul turning =    5.7   25.7
   S-matrix    1 =    1.00000  -0.00000 for L=   22, J=   22.0 channel on core I =   1.5 from L=   22,  Acc. loss =  0.0 D.
 Elastic phase shift   1 =   -0.000   0.000 deg. for the L =   22, J =   22.0 channel.
      23.5  1.00000000 -0.00000001i: elastic S-matrix  @@      0.00  0   0 F  0
 Reaction Xsec    23.5-/22 @ 1 =   0.000#, Out:   0.000#   0.003#   0.003#   8.303#   0.018/   0.143/  -0.000f

   S-matrix    2 =    1.00000  -0.00000 for L=   22, J=   23.0 channel on core I =   1.5 from L=   22,  Acc. loss =  0.0 D.
 Elastic phase shift   2 =   -0.000   0.000 deg. for the L =   22, J =   23.0 channel.
      23.5  1.00000000 -0.00000001i: elastic S-matrix  @@      0.00  0   0 F  0
 Reaction Xsec    23.5-/22 @ 2 =   0.000#, Out:   0.000#   0.025#   0.000#   6.658#   0.014/   0.115/  -0.000f

   S-matrix    3 =    1.00000  -0.00000 for L=   24, J=   23.0 channel on core I =   1.5 from L=   24,  Acc. loss =  0.0 D.
 Elastic phase shift   3 =   -0.000   0.000 deg. for the L =   24, J =   23.0 channel.
      23.5  1.00000000 -0.00000002i: elastic S-matrix  @@      0.00  0   0 F  0
 Reaction Xsec    23.5-/24 @ 3 =   0.000#, Out:   0.000#   0.000#   0.001#   0.060#   0.128#   0.965#  -0.000f

   S-matrix    4 =    1.00000  -0.00000 for L=   24, J=   24.0 channel on core I =   1.5 from L=   24,  Acc. loss =  0.0 D.
 Elastic phase shift   4 =   -0.000   0.000 deg. for the L =   24, J =   24.0 channel.
      23.5  1.00000000 -0.00000002i: elastic S-matrix  @@      0.00  0   0 F  0
 Reaction Xsec    23.5-/24 @ 4 =   0.000#, Out:   0.000#   0.000#   0.002#   0.048#   0.102#   0.770#  -0.000f

   S-matrix    5 =    1.00000  -0.00000 for L=   24, J=   25.0 channel on core I =   1.5 from L=   24,  Acc. loss =  0.0 D.
 Elastic phase shift   5 =   -0.000   0.000 deg. for the L =   24, J =   25.0 channel.
      23.5  1.00000000 -0.00000002i: elastic S-matrix  @@      0.00  0   0 F  0
 Reaction Xsec    23.5-/24 @ 5 =   0.000#, Out:   0.000#   0.000#   0.005#   0.013#   0.029#   0.217#  -0.000f

   S-matrix    6 =    1.00000  -0.00000 for L=   26, J=   25.0 channel on core I =   1.5 from L=   26,  Acc. loss =  0.0 D.
 Elastic phase shift   6 =   -0.000   0.000 deg. for the L =   26, J =   25.0 channel.
      23.5  1.00000000 -0.00000001i: elastic S-matrix  @@      0.00  0   0 F  0
 Reaction Xsec    23.5-/26 @ 6 =   0.000#, Out:   0.000#   0.000#   0.000#   0.000#   0.000#   0.002#  -0.000f


 Total SPIN, PARITY =    24.5 +,     35 chs,      0 cc.  Rmin & Coul turning =    6.0   26.8
   S-matrix    1 =    1.00000  -0.00000 for L=   23, J=   23.0 channel on core I =   1.5 from L=   23,  Acc. loss =  0.0 D.
 Elastic phase shift   1 =   -0.000   0.000 deg. for the L =   23, J =   23.0 channel.
      24.5  1.00000000 -0.00000002i: elastic S-matrix  @@      0.00  0   0 F  0
 Reaction Xsec    24.5+/23 @ 1 =   0.000#, Out:   0.000#   0.001#   0.000#   1.565#   3.349#   0.026/  -0.000f

   S-matrix    2 =    1.00000  -0.00000 for L=   23, J=   24.0 channel on core I =   1.5 from L=   23,  Acc. loss =  0.0 D.
 Elastic phase shift   2 =   -0.000   0.000 deg. for the L =   23, J =   24.0 channel.
      24.5  1.00000000 -0.00000002i: elastic S-matrix  @@      0.00  0   0 F  0
 Reaction Xsec    24.5+/23 @ 2 =   0.000#, Out:   0.000#   0.005#   0.000#   1.258#   2.692#   0.021/  -0.000f

   S-matrix    3 =    1.00000  -0.00000 for L=   25, J=   24.0 channel on core I =   1.5 from L=   25,  Acc. loss =  0.0 D.
 Elastic phase shift   3 =   -0.000   0.000 deg. for the L =   25, J =   24.0 channel.
      24.5  1.00000000 -0.00000002i: elastic S-matrix  @@      0.00  0   0 F  0
 Reaction Xsec    24.5+/25 @ 3 =   0.000#, Out:   0.000#   0.000#   0.000#   0.005#   0.011#   0.083#  -0.000f

   S-matrix    4 =    1.00000  -0.00000 for L=   25, J=   25.0 channel on core I =   1.5 from L=   25,  Acc. loss =  0.0 D.
 Elastic phase shift   4 =   -0.000   0.000 deg. for the L =   25, J =   25.0 channel.
      24.5  1.00000000 -0.00000002i: elastic S-matrix  @@      0.00  0   0 F  0
 Reaction Xsec    24.5+/25 @ 4 =   0.000#, Out:   0.000#   0.000#   0.000#   0.004#   0.009#   0.066#  -0.000f

   S-matrix    5 =    1.00000  -0.00000 for L=   25, J=   26.0 channel on core I =   1.5 from L=   25,  Acc. loss =  0.0 D.
 Elastic phase shift   5 =   -0.000   0.000 deg. for the L =   25, J =   26.0 channel.
      24.5  1.00000000 -0.00000002i: elastic S-matrix  @@      0.00  0   0 F  0
 Reaction Xsec    24.5+/25 @ 5 =   0.000#, Out:   0.000#   0.000#   0.000#   0.001#   0.003#   0.019#  -0.000f

   S-matrix    6 =    1.00000  -0.00000 for L=   27, J=   26.0 channel on core I =   1.5 from L=   27,  Acc. loss =  0.0 D.
 Elastic phase shift   6 =   -0.000  -0.000 deg. for the L =   27, J =   26.0 channel.
      24.5  1.00000000 -0.00000000i: elastic S-matrix  @@      0.00  0   0 F  0
 Reaction Xsec    24.5+/27 @ 6 =  -0.000#, Out:   0.000#   0.000#   0.000#   0.000#   0.000#   0.000#  -0.000f


 Total SPIN, PARITY =    24.5 -,     35 chs,      0 cc.  Rmin & Coul turning =    6.0   26.8
   S-matrix    1 =    1.00000  -0.00000 for L=   22, J=   23.0 channel on core I =   1.5 from L=   22,  Acc. loss =  0.0 D.
 Elastic phase shift   1 =   -0.000   0.000 deg. for the L =   22, J =   23.0 channel.
      24.5  1.00000000 -0.00000001i: elastic S-matrix  @@      0.00  0   0 F  0
 Reaction Xsec    24.5-/22 @ 1 =   0.000#, Out:   0.000#   0.000#   0.001#   0.015/   0.031/   0.255/  -0.000f

   S-matrix    2 =    1.00000  -0.00000 for L=   24, J=   23.0 channel on core I =   1.5 from L=   24,  Acc. loss =  0.0 D.
 Elastic phase shift   2 =   -0.000   0.000 deg. for the L =   24, J =   23.0 channel.
      24.5  1.00000000 -0.00000002i: elastic S-matrix  @@      0.00  0   0 F  0
 Reaction Xsec    24.5-/24 @ 2 =   0.000#, Out:   0.000#   0.000#   0.000#   0.055#   0.117#   0.883#  -0.000f

   S-matrix    3 =    1.00000  -0.00000 for L=   24, J=   24.0 channel on core I =   1.5 from L=   24,  Acc. loss =  0.0 D.
 Elastic phase shift   3 =   -0.000   0.000 deg. for the L =   24, J =   24.0 channel.
      24.5  1.00000000 -0.00000002i: elastic S-matrix  @@      0.00  0   0 F  0
 Reaction Xsec    24.5-/24 @ 3 =   0.000#, Out:   0.000#   0.000#   0.001#   0.105#   0.224#   1.696#  -0.000f

   S-matrix    4 =    1.00000  -0.00000 for L=   24, J=   25.0 channel on core I =   1.5 from L=   24,  Acc. loss =  0.0 D.
 Elastic phase shift   4 =   -0.000   0.000 deg. for the L =   24, J =   25.0 channel.
      24.5  1.00000000 -0.00000002i: elastic S-matrix  @@      0.00  0   0 F  0
 Reaction Xsec    24.5-/24 @ 4 =   0.000#, Out:   0.000#   0.001#   0.003#   0.058#   0.123#   0.929#  -0.000f

   S-matrix    5 =    1.00000  -0.00000 for L=   26, J=   25.0 channel on core I =   1.5 from L=   26,  Acc. loss =  0.0 D.
 Elastic phase shift   5 =   -0.000   0.000 deg. for the L =   26, J =   25.0 channel.
      24.5  1.00000000 -0.00000001i: elastic S-matrix  @@      0.00  0   0 F  0
 Reaction Xsec    24.5-/26 @ 5 =   0.000#, Out:   0.000#   0.000#   0.000#   0.000#   0.001#   0.004#  -0.000f

   S-matrix    6 =    1.00000  -0.00000 for L=   26, J=   26.0 channel on core I =   1.5 from L=   26,  Acc. loss =  0.0 D.
 Elastic phase shift   6 =   -0.000   0.000 deg. for the L =   26, J =   26.0 channel.
      24.5  1.00000000 -0.00000001i: elastic S-matrix  @@      0.00  0   0 F  0
 Reaction Xsec    24.5-/26 @ 6 =   0.000#, Out:   0.000#   0.000#   0.000#   0.000#   0.000#   0.001#  -0.000f


 Total SPIN, PARITY =    25.5 +,     35 chs,      0 cc.  Rmin & Coul turning =    6.2   27.9
   S-matrix    1 =    1.00000  -0.00000 for L=   23, J=   24.0 channel on core I =   1.5 from L=   23,  Acc. loss =  0.0 D.
 Elastic phase shift   1 =   -0.000   0.000 deg. for the L =   23, J =   24.0 channel.
      25.5  1.00000000 -0.00000002i: elastic S-matrix  @@      0.00  0   0 F  0
 Reaction Xsec    25.5+/23 @ 1 =   0.000#, Out:   0.000#   0.000#   0.000#   2.777#   5.943#   0.047/  -0.000f

   S-matrix    2 =    1.00000  -0.00000 for L=   25, J=   24.0 channel on core I =   1.5 from L=   25,  Acc. loss =  0.0 D.
 Elastic phase shift   2 =   -0.000   0.000 deg. for the L =   25, J =   24.0 channel.
      25.5  1.00000000 -0.00000002i: elastic S-matrix  @@      0.00  0   0 F  0
 Reaction Xsec    25.5+/25 @ 2 =   0.000#, Out:   0.000#   0.000#   0.000#   0.005#   0.010#   0.076#  -0.000f

   S-matrix    3 =    1.00000  -0.00000 for L=   25, J=   25.0 channel on core I =   1.5 from L=   25,  Acc. loss =  0.0 D.
 Elastic phase shift   3 =   -0.000   0.000 deg. for the L =   25, J =   25.0 channel.
      25.5  1.00000000 -0.00000002i: elastic S-matrix  @@      0.00  0   0 F  0
 Reaction Xsec    25.5+/25 @ 3 =   0.000#, Out:   0.000#   0.000#   0.000#   0.009#   0.020#   0.146#  -0.000f

   S-matrix    4 =    1.00000  -0.00000 for L=   25, J=   26.0 channel on core I =   1.5 from L=   25,  Acc. loss =  0.0 D.
 Elastic phase shift   4 =   -0.000   0.000 deg. for the L =   25, J =   26.0 channel.
      25.5  1.00000000 -0.00000002i: elastic S-matrix  @@      0.00  0   0 F  0
 Reaction Xsec    25.5+/25 @ 4 =   0.000#, Out:   0.000#   0.000#   0.000#   0.005#   0.011#   0.080#  -0.000f

   S-matrix    5 =    1.00000  -0.00000 for L=   27, J=   26.0 channel on core I =   1.5 from L=   27,  Acc. loss =  0.0 D.
 Elastic phase shift   5 =   -0.000  -0.000 deg. for the L =   27, J =   26.0 channel.
      25.5  1.00000000 -0.00000000i: elastic S-matrix  @@      0.00  0   0 F  0
 Reaction Xsec    25.5+/27 @ 5 =   0.000#, Out:   0.000#   0.000#   0.000#   0.000#   0.000#   0.000#  -0.000f

   S-matrix    6 =    1.00000  -0.00000 for L=   27, J=   27.0 channel on core I =   1.5 from L=   27,  Acc. loss =  0.0 D.
 Elastic phase shift   6 =   -0.000  -0.000 deg. for the L =   27, J =   27.0 channel.
      25.5  1.00000000 -0.00000000i: elastic S-matrix  @@      0.00  0   0 F  0
 Reaction Xsec    25.5+/27 @ 6 =   0.000#, Out:   0.000#   0.000#   0.000#   0.000#   0.000#   0.000#  -0.000f


 Total SPIN, PARITY =    25.5 -,     35 chs,      0 cc.  Rmin & Coul turning =    6.2   27.9
   S-matrix    1 =    1.00000  -0.00000 for L=   24, J=   24.0 channel on core I =   1.5 from L=   24,  Acc. loss =  0.0 D.
 Elastic phase shift   1 =   -0.000   0.000 deg. for the L =   24, J =   24.0 channel.
      25.5  1.00000000 -0.00000002i: elastic S-matrix  @@      0.00  0   0 F  0
 Reaction Xsec    25.5-/24 @ 1 =   0.000#, Out:   0.000#   0.000#   0.000#   0.196#   0.418#   3.162#  -0.000f

   S-matrix    2 =    1.00000  -0.00000 for L=   24, J=   25.0 channel on core I =   1.5 from L=   24,  Acc. loss =  0.0 D.
 Elastic phase shift   2 =   -0.000   0.000 deg. for the L =   24, J =   25.0 channel.
      25.5  1.00000000 -0.00000002i: elastic S-matrix  @@      0.00  0   0 F  0
 Reaction Xsec    25.5-/24 @ 2 =   0.000#, Out:   0.000#   0.001#   0.000#   0.157#   0.336#   2.546#  -0.000f

   S-matrix    3 =    1.00000  -0.00000 for L=   26, J=   25.0 channel on core I =   1.5 from L=   26,  Acc. loss =  0.0 D.
 Elastic phase shift   3 =   -0.000   0.000 deg. for the L =   26, J =   25.0 channel.
      25.5  1.00000000 -0.00000001i: elastic S-matrix  @@      0.00  0   0 F  0
 Reaction Xsec    25.5-/26 @ 3 =   0.000#, Out:   0.000#   0.000#   0.000#   0.000#   0.001#   0.005#  -0.000f

   S-matrix    4 =    1.00000  -0.00000 for L=   26, J=   26.0 channel on core I =   1.5 from L=   26,  Acc. loss =  0.0 D.
 Elastic phase shift   4 =   -0.000   0.000 deg. for the L =   26, J =   26.0 channel.
      25.5  1.00000000 -0.00000001i: elastic S-matrix  @@      0.00  0   0 F  0
 Reaction Xsec    25.5-/26 @ 4 =   0.000#, Out:   0.000#   0.000#   0.000#   0.000#   0.001#   0.004#  -0.000f

   S-matrix    5 =    1.00000  -0.00000 for L=   26, J=   27.0 channel on core I =   1.5 from L=   26,  Acc. loss =  0.0 D.
 Elastic phase shift   5 =   -0.000   0.000 deg. for the L =   26, J =   27.0 channel.
      25.5  1.00000000 -0.00000001i: elastic S-matrix  @@      0.00  0   0 F  0
 Reaction Xsec    25.5-/26 @ 5 =   0.000#, Out:   0.000#   0.000#   0.000#   0.000#   0.000#   0.001#  -0.000f

   S-matrix    6 =    1.00000  -0.00000 for L=   28, J=   27.0 channel on core I =   1.5 from L=   28,  Acc. loss =  0.0 D.
 Elastic phase shift   6 =   -0.000  -0.000 deg. for the L =   28, J =   27.0 channel.
      25.5  1.00000000 -0.00000000i: elastic S-matrix  @@      0.00  0   0 F  0
 Reaction Xsec    25.5-/28 @ 6 =  -0.000#, Out:   0.000#   0.000#   0.000#   0.000#   0.000#   0.000#  -0.000f


 Total SPIN, PARITY =    26.5 +,     35 chs,      0 cc.  Rmin & Coul turning =    6.5   29.0
   S-matrix    1 =    1.00000  -0.00000 for L=   25, J=   25.0 channel on core I =   1.5 from L=   25,  Acc. loss =  0.0 D.
 Elastic phase shift   1 =   -0.000   0.000 deg. for the L =   25, J =   25.0 channel.
      26.5  1.00000000 -0.00000002i: elastic S-matrix  @@      0.00  0   0 F  0
 Reaction Xsec    26.5+/25 @ 1 =   0.000#, Out:   0.000#   0.000#   0.000#   0.018#   0.037#   0.271#  -0.000f

   S-matrix    2 =    1.00000  -0.00000 for L=   25, J=   26.0 channel on core I =   1.5 from L=   25,  Acc. loss =  0.0 D.
 Elastic phase shift   2 =   -0.000   0.000 deg. for the L =   25, J =   26.0 channel.
      26.5  1.00000000 -0.00000002i: elastic S-matrix  @@      0.00  0   0 F  0
 Reaction Xsec    26.5+/25 @ 2 =   0.000#, Out:   0.000#   0.000#   0.000#   0.014#   0.030#   0.218#  -0.000f

   S-matrix    3 =    1.00000  -0.00000 for L=   27, J=   26.0 channel on core I =   1.5 from L=   27,  Acc. loss =  0.0 D.
 Elastic phase shift   3 =   -0.000   0.000 deg. for the L =   27, J =   26.0 channel.
      26.5  1.00000000 -0.00000000i: elastic S-matrix  @@      0.00  0   0 F  0
 Reaction Xsec    26.5+/27 @ 3 =   0.000#, Out:   0.000#   0.000#   0.000#   0.000#   0.000#   0.000#  -0.000f

   S-matrix    4 =    1.00000  -0.00000 for L=   27, J=   27.0 channel on core I =   1.5 from L=   27,  Acc. loss =  0.0 D.
 Elastic phase shift   4 =   -0.000   0.000 deg. for the L =   27, J =   27.0 channel.
      26.5  1.00000000 -0.00000000i: elastic S-matrix  @@      0.00  0   0 F  0
 Reaction Xsec    26.5+/27 @ 4 =   0.000#, Out:   0.000#   0.000#   0.000#   0.000#   0.000#   0.000#  -0.000f

   S-matrix    5 =    1.00000  -0.00000 for L=   27, J=   28.0 channel on core I =   1.5 from L=   27,  Acc. loss =  0.0 D.
 Elastic phase shift   5 =   -0.000   0.000 deg. for the L =   27, J =   28.0 channel.
      26.5  1.00000000 -0.00000000i: elastic S-matrix  @@      0.00  0   0 F  0
 Reaction Xsec    26.5+/27 @ 5 =   0.000#, Out:   0.000#   0.000#   0.000#   0.000#   0.000#   0.000#  -0.000f

   S-matrix    6 =    1.00000   0.00000 for L=   29, J=   28.0 channel on core I =   1.5 from L=   29,  Acc. loss =  0.0 D.
 Elastic phase shift   6 =    0.000  -0.000 deg. for the L =   29, J =   28.0 channel.
      26.5  1.00000000  0.00000000i: elastic S-matrix  @@      0.00  0   0 F  0
 Reaction Xsec    26.5+/29 @ 6 =   0.000#, Out:   0.000#   0.000#   0.000#   0.000#   0.000#   0.000#  -0.000f


 Total SPIN, PARITY =    26.5 -,     35 chs,      0 cc.  Rmin & Coul turning =    6.5   29.0
   S-matrix    1 =    1.00000  -0.00000 for L=   24, J=   25.0 channel on core I =   1.5 from L=   24,  Acc. loss =  0.0 D.
 Elastic phase shift   1 =   -0.000   0.000 deg. for the L =   24, J =   25.0 channel.
      26.5  1.00000000 -0.00000002i: elastic S-matrix  @@      0.00  0   0 F  0
 Reaction Xsec    26.5-/24 @ 1 =   0.000#, Out:   0.000#   0.000#   0.000#   0.346#   0.740#   5.604#  -0.000f

   S-matrix    2 =    1.00000  -0.00000 for L=   26, J=   25.0 channel on core I =   1.5 from L=   26,  Acc. loss =  0.0 D.
 Elastic phase shift   2 =   -0.000   0.000 deg. for the L =   26, J =   25.0 channel.
      26.5  1.00000000 -0.00000001i: elastic S-matrix  @@      0.00  0   0 F  0
 Reaction Xsec    26.5-/26 @ 2 =   0.000#, Out:   0.000#   0.000#   0.000#   0.000#   0.001#   0.005#  -0.000f

   S-matrix    3 =    1.00000  -0.00000 for L=   26, J=   26.0 channel on core I =   1.5 from L=   26,  Acc. loss =  0.0 D.
 Elastic phase shift   3 =   -0.000   0.000 deg. for the L =   26, J =   26.0 channel.
      26.5  1.00000000 -0.00000001i: elastic S-matrix  @@      0.00  0   0 F  0
 Reaction Xsec    26.5-/26 @ 3 =   0.000#, Out:   0.000#   0.000#   0.000#   0.001#   0.001#   0.009#  -0.000f

   S-matrix    4 =    1.00000  -0.00000 for L=   26, J=   27.0 channel on core I =   1.5 from L=   26,  Acc. loss =  0.0 D.
 Elastic phase shift   4 =   -0.000   0.000 deg. for the L =   26, J =   27.0 channel.
      26.5  1.00000000 -0.00000001i: elastic S-matrix  @@      0.00  0   0 F  0
 Reaction Xsec    26.5-/26 @ 4 =   0.000#, Out:   0.000#   0.000#   0.000#   0.000#   0.001#   0.005#  -0.000f

   S-matrix    5 =    1.00000  -0.00000 for L=   28, J=   27.0 channel on core I =   1.5 from L=   28,  Acc. loss =  0.0 D.
 Elastic phase shift   5 =   -0.000  -0.000 deg. for the L =   28, J =   27.0 channel.
      26.5  1.00000000 -0.00000000i: elastic S-matrix  @@      0.00  0   0 F  0
 Reaction Xsec    26.5-/28 @ 5 =   0.000#, Out:   0.000#   0.000#   0.000#   0.000#   0.000#   0.000#  -0.000f

   S-matrix    6 =    1.00000  -0.00000 for L=   28, J=   28.0 channel on core I =   1.5 from L=   28,  Acc. loss =  0.0 D.
 Elastic phase shift   6 =   -0.000  -0.000 deg. for the L =   28, J =   28.0 channel.
      26.5  1.00000000 -0.00000000i: elastic S-matrix  @@      0.00  0   0 F  0
 Reaction Xsec    26.5-/28 @ 6 =   0.000#, Out:   0.000#   0.000#   0.000#   0.000#   0.000#   0.000#  -0.000f


 Total SPIN, PARITY =    27.5 +,     35 chs,      0 cc.  Rmin & Coul turning =    6.7   30.1
   S-matrix    1 =    1.00000  -0.00000 for L=   25, J=   26.0 channel on core I =   1.5 from L=   25,  Acc. loss =  0.0 D.
 Elastic phase shift   1 =   -0.000   0.000 deg. for the L =   25, J =   26.0 channel.
      27.5  1.00000000 -0.00000002i: elastic S-matrix  @@      0.00  0   0 F  0
 Reaction Xsec    27.5+/25 @ 1 =   0.000#, Out:   0.000#   0.000#   0.000#   0.031#   0.066#   0.479#  -0.000f

   S-matrix    2 =    1.00000  -0.00000 for L=   27, J=   26.0 channel on core I =   1.5 from L=   27,  Acc. loss =  0.0 D.
 Elastic phase shift   2 =   -0.000  -0.000 deg. for the L =   27, J =   26.0 channel.
      27.5  1.00000000 -0.00000000i: elastic S-matrix  @@      0.00  0   0 F  0
 Reaction Xsec    27.5+/27 @ 2 =  -0.000#, Out:   0.000#   0.000#   0.000#   0.000#   0.000#   0.000#  -0.000f

   S-matrix    3 =    1.00000  -0.00000 for L=   27, J=   27.0 channel on core I =   1.5 from L=   27,  Acc. loss =  0.0 D.
 Elastic phase shift   3 =   -0.000  -0.000 deg. for the L =   27, J =   27.0 channel.
      27.5  1.00000000 -0.00000000i: elastic S-matrix  @@      0.00  0   0 F  0
 Reaction Xsec    27.5+/27 @ 3 =  -0.000#, Out:   0.000#   0.000#   0.000#   0.000#   0.000#   0.000#  -0.000f

   S-matrix    4 =    1.00000  -0.00000 for L=   27, J=   28.0 channel on core I =   1.5 from L=   27,  Acc. loss =  0.0 D.
 Elastic phase shift   4 =   -0.000  -0.000 deg. for the L =   27, J =   28.0 channel.
      27.5  1.00000000 -0.00000000i: elastic S-matrix  @@      0.00  0   0 F  0
 Reaction Xsec    27.5+/27 @ 4 =  -0.000#, Out:   0.000#   0.000#   0.000#   0.000#   0.000#   0.000#  -0.000f

   S-matrix    5 =    1.00000   0.00000 for L=   29, J=   28.0 channel on core I =   1.5 from L=   29,  Acc. loss =  0.0 D.
 Elastic phase shift   5 =    0.000  -0.000 deg. for the L =   29, J =   28.0 channel.
      27.5  1.00000000  0.00000000i: elastic S-matrix  @@      0.00  0   0 F  0
 Reaction Xsec    27.5+/29 @ 5 =   0.000#, Out:   0.000#   0.000#   0.000#   0.000#   0.000#   0.000#  -0.000f

   S-matrix    6 =    1.00000   0.00000 for L=   29, J=   29.0 channel on core I =   1.5 from L=   29,  Acc. loss =  0.0 D.
 Elastic phase shift   6 =    0.000  -0.000 deg. for the L =   29, J =   29.0 channel.
      27.5  1.00000000  0.00000000i: elastic S-matrix  @@      0.00  0   0 F  0
 Reaction Xsec    27.5+/29 @ 6 =   0.000#, Out:   0.000#   0.000#   0.000#   0.000#   0.000#   0.000#  -0.000f


 Total SPIN, PARITY =    27.5 -,     35 chs,      0 cc.  Rmin & Coul turning =    6.7   30.1
   S-matrix    1 =    1.00000  -0.00000 for L=   26, J=   26.0 channel on core I =   1.5 from L=   26,  Acc. loss =  0.0 D.
 Elastic phase shift   1 =   -0.000   0.000 deg. for the L =   26, J =   26.0 channel.
      27.5  1.00000000 -0.00000001i: elastic S-matrix  @@      0.00  0   0 F  0
 Reaction Xsec    27.5-/26 @ 1 =   0.000#, Out:   0.000#   0.000#   0.000#   0.001#   0.002#   0.017#  -0.000f

   S-matrix    2 =    1.00000  -0.00000 for L=   26, J=   27.0 channel on core I =   1.5 from L=   26,  Acc. loss =  0.0 D.
 Elastic phase shift   2 =   -0.000   0.000 deg. for the L =   26, J =   27.0 channel.
      27.5  1.00000000 -0.00000001i: elastic S-matrix  @@      0.00  0   0 F  0
 Reaction Xsec    27.5-/26 @ 2 =   0.000#, Out:   0.000#   0.000#   0.000#   0.001#   0.002#   0.014#  -0.000f

   S-matrix    3 =    1.00000  -0.00000 for L=   28, J=   27.0 channel on core I =   1.5 from L=   28,  Acc. loss =  0.0 D.
 Elastic phase shift   3 =   -0.000   0.000 deg. for the L =   28, J =   27.0 channel.
      27.5  1.00000000 -0.00000000i: elastic S-matrix  @@      0.00  0   0 F  0
 Reaction Xsec    27.5-/28 @ 3 =   0.000#, Out:   0.000#   0.000#   0.000#   0.000#   0.000#   0.000#  -0.000f

   S-matrix    4 =    1.00000  -0.00000 for L=   28, J=   28.0 channel on core I =   1.5 from L=   28,  Acc. loss =  0.0 D.
 Elastic phase shift   4 =   -0.000   0.000 deg. for the L =   28, J =   28.0 channel.
      27.5  1.00000000 -0.00000000i: elastic S-matrix  @@      0.00  0   0 F  0
 Reaction Xsec    27.5-/28 @ 4 =   0.000#, Out:   0.000#   0.000#   0.000#   0.000#   0.000#   0.000#  -0.000f

   S-matrix    5 =    1.00000  -0.00000 for L=   28, J=   29.0 channel on core I =   1.5 from L=   28,  Acc. loss =  0.0 D.
 Elastic phase shift   5 =   -0.000   0.000 deg. for the L =   28, J =   29.0 channel.
      27.5  1.00000000 -0.00000000i: elastic S-matrix  @@      0.00  0   0 F  0
 Reaction Xsec    27.5-/28 @ 5 =   0.000#, Out:   0.000#   0.000#   0.000#   0.000#   0.000#   0.000#  -0.000f

   S-matrix    6 =    1.00000   0.00000 for L=   30, J=   29.0 channel on core I =   1.5 from L=   30,  Acc. loss =  0.0 D.
 Elastic phase shift   6 =    0.000   0.000 deg. for the L =   30, J =   29.0 channel.
      27.5  1.00000000  0.00000000i: elastic S-matrix  @@      0.00  0   0 F  0
 Reaction Xsec    27.5-/30 @ 6 =   0.000#, Out:   0.000#   0.000#   0.000#   0.000#   0.000#   0.000#   0.000f


 Total SPIN, PARITY =    28.5 +,     35 chs,      0 cc.  Rmin & Coul turning =    7.0   31.2
   S-matrix    1 =    1.00000  -0.00000 for L=   27, J=   27.0 channel on core I =   1.5 from L=   27,  Acc. loss =  0.0 D.
 Elastic phase shift   1 =   -0.000   0.000 deg. for the L =   27, J =   27.0 channel.
      28.5  1.00000000 -0.00000000i: elastic S-matrix  @@      0.00  0   0 F  0
 Reaction Xsec    28.5+/27 @ 1 =   0.000#, Out:   0.000#   0.000#   0.000#   0.000#   0.000#   0.001#  -0.000f

   S-matrix    2 =    1.00000  -0.00000 for L=   27, J=   28.0 channel on core I =   1.5 from L=   27,  Acc. loss =  0.0 D.
 Elastic phase shift   2 =   -0.000   0.000 deg. for the L =   27, J =   28.0 channel.
      28.5  1.00000000 -0.00000000i: elastic S-matrix  @@      0.00  0   0 F  0
 Reaction Xsec    28.5+/27 @ 2 =   0.000#, Out:   0.000#   0.000#   0.000#   0.000#   0.000#   0.001#  -0.000f

   S-matrix    3 =    1.00000   0.00000 for L=   29, J=   28.0 channel on core I =   1.5 from L=   29,  Acc. loss =  0.0 D.
 Elastic phase shift   3 =    0.000  -0.000 deg. for the L =   29, J =   28.0 channel.
      28.5  1.00000000  0.00000000i: elastic S-matrix  @@      0.00  0   0 F  0
 Reaction Xsec    28.5+/29 @ 3 =   0.000#, Out:   0.000#   0.000#   0.000#   0.000#   0.000#   0.000#  -0.000f

   S-matrix    4 =    1.00000   0.00000 for L=   29, J=   29.0 channel on core I =   1.5 from L=   29,  Acc. loss =  0.0 D.
 Elastic phase shift   4 =    0.000  -0.000 deg. for the L =   29, J =   29.0 channel.
      28.5  1.00000000  0.00000000i: elastic S-matrix  @@      0.00  0   0 F  0
 Reaction Xsec    28.5+/29 @ 4 =   0.000#, Out:   0.000#   0.000#   0.000#   0.000#   0.000#   0.000#  -0.000f

   S-matrix    5 =    1.00000   0.00000 for L=   29, J=   30.0 channel on core I =   1.5 from L=   29,  Acc. loss =  0.0 D.
 Elastic phase shift   5 =    0.000  -0.000 deg. for the L =   29, J =   30.0 channel.
      28.5  1.00000000  0.00000000i: elastic S-matrix  @@      0.00  0   0 F  0
 Reaction Xsec    28.5+/29 @ 5 =   0.000#, Out:   0.000#   0.000#   0.000#   0.000#   0.000#   0.000#  -0.000f

   S-matrix    6 =    1.00000   0.00000 for L=   31, J=   30.0 channel on core I =   1.5 from L=   31,  Acc. loss =  0.0 D.
 Elastic phase shift   6 =    0.000   0.000 deg. for the L =   31, J =   30.0 channel.
      28.5  1.00000000  0.00000000i: elastic S-matrix  @@      0.00  0   0 F  0
 Reaction Xsec    28.5+/31 @ 6 =   0.000#, Out:   0.000#   0.000#   0.000#   0.000#   0.000#   0.000#   0.000f


 Total SPIN, PARITY =    28.5 -,     35 chs,      0 cc.  Rmin & Coul turning =    7.0   31.2
   S-matrix    1 =    1.00000  -0.00000 for L=   26, J=   27.0 channel on core I =   1.5 from L=   26,  Acc. loss =  0.0 D.
 Elastic phase shift   1 =   -0.000  -0.000 deg. for the L =   26, J =   27.0 channel.
      28.5  1.00000000 -0.00000001i: elastic S-matrix  @@      0.00  0   0 F  0
 Reaction Xsec    28.5-/26 @ 1 =  -0.000#, Out:   0.000#   0.000#   0.000#   0.002#   0.004#   0.031#  -0.000f

   S-matrix    2 =    1.00000  -0.00000 for L=   28, J=   27.0 channel on core I =   1.5 from L=   28,  Acc. loss =  0.0 D.
 Elastic phase shift   2 =   -0.000   0.000 deg. for the L =   28, J =   27.0 channel.
      28.5  1.00000000 -0.00000000i: elastic S-matrix  @@      0.00  0   0 F  0
 Reaction Xsec    28.5-/28 @ 2 =   0.000#, Out:   0.000#   0.000#   0.000#   0.000#   0.000#   0.000#  -0.000f

   S-matrix    3 =    1.00000  -0.00000 for L=   28, J=   28.0 channel on core I =   1.5 from L=   28,  Acc. loss =  0.0 D.
 Elastic phase shift   3 =   -0.000   0.000 deg. for the L =   28, J =   28.0 channel.
      28.5  1.00000000 -0.00000000i: elastic S-matrix  @@      0.00  0   0 F  0
 Reaction Xsec    28.5-/28 @ 3 =   0.000#, Out:   0.000#   0.000#   0.000#   0.000#   0.000#   0.000#  -0.000f

   S-matrix    4 =    1.00000  -0.00000 for L=   28, J=   29.0 channel on core I =   1.5 from L=   28,  Acc. loss =  0.0 D.
 Elastic phase shift   4 =   -0.000   0.000 deg. for the L =   28, J =   29.0 channel.
      28.5  1.00000000 -0.00000000i: elastic S-matrix  @@      0.00  0   0 F  0
 Reaction Xsec    28.5-/28 @ 4 =   0.000#, Out:   0.000#   0.000#   0.000#   0.000#   0.000#   0.000#  -0.000f

   S-matrix    5 =    1.00000   0.00000 for L=   30, J=   29.0 channel on core I =   1.5 from L=   30,  Acc. loss =  0.0 D.
 Elastic phase shift   5 =    0.000   0.000 deg. for the L =   30, J =   29.0 channel.
      28.5  1.00000000  0.00000000i: elastic S-matrix  @@      0.00  0   0 F  0
 Reaction Xsec    28.5-/30 @ 5 =   0.000#, Out:   0.000#   0.000#   0.000#   0.000#   0.000#   0.000#   0.000f

   S-matrix    6 =    1.00000   0.00000 for L=   30, J=   30.0 channel on core I =   1.5 from L=   30,  Acc. loss =  0.0 D.
 Elastic phase shift   6 =    0.000   0.000 deg. for the L =   30, J =   30.0 channel.
      28.5  1.00000000  0.00000000i: elastic S-matrix  @@      0.00  0   0 F  0
 Reaction Xsec    28.5-/30 @ 6 =   0.000#, Out:   0.000#   0.000#   0.000#   0.000#   0.000#   0.000#   0.000f


 Total SPIN, PARITY =    29.5 +,     35 chs,      0 cc.  Rmin & Coul turning =    7.2   32.3
   S-matrix    1 =    1.00000  -0.00000 for L=   27, J=   28.0 channel on core I =   1.5 from L=   27,  Acc. loss =  0.0 D.
 Elastic phase shift   1 =   -0.000  -0.000 deg. for the L =   27, J =   28.0 channel.
      29.5  1.00000000 -0.00000000i: elastic S-matrix  @@      0.00  0   0 F  0
 Reaction Xsec    29.5+/27 @ 1 =  -0.000#, Out:   0.000#   0.000#   0.000#   0.000#   0.000#   0.002#  -0.000f

   S-matrix    2 =    1.00000   0.00000 for L=   29, J=   28.0 channel on core I =   1.5 from L=   29,  Acc. loss =  0.0 D.
 Elastic phase shift   2 =    0.000  -0.000 deg. for the L =   29, J =   28.0 channel.
      29.5  1.00000000  0.00000000i: elastic S-matrix  @@      0.00  0   0 F  0
 Reaction Xsec    29.5+/29 @ 2 =  -0.000#, Out:   0.000#   0.000#   0.000#   0.000#   0.000#   0.000#  -0.000f

   S-matrix    3 =    1.00000   0.00000 for L=   29, J=   29.0 channel on core I =   1.5 from L=   29,  Acc. loss =  0.0 D.
 Elastic phase shift   3 =    0.000  -0.000 deg. for the L =   29, J =   29.0 channel.
      29.5  1.00000000  0.00000000i: elastic S-matrix  @@      0.00  0   0 F  0
 Reaction Xsec    29.5+/29 @ 3 =  -0.000#, Out:   0.000#   0.000#   0.000#   0.000#   0.000#   0.000#  -0.000f

   S-matrix    4 =    1.00000   0.00000 for L=   29, J=   30.0 channel on core I =   1.5 from L=   29,  Acc. loss =  0.0 D.
 Elastic phase shift   4 =    0.000  -0.000 deg. for the L =   29, J =   30.0 channel.
      29.5  1.00000000  0.00000000i: elastic S-matrix  @@      0.00  0   0 F  0
 Reaction Xsec    29.5+/29 @ 4 =  -0.000#, Out:   0.000#   0.000#   0.000#   0.000#   0.000#   0.000#  -0.000f

   S-matrix    5 =    1.00000   0.00000 for L=   31, J=   30.0 channel on core I =   1.5 from L=   31,  Acc. loss =  0.0 D.
 Elastic phase shift   5 =    0.000  -0.000 deg. for the L =   31, J =   30.0 channel.
      29.5  1.00000000  0.00000000i: elastic S-matrix  @@      0.00  0   0 F  0
 Reaction Xsec    29.5+/31 @ 5 =   0.000#, Out:   0.000#   0.000#   0.000#   0.000#   0.000#   0.000#  -0.000f

   S-matrix    6 =    1.00000   0.00000 for L=   31, J=   31.0 channel on core I =   1.5 from L=   31,  Acc. loss =  0.0 D.
 Elastic phase shift   6 =    0.000  -0.000 deg. for the L =   31, J =   31.0 channel.
      29.5  1.00000000  0.00000000i: elastic S-matrix  @@      0.00  0   0 F  0
 Reaction Xsec    29.5+/31 @ 6 =   0.000#, Out:   0.000#   0.000#   0.000#   0.000#   0.000#   0.000#  -0.000f


 Total SPIN, PARITY =    29.5 -,     35 chs,      0 cc.  Rmin & Coul turning =    7.2   32.3
   S-matrix    1 =    1.00000  -0.00000 for L=   28, J=   28.0 channel on core I =   1.5 from L=   28,  Acc. loss =  0.0 D.
 Elastic phase shift   1 =   -0.000   0.000 deg. for the L =   28, J =   28.0 channel.
      29.5  1.00000000 -0.00000000i: elastic S-matrix  @@      0.00  0   0 F  0
 Reaction Xsec    29.5-/28 @ 1 =   0.000#, Out:   0.000#   0.000#   0.000#   0.000#   0.000#   0.000#  -0.000f

   S-matrix    2 =    1.00000  -0.00000 for L=   28, J=   29.0 channel on core I =   1.5 from L=   28,  Acc. loss =  0.0 D.
 Elastic phase shift   2 =   -0.000   0.000 deg. for the L =   28, J =   29.0 channel.
      29.5  1.00000000 -0.00000000i: elastic S-matrix  @@      0.00  0   0 F  0
 Reaction Xsec    29.5-/28 @ 2 =   0.000#, Out:   0.000#   0.000#   0.000#   0.000#   0.000#   0.000#  -0.000f

   S-matrix    3 =    1.00000   0.00000 for L=   30, J=   29.0 channel on core I =   1.5 from L=   30,  Acc. loss =  0.0 D.
 Elastic phase shift   3 =    0.000   0.000 deg. for the L =   30, J =   29.0 channel.
      29.5  1.00000000  0.00000000i: elastic S-matrix  @@      0.00  0   0 F  0
 Reaction Xsec    29.5-/30 @ 3 =   0.000#, Out:   0.000#   0.000#   0.000#   0.000#   0.000#   0.000#   0.000f

   S-matrix    4 =    1.00000   0.00000 for L=   30, J=   30.0 channel on core I =   1.5 from L=   30,  Acc. loss =  0.0 D.
 Elastic phase shift   4 =    0.000   0.000 deg. for the L =   30, J =   30.0 channel.
      29.5  1.00000000  0.00000000i: elastic S-matrix  @@      0.00  0   0 F  0
 Reaction Xsec    29.5-/30 @ 4 =   0.000#, Out:   0.000#   0.000#   0.000#   0.000#   0.000#   0.000#   0.000f

   S-matrix    5 =    1.00000   0.00000 for L=   30, J=   31.0 channel on core I =   1.5 from L=   30,  Acc. loss =  0.0 D.
 Elastic phase shift   5 =    0.000   0.000 deg. for the L =   30, J =   31.0 channel.
      29.5  1.00000000  0.00000000i: elastic S-matrix  @@      0.00  0   0 F  0
 Reaction Xsec    29.5-/30 @ 5 =   0.000#, Out:   0.000#   0.000#   0.000#   0.000#   0.000#   0.000#   0.000f

   S-matrix    6 =    1.00000   0.00000 for L=   32, J=   31.0 channel on core I =   1.5 from L=   32,  Acc. loss =  0.0 D.
 Elastic phase shift   6 =    0.000  -0.000 deg. for the L =   32, J =   31.0 channel.
      29.5  1.00000000  0.00000000i: elastic S-matrix  @@      0.00  0   0 F  0
 Reaction Xsec    29.5-/32 @ 6 =   0.000#, Out:   0.000#   0.000#   0.000#   0.000#   0.000#   0.000#  -0.000f


 Total SPIN, PARITY =    30.5 +,     35 chs,      0 cc.  Rmin & Coul turning =    7.5   33.4
   S-matrix    1 =    1.00000   0.00000 for L=   29, J=   29.0 channel on core I =   1.5 from L=   29,  Acc. loss =  0.0 D.
 Elastic phase shift   1 =    0.000   0.000 deg. for the L =   29, J =   29.0 channel.
      30.5  1.00000000  0.00000000i: elastic S-matrix  @@      0.00  0   0 F  0
 Reaction Xsec    30.5+/29 @ 1 =   0.000#, Out:   0.000#   0.000#   0.000#   0.000#   0.000#   0.000#  -0.000f

   S-matrix    2 =    1.00000   0.00000 for L=   29, J=   30.0 channel on core I =   1.5 from L=   29,  Acc. loss =  0.0 D.
 Elastic phase shift   2 =    0.000   0.000 deg. for the L =   29, J =   30.0 channel.
      30.5  1.00000000  0.00000000i: elastic S-matrix  @@      0.00  0   0 F  0
 Reaction Xsec    30.5+/29 @ 2 =   0.000#, Out:   0.000#   0.000#   0.000#   0.000#   0.000#   0.000#  -0.000f

   S-matrix    3 =    1.00000   0.00000 for L=   31, J=   30.0 channel on core I =   1.5 from L=   31,  Acc. loss =  0.0 D.
 Elastic phase shift   3 =    0.000  -0.000 deg. for the L =   31, J =   30.0 channel.
      30.5  1.00000000  0.00000000i: elastic S-matrix  @@      0.00  0   0 F  0
 Reaction Xsec    30.5+/31 @ 3 =   0.000#, Out:   0.000#   0.000#   0.000#   0.000#   0.000#   0.000#  -0.000f

   S-matrix    4 =    1.00000   0.00000 for L=   31, J=   31.0 channel on core I =   1.5 from L=   31,  Acc. loss =  0.0 D.
 Elastic phase shift   4 =    0.000  -0.000 deg. for the L =   31, J =   31.0 channel.
      30.5  1.00000000  0.00000000i: elastic S-matrix  @@      0.00  0   0 F  0
 Reaction Xsec    30.5+/31 @ 4 =   0.000#, Out:   0.000#   0.000#   0.000#   0.000#   0.000#   0.000#  -0.000f

   S-matrix    5 =    1.00000   0.00000 for L=   31, J=   32.0 channel on core I =   1.5 from L=   31,  Acc. loss =  0.0 D.
 Elastic phase shift   5 =    0.000  -0.000 deg. for the L =   31, J =   32.0 channel.
      30.5  1.00000000  0.00000000i: elastic S-matrix  @@      0.00  0   0 F  0
 Reaction Xsec    30.5+/31 @ 5 =   0.000#, Out:   0.000#   0.000#   0.000#   0.000#   0.000#   0.000#  -0.000f

   S-matrix    6 =    1.00000   0.00000 for L=   33, J=   32.0 channel on core I =   1.5 from L=   33,  Acc. loss =  0.0 D.
 Elastic phase shift   6 =    0.000  -0.000 deg. for the L =   33, J =   32.0 channel.
      30.5  1.00000000  0.00000000i: elastic S-matrix  @@      0.00  0   0 F  0
 Reaction Xsec    30.5+/33 @ 6 =   0.000#, Out:   0.000#   0.000#   0.000#   0.000#   0.000#   0.000#  -0.000f


 Total SPIN, PARITY =    30.5 -,     35 chs,      0 cc.  Rmin & Coul turning =    7.5   33.4
   S-matrix    1 =    1.00000  -0.00000 for L=   28, J=   29.0 channel on core I =   1.5 from L=   28,  Acc. loss =  0.0 D.
 Elastic phase shift   1 =   -0.000   0.000 deg. for the L =   28, J =   29.0 channel.
      30.5  1.00000000 -0.00000000i: elastic S-matrix  @@      0.00  0   0 F  0
 Reaction Xsec    30.5-/28 @ 1 =   0.000#, Out:   0.000#   0.000#   0.000#   0.000#   0.000#   0.000#  -0.000f

   S-matrix    2 =    1.00000   0.00000 for L=   30, J=   29.0 channel on core I =   1.5 from L=   30,  Acc. loss =  0.0 D.
 Elastic phase shift   2 =    0.000   0.000 deg. for the L =   30, J =   29.0 channel.
      30.5  1.00000000  0.00000000i: elastic S-matrix  @@      0.00  0   0 F  0
 Reaction Xsec    30.5-/30 @ 2 =   0.000#, Out:   0.000#   0.000#   0.000#   0.000#   0.000#   0.000#   0.000f

   S-matrix    3 =    1.00000   0.00000 for L=   30, J=   30.0 channel on core I =   1.5 from L=   30,  Acc. loss =  0.0 D.
 Elastic phase shift   3 =    0.000   0.000 deg. for the L =   30, J =   30.0 channel.
      30.5  1.00000000  0.00000000i: elastic S-matrix  @@      0.00  0   0 F  0
 Reaction Xsec    30.5-/30 @ 3 =   0.000#, Out:   0.000#   0.000#   0.000#   0.000#   0.000#   0.000#   0.000f

   S-matrix    4 =    1.00000   0.00000 for L=   30, J=   31.0 channel on core I =   1.5 from L=   30,  Acc. loss =  0.0 D.
 Elastic phase shift   4 =    0.000   0.000 deg. for the L =   30, J =   31.0 channel.
      30.5  1.00000000  0.00000000i: elastic S-matrix  @@      0.00  0   0 F  0
 Reaction Xsec    30.5-/30 @ 4 =   0.000#, Out:   0.000#   0.000#   0.000#   0.000#   0.000#   0.000#   0.000f

   S-matrix    5 =    1.00000   0.00000 for L=   32, J=   31.0 channel on core I =   1.5 from L=   32,  Acc. loss =  0.0 D.
 Elastic phase shift   5 =    0.000  -0.000 deg. for the L =   32, J =   31.0 channel.
      30.5  1.00000000  0.00000000i: elastic S-matrix  @@      0.00  0   0 F  0
 Reaction Xsec    30.5-/32 @ 5 =   0.000#, Out:   0.000#   0.000#   0.000#   0.000#   0.000#   0.000#  -0.000f

   S-matrix    6 =    1.00000   0.00000 for L=   32, J=   32.0 channel on core I =   1.5 from L=   32,  Acc. loss =  0.0 D.
 Elastic phase shift   6 =    0.000  -0.000 deg. for the L =   32, J =   32.0 channel.
      30.5  1.00000000  0.00000000i: elastic S-matrix  @@      0.00  0   0 F  0
 Reaction Xsec    30.5-/32 @ 6 =   0.000#, Out:   0.000#   0.000#   0.000#   0.000#   0.000#   0.000#  -0.000f


 Total SPIN, PARITY =    31.5 +,     35 chs,      0 cc.  Rmin & Coul turning =    7.7   34.5
   S-matrix    1 =    1.00000   0.00000 for L=   29, J=   30.0 channel on core I =   1.5 from L=   29,  Acc. loss =  0.0 D.
 Elastic phase shift   1 =    0.000   0.000 deg. for the L =   29, J =   30.0 channel.
      31.5  1.00000000  0.00000000i: elastic S-matrix  @@      0.00  0   0 F  0
 Reaction Xsec    31.5+/29 @ 1 =   0.000#, Out:   0.000#   0.000#   0.000#   0.000#   0.000#   0.000#  -0.000f

   S-matrix    2 =    1.00000   0.00000 for L=   31, J=   30.0 channel on core I =   1.5 from L=   31,  Acc. loss =  0.0 D.
 Elastic phase shift   2 =    0.000   0.000 deg. for the L =   31, J =   30.0 channel.
      31.5  1.00000000  0.00000000i: elastic S-matrix  @@      0.00  0   0 F  0
 Reaction Xsec    31.5+/31 @ 2 =   0.000#, Out:   0.000#   0.000#   0.000#   0.000#   0.000#   0.000#   0.000f

   S-matrix    3 =    1.00000   0.00000 for L=   31, J=   31.0 channel on core I =   1.5 from L=   31,  Acc. loss =  0.0 D.
 Elastic phase shift   3 =    0.000   0.000 deg. for the L =   31, J =   31.0 channel.
      31.5  1.00000000  0.00000000i: elastic S-matrix  @@      0.00  0   0 F  0
 Reaction Xsec    31.5+/31 @ 3 =   0.000#, Out:   0.000#   0.000#   0.000#   0.000#   0.000#   0.000#   0.000f

   S-matrix    4 =    1.00000   0.00000 for L=   31, J=   32.0 channel on core I =   1.5 from L=   31,  Acc. loss =  0.0 D.
 Elastic phase shift   4 =    0.000   0.000 deg. for the L =   31, J =   32.0 channel.
      31.5  1.00000000  0.00000000i: elastic S-matrix  @@      0.00  0   0 F  0
 Reaction Xsec    31.5+/31 @ 4 =   0.000#, Out:   0.000#   0.000#   0.000#   0.000#   0.000#   0.000#   0.000f

   S-matrix    5 =    1.00000   0.00000 for L=   33, J=   32.0 channel on core I =   1.5 from L=   33,  Acc. loss =  0.0 D.
 Elastic phase shift   5 =    0.000   0.000 deg. for the L =   33, J =   32.0 channel.
      31.5  1.00000000  0.00000000i: elastic S-matrix  @@      0.00  0   0 F  0
 Reaction Xsec    31.5+/33 @ 5 =   0.000#, Out:   0.000#   0.000#   0.000#   0.000#   0.000#   0.000#   0.000f

   S-matrix    6 =    1.00000   0.00000 for L=   33, J=   33.0 channel on core I =   1.5 from L=   33,  Acc. loss =  0.0 D.
 Elastic phase shift   6 =    0.000   0.000 deg. for the L =   33, J =   33.0 channel.
      31.5  1.00000000  0.00000000i: elastic S-matrix  @@      0.00  0   0 F  0
 Reaction Xsec    31.5+/33 @ 6 =   0.000#, Out:   0.000#   0.000#   0.000#   0.000#   0.000#   0.000#   0.000f


 Total SPIN, PARITY =    31.5 -,     35 chs,      0 cc.  Rmin & Coul turning =    7.7   34.5
   S-matrix    1 =    1.00000   0.00000 for L=   30, J=   30.0 channel on core I =   1.5 from L=   30,  Acc. loss =  0.0 D.
 Elastic phase shift   1 =    0.000  -0.000 deg. for the L =   30, J =   30.0 channel.
      31.5  1.00000000  0.00000000i: elastic S-matrix  @@      0.00  0   0 F  0
 Reaction Xsec    31.5-/30 @ 1 =   0.000#, Out:   0.000#   0.000#   0.000#   0.000#   0.000#   0.000#  -0.000f

   S-matrix    2 =    1.00000   0.00000 for L=   30, J=   31.0 channel on core I =   1.5 from L=   30,  Acc. loss =  0.0 D.
 Elastic phase shift   2 =    0.000  -0.000 deg. for the L =   30, J =   31.0 channel.
      31.5  1.00000000  0.00000000i: elastic S-matrix  @@      0.00  0   0 F  0
 Reaction Xsec    31.5-/30 @ 2 =   0.000#, Out:   0.000#   0.000#   0.000#   0.000#   0.000#   0.000#  -0.000f

   S-matrix    3 =    1.00000   0.00000 for L=   32, J=   31.0 channel on core I =   1.5 from L=   32,  Acc. loss =  0.0 D.
 Elastic phase shift   3 =    0.000  -0.000 deg. for the L =   32, J =   31.0 channel.
      31.5  1.00000000  0.00000000i: elastic S-matrix  @@      0.00  0   0 F  0
 Reaction Xsec    31.5-/32 @ 3 =   0.000#, Out:   0.000#   0.000#   0.000#   0.000#   0.000#   0.000#  -0.000f

   S-matrix    4 =    1.00000   0.00000 for L=   32, J=   32.0 channel on core I =   1.5 from L=   32,  Acc. loss =  0.0 D.
 Elastic phase shift   4 =    0.000  -0.000 deg. for the L =   32, J =   32.0 channel.
      31.5  1.00000000  0.00000000i: elastic S-matrix  @@      0.00  0   0 F  0
 Reaction Xsec    31.5-/32 @ 4 =   0.000#, Out:   0.000#   0.000#   0.000#   0.000#   0.000#   0.000#  -0.000f

   S-matrix    5 =    1.00000   0.00000 for L=   32, J=   33.0 channel on core I =   1.5 from L=   32,  Acc. loss =  0.0 D.
 Elastic phase shift   5 =    0.000  -0.000 deg. for the L =   32, J =   33.0 channel.
      31.5  1.00000000  0.00000000i: elastic S-matrix  @@      0.00  0   0 F  0
 Reaction Xsec    31.5-/32 @ 5 =   0.000#, Out:   0.000#   0.000#   0.000#   0.000#   0.000#   0.000#  -0.000f

   S-matrix    6 =    1.00000   0.00000 for L=   34, J=   33.0 channel on core I =   1.5 from L=   34,  Acc. loss =  0.0 D.
 Elastic phase shift   6 =    0.000   0.000 deg. for the L =   34, J =   33.0 channel.
      31.5  1.00000000  0.00000000i: elastic S-matrix  @@      0.00  0   0 F  0
 Reaction Xsec    31.5-/34 @ 6 =   0.000#, Out:   0.000#   0.000#   0.000#   0.000#   0.000#   0.000#   0.000f


 Total SPIN, PARITY =    32.5 +,     35 chs,      0 cc.  Rmin & Coul turning =    8.0   35.5
   S-matrix    1 =    1.00000   0.00000 for L=   31, J=   31.0 channel on core I =   1.5 from L=   31,  Acc. loss =  0.0 D.
 Elastic phase shift   1 =    0.000   0.000 deg. for the L =   31, J =   31.0 channel.
      32.5  1.00000000  0.00000000i: elastic S-matrix  @@      0.00  0   0 F  0
 Reaction Xsec    32.5+/31 @ 1 =   0.000#, Out:   0.000#   0.000#   0.000#   0.000#   0.000#   0.000#   0.000f

   S-matrix    2 =    1.00000   0.00000 for L=   31, J=   32.0 channel on core I =   1.5 from L=   31,  Acc. loss =  0.0 D.
 Elastic phase shift   2 =    0.000   0.000 deg. for the L =   31, J =   32.0 channel.
      32.5  1.00000000  0.00000000i: elastic S-matrix  @@      0.00  0   0 F  0
 Reaction Xsec    32.5+/31 @ 2 =   0.000#, Out:   0.000#   0.000#   0.000#   0.000#   0.000#   0.000#   0.000f

   S-matrix    3 =    1.00000   0.00000 for L=   33, J=   32.0 channel on core I =   1.5 from L=   33,  Acc. loss =  0.0 D.
 Elastic phase shift   3 =    0.000  -0.000 deg. for the L =   33, J =   32.0 channel.
      32.5  1.00000000  0.00000000i: elastic S-matrix  @@      0.00  0   0 F  0
 Reaction Xsec    32.5+/33 @ 3 =   0.000#, Out:   0.000#   0.000#   0.000#   0.000#   0.000#   0.000#  -0.000f

   S-matrix    4 =    1.00000   0.00000 for L=   33, J=   33.0 channel on core I =   1.5 from L=   33,  Acc. loss =  0.0 D.
 Elastic phase shift   4 =    0.000  -0.000 deg. for the L =   33, J =   33.0 channel.
      32.5  1.00000000  0.00000000i: elastic S-matrix  @@      0.00  0   0 F  0
 Reaction Xsec    32.5+/33 @ 4 =   0.000#, Out:   0.000#   0.000#   0.000#   0.000#   0.000#   0.000#  -0.000f

   S-matrix    5 =    1.00000   0.00000 for L=   33, J=   34.0 channel on core I =   1.5 from L=   33,  Acc. loss =  0.0 D.
 Elastic phase shift   5 =    0.000  -0.000 deg. for the L =   33, J =   34.0 channel.
      32.5  1.00000000  0.00000000i: elastic S-matrix  @@      0.00  0   0 F  0
 Reaction Xsec    32.5+/33 @ 5 =   0.000#, Out:   0.000#   0.000#   0.000#   0.000#   0.000#   0.000#  -0.000f

   S-matrix    6 =    1.00000   0.00000 for L=   35, J=   34.0 channel on core I =   1.5 from L=   35,  Acc. loss =  0.0 D.
 Elastic phase shift   6 =    0.000   0.000 deg. for the L =   35, J =   34.0 channel.
      32.5  1.00000000  0.00000000i: elastic S-matrix  @@      0.00  0   0 F  0
 Reaction Xsec    32.5+/35 @ 6 =   0.000#, Out:   0.000#   0.000#   0.000#   0.000#   0.000#   0.000#   0.000f


 Total SPIN, PARITY =    32.5 -,     35 chs,      0 cc.  Rmin & Coul turning =    8.0   35.5
   S-matrix    1 =    1.00000   0.00000 for L=   30, J=   31.0 channel on core I =   1.5 from L=   30,  Acc. loss =  0.0 D.
 Elastic phase shift   1 =    0.000  -0.000 deg. for the L =   30, J =   31.0 channel.
      32.5  1.00000000  0.00000000i: elastic S-matrix  @@      0.00  0   0 F  0
 Reaction Xsec    32.5-/30 @ 1 =   0.000#, Out:   0.000#   0.000#   0.000#   0.000#   0.000#   0.000#  -0.000f

   S-matrix    2 =    1.00000   0.00000 for L=   32, J=   31.0 channel on core I =   1.5 from L=   32,  Acc. loss =  0.0 D.
 Elastic phase shift   2 =    0.000  -0.000 deg. for the L =   32, J =   31.0 channel.
      32.5  1.00000000  0.00000000i: elastic S-matrix  @@      0.00  0   0 F  0
 Reaction Xsec    32.5-/32 @ 2 =   0.000#, Out:   0.000#   0.000#   0.000#   0.000#   0.000#   0.000#  -0.000f

   S-matrix    3 =    1.00000   0.00000 for L=   32, J=   32.0 channel on core I =   1.5 from L=   32,  Acc. loss =  0.0 D.
 Elastic phase shift   3 =    0.000  -0.000 deg. for the L =   32, J =   32.0 channel.
      32.5  1.00000000  0.00000000i: elastic S-matrix  @@      0.00  0   0 F  0
 Reaction Xsec    32.5-/32 @ 3 =   0.000#, Out:   0.000#   0.000#   0.000#   0.000#   0.000#   0.000#  -0.000f

   S-matrix    4 =    1.00000   0.00000 for L=   32, J=   33.0 channel on core I =   1.5 from L=   32,  Acc. loss =  0.0 D.
 Elastic phase shift   4 =    0.000  -0.000 deg. for the L =   32, J =   33.0 channel.
      32.5  1.00000000  0.00000000i: elastic S-matrix  @@      0.00  0   0 F  0
 Reaction Xsec    32.5-/32 @ 4 =   0.000#, Out:   0.000#   0.000#   0.000#   0.000#   0.000#   0.000#  -0.000f

   S-matrix    5 =    1.00000   0.00000 for L=   34, J=   33.0 channel on core I =   1.5 from L=   34,  Acc. loss =  0.0 D.
 Elastic phase shift   5 =    0.000  -0.000 deg. for the L =   34, J =   33.0 channel.
      32.5  1.00000000  0.00000000i: elastic S-matrix  @@      0.00  0   0 F  0
 Reaction Xsec    32.5-/34 @ 5 =   0.000#, Out:   0.000#   0.000#   0.000#   0.000#   0.000#   0.000#  -0.000f

   S-matrix    6 =    1.00000   0.00000 for L=   34, J=   34.0 channel on core I =   1.5 from L=   34,  Acc. loss =  0.0 D.
 Elastic phase shift   6 =    0.000  -0.000 deg. for the L =   34, J =   34.0 channel.
      32.5  1.00000000  0.00000000i: elastic S-matrix  @@      0.00  0   0 F  0
 Reaction Xsec    32.5-/34 @ 6 =   0.000#, Out:   0.000#   0.000#   0.000#   0.000#   0.000#   0.000#  -0.000f


 Total SPIN, PARITY =    33.5 +,     35 chs,      0 cc.  Rmin & Coul turning =    8.2   36.6
   S-matrix    1 =    1.00000   0.00000 for L=   31, J=   32.0 channel on core I =   1.5 from L=   31,  Acc. loss =  0.0 D.
 Elastic phase shift   1 =    0.000   0.000 deg. for the L =   31, J =   32.0 channel.
      33.5  1.00000000  0.00000000i: elastic S-matrix  @@      0.00  0   0 F  0
 Reaction Xsec    33.5+/31 @ 1 =   0.000#, Out:   0.000#   0.000#   0.000#   0.000#   0.000#   0.000#   0.000f

   S-matrix    2 =    1.00000   0.00000 for L=   33, J=   32.0 channel on core I =   1.5 from L=   33,  Acc. loss =  0.0 D.
 Elastic phase shift   2 =    0.000   0.000 deg. for the L =   33, J =   32.0 channel.
      33.5  1.00000000  0.00000000i: elastic S-matrix  @@      0.00  0   0 F  0
 Reaction Xsec    33.5+/33 @ 2 =   0.000#, Out:   0.000#   0.000#   0.000#   0.000#   0.000#   0.000#   0.000f

   S-matrix    3 =    1.00000   0.00000 for L=   33, J=   33.0 channel on core I =   1.5 from L=   33,  Acc. loss =  0.0 D.
 Elastic phase shift   3 =    0.000   0.000 deg. for the L =   33, J =   33.0 channel.
      33.5  1.00000000  0.00000000i: elastic S-matrix  @@      0.00  0   0 F  0
 Reaction Xsec    33.5+/33 @ 3 =   0.000#, Out:   0.000#   0.000#   0.000#   0.000#   0.000#   0.000#   0.000f

   S-matrix    4 =    1.00000   0.00000 for L=   33, J=   34.0 channel on core I =   1.5 from L=   33,  Acc. loss =  0.0 D.
 Elastic phase shift   4 =    0.000   0.000 deg. for the L =   33, J =   34.0 channel.
      33.5  1.00000000  0.00000000i: elastic S-matrix  @@      0.00  0   0 F  0
 Reaction Xsec    33.5+/33 @ 4 =   0.000#, Out:   0.000#   0.000#   0.000#   0.000#   0.000#   0.000#   0.000f

   S-matrix    5 =    1.00000   0.00000 for L=   35, J=   34.0 channel on core I =   1.5 from L=   35,  Acc. loss =  0.0 D.
 Elastic phase shift   5 =    0.000   0.000 deg. for the L =   35, J =   34.0 channel.
      33.5  1.00000000  0.00000000i: elastic S-matrix  @@      0.00  0   0 F  0
 Reaction Xsec    33.5+/35 @ 5 =   0.000#, Out:   0.000#   0.000#   0.000#   0.000#   0.000#   0.000#   0.000f

   S-matrix    6 =    1.00000   0.00000 for L=   35, J=   35.0 channel on core I =   1.5 from L=   35,  Acc. loss =  0.0 D.
 Elastic phase shift   6 =    0.000   0.000 deg. for the L =   35, J =   35.0 channel.
      33.5  1.00000000  0.00000000i: elastic S-matrix  @@      0.00  0   0 F  0
 Reaction Xsec    33.5+/35 @ 6 =   0.000#, Out:   0.000#   0.000#   0.000#   0.000#   0.000#   0.000#   0.000f


 Total SPIN, PARITY =    33.5 -,     35 chs,      0 cc.  Rmin & Coul turning =    8.2   36.6
   S-matrix    1 =    1.00000   0.00000 for L=   32, J=   32.0 channel on core I =   1.5 from L=   32,  Acc. loss =  0.0 D.
 Elastic phase shift   1 =    0.000   0.000 deg. for the L =   32, J =   32.0 channel.
      33.5  1.00000000  0.00000000i: elastic S-matrix  @@      0.00  0   0 F  0
 Reaction Xsec    33.5-/32 @ 1 =   0.000#, Out:   0.000#   0.000#   0.000#   0.000#   0.000#   0.000#   0.000f

   S-matrix    2 =    1.00000   0.00000 for L=   32, J=   33.0 channel on core I =   1.5 from L=   32,  Acc. loss =  0.0 D.
 Elastic phase shift   2 =    0.000   0.000 deg. for the L =   32, J =   33.0 channel.
      33.5  1.00000000  0.00000000i: elastic S-matrix  @@      0.00  0   0 F  0
 Reaction Xsec    33.5-/32 @ 2 =   0.000#, Out:   0.000#   0.000#   0.000#   0.000#   0.000#   0.000#   0.000f

   S-matrix    3 =    1.00000   0.00000 for L=   34, J=   33.0 channel on core I =   1.5 from L=   34,  Acc. loss =  0.0 D.
 Elastic phase shift   3 =    0.000  -0.000 deg. for the L =   34, J =   33.0 channel.
      33.5  1.00000000  0.00000000i: elastic S-matrix  @@      0.00  0   0 F  0
 Reaction Xsec    33.5-/34 @ 3 =   0.000#, Out:   0.000#   0.000#   0.000#   0.000#   0.000#   0.000#  -0.000f

   S-matrix    4 =    1.00000   0.00000 for L=   34, J=   34.0 channel on core I =   1.5 from L=   34,  Acc. loss =  0.0 D.
 Elastic phase shift   4 =    0.000  -0.000 deg. for the L =   34, J =   34.0 channel.
      33.5  1.00000000  0.00000000i: elastic S-matrix  @@      0.00  0   0 F  0
 Reaction Xsec    33.5-/34 @ 4 =   0.000#, Out:   0.000#   0.000#   0.000#   0.000#   0.000#   0.000#  -0.000f

   S-matrix    5 =    1.00000   0.00000 for L=   34, J=   35.0 channel on core I =   1.5 from L=   34,  Acc. loss =  0.0 D.
 Elastic phase shift   5 =    0.000  -0.000 deg. for the L =   34, J =   35.0 channel.
      33.5  1.00000000  0.00000000i: elastic S-matrix  @@      0.00  0   0 F  0
 Reaction Xsec    33.5-/34 @ 5 =   0.000#, Out:   0.000#   0.000#   0.000#   0.000#   0.000#   0.000#  -0.000f

   S-matrix    6 =    1.00000   0.00000 for L=   36, J=   35.0 channel on core I =   1.5 from L=   36,  Acc. loss =  0.0 D.
 Elastic phase shift   6 =    0.000  -0.000 deg. for the L =   36, J =   35.0 channel.
      33.5  1.00000000  0.00000000i: elastic S-matrix  @@      0.00  0   0 F  0
 Reaction Xsec    33.5-/36 @ 6 =   0.000#, Out:   0.000#   0.000#   0.000#   0.000#   0.000#   0.000#  -0.000f


 Total SPIN, PARITY =    34.5 +,     35 chs,      0 cc.  Rmin & Coul turning =    8.5   37.7
   S-matrix    1 =    1.00000   0.00000 for L=   33, J=   33.0 channel on core I =   1.5 from L=   33,  Acc. loss =  0.0 D.
 Elastic phase shift   1 =    0.000  -0.000 deg. for the L =   33, J =   33.0 channel.
      34.5  1.00000000  0.00000000i: elastic S-matrix  @@      0.00  0   0 F  0
 Reaction Xsec    34.5+/33 @ 1 =  -0.000#, Out:   0.000#   0.000#   0.000#   0.000#   0.000#   0.000#  -0.000f

   S-matrix    2 =    1.00000   0.00000 for L=   33, J=   34.0 channel on core I =   1.5 from L=   33,  Acc. loss =  0.0 D.
 Elastic phase shift   2 =    0.000  -0.000 deg. for the L =   33, J =   34.0 channel.
      34.5  1.00000000  0.00000000i: elastic S-matrix  @@      0.00  0   0 F  0
 Reaction Xsec    34.5+/33 @ 2 =  -0.000#, Out:   0.000#   0.000#   0.000#   0.000#   0.000#   0.000#  -0.000f

   S-matrix    3 =    1.00000   0.00000 for L=   35, J=   34.0 channel on core I =   1.5 from L=   35,  Acc. loss =  0.0 D.
 Elastic phase shift   3 =    0.000  -0.000 deg. for the L =   35, J =   34.0 channel.
      34.5  1.00000000  0.00000000i: elastic S-matrix  @@      0.00  0   0 F  0
 Reaction Xsec    34.5+/35 @ 3 =   0.000#, Out:   0.000#   0.000#   0.000#   0.000#   0.000#   0.000#  -0.000f

   S-matrix    4 =    1.00000   0.00000 for L=   35, J=   35.0 channel on core I =   1.5 from L=   35,  Acc. loss =  0.0 D.
 Elastic phase shift   4 =    0.000  -0.000 deg. for the L =   35, J =   35.0 channel.
      34.5  1.00000000  0.00000000i: elastic S-matrix  @@      0.00  0   0 F  0
 Reaction Xsec    34.5+/35 @ 4 =   0.000#, Out:   0.000#   0.000#   0.000#   0.000#   0.000#   0.000#  -0.000f

   S-matrix    5 =    1.00000   0.00000 for L=   35, J=   36.0 channel on core I =   1.5 from L=   35,  Acc. loss =  0.0 D.
 Elastic phase shift   5 =    0.000  -0.000 deg. for the L =   35, J =   36.0 channel.
      34.5  1.00000000  0.00000000i: elastic S-matrix  @@      0.00  0   0 F  0
 Reaction Xsec    34.5+/35 @ 5 =   0.000#, Out:   0.000#   0.000#   0.000#   0.000#   0.000#   0.000#  -0.000f

   S-matrix    6 =    1.00000   0.00000 for L=   37, J=   36.0 channel on core I =   1.5 from L=   37,  Acc. loss =  0.0 D.
 Elastic phase shift   6 =    0.000  -0.000 deg. for the L =   37, J =   36.0 channel.
      34.5  1.00000000  0.00000000i: elastic S-matrix  @@      0.00  0   0 F  0
 Reaction Xsec    34.5+/37 @ 6 =   0.000#, Out:   0.000#   0.000#   0.000#   0.000#   0.000#   0.000#  -0.000f


 Total SPIN, PARITY =    34.5 -,     35 chs,      0 cc.  Rmin & Coul turning =    8.5   37.7
   S-matrix    1 =    1.00000   0.00000 for L=   32, J=   33.0 channel on core I =   1.5 from L=   32,  Acc. loss =  0.0 D.
 Elastic phase shift   1 =    0.000  -0.000 deg. for the L =   32, J =   33.0 channel.
      34.5  1.00000000  0.00000000i: elastic S-matrix  @@      0.00  0   0 F  0
 Reaction Xsec    34.5-/32 @ 1 =  -0.000#, Out:   0.000#   0.000#   0.000#   0.000#   0.000#   0.000#  -0.000f

   S-matrix    2 =    1.00000   0.00000 for L=   34, J=   33.0 channel on core I =   1.5 from L=   34,  Acc. loss =  0.0 D.
 Elastic phase shift   2 =    0.000   0.000 deg. for the L =   34, J =   33.0 channel.
      34.5  1.00000000  0.00000000i: elastic S-matrix  @@      0.00  0   0 F  0
 Reaction Xsec    34.5-/34 @ 2 =   0.000#, Out:   0.000#   0.000#   0.000#   0.000#   0.000#   0.000#   0.000f

   S-matrix    3 =    1.00000   0.00000 for L=   34, J=   34.0 channel on core I =   1.5 from L=   34,  Acc. loss =  0.0 D.
 Elastic phase shift   3 =    0.000   0.000 deg. for the L =   34, J =   34.0 channel.
      34.5  1.00000000  0.00000000i: elastic S-matrix  @@      0.00  0   0 F  0
 Reaction Xsec    34.5-/34 @ 3 =   0.000#, Out:   0.000#   0.000#   0.000#   0.000#   0.000#   0.000#   0.000f

   S-matrix    4 =    1.00000   0.00000 for L=   34, J=   35.0 channel on core I =   1.5 from L=   34,  Acc. loss =  0.0 D.
 Elastic phase shift   4 =    0.000   0.000 deg. for the L =   34, J =   35.0 channel.
      34.5  1.00000000  0.00000000i: elastic S-matrix  @@      0.00  0   0 F  0
 Reaction Xsec    34.5-/34 @ 4 =   0.000#, Out:   0.000#   0.000#   0.000#   0.000#   0.000#   0.000#   0.000f

   S-matrix    5 =    1.00000   0.00000 for L=   36, J=   35.0 channel on core I =   1.5 from L=   36,  Acc. loss =  0.0 D.
 Elastic phase shift   5 =    0.000  -0.000 deg. for the L =   36, J =   35.0 channel.
      34.5  1.00000000  0.00000000i: elastic S-matrix  @@      0.00  0   0 F  0
 Reaction Xsec    34.5-/36 @ 5 =   0.000#, Out:   0.000#   0.000#   0.000#   0.000#   0.000#   0.000#  -0.000f

   S-matrix    6 =    1.00000   0.00000 for L=   36, J=   36.0 channel on core I =   1.5 from L=   36,  Acc. loss =  0.0 D.
 Elastic phase shift   6 =    0.000  -0.000 deg. for the L =   36, J =   36.0 channel.
      34.5  1.00000000  0.00000000i: elastic S-matrix  @@      0.00  0   0 F  0
 Reaction Xsec    34.5-/36 @ 6 =   0.000#, Out:   0.000#   0.000#   0.000#   0.000#   0.000#   0.000#  -0.000f


 Total SPIN, PARITY =    35.5 +,     35 chs,      0 cc.  Rmin & Coul turning =    8.7   38.8
   S-matrix    1 =    1.00000   0.00000 for L=   33, J=   34.0 channel on core I =   1.5 from L=   33,  Acc. loss =  0.0 D.
 Elastic phase shift   1 =    0.000  -0.000 deg. for the L =   33, J =   34.0 channel.
      35.5  1.00000000  0.00000000i: elastic S-matrix  @@      0.00  0   0 F  0
 Reaction Xsec    35.5+/33 @ 1 =   0.000#, Out:   0.000#   0.000#   0.000#   0.000#   0.000#   0.000#  -0.000f

   S-matrix    2 =    1.00000   0.00000 for L=   35, J=   34.0 channel on core I =   1.5 from L=   35,  Acc. loss =  0.0 D.
 Elastic phase shift   2 =    0.000   0.000 deg. for the L =   35, J =   34.0 channel.
      35.5  1.00000000  0.00000000i: elastic S-matrix  @@      0.00  0   0 F  0
 Reaction Xsec    35.5+/35 @ 2 =   0.000#, Out:   0.000#   0.000#   0.000#   0.000#   0.000#   0.000#   0.000f

   S-matrix    3 =    1.00000   0.00000 for L=   35, J=   35.0 channel on core I =   1.5 from L=   35,  Acc. loss =  0.0 D.
 Elastic phase shift   3 =    0.000   0.000 deg. for the L =   35, J =   35.0 channel.
      35.5  1.00000000  0.00000000i: elastic S-matrix  @@      0.00  0   0 F  0
 Reaction Xsec    35.5+/35 @ 3 =   0.000#, Out:   0.000#   0.000#   0.000#   0.000#   0.000#   0.000#   0.000f

   S-matrix    4 =    1.00000   0.00000 for L=   35, J=   36.0 channel on core I =   1.5 from L=   35,  Acc. loss =  0.0 D.
 Elastic phase shift   4 =    0.000   0.000 deg. for the L =   35, J =   36.0 channel.
      35.5  1.00000000  0.00000000i: elastic S-matrix  @@      0.00  0   0 F  0
 Reaction Xsec    35.5+/35 @ 4 =   0.000#, Out:   0.000#   0.000#   0.000#   0.000#   0.000#   0.000#   0.000f

   S-matrix    5 =    1.00000   0.00000 for L=   37, J=   36.0 channel on core I =   1.5 from L=   37,  Acc. loss =  0.0 D.
 Elastic phase shift   5 =    0.000  -0.000 deg. for the L =   37, J =   36.0 channel.
      35.5  1.00000000  0.00000000i: elastic S-matrix  @@      0.00  0   0 F  0
 Reaction Xsec    35.5+/37 @ 5 =   0.000#, Out:   0.000#   0.000#   0.000#   0.000#   0.000#   0.000#  -0.000f

   S-matrix    6 =    1.00000   0.00000 for L=   37, J=   37.0 channel on core I =   1.5 from L=   37,  Acc. loss =  0.0 D.
 Elastic phase shift   6 =    0.000  -0.000 deg. for the L =   37, J =   37.0 channel.
      35.5  1.00000000  0.00000000i: elastic S-matrix  @@      0.00  0   0 F  0
 Reaction Xsec    35.5+/37 @ 6 =   0.000#, Out:   0.000#   0.000#   0.000#   0.000#   0.000#   0.000#  -0.000f


 Total SPIN, PARITY =    35.5 -,     35 chs,      0 cc.  Rmin & Coul turning =    8.7   38.8
   S-matrix    1 =    1.00000   0.00000 for L=   34, J=   34.0 channel on core I =   1.5 from L=   34,  Acc. loss =  0.0 D.
 Elastic phase shift   1 =    0.000  -0.000 deg. for the L =   34, J =   34.0 channel.
      35.5  1.00000000  0.00000000i: elastic S-matrix  @@      0.00  0   0 F  0
 Reaction Xsec    35.5-/34 @ 1 =  -0.000#, Out:   0.000#   0.000#   0.000#   0.000#   0.000#   0.000#  -0.000f

   S-matrix    2 =    1.00000   0.00000 for L=   34, J=   35.0 channel on core I =   1.5 from L=   34,  Acc. loss =  0.0 D.
 Elastic phase shift   2 =    0.000  -0.000 deg. for the L =   34, J =   35.0 channel.
      35.5  1.00000000  0.00000000i: elastic S-matrix  @@      0.00  0   0 F  0
 Reaction Xsec    35.5-/34 @ 2 =  -0.000#, Out:   0.000#   0.000#   0.000#   0.000#   0.000#   0.000#  -0.000f

   S-matrix    3 =    1.00000   0.00000 for L=   36, J=   35.0 channel on core I =   1.5 from L=   36,  Acc. loss =  0.0 D.
 Elastic phase shift   3 =    0.000   0.000 deg. for the L =   36, J =   35.0 channel.
      35.5  1.00000000  0.00000000i: elastic S-matrix  @@      0.00  0   0 F  0
 Reaction Xsec    35.5-/36 @ 3 =   0.000#, Out:   0.000#   0.000#   0.000#   0.000#   0.000#   0.000#   0.000f

   S-matrix    4 =    1.00000   0.00000 for L=   36, J=   36.0 channel on core I =   1.5 from L=   36,  Acc. loss =  0.0 D.
 Elastic phase shift   4 =    0.000   0.000 deg. for the L =   36, J =   36.0 channel.
      35.5  1.00000000  0.00000000i: elastic S-matrix  @@      0.00  0   0 F  0
 Reaction Xsec    35.5-/36 @ 4 =   0.000#, Out:   0.000#   0.000#   0.000#   0.000#   0.000#   0.000#   0.000f

   S-matrix    5 =    1.00000   0.00000 for L=   36, J=   37.0 channel on core I =   1.5 from L=   36,  Acc. loss =  0.0 D.
 Elastic phase shift   5 =    0.000   0.000 deg. for the L =   36, J =   37.0 channel.
      35.5  1.00000000  0.00000000i: elastic S-matrix  @@      0.00  0   0 F  0
 Reaction Xsec    35.5-/36 @ 5 =   0.000#, Out:   0.000#   0.000#   0.000#   0.000#   0.000#   0.000#   0.000f

   S-matrix    6 =    1.00000   0.00000 for L=   38, J=   37.0 channel on core I =   1.5 from L=   38,  Acc. loss =  0.0 D.
 Elastic phase shift   6 =    0.000   0.000 deg. for the L =   38, J =   37.0 channel.
      35.5  1.00000000  0.00000000i: elastic S-matrix  @@      0.00  0   0 F  0
 Reaction Xsec    35.5-/38 @ 6 =   0.000#, Out:   0.000#   0.000#   0.000#   0.000#   0.000#   0.000#   0.000f


 Total SPIN, PARITY =    36.5 +,     35 chs,      0 cc.  Rmin & Coul turning =    9.0   39.9
   S-matrix    1 =    1.00000   0.00000 for L=   35, J=   35.0 channel on core I =   1.5 from L=   35,  Acc. loss =  0.0 D.
 Elastic phase shift   1 =    0.000  -0.000 deg. for the L =   35, J =   35.0 channel.
      36.5  1.00000000  0.00000000i: elastic S-matrix  @@      0.00  0   0 F  0
 Reaction Xsec    36.5+/35 @ 1 =   0.000#, Out:   0.000#   0.000#   0.000#   0.000#   0.000#   0.000#  -0.000f

   S-matrix    2 =    1.00000   0.00000 for L=   35, J=   36.0 channel on core I =   1.5 from L=   35,  Acc. loss =  0.0 D.
 Elastic phase shift   2 =    0.000  -0.000 deg. for the L =   35, J =   36.0 channel.
      36.5  1.00000000  0.00000000i: elastic S-matrix  @@      0.00  0   0 F  0
 Reaction Xsec    36.5+/35 @ 2 =   0.000#, Out:   0.000#   0.000#   0.000#   0.000#   0.000#   0.000#  -0.000f

   S-matrix    3 =    1.00000   0.00000 for L=   37, J=   36.0 channel on core I =   1.5 from L=   37,  Acc. loss =  0.0 D.
 Elastic phase shift   3 =    0.000  -0.000 deg. for the L =   37, J =   36.0 channel.
      36.5  1.00000000  0.00000000i: elastic S-matrix  @@      0.00  0   0 F  0
 Reaction Xsec    36.5+/37 @ 3 =   0.000#, Out:   0.000#   0.000#   0.000#   0.000#   0.000#   0.000#  -0.000f

   S-matrix    4 =    1.00000   0.00000 for L=   37, J=   37.0 channel on core I =   1.5 from L=   37,  Acc. loss =  0.0 D.
 Elastic phase shift   4 =    0.000  -0.000 deg. for the L =   37, J =   37.0 channel.
      36.5  1.00000000  0.00000000i: elastic S-matrix  @@      0.00  0   0 F  0
 Reaction Xsec    36.5+/37 @ 4 =   0.000#, Out:   0.000#   0.000#   0.000#   0.000#   0.000#   0.000#  -0.000f

   S-matrix    5 =    1.00000   0.00000 for L=   37, J=   38.0 channel on core I =   1.5 from L=   37,  Acc. loss =  0.0 D.
 Elastic phase shift   5 =    0.000  -0.000 deg. for the L =   37, J =   38.0 channel.
      36.5  1.00000000  0.00000000i: elastic S-matrix  @@      0.00  0   0 F  0
 Reaction Xsec    36.5+/37 @ 5 =   0.000#, Out:   0.000#   0.000#   0.000#   0.000#   0.000#   0.000#  -0.000f

   S-matrix    6 =    1.00000   0.00000 for L=   39, J=   38.0 channel on core I =   1.5 from L=   39,  Acc. loss =  0.0 D.
 Elastic phase shift   6 =    0.000  -0.000 deg. for the L =   39, J =   38.0 channel.
      36.5  1.00000000  0.00000000i: elastic S-matrix  @@      0.00  0   0 F  0
 Reaction Xsec    36.5+/39 @ 6 =   0.000#, Out:   0.000#   0.000#   0.000#   0.000#   0.000#   0.000#  -0.000f


 Total SPIN, PARITY =    36.5 -,     35 chs,      0 cc.  Rmin & Coul turning =    9.0   39.9
   S-matrix    1 =    1.00000   0.00000 for L=   34, J=   35.0 channel on core I =   1.5 from L=   34,  Acc. loss =  0.0 D.
 Elastic phase shift   1 =    0.000   0.000 deg. for the L =   34, J =   35.0 channel.
      36.5  1.00000000  0.00000000i: elastic S-matrix  @@      0.00  0   0 F  0
 Reaction Xsec    36.5-/34 @ 1 =   0.000#, Out:   0.000#   0.000#   0.000#   0.000#   0.000#   0.000#   0.000f

   S-matrix    2 =    1.00000   0.00000 for L=   36, J=   35.0 channel on core I =   1.5 from L=   36,  Acc. loss =  0.0 D.
 Elastic phase shift   2 =    0.000   0.000 deg. for the L =   36, J =   35.0 channel.
      36.5  1.00000000  0.00000000i: elastic S-matrix  @@      0.00  0   0 F  0
 Reaction Xsec    36.5-/36 @ 2 =   0.000#, Out:   0.000#   0.000#   0.000#   0.000#   0.000#   0.000#   0.000f

   S-matrix    3 =    1.00000   0.00000 for L=   36, J=   36.0 channel on core I =   1.5 from L=   36,  Acc. loss =  0.0 D.
 Elastic phase shift   3 =    0.000   0.000 deg. for the L =   36, J =   36.0 channel.
      36.5  1.00000000  0.00000000i: elastic S-matrix  @@      0.00  0   0 F  0
 Reaction Xsec    36.5-/36 @ 3 =   0.000#, Out:   0.000#   0.000#   0.000#   0.000#   0.000#   0.000#   0.000f

   S-matrix    4 =    1.00000   0.00000 for L=   36, J=   37.0 channel on core I =   1.5 from L=   36,  Acc. loss =  0.0 D.
 Elastic phase shift   4 =    0.000   0.000 deg. for the L =   36, J =   37.0 channel.
      36.5  1.00000000  0.00000000i: elastic S-matrix  @@      0.00  0   0 F  0
 Reaction Xsec    36.5-/36 @ 4 =   0.000#, Out:   0.000#   0.000#   0.000#   0.000#   0.000#   0.000#   0.000f

   S-matrix    5 =    1.00000   0.00000 for L=   38, J=   37.0 channel on core I =   1.5 from L=   38,  Acc. loss =  0.0 D.
 Elastic phase shift   5 =    0.000  -0.000 deg. for the L =   38, J =   37.0 channel.
      36.5  1.00000000  0.00000000i: elastic S-matrix  @@      0.00  0   0 F  0
 Reaction Xsec    36.5-/38 @ 5 =   0.000#, Out:   0.000#   0.000#   0.000#   0.000#   0.000#   0.000#  -0.000f

   S-matrix    6 =    1.00000   0.00000 for L=   38, J=   38.0 channel on core I =   1.5 from L=   38,  Acc. loss =  0.0 D.
 Elastic phase shift   6 =    0.000  -0.000 deg. for the L =   38, J =   38.0 channel.
      36.5  1.00000000  0.00000000i: elastic S-matrix  @@      0.00  0   0 F  0
 Reaction Xsec    36.5-/38 @ 6 =   0.000#, Out:   0.000#   0.000#   0.000#   0.000#   0.000#   0.000#  -0.000f


 Total SPIN, PARITY =    37.5 +,     35 chs,      0 cc.  Rmin & Coul turning =    9.2   41.0
   S-matrix    1 =    1.00000   0.00000 for L=   35, J=   36.0 channel on core I =   1.5 from L=   35,  Acc. loss =  0.0 D.
 Elastic phase shift   1 =    0.000  -0.000 deg. for the L =   35, J =   36.0 channel.
      37.5  1.00000000  0.00000000i: elastic S-matrix  @@      0.00  0   0 F  0
 Reaction Xsec    37.5+/35 @ 1 =   0.000#, Out:   0.000#   0.000#   0.000#   0.000#   0.000#   0.000#  -0.000f

   S-matrix    2 =    1.00000   0.00000 for L=   37, J=   36.0 channel on core I =   1.5 from L=   37,  Acc. loss =  0.0 D.
 Elastic phase shift   2 =    0.000  -0.000 deg. for the L =   37, J =   36.0 channel.
      37.5  1.00000000  0.00000000i: elastic S-matrix  @@      0.00  0   0 F  0
 Reaction Xsec    37.5+/37 @ 2 =   0.000#, Out:   0.000#   0.000#   0.000#   0.000#   0.000#   0.000#  -0.000f

   S-matrix    3 =    1.00000   0.00000 for L=   37, J=   37.0 channel on core I =   1.5 from L=   37,  Acc. loss =  0.0 D.
 Elastic phase shift   3 =    0.000  -0.000 deg. for the L =   37, J =   37.0 channel.
      37.5  1.00000000  0.00000000i: elastic S-matrix  @@      0.00  0   0 F  0
 Reaction Xsec    37.5+/37 @ 3 =   0.000#, Out:   0.000#   0.000#   0.000#   0.000#   0.000#   0.000#  -0.000f

   S-matrix    4 =    1.00000   0.00000 for L=   37, J=   38.0 channel on core I =   1.5 from L=   37,  Acc. loss =  0.0 D.
 Elastic phase shift   4 =    0.000  -0.000 deg. for the L =   37, J =   38.0 channel.
      37.5  1.00000000  0.00000000i: elastic S-matrix  @@      0.00  0   0 F  0
 Reaction Xsec    37.5+/37 @ 4 =   0.000#, Out:   0.000#   0.000#   0.000#   0.000#   0.000#   0.000#  -0.000f

   S-matrix    5 =    1.00000   0.00000 for L=   39, J=   38.0 channel on core I =   1.5 from L=   39,  Acc. loss =  0.0 D.
 Elastic phase shift   5 =    0.000  -0.000 deg. for the L =   39, J =   38.0 channel.
      37.5  1.00000000  0.00000000i: elastic S-matrix  @@      0.00  0   0 F  0
 Reaction Xsec    37.5+/39 @ 5 =   0.000#, Out:   0.000#   0.000#   0.000#   0.000#   0.000#   0.000#  -0.000f

   S-matrix    6 =    1.00000   0.00000 for L=   39, J=   39.0 channel on core I =   1.5 from L=   39,  Acc. loss =  0.0 D.
 Elastic phase shift   6 =    0.000  -0.000 deg. for the L =   39, J =   39.0 channel.
      37.5  1.00000000  0.00000000i: elastic S-matrix  @@      0.00  0   0 F  0
 Reaction Xsec    37.5+/39 @ 6 =   0.000#, Out:   0.000#   0.000#   0.000#   0.000#   0.000#   0.000#  -0.000f


 Total SPIN, PARITY =    37.5 -,     35 chs,      0 cc.  Rmin & Coul turning =    9.2   41.0
   S-matrix    1 =    1.00000   0.00000 for L=   36, J=   36.0 channel on core I =   1.5 from L=   36,  Acc. loss =  0.0 D.
 Elastic phase shift   1 =    0.000  -0.000 deg. for the L =   36, J =   36.0 channel.
      37.5  1.00000000  0.00000000i: elastic S-matrix  @@      0.00  0   0 F  0
 Reaction Xsec    37.5-/36 @ 1 =   0.000#, Out:   0.000#   0.000#   0.000#   0.000#   0.000#   0.000#  -0.000f

   S-matrix    2 =    1.00000   0.00000 for L=   36, J=   37.0 channel on core I =   1.5 from L=   36,  Acc. loss =  0.0 D.
 Elastic phase shift   2 =    0.000  -0.000 deg. for the L =   36, J =   37.0 channel.
      37.5  1.00000000  0.00000000i: elastic S-matrix  @@      0.00  0   0 F  0
 Reaction Xsec    37.5-/36 @ 2 =   0.000#, Out:   0.000#   0.000#   0.000#   0.000#   0.000#   0.000#  -0.000f

   S-matrix    3 =    1.00000   0.00000 for L=   38, J=   37.0 channel on core I =   1.5 from L=   38,  Acc. loss =  0.0 D.
 Elastic phase shift   3 =    0.000  -0.000 deg. for the L =   38, J =   37.0 channel.
      37.5  1.00000000  0.00000000i: elastic S-matrix  @@      0.00  0   0 F  0
 Reaction Xsec    37.5-/38 @ 3 =   0.000#, Out:   0.000#   0.000#   0.000#   0.000#   0.000#   0.000#  -0.000f

   S-matrix    4 =    1.00000   0.00000 for L=   38, J=   38.0 channel on core I =   1.5 from L=   38,  Acc. loss =  0.0 D.
 Elastic phase shift   4 =    0.000  -0.000 deg. for the L =   38, J =   38.0 channel.
      37.5  1.00000000  0.00000000i: elastic S-matrix  @@      0.00  0   0 F  0
 Reaction Xsec    37.5-/38 @ 4 =   0.000#, Out:   0.000#   0.000#   0.000#   0.000#   0.000#   0.000#  -0.000f

   S-matrix    5 =    1.00000   0.00000 for L=   38, J=   39.0 channel on core I =   1.5 from L=   38,  Acc. loss =  0.0 D.
 Elastic phase shift   5 =    0.000  -0.000 deg. for the L =   38, J =   39.0 channel.
      37.5  1.00000000  0.00000000i: elastic S-matrix  @@      0.00  0   0 F  0
 Reaction Xsec    37.5-/38 @ 5 =   0.000#, Out:   0.000#   0.000#   0.000#   0.000#   0.000#   0.000#  -0.000f

   S-matrix    6 =    1.00000   0.00000 for L=   40, J=   39.0 channel on core I =   1.5 from L=   40,  Acc. loss =  0.0 D.
 Elastic phase shift   6 =    0.000  -0.000 deg. for the L =   40, J =   39.0 channel.
      37.5  1.00000000  0.00000000i: elastic S-matrix  @@      0.00  0   0 F  0
 Reaction Xsec    37.5-/40 @ 6 =   0.000#, Out:   0.000#   0.000#   0.000#   0.000#   0.000#   0.000#  -0.000f


 Total SPIN, PARITY =    38.5 +,     35 chs,      0 cc.  Rmin & Coul turning =    9.5   42.1
   S-matrix    1 =    1.00000   0.00000 for L=   37, J=   37.0 channel on core I =   1.5 from L=   37,  Acc. loss =  0.0 D.
 Elastic phase shift   1 =    0.000  -0.000 deg. for the L =   37, J =   37.0 channel.
      38.5  1.00000000  0.00000000i: elastic S-matrix  @@      0.00  0   0 F  0
 Reaction Xsec    38.5+/37 @ 1 =   0.000#, Out:   0.000#   0.000#   0.000#   0.000#   0.000#   0.000#  -0.000f

   S-matrix    2 =    1.00000   0.00000 for L=   37, J=   38.0 channel on core I =   1.5 from L=   37,  Acc. loss =  0.0 D.
 Elastic phase shift   2 =    0.000  -0.000 deg. for the L =   37, J =   38.0 channel.
      38.5  1.00000000  0.00000000i: elastic S-matrix  @@      0.00  0   0 F  0
 Reaction Xsec    38.5+/37 @ 2 =   0.000#, Out:   0.000#   0.000#   0.000#   0.000#   0.000#   0.000#  -0.000f

   S-matrix    3 =    1.00000   0.00000 for L=   39, J=   38.0 channel on core I =   1.5 from L=   39,  Acc. loss =  0.0 D.
 Elastic phase shift   3 =    0.000  -0.000 deg. for the L =   39, J =   38.0 channel.
      38.5  1.00000000  0.00000000i: elastic S-matrix  @@      0.00  0   0 F  0
 Reaction Xsec    38.5+/39 @ 3 =   0.000#, Out:   0.000#   0.000#   0.000#   0.000#   0.000#   0.000#  -0.000f

   S-matrix    4 =    1.00000   0.00000 for L=   39, J=   39.0 channel on core I =   1.5 from L=   39,  Acc. loss =  0.0 D.
 Elastic phase shift   4 =    0.000  -0.000 deg. for the L =   39, J =   39.0 channel.
      38.5  1.00000000  0.00000000i: elastic S-matrix  @@      0.00  0   0 F  0
 Reaction Xsec    38.5+/39 @ 4 =   0.000#, Out:   0.000#   0.000#   0.000#   0.000#   0.000#   0.000#  -0.000f

   S-matrix    5 =    1.00000   0.00000 for L=   39, J=   40.0 channel on core I =   1.5 from L=   39,  Acc. loss =  0.0 D.
 Elastic phase shift   5 =    0.000  -0.000 deg. for the L =   39, J =   40.0 channel.
      38.5  1.00000000  0.00000000i: elastic S-matrix  @@      0.00  0   0 F  0
 Reaction Xsec    38.5+/39 @ 5 =   0.000#, Out:   0.000#   0.000#   0.000#   0.000#   0.000#   0.000#  -0.000f

   S-matrix    6 =    1.00000   0.00000 for L=   41, J=   40.0 channel on core I =   1.5 from L=   41,  Acc. loss =  0.0 D.
 Elastic phase shift   6 =    0.000   0.000 deg. for the L =   41, J =   40.0 channel.
      38.5  1.00000000  0.00000000i: elastic S-matrix  @@      0.00  0   0 F  0
 Reaction Xsec    38.5+/41 @ 6 =   0.000#, Out:   0.000#   0.000#   0.000#   0.000#   0.000#   0.000#   0.000f


 Total SPIN, PARITY =    38.5 -,     35 chs,      0 cc.  Rmin & Coul turning =    9.5   42.1
   S-matrix    1 =    1.00000   0.00000 for L=   36, J=   37.0 channel on core I =   1.5 from L=   36,  Acc. loss =  0.0 D.
 Elastic phase shift   1 =    0.000  -0.000 deg. for the L =   36, J =   37.0 channel.
      38.5  1.00000000  0.00000000i: elastic S-matrix  @@      0.00  0   0 F  0
 Reaction Xsec    38.5-/36 @ 1 =   0.000#, Out:   0.000#   0.000#   0.000#   0.000#   0.000#   0.000#  -0.000f

   S-matrix    2 =    1.00000   0.00000 for L=   38, J=   37.0 channel on core I =   1.5 from L=   38,  Acc. loss =  0.0 D.
 Elastic phase shift   2 =    0.000  -0.000 deg. for the L =   38, J =   37.0 channel.
      38.5  1.00000000  0.00000000i: elastic S-matrix  @@      0.00  0   0 F  0
 Reaction Xsec    38.5-/38 @ 2 =   0.000#, Out:   0.000#   0.000#   0.000#   0.000#   0.000#   0.000#  -0.000f

   S-matrix    3 =    1.00000   0.00000 for L=   38, J=   38.0 channel on core I =   1.5 from L=   38,  Acc. loss =  0.0 D.
 Elastic phase shift   3 =    0.000  -0.000 deg. for the L =   38, J =   38.0 channel.
      38.5  1.00000000  0.00000000i: elastic S-matrix  @@      0.00  0   0 F  0
 Reaction Xsec    38.5-/38 @ 3 =   0.000#, Out:   0.000#   0.000#   0.000#   0.000#   0.000#   0.000#  -0.000f

   S-matrix    4 =    1.00000   0.00000 for L=   38, J=   39.0 channel on core I =   1.5 from L=   38,  Acc. loss =  0.0 D.
 Elastic phase shift   4 =    0.000  -0.000 deg. for the L =   38, J =   39.0 channel.
      38.5  1.00000000  0.00000000i: elastic S-matrix  @@      0.00  0   0 F  0
 Reaction Xsec    38.5-/38 @ 4 =   0.000#, Out:   0.000#   0.000#   0.000#   0.000#   0.000#   0.000#  -0.000f

   S-matrix    5 =    1.00000   0.00000 for L=   40, J=   39.0 channel on core I =   1.5 from L=   40,  Acc. loss =  0.0 D.
 Elastic phase shift   5 =    0.000   0.000 deg. for the L =   40, J =   39.0 channel.
      38.5  1.00000000  0.00000000i: elastic S-matrix  @@      0.00  0   0 F  0
 Reaction Xsec    38.5-/40 @ 5 =   0.000#, Out:   0.000#   0.000#   0.000#   0.000#   0.000#   0.000#   0.000f

   S-matrix    6 =    1.00000   0.00000 for L=   40, J=   40.0 channel on core I =   1.5 from L=   40,  Acc. loss =  0.0 D.
 Elastic phase shift   6 =    0.000   0.000 deg. for the L =   40, J =   40.0 channel.
      38.5  1.00000000  0.00000000i: elastic S-matrix  @@      0.00  0   0 F  0
 Reaction Xsec    38.5-/40 @ 6 =   0.000#, Out:   0.000#   0.000#   0.000#   0.000#   0.000#   0.000#   0.000f


 Total SPIN, PARITY =    39.5 +,     35 chs,      0 cc.  Rmin & Coul turning =    9.7   43.2
   S-matrix    1 =    1.00000   0.00000 for L=   37, J=   38.0 channel on core I =   1.5 from L=   37,  Acc. loss =  0.0 D.
 Elastic phase shift   1 =    0.000  -0.000 deg. for the L =   37, J =   38.0 channel.
      39.5  1.00000000  0.00000000i: elastic S-matrix  @@      0.00  0   0 F  0
 Reaction Xsec    39.5+/37 @ 1 =   0.000#, Out:   0.000#   0.000#   0.000#   0.000#   0.000#   0.000#  -0.000f

   S-matrix    2 =    1.00000   0.00000 for L=   39, J=   38.0 channel on core I =   1.5 from L=   39,  Acc. loss =  0.0 D.
 Elastic phase shift   2 =    0.000  -0.000 deg. for the L =   39, J =   38.0 channel.
      39.5  1.00000000  0.00000000i: elastic S-matrix  @@      0.00  0   0 F  0
 Reaction Xsec    39.5+/39 @ 2 =   0.000#, Out:   0.000#   0.000#   0.000#   0.000#   0.000#   0.000#  -0.000f

   S-matrix    3 =    1.00000   0.00000 for L=   39, J=   39.0 channel on core I =   1.5 from L=   39,  Acc. loss =  0.0 D.
 Elastic phase shift   3 =    0.000  -0.000 deg. for the L =   39, J =   39.0 channel.
      39.5  1.00000000  0.00000000i: elastic S-matrix  @@      0.00  0   0 F  0
 Reaction Xsec    39.5+/39 @ 3 =   0.000#, Out:   0.000#   0.000#   0.000#   0.000#   0.000#   0.000#  -0.000f

   S-matrix    4 =    1.00000   0.00000 for L=   39, J=   40.0 channel on core I =   1.5 from L=   39,  Acc. loss =  0.0 D.
 Elastic phase shift   4 =    0.000  -0.000 deg. for the L =   39, J =   40.0 channel.
      39.5  1.00000000  0.00000000i: elastic S-matrix  @@      0.00  0   0 F  0
 Reaction Xsec    39.5+/39 @ 4 =   0.000#, Out:   0.000#   0.000#   0.000#   0.000#   0.000#   0.000#  -0.000f

   S-matrix    5 =    1.00000   0.00000 for L=   41, J=   40.0 channel on core I =   1.5 from L=   41,  Acc. loss =  0.0 D.
 Elastic phase shift   5 =    0.000   0.000 deg. for the L =   41, J =   40.0 channel.
      39.5  1.00000000  0.00000000i: elastic S-matrix  @@      0.00  0   0 F  0
 Reaction Xsec    39.5+/41 @ 5 =   0.000#, Out:   0.000#   0.000#   0.000#   0.000#   0.000#   0.000#   0.000f

   S-matrix    6 =    1.00000   0.00000 for L=   41, J=   41.0 channel on core I =   1.5 from L=   41,  Acc. loss =  0.0 D.
 Elastic phase shift   6 =    0.000   0.000 deg. for the L =   41, J =   41.0 channel.
      39.5  1.00000000  0.00000000i: elastic S-matrix  @@      0.00  0   0 F  0
 Reaction Xsec    39.5+/41 @ 6 =   0.000#, Out:   0.000#   0.000#   0.000#   0.000#   0.000#   0.000#   0.000f


 Total SPIN, PARITY =    39.5 -,     35 chs,      0 cc.  Rmin & Coul turning =    9.7   43.2
   S-matrix    1 =    1.00000   0.00000 for L=   38, J=   38.0 channel on core I =   1.5 from L=   38,  Acc. loss =  0.0 D.
 Elastic phase shift   1 =    0.000  -0.000 deg. for the L =   38, J =   38.0 channel.
      39.5  1.00000000  0.00000000i: elastic S-matrix  @@      0.00  0   0 F  0
 Reaction Xsec    39.5-/38 @ 1 =   0.000#, Out:   0.000#   0.000#   0.000#   0.000#   0.000#   0.000#  -0.000f

   S-matrix    2 =    1.00000   0.00000 for L=   38, J=   39.0 channel on core I =   1.5 from L=   38,  Acc. loss =  0.0 D.
 Elastic phase shift   2 =    0.000  -0.000 deg. for the L =   38, J =   39.0 channel.
      39.5  1.00000000  0.00000000i: elastic S-matrix  @@      0.00  0   0 F  0
 Reaction Xsec    39.5-/38 @ 2 =   0.000#, Out:   0.000#   0.000#   0.000#   0.000#   0.000#   0.000#  -0.000f

   S-matrix    3 =    1.00000   0.00000 for L=   40, J=   39.0 channel on core I =   1.5 from L=   40,  Acc. loss =  0.0 D.
 Elastic phase shift   3 =    0.000  -0.000 deg. for the L =   40, J =   39.0 channel.
      39.5  1.00000000  0.00000000i: elastic S-matrix  @@      0.00  0   0 F  0
 Reaction Xsec    39.5-/40 @ 3 =   0.000#, Out:   0.000#   0.000#   0.000#   0.000#   0.000#   0.000#  -0.000f

   S-matrix    4 =    1.00000   0.00000 for L=   40, J=   40.0 channel on core I =   1.5 from L=   40,  Acc. loss =  0.0 D.
 Elastic phase shift   4 =    0.000  -0.000 deg. for the L =   40, J =   40.0 channel.
      39.5  1.00000000  0.00000000i: elastic S-matrix  @@      0.00  0   0 F  0
 Reaction Xsec    39.5-/40 @ 4 =   0.000#, Out:   0.000#   0.000#   0.000#   0.000#   0.000#   0.000#  -0.000f

   S-matrix    5 =    1.00000   0.00000 for L=   40, J=   41.0 channel on core I =   1.5 from L=   40,  Acc. loss =  0.0 D.
 Elastic phase shift   5 =    0.000  -0.000 deg. for the L =   40, J =   41.0 channel.
      39.5  1.00000000  0.00000000i: elastic S-matrix  @@      0.00  0   0 F  0
 Reaction Xsec    39.5-/40 @ 5 =   0.000#, Out:   0.000#   0.000#   0.000#   0.000#   0.000#   0.000#  -0.000f

   S-matrix    6 =    1.00000   0.00000 for L=   42, J=   41.0 channel on core I =   1.5 from L=   42,  Acc. loss =  0.0 D.
 Elastic phase shift   6 =    0.000  -0.000 deg. for the L =   42, J =   41.0 channel.
      39.5  1.00000000  0.00000000i: elastic S-matrix  @@      0.00  0   0 F  0
 Reaction Xsec    39.5-/42 @ 6 =   0.000#, Out:   0.000#   0.000#   0.000#   0.000#   0.000#   0.000#  -0.000f


 Total SPIN, PARITY =    40.5 +,     35 chs,      0 cc.  Rmin & Coul turning =   10.0   44.2
   S-matrix    1 =    1.00000   0.00000 for L=   39, J=   39.0 channel on core I =   1.5 from L=   39,  Acc. loss =  0.0 D.
 Elastic phase shift   1 =    0.000  -0.000 deg. for the L =   39, J =   39.0 channel.
      40.5  1.00000000  0.00000000i: elastic S-matrix  @@      0.00  0   0 F  0
 Reaction Xsec    40.5+/39 @ 1 =   0.000#, Out:   0.000#   0.000#   0.000#   0.000#   0.000#   0.000#  -0.000f

   S-matrix    2 =    1.00000   0.00000 for L=   39, J=   40.0 channel on core I =   1.5 from L=   39,  Acc. loss =  0.0 D.
 Elastic phase shift   2 =    0.000  -0.000 deg. for the L =   39, J =   40.0 channel.
      40.5  1.00000000  0.00000000i: elastic S-matrix  @@      0.00  0   0 F  0
 Reaction Xsec    40.5+/39 @ 2 =   0.000#, Out:   0.000#   0.000#   0.000#   0.000#   0.000#   0.000#  -0.000f

   S-matrix    3 =    1.00000   0.00000 for L=   41, J=   40.0 channel on core I =   1.5 from L=   41,  Acc. loss =  0.0 D.
 Elastic phase shift   3 =    0.000   0.000 deg. for the L =   41, J =   40.0 channel.
      40.5  1.00000000  0.00000000i: elastic S-matrix  @@      0.00  0   0 F  0
 Reaction Xsec    40.5+/41 @ 3 =   0.000#, Out:   0.000#   0.000#   0.000#   0.000#   0.000#   0.000#   0.000f

   S-matrix    4 =    1.00000   0.00000 for L=   41, J=   41.0 channel on core I =   1.5 from L=   41,  Acc. loss =  0.0 D.
 Elastic phase shift   4 =    0.000   0.000 deg. for the L =   41, J =   41.0 channel.
      40.5  1.00000000  0.00000000i: elastic S-matrix  @@      0.00  0   0 F  0
 Reaction Xsec    40.5+/41 @ 4 =   0.000#, Out:   0.000#   0.000#   0.000#   0.000#   0.000#   0.000#   0.000f

   S-matrix    5 =    1.00000   0.00000 for L=   41, J=   42.0 channel on core I =   1.5 from L=   41,  Acc. loss =  0.0 D.
 Elastic phase shift   5 =    0.000   0.000 deg. for the L =   41, J =   42.0 channel.
      40.5  1.00000000  0.00000000i: elastic S-matrix  @@      0.00  0   0 F  0
 Reaction Xsec    40.5+/41 @ 5 =   0.000#, Out:   0.000#   0.000#   0.000#   0.000#   0.000#   0.000#   0.000f

   S-matrix    6 =    1.00000   0.00000 for L=   43, J=   42.0 channel on core I =   1.5 from L=   43,  Acc. loss =  0.0 D.
 Elastic phase shift   6 =    0.000  -0.000 deg. for the L =   43, J =   42.0 channel.
      40.5  1.00000000  0.00000000i: elastic S-matrix  @@      0.00  0   0 F  0
 Reaction Xsec    40.5+/43 @ 6 =   0.000#, Out:   0.000#   0.000#   0.000#   0.000#   0.000#   0.000#  -0.000f


 Total SPIN, PARITY =    40.5 -,     35 chs,      0 cc.  Rmin & Coul turning =   10.0   44.2
   S-matrix    1 =    1.00000   0.00000 for L=   38, J=   39.0 channel on core I =   1.5 from L=   38,  Acc. loss =  0.0 D.
 Elastic phase shift   1 =    0.000  -0.000 deg. for the L =   38, J =   39.0 channel.
      40.5  1.00000000  0.00000000i: elastic S-matrix  @@      0.00  0   0 F  0
 Reaction Xsec    40.5-/38 @ 1 =   0.000#, Out:   0.000#   0.000#   0.000#   0.000#   0.000#   0.000#  -0.000f

   S-matrix    2 =    1.00000   0.00000 for L=   40, J=   39.0 channel on core I =   1.5 from L=   40,  Acc. loss =  0.0 D.
 Elastic phase shift   2 =    0.000  -0.000 deg. for the L =   40, J =   39.0 channel.
      40.5  1.00000000  0.00000000i: elastic S-matrix  @@      0.00  0   0 F  0
 Reaction Xsec    40.5-/40 @ 2 =   0.000#, Out:   0.000#   0.000#   0.000#   0.000#   0.000#   0.000#  -0.000f

   S-matrix    3 =    1.00000   0.00000 for L=   40, J=   40.0 channel on core I =   1.5 from L=   40,  Acc. loss =  0.0 D.
 Elastic phase shift   3 =    0.000  -0.000 deg. for the L =   40, J =   40.0 channel.
      40.5  1.00000000  0.00000000i: elastic S-matrix  @@      0.00  0   0 F  0
 Reaction Xsec    40.5-/40 @ 3 =   0.000#, Out:   0.000#   0.000#   0.000#   0.000#   0.000#   0.000#  -0.000f

   S-matrix    4 =    1.00000   0.00000 for L=   40, J=   41.0 channel on core I =   1.5 from L=   40,  Acc. loss =  0.0 D.
 Elastic phase shift   4 =    0.000  -0.000 deg. for the L =   40, J =   41.0 channel.
      40.5  1.00000000  0.00000000i: elastic S-matrix  @@      0.00  0   0 F  0
 Reaction Xsec    40.5-/40 @ 4 =   0.000#, Out:   0.000#   0.000#   0.000#   0.000#   0.000#   0.000#  -0.000f

   S-matrix    5 =    1.00000   0.00000 for L=   42, J=   41.0 channel on core I =   1.5 from L=   42,  Acc. loss =  0.0 D.
 Elastic phase shift   5 =    0.000  -0.000 deg. for the L =   42, J =   41.0 channel.
      40.5  1.00000000  0.00000000i: elastic S-matrix  @@      0.00  0   0 F  0
 Reaction Xsec    40.5-/42 @ 5 =  -0.000#, Out:   0.000#   0.000#   0.000#   0.000#   0.000#   0.000#  -0.000f

   S-matrix    6 =    1.00000   0.00000 for L=   42, J=   42.0 channel on core I =   1.5 from L=   42,  Acc. loss =  0.0 D.
 Elastic phase shift   6 =    0.000  -0.000 deg. for the L =   42, J =   42.0 channel.
      40.5  1.00000000  0.00000000i: elastic S-matrix  @@      0.00  0   0 F  0
 Reaction Xsec    40.5-/42 @ 6 =  -0.000#, Out:   0.000#   0.000#   0.000#   0.000#   0.000#   0.000#  -0.000f

 Finished all CC sets @   0.128814995    
0CUMULATIVE REACTION cross section                 =  805.96407  <L> =     3.47  <L**2> =     14.5
0CUMULATIVE outgoing cross sections in partition 1 :    0.00000
0CUMULATIVE outgoing cross sections in partition 2 :   31.97160   19.35359   40.26308   38.35362   77.84464
0Cumulative ABSORBTION by Imaginary Potentials     =  598.17754  <L> =     2.69  <L**2> =      6.6
   Fusion for specific DEUTERON M-states :  600.653245  635.351876  600.653245
0CUMULATIVE OUTGOING cross section                 =  207.78653
 To convert to S-factors (MeV.mb = keV.b),  multiply by  3.4089E+01


 CROSS SECTIONS FOR OUTGOING DEUTERON & Li7      in state #   1 with spins & parities 1.0  + &  1.5  -;  0

     0.01 deg.: X-S =   1.5778E+15 mb/sr,
+                                         /R =   1.0000E+00
     1.00 deg.: X-S =   1.5529E+07 mb/sr,
+                                         /R =   9.8421E-01
     2.00 deg.: X-S =   9.3150E+05 mb/sr,
+                                         /R =   9.4444E-01
     3.00 deg.: X-S =   1.7361E+05 mb/sr,
+                                         /R =   8.9086E-01
     4.00 deg.: X-S =   5.1356E+04 mb/sr,
+                                         /R =   8.3260E-01
     5.00 deg.: X-S =   1.9688E+04 mb/sr,
+                                         /R =   7.7893E-01
     6.00 deg.: X-S =  9018.383469 mb/sr,
+                                         /R =   7.3943E-01
     7.00 deg.: X-S =  4768.771954 mb/sr,
+                                         /R =   7.2390E-01
     8.00 deg.: X-S =  2867.631050 mb/sr,
+                                         /R =   7.4205E-01
     9.00 deg.: X-S =  1939.447382 mb/sr,
+                                         /R =   8.0319E-01
    10.00 deg.: X-S =  1452.400283 mb/sr,
+                                         /R =   9.1588E-01
    11.00 deg.: X-S =  1179.147066 mb/sr,
+                                         /R =   1.0875E+00
    12.00 deg.: X-S =  1014.742795 mb/sr,
+                                         /R =   1.3239E+00
    13.00 deg.: X-S =   907.770777 mb/sr,
+                                         /R =   1.6292E+00
    14.00 deg.: X-S =   831.854892 mb/sr,
+                                         /R =   2.0054E+00
    15.00 deg.: X-S =   772.991355 mb/sr,
+                                         /R =   2.4521E+00
    16.00 deg.: X-S =   723.569063 mb/sr,
+                                         /R =   2.9667E+00
    17.00 deg.: X-S =   679.402727 mb/sr,
+                                         /R =   3.5441E+00
    18.00 deg.: X-S =   638.197357 mb/sr,
+                                         /R =   4.1769E+00
    19.00 deg.: X-S =   598.724403 mb/sr,
+                                         /R =   4.8555E+00
    20.00 deg.: X-S =   560.365819 mb/sr,
+                                         /R =   5.5683E+00
    21.00 deg.: X-S =   522.854938 mb/sr,
+                                         /R =   6.3021E+00
    22.00 deg.: X-S =   486.125817 mb/sr,
+                                         /R =   7.0423E+00
    23.00 deg.: X-S =   450.223956 mb/sr,
+                                         /R =   7.7736E+00
    24.00 deg.: X-S =   415.252597 mb/sr,
+                                         /R =   8.4800E+00
    25.00 deg.: X-S =   381.340082 mb/sr,
+                                         /R =   9.1460E+00
    26.00 deg.: X-S =   348.619950 mb/sr,
+                                         /R =   9.7561E+00
    27.00 deg.: X-S =   317.218869 mb/sr,
+                                         /R =   1.0296E+01
    28.00 deg.: X-S =   287.249485 mb/sr,
+                                         /R =   1.0753E+01
    29.00 deg.: X-S =   258.806424 mb/sr,
+                                         /R =   1.1116E+01
    30.00 deg.: X-S =   231.964320 mb/sr,
+                                         /R =   1.1376E+01
    31.00 deg.: X-S =   206.777193 mb/sr,
+                                         /R =   1.1526E+01
    32.00 deg.: X-S =   183.278727 mb/sr,
+                                         /R =   1.1562E+01
    33.00 deg.: X-S =   161.483148 mb/sr,
+                                         /R =   1.1483E+01
    34.00 deg.: X-S =   141.386503 mb/sr,
+                                         /R =   1.1291E+01
    35.00 deg.: X-S =   122.968209 mb/sr,
+                                         /R =   1.0988E+01
    36.00 deg.: X-S =   106.192761 mb/sr,
+                                         /R =   1.0583E+01
    37.00 deg.: X-S =    91.011542 mb/sr,
+                                         /R =   1.0083E+01
    38.00 deg.: X-S =    77.364655 mb/sr,
+                                         /R =   9.4990E+00
    39.00 deg.: X-S =    65.182763 mb/sr,
+                                         /R =   8.8447E+00
    40.00 deg.: X-S =    54.388878 mb/sr,
+                                         /R =   8.1337E+00
    41.00 deg.: X-S =    44.900082 mb/sr,
+                                         /R =   7.3810E+00
    42.00 deg.: X-S =    36.629161 mb/sr,
+                                         /R =   6.6026E+00
    43.00 deg.: X-S =    29.486131 mb/sr,
+                                         /R =   5.8142E+00
    44.00 deg.: X-S =    23.379645 mb/sr,
+                                         /R =   5.0316E+00
    45.00 deg.: X-S =    18.218264 mb/sr,
+                                         /R =   4.2701E+00
    46.00 deg.: X-S =    13.911604 mb/sr,
+                                         /R =   3.5437E+00
    47.00 deg.: X-S =    10.371333 mb/sr,
+                                         /R =   2.8655E+00
    48.00 deg.: X-S =     7.512042 mb/sr,
+                                         /R =   2.2469E+00
    49.00 deg.: X-S =     5.251971 mb/sr,
+                                         /R =   1.6975E+00
    50.00 deg.: X-S =     3.513602 mb/sr,
+                                         /R =   1.2249E+00
    51.00 deg.: X-S =     2.224130 mb/sr,
+                                         /R =   8.3496E-01
    52.00 deg.: X-S =     1.315811 mb/sr,
+                                         /R =   5.3104E-01
    53.00 deg.: X-S =     0.726202 mb/sr,
+                                         /R =   3.1458E-01
    54.00 deg.: X-S =     0.398288 mb/sr,
+                                         /R =   1.8491E-01
    55.00 deg.: X-S =     0.280532 mb/sr,
+                                         /R =   1.3937E-01
    56.00 deg.: X-S =     0.326827 mb/sr,
+                                         /R =   1.7351E-01
    57.00 deg.: X-S =     0.496387 mb/sr,
+                                         /R =   2.8122E-01
    58.00 deg.: X-S =     0.753568 mb/sr,
+                                         /R =   4.5496E-01
    59.00 deg.: X-S =     1.067642 mb/sr,
+                                         /R =   6.8604E-01
    60.00 deg.: X-S =     1.412526 mb/sr,
+                                         /R =   9.6482E-01
    61.00 deg.: X-S =     1.766479 mb/sr,
+                                         /R =   1.2810E+00
    62.00 deg.: X-S =     2.111773 mb/sr,
+                                         /R =   1.6240E+00
    63.00 deg.: X-S =     2.434354 mb/sr,
+                                         /R =   1.9829E+00
    64.00 deg.: X-S =     2.723484 mb/sr,
+                                         /R =   2.3471E+00
    65.00 deg.: X-S =     2.971389 mb/sr,
+                                         /R =   2.7064E+00
    66.00 deg.: X-S =     3.172911 mb/sr,
+                                         /R =   3.0511E+00
    67.00 deg.: X-S =     3.325162 mb/sr,
+                                         /R =   3.3724E+00
    68.00 deg.: X-S =     3.427195 mb/sr,
+                                         /R =   3.6623E+00
    69.00 deg.: X-S =     3.479698 mb/sr,
+                                         /R =   3.9140E+00
    70.00 deg.: X-S =     3.484695 mb/sr,
+                                         /R =   4.1219E+00
    71.00 deg.: X-S =     3.445278 mb/sr,
+                                         /R =   4.2816E+00
    72.00 deg.: X-S =     3.365359 mb/sr,
+                                         /R =   4.3901E+00
    73.00 deg.: X-S =     3.249449 mb/sr,
+                                         /R =   4.4456E+00
    74.00 deg.: X-S =     3.102453 mb/sr,
+                                         /R =   4.4476E+00
    75.00 deg.: X-S =     2.929504 mb/sr,
+                                         /R =   4.3970E+00
    76.00 deg.: X-S =     2.735803 mb/sr,
+                                         /R =   4.2956E+00
    77.00 deg.: X-S =     2.526501 mb/sr,
+                                         /R =   4.1466E+00
    78.00 deg.: X-S =     2.306585 mb/sr,
+                                         /R =   3.9539E+00
    79.00 deg.: X-S =     2.080798 mb/sr,
+                                         /R =   3.7226E+00
    80.00 deg.: X-S =     1.853572 mb/sr,
+                                         /R =   3.4582E+00
    81.00 deg.: X-S =     1.628976 mb/sr,
+                                         /R =   3.1671E+00
    82.00 deg.: X-S =     1.410687 mb/sr,
+                                         /R =   2.8561E+00
    83.00 deg.: X-S =     1.201967 mb/sr,
+                                         /R =   2.5323E+00
    84.00 deg.: X-S =     1.005655 mb/sr,
+                                         /R =   2.2032E+00
    85.00 deg.: X-S =     0.824170 mb/sr,
+                                         /R =   1.8764E+00
    86.00 deg.: X-S =     0.659519 mb/sr,
+                                         /R =   1.5593E+00
    87.00 deg.: X-S =     0.513314 mb/sr,
+                                         /R =   1.2595E+00
    88.00 deg.: X-S =     0.386795 mb/sr,
+                                         /R =   9.8432E-01
    89.00 deg.: X-S =     0.280852 mb/sr,
+                                         /R =   7.4079E-01
    90.00 deg.: X-S =     0.196054 mb/sr,
+                                         /R =   5.3565E-01
    91.00 deg.: X-S =     0.132676 mb/sr,
+                                         /R =   3.7526E-01
    92.00 deg.: X-S =     0.090732 mb/sr,
+                                         /R =   2.6550E-01
    93.00 deg.: X-S =     0.069994 mb/sr,
+                                         /R =   2.1178E-01
    94.00 deg.: X-S =     0.070028 mb/sr,
+                                         /R =   2.1895E-01
    95.00 deg.: X-S =     0.090216 mb/sr,
+                                         /R =   2.9132E-01
    96.00 deg.: X-S =     0.129774 mb/sr,
+                                         /R =   4.3257E-01
    97.00 deg.: X-S =     0.187781 mb/sr,
+                                         /R =   6.4572E-01
    98.00 deg.: X-S =     0.263192 mb/sr,
+                                         /R =   9.3317E-01
    99.00 deg.: X-S =     0.354854 mb/sr,
+                                         /R =   1.2966E+00
   100.00 deg.: X-S =     0.461521 mb/sr,
+                                         /R =   1.7369E+00
   101.00 deg.: X-S =     0.581867 mb/sr,
+                                         /R =   2.2543E+00
   102.00 deg.: X-S =     0.714493 mb/sr,
+                                         /R =   2.8482E+00
   103.00 deg.: X-S =     0.857936 mb/sr,
+                                         /R =   3.5172E+00
   104.00 deg.: X-S =     1.010678 mb/sr,
+                                         /R =   4.2590E+00
   105.00 deg.: X-S =     1.171150 mb/sr,
+                                         /R =   5.0705E+00
   106.00 deg.: X-S =     1.337740 mb/sr,
+                                         /R =   5.9475E+00
   107.00 deg.: X-S =     1.508797 mb/sr,
+                                         /R =   6.8852E+00
   108.00 deg.: X-S =     1.682640 mb/sr,
+                                         /R =   7.8776E+00
   109.00 deg.: X-S =     1.857562 mb/sr,
+                                         /R =   8.9178E+00
   110.00 deg.: X-S =     2.031839 mb/sr,
+                                         /R =   9.9981E+00
   111.00 deg.: X-S =     2.203740 mb/sr,
+                                         /R =   1.1110E+01
   112.00 deg.: X-S =     2.371536 mb/sr,
+                                         /R =   1.2243E+01
   113.00 deg.: X-S =     2.533511 mb/sr,
+                                         /R =   1.3388E+01
   114.00 deg.: X-S =     2.687976 mb/sr,
+                                         /R =   1.4533E+01
   115.00 deg.: X-S =     2.833284 mb/sr,
+                                         /R =   1.5667E+01
   116.00 deg.: X-S =     2.967842 mb/sr,
+                                         /R =   1.6776E+01
   117.00 deg.: X-S =     3.090133 mb/sr,
+                                         /R =   1.7849E+01
   118.00 deg.: X-S =     3.198730 mb/sr,
+                                         /R =   1.8872E+01
   119.00 deg.: X-S =     3.292316 mb/sr,
+                                         /R =   1.9831E+01
   120.00 deg.: X-S =     3.369703 mb/sr,
+                                         /R =   2.0715E+01
   121.00 deg.: X-S =     3.429848 mb/sr,
+                                         /R =   2.1510E+01
   122.00 deg.: X-S =     3.471876 mb/sr,
+                                         /R =   2.2203E+01
   123.00 deg.: X-S =     3.495095 mb/sr,
+                                         /R =   2.2784E+01
   124.00 deg.: X-S =     3.499013 mb/sr,
+                                         /R =   2.3241E+01
   125.00 deg.: X-S =     3.483353 mb/sr,
+                                         /R =   2.3566E+01
   126.00 deg.: X-S =     3.448066 mb/sr,
+                                         /R =   2.3750E+01
   127.00 deg.: X-S =     3.393344 mb/sr,
+                                         /R =   2.3788E+01
   128.00 deg.: X-S =     3.319623 mb/sr,
+                                         /R =   2.3676E+01
   129.00 deg.: X-S =     3.227594 mb/sr,
+                                         /R =   2.3410E+01
   130.00 deg.: X-S =     3.118199 mb/sr,
+                                         /R =   2.2992E+01
   131.00 deg.: X-S =     2.992633 mb/sr,
+                                         /R =   2.2424E+01
   132.00 deg.: X-S =     2.852336 mb/sr,
+                                         /R =   2.1712E+01
   133.00 deg.: X-S =     2.698987 mb/sr,
+                                         /R =   2.0862E+01
   134.00 deg.: X-S =     2.534486 mb/sr,
+                                         /R =   1.9887E+01
   135.00 deg.: X-S =     2.360937 mb/sr,
+                                         /R =   1.8798E+01
   136.00 deg.: X-S =     2.180634 mb/sr,
+                                         /R =   1.7612E+01
   137.00 deg.: X-S =     1.996025 mb/sr,
+                                         /R =   1.6347E+01
   138.00 deg.: X-S =     1.809697 mb/sr,
+                                         /R =   1.5024E+01
   139.00 deg.: X-S =     1.624332 mb/sr,
+                                         /R =   1.3665E+01
   140.00 deg.: X-S =     1.442686 mb/sr,
+                                         /R =   1.2294E+01
   141.00 deg.: X-S =     1.267543 mb/sr,
+                                         /R =   1.0938E+01
   142.00 deg.: X-S =     1.101685 mb/sr,
+                                         /R =   9.6229E+00
   143.00 deg.: X-S =     0.947848 mb/sr,
+                                         /R =   8.3779E+00
   144.00 deg.: X-S =     0.808687 mb/sr,
+                                         /R =   7.2306E+00
   145.00 deg.: X-S =     0.686735 mb/sr,
+                                         /R =   6.2092E+00
   146.00 deg.: X-S =     0.584366 mb/sr,
+                                         /R =   5.3412E+00
   147.00 deg.: X-S =     0.503754 mb/sr,
+                                         /R =   4.6530E+00
   148.00 deg.: X-S =     0.446844 mb/sr,
+                                         /R =   4.1696E+00
   149.00 deg.: X-S =     0.415311 mb/sr,
+                                         /R =   3.9137E+00
   150.00 deg.: X-S =     0.410540 mb/sr,
+                                         /R =   3.9057E+00
   151.00 deg.: X-S =     0.433589 mb/sr,
+                                         /R =   4.1631E+00
   152.00 deg.: X-S =     0.485177 mb/sr,
+                                         /R =   4.6999E+00
   153.00 deg.: X-S =     0.565658 mb/sr,
+                                         /R =   5.5265E+00
   154.00 deg.: X-S =     0.675014 mb/sr,
+                                         /R =   6.6493E+00
   155.00 deg.: X-S =     0.812842 mb/sr,
+                                         /R =   8.0705E+00
   156.00 deg.: X-S =     0.978358 mb/sr,
+                                         /R =   9.7878E+00
   157.00 deg.: X-S =     1.170396 mb/sr,
+                                         /R =   1.1794E+01
   158.00 deg.: X-S =     1.387414 mb/sr,
+                                         /R =   1.4079E+01
   159.00 deg.: X-S =     1.627517 mb/sr,
+                                         /R =   1.6625E+01
   160.00 deg.: X-S =     1.888468 mb/sr,
+                                         /R =   1.9413E+01
   161.00 deg.: X-S =     2.167716 mb/sr,
+                                         /R =   2.2417E+01
   162.00 deg.: X-S =     2.462427 mb/sr,
+                                         /R =   2.5610E+01
   163.00 deg.: X-S =     2.769518 mb/sr,
+                                         /R =   2.8959E+01
   164.00 deg.: X-S =     3.085692 mb/sr,
+                                         /R =   3.2429E+01
   165.00 deg.: X-S =     3.407483 mb/sr,
+                                         /R =   3.5981E+01
   166.00 deg.: X-S =     3.731299 mb/sr,
+                                         /R =   3.9576E+01
   167.00 deg.: X-S =     4.053472 mb/sr,
+                                         /R =   4.3171E+01
   168.00 deg.: X-S =     4.370301 mb/sr,
+                                         /R =   4.6724E+01
   169.00 deg.: X-S =     4.678106 mb/sr,
+                                         /R =   5.0191E+01
   170.00 deg.: X-S =     4.973278 mb/sr,
+                                         /R =   5.3529E+01
   171.00 deg.: X-S =     5.252323 mb/sr,
+                                         /R =   5.6697E+01
   172.00 deg.: X-S =     5.511916 mb/sr,
+                                         /R =   5.9653E+01
   173.00 deg.: X-S =     5.748943 mb/sr,
+                                         /R =   6.2361E+01
   174.00 deg.: X-S =     5.960545 mb/sr,
+                                         /R =   6.4785E+01
   175.00 deg.: X-S =     6.144158 mb/sr,
+                                         /R =   6.6893E+01
   176.00 deg.: X-S =     6.297548 mb/sr,
+                                         /R =   6.8657E+01
   177.00 deg.: X-S =     6.418845 mb/sr,
+                                         /R =   7.0054E+01
   178.00 deg.: X-S =     6.506563 mb/sr,
+                                         /R =   7.1065E+01
   179.00 deg.: X-S =     6.559628 mb/sr,
+                                         /R =   7.1677E+01
   179.99 deg.: X-S =     6.577388 mb/sr,
+                                         /R =   7.1882E+01
                                           Integrated********** mb, over [   0.000, 180.000] at    14.5311 MeV 

 CROSS SECTIONS FOR OUTGOING PROTON   & Li8      in state #   1 with spins & parities 0.5  + &  2.0  +;  0

     0.00 deg.: X-S =    29.401983 mb/sr,
+                                         REAC   3.1972E+01 mb
     1.00 deg.: X-S =    29.404896 mb/sr,
     2.00 deg.: X-S =    29.411992 mb/sr,
     3.00 deg.: X-S =    29.418456 mb/sr,
     4.00 deg.: X-S =    29.416629 mb/sr,
     5.00 deg.: X-S =    29.396522 mb/sr,
     6.00 deg.: X-S =    29.346481 mb/sr,
     7.00 deg.: X-S =    29.253936 mb/sr,
     8.00 deg.: X-S =    29.106190 mb/sr,
     9.00 deg.: X-S =    28.891187 mb/sr,
    10.00 deg.: X-S =    28.598205 mb/sr,
    11.00 deg.: X-S =    28.218448 mb/sr,
    12.00 deg.: X-S =    27.745487 mb/sr,
    13.00 deg.: X-S =    27.175566 mb/sr,
    14.00 deg.: X-S =    26.507744 mb/sr,
    15.00 deg.: X-S =    25.743892 mb/sr,
    16.00 deg.: X-S =    24.888562 mb/sr,
    17.00 deg.: X-S =    23.948744 mb/sr,
    18.00 deg.: X-S =    22.933537 mb/sr,
    19.00 deg.: X-S =    21.853757 mb/sr,
    20.00 deg.: X-S =    20.721506 mb/sr,
    21.00 deg.: X-S =    19.549726 mb/sr,
    22.00 deg.: X-S =    18.351760 mb/sr,
    23.00 deg.: X-S =    17.140937 mb/sr,
    24.00 deg.: X-S =    15.930194 mb/sr,
    25.00 deg.: X-S =    14.731750 mb/sr,
    26.00 deg.: X-S =    13.556847 mb/sr,
    27.00 deg.: X-S =    12.415544 mb/sr,
    28.00 deg.: X-S =    11.316587 mb/sr,
    29.00 deg.: X-S =    10.267336 mb/sr,
    30.00 deg.: X-S =     9.273755 mb/sr,
    31.00 deg.: X-S =     8.340440 mb/sr,
    32.00 deg.: X-S =     7.470697 mb/sr,
    33.00 deg.: X-S =     6.666638 mb/sr,
    34.00 deg.: X-S =     5.929297 mb/sr,
    35.00 deg.: X-S =     5.258751 mb/sr,
    36.00 deg.: X-S =     4.654244 mb/sr,
    37.00 deg.: X-S =     4.114300 mb/sr,
    38.00 deg.: X-S =     3.636830 mb/sr,
    39.00 deg.: X-S =     3.219229 mb/sr,
    40.00 deg.: X-S =     2.858459 mb/sr,
    41.00 deg.: X-S =     2.551127 mb/sr,
    42.00 deg.: X-S =     2.293560 mb/sr,
    43.00 deg.: X-S =     2.081871 mb/sr,
    44.00 deg.: X-S =     1.912024 mb/sr,
    45.00 deg.: X-S =     1.779904 mb/sr,
    46.00 deg.: X-S =     1.681376 mb/sr,
    47.00 deg.: X-S =     1.612351 mb/sr,
    48.00 deg.: X-S =     1.568842 mb/sr,
    49.00 deg.: X-S =     1.547019 mb/sr,
    50.00 deg.: X-S =     1.543253 mb/sr,
    51.00 deg.: X-S =     1.554152 mb/sr,
    52.00 deg.: X-S =     1.576588 mb/sr,
    53.00 deg.: X-S =     1.607712 mb/sr,
    54.00 deg.: X-S =     1.644961 mb/sr,
    55.00 deg.: X-S =     1.686057 mb/sr,
    56.00 deg.: X-S =     1.728991 mb/sr,
    57.00 deg.: X-S =     1.772019 mb/sr,
    58.00 deg.: X-S =     1.813635 mb/sr,
    59.00 deg.: X-S =     1.852560 mb/sr,
    60.00 deg.: X-S =     1.887720 mb/sr,
    61.00 deg.: X-S =     1.918234 mb/sr,
    62.00 deg.: X-S =     1.943395 mb/sr,
    63.00 deg.: X-S =     1.962661 mb/sr,
    64.00 deg.: X-S =     1.975644 mb/sr,
    65.00 deg.: X-S =     1.982099 mb/sr,
    66.00 deg.: X-S =     1.981918 mb/sr,
    67.00 deg.: X-S =     1.975119 mb/sr,
    68.00 deg.: X-S =     1.961835 mb/sr,
    69.00 deg.: X-S =     1.942305 mb/sr,
    70.00 deg.: X-S =     1.916858 mb/sr,
    71.00 deg.: X-S =     1.885904 mb/sr,
    72.00 deg.: X-S =     1.849914 mb/sr,
    73.00 deg.: X-S =     1.809407 mb/sr,
    74.00 deg.: X-S =     1.764934 mb/sr,
    75.00 deg.: X-S =     1.717066 mb/sr,
    76.00 deg.: X-S =     1.666375 mb/sr,
    77.00 deg.: X-S =     1.613431 mb/sr,
    78.00 deg.: X-S =     1.558782 mb/sr,
    79.00 deg.: X-S =     1.502957 mb/sr,
    80.00 deg.: X-S =     1.446453 mb/sr,
    81.00 deg.: X-S =     1.389732 mb/sr,
    82.00 deg.: X-S =     1.333224 mb/sr,
    83.00 deg.: X-S =     1.277320 mb/sr,
    84.00 deg.: X-S =     1.222375 mb/sr,
    85.00 deg.: X-S =     1.168710 mb/sr,
    86.00 deg.: X-S =     1.116607 mb/sr,
    87.00 deg.: X-S =     1.066316 mb/sr,
    88.00 deg.: X-S =     1.018054 mb/sr,
    89.00 deg.: X-S =     0.972004 mb/sr,
    90.00 deg.: X-S =     0.928318 mb/sr,
    91.00 deg.: X-S =     0.887115 mb/sr,
    92.00 deg.: X-S =     0.848484 mb/sr,
    93.00 deg.: X-S =     0.812485 mb/sr,
    94.00 deg.: X-S =     0.779147 mb/sr,
    95.00 deg.: X-S =     0.748471 mb/sr,
    96.00 deg.: X-S =     0.720435 mb/sr,
    97.00 deg.: X-S =     0.694988 mb/sr,
    98.00 deg.: X-S =     0.672060 mb/sr,
    99.00 deg.: X-S =     0.651559 mb/sr,
   100.00 deg.: X-S =     0.633379 mb/sr,
   101.00 deg.: X-S =     0.617398 mb/sr,
   102.00 deg.: X-S =     0.603484 mb/sr,
   103.00 deg.: X-S =     0.591495 mb/sr,
   104.00 deg.: X-S =     0.581286 mb/sr,
   105.00 deg.: X-S =     0.572708 mb/sr,
   106.00 deg.: X-S =     0.565614 mb/sr,
   107.00 deg.: X-S =     0.559856 mb/sr,
   108.00 deg.: X-S =     0.555291 mb/sr,
   109.00 deg.: X-S =     0.551783 mb/sr,
   110.00 deg.: X-S =     0.549200 mb/sr,
   111.00 deg.: X-S =     0.547420 mb/sr,
   112.00 deg.: X-S =     0.546327 mb/sr,
   113.00 deg.: X-S =     0.545818 mb/sr,
   114.00 deg.: X-S =     0.545795 mb/sr,
   115.00 deg.: X-S =     0.546173 mb/sr,
   116.00 deg.: X-S =     0.546875 mb/sr,
   117.00 deg.: X-S =     0.547834 mb/sr,
   118.00 deg.: X-S =     0.548994 mb/sr,
   119.00 deg.: X-S =     0.550307 mb/sr,
   120.00 deg.: X-S =     0.551735 mb/sr,
   121.00 deg.: X-S =     0.553248 mb/sr,
   122.00 deg.: X-S =     0.554827 mb/sr,
   123.00 deg.: X-S =     0.556458 mb/sr,
   124.00 deg.: X-S =     0.558138 mb/sr,
   125.00 deg.: X-S =     0.559868 mb/sr,
   126.00 deg.: X-S =     0.561657 mb/sr,
   127.00 deg.: X-S =     0.563519 mb/sr,
   128.00 deg.: X-S =     0.565475 mb/sr,
   129.00 deg.: X-S =     0.567549 mb/sr,
   130.00 deg.: X-S =     0.569767 mb/sr,
   131.00 deg.: X-S =     0.572160 mb/sr,
   132.00 deg.: X-S =     0.574760 mb/sr,
   133.00 deg.: X-S =     0.577601 mb/sr,
   134.00 deg.: X-S =     0.580715 mb/sr,
   135.00 deg.: X-S =     0.584136 mb/sr,
   136.00 deg.: X-S =     0.587896 mb/sr,
   137.00 deg.: X-S =     0.592024 mb/sr,
   138.00 deg.: X-S =     0.596548 mb/sr,
   139.00 deg.: X-S =     0.601493 mb/sr,
   140.00 deg.: X-S =     0.606878 mb/sr,
   141.00 deg.: X-S =     0.612721 mb/sr,
   142.00 deg.: X-S =     0.619033 mb/sr,
   143.00 deg.: X-S =     0.625823 mb/sr,
   144.00 deg.: X-S =     0.633092 mb/sr,
   145.00 deg.: X-S =     0.640839 mb/sr,
   146.00 deg.: X-S =     0.649055 mb/sr,
   147.00 deg.: X-S =     0.657729 mb/sr,
   148.00 deg.: X-S =     0.666842 mb/sr,
   149.00 deg.: X-S =     0.676373 mb/sr,
   150.00 deg.: X-S =     0.686294 mb/sr,
   151.00 deg.: X-S =     0.696574 mb/sr,
   152.00 deg.: X-S =     0.707177 mb/sr,
   153.00 deg.: X-S =     0.718063 mb/sr,
   154.00 deg.: X-S =     0.729191 mb/sr,
   155.00 deg.: X-S =     0.740513 mb/sr,
   156.00 deg.: X-S =     0.751981 mb/sr,
   157.00 deg.: X-S =     0.763544 mb/sr,
   158.00 deg.: X-S =     0.775150 mb/sr,
   159.00 deg.: X-S =     0.786743 mb/sr,
   160.00 deg.: X-S =     0.798270 mb/sr,
   161.00 deg.: X-S =     0.809674 mb/sr,
   162.00 deg.: X-S =     0.820899 mb/sr,
   163.00 deg.: X-S =     0.831890 mb/sr,
   164.00 deg.: X-S =     0.842592 mb/sr,
   165.00 deg.: X-S =     0.852951 mb/sr,
   166.00 deg.: X-S =     0.862915 mb/sr,
   167.00 deg.: X-S =     0.872433 mb/sr,
   168.00 deg.: X-S =     0.881457 mb/sr,
   169.00 deg.: X-S =     0.889940 mb/sr,
   170.00 deg.: X-S =     0.897840 mb/sr,
   171.00 deg.: X-S =     0.905115 mb/sr,
   172.00 deg.: X-S =     0.911728 mb/sr,
   173.00 deg.: X-S =     0.917646 mb/sr,
   174.00 deg.: X-S =     0.922837 mb/sr,
   175.00 deg.: X-S =     0.927276 mb/sr,
   176.00 deg.: X-S =     0.930939 mb/sr,
   177.00 deg.: X-S =     0.933808 mb/sr,
   178.00 deg.: X-S =     0.935868 mb/sr,
   179.00 deg.: X-S =     0.937108 mb/sr,
   180.00 deg.: X-S =     0.937522 mb/sr,
                                           Integrated   31.9668 mb, over [   0.000, 180.000] at    14.5311 MeV 

 CROSS SECTIONS FOR OUTGOING PROTON   & Li8      in state #   2 with spins & parities 0.5  + &  1.0  +;  0

     0.00 deg.: X-S =    22.869141 mb/sr,
+                                         REAC   1.9354E+01 mb
     1.00 deg.: X-S =    22.843483 mb/sr,
     2.00 deg.: X-S =    22.766275 mb/sr,
     3.00 deg.: X-S =    22.636850 mb/sr,
     4.00 deg.: X-S =    22.454192 mb/sr,
     5.00 deg.: X-S =    22.217068 mb/sr,
     6.00 deg.: X-S =    21.924204 mb/sr,
     7.00 deg.: X-S =    21.574478 mb/sr,
     8.00 deg.: X-S =    21.167122 mb/sr,
     9.00 deg.: X-S =    20.701928 mb/sr,
    10.00 deg.: X-S =    20.179418 mb/sr,
    11.00 deg.: X-S =    19.601001 mb/sr,
    12.00 deg.: X-S =    18.969077 mb/sr,
    13.00 deg.: X-S =    18.287102 mb/sr,
    14.00 deg.: X-S =    17.559602 mb/sr,
    15.00 deg.: X-S =    16.792125 mb/sr,
    16.00 deg.: X-S =    15.991149 mb/sr,
    17.00 deg.: X-S =    15.163932 mb/sr,
    18.00 deg.: X-S =    14.318315 mb/sr,
    19.00 deg.: X-S =    13.462492 mb/sr,
    20.00 deg.: X-S =    12.604750 mb/sr,
    21.00 deg.: X-S =    11.753201 mb/sr,
    22.00 deg.: X-S =    10.915526 mb/sr,
    23.00 deg.: X-S =    10.098736 mb/sr,
    24.00 deg.: X-S =     9.308986 mb/sr,
    25.00 deg.: X-S =     8.551432 mb/sr,
    26.00 deg.: X-S =     7.830159 mb/sr,
    27.00 deg.: X-S =     7.148173 mb/sr,
    28.00 deg.: X-S =     6.507443 mb/sr,
    29.00 deg.: X-S =     5.909012 mb/sr,
    30.00 deg.: X-S =     5.353124 mb/sr,
    31.00 deg.: X-S =     4.839388 mb/sr,
    32.00 deg.: X-S =     4.366941 mb/sr,
    33.00 deg.: X-S =     3.934592 mb/sr,
    34.00 deg.: X-S =     3.540958 mb/sr,
    35.00 deg.: X-S =     3.184557 mb/sr,
    36.00 deg.: X-S =     2.863872 mb/sr,
    37.00 deg.: X-S =     2.577377 mb/sr,
    38.00 deg.: X-S =     2.323538 mb/sr,
    39.00 deg.: X-S =     2.100785 mb/sr,
    40.00 deg.: X-S =     1.907483 mb/sr,
    41.00 deg.: X-S =     1.741887 mb/sr,
    42.00 deg.: X-S =     1.602114 mb/sr,
    43.00 deg.: X-S =     1.486133 mb/sr,
    44.00 deg.: X-S =     1.391765 mb/sr,
    45.00 deg.: X-S =     1.316711 mb/sr,
    46.00 deg.: X-S =     1.258603 mb/sr,
    47.00 deg.: X-S =     1.215062 mb/sr,
    48.00 deg.: X-S =     1.183764 mb/sr,
    49.00 deg.: X-S =     1.162510 mb/sr,
    50.00 deg.: X-S =     1.149281 mb/sr,
    51.00 deg.: X-S =     1.142283 mb/sr,
    52.00 deg.: X-S =     1.139967 mb/sr,
    53.00 deg.: X-S =     1.141036 mb/sr,
    54.00 deg.: X-S =     1.144434 mb/sr,
    55.00 deg.: X-S =     1.149314 mb/sr,
    56.00 deg.: X-S =     1.155001 mb/sr,
    57.00 deg.: X-S =     1.160954 mb/sr,
    58.00 deg.: X-S =     1.166722 mb/sr,
    59.00 deg.: X-S =     1.171910 mb/sr,
    60.00 deg.: X-S =     1.176149 mb/sr,
    61.00 deg.: X-S =     1.179083 mb/sr,
    62.00 deg.: X-S =     1.180359 mb/sr,
    63.00 deg.: X-S =     1.179632 mb/sr,
    64.00 deg.: X-S =     1.176571 mb/sr,
    65.00 deg.: X-S =     1.170880 mb/sr,
    66.00 deg.: X-S =     1.162312 mb/sr,
    67.00 deg.: X-S =     1.150689 mb/sr,
    68.00 deg.: X-S =     1.135915 mb/sr,
    69.00 deg.: X-S =     1.117985 mb/sr,
    70.00 deg.: X-S =     1.096987 mb/sr,
    71.00 deg.: X-S =     1.073102 mb/sr,
    72.00 deg.: X-S =     1.046587 mb/sr,
    73.00 deg.: X-S =     1.017764 mb/sr,
    74.00 deg.: X-S =     0.986998 mb/sr,
    75.00 deg.: X-S =     0.954680 mb/sr,
    76.00 deg.: X-S =     0.921204 mb/sr,
    77.00 deg.: X-S =     0.886948 mb/sr,
    78.00 deg.: X-S =     0.852265 mb/sr,
    79.00 deg.: X-S =     0.817467 mb/sr,
    80.00 deg.: X-S =     0.782823 mb/sr,
    81.00 deg.: X-S =     0.748558 mb/sr,
    82.00 deg.: X-S =     0.714852 mb/sr,
    83.00 deg.: X-S =     0.681848 mb/sr,
    84.00 deg.: X-S =     0.649657 mb/sr,
    85.00 deg.: X-S =     0.618368 mb/sr,
    86.00 deg.: X-S =     0.588051 mb/sr,
    87.00 deg.: X-S =     0.558767 mb/sr,
    88.00 deg.: X-S =     0.530571 mb/sr,
    89.00 deg.: X-S =     0.503515 mb/sr,
    90.00 deg.: X-S =     0.477653 mb/sr,
    91.00 deg.: X-S =     0.453037 mb/sr,
    92.00 deg.: X-S =     0.429718 mb/sr,
    93.00 deg.: X-S =     0.407744 mb/sr,
    94.00 deg.: X-S =     0.387157 mb/sr,
    95.00 deg.: X-S =     0.367990 mb/sr,
    96.00 deg.: X-S =     0.350263 mb/sr,
    97.00 deg.: X-S =     0.333984 mb/sr,
    98.00 deg.: X-S =     0.319144 mb/sr,
    99.00 deg.: X-S =     0.305721 mb/sr,
   100.00 deg.: X-S =     0.293675 mb/sr,
   101.00 deg.: X-S =     0.282952 mb/sr,
   102.00 deg.: X-S =     0.273487 mb/sr,
   103.00 deg.: X-S =     0.265205 mb/sr,
   104.00 deg.: X-S =     0.258022 mb/sr,
   105.00 deg.: X-S =     0.251852 mb/sr,
   106.00 deg.: X-S =     0.246604 mb/sr,
   107.00 deg.: X-S =     0.242191 mb/sr,
   108.00 deg.: X-S =     0.238527 mb/sr,
   109.00 deg.: X-S =     0.235530 mb/sr,
   110.00 deg.: X-S =     0.233127 mb/sr,
   111.00 deg.: X-S =     0.231248 mb/sr,
   112.00 deg.: X-S =     0.229830 mb/sr,
   113.00 deg.: X-S =     0.228819 mb/sr,
   114.00 deg.: X-S =     0.228166 mb/sr,
   115.00 deg.: X-S =     0.227827 mb/sr,
   116.00 deg.: X-S =     0.227765 mb/sr,
   117.00 deg.: X-S =     0.227947 mb/sr,
   118.00 deg.: X-S =     0.228343 mb/sr,
   119.00 deg.: X-S =     0.228929 mb/sr,
   120.00 deg.: X-S =     0.229679 mb/sr,
   121.00 deg.: X-S =     0.230575 mb/sr,
   122.00 deg.: X-S =     0.231599 mb/sr,
   123.00 deg.: X-S =     0.232734 mb/sr,
   124.00 deg.: X-S =     0.233967 mb/sr,
   125.00 deg.: X-S =     0.235286 mb/sr,
   126.00 deg.: X-S =     0.236682 mb/sr,
   127.00 deg.: X-S =     0.238149 mb/sr,
   128.00 deg.: X-S =     0.239681 mb/sr,
   129.00 deg.: X-S =     0.241276 mb/sr,
   130.00 deg.: X-S =     0.242935 mb/sr,
   131.00 deg.: X-S =     0.244662 mb/sr,
   132.00 deg.: X-S =     0.246460 mb/sr,
   133.00 deg.: X-S =     0.248337 mb/sr,
   134.00 deg.: X-S =     0.250303 mb/sr,
   135.00 deg.: X-S =     0.252368 mb/sr,
   136.00 deg.: X-S =     0.254544 mb/sr,
   137.00 deg.: X-S =     0.256845 mb/sr,
   138.00 deg.: X-S =     0.259283 mb/sr,
   139.00 deg.: X-S =     0.261874 mb/sr,
   140.00 deg.: X-S =     0.264629 mb/sr,
   141.00 deg.: X-S =     0.267561 mb/sr,
   142.00 deg.: X-S =     0.270683 mb/sr,
   143.00 deg.: X-S =     0.274004 mb/sr,
   144.00 deg.: X-S =     0.277532 mb/sr,
   145.00 deg.: X-S =     0.281273 mb/sr,
   146.00 deg.: X-S =     0.285232 mb/sr,
   147.00 deg.: X-S =     0.289410 mb/sr,
   148.00 deg.: X-S =     0.293805 mb/sr,
   149.00 deg.: X-S =     0.298414 mb/sr,
   150.00 deg.: X-S =     0.303229 mb/sr,
   151.00 deg.: X-S =     0.308242 mb/sr,
   152.00 deg.: X-S =     0.313440 mb/sr,
   153.00 deg.: X-S =     0.318807 mb/sr,
   154.00 deg.: X-S =     0.324327 mb/sr,
   155.00 deg.: X-S =     0.329979 mb/sr,
   156.00 deg.: X-S =     0.335742 mb/sr,
   157.00 deg.: X-S =     0.341590 mb/sr,
   158.00 deg.: X-S =     0.347499 mb/sr,
   159.00 deg.: X-S =     0.353440 mb/sr,
   160.00 deg.: X-S =     0.359384 mb/sr,
   161.00 deg.: X-S =     0.365302 mb/sr,
   162.00 deg.: X-S =     0.371162 mb/sr,
   163.00 deg.: X-S =     0.376934 mb/sr,
   164.00 deg.: X-S =     0.382585 mb/sr,
   165.00 deg.: X-S =     0.388085 mb/sr,
   166.00 deg.: X-S =     0.393402 mb/sr,
   167.00 deg.: X-S =     0.398506 mb/sr,
   168.00 deg.: X-S =     0.403366 mb/sr,
   169.00 deg.: X-S =     0.407955 mb/sr,
   170.00 deg.: X-S =     0.412244 mb/sr,
   171.00 deg.: X-S =     0.416209 mb/sr,
   172.00 deg.: X-S =     0.419824 mb/sr,
   173.00 deg.: X-S =     0.423069 mb/sr,
   174.00 deg.: X-S =     0.425922 mb/sr,
   175.00 deg.: X-S =     0.428368 mb/sr,
   176.00 deg.: X-S =     0.430389 mb/sr,
   177.00 deg.: X-S =     0.431975 mb/sr,
   178.00 deg.: X-S =     0.433115 mb/sr,
   179.00 deg.: X-S =     0.433801 mb/sr,
   180.00 deg.: X-S =     0.434031 mb/sr,
                                           Integrated   19.3499 mb, over [   0.000, 180.000] at    14.5311 MeV 

 CROSS SECTIONS FOR OUTGOING PROTON   & Li8      in state #   3 with spins & parities 0.5  + &  3.0  +;  0

     0.00 deg.: X-S =    61.878823 mb/sr,
+                                         REAC   4.0263E+01 mb
     1.00 deg.: X-S =    61.764994 mb/sr,
     2.00 deg.: X-S =    61.423026 mb/sr,
     3.00 deg.: X-S =    60.851569 mb/sr,
     4.00 deg.: X-S =    60.048704 mb/sr,
     5.00 deg.: X-S =    59.012439 mb/sr,
     6.00 deg.: X-S =    57.741415 mb/sr,
     7.00 deg.: X-S =    56.235809 mb/sr,
     8.00 deg.: X-S =    54.498396 mb/sr,
     9.00 deg.: X-S =    52.535727 mb/sr,
    10.00 deg.: X-S =    50.359299 mb/sr,
    11.00 deg.: X-S =    47.986604 mb/sr,
    12.00 deg.: X-S =    45.441882 mb/sr,
    13.00 deg.: X-S =    42.756427 mb/sr,
    14.00 deg.: X-S =    39.968270 mb/sr,
    15.00 deg.: X-S =    37.121171 mb/sr,
    16.00 deg.: X-S =    34.262880 mb/sr,
    17.00 deg.: X-S =    31.442762 mb/sr,
    18.00 deg.: X-S =    28.708990 mb/sr,
    19.00 deg.: X-S =    26.105579 mb/sr,
    20.00 deg.: X-S =    23.669629 mb/sr,
    21.00 deg.: X-S =    21.429106 mb/sr,
    22.00 deg.: X-S =    19.401456 mb/sr,
    23.00 deg.: X-S =    17.593201 mb/sr,
    24.00 deg.: X-S =    16.000541 mb/sr,
    25.00 deg.: X-S =    14.610805 mb/sr,
    26.00 deg.: X-S =    13.404492 mb/sr,
    27.00 deg.: X-S =    12.357592 mb/sr,
    28.00 deg.: X-S =    11.443870 mb/sr,
    29.00 deg.: X-S =    10.636896 mb/sr,
    30.00 deg.: X-S =     9.911706 mb/sr,
    31.00 deg.: X-S =     9.246074 mb/sr,
    32.00 deg.: X-S =     8.621479 mb/sr,
    33.00 deg.: X-S =     8.023821 mb/sr,
    34.00 deg.: X-S =     7.443927 mb/sr,
    35.00 deg.: X-S =     6.877823 mb/sr,
    36.00 deg.: X-S =     6.326663 mb/sr,
    37.00 deg.: X-S =     5.796190 mb/sr,
    38.00 deg.: X-S =     5.295670 mb/sr,
    39.00 deg.: X-S =     4.836289 mb/sr,
    40.00 deg.: X-S =     4.429196 mb/sr,
    41.00 deg.: X-S =     4.083447 mb/sr,
    42.00 deg.: X-S =     3.804217 mb/sr,
    43.00 deg.: X-S =     3.591616 mb/sr,
    44.00 deg.: X-S =     3.440350 mb/sr,
    45.00 deg.: X-S =     3.340313 mb/sr,
    46.00 deg.: X-S =     3.277975 mb/sr,
    47.00 deg.: X-S =     3.238304 mb/sr,
    48.00 deg.: X-S =     3.206824 mb/sr,
    49.00 deg.: X-S =     3.171438 mb/sr,
    50.00 deg.: X-S =     3.123686 mb/sr,
    51.00 deg.: X-S =     3.059312 mb/sr,
    52.00 deg.: X-S =     2.978108 mb/sr,
    53.00 deg.: X-S =     2.883198 mb/sr,
    54.00 deg.: X-S =     2.779986 mb/sr,
    55.00 deg.: X-S =     2.675013 mb/sr,
    56.00 deg.: X-S =     2.574915 mb/sr,
    57.00 deg.: X-S =     2.485624 mb/sr,
    58.00 deg.: X-S =     2.411829 mb/sr,
    59.00 deg.: X-S =     2.356684 mb/sr,
    60.00 deg.: X-S =     2.321679 mb/sr,
    61.00 deg.: X-S =     2.306621 mb/sr,
    62.00 deg.: X-S =     2.309690 mb/sr,
    63.00 deg.: X-S =     2.327553 mb/sr,
    64.00 deg.: X-S =     2.355567 mb/sr,
    65.00 deg.: X-S =     2.388100 mb/sr,
    66.00 deg.: X-S =     2.418973 mb/sr,
    67.00 deg.: X-S =     2.442007 mb/sr,
    68.00 deg.: X-S =     2.451626 mb/sr,
    69.00 deg.: X-S =     2.443426 mb/sr,
    70.00 deg.: X-S =     2.414625 mb/sr,
    71.00 deg.: X-S =     2.364322 mb/sr,
    72.00 deg.: X-S =     2.293521 mb/sr,
    73.00 deg.: X-S =     2.204917 mb/sr,
    74.00 deg.: X-S =     2.102489 mb/sr,
    75.00 deg.: X-S =     1.990971 mb/sr,
    76.00 deg.: X-S =     1.875291 mb/sr,
    77.00 deg.: X-S =     1.760054 mb/sr,
    78.00 deg.: X-S =     1.649146 mb/sr,
    79.00 deg.: X-S =     1.545486 mb/sr,
    80.00 deg.: X-S =     1.450925 mb/sr,
    81.00 deg.: X-S =     1.366298 mb/sr,
    82.00 deg.: X-S =     1.291560 mb/sr,
    83.00 deg.: X-S =     1.225985 mb/sr,
    84.00 deg.: X-S =     1.168383 mb/sr,
    85.00 deg.: X-S =     1.117304 mb/sr,
    86.00 deg.: X-S =     1.071203 mb/sr,
    87.00 deg.: X-S =     1.028580 mb/sr,
    88.00 deg.: X-S =     0.988074 mb/sr,
    89.00 deg.: X-S =     0.948533 mb/sr,
    90.00 deg.: X-S =     0.909059 mb/sr,
    91.00 deg.: X-S =     0.869041 mb/sr,
    92.00 deg.: X-S =     0.828160 mb/sr,
    93.00 deg.: X-S =     0.786396 mb/sr,
    94.00 deg.: X-S =     0.744000 mb/sr,
    95.00 deg.: X-S =     0.701456 mb/sr,
    96.00 deg.: X-S =     0.659426 mb/sr,
    97.00 deg.: X-S =     0.618676 mb/sr,
    98.00 deg.: X-S =     0.579994 mb/sr,
    99.00 deg.: X-S =     0.544113 mb/sr,
   100.00 deg.: X-S =     0.511641 mb/sr,
   101.00 deg.: X-S =     0.483001 mb/sr,
   102.00 deg.: X-S =     0.458400 mb/sr,
   103.00 deg.: X-S =     0.437825 mb/sr,
   104.00 deg.: X-S =     0.421047 mb/sr,
   105.00 deg.: X-S =     0.407665 mb/sr,
   106.00 deg.: X-S =     0.397149 mb/sr,
   107.00 deg.: X-S =     0.388895 mb/sr,
   108.00 deg.: X-S =     0.382287 mb/sr,
   109.00 deg.: X-S =     0.376743 mb/sr,
   110.00 deg.: X-S =     0.371758 mb/sr,
   111.00 deg.: X-S =     0.366932 mb/sr,
   112.00 deg.: X-S =     0.361989 mb/sr,
   113.00 deg.: X-S =     0.356771 mb/sr,
   114.00 deg.: X-S =     0.351238 mb/sr,
   115.00 deg.: X-S =     0.345444 mb/sr,
   116.00 deg.: X-S =     0.339519 mb/sr,
   117.00 deg.: X-S =     0.333645 mb/sr,
   118.00 deg.: X-S =     0.328027 mb/sr,
   119.00 deg.: X-S =     0.322877 mb/sr,
   120.00 deg.: X-S =     0.318392 mb/sr,
   121.00 deg.: X-S =     0.314741 mb/sr,
   122.00 deg.: X-S =     0.312057 mb/sr,
   123.00 deg.: X-S =     0.310431 mb/sr,
   124.00 deg.: X-S =     0.309909 mb/sr,
   125.00 deg.: X-S =     0.310497 mb/sr,
   126.00 deg.: X-S =     0.312163 mb/sr,
   127.00 deg.: X-S =     0.314842 mb/sr,
   128.00 deg.: X-S =     0.318446 mb/sr,
   129.00 deg.: X-S =     0.322865 mb/sr,
   130.00 deg.: X-S =     0.327979 mb/sr,
   131.00 deg.: X-S =     0.333660 mb/sr,
   132.00 deg.: X-S =     0.339781 mb/sr,
   133.00 deg.: X-S =     0.346222 mb/sr,
   134.00 deg.: X-S =     0.352868 mb/sr,
   135.00 deg.: X-S =     0.359619 mb/sr,
   136.00 deg.: X-S =     0.366388 mb/sr,
   137.00 deg.: X-S =     0.373104 mb/sr,
   138.00 deg.: X-S =     0.379714 mb/sr,
   139.00 deg.: X-S =     0.386181 mb/sr,
   140.00 deg.: X-S =     0.392483 mb/sr,
   141.00 deg.: X-S =     0.398615 mb/sr,
   142.00 deg.: X-S =     0.404584 mb/sr,
   143.00 deg.: X-S =     0.410408 mb/sr,
   144.00 deg.: X-S =     0.416117 mb/sr,
   145.00 deg.: X-S =     0.421744 mb/sr,
   146.00 deg.: X-S =     0.427332 mb/sr,
   147.00 deg.: X-S =     0.432921 mb/sr,
   148.00 deg.: X-S =     0.438554 mb/sr,
   149.00 deg.: X-S =     0.444274 mb/sr,
   150.00 deg.: X-S =     0.450118 mb/sr,
   151.00 deg.: X-S =     0.456119 mb/sr,
   152.00 deg.: X-S =     0.462305 mb/sr,
   153.00 deg.: X-S =     0.468694 mb/sr,
   154.00 deg.: X-S =     0.475300 mb/sr,
   155.00 deg.: X-S =     0.482128 mb/sr,
   156.00 deg.: X-S =     0.489173 mb/sr,
   157.00 deg.: X-S =     0.496425 mb/sr,
   158.00 deg.: X-S =     0.503863 mb/sr,
   159.00 deg.: X-S =     0.511463 mb/sr,
   160.00 deg.: X-S =     0.519190 mb/sr,
   161.00 deg.: X-S =     0.527006 mb/sr,
   162.00 deg.: X-S =     0.534868 mb/sr,
   163.00 deg.: X-S =     0.542726 mb/sr,
   164.00 deg.: X-S =     0.550531 mb/sr,
   165.00 deg.: X-S =     0.558228 mb/sr,
   166.00 deg.: X-S =     0.565761 mb/sr,
   167.00 deg.: X-S =     0.573076 mb/sr,
   168.00 deg.: X-S =     0.580116 mb/sr,
   169.00 deg.: X-S =     0.586826 mb/sr,
   170.00 deg.: X-S =     0.593153 mb/sr,
   171.00 deg.: X-S =     0.599047 mb/sr,
   172.00 deg.: X-S =     0.604459 mb/sr,
   173.00 deg.: X-S =     0.609345 mb/sr,
   174.00 deg.: X-S =     0.613665 mb/sr,
   175.00 deg.: X-S =     0.617383 mb/sr,
   176.00 deg.: X-S =     0.620468 mb/sr,
   177.00 deg.: X-S =     0.622895 mb/sr,
   178.00 deg.: X-S =     0.624644 mb/sr,
   179.00 deg.: X-S =     0.625698 mb/sr,
   180.00 deg.: X-S =     0.626051 mb/sr,
                                           Integrated   40.2531 mb, over [   0.000, 180.000] at    14.5311 MeV 

 CROSS SECTIONS FOR OUTGOING PROTON   & Li8      in state #   4 with spins & parities 0.5  + &  3.0  +;  0

     0.00 deg.: X-S =    64.553299 mb/sr,
+                                         REAC   3.8354E+01 mb
     1.00 deg.: X-S =    64.426464 mb/sr,
     2.00 deg.: X-S =    64.044590 mb/sr,
     3.00 deg.: X-S =    63.403764 mb/sr,
     4.00 deg.: X-S =    62.498124 mb/sr,
     5.00 deg.: X-S =    61.320835 mb/sr,
     6.00 deg.: X-S =    59.865456 mb/sr,
     7.00 deg.: X-S =    58.127638 mb/sr,
     8.00 deg.: X-S =    56.107089 mb/sr,
     9.00 deg.: X-S =    53.809662 mb/sr,
    10.00 deg.: X-S =    51.249366 mb/sr,
    11.00 deg.: X-S =    48.450053 mb/sr,
    12.00 deg.: X-S =    45.446485 mb/sr,
    13.00 deg.: X-S =    42.284507 mb/sr,
    14.00 deg.: X-S =    39.020090 mb/sr,
    15.00 deg.: X-S =    35.717130 mb/sr,
    16.00 deg.: X-S =    32.444084 mb/sr,
    17.00 deg.: X-S =    29.269667 mb/sr,
    18.00 deg.: X-S =    26.258082 mb/sr,
    19.00 deg.: X-S =    23.464366 mb/sr,
    20.00 deg.: X-S =    20.930485 mb/sr,
    21.00 deg.: X-S =    18.682741 mb/sr,
    22.00 deg.: X-S =    16.730863 mb/sr,
    23.00 deg.: X-S =    15.068858 mb/sr,
    24.00 deg.: X-S =    13.677397 mb/sr,
    25.00 deg.: X-S =    12.527230 mb/sr,
    26.00 deg.: X-S =    11.583005 mb/sr,
    27.00 deg.: X-S =    10.806825 mb/sr,
    28.00 deg.: X-S =    10.161099 mb/sr,
    29.00 deg.: X-S =     9.610471 mb/sr,
    30.00 deg.: X-S =     9.122923 mb/sr,
    31.00 deg.: X-S =     8.670378 mb/sr,
    32.00 deg.: X-S =     8.229183 mb/sr,
    33.00 deg.: X-S =     7.780813 mb/sr,
    34.00 deg.: X-S =     7.312856 mb/sr,
    35.00 deg.: X-S =     6.820117 mb/sr,
    36.00 deg.: X-S =     6.305412 mb/sr,
    37.00 deg.: X-S =     5.779570 mb/sr,
    38.00 deg.: X-S =     5.260247 mb/sr,
    39.00 deg.: X-S =     4.769431 mb/sr,
    40.00 deg.: X-S =     4.329897 mb/sr,
    41.00 deg.: X-S =     3.961210 mb/sr,
    42.00 deg.: X-S =     3.676064 mb/sr,
    43.00 deg.: X-S =     3.477788 mb/sr,
    44.00 deg.: X-S =     3.359565 mb/sr,
    45.00 deg.: X-S =     3.305574 mb/sr,
    46.00 deg.: X-S =     3.293789 mb/sr,
    47.00 deg.: X-S =     3.299800 mb/sr,
    48.00 deg.: X-S =     3.300816 mb/sr,
    49.00 deg.: X-S =     3.279030 mb/sr,
    50.00 deg.: X-S =     3.223722 mb/sr,
    51.00 deg.: X-S =     3.131842 mb/sr,
    52.00 deg.: X-S =     3.007189 mb/sr,
    53.00 deg.: X-S =     2.858581 mb/sr,
    54.00 deg.: X-S =     2.697589 mb/sr,
    55.00 deg.: X-S =     2.536364 mb/sr,
    56.00 deg.: X-S =     2.385966 mb/sr,
    57.00 deg.: X-S =     2.255361 mb/sr,
    58.00 deg.: X-S =     2.151025 mb/sr,
    59.00 deg.: X-S =     2.076991 mb/sr,
    60.00 deg.: X-S =     2.035046 mb/sr,
    61.00 deg.: X-S =     2.024921 mb/sr,
    62.00 deg.: X-S =     2.044351 mb/sr,
    63.00 deg.: X-S =     2.089051 mb/sr,
    64.00 deg.: X-S =     2.152726 mb/sr,
    65.00 deg.: X-S =     2.227259 mb/sr,
    66.00 deg.: X-S =     2.303196 mb/sr,
    67.00 deg.: X-S =     2.370544 mb/sr,
    68.00 deg.: X-S =     2.419802 mb/sr,
    69.00 deg.: X-S =     2.443056 mb/sr,
    70.00 deg.: X-S =     2.434944 mb/sr,
    71.00 deg.: X-S =     2.393277 mb/sr,
    72.00 deg.: X-S =     2.319221 mb/sr,
    73.00 deg.: X-S =     2.216990 mb/sr,
    74.00 deg.: X-S =     2.093129 mb/sr,
    75.00 deg.: X-S =     1.955539 mb/sr,
    76.00 deg.: X-S =     1.812414 mb/sr,
    77.00 deg.: X-S =     1.671293 mb/sr,
    78.00 deg.: X-S =     1.538332 mb/sr,
    79.00 deg.: X-S =     1.417903 mb/sr,
    80.00 deg.: X-S =     1.312495 mb/sr,
    81.00 deg.: X-S =     1.222879 mb/sr,
    82.00 deg.: X-S =     1.148447 mb/sr,
    83.00 deg.: X-S =     1.087621 mb/sr,
    84.00 deg.: X-S =     1.038248 mb/sr,
    85.00 deg.: X-S =     0.997939 mb/sr,
    86.00 deg.: X-S =     0.964299 mb/sr,
    87.00 deg.: X-S =     0.935078 mb/sr,
    88.00 deg.: X-S =     0.908250 mb/sr,
    89.00 deg.: X-S =     0.882059 mb/sr,
    90.00 deg.: X-S =     0.855046 mb/sr,
    91.00 deg.: X-S =     0.826085 mb/sr,
    92.00 deg.: X-S =     0.794419 mb/sr,
    93.00 deg.: X-S =     0.759705 mb/sr,
    94.00 deg.: X-S =     0.722025 mb/sr,
    95.00 deg.: X-S =     0.681885 mb/sr,
    96.00 deg.: X-S =     0.640162 mb/sr,
    97.00 deg.: X-S =     0.598014 mb/sr,
    98.00 deg.: X-S =     0.556754 mb/sr,
    99.00 deg.: X-S =     0.517712 mb/sr,
   100.00 deg.: X-S =     0.482088 mb/sr,
   101.00 deg.: X-S =     0.450828 mb/sr,
   102.00 deg.: X-S =     0.424535 mb/sr,
   103.00 deg.: X-S =     0.403424 mb/sr,
   104.00 deg.: X-S =     0.387324 mb/sr,
   105.00 deg.: X-S =     0.375723 mb/sr,
   106.00 deg.: X-S =     0.367848 mb/sr,
   107.00 deg.: X-S =     0.362762 mb/sr,
   108.00 deg.: X-S =     0.359474 mb/sr,
   109.00 deg.: X-S =     0.357032 mb/sr,
   110.00 deg.: X-S =     0.354612 mb/sr,
   111.00 deg.: X-S =     0.351569 mb/sr,
   112.00 deg.: X-S =     0.347475 mb/sr,
   113.00 deg.: X-S =     0.342117 mb/sr,
   114.00 deg.: X-S =     0.335489 mb/sr,
   115.00 deg.: X-S =     0.327754 mb/sr,
   116.00 deg.: X-S =     0.319205 mb/sr,
   117.00 deg.: X-S =     0.310214 mb/sr,
   118.00 deg.: X-S =     0.301193 mb/sr,
   119.00 deg.: X-S =     0.292548 mb/sr,
   120.00 deg.: X-S =     0.284654 mb/sr,
   121.00 deg.: X-S =     0.277824 mb/sr,
   122.00 deg.: X-S =     0.272303 mb/sr,
   123.00 deg.: X-S =     0.268256 mb/sr,
   124.00 deg.: X-S =     0.265771 mb/sr,
   125.00 deg.: X-S =     0.264867 mb/sr,
   126.00 deg.: X-S =     0.265501 mb/sr,
   127.00 deg.: X-S =     0.267577 mb/sr,
   128.00 deg.: X-S =     0.270964 mb/sr,
   129.00 deg.: X-S =     0.275500 mb/sr,
   130.00 deg.: X-S =     0.281009 mb/sr,
   131.00 deg.: X-S =     0.287303 mb/sr,
   132.00 deg.: X-S =     0.294200 mb/sr,
   133.00 deg.: X-S =     0.301519 mb/sr,
   134.00 deg.: X-S =     0.309095 mb/sr,
   135.00 deg.: X-S =     0.316778 mb/sr,
   136.00 deg.: X-S =     0.324434 mb/sr,
   137.00 deg.: X-S =     0.331953 mb/sr,
   138.00 deg.: X-S =     0.339245 mb/sr,
   139.00 deg.: X-S =     0.346242 mb/sr,
   140.00 deg.: X-S =     0.352898 mb/sr,
   141.00 deg.: X-S =     0.359187 mb/sr,
   142.00 deg.: X-S =     0.365103 mb/sr,
   143.00 deg.: X-S =     0.370657 mb/sr,
   144.00 deg.: X-S =     0.375873 mb/sr,
   145.00 deg.: X-S =     0.380789 mb/sr,
   146.00 deg.: X-S =     0.385452 mb/sr,
   147.00 deg.: X-S =     0.389917 mb/sr,
   148.00 deg.: X-S =     0.394240 mb/sr,
   149.00 deg.: X-S =     0.398482 mb/sr,
   150.00 deg.: X-S =     0.402701 mb/sr,
   151.00 deg.: X-S =     0.406951 mb/sr,
   152.00 deg.: X-S =     0.411282 mb/sr,
   153.00 deg.: X-S =     0.415737 mb/sr,
   154.00 deg.: X-S =     0.420352 mb/sr,
   155.00 deg.: X-S =     0.425152 mb/sr,
   156.00 deg.: X-S =     0.430156 mb/sr,
   157.00 deg.: X-S =     0.435371 mb/sr,
   158.00 deg.: X-S =     0.440794 mb/sr,
   159.00 deg.: X-S =     0.446416 mb/sr,
   160.00 deg.: X-S =     0.452218 mb/sr,
   161.00 deg.: X-S =     0.458172 mb/sr,
   162.00 deg.: X-S =     0.464244 mb/sr,
   163.00 deg.: X-S =     0.470395 mb/sr,
   164.00 deg.: X-S =     0.476580 mb/sr,
   165.00 deg.: X-S =     0.482750 mb/sr,
   166.00 deg.: X-S =     0.488853 mb/sr,
   167.00 deg.: X-S =     0.494837 mb/sr,
   168.00 deg.: X-S =     0.500647 mb/sr,
   169.00 deg.: X-S =     0.506229 mb/sr,
   170.00 deg.: X-S =     0.511530 mb/sr,
   171.00 deg.: X-S =     0.516499 mb/sr,
   172.00 deg.: X-S =     0.521087 mb/sr,
   173.00 deg.: X-S =     0.525250 mb/sr,
   174.00 deg.: X-S =     0.528946 mb/sr,
   175.00 deg.: X-S =     0.532138 mb/sr,
   176.00 deg.: X-S =     0.534794 mb/sr,
   177.00 deg.: X-S =     0.536889 mb/sr,
   178.00 deg.: X-S =     0.538400 mb/sr,
   179.00 deg.: X-S =     0.539313 mb/sr,
   180.00 deg.: X-S =     0.539618 mb/sr,
                                           Integrated   38.3432 mb, over [   0.000, 180.000] at    14.5311 MeV 

 CROSS SECTIONS FOR OUTGOING PROTON   & Li8      in state #   5 with spins & parities 0.5  + &  3.0  +;  0

     0.00 deg.: X-S =   189.426802 mb/sr,
+                                         REAC   7.7845E+01 mb
     1.00 deg.: X-S =   188.849738 mb/sr,
     2.00 deg.: X-S =   187.112242 mb/sr,
     3.00 deg.: X-S =   184.196868 mb/sr,
     4.00 deg.: X-S =   180.079401 mb/sr,
     5.00 deg.: X-S =   174.735947 mb/sr,
     6.00 deg.: X-S =   168.152426 mb/sr,
     7.00 deg.: X-S =   160.335853 mb/sr,
     8.00 deg.: X-S =   151.326467 mb/sr,
     9.00 deg.: X-S =   141.209392 mb/sr,
    10.00 deg.: X-S =   130.124128 mb/sr,
    11.00 deg.: X-S =   118.269967 mb/sr,
    12.00 deg.: X-S =   105.905451 mb/sr,
    13.00 deg.: X-S =    93.340378 mb/sr,
    14.00 deg.: X-S =    80.919736 mb/sr,
    15.00 deg.: X-S =    69.000120 mb/sr,
    16.00 deg.: X-S =    57.920748 mb/sr,
    17.00 deg.: X-S =    47.972572 mb/sr,
    18.00 deg.: X-S =    39.370094 mb/sr,
    19.00 deg.: X-S =    32.230759 mb/sr,
    20.00 deg.: X-S =    26.566086 mb/sr,
    21.00 deg.: X-S =    22.286905 mb/sr,
    22.00 deg.: X-S =    19.222453 mb/sr,
    23.00 deg.: X-S =    17.150186 mb/sr,
    24.00 deg.: X-S =    15.830696 mb/sr,
    25.00 deg.: X-S =    15.040799 mb/sr,
    26.00 deg.: X-S =    14.598130 mb/sr,
    27.00 deg.: X-S =    14.372659 mb/sr,
    28.00 deg.: X-S =    14.283843 mb/sr,
    29.00 deg.: X-S =    14.285928 mb/sr,
    30.00 deg.: X-S =    14.347140 mb/sr,
    31.00 deg.: X-S =    14.430072 mb/sr,
    32.00 deg.: X-S =    14.480071 mb/sr,
    33.00 deg.: X-S =    14.425776 mb/sr,
    34.00 deg.: X-S =    14.191973 mb/sr,
    35.00 deg.: X-S =    13.720767 mb/sr,
    36.00 deg.: X-S =    12.993986 mb/sr,
    37.00 deg.: X-S =    12.048852 mb/sr,
    38.00 deg.: X-S =    10.980510 mb/sr,
    39.00 deg.: X-S =     9.928715 mb/sr,
    40.00 deg.: X-S =     9.050669 mb/sr,
    41.00 deg.: X-S =     8.486303 mb/sr,
    42.00 deg.: X-S =     8.324873 mb/sr,
    43.00 deg.: X-S =     8.581741 mb/sr,
    44.00 deg.: X-S =     9.191693 mb/sr,
    45.00 deg.: X-S =    10.020728 mb/sr,
    46.00 deg.: X-S =    10.893414 mb/sr,
    47.00 deg.: X-S =    11.628867 mb/sr,
    48.00 deg.: X-S =    12.076438 mb/sr,
    49.00 deg.: X-S =    12.142718 mb/sr,
    50.00 deg.: X-S =    11.804195 mb/sr,
    51.00 deg.: X-S =    11.103972 mb/sr,
    52.00 deg.: X-S =    10.135082 mb/sr,
    53.00 deg.: X-S =     9.016037 mb/sr,
    54.00 deg.: X-S =     7.865477 mb/sr,
    55.00 deg.: X-S =     6.782037 mb/sr,
    56.00 deg.: X-S =     5.833252 mb/sr,
    57.00 deg.: X-S =     5.054281 mb/sr,
    58.00 deg.: X-S =     4.454405 mb/sr,
    59.00 deg.: X-S =     4.027495 mb/sr,
    60.00 deg.: X-S =     3.762198 mb/sr,
    61.00 deg.: X-S =     3.648538 mb/sr,
    62.00 deg.: X-S =     3.679401 mb/sr,
    63.00 deg.: X-S =     3.847379 mb/sr,
    64.00 deg.: X-S =     4.139031 mb/sr,
    65.00 deg.: X-S =     4.529345 mb/sr,
    66.00 deg.: X-S =     4.978926 mb/sr,
    67.00 deg.: X-S =     5.435421 mb/sr,
    68.00 deg.: X-S =     5.839241 mb/sr,
    69.00 deg.: X-S =     6.132286 mb/sr,
    70.00 deg.: X-S =     6.267508 mb/sr,
    71.00 deg.: X-S =     6.216912 mb/sr,
    72.00 deg.: X-S =     5.976094 mb/sr,
    73.00 deg.: X-S =     5.564334 mb/sr,
    74.00 deg.: X-S =     5.020403 mb/sr,
    75.00 deg.: X-S =     4.395240 mb/sr,
    76.00 deg.: X-S =     3.743230 mb/sr,
    77.00 deg.: X-S =     3.113984 mb/sr,
    78.00 deg.: X-S =     2.546151 mb/sr,
    79.00 deg.: X-S =     2.064147 mb/sr,
    80.00 deg.: X-S =     1.677946 mb/sr,
    81.00 deg.: X-S =     1.385390 mb/sr,
    82.00 deg.: X-S =     1.176021 mb/sr,
    83.00 deg.: X-S =     1.035333 mb/sr,
    84.00 deg.: X-S =     0.948440 mb/sr,
    85.00 deg.: X-S =     0.902532 mb/sr,
    86.00 deg.: X-S =     0.887893 mb/sr,
    87.00 deg.: X-S =     0.897646 mb/sr,
    88.00 deg.: X-S =     0.926672 mb/sr,
    89.00 deg.: X-S =     0.970253 mb/sr,
    90.00 deg.: X-S =     1.022948 mb/sr,
    91.00 deg.: X-S =     1.078051 mb/sr,
    92.00 deg.: X-S =     1.127741 mb/sr,
    93.00 deg.: X-S =     1.163869 mb/sr,
    94.00 deg.: X-S =     1.179100 mb/sr,
    95.00 deg.: X-S =     1.168132 mb/sr,
    96.00 deg.: X-S =     1.128648 mb/sr,
    97.00 deg.: X-S =     1.061807 mb/sr,
    98.00 deg.: X-S =     0.972151 mb/sr,
    99.00 deg.: X-S =     0.866966 mb/sr,
   100.00 deg.: X-S =     0.755227 mb/sr,
   101.00 deg.: X-S =     0.646334 mb/sr,
   102.00 deg.: X-S =     0.548864 mb/sr,
   103.00 deg.: X-S =     0.469527 mb/sr,
   104.00 deg.: X-S =     0.412481 mb/sr,
   105.00 deg.: X-S =     0.379061 mb/sr,
   106.00 deg.: X-S =     0.367921 mb/sr,
   107.00 deg.: X-S =     0.375505 mb/sr,
   108.00 deg.: X-S =     0.396747 mb/sr,
   109.00 deg.: X-S =     0.425866 mb/sr,
   110.00 deg.: X-S =     0.457136 mb/sr,
   111.00 deg.: X-S =     0.485523 mb/sr,
   112.00 deg.: X-S =     0.507143 mb/sr,
   113.00 deg.: X-S =     0.519505 mb/sr,
   114.00 deg.: X-S =     0.521539 mb/sr,
   115.00 deg.: X-S =     0.513464 mb/sr,
   116.00 deg.: X-S =     0.496526 mb/sr,
   117.00 deg.: X-S =     0.472672 mb/sr,
   118.00 deg.: X-S =     0.444215 mb/sr,
   119.00 deg.: X-S =     0.413524 mb/sr,
   120.00 deg.: X-S =     0.382776 mb/sr,
   121.00 deg.: X-S =     0.353784 mb/sr,
   122.00 deg.: X-S =     0.327907 mb/sr,
   123.00 deg.: X-S =     0.306028 mb/sr,
   124.00 deg.: X-S =     0.288583 mb/sr,
   125.00 deg.: X-S =     0.275645 mb/sr,
   126.00 deg.: X-S =     0.267011 mb/sr,
   127.00 deg.: X-S =     0.262301 mb/sr,
   128.00 deg.: X-S =     0.261055 mb/sr,
   129.00 deg.: X-S =     0.262799 mb/sr,
   130.00 deg.: X-S =     0.267099 mb/sr,
   131.00 deg.: X-S =     0.273598 mb/sr,
   132.00 deg.: X-S =     0.282017 mb/sr,
   133.00 deg.: X-S =     0.292159 mb/sr,
   134.00 deg.: X-S =     0.303889 mb/sr,
   135.00 deg.: X-S =     0.317111 mb/sr,
   136.00 deg.: X-S =     0.331749 mb/sr,
   137.00 deg.: X-S =     0.347724 mb/sr,
   138.00 deg.: X-S =     0.364935 mb/sr,
   139.00 deg.: X-S =     0.383248 mb/sr,
   140.00 deg.: X-S =     0.402493 mb/sr,
   141.00 deg.: X-S =     0.422463 mb/sr,
   142.00 deg.: X-S =     0.442918 mb/sr,
   143.00 deg.: X-S =     0.463595 mb/sr,
   144.00 deg.: X-S =     0.484216 mb/sr,
   145.00 deg.: X-S =     0.504504 mb/sr,
   146.00 deg.: X-S =     0.524191 mb/sr,
   147.00 deg.: X-S =     0.543030 mb/sr,
   148.00 deg.: X-S =     0.560802 mb/sr,
   149.00 deg.: X-S =     0.577323 mb/sr,
   150.00 deg.: X-S =     0.592450 mb/sr,
   151.00 deg.: X-S =     0.606079 mb/sr,
   152.00 deg.: X-S =     0.618147 mb/sr,
   153.00 deg.: X-S =     0.628631 mb/sr,
   154.00 deg.: X-S =     0.637543 mb/sr,
   155.00 deg.: X-S =     0.644928 mb/sr,
   156.00 deg.: X-S =     0.650854 mb/sr,
   157.00 deg.: X-S =     0.655414 mb/sr,
   158.00 deg.: X-S =     0.658716 mb/sr,
   159.00 deg.: X-S =     0.660879 mb/sr,
   160.00 deg.: X-S =     0.662031 mb/sr,
   161.00 deg.: X-S =     0.662300 mb/sr,
   162.00 deg.: X-S =     0.661816 mb/sr,
   163.00 deg.: X-S =     0.660703 mb/sr,
   164.00 deg.: X-S =     0.659083 mb/sr,
   165.00 deg.: X-S =     0.657068 mb/sr,
   166.00 deg.: X-S =     0.654763 mb/sr,
   167.00 deg.: X-S =     0.652263 mb/sr,
   168.00 deg.: X-S =     0.649654 mb/sr,
   169.00 deg.: X-S =     0.647014 mb/sr,
   170.00 deg.: X-S =     0.644410 mb/sr,
   171.00 deg.: X-S =     0.641900 mb/sr,
   172.00 deg.: X-S =     0.639536 mb/sr,
   173.00 deg.: X-S =     0.637360 mb/sr,
   174.00 deg.: X-S =     0.635408 mb/sr,
   175.00 deg.: X-S =     0.633710 mb/sr,
   176.00 deg.: X-S =     0.632290 mb/sr,
   177.00 deg.: X-S =     0.631168 mb/sr,
   178.00 deg.: X-S =     0.630356 mb/sr,
   179.00 deg.: X-S =     0.629865 mb/sr,
   180.00 deg.: X-S =     0.629701 mb/sr,
                                           Integrated   77.8143 mb, over [   0.000, 180.000] at    14.5311 MeV 
 Finished all xsecs @   0.180808991    

  The following files have been created:
   3:local copy of User input.            6:standard output.                   
   7:elastic  S-matrix elements.         13:total cross sections/state.        
  16:tables of cross sections.           35:Astrophysics S-factors  / Ecm.     
  38:cross sections for each J/pi.       39:cross sections for each Ecm.       
  40:all cross sectns. for each Elab.    43:bin phase shifts as k functions.   
  44:bin phase shifts as E functions.    45:scat phase shift as E functions.   
  46:bs wave functions & ANC ratios.     56:Fusion for each Jtotal.            
  58:Single-particle wfns.               75:S-factors for lab energies.        
 201:Separate cross sections.           202:Separate cross sections.           
 203:Separate cross sections.           204:Separate cross sections.           
 205:Separate cross sections.           206:Separate cross sections.           

 PARAMETERS : MAXQRN   MFNL   MLOC  LMAX1 MCLIST
    ALLOWED :     20   1225     43     60      7
    REQUIRED:      5      0     28     45      3


 ACCURACY ANALYSIS at    14.531 MeV :

  Elastic h*k = 0.092 so OK       compared with 0.200

   Real(S-el) > 0.01 first at J =       0.5
   Real(S-el) > 0.10 first at J =       0.5
   Real(S-el) > 0.50 first at J =       1.5
   Real(S-el) > 0.90 first at J =       2.5
   Real(S-el) > 0.99 first at J =       3.5
   R-turn =    44.24 fm    at J =      40.5

 Forward-angle excitation cut off below   0.492 deg by max JT =      40.5
                              and below   0.731 deg by max R.

 Total CPU  0 time =       0.18 seconds
