   59.900   0.877616       0.827303E-06   0.942671E-06  -0.231629       0   0.942671E-06
   59.900   0.230180E-01   0.267282E-07   0.116119E-05  -0.234981       0   0.942671E-06
   59.900   0.763798       0.197387E-07   0.258429E-07  -0.293501       0   0.244480E-07
   59.900   0.475001       0.170807E-05   0.359594E-05  -0.211778       0   0.333177E-05
# For Channel #  5: l = 1, j =  1.5, c#  1;  k,eta =   0.09177   0.00000
    0.900   0.116369E-01   0.140434        12.0679       -1.11811       0   0.920722    
    1.000   0.155116E-01   0.168350        10.8531       -1.00771       0   0.912311    
    1.100   0.200027E-01   0.197198        9.85854      -0.917506       0   0.903977    
    1.200   0.250853E-01   0.226497        9.02908      -0.842438       0   0.895719    
    1.300   0.307174E-01   0.255774        8.32667      -0.779013       0   0.887536    
    1.400   0.368420E-01   0.284571        7.72409      -0.724735       0   0.879428    
    1.500   0.433888E-01   0.312459        7.20139      -0.677772       0   0.871394    
    1.600   0.502769E-01   0.339047        6.74359      -0.636751       0   0.863433    
    1.700   0.574179E-01   0.363987        6.33925      -0.600621       0   0.855546    
    1.800   0.647192E-01   0.386986        5.97947      -0.568567       0   0.847730    
    1.900   0.720869E-01   0.407812        5.65722      -0.539942       0   0.839985    
    2.000   0.794296E-01   0.426289        5.36688      -0.514233       0   0.832312    
    2.100   0.866611E-01   0.442309        5.10389      -0.491020       0   0.824708    
    2.200   0.937027E-01   0.455820        4.86453      -0.469962       0   0.817174    
    2.300   0.100486       0.466831        4.64573      -0.450778       0   0.809709    
    2.400   0.106954       0.475403        4.44492      -0.433232       0   0.802312    
    2.500   0.113062       0.481638        4.25994      -0.417127       0   0.794982    
    2.600   0.118778       0.485678        4.08897      -0.402295       0   0.787720    
    2.700   0.124080       0.487692        3.93046      -0.388595       0   0.780524    
    2.800   0.128960       0.487867        3.78309      -0.375905       0   0.773393    
    2.900   0.133418       0.486401        3.64569      -0.364119       0   0.766328    
    3.000   0.137463       0.483497        3.51729      -0.353146       0   0.759327    
    3.100   0.141110       0.479352        3.39700      -0.342907       0   0.752391    
    3.200   0.144380       0.474156        3.28408      -0.333334       0   0.745517    
    3.300   0.147297       0.468088        3.17785      -0.324364       0   0.738707    
    3.400   0.149886       0.461311        3.07774      -0.315944       0   0.731958    
    3.500   0.152176       0.453972        2.98321      -0.308026       0   0.725271    
    3.600   0.154192       0.446203        2.89381      -0.300569       0   0.718646    
    3.700   0.155963       0.438118        2.80912      -0.293534       0   0.712081    
    3.800   0.157513       0.429817        2.72878      -0.286888       0   0.705575    
    3.900   0.158866       0.421384        2.65245      -0.280600       0   0.699130    
    4.000   0.160045       0.412889        2.57983      -0.274643       0   0.692743    
    4.100   0.161070       0.404393        2.51066      -0.268994       0   0.686414    
    4.200   0.161960       0.395942        2.44468      -0.263628       0   0.680144    
    4.300   0.162732       0.387577        2.38169      -0.258527       0   0.673930    
    4.400   0.163400       0.379328        2.32147      -0.253672       0   0.667774    
    4.500   0.163977       0.371219        2.26385      -0.249046       0   0.661673    
    4.600   0.164476       0.363270        2.20866      -0.244634       0   0.655629    
    4.700   0.164906       0.355494        2.15574      -0.240422       0   0.649639    
    4.800   0.165277       0.347901        2.10496      -0.236398       0   0.643704    
    4.900   0.165597       0.340497        2.05618      -0.232550       0   0.637824    
    5.000   0.165872       0.333285        2.00929      -0.228866       0   0.631997    
    5.100   0.166110       0.326268        1.96417      -0.225338       0   0.626224    
    5.200   0.166314       0.319444        1.92073      -0.221956       0   0.620503    
    5.300   0.166489       0.312813        1.87888      -0.218711       0   0.614834    
    5.400   0.166640       0.306371        1.83852      -0.215596       0   0.609217    
    5.500   0.166770       0.300116        1.79958      -0.212603       0   0.603652    
    5.600   0.166882       0.294042        1.76198      -0.209726       0   0.598137    
    5.700   0.166978       0.288145        1.72565      -0.206958       0   0.592673    
    5.800   0.167060       0.282420        1.69053      -0.204294       0   0.587259    
    5.900   0.167131       0.276861        1.65656      -0.201729       0   0.581894    
    6.000   0.167192       0.271465        1.62367      -0.199256       0   0.576578    
    6.100   0.167244       0.266224        1.59183      -0.196872       0   0.571311    
    6.200   0.167289       0.261134        1.56098      -0.194572       0   0.566092    
    6.300   0.167327       0.256190        1.53107      -0.192352       0   0.560920    
    6.400   0.167360       0.251386        1.50207      -0.190208       0   0.555796    
    6.500   0.167388       0.246717        1.47392      -0.188137       0   0.550718    
    6.600   0.167413       0.242178        1.44659      -0.186134       0   0.545687    
    6.700   0.167434       0.237765        1.42006      -0.184198       0   0.540702    
    6.800   0.167452       0.233472        1.39427      -0.182324       0   0.535763    
    6.900   0.167467       0.229296        1.36920      -0.180510       0   0.530868    
    7.000   0.167480       0.225232        1.34483      -0.178754       0   0.526019    
    7.100   0.167491       0.221276        1.32112      -0.177052       0   0.521213    
    7.200   0.167501       0.217423        1.29804      -0.175403       0   0.516452    
    7.300   0.167510       0.213670        1.27557      -0.173804       0   0.511734    
    7.400   0.167517       0.210014        1.25369      -0.172253       0   0.507059    
    7.500   0.167523       0.206451        1.23237      -0.170749       0   0.502427    
    7.600   0.167528       0.202977        1.21160      -0.169288       0   0.497837    
    7.700   0.167533       0.199589        1.19134      -0.167870       0   0.493289    
    7.800   0.167536       0.196285        1.17159      -0.166493       0   0.488782    
    7.900   0.167540       0.193061        1.15233      -0.165154       0   0.484317    
    8.000   0.167543       0.189914        1.13353      -0.163854       0   0.479893    
    8.100   0.167545       0.186842        1.11517      -0.162589       0   0.475509    
    8.200   0.167547       0.183842        1.09726      -0.161359       0   0.471165    
    8.300   0.167549       0.180913        1.07976      -0.160163       0   0.466860    
    8.400   0.167551       0.178050        1.06267      -0.158998       0   0.462595    
    8.500   0.167552       0.175253        1.04596      -0.157865       0   0.458369    
    8.600   0.167553       0.172519        1.02964      -0.156761       0   0.454182    
    8.700   0.167554       0.169846        1.01368      -0.155687       0   0.450033    
    8.800   0.167555       0.167231       0.998070      -0.154640       0   0.445922    
    8.900   0.167556       0.164674       0.982805      -0.153619       0   0.441848    
    9.000   0.167556       0.162173       0.967871      -0.152625       0   0.437811    
    9.100   0.167557       0.159725       0.953257      -0.151655       0   0.433812    
    9.200   0.167557       0.157329       0.938954      -0.150709       0   0.429849    
    9.300   0.167558       0.154983       0.924952      -0.149787       0   0.425922    
    9.400   0.167558       0.152686       0.911242      -0.148887       0   0.422031    
    9.500   0.167558       0.150436       0.897815      -0.148009       0   0.418176    
    9.600   0.167558       0.148233       0.884663      -0.147152       0   0.414355    
    9.700   0.167559       0.146074       0.871777      -0.146315       0   0.410570    
    9.800   0.167559       0.143958       0.859149      -0.145497       0   0.406819    
    9.900   0.167559       0.141884       0.846773      -0.144699       0   0.403103    
   10.000   0.167559       0.139852       0.834642      -0.143919       0   0.399420    
   10.100   0.167559       0.137859       0.822747      -0.143157       0   0.395771    
   10.200   0.167559       0.135905       0.811083      -0.142412       0   0.392156    
   10.300   0.167559       0.133988       0.799643      -0.141683       0   0.388573    
   10.400   0.167559       0.132108       0.788422      -0.140971       0   0.385024    
   10.500   0.167560       0.130263       0.777412      -0.140275       0   0.381506    
   10.600   0.167560       0.128453       0.766610      -0.139594       0   0.378021    
   10.700   0.167560       0.126676       0.756008      -0.138928       0   0.374568    
   10.800   0.167560       0.124933       0.745602      -0.138276       0   0.371146    
   10.900   0.167560       0.123221       0.735386      -0.137638       0   0.367755    
   11.000   0.167560       0.121541       0.725357      -0.137013       0   0.364396    
   11.100   0.167560       0.119890       0.715508      -0.136402       0   0.361067    
   11.200   0.167560       0.118270       0.705836      -0.135803       0   0.357768    
   11.300   0.167560       0.116678       0.696336      -0.135217       0   0.354500    
   11.400   0.167560       0.115114       0.687003      -0.134643       0   0.351261    
   11.500   0.167560       0.113578       0.677834      -0.134080       0   0.348052    
   11.600   0.167560       0.112068       0.668825      -0.133529       0   0.344873    
   11.700   0.167560       0.110585       0.659971      -0.132989       0   0.341722    
   11.800   0.167560       0.109127       0.651270      -0.132460       0   0.338601    
   11.900   0.167560       0.107694       0.642717      -0.131941       0   0.335507    
   12.000   0.167560       0.106285       0.634309      -0.131432       0   0.332442    
   12.100   0.167560       0.104900       0.626042      -0.130934       0   0.329405    
   12.200   0.167560       0.103538       0.617914      -0.130444       0   0.326396    
   12.300   0.167560       0.102198       0.609920      -0.129965       0   0.323414    
   12.400   0.167560       0.100881       0.602059      -0.129494       0   0.320460    
   12.500   0.167560       0.995853E-01   0.594327      -0.129032       0   0.317532    
   12.600   0.167560       0.983108E-01   0.586721      -0.128579       0   0.314631    
   12.700   0.167560       0.970570E-01   0.579238      -0.128135       0   0.311757    
   12.800   0.167560       0.958234E-01   0.571876      -0.127698       0   0.308909    
   12.900   0.167560       0.946096E-01   0.564631      -0.127270       0   0.306087    
   13.000   0.167560       0.934151E-01   0.557503      -0.126850       0   0.303291    
   13.100   0.167560       0.922395E-01   0.550487      -0.126437       0   0.300520    
   13.200   0.167560       0.910825E-01   0.543581      -0.126032       0   0.297775    
   13.300   0.167560       0.899435E-01   0.536784      -0.125633       0   0.295054    
   13.400   0.167560       0.888223E-01   0.530093      -0.125242       0   0.292359    
   13.500   0.167560       0.877185E-01   0.523506      -0.124858       0   0.289688    
   13.600   0.167560       0.866317E-01   0.517020      -0.124481       0   0.287042    
   13.700   0.167560       0.855616E-01   0.510633      -0.124110       0   0.284419    
   13.800   0.167560       0.845078E-01   0.504344      -0.123746       0   0.281821    
   13.900   0.167560       0.834700E-01   0.498150      -0.123388       0   0.279247    
   14.000   0.167560       0.824479E-01   0.492050      -0.123036       0   0.276696    
   14.100   0.167560       0.814411E-01   0.486042      -0.122690       0   0.274168    
   14.200   0.167560       0.804494E-01   0.480123      -0.122350       0   0.271663    
   14.300   0.167560       0.794724E-01   0.474292      -0.122016       0   0.269181    
   14.400   0.167560       0.785099E-01   0.468548      -0.121687       0   0.266722    
   14.500   0.167560       0.775616E-01   0.462889      -0.121364       0   0.264286    
   14.600   0.167560       0.766272E-01   0.457312      -0.121046       0   0.261871    
   14.700   0.167560       0.757064E-01   0.451817      -0.120733       0   0.259479    
   14.800   0.167560       0.747990E-01   0.446402      -0.120426       0   0.257109    
   14.900   0.167560       0.739048E-01   0.441065      -0.120123       0   0.254760    
   15.000   0.167560       0.730234E-01   0.435805      -0.119825       0   0.252432    
   15.100   0.167560       0.721547E-01   0.430620      -0.119532       0   0.250126    
   15.200   0.167560       0.712984E-01   0.425510      -0.119244       0   0.247841    
   15.300   0.167560       0.704542E-01   0.420472      -0.118960       0   0.245577    
   15.400   0.167560       0.696221E-01   0.415505      -0.118681       0   0.243334    
   15.500   0.167560       0.688016E-01   0.410609      -0.118406       0   0.241111    
   15.600   0.167560       0.679927E-01   0.405781      -0.118136       0   0.238908    
   15.700   0.167560       0.671951E-01   0.401021      -0.117869       0   0.236726    
   15.800   0.167560       0.664086E-01   0.396327      -0.117607       0   0.234563    
   15.900   0.167560       0.656330E-01   0.391699      -0.117349       0   0.232420    
   16.000   0.167560       0.648681E-01   0.387134      -0.117094       0   0.230297    
   16.100   0.167560       0.641138E-01   0.382632      -0.116844       0   0.228193    
   16.200   0.167560       0.633698E-01   0.378192      -0.116597       0   0.226108    
   16.300   0.167560       0.626360E-01   0.373812      -0.116354       0   0.224043    
   16.400   0.167560       0.619121E-01   0.369493      -0.116115       0   0.221996    
   16.500   0.167560       0.611981E-01   0.365231      -0.115879       0   0.219968    
   16.600   0.167560       0.604938E-01   0.361028      -0.115647       0   0.217959    
   16.700   0.167560       0.597989E-01   0.356881      -0.115418       0   0.215967    
   16.800   0.167560       0.591134E-01   0.352789      -0.115192       0   0.213995    
   16.900   0.167560       0.584370E-01   0.348753      -0.114970       0   0.212040    
   17.000   0.167560       0.577696E-01   0.344770      -0.114751       0   0.210103    
   17.100   0.167560       0.571111E-01   0.340840      -0.114535       0   0.208183    
   17.200   0.167560       0.564613E-01   0.336962      -0.114322       0   0.206281    
   17.300   0.167560       0.558201E-01   0.333135      -0.114112       0   0.204397    
   17.400   0.167560       0.551873E-01   0.329359      -0.113905       0   0.202530    
   17.500   0.167560       0.545628E-01   0.325632      -0.113701       0   0.200679    
   17.600   0.167560       0.539465E-01   0.321954      -0.113500       0   0.198846    
   17.700   0.167560       0.533382E-01   0.318323      -0.113302       0   0.197030    
   17.800   0.167560       0.527378E-01   0.314740      -0.113106       0   0.195230    
   17.900   0.167560       0.521452E-01   0.311203      -0.112913       0   0.193446    
   18.000   0.167560       0.515602E-01   0.307712      -0.112723       0   0.191679    
   18.100   0.167560       0.509827E-01   0.304266      -0.112536       0   0.189928    
   18.200   0.167560       0.504127E-01   0.300864      -0.112351       0   0.188193    
   18.300   0.167560       0.498499E-01   0.297505      -0.112168       0   0.186474    
   18.400   0.167560       0.492943E-01   0.294189      -0.111988       0   0.184770    
   18.500   0.167560       0.487458E-01   0.290916      -0.111810       0   0.183082    
   18.600   0.167560       0.482042E-01   0.287684      -0.111635       0   0.181410    
   18.700   0.167560       0.476695E-01   0.284492      -0.111462       0   0.179752    
   18.800   0.167560       0.471415E-01   0.281341      -0.111291       0   0.178110    
   18.900   0.167560       0.466202E-01   0.278230      -0.111123       0   0.176483    
   19.000   0.167560       0.461054E-01   0.275158      -0.110957       0   0.174871    
   19.100   0.167560       0.455970E-01   0.272124      -0.110793       0   0.173273    
   19.200   0.167560       0.450950E-01   0.269128      -0.110631       0   0.171690    
   19.300   0.167560       0.445992E-01   0.266169      -0.110471       0   0.170122    
   19.400   0.167560       0.441096E-01   0.263247      -0.110313       0   0.168568    
   19.500   0.167560       0.436260E-01   0.260361      -0.110157       0   0.167028    
   19.600   0.167560       0.431484E-01   0.257510      -0.110004       0   0.165502    
   19.700   0.167560       0.426767E-01   0.254695      -0.109852       0   0.163990    
   19.800   0.167560       0.422107E-01   0.251914      -0.109702       0   0.162492    
   19.900   0.167560       0.417505E-01   0.249168      -0.109554       0   0.161007    
   20.000   0.167560       0.412959E-01   0.246455      -0.109408       0   0.159537    
   20.100   0.167560       0.408469E-01   0.243775      -0.109263       0   0.158079    
   20.200   0.167560       0.404033E-01   0.241127      -0.109121       0   0.156635    
   20.300   0.167560       0.399651E-01   0.238512      -0.108980       0   0.155204    
   20.400   0.167560       0.395322E-01   0.235929      -0.108841       0   0.153786    
   20.500   0.167560       0.391045E-01   0.233376      -0.108704       0   0.152381    
   20.600   0.167560       0.386820E-01   0.230855      -0.108568       0   0.150989    
   20.700   0.167560       0.382646E-01   0.228363      -0.108434       0   0.149610    
   20.800   0.167560       0.378521E-01   0.225902      -0.108302       0   0.148243    
   20.900   0.167560       0.374446E-01   0.223470      -0.108171       0   0.146889    
   21.000   0.167560       0.370420E-01   0.221067      -0.108042       0   0.145547    
   21.100   0.167560       0.366442E-01   0.218693      -0.107914       0   0.144217    
   21.200   0.167560       0.362511E-01   0.216347      -0.107788       0   0.142900    
   21.300   0.167560       0.358627E-01   0.214029      -0.107663       0   0.141594    
   21.400   0.167560       0.354789E-01   0.211738      -0.107540       0   0.140301    
   21.500   0.167560       0.350996E-01   0.209475      -0.107418       0   0.139019    
   21.600   0.167560       0.347248E-01   0.207238      -0.107298       0   0.137749    
   21.700   0.167560       0.343544E-01   0.205028      -0.107179       0   0.136491    
   21.800   0.167560       0.339884E-01   0.202843      -0.107061       0   0.135244    
   21.900   0.167560       0.336266E-01   0.200684      -0.106945       0   0.134008    
   22.000   0.167560       0.332691E-01   0.198551      -0.106830       0   0.132784    
   22.100   0.167560       0.329158E-01   0.196442      -0.106717       0   0.131571    
   22.200   0.167560       0.325666E-01   0.194358      -0.106604       0   0.130369    
   22.300   0.167560       0.322214E-01   0.192298      -0.106493       0   0.129178    
   22.400   0.167560       0.318803E-01   0.190262      -0.106384       0   0.127998    
   22.500   0.167560       0.315431E-01   0.188250      -0.106275       0   0.126829    
   22.600   0.167560       0.312098E-01   0.186261      -0.106168       0   0.125670    
   22.700   0.167560       0.308804E-01   0.184294      -0.106062       0   0.124522    
   22.800   0.167560       0.305547E-01   0.182351      -0.105957       0   0.123385    
   22.900   0.167560       0.302329E-01   0.180430      -0.105853       0   0.122257    
   23.000   0.167560       0.299147E-01   0.178531      -0.105751       0   0.121141    
   23.100   0.167560       0.296001E-01   0.176654      -0.105649       0   0.120034    
   23.200   0.167560       0.292892E-01   0.174798      -0.105549       0   0.118937    
   23.300   0.167560       0.289818E-01   0.172964      -0.105450       0   0.117851    
   23.400   0.167560       0.286780E-01   0.171151      -0.105351       0   0.116774    
   23.500   0.167560       0.283776E-01   0.169358      -0.105254       0   0.115707    
   23.600   0.167560       0.280806E-01   0.167585      -0.105158       0   0.114650    
   23.700   0.167560       0.277870E-01   0.165833      -0.105063       0   0.113603    
   23.800   0.167560       0.274967E-01   0.164101      -0.104969       0   0.112565    
   23.900   0.167560       0.272097E-01   0.162388      -0.104876       0   0.111537    
   24.000   0.167560       0.269259E-01   0.160694      -0.104784       0   0.110518    
   24.100   0.167560       0.266454E-01   0.159020      -0.104693       0   0.109508    
   24.200   0.167560       0.263680E-01   0.157365      -0.104603       0   0.108508    
   24.300   0.167560       0.260937E-01   0.155728      -0.104514       0   0.107517    
   24.400   0.167560       0.258226E-01   0.154109      -0.104426       0   0.106534    
   24.500   0.167560       0.255544E-01   0.152509      -0.104339       0   0.105561    
   24.600   0.167560       0.252893E-01   0.150927      -0.104253       0   0.104597    
   24.700   0.167560       0.250271E-01   0.149362      -0.104167       0   0.103641    
   24.800   0.167560       0.247679E-01   0.147815      -0.104083       0   0.102694    
   24.900   0.167560       0.245115E-01   0.146285      -0.103999       0   0.101756    
   25.000   0.167560       0.242580E-01   0.144772      -0.103916       0   0.100827    
   25.100   0.167560       0.240074E-01   0.143276      -0.103834       0   0.999056E-01
   25.200   0.167560       0.237595E-01   0.141797      -0.103753       0   0.989929E-01
   25.300   0.167560       0.235143E-01   0.140334      -0.103673       0   0.980886E-01
   25.400   0.167560       0.232719E-01   0.138887      -0.103593       0   0.971925E-01
   25.500   0.167560       0.230321E-01   0.137456      -0.103514       0   0.963046E-01
   25.600   0.167560       0.227950E-01   0.136041      -0.103437       0   0.954248E-01
   25.700   0.167560       0.225606E-01   0.134642      -0.103359       0   0.945531E-01
   25.800   0.167560       0.223287E-01   0.133258      -0.103283       0   0.936893E-01
   25.900   0.167560       0.220993E-01   0.131889      -0.103208       0   0.928334E-01
   26.000   0.167560       0.218725E-01   0.130535      -0.103133       0   0.919853E-01
   26.100   0.167560       0.216482E-01   0.129197      -0.103059       0   0.911450E-01
   26.200   0.167560       0.214263E-01   0.127872      -0.102985       0   0.903123E-01
   26.300   0.167560       0.212068E-01   0.126563      -0.102913       0   0.894873E-01
   26.400   0.167560       0.209898E-01   0.125267      -0.102841       0   0.886698E-01
   26.500   0.167560       0.207751E-01   0.123986      -0.102769       0   0.878597E-01
   26.600   0.167560       0.205628E-01   0.122719      -0.102699       0   0.870571E-01
   26.700   0.167560       0.203527E-01   0.121465      -0.102629       0   0.862618E-01
   26.800   0.167560       0.201450E-01   0.120226      -0.102560       0   0.854738E-01
   26.900   0.167560       0.199395E-01   0.118999      -0.102491       0   0.846929E-01
   27.000   0.167560       0.197363E-01   0.117786      -0.102423       0   0.839192E-01
   27.100   0.167560       0.195352E-01   0.116586      -0.102356       0   0.831526E-01
   27.200   0.167560       0.193363E-01   0.115400      -0.102290       0   0.823930E-01
   27.300   0.167560       0.191396E-01   0.114226      -0.102224       0   0.816403E-01
   27.400   0.167560       0.189450E-01   0.113064      -0.102158       0   0.808944E-01
   27.500   0.167560       0.187525E-01   0.111915      -0.102094       0   0.801554E-01
   27.600   0.167560       0.185621E-01   0.110779      -0.102029       0   0.794232E-01
   27.700   0.167560       0.183738E-01   0.109655      -0.101966       0   0.786976E-01
   27.800   0.167560       0.181874E-01   0.108543      -0.101903       0   0.779787E-01
   27.900   0.167560       0.180031E-01   0.107443      -0.101841       0   0.772663E-01
   28.000   0.167560       0.178207E-01   0.106354      -0.101779       0   0.765605E-01
   28.100   0.167560       0.176403E-01   0.105278      -0.101718       0   0.758610E-01
   28.200   0.167560       0.174618E-01   0.104213      -0.101657       0   0.751680E-01
   28.300   0.167560       0.172853E-01   0.103159      -0.101597       0   0.744813E-01
   28.400   0.167560       0.171106E-01   0.102116      -0.101538       0   0.738009E-01
   28.500   0.167560       0.169378E-01   0.101085      -0.101479       0   0.731267E-01
   28.600   0.167560       0.167668E-01   0.100065      -0.101420       0   0.724587E-01
   28.700   0.167560       0.165977E-01   0.990553E-01  -0.101362       0   0.717967E-01
   28.800   0.167560       0.164303E-01   0.980566E-01  -0.101305       0   0.711408E-01
   28.900   0.167560       0.162648E-01   0.970685E-01  -0.101248       0   0.704909E-01
   29.000   0.167560       0.161010E-01   0.960909E-01  -0.101192       0   0.698470E-01
   29.100   0.167560       0.159389E-01   0.951237E-01  -0.101136       0   0.692089E-01
   29.200   0.167560       0.157786E-01   0.941668E-01  -0.101081       0   0.685766E-01
   29.300   0.167560       0.156199E-01   0.932200E-01  -0.101026       0   0.679501E-01
   29.400   0.167560       0.154630E-01   0.922832E-01  -0.100972       0   0.673294E-01
   29.500   0.167560       0.153077E-01   0.913564E-01  -0.100918       0   0.667143E-01
   29.600   0.167560       0.151540E-01   0.904393E-01  -0.100864       0   0.661048E-01
   29.700   0.167560       0.150020E-01   0.895319E-01  -0.100811       0   0.655010E-01
   29.800   0.167560       0.148515E-01   0.886341E-01  -0.100759       0   0.649026E-01
   29.900   0.167560       0.147027E-01   0.877457E-01  -0.100707       0   0.643097E-01
   30.000   0.167560       0.145554E-01   0.868667E-01  -0.100655       0   0.637222E-01
   30.100   0.167560       0.144096E-01   0.859970E-01  -0.100604       0   0.631400E-01
   30.200   0.167560       0.142654E-01   0.851364E-01  -0.100554       0   0.625632E-01
   30.300   0.167560       0.141228E-01   0.842848E-01  -0.100503       0   0.619917E-01
   30.400   0.167560       0.139816E-01   0.834422E-01  -0.100454       0   0.614254E-01
   30.500   0.167560       0.138418E-01   0.826083E-01  -0.100404       0   0.608642E-01
   30.600   0.167560       0.137036E-01   0.817833E-01  -0.100355       0   0.603082E-01
   30.700   0.167560       0.135668E-01   0.809668E-01  -0.100307       0   0.597573E-01
   30.800   0.167560       0.134314E-01   0.801589E-01  -0.100259       0   0.592113E-01
   30.900   0.167560       0.132975E-01   0.793595E-01  -0.100211       0   0.586704E-01
   31.000   0.167560       0.131649E-01   0.785684E-01  -0.100164       0   0.581344E-01
   31.100   0.167560       0.130337E-01   0.777855E-01  -0.100117       0   0.576034E-01
   31.200   0.167560       0.129039E-01   0.770108E-01  -0.100070       0   0.570771E-01
   31.300   0.167560       0.127755E-01   0.762442E-01  -0.100024       0   0.565557E-01
   31.400   0.167560       0.126483E-01   0.754855E-01  -0.999785E-01   0   0.560390E-01
   31.500   0.167560       0.125225E-01   0.747348E-01  -0.999332E-01   0   0.555271E-01
   31.600   0.167560       0.123981E-01   0.739918E-01  -0.998882E-01   0   0.550198E-01
   31.700   0.167560       0.122749E-01   0.732565E-01  -0.998436E-01   0   0.545172E-01
   31.800   0.167560       0.121529E-01   0.725289E-01  -0.997994E-01   0   0.540192E-01
   31.900   0.167560       0.120323E-01   0.718089E-01  -0.997556E-01   0   0.535257E-01
   32.000   0.167560       0.119129E-01   0.710962E-01  -0.997121E-01   0   0.530367E-01
   32.100   0.167560       0.117947E-01   0.703910E-01  -0.996689E-01   0   0.525522E-01
   32.200   0.167560       0.116778E-01   0.696930E-01  -0.996262E-01   0   0.520721E-01
   32.300   0.167560       0.115620E-01   0.690023E-01  -0.995837E-01   0   0.515964E-01
   32.400   0.167560       0.114475E-01   0.683187E-01  -0.995416E-01   0   0.511251E-01
   32.500   0.167560       0.113341E-01   0.676422E-01  -0.994999E-01   0   0.506580E-01
   32.600   0.167560       0.112219E-01   0.669726E-01  -0.994585E-01   0   0.501952E-01
   32.700   0.167560       0.111109E-01   0.663100E-01  -0.994174E-01   0   0.497367E-01
   32.800   0.167560       0.110010E-01   0.656541E-01  -0.993767E-01   0   0.492823E-01
   32.900   0.167560       0.108922E-01   0.650050E-01  -0.993363E-01   0   0.488321E-01
   33.000   0.167560       0.107846E-01   0.643626E-01  -0.992962E-01   0   0.483860E-01
   33.100   0.167560       0.106781E-01   0.637268E-01  -0.992564E-01   0   0.479440E-01
   33.200   0.167560       0.105726E-01   0.630975E-01  -0.992169E-01   0   0.475060E-01
   33.300   0.167560       0.104683E-01   0.624747E-01  -0.991778E-01   0   0.470720E-01
   33.400   0.167560       0.103650E-01   0.618583E-01  -0.991390E-01   0   0.466420E-01
   33.500   0.167560       0.102627E-01   0.612482E-01  -0.991005E-01   0   0.462159E-01
   33.600   0.167560       0.101616E-01   0.606443E-01  -0.990622E-01   0   0.457937E-01
   33.700   0.167560       0.100614E-01   0.600467E-01  -0.990243E-01   0   0.453753E-01
   33.800   0.167560       0.996229E-02   0.594551E-01  -0.989867E-01   0   0.449608E-01
   33.900   0.167560       0.986418E-02   0.588696E-01  -0.989494E-01   0   0.445501E-01
   34.000   0.167560       0.976708E-02   0.582900E-01  -0.989123E-01   0   0.441431E-01
   34.100   0.167560       0.967096E-02   0.577164E-01  -0.988756E-01   0   0.437398E-01
   34.200   0.167560       0.957583E-02   0.571487E-01  -0.988391E-01   0   0.433402E-01
   34.300   0.167560       0.948166E-02   0.565867E-01  -0.988029E-01   0   0.429443E-01
   34.400   0.167560       0.938846E-02   0.560305E-01  -0.987670E-01   0   0.425520E-01
   34.500   0.167560       0.929621E-02   0.554799E-01  -0.987314E-01   0   0.421633E-01
   34.600   0.167560       0.920489E-02   0.549349E-01  -0.986960E-01   0   0.417781E-01
   34.700   0.167560       0.911451E-02   0.543955E-01  -0.986609E-01   0   0.413964E-01
   34.800   0.167560       0.902504E-02   0.538616E-01  -0.986261E-01   0   0.410182E-01
   34.900   0.167560       0.893648E-02   0.533331E-01  -0.985916E-01   0   0.406435E-01
   35.000   0.167560       0.884882E-02   0.528099E-01  -0.985573E-01   0   0.402722E-01
   35.100   0.167560       0.876206E-02   0.522921E-01  -0.985233E-01   0   0.399043E-01
   35.200   0.167560       0.867617E-02   0.517795E-01  -0.984895E-01   0   0.395398E-01
   35.300   0.167560       0.859115E-02   0.512721E-01  -0.984560E-01   0   0.391786E-01
   35.400   0.167560       0.850699E-02   0.507699E-01  -0.984227E-01   0   0.388207E-01
   35.500   0.167560       0.842369E-02   0.502727E-01  -0.983897E-01   0   0.384660E-01
   35.600   0.167560       0.834123E-02   0.497806E-01  -0.983569E-01   0   0.381146E-01
   35.700   0.167560       0.825960E-02   0.492934E-01  -0.983244E-01   0   0.377664E-01
   35.800   0.167560       0.817880E-02   0.488112E-01  -0.982921E-01   0   0.374214E-01
   35.900   0.167560       0.809882E-02   0.483339E-01  -0.982600E-01   0   0.370795E-01
   36.000   0.167560       0.801964E-02   0.478613E-01  -0.982282E-01   0   0.367408E-01
   36.100   0.167560       0.794126E-02   0.473936E-01  -0.981967E-01   0   0.364052E-01
   36.200   0.167560       0.786368E-02   0.469305E-01  -0.981653E-01   0   0.360726E-01
   36.300   0.167560       0.778687E-02   0.464722E-01  -0.981342E-01   0   0.357430E-01
   36.400   0.167560       0.771084E-02   0.460184E-01  -0.981033E-01   0   0.354165E-01
   36.500   0.167560       0.763558E-02   0.455693E-01  -0.980727E-01   0   0.350930E-01
   36.600   0.167560       0.756107E-02   0.451246E-01  -0.980422E-01   0   0.347724E-01
   36.700   0.167560       0.748732E-02   0.446844E-01  -0.980120E-01   0   0.344547E-01
   36.800   0.167560       0.741430E-02   0.442487E-01  -0.979820E-01   0   0.341400E-01
   36.900   0.167560       0.734202E-02   0.438173E-01  -0.979523E-01   0   0.338281E-01
   37.000   0.167560       0.727046E-02   0.433902E-01  -0.979227E-01   0   0.335190E-01
   37.100   0.167560       0.719963E-02   0.429675E-01  -0.978933E-01   0   0.332128E-01
   37.200   0.167560       0.712950E-02   0.425490E-01  -0.978642E-01   0   0.329094E-01
   37.300   0.167560       0.706008E-02   0.421347E-01  -0.978353E-01   0   0.326088E-01
   37.400   0.167560       0.699136E-02   0.417245E-01  -0.978066E-01   0   0.323109E-01
   37.500   0.167560       0.692332E-02   0.413185E-01  -0.977780E-01   0   0.320157E-01
   37.600   0.167560       0.685596E-02   0.409165E-01  -0.977497E-01   0   0.317232E-01
   37.700   0.167560       0.678928E-02   0.405185E-01  -0.977216E-01   0   0.314334E-01
   37.800   0.167560       0.672327E-02   0.401246E-01  -0.976937E-01   0   0.311463E-01
   37.900   0.167560       0.665792E-02   0.397345E-01  -0.976660E-01   0   0.308617E-01
   38.000   0.167560       0.659322E-02   0.393484E-01  -0.976384E-01   0   0.305798E-01
   38.100   0.167560       0.652916E-02   0.389661E-01  -0.976111E-01   0   0.303004E-01
   38.200   0.167560       0.646575E-02   0.385877E-01  -0.975840E-01   0   0.300236E-01
   38.300   0.167560       0.640297E-02   0.382130E-01  -0.975570E-01   0   0.297494E-01
   38.400   0.167560       0.634082E-02   0.378421E-01  -0.975303E-01   0   0.294776E-01
   38.500   0.167560       0.627928E-02   0.374749E-01  -0.975037E-01   0   0.292083E-01
   38.600   0.167560       0.621836E-02   0.371113E-01  -0.974773E-01   0   0.289415E-01
   38.700   0.167560       0.615805E-02   0.367513E-01  -0.974511E-01   0   0.286771E-01
   38.800   0.167560       0.609834E-02   0.363950E-01  -0.974251E-01   0   0.284151E-01
   38.900   0.167560       0.603922E-02   0.360422E-01  -0.973992E-01   0   0.281555E-01
   39.000   0.167560       0.598070E-02   0.356929E-01  -0.973736E-01   0   0.278983E-01
   39.100   0.167560       0.592275E-02   0.353471E-01  -0.973481E-01   0   0.276434E-01
   39.200   0.167560       0.586538E-02   0.350047E-01  -0.973228E-01   0   0.273909E-01
   39.300   0.167560       0.580858E-02   0.346657E-01  -0.972976E-01   0   0.271407E-01
   39.400   0.167560       0.575235E-02   0.343301E-01  -0.972726E-01   0   0.268927E-01
   39.500   0.167560       0.569667E-02   0.339978E-01  -0.972478E-01   0   0.266471E-01
   39.600   0.167560       0.564155E-02   0.336688E-01  -0.972232E-01   0   0.264036E-01
   39.700   0.167560       0.558697E-02   0.333431E-01  -0.971987E-01   0   0.261624E-01
   39.800   0.167560       0.553293E-02   0.330206E-01  -0.971744E-01   0   0.259234E-01
   39.900   0.167560       0.547944E-02   0.327014E-01  -0.971503E-01   0   0.256866E-01
   40.000   0.167560       0.542647E-02   0.323852E-01  -0.971263E-01   0   0.254519E-01
   40.100   0.167560       0.537402E-02   0.320723E-01  -0.971025E-01   0   0.252194E-01
   40.200   0.167560       0.532210E-02   0.317624E-01  -0.970788E-01   0   0.249890E-01
   40.300   0.167560       0.527069E-02   0.314556E-01  -0.970553E-01   0   0.247607E-01
   40.400   0.167560       0.521979E-02   0.311518E-01  -0.970320E-01   0   0.245345E-01
   40.500   0.167560       0.516939E-02   0.308510E-01  -0.970088E-01   0   0.243104E-01
   40.600   0.167560       0.511949E-02   0.305532E-01  -0.969858E-01   0   0.240883E-01
   40.700   0.167560       0.507008E-02   0.302583E-01  -0.969629E-01   0   0.238683E-01
   40.800   0.167560       0.502117E-02   0.299664E-01  -0.969402E-01   0   0.236502E-01
   40.900   0.167560       0.497273E-02   0.296773E-01  -0.969176E-01   0   0.234342E-01
   41.000   0.167560       0.492478E-02   0.293911E-01  -0.968952E-01   0   0.232201E-01
   41.100   0.167560       0.487729E-02   0.291078E-01  -0.968729E-01   0   0.230080E-01
   41.200   0.167560       0.483028E-02   0.288272E-01  -0.968507E-01   0   0.227978E-01
   41.300   0.167560       0.478373E-02   0.285494E-01  -0.968287E-01   0   0.225895E-01
   41.400   0.167560       0.473764E-02   0.282743E-01  -0.968069E-01   0   0.223831E-01
   41.500   0.167560       0.469200E-02   0.280019E-01  -0.967852E-01   0   0.221787E-01
   41.600   0.167560       0.464681E-02   0.277322E-01  -0.967636E-01   0   0.219760E-01
   41.700   0.167560       0.460207E-02   0.274652E-01  -0.967422E-01   0   0.217753E-01
   41.800   0.167560       0.455777E-02   0.272008E-01  -0.967209E-01   0   0.215764E-01
   41.900   0.167560       0.451390E-02   0.269390E-01  -0.966997E-01   0   0.213792E-01
   42.000   0.167560       0.447047E-02   0.266798E-01  -0.966787E-01   0   0.211839E-01
   42.100   0.167560       0.442746E-02   0.264232E-01  -0.966578E-01   0   0.209904E-01
   42.200   0.167560       0.438488E-02   0.261690E-01  -0.966371E-01   0   0.207987E-01
   42.300   0.167560       0.434271E-02   0.259174E-01  -0.966165E-01   0   0.206087E-01
   42.400   0.167560       0.430096E-02   0.256682E-01  -0.965960E-01   0   0.204204E-01
   42.500   0.167560       0.425962E-02   0.254215E-01  -0.965756E-01   0   0.202338E-01
   42.600   0.167560       0.421868E-02   0.251772E-01  -0.965554E-01   0   0.200490E-01
   42.700   0.167560       0.417815E-02   0.249353E-01  -0.965353E-01   0   0.198658E-01
   42.800   0.167560       0.413801E-02   0.246957E-01  -0.965153E-01   0   0.196844E-01
   42.900   0.167560       0.409827E-02   0.244586E-01  -0.964955E-01   0   0.195045E-01
   43.000   0.167560       0.405892E-02   0.242237E-01  -0.964758E-01   0   0.193263E-01
   43.100   0.167560       0.401995E-02   0.239911E-01  -0.964562E-01   0   0.191498E-01
   43.200   0.167560       0.398137E-02   0.237609E-01  -0.964367E-01   0   0.189749E-01
   43.300   0.167560       0.394316E-02   0.235329E-01  -0.964173E-01   0   0.188015E-01
   43.400   0.167560       0.390533E-02   0.233071E-01  -0.963981E-01   0   0.186297E-01
   43.500   0.167560       0.386787E-02   0.230835E-01  -0.963790E-01   0   0.184596E-01
   43.600   0.167560       0.383077E-02   0.228621E-01  -0.963600E-01   0   0.182909E-01
   43.700   0.167560       0.379404E-02   0.226429E-01  -0.963411E-01   0   0.181238E-01
   43.800   0.167560       0.375767E-02   0.224258E-01  -0.963224E-01   0   0.179583E-01
   43.900   0.167560       0.372165E-02   0.222109E-01  -0.963037E-01   0   0.177942E-01
   44.000   0.167560       0.368598E-02   0.219980E-01  -0.962852E-01   0   0.176316E-01
   44.100   0.167560       0.365067E-02   0.217872E-01  -0.962668E-01   0   0.174706E-01
   44.200   0.167560       0.361570E-02   0.215785E-01  -0.962485E-01   0   0.173110E-01
   44.300   0.167560       0.358106E-02   0.213718E-01  -0.962303E-01   0   0.171528E-01
   44.400   0.167560       0.354677E-02   0.211672E-01  -0.962122E-01   0   0.169961E-01
   44.500   0.167560       0.351282E-02   0.209645E-01  -0.961943E-01   0   0.168409E-01
   44.600   0.167560       0.347919E-02   0.207639E-01  -0.961764E-01   0   0.166870E-01
   44.700   0.167560       0.344589E-02   0.205651E-01  -0.961587E-01   0   0.165346E-01
   44.800   0.167560       0.341292E-02   0.203683E-01  -0.961410E-01   0   0.163835E-01
   44.900   0.167560       0.338027E-02   0.201735E-01  -0.961235E-01   0   0.162338E-01
   45.000   0.167560       0.334793E-02   0.199805E-01  -0.961061E-01   0   0.160855E-01
   45.100   0.167560       0.331591E-02   0.197894E-01  -0.960887E-01   0   0.159386E-01
   45.200   0.167560       0.328421E-02   0.196002E-01  -0.960715E-01   0   0.157930E-01
   45.300   0.167560       0.325281E-02   0.194128E-01  -0.960544E-01   0   0.156487E-01
   45.400   0.167560       0.322172E-02   0.192272E-01  -0.960374E-01   0   0.155058E-01
   45.500   0.167560       0.319093E-02   0.190435E-01  -0.960205E-01   0   0.153641E-01
   45.600   0.167560       0.316044E-02   0.188615E-01  -0.960037E-01   0   0.152237E-01
   45.700   0.167560       0.313024E-02   0.186813E-01  -0.959869E-01   0   0.150847E-01
   45.800   0.167560       0.310034E-02   0.185029E-01  -0.959703E-01   0   0.149469E-01
   45.900   0.167560       0.307073E-02   0.183262E-01  -0.959538E-01   0   0.148103E-01
   46.000   0.167560       0.304141E-02   0.181512E-01  -0.959374E-01   0   0.146750E-01
   46.100   0.167560       0.301238E-02   0.179779E-01  -0.959211E-01   0   0.145410E-01
   46.200   0.167560       0.298362E-02   0.178063E-01  -0.959049E-01   0   0.144081E-01
   46.300   0.167560       0.295515E-02   0.176364E-01  -0.958887E-01   0   0.142765E-01
   46.400   0.167560       0.292695E-02   0.174681E-01  -0.958727E-01   0   0.141461E-01
   46.500   0.167560       0.289902E-02   0.173014E-01  -0.958568E-01   0   0.140168E-01
   46.600   0.167560       0.287137E-02   0.171364E-01  -0.958409E-01   0   0.138888E-01
   46.700   0.167560       0.284398E-02   0.169729E-01  -0.958252E-01   0   0.137619E-01
   46.800   0.167560       0.281686E-02   0.168111E-01  -0.958095E-01   0   0.136362E-01
   46.900   0.167560       0.279000E-02   0.166508E-01  -0.957939E-01   0   0.135116E-01
   47.000   0.167560       0.276341E-02   0.164921E-01  -0.957784E-01   0   0.133882E-01
   47.100   0.167560       0.273707E-02   0.163349E-01  -0.957630E-01   0   0.132659E-01
   47.200   0.167560       0.271099E-02   0.161792E-01  -0.957477E-01   0   0.131447E-01
   47.300   0.167560       0.268515E-02   0.160250E-01  -0.957325E-01   0   0.130246E-01
   47.400   0.167560       0.265957E-02   0.158724E-01  -0.957174E-01   0   0.129056E-01
   47.500   0.167560       0.263424E-02   0.157212E-01  -0.957024E-01   0   0.127877E-01
   47.600   0.167560       0.260915E-02   0.155715E-01  -0.956874E-01   0   0.126709E-01
   47.700   0.167560       0.258431E-02   0.154232E-01  -0.956725E-01   0   0.125552E-01
   47.800   0.167560       0.255970E-02   0.152763E-01  -0.956578E-01   0   0.124405E-01
   47.900   0.167560       0.253533E-02   0.151309E-01  -0.956431E-01   0   0.123268E-01
   48.000   0.167560       0.251120E-02   0.149869E-01  -0.956284E-01   0   0.122142E-01
   48.100   0.167560       0.248731E-02   0.148443E-01  -0.956139E-01   0   0.121026E-01
   48.200   0.167560       0.246364E-02   0.147030E-01  -0.955995E-01   0   0.119921E-01
   48.300   0.167560       0.244020E-02   0.145631E-01  -0.955851E-01   0   0.118825E-01
   48.400   0.167560       0.241699E-02   0.144246E-01  -0.955708E-01   0   0.117739E-01
   48.500   0.167560       0.239400E-02   0.142874E-01  -0.955566E-01   0   0.116664E-01
   48.600   0.167560       0.237123E-02   0.141516E-01  -0.955425E-01   0   0.115598E-01
   48.700   0.167560       0.234869E-02   0.140170E-01  -0.955284E-01   0   0.114542E-01
   48.800   0.167560       0.232636E-02   0.138838E-01  -0.955144E-01   0   0.113496E-01
   48.900   0.167560       0.230425E-02   0.137518E-01  -0.955006E-01   0   0.112459E-01
   49.000   0.167560       0.228235E-02   0.136211E-01  -0.954867E-01   0   0.111431E-01
   49.100   0.167560       0.226066E-02   0.134917E-01  -0.954730E-01   0   0.110413E-01
   49.200   0.167560       0.223918E-02   0.133635E-01  -0.954593E-01   0   0.109405E-01
   49.300   0.167560       0.221791E-02   0.132365E-01  -0.954458E-01   0   0.108405E-01
   49.400   0.167560       0.219684E-02   0.131108E-01  -0.954323E-01   0   0.107415E-01
   49.500   0.167560       0.217598E-02   0.129863E-01  -0.954188E-01   0   0.106434E-01
   49.600   0.167560       0.215532E-02   0.128630E-01  -0.954055E-01   0   0.105461E-01
   49.700   0.167560       0.213485E-02   0.127408E-01  -0.953922E-01   0   0.104498E-01
   49.800   0.167560       0.211459E-02   0.126199E-01  -0.953790E-01   0   0.103543E-01
   49.900   0.167560       0.209451E-02   0.125001E-01  -0.953658E-01   0   0.102597E-01
   50.000   0.167560       0.207464E-02   0.123815E-01  -0.953527E-01   0   0.101660E-01
   50.100   0.167560       0.205495E-02   0.122640E-01  -0.953397E-01   0   0.100731E-01
   50.200   0.167560       0.203545E-02   0.121476E-01  -0.953268E-01   0   0.998112E-02
   50.300   0.167560       0.201614E-02   0.120324E-01  -0.953140E-01   0   0.988994E-02
   50.400   0.167560       0.199702E-02   0.119182E-01  -0.953012E-01   0   0.979959E-02
   50.500   0.167560       0.197808E-02   0.118052E-01  -0.952885E-01   0   0.971007E-02
   50.600   0.167560       0.195932E-02   0.116933E-01  -0.952758E-01   0   0.962136E-02
   50.700   0.167560       0.194074E-02   0.115824E-01  -0.952632E-01   0   0.953347E-02
   50.800   0.167560       0.192234E-02   0.114726E-01  -0.952507E-01   0   0.944638E-02
   50.900   0.167560       0.190412E-02   0.113638E-01  -0.952383E-01   0   0.936008E-02
   51.000   0.167560       0.188607E-02   0.112561E-01  -0.952259E-01   0   0.927457E-02
   51.100   0.167560       0.186820E-02   0.111494E-01  -0.952136E-01   0   0.918985E-02
   51.200   0.167560       0.185050E-02   0.110438E-01  -0.952013E-01   0   0.910589E-02
   51.300   0.167560       0.183297E-02   0.109392E-01  -0.951892E-01   0   0.902271E-02
   51.400   0.167560       0.181560E-02   0.108355E-01  -0.951770E-01   0   0.894028E-02
   51.500   0.167560       0.179840E-02   0.107329E-01  -0.951650E-01   0   0.885861E-02
   51.600   0.167560       0.178137E-02   0.106313E-01  -0.951530E-01   0   0.877768E-02
   51.700   0.167560       0.176450E-02   0.105306E-01  -0.951411E-01   0   0.869749E-02
   51.800   0.167560       0.174780E-02   0.104309E-01  -0.951292E-01   0   0.861804E-02
   51.900   0.167560       0.173125E-02   0.103321E-01  -0.951174E-01   0   0.853931E-02
   52.000   0.167560       0.171486E-02   0.102343E-01  -0.951057E-01   0   0.846130E-02
   52.100   0.167560       0.169863E-02   0.101374E-01  -0.950940E-01   0   0.838400E-02
   52.200   0.167560       0.168255E-02   0.100415E-01  -0.950824E-01   0   0.830741E-02
   52.300   0.167560       0.166663E-02   0.994649E-02  -0.950708E-01   0   0.823152E-02
   52.400   0.167560       0.165086E-02   0.985238E-02  -0.950594E-01   0   0.815632E-02
   52.500   0.167560       0.163525E-02   0.975918E-02  -0.950479E-01   0   0.808181E-02
   52.600   0.167560       0.161978E-02   0.966686E-02  -0.950366E-01   0   0.800798E-02
   52.700   0.167560       0.160446E-02   0.957543E-02  -0.950252E-01   0   0.793482E-02
   52.800   0.167560       0.158929E-02   0.948488E-02  -0.950140E-01   0   0.786233E-02
   52.900   0.167560       0.157426E-02   0.939519E-02  -0.950028E-01   0   0.779051E-02
   53.000   0.167560       0.155937E-02   0.930636E-02  -0.949917E-01   0   0.771934E-02
   53.100   0.167560       0.154463E-02   0.921838E-02  -0.949806E-01   0   0.764882E-02
   53.200   0.167560       0.153003E-02   0.913124E-02  -0.949696E-01   0   0.757894E-02
   53.300   0.167560       0.151557E-02   0.904494E-02  -0.949586E-01   0   0.750970E-02
   53.400   0.167560       0.150125E-02   0.895946E-02  -0.949477E-01   0   0.744110E-02
   53.500   0.167560       0.148706E-02   0.887480E-02  -0.949368E-01   0   0.737312E-02
   53.600   0.167560       0.147301E-02   0.879095E-02  -0.949261E-01   0   0.730577E-02
   53.700   0.167560       0.145910E-02   0.870790E-02  -0.949153E-01   0   0.723902E-02
   53.800   0.167560       0.144531E-02   0.862565E-02  -0.949046E-01   0   0.717289E-02
   53.900   0.167560       0.143166E-02   0.854418E-02  -0.948940E-01   0   0.710737E-02
   54.000   0.167560       0.141814E-02   0.846349E-02  -0.948834E-01   0   0.704244E-02
   54.100   0.167560       0.140475E-02   0.838356E-02  -0.948729E-01   0   0.697810E-02
   54.200   0.167560       0.139149E-02   0.830441E-02  -0.948624E-01   0   0.691435E-02
   54.300   0.167560       0.137835E-02   0.822601E-02  -0.948520E-01   0   0.685119E-02
   54.400   0.167560       0.136534E-02   0.814836E-02  -0.948416E-01   0   0.678860E-02
   54.500   0.167560       0.135245E-02   0.807144E-02  -0.948313E-01   0   0.672658E-02
   54.600   0.167560       0.133969E-02   0.799527E-02  -0.948211E-01   0   0.666513E-02
   54.700   0.167560       0.132704E-02   0.791982E-02  -0.948109E-01   0   0.660424E-02
   54.800   0.167560       0.131452E-02   0.784509E-02  -0.948007E-01   0   0.654391E-02
   54.900   0.167560       0.130212E-02   0.777107E-02  -0.947906E-01   0   0.648413E-02
   55.000   0.167560       0.128984E-02   0.769776E-02  -0.947806E-01   0   0.642489E-02
   55.100   0.167560       0.127767E-02   0.762515E-02  -0.947706E-01   0   0.636620E-02
   55.200   0.167560       0.126562E-02   0.755323E-02  -0.947606E-01   0   0.630804E-02
   55.300   0.167560       0.125368E-02   0.748200E-02  -0.947507E-01   0   0.625042E-02
   55.400   0.167560       0.124186E-02   0.741144E-02  -0.947408E-01   0   0.619331E-02
   55.500   0.167560       0.123015E-02   0.734156E-02  -0.947310E-01   0   0.613674E-02
   55.600   0.167560       0.121855E-02   0.727235E-02  -0.947213E-01   0   0.608067E-02
   55.700   0.167560       0.120707E-02   0.720379E-02  -0.947116E-01   0   0.602513E-02
   55.800   0.167560       0.119569E-02   0.713589E-02  -0.947019E-01   0   0.597008E-02
   55.900   0.167560       0.118442E-02   0.706863E-02  -0.946923E-01   0   0.591554E-02
   56.000   0.167560       0.117326E-02   0.700202E-02  -0.946827E-01   0   0.586150E-02
   56.100   0.167560       0.116220E-02   0.693604E-02  -0.946732E-01   0   0.580796E-02
   56.200   0.167560       0.115125E-02   0.687068E-02  -0.946637E-01   0   0.575490E-02
   56.300   0.167560       0.114040E-02   0.680595E-02  -0.946543E-01   0   0.570232E-02
   56.400   0.167560       0.112966E-02   0.674184E-02  -0.946449E-01   0   0.565023E-02
   56.500   0.167560       0.111902E-02   0.667834E-02  -0.946356E-01   0   0.559861E-02
   56.600   0.167560       0.110848E-02   0.661544E-02  -0.946263E-01   0   0.554747E-02
   56.700   0.167560       0.109804E-02   0.655313E-02  -0.946171E-01   0   0.549679E-02
   56.800   0.167560       0.108770E-02   0.649143E-02  -0.946079E-01   0   0.544657E-02
   56.900   0.167560       0.107746E-02   0.643030E-02  -0.945987E-01   0   0.539682E-02
   57.000   0.167560       0.106732E-02   0.636976E-02  -0.945896E-01   0   0.534751E-02
   57.100   0.167560       0.105727E-02   0.630980E-02  -0.945806E-01   0   0.529866E-02
   57.200   0.167560       0.104732E-02   0.625041E-02  -0.945715E-01   0   0.525026E-02
   57.300   0.167560       0.103746E-02   0.619158E-02  -0.945626E-01   0   0.520229E-02
   57.400   0.167560       0.102770E-02   0.613331E-02  -0.945536E-01   0   0.515477E-02
   57.500   0.167560       0.101803E-02   0.607559E-02  -0.945447E-01   0   0.510768E-02
   57.600   0.167560       0.100845E-02   0.601842E-02  -0.945359E-01   0   0.506102E-02
   57.700   0.167560       0.998958E-03   0.596180E-02  -0.945271E-01   0   0.501478E-02
   57.800   0.167560       0.989560E-03   0.590571E-02  -0.945183E-01   0   0.496897E-02
   57.900   0.167560       0.980251E-03   0.585015E-02  -0.945096E-01   0   0.492358E-02
   58.000   0.167560       0.971031E-03   0.579513E-02  -0.945009E-01   0   0.487860E-02
   58.100   0.167560       0.961898E-03   0.574062E-02  -0.944923E-01   0   0.483403E-02
   58.200   0.167560       0.952852E-03   0.568664E-02  -0.944837E-01   0   0.478987E-02
   58.300   0.167560       0.943892E-03   0.563316E-02  -0.944751E-01   0   0.474611E-02
   58.400   0.167560       0.935017E-03   0.558020E-02  -0.944666E-01   0   0.470275E-02
   58.500   0.167560       0.926226E-03   0.552773E-02  -0.944581E-01   0   0.465979E-02
   58.600   0.167560       0.917519E-03   0.547577E-02  -0.944497E-01   0   0.461722E-02
   58.700   0.167560       0.908894E-03   0.542429E-02  -0.944413E-01   0   0.457504E-02
   58.800   0.167560       0.900351E-03   0.537331E-02  -0.944329E-01   0   0.453325E-02
   58.900   0.167560       0.891889E-03   0.532281E-02  -0.944246E-01   0   0.449183E-02
   59.000   0.167560       0.883508E-03   0.527279E-02  -0.944163E-01   0   0.445080E-02
   59.100   0.167560       0.875206E-03   0.522324E-02  -0.944081E-01   0   0.441014E-02
   59.200   0.167560       0.866982E-03   0.517416E-02  -0.943999E-01   0   0.436985E-02
   59.300   0.167560       0.858837E-03   0.512555E-02  -0.943917E-01   0   0.432993E-02
   59.400   0.167560       0.850769E-03   0.507740E-02  -0.943836E-01   0   0.429037E-02
   59.500   0.167560       0.842777E-03   0.502971E-02  -0.943755E-01   0   0.425118E-02
   59.600   0.167560       0.834861E-03   0.498246E-02  -0.943675E-01   0   0.421234E-02
   59.700   0.167560       0.827020E-03   0.493567E-02  -0.943595E-01   0   0.417386E-02
   59.800   0.167560       0.819253E-03   0.488932E-02  -0.943515E-01   0   0.413573E-02
   59.900   0.167560       0.811560E-03   0.484340E-02  -0.943436E-01   0   0.409795E-02
 &
# For Channel #  6: l = 1, j =  1.5, c#  1;  k,eta =   0.06489   0.00000
    0.900   0.785095E-02   0.134203        17.0938       -1.11469       0   0.943268    
    1.000   0.104642E-01   0.160925        15.3786       -1.00395       0   0.937167    
    1.100   0.134928E-01   0.188560        13.9748      -0.913415       0   0.931105    
    1.200   0.169199E-01   0.216650        12.8045      -0.838022       0   0.925082    
    1.300   0.207171E-01   0.244746        11.8138      -0.774279       0   0.919098    
    1.400   0.248457E-01   0.272413        10.9642      -0.719690       0   0.913153    
    1.500   0.292584E-01   0.299241        10.2275      -0.672423       0   0.907246    
    1.600   0.339007E-01   0.324857        9.58262      -0.631104       0   0.901378    
    1.700   0.387129E-01   0.348930        9.01328      -0.594683       0   0.895548    
    1.800   0.436325E-01   0.371178        8.50691      -0.562343       0   0.889755    
    1.900   0.485966E-01   0.391376        8.05357      -0.533439       0   0.884000    
    2.000   0.535434E-01   0.409356        7.64532      -0.507455       0   0.878281    
    2.100   0.584149E-01   0.425010        7.27571      -0.483973       0   0.872600    
    2.200   0.631583E-01   0.438286        6.93948      -0.462653       0   0.866956    
    2.300   0.677275E-01   0.449188        6.63228      -0.443211       0   0.861348    
    2.400   0.720843E-01   0.457770        6.35048      -0.425412       0   0.855777    
    2.500   0.761984E-01   0.464127        6.09103      -0.409058       0   0.850241    
    2.600   0.800481E-01   0.468391        5.85137      -0.393984       0   0.844741    
    2.700   0.836197E-01   0.470719        5.62929      -0.380046       0   0.839277    
    2.800   0.869068E-01   0.471288        5.42291      -0.367121       0   0.833849    
    2.900   0.899099E-01   0.470284        5.23061      -0.355106       0   0.828455    
    3.000   0.926348E-01   0.467898        5.05099      -0.343908       0   0.823096    
    3.100   0.950919E-01   0.464316        4.88282      -0.333449       0   0.817772    
    3.200   0.972949E-01   0.459720        4.72502      -0.323659       0   0.812482    
    3.300   0.992599E-01   0.454279        4.57666      -0.314476       0   0.807227    
    3.400   0.101005       0.448148        4.43691      -0.305848       0   0.802005    
    3.500   0.102547       0.441468        4.30503      -0.297726       0   0.796818    
    3.600   0.103906       0.434364        4.18036      -0.290067       0   0.791664    
    3.700   0.105099       0.426946        4.06233      -0.282835       0   0.786543    
    3.800   0.106143       0.419309        3.95040      -0.275995       0   0.781455    
    3.900   0.107055       0.411534        3.84412      -0.269517       0   0.776400    
    4.000   0.107850       0.403688        3.74306      -0.263374       0   0.771378    
    4.100   0.108542       0.395834        3.64684      -0.257540       0   0.766389    
    4.200   0.109142       0.388012        3.55511      -0.251994       0   0.761431    
    4.300   0.109663       0.380263        3.46756      -0.246716       0   0.756506    
    4.400   0.110113       0.372615        3.38392      -0.241687       0   0.751613    
    4.500   0.110503       0.365093        3.30391      -0.236890       0   0.746751    
    4.600   0.110840       0.357715        3.22731      -0.232310       0   0.741921    
    4.700   0.111131       0.350495        3.15390      -0.227933       0   0.737122    
    4.800   0.111381       0.343441        3.08347      -0.223746       0   0.732354    
    4.900   0.111597       0.336562        3.01586      -0.219738       0   0.727617    
    5.000   0.111784       0.329860        2.95088      -0.215898       0   0.722910    
    5.100   0.111944       0.323337        2.88839      -0.212215       0   0.718234    
    5.200   0.112082       0.316994        2.82824      -0.208681       0   0.713588    
    5.300   0.112200       0.310830        2.77031      -0.205287       0   0.708972    
    5.400   0.112303       0.304841        2.71446      -0.202025       0   0.704387    
    5.500   0.112390       0.299025        2.66059      -0.198888       0   0.699830    
    5.600   0.112466       0.293378        2.60860      -0.195869       0   0.695303    
    5.700   0.112531       0.287895        2.55837      -0.192961       0   0.690806    
    5.800   0.112586       0.282573        2.50983      -0.190160       0   0.686338    
    5.900   0.112634       0.277406        2.46289      -0.187459       0   0.681898    
    6.000   0.112675       0.272389        2.41747      -0.184853       0   0.677487    
    6.100   0.112711       0.267518        2.37349      -0.182338       0   0.673105    
    6.200   0.112741       0.262787        2.33089      -0.179909       0   0.668751    
    6.300   0.112767       0.258192        2.28960      -0.177562       0   0.664425    
    6.400   0.112789       0.253727        2.24956      -0.175293       0   0.660128    
    6.500   0.112809       0.249388        2.21072      -0.173098       0   0.655858    
    6.600   0.112825       0.245170        2.17301      -0.170975       0   0.651615    
    6.700   0.112839       0.241069        2.13639      -0.168919       0   0.647400    
    6.800   0.112851       0.237081        2.10082      -0.166928       0   0.643213    
    6.900   0.112862       0.233200        2.06624      -0.164998       0   0.639052    
    7.000   0.112871       0.229424        2.03262      -0.163128       0   0.634919    
    7.100   0.112879       0.225747        1.99991      -0.161314       0   0.630812    
    7.200   0.112885       0.222168        1.96809      -0.159554       0   0.626731    
    7.300   0.112891       0.218681        1.93710      -0.157846       0   0.622677    
    7.400   0.112896       0.215283        1.90692      -0.156188       0   0.618650    
    7.500   0.112900       0.211972        1.87752      -0.154578       0   0.614648    
    7.600   0.112903       0.208743        1.84887      -0.153013       0   0.610672    
    7.700   0.112906       0.205595        1.82093      -0.151492       0   0.606722    
    7.800   0.112909       0.202524        1.79369      -0.150014       0   0.602798    
    7.900   0.112911       0.199527        1.76711      -0.148576       0   0.598898    
    8.000   0.112913       0.196601        1.74117      -0.147177       0   0.595025    
    8.100   0.112915       0.193745        1.71585      -0.145815       0   0.591176    
    8.200   0.112916       0.190955        1.69112      -0.144490       0   0.587352    
    8.300   0.112918       0.188230        1.66697      -0.143199       0   0.583552    
    8.400   0.112919       0.185568        1.64337      -0.141942       0   0.579778    
    8.500   0.112920       0.182965        1.62031      -0.140717       0   0.576028    
    8.600   0.112920       0.180420        1.59777      -0.139523       0   0.572302    
    8.700   0.112921       0.177932        1.57572      -0.138360       0   0.568600    
    8.800   0.112922       0.175498        1.55416      -0.137225       0   0.564922    
    8.900   0.112922       0.173117        1.53306      -0.136118       0   0.561268    
    9.000   0.112922       0.170786        1.51242      -0.135038       0   0.557637    
    9.100   0.112923       0.168505        1.49221      -0.133984       0   0.554030    
    9.200   0.112923       0.166271        1.47243      -0.132955       0   0.550446    
    9.300   0.112923       0.164084        1.45305      -0.131951       0   0.546886    
    9.400   0.112924       0.161941        1.43408      -0.130970       0   0.543348    
    9.500   0.112924       0.159842        1.41549      -0.130012       0   0.539834    
    9.600   0.112924       0.157785        1.39727      -0.129076       0   0.536342    
    9.700   0.112924       0.155769        1.37941      -0.128162       0   0.532873    
    9.800   0.112924       0.153792        1.36191      -0.127268       0   0.529426    
    9.900   0.112924       0.151854        1.34474      -0.126394       0   0.526001    
   10.000   0.112924       0.149953        1.32791      -0.125539       0   0.522599    
   10.100   0.112924       0.148089        1.31140      -0.124703       0   0.519219    
   10.200   0.112925       0.146260        1.29520      -0.123886       0   0.515860    
   10.300   0.112925       0.144465        1.27930      -0.123086       0   0.512523    
   10.400   0.112925       0.142703        1.26370      -0.122303       0   0.509208    
   10.500   0.112925       0.140974        1.24839      -0.121537       0   0.505914    
   10.600   0.112925       0.139276        1.23336      -0.120787       0   0.502642    
   10.700   0.112925       0.137609        1.21859      -0.120052       0   0.499391    
   10.800   0.112925       0.135972        1.20409      -0.119333       0   0.496160    
   10.900   0.112925       0.134364        1.18985      -0.118628       0   0.492951    
   11.000   0.112925       0.132784        1.17586      -0.117938       0   0.489762    
   11.100   0.112925       0.131232        1.16212      -0.117262       0   0.486594    
   11.200   0.112925       0.129706        1.14861      -0.116600       0   0.483447    
   11.300   0.112925       0.128207        1.13533      -0.115950       0   0.480320    
   11.400   0.112925       0.126733        1.12228      -0.115313       0   0.477213    
   11.500   0.112925       0.125284        1.10944      -0.114689       0   0.474126    
   11.600   0.112925       0.123859        1.09683      -0.114077       0   0.471059    
   11.700   0.112925       0.122458        1.08442      -0.113477       0   0.468012    
   11.800   0.112925       0.121080        1.07221      -0.112888       0   0.464985    
   11.900   0.112925       0.119724        1.06021      -0.112311       0   0.461977    
   12.000   0.112925       0.118390        1.04840      -0.111744       0   0.458989    
   12.100   0.112925       0.117078        1.03678      -0.111188       0   0.456020    
   12.200   0.112925       0.115786        1.02534      -0.110642       0   0.453070    
   12.300   0.112925       0.114516        1.01409      -0.110106       0   0.450140    
   12.400   0.112925       0.113265        1.00301      -0.109581       0   0.447228    
   12.500   0.112925       0.112033       0.992102      -0.109064       0   0.444335    
   12.600   0.112925       0.110821       0.981365      -0.108557       0   0.441461    
   12.700   0.112925       0.109627       0.970794      -0.108059       0   0.438606    
   12.800   0.112925       0.108451       0.960383      -0.107570       0   0.435768    
   12.900   0.112925       0.107293       0.950131      -0.107090       0   0.432950    
   13.000   0.112925       0.106153       0.940032      -0.106618       0   0.430149    
   13.100   0.112925       0.105030       0.930085      -0.106154       0   0.427367    
   13.200   0.112925       0.103923       0.920285      -0.105699       0   0.424602    
   13.300   0.112925       0.102833       0.910629      -0.105251       0   0.421856    
   13.400   0.112925       0.101758       0.901115      -0.104810       0   0.419127    
   13.500   0.112925       0.100700       0.891739      -0.104378       0   0.416416    
   13.600   0.112925       0.996561E-01   0.882498      -0.103952       0   0.413723    
   13.700   0.112925       0.986276E-01   0.873390      -0.103534       0   0.411046    
   13.800   0.112925       0.976137E-01   0.864412      -0.103123       0   0.408388    
   13.900   0.112925       0.966142E-01   0.855562      -0.102718       0   0.405746    
   14.000   0.112925       0.956288E-01   0.846835      -0.102320       0   0.403122    
   14.100   0.112925       0.946572E-01   0.838231      -0.101929       0   0.400514    
   14.200   0.112925       0.936991E-01   0.829746      -0.101544       0   0.397923    
   14.300   0.112925       0.927542E-01   0.821379      -0.101165       0   0.395349    
   14.400   0.112925       0.918223E-01   0.813127      -0.100792       0   0.392792    
   14.500   0.112925       0.909031E-01   0.804987      -0.100426       0   0.390251    
   14.600   0.112925       0.899964E-01   0.796958      -0.100065       0   0.387727    
   14.700   0.112925       0.891019E-01   0.789037      -0.997094E-01   0   0.385219    
   14.800   0.112925       0.882195E-01   0.781222      -0.993597E-01   0   0.382727    
   14.900   0.112925       0.873488E-01   0.773512      -0.990155E-01   0   0.380252    
   15.000   0.112925       0.864896E-01   0.765904      -0.986765E-01   0   0.377792    
   15.100   0.112925       0.856418E-01   0.758396      -0.983428E-01   0   0.375348    
   15.200   0.112925       0.848051E-01   0.750986      -0.980142E-01   0   0.372920    
   15.300   0.112925       0.839793E-01   0.743674      -0.976906E-01   0   0.370508    
   15.400   0.112925       0.831642E-01   0.736456      -0.973719E-01   0   0.368112    
   15.500   0.112925       0.823597E-01   0.729331      -0.970579E-01   0   0.365731    
   15.600   0.112925       0.815654E-01   0.722298      -0.967487E-01   0   0.363365    
   15.700   0.112925       0.807813E-01   0.715354      -0.964441E-01   0   0.361015    
   15.800   0.112925       0.800072E-01   0.708499      -0.961439E-01   0   0.358679    
   15.900   0.112925       0.792428E-01   0.701730      -0.958482E-01   0   0.356359    
   16.000   0.112925       0.784881E-01   0.695046      -0.955568E-01   0   0.354054    
   16.100   0.112925       0.777428E-01   0.688446      -0.952697E-01   0   0.351764    
   16.200   0.112925       0.770067E-01   0.681928      -0.949866E-01   0   0.349489    
   16.300   0.112925       0.762798E-01   0.675491      -0.947077E-01   0   0.347228    
   16.400   0.112925       0.755618E-01   0.669133      -0.944328E-01   0   0.344982    
   16.500   0.112925       0.748526E-01   0.662853      -0.941617E-01   0   0.342751    
   16.600   0.112925       0.741521E-01   0.656650      -0.938945E-01   0   0.340533    
   16.700   0.112925       0.734601E-01   0.650521      -0.936311E-01   0   0.338331    
   16.800   0.112925       0.727764E-01   0.644467      -0.933714E-01   0   0.336142    
   16.900   0.112925       0.721010E-01   0.638486      -0.931152E-01   0   0.333968    
   17.000   0.112925       0.714337E-01   0.632576      -0.928627E-01   0   0.331808    
   17.100   0.112925       0.707743E-01   0.626737      -0.926136E-01   0   0.329662    
   17.200   0.112925       0.701227E-01   0.620967      -0.923679E-01   0   0.327529    
   17.300   0.112925       0.694788E-01   0.615265      -0.921256E-01   0   0.325411    
   17.400   0.112925       0.688425E-01   0.609630      -0.918866E-01   0   0.323306    
   17.500   0.112925       0.682136E-01   0.604062      -0.916508E-01   0   0.321214    
   17.600   0.112925       0.675921E-01   0.598558      -0.914182E-01   0   0.319137    
   17.700   0.112925       0.669778E-01   0.593117      -0.911887E-01   0   0.317072    
   17.800   0.112925       0.663705E-01   0.587740      -0.909622E-01   0   0.315021    
   17.900   0.112925       0.657703E-01   0.582425      -0.907387E-01   0   0.312984    
   18.000   0.112925       0.651769E-01   0.577170      -0.905182E-01   0   0.310959    
   18.100   0.112925       0.645903E-01   0.571975      -0.903006E-01   0   0.308948    
   18.200   0.112925       0.640104E-01   0.566840      -0.900858E-01   0   0.306949    
   18.300   0.112925       0.634370E-01   0.561762      -0.898739E-01   0   0.304964    
   18.400   0.112925       0.628701E-01   0.556742      -0.896646E-01   0   0.302991    
   18.500   0.112925       0.623095E-01   0.551778      -0.894581E-01   0   0.301031    
   18.600   0.112925       0.617552E-01   0.546869      -0.892542E-01   0   0.299084    
   18.700   0.112925       0.612071E-01   0.542016      -0.890529E-01   0   0.297150    
   18.800   0.112925       0.606650E-01   0.537216      -0.888541E-01   0   0.295228    
   18.900   0.112925       0.601290E-01   0.532469      -0.886579E-01   0   0.293318    
   19.000   0.112925       0.595988E-01   0.527774      -0.884641E-01   0   0.291421    
   19.100   0.112925       0.590745E-01   0.523131      -0.882728E-01   0   0.289536    
   19.200   0.112925       0.585559E-01   0.518538      -0.880838E-01   0   0.287663    
   19.300   0.112925       0.580429E-01   0.513995      -0.878972E-01   0   0.285802    
   19.400   0.112925       0.575355E-01   0.509502      -0.877129E-01   0   0.283953    
   19.500   0.112925       0.570336E-01   0.505057      -0.875308E-01   0   0.282117    
   19.600   0.112925       0.565370E-01   0.500660      -0.873510E-01   0   0.280292    
   19.700   0.112925       0.560458E-01   0.496310      -0.871734E-01   0   0.278479    
   19.800   0.112925       0.555599E-01   0.492007      -0.869979E-01   0   0.276677    
   19.900   0.112925       0.550791E-01   0.487749      -0.868245E-01   0   0.274888    
   20.000   0.112925       0.546034E-01   0.483537      -0.866533E-01   0   0.273110    
   20.100   0.112925       0.541327E-01   0.479369      -0.864840E-01   0   0.271343    
   20.200   0.112925       0.536670E-01   0.475245      -0.863168E-01   0   0.269588    
   20.300   0.112925       0.532062E-01   0.471165      -0.861516E-01   0   0.267844    
   20.400   0.112925       0.527503E-01   0.467127      -0.859883E-01   0   0.266112    
   20.500   0.112925       0.522990E-01   0.463131      -0.858270E-01   0   0.264390    
   20.600   0.112925       0.518525E-01   0.459177      -0.856675E-01   0   0.262680    
   20.700   0.112925       0.514106E-01   0.455263      -0.855099E-01   0   0.260981    
   20.800   0.112925       0.509733E-01   0.451391      -0.853541E-01   0   0.259293    
   20.900   0.112925       0.505404E-01   0.447558      -0.852001E-01   0   0.257616    
   21.000   0.112925       0.501120E-01   0.443764      -0.850479E-01   0   0.255949    
   21.100   0.112925       0.496880E-01   0.440009      -0.848975E-01   0   0.254294    
   21.200   0.112925       0.492683E-01   0.436293      -0.847487E-01   0   0.252649    
   21.300   0.112925       0.488529E-01   0.432614      -0.846017E-01   0   0.251015    
   21.400   0.112925       0.484417E-01   0.428973      -0.844563E-01   0   0.249391    
   21.500   0.112925       0.480347E-01   0.425368      -0.843126E-01   0   0.247778    
   21.600   0.112925       0.476317E-01   0.421800      -0.841705E-01   0   0.246175    
   21.700   0.112925       0.472328E-01   0.418267      -0.840299E-01   0   0.244583    
   21.800   0.112925       0.468379E-01   0.414770      -0.838909E-01   0   0.243001    
   21.900   0.112925       0.464469E-01   0.411308      -0.837535E-01   0   0.241429    
   22.000   0.112925       0.460599E-01   0.407880      -0.836176E-01   0   0.239867    
   22.100   0.112925       0.456766E-01   0.404487      -0.834832E-01   0   0.238316    
   22.200   0.112925       0.452972E-01   0.401127      -0.833503E-01   0   0.236774    
   22.300   0.112925       0.449215E-01   0.397800      -0.832188E-01   0   0.235243    
   22.400   0.112925       0.445495E-01   0.394506      -0.830887E-01   0   0.233721    
   22.500   0.112925       0.441812E-01   0.391244      -0.829601E-01   0   0.232209    
   22.600   0.112925       0.438164E-01   0.388014      -0.828328E-01   0   0.230707    
   22.700   0.112925       0.434553E-01   0.384816      -0.827069E-01   0   0.229215    
   22.800   0.112925       0.430976E-01   0.381648      -0.825824E-01   0   0.227732    
   22.900   0.112925       0.427434E-01   0.378512      -0.824592E-01   0   0.226259    
   23.000   0.112925       0.423927E-01   0.375406      -0.823373E-01   0   0.224796    
   23.100   0.112925       0.420453E-01   0.372330      -0.822167E-01   0   0.223341    
   23.200   0.112925       0.417013E-01   0.369283      -0.820973E-01   0   0.221897    
   23.300   0.112925       0.413606E-01   0.366266      -0.819792E-01   0   0.220462    
   23.400   0.112925       0.410232E-01   0.363278      -0.818624E-01   0   0.219035    
   23.500   0.112925       0.406889E-01   0.360318      -0.817468E-01   0   0.217619    
   23.600   0.112925       0.403579E-01   0.357387      -0.816323E-01   0   0.216211    
   23.700   0.112925       0.400300E-01   0.354483      -0.815191E-01   0   0.214812    
   23.800   0.112925       0.397053E-01   0.351607      -0.814070E-01   0   0.213423    
   23.900   0.112925       0.393836E-01   0.348759      -0.812961E-01   0   0.212042    
   24.000   0.112925       0.390649E-01   0.345937      -0.811863E-01   0   0.210671    
   24.100   0.112925       0.387492E-01   0.343141      -0.810776E-01   0   0.209308    
   24.200   0.112925       0.384365E-01   0.340372      -0.809701E-01   0   0.207954    
   24.300   0.112925       0.381268E-01   0.337629      -0.808636E-01   0   0.206609    
   24.400   0.112925       0.378199E-01   0.334912      -0.807582E-01   0   0.205273    
   24.500   0.112925       0.375159E-01   0.332220      -0.806539E-01   0   0.203945    
   24.600   0.112925       0.372147E-01   0.329553      -0.805506E-01   0   0.202626    
   24.700   0.112925       0.369164E-01   0.326911      -0.804483E-01   0   0.201315    
   24.800   0.112925       0.366208E-01   0.324293      -0.803471E-01   0   0.200013    
   24.900   0.112925       0.363279E-01   0.321699      -0.802468E-01   0   0.198719    
   25.000   0.112925       0.360377E-01   0.319130      -0.801476E-01   0   0.197434    
   25.100   0.112925       0.357502E-01   0.316584      -0.800493E-01   0   0.196157    
   25.200   0.112925       0.354653E-01   0.314061      -0.799520E-01   0   0.194888    
   25.300   0.112925       0.351831E-01   0.311562      -0.798556E-01   0   0.193627    
   25.400   0.112925       0.349034E-01   0.309085      -0.797602E-01   0   0.192375    
   25.500   0.112925       0.346263E-01   0.306631      -0.796657E-01   0   0.191130    
   25.600   0.112925       0.343517E-01   0.304199      -0.795721E-01   0   0.189894    
   25.700   0.112925       0.340796E-01   0.301790      -0.794794E-01   0   0.188666    
   25.800   0.112925       0.338100E-01   0.299402      -0.793877E-01   0   0.187445    
   25.900   0.112925       0.335428E-01   0.297036      -0.792967E-01   0   0.186233    
   26.000   0.112925       0.332780E-01   0.294691      -0.792067E-01   0   0.185028    
   26.100   0.112925       0.330156E-01   0.292368      -0.791175E-01   0   0.183832    
   26.200   0.112925       0.327556E-01   0.290065      -0.790292E-01   0   0.182642    
   26.300   0.112925       0.324979E-01   0.287783      -0.789417E-01   0   0.181461    
   26.400   0.112925       0.322425E-01   0.285521      -0.788550E-01   0   0.180287    
   26.500   0.112925       0.319894E-01   0.283280      -0.787691E-01   0   0.179121    
   26.600   0.112925       0.317385E-01   0.281058      -0.786841E-01   0   0.177962    
   26.700   0.112925       0.314899E-01   0.278857      -0.785998E-01   0   0.176811    
   26.800   0.112925       0.312435E-01   0.276675      -0.785163E-01   0   0.175668    
   26.900   0.112925       0.309993E-01   0.274512      -0.784336E-01   0   0.174531    
   27.000   0.112925       0.307572E-01   0.272368      -0.783516E-01   0   0.173402    
   27.100   0.112925       0.305173E-01   0.270244      -0.782704E-01   0   0.172281    
   27.200   0.112925       0.302795E-01   0.268138      -0.781900E-01   0   0.171166    
   27.300   0.112925       0.300438E-01   0.266051      -0.781103E-01   0   0.170059    
   27.400   0.112925       0.298101E-01   0.263982      -0.780313E-01   0   0.168959    
   27.500   0.112925       0.295785E-01   0.261931      -0.779530E-01   0   0.167866    
   27.600   0.112925       0.293490E-01   0.259898      -0.778754E-01   0   0.166780    
   27.700   0.112925       0.291214E-01   0.257883      -0.777985E-01   0   0.165702    
   27.800   0.112925       0.288958E-01   0.255885      -0.777224E-01   0   0.164630    
   27.900   0.112925       0.286722E-01   0.253905      -0.776469E-01   0   0.163565    
   28.000   0.112925       0.284506E-01   0.251942      -0.775721E-01   0   0.162507    
   28.100   0.112925       0.282308E-01   0.249996      -0.774979E-01   0   0.161456    
   28.200   0.112925       0.280130E-01   0.248067      -0.774244E-01   0   0.160411    
   28.300   0.112925       0.277970E-01   0.246155      -0.773516E-01   0   0.159374    
   28.400   0.112925       0.275830E-01   0.244259      -0.772794E-01   0   0.158343    
   28.500   0.112925       0.273707E-01   0.242380      -0.772078E-01   0   0.157319    
   28.600   0.112925       0.271603E-01   0.240516      -0.771369E-01   0   0.156301    
   28.700   0.112925       0.269517E-01   0.238669      -0.770666E-01   0   0.155290    
   28.800   0.112925       0.267449E-01   0.236838      -0.769968E-01   0   0.154286    
   28.900   0.112925       0.265398E-01   0.235022      -0.769278E-01   0   0.153288    
   29.000   0.112925       0.263365E-01   0.233222      -0.768593E-01   0   0.152296    
   29.100   0.112925       0.261350E-01   0.231437      -0.767913E-01   0   0.151311    
   29.200   0.112925       0.259352E-01   0.229667      -0.767240E-01   0   0.150332    
   29.300   0.112925       0.257370E-01   0.227913      -0.766573E-01   0   0.149360    
   29.400   0.112925       0.255406E-01   0.226173      -0.765911E-01   0   0.148394    
   29.500   0.112925       0.253458E-01   0.224448      -0.765255E-01   0   0.147434    
   29.600   0.112925       0.251526E-01   0.222738      -0.764604E-01   0   0.146480    
   29.700   0.112925       0.249611E-01   0.221042      -0.763959E-01   0   0.145533    
   29.800   0.112925       0.247712E-01   0.219360      -0.763320E-01   0   0.144591    
   29.900   0.112925       0.245830E-01   0.217693      -0.762686E-01   0   0.143656    
   30.000   0.112925       0.243963E-01   0.216040      -0.762057E-01   0   0.142727    
   30.100   0.112925       0.242111E-01   0.214400      -0.761434E-01   0   0.141804    
   30.200   0.112925       0.240276E-01   0.212775      -0.760815E-01   0   0.140886    
   30.300   0.112925       0.238455E-01   0.211162      -0.760202E-01   0   0.139975    
   30.400   0.112925       0.236650E-01   0.209564      -0.759594E-01   0   0.139070    
   30.500   0.112925       0.234860E-01   0.207979      -0.758991E-01   0   0.138170    
   30.600   0.112925       0.233085E-01   0.206407      -0.758393E-01   0   0.137276    
   30.700   0.112925       0.231324E-01   0.204848      -0.757800E-01   0   0.136388    
   30.800   0.112925       0.229579E-01   0.203302      -0.757212E-01   0   0.135506    
   30.900   0.112925       0.227848E-01   0.201769      -0.756628E-01   0   0.134630    
   31.000   0.112925       0.226131E-01   0.200249      -0.756049E-01   0   0.133759    
   31.100   0.112925       0.224428E-01   0.198741      -0.755475E-01   0   0.132894    
   31.200   0.112925       0.222740E-01   0.197246      -0.754906E-01   0   0.132034    
   31.300   0.112925       0.221065E-01   0.195763      -0.754341E-01   0   0.131180    
   31.400   0.112925       0.219405E-01   0.194292      -0.753781E-01   0   0.130331    
   31.500   0.112925       0.217758E-01   0.192834      -0.753226E-01   0   0.129488    
   31.600   0.112925       0.216124E-01   0.191387      -0.752675E-01   0   0.128651    
   31.700   0.112925       0.214504E-01   0.189953      -0.752128E-01   0   0.127819    
   31.800   0.112925       0.212897E-01   0.188530      -0.751585E-01   0   0.126992    
   31.900   0.112925       0.211304E-01   0.187119      -0.751047E-01   0   0.126170    
   32.000   0.112925       0.209723E-01   0.185719      -0.750514E-01   0   0.125354    
   32.100   0.112925       0.208156E-01   0.184331      -0.749984E-01   0   0.124544    
   32.200   0.112925       0.206601E-01   0.182954      -0.749459E-01   0   0.123738    
   32.300   0.112925       0.205059E-01   0.181589      -0.748937E-01   0   0.122938    
   32.400   0.112925       0.203529E-01   0.180234      -0.748420E-01   0   0.122142    
   32.500   0.112925       0.202012E-01   0.178891      -0.747907E-01   0   0.121352    
   32.600   0.112925       0.200508E-01   0.177558      -0.747398E-01   0   0.120567    
   32.700   0.112925       0.199015E-01   0.176237      -0.746893E-01   0   0.119787    
   32.800   0.112925       0.197535E-01   0.174926      -0.746392E-01   0   0.119013    
   32.900   0.112925       0.196066E-01   0.173625      -0.745895E-01   0   0.118243    
   33.000   0.112925       0.194610E-01   0.172336      -0.745401E-01   0   0.117478    
   33.100   0.112925       0.193165E-01   0.171056      -0.744911E-01   0   0.116718    
   33.200   0.112925       0.191732E-01   0.169787      -0.744426E-01   0   0.115963    
   33.300   0.112925       0.190310E-01   0.168528      -0.743943E-01   0   0.115213    
   33.400   0.112925       0.188900E-01   0.167280      -0.743465E-01   0   0.114468    
   33.500   0.112925       0.187502E-01   0.166041      -0.742990E-01   0   0.113727    
   33.600   0.112925       0.186114E-01   0.164812      -0.742519E-01   0   0.112992    
   33.700   0.112925       0.184738E-01   0.163593      -0.742051E-01   0   0.112261    
   33.800   0.112925       0.183372E-01   0.162384      -0.741587E-01   0   0.111535    
   33.900   0.112925       0.182018E-01   0.161185      -0.741126E-01   0   0.110813    
   34.000   0.112925       0.180674E-01   0.159995      -0.740669E-01   0   0.110096    
   34.100   0.112925       0.179342E-01   0.158815      -0.740215E-01   0   0.109384    
   34.200   0.112925       0.178019E-01   0.157644      -0.739765E-01   0   0.108677    
   34.300   0.112925       0.176708E-01   0.156482      -0.739318E-01   0   0.107974    
   34.400   0.112925       0.175406E-01   0.155330      -0.738875E-01   0   0.107275    
   34.500   0.112925       0.174116E-01   0.154187      -0.738434E-01   0   0.106581    
   34.600   0.112925       0.172835E-01   0.153053      -0.737997E-01   0   0.105892    
   34.700   0.112925       0.171564E-01   0.151928      -0.737563E-01   0   0.105207    
   34.800   0.112925       0.170304E-01   0.150812      -0.737133E-01   0   0.104527    
   34.900   0.112925       0.169054E-01   0.149704      -0.736705E-01   0   0.103850    
   35.000   0.112925       0.167813E-01   0.148606      -0.736281E-01   0   0.103179    
   35.100   0.112925       0.166583E-01   0.147516      -0.735859E-01   0   0.102511    
   35.200   0.112925       0.165362E-01   0.146435      -0.735441E-01   0   0.101848    
   35.300   0.112925       0.164150E-01   0.145362      -0.735026E-01   0   0.101189    
   35.400   0.112925       0.162948E-01   0.144298      -0.734614E-01   0   0.100535    
   35.500   0.112925       0.161756E-01   0.143242      -0.734205E-01   0   0.998846E-01
   35.600   0.112925       0.160573E-01   0.142195      -0.733799E-01   0   0.992385E-01
   35.700   0.112925       0.159400E-01   0.141155      -0.733395E-01   0   0.985966E-01
   35.800   0.112925       0.158235E-01   0.140124      -0.732995E-01   0   0.979588E-01
   35.900   0.112925       0.157080E-01   0.139101      -0.732598E-01   0   0.973252E-01
   36.000   0.112925       0.155934E-01   0.138086      -0.732203E-01   0   0.966956E-01
   36.100   0.112925       0.154796E-01   0.137079      -0.731811E-01   0   0.960702E-01
   36.200   0.112925       0.153668E-01   0.136080      -0.731422E-01   0   0.954487E-01
   36.300   0.112925       0.152548E-01   0.135088      -0.731036E-01   0   0.948313E-01
   36.400   0.112925       0.151437E-01   0.134105      -0.730652E-01   0   0.942179E-01
   36.500   0.112925       0.150335E-01   0.133129      -0.730271E-01   0   0.936085E-01
   36.600   0.112925       0.149242E-01   0.132160      -0.729893E-01   0   0.930030E-01
   36.700   0.112925       0.148157E-01   0.131199      -0.729518E-01   0   0.924014E-01
   36.800   0.112925       0.147080E-01   0.130246      -0.729145E-01   0   0.918037E-01
   36.900   0.112925       0.146012E-01   0.129300      -0.728775E-01   0   0.912099E-01
   37.000   0.112925       0.144952E-01   0.128361      -0.728407E-01   0   0.906199E-01
   37.100   0.112925       0.143900E-01   0.127430      -0.728042E-01   0   0.900338E-01
   37.200   0.112925       0.142857E-01   0.126506      -0.727679E-01   0   0.894514E-01
   37.300   0.112925       0.141821E-01   0.125589      -0.727319E-01   0   0.888728E-01
   37.400   0.112925       0.140794E-01   0.124679      -0.726961E-01   0   0.882979E-01
   37.500   0.112925       0.139774E-01   0.123776      -0.726606E-01   0   0.877268E-01
   37.600   0.112925       0.138762E-01   0.122880      -0.726254E-01   0   0.871593E-01
   37.700   0.112925       0.137758E-01   0.121991      -0.725903E-01   0   0.865955E-01
   37.800   0.112925       0.136762E-01   0.121109      -0.725556E-01   0   0.860354E-01
   37.900   0.112925       0.135774E-01   0.120234      -0.725210E-01   0   0.854789E-01
   38.000   0.112925       0.134793E-01   0.119365      -0.724867E-01   0   0.849260E-01
   38.100   0.112925       0.133820E-01   0.118503      -0.724526E-01   0   0.843766E-01
   38.200   0.112925       0.132854E-01   0.117648      -0.724188E-01   0   0.838309E-01
   38.300   0.112925       0.131895E-01   0.116799      -0.723851E-01   0   0.832886E-01
   38.400   0.112925       0.130944E-01   0.115957      -0.723518E-01   0   0.827499E-01
   38.500   0.112925       0.130001E-01   0.115121      -0.723186E-01   0   0.822146E-01
   38.600   0.112925       0.129064E-01   0.114292      -0.722856E-01   0   0.816828E-01
   38.700   0.112925       0.128135E-01   0.113469      -0.722529E-01   0   0.811545E-01
   38.800   0.112925       0.127212E-01   0.112652      -0.722204E-01   0   0.806295E-01
   38.900   0.112925       0.126297E-01   0.111842      -0.721881E-01   0   0.801080E-01
   39.000   0.112925       0.125389E-01   0.111037      -0.721560E-01   0   0.795898E-01
   39.100   0.112925       0.124488E-01   0.110239      -0.721242E-01   0   0.790750E-01
   39.200   0.112925       0.123593E-01   0.109447      -0.720925E-01   0   0.785635E-01
   39.300   0.112925       0.122706E-01   0.108661      -0.720611E-01   0   0.780553E-01
   39.400   0.112925       0.121825E-01   0.107881      -0.720299E-01   0   0.775504E-01
   39.500   0.112925       0.120951E-01   0.107107      -0.719988E-01   0   0.770488E-01
   39.600   0.112925       0.120083E-01   0.106339      -0.719680E-01   0   0.765504E-01
   39.700   0.112925       0.119222E-01   0.105576      -0.719374E-01   0   0.760553E-01
   39.800   0.112925       0.118368E-01   0.104820      -0.719070E-01   0   0.755633E-01
   39.900   0.112925       0.117520E-01   0.104069      -0.718767E-01   0   0.750745E-01
   40.000   0.112925       0.116678E-01   0.103324      -0.718467E-01   0   0.745889E-01
   40.100   0.112925       0.115843E-01   0.102584      -0.718169E-01   0   0.741064E-01
   40.200   0.112925       0.115014E-01   0.101850      -0.717872E-01   0   0.736271E-01
   40.300   0.112925       0.114192E-01   0.101122      -0.717578E-01   0   0.731508E-01
   40.400   0.112925       0.113376E-01   0.100399      -0.717285E-01   0   0.726777E-01
   40.500   0.112925       0.112565E-01   0.996816E-01  -0.716995E-01   0   0.722076E-01
   40.600   0.112925       0.111761E-01   0.989696E-01  -0.716706E-01   0   0.717405E-01
   40.700   0.112925       0.110963E-01   0.982630E-01  -0.716419E-01   0   0.712765E-01
   40.800   0.112925       0.110171E-01   0.975616E-01  -0.716134E-01   0   0.708154E-01
   40.900   0.112925       0.109385E-01   0.968656E-01  -0.715850E-01   0   0.703573E-01
   41.000   0.112925       0.108605E-01   0.961748E-01  -0.715569E-01   0   0.699022E-01
   41.100   0.112925       0.107831E-01   0.954892E-01  -0.715289E-01   0   0.694501E-01
   41.200   0.112925       0.107063E-01   0.948087E-01  -0.715011E-01   0   0.690009E-01
   41.300   0.112925       0.106300E-01   0.941334E-01  -0.714735E-01   0   0.685545E-01
   41.400   0.112925       0.105543E-01   0.934631E-01  -0.714461E-01   0   0.681111E-01
   41.500   0.112925       0.104792E-01   0.927979E-01  -0.714188E-01   0   0.676705E-01
   41.600   0.112925       0.104046E-01   0.921376E-01  -0.713917E-01   0   0.672328E-01
   41.700   0.112925       0.103306E-01   0.914823E-01  -0.713647E-01   0   0.667979E-01
   41.800   0.112925       0.102572E-01   0.908319E-01  -0.713380E-01   0   0.663658E-01
   41.900   0.112925       0.101843E-01   0.901863E-01  -0.713114E-01   0   0.659366E-01
   42.000   0.112925       0.101119E-01   0.895456E-01  -0.712850E-01   0   0.655101E-01
   42.100   0.112925       0.100401E-01   0.889096E-01  -0.712587E-01   0   0.650863E-01
   42.200   0.112925       0.996884E-02   0.882785E-01  -0.712326E-01   0   0.646653E-01
   42.300   0.112925       0.989809E-02   0.876520E-01  -0.712066E-01   0   0.642470E-01
   42.400   0.112925       0.982788E-02   0.870302E-01  -0.711809E-01   0   0.638315E-01
   42.500   0.112925       0.975818E-02   0.864130E-01  -0.711552E-01   0   0.634186E-01
   42.600   0.112925       0.968901E-02   0.858004E-01  -0.711298E-01   0   0.630084E-01
   42.700   0.112925       0.962034E-02   0.851924E-01  -0.711045E-01   0   0.626008E-01
   42.800   0.112925       0.955219E-02   0.845889E-01  -0.710793E-01   0   0.621959E-01
   42.900   0.112925       0.948455E-02   0.839899E-01  -0.710543E-01   0   0.617936E-01
   43.000   0.112925       0.941741E-02   0.833953E-01  -0.710295E-01   0   0.613938E-01
   43.100   0.112925       0.935077E-02   0.828051E-01  -0.710048E-01   0   0.609967E-01
   43.200   0.112925       0.928462E-02   0.822194E-01  -0.709802E-01   0   0.606022E-01
   43.300   0.112925       0.921896E-02   0.816379E-01  -0.709558E-01   0   0.602102E-01
   43.400   0.112925       0.915379E-02   0.810608E-01  -0.709316E-01   0   0.598207E-01
   43.500   0.112925       0.908910E-02   0.804880E-01  -0.709075E-01   0   0.594338E-01
   43.600   0.112925       0.902489E-02   0.799194E-01  -0.708835E-01   0   0.590493E-01
   43.700   0.112925       0.896116E-02   0.793550E-01  -0.708597E-01   0   0.586674E-01
   43.800   0.112925       0.889789E-02   0.787947E-01  -0.708360E-01   0   0.582879E-01
   43.900   0.112925       0.883510E-02   0.782387E-01  -0.708125E-01   0   0.579109E-01
   44.000   0.112925       0.877276E-02   0.776867E-01  -0.707891E-01   0   0.575363E-01
   44.100   0.112925       0.871089E-02   0.771388E-01  -0.707658E-01   0   0.571641E-01
   44.200   0.112925       0.864948E-02   0.765949E-01  -0.707427E-01   0   0.567943E-01
   44.300   0.112925       0.858851E-02   0.760551E-01  -0.707198E-01   0   0.564270E-01
   44.400   0.112925       0.852800E-02   0.755192E-01  -0.706969E-01   0   0.560620E-01
   44.500   0.112925       0.846793E-02   0.749873E-01  -0.706742E-01   0   0.556994E-01
   44.600   0.112925       0.840831E-02   0.744592E-01  -0.706516E-01   0   0.553391E-01
   44.700   0.112925       0.834912E-02   0.739351E-01  -0.706292E-01   0   0.549811E-01
   44.800   0.112925       0.829037E-02   0.734148E-01  -0.706069E-01   0   0.546255E-01
   44.900   0.112925       0.823205E-02   0.728984E-01  -0.705847E-01   0   0.542721E-01
   45.000   0.112925       0.817415E-02   0.723857E-01  -0.705627E-01   0   0.539211E-01
   45.100   0.112925       0.811669E-02   0.718768E-01  -0.705408E-01   0   0.535723E-01
   45.200   0.112925       0.805964E-02   0.713717E-01  -0.705190E-01   0   0.532258E-01
   45.300   0.112925       0.800301E-02   0.708702E-01  -0.704973E-01   0   0.528815E-01
   45.400   0.112925       0.794680E-02   0.703724E-01  -0.704758E-01   0   0.525394E-01
   45.500   0.112925       0.789100E-02   0.698783E-01  -0.704544E-01   0   0.521996E-01
   45.600   0.112925       0.783561E-02   0.693878E-01  -0.704331E-01   0   0.518619E-01
   45.700   0.112925       0.778062E-02   0.689008E-01  -0.704119E-01   0   0.515265E-01
   45.800   0.112925       0.772604E-02   0.684175E-01  -0.703909E-01   0   0.511932E-01
   45.900   0.112925       0.767185E-02   0.679376E-01  -0.703700E-01   0   0.508620E-01
   46.000   0.112925       0.761806E-02   0.674613E-01  -0.703491E-01   0   0.505330E-01
   46.100   0.112925       0.756467E-02   0.669885E-01  -0.703285E-01   0   0.502062E-01
   46.200   0.112925       0.751166E-02   0.665191E-01  -0.703079E-01   0   0.498814E-01
   46.300   0.112925       0.745904E-02   0.660531E-01  -0.702875E-01   0   0.495588E-01
   46.400   0.112925       0.740680E-02   0.655905E-01  -0.702671E-01   0   0.492382E-01
   46.500   0.112925       0.735495E-02   0.651313E-01  -0.702469E-01   0   0.489197E-01
   46.600   0.112925       0.730347E-02   0.646754E-01  -0.702268E-01   0   0.486033E-01
   46.700   0.112925       0.725237E-02   0.642229E-01  -0.702068E-01   0   0.482889E-01
   46.800   0.112925       0.720164E-02   0.637737E-01  -0.701869E-01   0   0.479765E-01
   46.900   0.112925       0.715128E-02   0.633277E-01  -0.701672E-01   0   0.476662E-01
   47.000   0.112925       0.710128E-02   0.628849E-01  -0.701475E-01   0   0.473579E-01
   47.100   0.112925       0.705165E-02   0.624454E-01  -0.701280E-01   0   0.470516E-01
   47.200   0.112925       0.700237E-02   0.620091E-01  -0.701086E-01   0   0.467472E-01
   47.300   0.112925       0.695346E-02   0.615759E-01  -0.700892E-01   0   0.464448E-01
   47.400   0.112925       0.690490E-02   0.611459E-01  -0.700700E-01   0   0.461444E-01
   47.500   0.112925       0.685669E-02   0.607190E-01  -0.700509E-01   0   0.458459E-01
   47.600   0.112925       0.680884E-02   0.602952E-01  -0.700319E-01   0   0.455494E-01
   47.700   0.112925       0.676133E-02   0.598745E-01  -0.700130E-01   0   0.452547E-01
   47.800   0.112925       0.671416E-02   0.594568E-01  -0.699942E-01   0   0.449620E-01
   47.900   0.112925       0.666733E-02   0.590422E-01  -0.699756E-01   0   0.446712E-01
   48.000   0.112925       0.662085E-02   0.586305E-01  -0.699570E-01   0   0.443822E-01
   48.100   0.112925       0.657470E-02   0.582218E-01  -0.699385E-01   0   0.440952E-01
   48.200   0.112925       0.652888E-02   0.578161E-01  -0.699201E-01   0   0.438099E-01
   48.300   0.112925       0.648340E-02   0.574133E-01  -0.699018E-01   0   0.435265E-01
   48.400   0.112925       0.643824E-02   0.570135E-01  -0.698836E-01   0   0.432450E-01
   48.500   0.112925       0.639341E-02   0.566165E-01  -0.698656E-01   0   0.429653E-01
   48.600   0.112925       0.634891E-02   0.562223E-01  -0.698476E-01   0   0.426874E-01
   48.700   0.112925       0.630472E-02   0.558311E-01  -0.698297E-01   0   0.424112E-01
   48.800   0.112925       0.626085E-02   0.554426E-01  -0.698119E-01   0   0.421369E-01
   48.900   0.112925       0.621730E-02   0.550569E-01  -0.697942E-01   0   0.418643E-01
   49.000   0.112925       0.617407E-02   0.546741E-01  -0.697766E-01   0   0.415936E-01
   49.100   0.112925       0.613114E-02   0.542939E-01  -0.697591E-01   0   0.413245E-01
   49.200   0.112925       0.608852E-02   0.539166E-01  -0.697417E-01   0   0.410572E-01
   49.300   0.112925       0.604621E-02   0.535419E-01  -0.697244E-01   0   0.407916E-01
   49.400   0.112925       0.600421E-02   0.531699E-01  -0.697072E-01   0   0.405278E-01
   49.500   0.112925       0.596251E-02   0.528006E-01  -0.696901E-01   0   0.402656E-01
   49.600   0.112925       0.592110E-02   0.524340E-01  -0.696731E-01   0   0.400052E-01
   49.700   0.112925       0.588000E-02   0.520700E-01  -0.696561E-01   0   0.397464E-01
   49.800   0.112925       0.583919E-02   0.517086E-01  -0.696393E-01   0   0.394893E-01
   49.900   0.112925       0.579867E-02   0.513498E-01  -0.696225E-01   0   0.392339E-01
   50.000   0.112925       0.575844E-02   0.509935E-01  -0.696058E-01   0   0.389801E-01
   50.100   0.112925       0.571850E-02   0.506399E-01  -0.695893E-01   0   0.387280E-01
   50.200   0.112925       0.567885E-02   0.502887E-01  -0.695728E-01   0   0.384774E-01
   50.300   0.112925       0.563949E-02   0.499401E-01  -0.695564E-01   0   0.382286E-01
   50.400   0.112925       0.560040E-02   0.495940E-01  -0.695400E-01   0   0.379813E-01
   50.500   0.112925       0.556159E-02   0.492504E-01  -0.695238E-01   0   0.377356E-01
   50.600   0.112925       0.552307E-02   0.489092E-01  -0.695076E-01   0   0.374915E-01
   50.700   0.112925       0.548481E-02   0.485704E-01  -0.694916E-01   0   0.372490E-01
   50.800   0.112925       0.544684E-02   0.482341E-01  -0.694756E-01   0   0.370081E-01
   50.900   0.112925       0.540913E-02   0.479002E-01  -0.694597E-01   0   0.367687E-01
   51.000   0.112925       0.537169E-02   0.475687E-01  -0.694439E-01   0   0.365308E-01
   51.100   0.112925       0.533452E-02   0.472395E-01  -0.694282E-01   0   0.362945E-01
   51.200   0.112925       0.529762E-02   0.469127E-01  -0.694125E-01   0   0.360598E-01
   51.300   0.112925       0.526098E-02   0.465883E-01  -0.693969E-01   0   0.358265E-01
   51.400   0.112925       0.522460E-02   0.462661E-01  -0.693815E-01   0   0.355948E-01
   51.500   0.112925       0.518848E-02   0.459463E-01  -0.693661E-01   0   0.353646E-01
   51.600   0.112925       0.515262E-02   0.456287E-01  -0.693507E-01   0   0.351358E-01
   51.700   0.112925       0.511701E-02   0.453134E-01  -0.693355E-01   0   0.349085E-01
   51.800   0.112925       0.508166E-02   0.450003E-01  -0.693203E-01   0   0.346827E-01
   51.900   0.112925       0.504656E-02   0.446895E-01  -0.693052E-01   0   0.344584E-01
   52.000   0.112925       0.501171E-02   0.443809E-01  -0.692902E-01   0   0.342355E-01
   52.100   0.112925       0.497710E-02   0.440744E-01  -0.692753E-01   0   0.340140E-01
   52.200   0.112925       0.494275E-02   0.437702E-01  -0.692604E-01   0   0.337940E-01
   52.300   0.112925       0.490864E-02   0.434681E-01  -0.692456E-01   0   0.335754E-01
   52.400   0.112925       0.487477E-02   0.431682E-01  -0.692309E-01   0   0.333583E-01
   52.500   0.112925       0.484114E-02   0.428704E-01  -0.692163E-01   0   0.331425E-01
   52.600   0.112925       0.480775E-02   0.425747E-01  -0.692017E-01   0   0.329281E-01
   52.700   0.112925       0.477460E-02   0.422812E-01  -0.691872E-01   0   0.327151E-01
   52.800   0.112925       0.474168E-02   0.419897E-01  -0.691728E-01   0   0.325035E-01
   52.900   0.112925       0.470900E-02   0.417002E-01  -0.691585E-01   0   0.322933E-01
   53.000   0.112925       0.467655E-02   0.414129E-01  -0.691442E-01   0   0.320844E-01
   53.100   0.112925       0.464433E-02   0.411275E-01  -0.691300E-01   0   0.318768E-01
   53.200   0.112925       0.461233E-02   0.408442E-01  -0.691159E-01   0   0.316706E-01
   53.300   0.112925       0.458057E-02   0.405629E-01  -0.691018E-01   0   0.314658E-01
   53.400   0.112925       0.454903E-02   0.402836E-01  -0.690878E-01   0   0.312622E-01
   53.500   0.112925       0.451771E-02   0.400063E-01  -0.690739E-01   0   0.310600E-01
   53.600   0.112925       0.448662E-02   0.397310E-01  -0.690601E-01   0   0.308591E-01
   53.700   0.112925       0.445574E-02   0.394575E-01  -0.690463E-01   0   0.306595E-01
   53.800   0.112925       0.442509E-02   0.391861E-01  -0.690326E-01   0   0.304612E-01
   53.900   0.112925       0.439465E-02   0.389165E-01  -0.690190E-01   0   0.302642E-01
   54.000   0.112925       0.436442E-02   0.386489E-01  -0.690054E-01   0   0.300684E-01
   54.100   0.112925       0.433441E-02   0.383831E-01  -0.689919E-01   0   0.298739E-01
   54.200   0.112925       0.430461E-02   0.381192E-01  -0.689785E-01   0   0.296807E-01
   54.300   0.112925       0.427503E-02   0.378572E-01  -0.689651E-01   0   0.294887E-01
   54.400   0.112925       0.424565E-02   0.375971E-01  -0.689518E-01   0   0.292979E-01
   54.500   0.112925       0.421648E-02   0.373388E-01  -0.689385E-01   0   0.291084E-01
   54.600   0.112925       0.418751E-02   0.370823E-01  -0.689254E-01   0   0.289201E-01
   54.700   0.112925       0.415875E-02   0.368276E-01  -0.689123E-01   0   0.287331E-01
   54.800   0.112925       0.413019E-02   0.365747E-01  -0.688992E-01   0   0.285472E-01
   54.900   0.112925       0.410184E-02   0.363236E-01  -0.688862E-01   0   0.283626E-01
   55.000   0.112925       0.407368E-02   0.360742E-01  -0.688733E-01   0   0.281791E-01
   55.100   0.112925       0.404572E-02   0.358267E-01  -0.688605E-01   0   0.279968E-01
   55.200   0.112925       0.401796E-02   0.355808E-01  -0.688477E-01   0   0.278157E-01
   55.300   0.112925       0.399040E-02   0.353367E-01  -0.688349E-01   0   0.276358E-01
   55.400   0.112925       0.396303E-02   0.350943E-01  -0.688223E-01   0   0.274571E-01
   55.500   0.112925       0.393585E-02   0.348537E-01  -0.688097E-01   0   0.272794E-01
   55.600   0.112925       0.390886E-02   0.346147E-01  -0.687971E-01   0   0.271030E-01
   55.700   0.112925       0.388206E-02   0.343774E-01  -0.687846E-01   0   0.269277E-01
   55.800   0.112925       0.385545E-02   0.341417E-01  -0.687722E-01   0   0.267535E-01
   55.900   0.112925       0.382903E-02   0.339078E-01  -0.687598E-01   0   0.265804E-01
   56.000   0.112925       0.380280E-02   0.336754E-01  -0.687475E-01   0   0.264085E-01
   56.100   0.112925       0.377675E-02   0.334447E-01  -0.687353E-01   0   0.262377E-01
   56.200   0.112925       0.375088E-02   0.332157E-01  -0.687231E-01   0   0.260680E-01
   56.300   0.112925       0.372519E-02   0.329882E-01  -0.687110E-01   0   0.258994E-01
   56.400   0.112925       0.369969E-02   0.327623E-01  -0.686989E-01   0   0.257318E-01
   56.500   0.112925       0.367436E-02   0.325381E-01  -0.686869E-01   0   0.255654E-01
   56.600   0.112925       0.364921E-02   0.323153E-01  -0.686749E-01   0   0.254000E-01
   56.700   0.112925       0.362424E-02   0.320942E-01  -0.686630E-01   0   0.252357E-01
   56.800   0.112925       0.359944E-02   0.318746E-01  -0.686512E-01   0   0.250725E-01
   56.900   0.112925       0.357481E-02   0.316566E-01  -0.686394E-01   0   0.249103E-01
   57.000   0.112925       0.355036E-02   0.314400E-01  -0.686276E-01   0   0.247492E-01
   57.100   0.112925       0.352608E-02   0.312250E-01  -0.686160E-01   0   0.245891E-01
   57.200   0.112925       0.350197E-02   0.310115E-01  -0.686043E-01   0   0.244300E-01
   57.300   0.112925       0.347803E-02   0.307995E-01  -0.685928E-01   0   0.242720E-01
   57.400   0.112925       0.345426E-02   0.305890E-01  -0.685813E-01   0   0.241150E-01
   57.500   0.112925       0.343065E-02   0.303799E-01  -0.685698E-01   0   0.239590E-01
   57.600   0.112925       0.340721E-02   0.301724E-01  -0.685584E-01   0   0.238041E-01
   57.700   0.112925       0.338393E-02   0.299662E-01  -0.685470E-01   0   0.236501E-01
   57.800   0.112925       0.336082E-02   0.297615E-01  -0.685357E-01   0   0.234971E-01
   57.900   0.112925       0.333787E-02   0.295583E-01  -0.685245E-01   0   0.233451E-01
   58.000   0.112925       0.331507E-02   0.293564E-01  -0.685133E-01   0   0.231941E-01
   58.100   0.112925       0.329244E-02   0.291560E-01  -0.685021E-01   0   0.230441E-01
   58.200   0.112925       0.326997E-02   0.289570E-01  -0.684911E-01   0   0.228950E-01
   58.300   0.112925       0.324765E-02   0.287593E-01  -0.684800E-01   0   0.227469E-01
   58.400   0.112925       0.322549E-02   0.285631E-01  -0.684690E-01   0   0.225998E-01
   58.500   0.112925       0.320348E-02   0.283682E-01  -0.684581E-01   0   0.224536E-01
   58.600   0.112925       0.318162E-02   0.281747E-01  -0.684472E-01   0   0.223084E-01
   58.700   0.112925       0.315992E-02   0.279825E-01  -0.684364E-01   0   0.221641E-01
   58.800   0.112925       0.313837E-02   0.277917E-01  -0.684256E-01   0   0.220207E-01
   58.900   0.112925       0.311697E-02   0.276022E-01  -0.684148E-01   0   0.218783E-01
   59.000   0.112925       0.309572E-02   0.274140E-01  -0.684041E-01   0   0.217367E-01
   59.100   0.112925       0.307462E-02   0.272271E-01  -0.683935E-01   0   0.215961E-01
   59.200   0.112925       0.305367E-02   0.270416E-01  -0.683829E-01   0   0.214565E-01
   59.300   0.112925       0.303286E-02   0.268573E-01  -0.683724E-01   0   0.213177E-01
   59.400   0.112925       0.301219E-02   0.266743E-01  -0.683619E-01   0   0.211798E-01
   59.500   0.112925       0.299167E-02   0.264926E-01  -0.683514E-01   0   0.210428E-01
   59.600   0.112925       0.297130E-02   0.263121E-01  -0.683410E-01   0   0.209067E-01
   59.700   0.112925       0.295106E-02   0.261329E-01  -0.683306E-01   0   0.207714E-01
   59.800   0.112925       0.293097E-02   0.259550E-01  -0.683203E-01   0   0.206371E-01
   59.900   0.112925       0.291101E-02   0.257783E-01  -0.683101E-01   0   0.205036E-01
 &
