 FRESCO - FRES 3.4: Coupled Reaction Channels
 Assuming NAMELIST input.

 7Li(d,p)8Li(bound) 7.45AMeV FR DWBA DA1p Watson                                 

   0.100  60.000   0.100   0.100   6.000   0.000   0.000   0.000   0.000   0.000

 Centre-of-mass Range is    602 * 0.1000 fm., Maximum at  60.00 fm., Interpolating NL forms every  0.10 fm.
 Non - locality width is     61 * 0.1000 fm., Maximum of   6.00 fm., Centred at  0.00 fm.
 2-Nucleon Separation of      0 * 0.1000 fm., Maximum of   0.00 fm., Minimum at  0.00 fm.
 Maximum single particle bins of 60.0000 fm.
               M,Mint =          601         601


 Range of total J is     0.0 <= J <=    30.0 (at least     0.0) and Absorbtion =>    -0.0100 mb.
 Dry Run = F, CC set limits =  0  0, Relativistic kinematics =  , Both/Far/Near Analyses =  1                     

 Cross Sections (and up to T0 for 0=projectile) for Theta from   0.0 to-180.0 in steps of  1.0 degrees, DGAM=0,  Coordinates = 0 (Mads)

 Lower Radial Cutoff = maximum of -2.00*L*h &       0.0 fm.,  Lower Cutoff for Couplings =   0.0  fm.


 Iterate Couplings between   1 and   1 times, to  0.000 % if sooner.                                          
  Block solved exactly =   0 chs., with Pade = 0 & Isocen =  =0, NOSOL = F, initwf =  0
  NL quadrature with   36 Gaussian points, Calculate multipoles up to    36 from   0
  M-transfers for lp+lt greater than or equal to  6, Angular Integration Cutoff below  0.6944 %


 Trace switches are :  CHANS =  1, LISTCC =  0, TRENEG =  0, CDETR =  0, SMATS =  2, XSTABL =  1, NLPL =  1

                       WAVES =  0, LAMPL =  0, VEFF =  0, KFUS =  0, WDISK =  0, BPM =  0, MELFIL =  0

                       CDCC =  0, NFUS =  0

 Using unit mass = 1.000000 amu and 1/fine-structure constant = 137.03599 ( 1.000000 * true ) with hc = 197.32705 MeV.fm,
  thus 2*amu/hbar^2 = 0.0478450 = 1/20.9008 and Coulomb constant = 0.1574855 so e^2 = 1.43997, and nuclear magneton= 0.1261183

 Now pre-scan input and save to file 3

  WARNING: target longitudinal recoil NOT included in the ZR coupling #            1


 *********** PARTITION NUMBER  1 ******************************************************************************************

   PROJ=deuteron   MASS=  2.0136 Z=   1.0,        # STATES=    1F, TARG=7Li      MASS=  7.0144 Z=   3.0,     Q-VALUE =   0.0000 MEV.

     1:  J= 1.0+ (B# 1), E=  0.0000, K= 0.0              Potl#  1       J= 1.5- (B#-1), E=  0.0000, K= 0.5    


 *********** PARTITION NUMBER  2 ******************************************************************************************

   PROJ=proton     MASS=  1.0073 Z=   1.0,        # STATES=    5F, TARG=8Li      MASS=  8.0208 Z=   3.0,     Q-VALUE =  -0.1919 MEV.

     1:  J= 0.5+ (B# 1), E=  0.0000, K= 0.5              Potl#  4       J= 2.0+ (B# 1), E=  0.0000, K= 0.0    

     2:  J= 0.5+ (B# 1), E=  0.0000, K= 0.5              Potl#  5       J= 1.0+ (B# 1), E=  0.9800, K= 0.0    

     3:  J= 0.5+ (B# 1), E=  0.0000, K= 0.5              Potl#  6       J= 3.0+ (B# 1), E=  1.8330, K= 0.0    

     4:  J= 0.5+ (B# 1), E=  0.0000, K= 0.5              Potl#  6       J= 3.0+ (B# 1), E=  1.9330, K= 0.0    

     5:  J= 0.5+ (B# 1), E=  0.0000, K= 0.5              Potl#  6       J= 3.0+ (B# 1), E=  2.2550, K= 0.0    


 ************************************************************************************************************************************

 The following POTENTIALS are defined :

  KP#       TYPE      IT    SHAPE      at     V1        r1        a1        V2        r2        a2        A-in     A-used


                                            A#1       A#2        r0c       ac                                                h @ 1
    1    0=Coulomb       0=CHARGE (WS)  1     7.000     0.000    1.3000    0.0000    0.0000    0.0000     0.000     7.000   0.10000

    1    1=Volume        0=Woods-Saxon  2   40.9114    2.0811    0.8440    0.0000    2.2631    0.2610     0.000     7.000

    1    2=Surface       0=Woods-Saxon  3    0.0000    0.0000    0.0000   14.6107    2.2631    0.2610     0.000     7.000
   --------------------------------------------------------------------------------------------------------------------

                                            A#1       A#2        r0c       ac                                                h @ 0
    2    0=Coulomb       0=CHARGE (WS)  4     1.000     0.000    1.2500    0.0000    0.0000    0.0000     0.000     1.000   0.10000

    2    1=Volume        5=RSC T=0      5    1.0000    0.0000    1.0000    0.0000    0.0000    0.0000     0.000     1.000

    2    3=Projtl S.O.   5=RSC T=0      6    1.0000    0.0000    1.0000    0.0000    0.0000    0.0000     0.000     1.000

    2    4=Target S.O.   5=RSC T=0      7    1.0000    0.0000    1.0000    0.0000    0.0000    0.0000     0.000     1.000

    2    7=Prj+Targ Tr   5=RSC T=0      8    1.0000    0.0000    1.0000    0.0000    0.0000    0.0000     0.000     1.000
   --------------------------------------------------------------------------------------------------------------------

                                            A#1       A#2        r0c       ac                                                h @ 0
    3    0=Coulomb       0=CHARGE (WS)  9     7.000     0.000    1.2500    0.0000    0.0000    0.0000     0.000     7.000   0.10000

    3    1=Volume        0=Woods-Saxon 10   50.0000    1.2500    0.6500    0.0000    0.0000    0.0000     0.000     7.000

    3    3=Projtl S.O.   0=Woods-Saxon 11    6.0000    1.2500    0.6500    0.0000    0.0000    0.0000     0.000     7.000
   --------------------------------------------------------------------------------------------------------------------

                                            A#1       A#2        r0c       ac                                                h @ 0
   31    0=Coulomb       0=CHARGE (WS) 12     7.000     0.000    1.2500    0.0000    0.0000    0.0000     0.000     7.000   0.10000

   31    1=Volume        0=Woods-Saxon 13   34.4350    1.2500    0.6500    0.0000    0.0000    0.0000     0.000     7.000

   31    3=Projtl S.O.   0=Woods-Saxon 14    6.0000    1.2500    0.6500    0.0000    0.0000    0.0000     0.000     7.000
   --------------------------------------------------------------------------------------------------------------------

                                            A#1       A#2        r0c       ac                                                h @ 2
    4    0=Coulomb       0=CHARGE (WS) 15     8.000     0.000    1.1389    0.0000    0.0000    0.0000     0.000     8.000   0.10000

    4    1=Volume        0=Woods-Saxon 16   64.0189    1.1389    0.5700    0.0000    1.1389    0.5000     0.000     8.000

    4    2=Surface       0=Woods-Saxon 17    0.0000    0.0000    0.0000    9.6064    1.1389    0.5000     0.000     8.000

    4    3=Projtl S.O.   0=Woods-Saxon 18    5.5000    1.1389    0.5700    0.0000    0.0000    0.0000     0.000     8.000
   --------------------------------------------------------------------------------------------------------------------

                                            A#1       A#2        r0c       ac                                                h @ 2
    5    0=Coulomb       0=CHARGE (WS) 19     8.000     0.000    1.1399    0.0000    0.0000    0.0000     0.000     8.000   0.10000

    5    1=Volume        0=Woods-Saxon 20   64.3138    1.1399    0.5700    0.0000    1.1399    0.5000     0.000     8.000

    5    2=Surface       0=Woods-Saxon 21    0.0000    0.0000    0.0000    8.9773    1.1399    0.5000     0.000     8.000

    5    3=Projtl S.O.   0=Woods-Saxon 22    5.5000    1.1399    0.5700    0.0000    0.0000    0.0000     0.000     8.000
   --------------------------------------------------------------------------------------------------------------------

                                            A#1       A#2        r0c       ac                                                h @ 2
    6    0=Coulomb       0=CHARGE (WS) 23     8.000     0.000    1.1412    0.0000    0.0000    0.0000     0.000     8.000   0.10000

    6    1=Volume        0=Woods-Saxon 24   64.6966    1.1412    0.5700    0.0000    1.1412    0.5000     0.000     8.000

    6    2=Surface       0=Woods-Saxon 25    0.0000    0.0000    0.0000    8.1605    1.1412    0.5000     0.000     8.000

    6    3=Projtl S.O.   0=Woods-Saxon 26    5.5000    1.1412    0.5700    0.0000    0.0000    0.0000     0.000     8.000


 ************************************************************************************************************************************

 The following SINGLE-PARTICLE FORM FACTORS are constructed :


 No.   P1 P2 IN KIND T N  L  S1 IA J/S  IB BIND XFER  BE    SC PC FIL AFRAC Adjust  to  Z  Mass   K     Norm    rms      D0     D   ANC/Gsp

 NO ROOM FOR   8 MORE CHANNELS: INCREASE KN2

    Parameters      Mismatch   Nodes -> 1 in ch  1

      1.000000     0.00024126     1    22
      0.999897     0.00000008     1    22

 The following  2 components are in a group labelled  1 for   1.0+

 No.   P1 P2 IN KIND T N  L  S1 IA J/S  IB BIND XFER  BE    SC PC FIL AFRAC Adjust  to  Z  Mass   K     Norm    rms      D0     D   ANC/Gsp

    1:  2  1  1  3   * 1  0 0.5  1 0.5   1   2   0   2.2250  7  4  0 0.0000 T2R 0.9999; 0. 1.009 0.2316 0.9671  3.996 -125.2 -129.0  0.8776

    2:  2  1  1  3     1  2 0.5  1 1.5   1   2   0   2.2250  7  4  0 0.0000 T2R 0.9999; 0. 1.009 0.2316 0.2543  2.419   -7.6   -8.3  0.0230

 Overall rms norm & radius =  1.0000  3.9136, & Overall D0 & D =  -132.77  -137.35
 ------------------------------------------------------------------------------------------------------------------------------------

    Parameters      Mismatch   Nodes -> 1 in ch  1

      1.000000    -0.38029044     1    36
      1.342217     0.23503237     1    36
      1.264840     0.03314156     1    36
      1.250092     0.00083580     1    36
      1.249700     0.00000056     1    36

 No.   P1 P2 IN KIND T N  L  S1 IA J/S  IB BIND XFER  BE    SC PC FIL AFRAC Adjust  to  Z  Mass   K     Norm    rms      D0     D   ANC/Gsp

    3:  1  2  2  0     1  1 0.5  1 1.5   0  31   0   2.0330  1  4-22 0.0000 VR  1.2497; 0. 1.006 0.2926 1.0000  3.683 -102.1 -115.3  0.7638

    Parameters      Mismatch   Nodes -> 1 in ch  1

      1.000000    -0.25686131     1    38
      1.203223     0.09986941     1    38
      1.162943     0.00778823     1    38
      1.159250     0.00005425     1    38

 No.   P1 P2 IN KIND T N  L  S1 IA J/S  IB BIND XFER  BE    SC PC FIL AFRAC Adjust  to  Z  Mass   K     Norm    rms      D0     D   ANC/Gsp

    4:  1  2  2  0     1  1 0.5  1 1.5   0  31   0   1.0527  1  4  0 0.0000 VR  1.1593; 0. 1.006 0.2106 1.0000  4.216  -91.3  -97.5  0.4750

    Parameters      Mismatch   Nodes -> 1 in ch  1

      1.000000    -0.10931557     1    40
      1.072612     0.01553188     1    40
      1.064721     0.00024404     1    40
      1.064593     0.00000006     1    40

 For Channel #  1 with l = 1,  j =  1.5, around core state #  1

   R    Y(R)
   0.00   0.0000E+00,    0.10   2.0473E-03,    0.20   7.8791E-03,    0.30   1.7499E-02,    0.40   3.0724E-02,    0.50   4.7307E-02, 
   0.60   6.6946E-02,    0.70   8.9285E-02,    0.80   1.1393E-01,    0.90   1.4043E-01,    1.00   1.6835E-01,    1.10   1.9720E-01, 
   1.20   2.2650E-01,    1.30   2.5577E-01,    1.40   2.8457E-01,    1.50   3.1246E-01,    1.60   3.3905E-01,    1.70   3.6399E-01, 
   1.80   3.8699E-01,    1.90   4.0781E-01,    2.00   4.2629E-01,    2.10   4.4231E-01,    2.20   4.5582E-01,    2.30   4.6683E-01, 
   2.40   4.7540E-01,    2.50   4.8164E-01,    2.60   4.8568E-01,    2.70   4.8769E-01,    2.80   4.8787E-01,    2.90   4.8640E-01, 
   3.00   4.8350E-01,    3.10   4.7935E-01,    3.20   4.7416E-01,    3.30   4.6809E-01,    3.40   4.6131E-01,    3.50   4.5397E-01, 
   3.60   4.4620E-01,    3.70   4.3812E-01,    3.80   4.2982E-01,    3.90   4.2138E-01,    4.00   4.1289E-01,    4.10   4.0439E-01, 
   4.20   3.9594E-01,    4.30   3.8758E-01,    4.40   3.7933E-01,    4.50   3.7122E-01,    4.60   3.6327E-01,    4.70   3.5549E-01, 
   4.80   3.4790E-01,    4.90   3.4050E-01,    5.00   3.3329E-01,    5.10   3.2627E-01,    5.20   3.1944E-01,    5.30   3.1281E-01, 
   5.40   3.0637E-01,    5.50   3.0012E-01,    5.60   2.9404E-01,    5.70   2.8814E-01,    5.80   2.8242E-01,    5.90   2.7686E-01, 
   6.00   2.7146E-01,    6.10   2.6622E-01,    6.20   2.6113E-01,    6.30   2.5619E-01,    6.40   2.5139E-01,    6.50   2.4672E-01, 
   6.60   2.4218E-01,    6.70   2.3776E-01,    6.80   2.3347E-01,    6.90   2.2930E-01,    7.00   2.2523E-01,    7.10   2.2128E-01, 
   7.20   2.1742E-01,    7.30   2.1367E-01,    7.40   2.1001E-01,    7.50   2.0645E-01,    7.60   2.0298E-01,    7.70   1.9959E-01, 
   7.80   1.9628E-01,    7.90   1.9306E-01,    8.00   1.8991E-01,    8.10   1.8684E-01,    8.20   1.8384E-01,    8.30   1.8091E-01, 
   8.40   1.7805E-01,    8.50   1.7525E-01,    8.60   1.7252E-01,    8.70   1.6985E-01,    8.80   1.6723E-01,    8.90   1.6467E-01, 
   9.00   1.6217E-01,    9.10   1.5972E-01,    9.20   1.5733E-01,    9.30   1.5498E-01,    9.40   1.5269E-01,    9.50   1.5044E-01, 
   9.60   1.4823E-01,    9.70   1.4607E-01,    9.80   1.4396E-01,    9.90   1.4188E-01,   10.00   1.3985E-01,   10.10   1.3786E-01, 
  10.20   1.3590E-01,   10.30   1.3399E-01,   10.40   1.3211E-01,   10.50   1.3026E-01,   10.60   1.2845E-01,   10.70   1.2668E-01, 
  10.80   1.2493E-01,   10.90   1.2322E-01,   11.00   1.2154E-01,   11.10   1.1989E-01,   11.20   1.1827E-01,   11.30   1.1668E-01, 
  11.40   1.1511E-01,   11.50   1.1358E-01,   11.60   1.1207E-01,   11.70   1.1058E-01,   11.80   1.0913E-01,   11.90   1.0769E-01, 
  12.00   1.0628E-01,   12.10   1.0490E-01,   12.20   1.0354E-01,   12.30   1.0220E-01,   12.40   1.0088E-01,   12.50   9.9585E-02, 
  12.60   9.8311E-02,   12.70   9.7057E-02,   12.80   9.5823E-02,   12.90   9.4610E-02,   13.00   9.3415E-02,   13.10   9.2240E-02, 
  13.20   9.1082E-02,   13.30   8.9944E-02,   13.40   8.8822E-02,   13.50   8.7719E-02,   13.60   8.6632E-02,   13.70   8.5562E-02, 
  13.80   8.4508E-02,   13.90   8.3470E-02,   14.00   8.2448E-02,   14.10   8.1441E-02,   14.20   8.0449E-02,   14.30   7.9472E-02, 
  14.40   7.8510E-02,   14.50   7.7562E-02,   14.60   7.6627E-02,   14.70   7.5706E-02,   14.80   7.4799E-02,   14.90   7.3905E-02, 
  15.00   7.3023E-02,   15.10   7.2155E-02,   15.20   7.1298E-02,   15.30   7.0454E-02,   15.40   6.9622E-02,   15.50   6.8802E-02, 
  15.60   6.7993E-02,   15.70   6.7195E-02,   15.80   6.6409E-02,   15.90   6.5633E-02,   16.00   6.4868E-02,   16.10   6.4114E-02, 
  16.20   6.3370E-02,   16.30   6.2636E-02,   16.40   6.1912E-02,   16.50   6.1198E-02,   16.60   6.0494E-02,   16.70   5.9799E-02, 
  16.80   5.9113E-02,   16.90   5.8437E-02,   17.00   5.7770E-02,   17.10   5.7111E-02,   17.20   5.6461E-02,   17.30   5.5820E-02, 
  17.40   5.5187E-02,   17.50   5.4563E-02,   17.60   5.3947E-02,   17.70   5.3338E-02,   17.80   5.2738E-02,   17.90   5.2145E-02, 
  18.00   5.1560E-02,   18.10   5.0983E-02,   18.20   5.0413E-02,   18.30   4.9850E-02,   18.40   4.9294E-02,   18.50   4.8746E-02, 
  18.60   4.8204E-02,   18.70   4.7670E-02,   18.80   4.7142E-02,   18.90   4.6620E-02,   19.00   4.6105E-02,   19.10   4.5597E-02, 
  19.20   4.5095E-02,   19.30   4.4599E-02,   19.40   4.4110E-02,   19.50   4.3626E-02,   19.60   4.3148E-02,   19.70   4.2677E-02, 
  19.80   4.2211E-02,   19.90   4.1751E-02,   20.00   4.1296E-02,   20.10   4.0847E-02,   20.20   4.0403E-02,   20.30   3.9965E-02, 
  20.40   3.9532E-02,   20.50   3.9105E-02,   20.60   3.8682E-02,   20.70   3.8265E-02,   20.80   3.7852E-02,   20.90   3.7445E-02, 
  21.00   3.7042E-02,   21.10   3.6644E-02,   21.20   3.6251E-02,   21.30   3.5863E-02,   21.40   3.5479E-02,   21.50   3.5100E-02, 
  21.60   3.4725E-02,   21.70   3.4354E-02,   21.80   3.3988E-02,   21.90   3.3627E-02,   22.00   3.3269E-02,   22.10   3.2916E-02, 
  22.20   3.2567E-02,   22.30   3.2221E-02,   22.40   3.1880E-02,   22.50   3.1543E-02,   22.60   3.1210E-02,   22.70   3.0880E-02, 
  22.80   3.0555E-02,   22.90   3.0233E-02,   23.00   2.9915E-02,   23.10   2.9600E-02,   23.20   2.9289E-02,   23.30   2.8982E-02, 
  23.40   2.8678E-02,   23.50   2.8378E-02,   23.60   2.8081E-02,   23.70   2.7787E-02,   23.80   2.7497E-02,   23.90   2.7210E-02, 
  24.00   2.6926E-02,   24.10   2.6645E-02,   24.20   2.6368E-02,   24.30   2.6094E-02,   24.40   2.5823E-02,   24.50   2.5554E-02, 
  24.60   2.5289E-02,   24.70   2.5027E-02,   24.80   2.4768E-02,   24.90   2.4512E-02,   25.00   2.4258E-02,   25.10   2.4007E-02, 
  25.20   2.3759E-02,   25.30   2.3514E-02,   25.40   2.3272E-02,   25.50   2.3032E-02,   25.60   2.2795E-02,   25.70   2.2561E-02, 
  25.80   2.2329E-02,   25.90   2.2099E-02,   26.00   2.1872E-02,   26.10   2.1648E-02,   26.20   2.1426E-02,   26.30   2.1207E-02, 
  26.40   2.0990E-02,   26.50   2.0775E-02,   26.60   2.0563E-02,   26.70   2.0353E-02,   26.80   2.0145E-02,   26.90   1.9940E-02, 
  27.00   1.9736E-02,   27.10   1.9535E-02,   27.20   1.9336E-02,   27.30   1.9140E-02,   27.40   1.8945E-02,   27.50   1.8753E-02, 
  27.60   1.8562E-02,   27.70   1.8374E-02,   27.80   1.8187E-02,   27.90   1.8003E-02,   28.00   1.7821E-02,   28.10   1.7640E-02, 
  28.20   1.7462E-02,   28.30   1.7285E-02,   28.40   1.7111E-02,   28.50   1.6938E-02,   28.60   1.6767E-02,   28.70   1.6598E-02, 
  28.80   1.6430E-02,   28.90   1.6265E-02,   29.00   1.6101E-02,   29.10   1.5939E-02,   29.20   1.5779E-02,   29.30   1.5620E-02, 
  29.40   1.5463E-02,   29.50   1.5308E-02,   29.60   1.5154E-02,   29.70   1.5002E-02,   29.80   1.4852E-02,   29.90   1.4703E-02, 
  30.00   1.4555E-02,   30.10   1.4410E-02,   30.20   1.4265E-02,   30.30   1.4123E-02,   30.40   1.3982E-02,   30.50   1.3842E-02, 
  30.60   1.3704E-02,   30.70   1.3567E-02,   30.80   1.3431E-02,   30.90   1.3297E-02,   31.00   1.3165E-02,   31.10   1.3034E-02, 
  31.20   1.2904E-02,   31.30   1.2775E-02,   31.40   1.2648E-02,   31.50   1.2523E-02,   31.60   1.2398E-02,   31.70   1.2275E-02, 
  31.80   1.2153E-02,   31.90   1.2032E-02,   32.00   1.1913E-02,   32.10   1.1795E-02,   32.20   1.1678E-02,   32.30   1.1562E-02, 
  32.40   1.1447E-02,   32.50   1.1334E-02,   32.60   1.1222E-02,   32.70   1.1111E-02,   32.80   1.1001E-02,   32.90   1.0892E-02, 
  33.00   1.0785E-02,   33.10   1.0678E-02,   33.20   1.0573E-02,   33.30   1.0468E-02,   33.40   1.0365E-02,   33.50   1.0263E-02, 
  33.60   1.0162E-02,   33.70   1.0061E-02,   33.80   9.9623E-03,   33.90   9.8642E-03,   34.00   9.7671E-03,   34.10   9.6710E-03, 
  34.20   9.5758E-03,   34.30   9.4817E-03,   34.40   9.3885E-03,   34.50   9.2962E-03,   34.60   9.2049E-03,   34.70   9.1145E-03, 
  34.80   9.0250E-03,   34.90   8.9365E-03,   35.00   8.8488E-03,   35.10   8.7621E-03,   35.20   8.6762E-03,   35.30   8.5911E-03, 
  35.40   8.5070E-03,   35.50   8.4237E-03,   35.60   8.3412E-03,   35.70   8.2596E-03,   35.80   8.1788E-03,   35.90   8.0988E-03, 
  36.00   8.0196E-03,   36.10   7.9413E-03,   36.20   7.8637E-03,   36.30   7.7869E-03,   36.40   7.7108E-03,   36.50   7.6356E-03, 
  36.60   7.5611E-03,   36.70   7.4873E-03,   36.80   7.4143E-03,   36.90   7.3420E-03,   37.00   7.2705E-03,   37.10   7.1996E-03, 
  37.20   7.1295E-03,   37.30   7.0601E-03,   37.40   6.9914E-03,   37.50   6.9233E-03,   37.60   6.8560E-03,   37.70   6.7893E-03, 
  37.80   6.7233E-03,   37.90   6.6579E-03,   38.00   6.5932E-03,   38.10   6.5292E-03,   38.20   6.4658E-03,   38.30   6.4030E-03, 
  38.40   6.3408E-03,   38.50   6.2793E-03,   38.60   6.2184E-03,   38.70   6.1581E-03,   38.80   6.0983E-03,   38.90   6.0392E-03, 
  39.00   5.9807E-03,   39.10   5.9227E-03,   39.20   5.8654E-03,   39.30   5.8086E-03,   39.40   5.7523E-03,   39.50   5.6967E-03, 
  39.60   5.6415E-03,   39.70   5.5870E-03,   39.80   5.5329E-03,   39.90   5.4794E-03,   40.00   5.4265E-03,   40.10   5.3740E-03, 
  40.20   5.3221E-03,   40.30   5.2707E-03,   40.40   5.2198E-03,   40.50   5.1694E-03,   40.60   5.1195E-03,   40.70   5.0701E-03, 
  40.80   5.0212E-03,   40.90   4.9727E-03,   41.00   4.9248E-03,   41.10   4.8773E-03,   41.20   4.8303E-03,   41.30   4.7837E-03, 
  41.40   4.7376E-03,   41.50   4.6920E-03,   41.60   4.6468E-03,   41.70   4.6021E-03,   41.80   4.5578E-03,   41.90   4.5139E-03, 
  42.00   4.4705E-03,   42.10   4.4275E-03,   42.20   4.3849E-03,   42.30   4.3427E-03,   42.40   4.3010E-03,   42.50   4.2596E-03, 
  42.60   4.2187E-03,   42.70   4.1782E-03,   42.80   4.1380E-03,   42.90   4.0983E-03,   43.00   4.0589E-03,   43.10   4.0200E-03, 
  43.20   3.9814E-03,   43.30   3.9432E-03,   43.40   3.9053E-03,   43.50   3.8679E-03,   43.60   3.8308E-03,   43.70   3.7940E-03, 
  43.80   3.7577E-03,   43.90   3.7216E-03,   44.00   3.6860E-03,   44.10   3.6507E-03,   44.20   3.6157E-03,   44.30   3.5811E-03, 
  44.40   3.5468E-03,   44.50   3.5128E-03,   44.60   3.4792E-03,   44.70   3.4459E-03,   44.80   3.4129E-03,   44.90   3.3803E-03, 
  45.00   3.3479E-03,   45.10   3.3159E-03,   45.20   3.2842E-03,   45.30   3.2528E-03,   45.40   3.2217E-03,   45.50   3.1909E-03, 
  45.60   3.1604E-03,   45.70   3.1302E-03,   45.80   3.1003E-03,   45.90   3.0707E-03,   46.00   3.0414E-03,   46.10   3.0124E-03, 
  46.20   2.9836E-03,   46.30   2.9551E-03,   46.40   2.9269E-03,   46.50   2.8990E-03,   46.60   2.8714E-03,   46.70   2.8440E-03, 
  46.80   2.8169E-03,   46.90   2.7900E-03,   47.00   2.7634E-03,   47.10   2.7371E-03,   47.20   2.7110E-03,   47.30   2.6852E-03, 
  47.40   2.6596E-03,   47.50   2.6342E-03,   47.60   2.6092E-03,   47.70   2.5843E-03,   47.80   2.5597E-03,   47.90   2.5353E-03, 
  48.00   2.5112E-03,   48.10   2.4873E-03,   48.20   2.4636E-03,   48.30   2.4402E-03,   48.40   2.4170E-03,   48.50   2.3940E-03, 
  48.60   2.3712E-03,   48.70   2.3487E-03,   48.80   2.3264E-03,   48.90   2.3042E-03,   49.00   2.2823E-03,   49.10   2.2607E-03, 
  49.20   2.2392E-03,   49.30   2.2179E-03,   49.40   2.1968E-03,   49.50   2.1760E-03,   49.60   2.1553E-03,   49.70   2.1349E-03, 
  49.80   2.1146E-03,   49.90   2.0945E-03,   50.00   2.0746E-03,   50.10   2.0549E-03,   50.20   2.0355E-03,   50.30   2.0161E-03, 
  50.40   1.9970E-03,   50.50   1.9781E-03,   50.60   1.9593E-03,   50.70   1.9407E-03,   50.80   1.9223E-03,   50.90   1.9041E-03, 
  51.00   1.8861E-03,   51.10   1.8682E-03,   51.20   1.8505E-03,   51.30   1.8330E-03,   51.40   1.8156E-03,   51.50   1.7984E-03, 
  51.60   1.7814E-03,   51.70   1.7645E-03,   51.80   1.7478E-03,   51.90   1.7312E-03,   52.00   1.7149E-03,   52.10   1.6986E-03, 
  52.20   1.6826E-03,   52.30   1.6666E-03,   52.40   1.6509E-03,   52.50   1.6352E-03,   52.60   1.6198E-03,   52.70   1.6045E-03, 
  52.80   1.5893E-03,   52.90   1.5743E-03,   53.00   1.5594E-03,   53.10   1.5446E-03,   53.20   1.5300E-03,   53.30   1.5156E-03, 
  53.40   1.5012E-03,   53.50   1.4871E-03,   53.60   1.4730E-03,   53.70   1.4591E-03,   53.80   1.4453E-03,   53.90   1.4317E-03, 
  54.00   1.4181E-03,   54.10   1.4047E-03,   54.20   1.3915E-03,   54.30   1.3783E-03,   54.40   1.3653E-03,   54.50   1.3525E-03, 
  54.60   1.3397E-03,   54.70   1.3270E-03,   54.80   1.3145E-03,   54.90   1.3021E-03,   55.00   1.2898E-03,   55.10   1.2777E-03, 
  55.20   1.2656E-03,   55.30   1.2537E-03,   55.40   1.2419E-03,   55.50   1.2302E-03,   55.60   1.2186E-03,   55.70   1.2071E-03, 
  55.80   1.1957E-03,   55.90   1.1844E-03,   56.00   1.1733E-03,   56.10   1.1622E-03,   56.20   1.1513E-03,   56.30   1.1404E-03, 
  56.40   1.1297E-03,   56.50   1.1190E-03,   56.60   1.1085E-03,   56.70   1.0980E-03,   56.80   1.0877E-03,   56.90   1.0775E-03, 
  57.00   1.0673E-03,   57.10   1.0573E-03,   57.20   1.0473E-03,   57.30   1.0375E-03,   57.40   1.0277E-03,   57.50   1.0180E-03, 
  57.60   1.0084E-03,   57.70   9.9896E-04,   57.80   9.8956E-04,   57.90   9.8025E-04,   58.00   9.7103E-04,   58.10   9.6190E-04, 
  58.20   9.5285E-04,   58.30   9.4389E-04,   58.40   9.3502E-04,   58.50   9.2623E-04,   58.60   9.1752E-04,   58.70   9.0889E-04, 
  58.80   9.0035E-04,   58.90   8.9189E-04,   59.00   8.8351E-04,   59.10   8.7521E-04,   59.20   8.6698E-04,   59.30   8.5884E-04, 
  59.40   8.5077E-04,   59.50   8.4278E-04,   59.60   8.3486E-04,   59.70   8.2702E-04,   59.80   8.1925E-04,   59.90   8.1156E-04, 
  60.00   8.0394E-04, 

 No.   P1 P2 IN KIND T N  L  S1 IA J/S  IB BIND XFER  BE    SC PC FIL AFRAC Adjust  to  Z  Mass   K     Norm    rms      D0     D   ANC/Gsp

    At R=   59.900, ANC in ch  5 is   0.16756    ,   eta,eta*ln(2*rho)+rho =    0.0000        5.4973    

    5:  1  2  2  0     1  1 0.5  1 1.5   0  31   0   0.2000  1  3  0 0.0000 VR  1.0646; 0. 1.006 0.0918 1.0000  6.048  -76.2  -77.2  0.1676

    Parameters      Mismatch   Nodes -> 1 in ch  1

      1.000000    -0.08621713     1    40
      1.056123     0.00925043     1    40
      1.051219     0.00008818     1    40

 For Channel #  1 with l = 1,  j =  1.5, around core state #  1

   R    Y(R)
   0.00   0.0000E+00,    0.10   1.9542E-03,    0.20   7.5210E-03,    0.30   1.6705E-02,    0.40   2.9333E-02,    0.50   4.5171E-02, 
   0.60   6.3933E-02,    0.70   8.5283E-02,    0.80   1.0884E-01,    0.90   1.3420E-01,    1.00   1.6093E-01,    1.10   1.8856E-01, 
   1.20   2.1665E-01,    1.30   2.4475E-01,    1.40   2.7241E-01,    1.50   2.9924E-01,    1.60   3.2486E-01,    1.70   3.4893E-01, 
   1.80   3.7118E-01,    1.90   3.9138E-01,    2.00   4.0936E-01,    2.10   4.2501E-01,    2.20   4.3829E-01,    2.30   4.4919E-01, 
   2.40   4.5777E-01,    2.50   4.6413E-01,    2.60   4.6839E-01,    2.70   4.7072E-01,    2.80   4.7129E-01,    2.90   4.7028E-01, 
   3.00   4.6790E-01,    3.10   4.6432E-01,    3.20   4.5972E-01,    3.30   4.5428E-01,    3.40   4.4815E-01,    3.50   4.4147E-01, 
   3.60   4.3436E-01,    3.70   4.2695E-01,    3.80   4.1931E-01,    3.90   4.1153E-01,    4.00   4.0369E-01,    4.10   3.9583E-01, 
   4.20   3.8801E-01,    4.30   3.8026E-01,    4.40   3.7262E-01,    4.50   3.6509E-01,    4.60   3.5772E-01,    4.70   3.5049E-01, 
   4.80   3.4344E-01,    4.90   3.3656E-01,    5.00   3.2986E-01,    5.10   3.2334E-01,    5.20   3.1699E-01,    5.30   3.1083E-01, 
   5.40   3.0484E-01,    5.50   2.9902E-01,    5.60   2.9338E-01,    5.70   2.8790E-01,    5.80   2.8257E-01,    5.90   2.7741E-01, 
   6.00   2.7239E-01,    6.10   2.6752E-01,    6.20   2.6279E-01,    6.30   2.5819E-01,    6.40   2.5373E-01,    6.50   2.4939E-01, 
   6.60   2.4517E-01,    6.70   2.4107E-01,    6.80   2.3708E-01,    6.90   2.3320E-01,    7.00   2.2942E-01,    7.10   2.2575E-01, 
   7.20   2.2217E-01,    7.30   2.1868E-01,    7.40   2.1528E-01,    7.50   2.1197E-01,    7.60   2.0874E-01,    7.70   2.0559E-01, 
   7.80   2.0252E-01,    7.90   1.9953E-01,    8.00   1.9660E-01,    8.10   1.9374E-01,    8.20   1.9096E-01,    8.30   1.8823E-01, 
   8.40   1.8557E-01,    8.50   1.8296E-01,    8.60   1.8042E-01,    8.70   1.7793E-01,    8.80   1.7550E-01,    8.90   1.7312E-01, 
   9.00   1.7079E-01,    9.10   1.6850E-01,    9.20   1.6627E-01,    9.30   1.6408E-01,    9.40   1.6194E-01,    9.50   1.5984E-01, 
   9.60   1.5778E-01,    9.70   1.5577E-01,    9.80   1.5379E-01,    9.90   1.5185E-01,   10.00   1.4995E-01,   10.10   1.4809E-01, 
  10.20   1.4626E-01,   10.30   1.4446E-01,   10.40   1.4270E-01,   10.50   1.4097E-01,   10.60   1.3928E-01,   10.70   1.3761E-01, 
  10.80   1.3597E-01,   10.90   1.3436E-01,   11.00   1.3278E-01,   11.10   1.3123E-01,   11.20   1.2971E-01,   11.30   1.2821E-01, 
  11.40   1.2673E-01,   11.50   1.2528E-01,   11.60   1.2386E-01,   11.70   1.2246E-01,   11.80   1.2108E-01,   11.90   1.1972E-01, 
  12.00   1.1839E-01,   12.10   1.1708E-01,   12.20   1.1579E-01,   12.30   1.1452E-01,   12.40   1.1326E-01,   12.50   1.1203E-01, 
  12.60   1.1082E-01,   12.70   1.0963E-01,   12.80   1.0845E-01,   12.90   1.0729E-01,   13.00   1.0615E-01,   13.10   1.0503E-01, 
  13.20   1.0392E-01,   13.30   1.0283E-01,   13.40   1.0176E-01,   13.50   1.0070E-01,   13.60   9.9656E-02,   13.70   9.8628E-02, 
  13.80   9.7614E-02,   13.90   9.6614E-02,   14.00   9.5629E-02,   14.10   9.4657E-02,   14.20   9.3699E-02,   14.30   9.2754E-02, 
  14.40   9.1822E-02,   14.50   9.0903E-02,   14.60   8.9996E-02,   14.70   8.9102E-02,   14.80   8.8219E-02,   14.90   8.7349E-02, 
  15.00   8.6490E-02,   15.10   8.5642E-02,   15.20   8.4805E-02,   15.30   8.3979E-02,   15.40   8.3164E-02,   15.50   8.2360E-02, 
  15.60   8.1565E-02,   15.70   8.0781E-02,   15.80   8.0007E-02,   15.90   7.9243E-02,   16.00   7.8488E-02,   16.10   7.7743E-02, 
  16.20   7.7007E-02,   16.30   7.6280E-02,   16.40   7.5562E-02,   16.50   7.4853E-02,   16.60   7.4152E-02,   16.70   7.3460E-02, 
  16.80   7.2776E-02,   16.90   7.2101E-02,   17.00   7.1434E-02,   17.10   7.0774E-02,   17.20   7.0123E-02,   17.30   6.9479E-02, 
  17.40   6.8842E-02,   17.50   6.8214E-02,   17.60   6.7592E-02,   17.70   6.6978E-02,   17.80   6.6371E-02,   17.90   6.5770E-02, 
  18.00   6.5177E-02,   18.10   6.4590E-02,   18.20   6.4010E-02,   18.30   6.3437E-02,   18.40   6.2870E-02,   18.50   6.2310E-02, 
  18.60   6.1755E-02,   18.70   6.1207E-02,   18.80   6.0665E-02,   18.90   6.0129E-02,   19.00   5.9599E-02,   19.10   5.9074E-02, 
  19.20   5.8556E-02,   19.30   5.8043E-02,   19.40   5.7535E-02,   19.50   5.7034E-02,   19.60   5.6537E-02,   19.70   5.6046E-02, 
  19.80   5.5560E-02,   19.90   5.5079E-02,   20.00   5.4603E-02,   20.10   5.4133E-02,   20.20   5.3667E-02,   20.30   5.3206E-02, 
  20.40   5.2750E-02,   20.50   5.2299E-02,   20.60   5.1853E-02,   20.70   5.1411E-02,   20.80   5.0973E-02,   20.90   5.0540E-02, 
  21.00   5.0112E-02,   21.10   4.9688E-02,   21.20   4.9268E-02,   21.30   4.8853E-02,   21.40   4.8442E-02,   21.50   4.8035E-02, 
  21.60   4.7632E-02,   21.70   4.7233E-02,   21.80   4.6838E-02,   21.90   4.6447E-02,   22.00   4.6060E-02,   22.10   4.5677E-02, 
  22.20   4.5297E-02,   22.30   4.4922E-02,   22.40   4.4550E-02,   22.50   4.4181E-02,   22.60   4.3816E-02,   22.70   4.3455E-02, 
  22.80   4.3098E-02,   22.90   4.2743E-02,   23.00   4.2393E-02,   23.10   4.2045E-02,   23.20   4.1701E-02,   23.30   4.1361E-02, 
  23.40   4.1023E-02,   23.50   4.0689E-02,   23.60   4.0358E-02,   23.70   4.0030E-02,   23.80   3.9705E-02,   23.90   3.9384E-02, 
  24.00   3.9065E-02,   24.10   3.8749E-02,   24.20   3.8437E-02,   24.30   3.8127E-02,   24.40   3.7820E-02,   24.50   3.7516E-02, 
  24.60   3.7215E-02,   24.70   3.6916E-02,   24.80   3.6621E-02,   24.90   3.6328E-02,   25.00   3.6038E-02,   25.10   3.5750E-02, 
  25.20   3.5465E-02,   25.30   3.5183E-02,   25.40   3.4903E-02,   25.50   3.4626E-02,   25.60   3.4352E-02,   25.70   3.4080E-02, 
  25.80   3.3810E-02,   25.90   3.3543E-02,   26.00   3.3278E-02,   26.10   3.3016E-02,   26.20   3.2756E-02,   26.30   3.2498E-02, 
  26.40   3.2242E-02,   26.50   3.1989E-02,   26.60   3.1739E-02,   26.70   3.1490E-02,   26.80   3.1243E-02,   26.90   3.0999E-02, 
  27.00   3.0757E-02,   27.10   3.0517E-02,   27.20   3.0279E-02,   27.30   3.0044E-02,   27.40   2.9810E-02,   27.50   2.9579E-02, 
  27.60   2.9349E-02,   27.70   2.9121E-02,   27.80   2.8896E-02,   27.90   2.8672E-02,   28.00   2.8451E-02,   28.10   2.8231E-02, 
  28.20   2.8013E-02,   28.30   2.7797E-02,   28.40   2.7583E-02,   28.50   2.7371E-02,   28.60   2.7160E-02,   28.70   2.6952E-02, 
  28.80   2.6745E-02,   28.90   2.6540E-02,   29.00   2.6337E-02,   29.10   2.6135E-02,   29.20   2.5935E-02,   29.30   2.5737E-02, 
  29.40   2.5541E-02,   29.50   2.5346E-02,   29.60   2.5153E-02,   29.70   2.4961E-02,   29.80   2.4771E-02,   29.90   2.4583E-02, 
  30.00   2.4396E-02,   30.10   2.4211E-02,   30.20   2.4028E-02,   30.30   2.3846E-02,   30.40   2.3665E-02,   30.50   2.3486E-02, 
  30.60   2.3308E-02,   30.70   2.3132E-02,   30.80   2.2958E-02,   30.90   2.2785E-02,   31.00   2.2613E-02,   31.10   2.2443E-02, 
  31.20   2.2274E-02,   31.30   2.2107E-02,   31.40   2.1940E-02,   31.50   2.1776E-02,   31.60   2.1612E-02,   31.70   2.1450E-02, 
  31.80   2.1290E-02,   31.90   2.1130E-02,   32.00   2.0972E-02,   32.10   2.0816E-02,   32.20   2.0660E-02,   32.30   2.0506E-02, 
  32.40   2.0353E-02,   32.50   2.0201E-02,   32.60   2.0051E-02,   32.70   1.9902E-02,   32.80   1.9753E-02,   32.90   1.9607E-02, 
  33.00   1.9461E-02,   33.10   1.9317E-02,   33.20   1.9173E-02,   33.30   1.9031E-02,   33.40   1.8890E-02,   33.50   1.8750E-02, 
  33.60   1.8611E-02,   33.70   1.8474E-02,   33.80   1.8337E-02,   33.90   1.8202E-02,   34.00   1.8067E-02,   34.10   1.7934E-02, 
  34.20   1.7802E-02,   34.30   1.7671E-02,   34.40   1.7541E-02,   34.50   1.7412E-02,   34.60   1.7283E-02,   34.70   1.7156E-02, 
  34.80   1.7030E-02,   34.90   1.6905E-02,   35.00   1.6781E-02,   35.10   1.6658E-02,   35.20   1.6536E-02,   35.30   1.6415E-02, 
  35.40   1.6295E-02,   35.50   1.6176E-02,   35.60   1.6057E-02,   35.70   1.5940E-02,   35.80   1.5824E-02,   35.90   1.5708E-02, 
  36.00   1.5593E-02,   36.10   1.5480E-02,   36.20   1.5367E-02,   36.30   1.5255E-02,   36.40   1.5144E-02,   36.50   1.5034E-02, 
  36.60   1.4924E-02,   36.70   1.4816E-02,   36.80   1.4708E-02,   36.90   1.4601E-02,   37.00   1.4495E-02,   37.10   1.4390E-02, 
  37.20   1.4286E-02,   37.30   1.4182E-02,   37.40   1.4079E-02,   37.50   1.3977E-02,   37.60   1.3876E-02,   37.70   1.3776E-02, 
  37.80   1.3676E-02,   37.90   1.3577E-02,   38.00   1.3479E-02,   38.10   1.3382E-02,   38.20   1.3285E-02,   38.30   1.3190E-02, 
  38.40   1.3094E-02,   38.50   1.3000E-02,   38.60   1.2906E-02,   38.70   1.2813E-02,   38.80   1.2721E-02,   38.90   1.2630E-02, 
  39.00   1.2539E-02,   39.10   1.2449E-02,   39.20   1.2359E-02,   39.30   1.2271E-02,   39.40   1.2182E-02,   39.50   1.2095E-02, 
  39.60   1.2008E-02,   39.70   1.1922E-02,   39.80   1.1837E-02,   39.90   1.1752E-02,   40.00   1.1668E-02,   40.10   1.1584E-02, 
  40.20   1.1501E-02,   40.30   1.1419E-02,   40.40   1.1338E-02,   40.50   1.1257E-02,   40.60   1.1176E-02,   40.70   1.1096E-02, 
  40.80   1.1017E-02,   40.90   1.0939E-02,   41.00   1.0861E-02,   41.10   1.0783E-02,   41.20   1.0706E-02,   41.30   1.0630E-02, 
  41.40   1.0554E-02,   41.50   1.0479E-02,   41.60   1.0405E-02,   41.70   1.0331E-02,   41.80   1.0257E-02,   41.90   1.0184E-02, 
  42.00   1.0112E-02,   42.10   1.0040E-02,   42.20   9.9688E-03,   42.30   9.8981E-03,   42.40   9.8279E-03,   42.50   9.7582E-03, 
  42.60   9.6890E-03,   42.70   9.6203E-03,   42.80   9.5522E-03,   42.90   9.4846E-03,   43.00   9.4174E-03,   43.10   9.3508E-03, 
  43.20   9.2846E-03,   43.30   9.2190E-03,   43.40   9.1538E-03,   43.50   9.0891E-03,   43.60   9.0249E-03,   43.70   8.9612E-03, 
  43.80   8.8979E-03,   43.90   8.8351E-03,   44.00   8.7728E-03,   44.10   8.7109E-03,   44.20   8.6495E-03,   44.30   8.5885E-03, 
  44.40   8.5280E-03,   44.50   8.4679E-03,   44.60   8.4083E-03,   44.70   8.3491E-03,   44.80   8.2904E-03,   44.90   8.2320E-03, 
  45.00   8.1742E-03,   45.10   8.1167E-03,   45.20   8.0596E-03,   45.30   8.0030E-03,   45.40   7.9468E-03,   45.50   7.8910E-03, 
  45.60   7.8356E-03,   45.70   7.7806E-03,   45.80   7.7260E-03,   45.90   7.6719E-03,   46.00   7.6181E-03,   46.10   7.5647E-03, 
  46.20   7.5117E-03,   46.30   7.4590E-03,   46.40   7.4068E-03,   46.50   7.3549E-03,   46.60   7.3035E-03,   46.70   7.2524E-03, 
  46.80   7.2016E-03,   46.90   7.1513E-03,   47.00   7.1013E-03,   47.10   7.0516E-03,   47.20   7.0024E-03,   47.30   6.9535E-03, 
  47.40   6.9049E-03,   47.50   6.8567E-03,   47.60   6.8088E-03,   47.70   6.7613E-03,   47.80   6.7142E-03,   47.90   6.6673E-03, 
  48.00   6.6208E-03,   48.10   6.5747E-03,   48.20   6.5289E-03,   48.30   6.4834E-03,   48.40   6.4382E-03,   48.50   6.3934E-03, 
  48.60   6.3489E-03,   48.70   6.3047E-03,   48.80   6.2609E-03,   48.90   6.2173E-03,   49.00   6.1741E-03,   49.10   6.1311E-03, 
  49.20   6.0885E-03,   49.30   6.0462E-03,   49.40   6.0042E-03,   49.50   5.9625E-03,   49.60   5.9211E-03,   49.70   5.8800E-03, 
  49.80   5.8392E-03,   49.90   5.7987E-03,   50.00   5.7584E-03,   50.10   5.7185E-03,   50.20   5.6789E-03,   50.30   5.6395E-03, 
  50.40   5.6004E-03,   50.50   5.5616E-03,   50.60   5.5231E-03,   50.70   5.4848E-03,   50.80   5.4468E-03,   50.90   5.4091E-03, 
  51.00   5.3717E-03,   51.10   5.3345E-03,   51.20   5.2976E-03,   51.30   5.2610E-03,   51.40   5.2246E-03,   51.50   5.1885E-03, 
  51.60   5.1526E-03,   51.70   5.1170E-03,   51.80   5.0817E-03,   51.90   5.0466E-03,   52.00   5.0117E-03,   52.10   4.9771E-03, 
  52.20   4.9427E-03,   52.30   4.9086E-03,   52.40   4.8748E-03,   52.50   4.8411E-03,   52.60   4.8077E-03,   52.70   4.7746E-03, 
  52.80   4.7417E-03,   52.90   4.7090E-03,   53.00   4.6765E-03,   53.10   4.6443E-03,   53.20   4.6123E-03,   53.30   4.5806E-03, 
  53.40   4.5490E-03,   53.50   4.5177E-03,   53.60   4.4866E-03,   53.70   4.4557E-03,   53.80   4.4251E-03,   53.90   4.3946E-03, 
  54.00   4.3644E-03,   54.10   4.3344E-03,   54.20   4.3046E-03,   54.30   4.2750E-03,   54.40   4.2456E-03,   54.50   4.2165E-03, 
  54.60   4.1875E-03,   54.70   4.1588E-03,   54.80   4.1302E-03,   54.90   4.1018E-03,   55.00   4.0737E-03,   55.10   4.0457E-03, 
  55.20   4.0180E-03,   55.30   3.9904E-03,   55.40   3.9630E-03,   55.50   3.9358E-03,   55.60   3.9089E-03,   55.70   3.8821E-03, 
  55.80   3.8555E-03,   55.90   3.8290E-03,   56.00   3.8028E-03,   56.10   3.7767E-03,   56.20   3.7509E-03,   56.30   3.7252E-03, 
  56.40   3.6997E-03,   56.50   3.6744E-03,   56.60   3.6492E-03,   56.70   3.6242E-03,   56.80   3.5994E-03,   56.90   3.5748E-03, 
  57.00   3.5504E-03,   57.10   3.5261E-03,   57.20   3.5020E-03,   57.30   3.4780E-03,   57.40   3.4543E-03,   57.50   3.4307E-03, 
  57.60   3.4072E-03,   57.70   3.3839E-03,   57.80   3.3608E-03,   57.90   3.3379E-03,   58.00   3.3151E-03,   58.10   3.2924E-03, 
  58.20   3.2700E-03,   58.30   3.2476E-03,   58.40   3.2255E-03,   58.50   3.2035E-03,   58.60   3.1816E-03,   58.70   3.1599E-03, 
  58.80   3.1384E-03,   58.90   3.1170E-03,   59.00   3.0957E-03,   59.10   3.0746E-03,   59.20   3.0537E-03,   59.30   3.0329E-03, 
  59.40   3.0122E-03,   59.50   2.9917E-03,   59.60   2.9713E-03,   59.70   2.9511E-03,   59.80   2.9310E-03,   59.90   2.9110E-03, 
  60.00   2.8912E-03, 

 No.   P1 P2 IN KIND T N  L  S1 IA J/S  IB BIND XFER  BE    SC PC FIL AFRAC Adjust  to  Z  Mass   K     Norm    rms      D0     D   ANC/Gsp

    At R=   59.900, ANC in ch  6 is   0.11292    ,   eta,eta*ln(2*rho)+rho =    0.0000        3.8872    

    6:  1  2  2  0     1  1 0.5  1 1.5   0  31   0   0.1000  1  3  0 0.0000 VR  1.0512; 0. 1.006 0.0649 1.0000  7.067  -73.0  -73.4  0.1129

   Real Bin from   0.000010 MeV to   0.500010 MeV (cm) in 100 steps,     WITH T-matrix (or D0) factors   and   no normalising:
 Skipping energy  0.0000 as ch  1 is  at energy  0.0000: too close to threshold!
 Skipping energy  0.0001 as ch  1 is  at energy  0.0001: too close to threshold!
 Skipping energy  0.0003 as ch  1 is  at energy  0.0003: too close to threshold!
 Skipping energy  0.0006 as ch  1 is  at energy  0.0006: too close to threshold!
 Skipping energy  0.0010 as ch  1 is  at energy  0.0010: too close to threshold!
 Skipping energy  0.0015 as ch  1 is  at energy  0.0015: too close to threshold!
 For #     7 1, K,BE =  0.0094041  0.0021000: S =   1.0000   0.0005 & Del =   0.013,  D0 =    -0.02    -0.00
 For #     8 1, K,BE =  0.0108633  0.0028023: S =   1.0000   0.0007 & Del =   0.020,  D0 =    -0.03    -0.00
 For #     9 1, K,BE =  0.0123225  0.0036057: S =   1.0000   0.0010 & Del =   0.029,  D0 =    -0.04    -0.00
 For #    10 1, K,BE =  0.0137817  0.0045102: S =   1.0000   0.0014 & Del =   0.041,  D0 =    -0.06    -0.00
 For #    11 1, K,BE =  0.0152409  0.0055158: S =   1.0000   0.0019 & Del =   0.056,  D0 =    -0.08    -0.00
 For #    12 1, K,BE =  0.0167001  0.0066226: S =   1.0000   0.0026 & Del =   0.074,  D0 =    -0.11    -0.00
 For #    13 1, K,BE =  0.0181593  0.0078304: S =   1.0000   0.0033 & Del =   0.096,  D0 =    -0.14    -0.00
 For #    14 1, K,BE =  0.0196184  0.0091394: S =   1.0000   0.0042 & Del =   0.121,  D0 =    -0.18    -0.00
 For #    15 1, K,BE =  0.0210776  0.0105495: S =   1.0000   0.0053 & Del =   0.152,  D0 =    -0.22    -0.00
 For #    16 1, K,BE =  0.0225368  0.0120608: S =   1.0000   0.0065 & Del =   0.187,  D0 =    -0.27    -0.00
 For #    17 1, K,BE =  0.0239960  0.0136731: S =   1.0000   0.0079 & Del =   0.227,  D0 =    -0.33    -0.00
 For #    18 1, K,BE =  0.0254552  0.0153866: S =   1.0000   0.0095 & Del =   0.273,  D0 =    -0.40    -0.00
 For #    19 1, K,BE =  0.0269144  0.0172012: S =   0.9999   0.0114 & Del =   0.326,  D0 =    -0.48    -0.00
 For #    20 1, K,BE =  0.0283736  0.0191170: S =   0.9999   0.0134 & Del =   0.384,  D0 =    -0.56    -0.00
 For #    21 1, K,BE =  0.0298328  0.0211338: S =   0.9999   0.0158 & Del =   0.452,  D0 =    -0.66    -0.01
 For #    22 1, K,BE =  0.0312920  0.0232518: S =   0.9998   0.0184 & Del =   0.527,  D0 =    -0.77    -0.01
 For #    23 1, K,BE =  0.0327512  0.0254709: S =   0.9998   0.0213 & Del =   0.611,  D0 =    -0.90    -0.01
 For #    24 1, K,BE =  0.0342104  0.0277911: S =   0.9997   0.0246 & Del =   0.705,  D0 =    -1.04    -0.01
 For #    25 1, K,BE =  0.0356696  0.0302124: S =   0.9996   0.0283 & Del =   0.810,  D0 =    -1.19    -0.02
 For #    26 1, K,BE =  0.0371288  0.0327349: S =   0.9995   0.0323 & Del =   0.926,  D0 =    -1.36    -0.02
 For #    27 1, K,BE =  0.0385880  0.0353585: S =   0.9993   0.0368 & Del =   1.054,  D0 =    -1.55    -0.03
 For #    28 1, K,BE =  0.0400471  0.0380832: S =   0.9991   0.0416 & Del =   1.193,  D0 =    -1.75    -0.04
 For #    29 1, K,BE =  0.0415063  0.0409090: S =   0.9989   0.0472 & Del =   1.353,  D0 =    -1.99    -0.05
 For #    30 1, K,BE =  0.0429655  0.0438359: S =   0.9986   0.0532 & Del =   1.524,  D0 =    -2.24    -0.06
 For #    31 1, K,BE =  0.0444247  0.0468640: S =   0.9982   0.0598 & Del =   1.713,  D0 =    -2.52    -0.08
 For #    32 1, K,BE =  0.0458839  0.0499932: S =   0.9977   0.0671 & Del =   1.923,  D0 =    -2.82    -0.09
 For #    33 1, K,BE =  0.0473431  0.0532235: S =   0.9972   0.0751 & Del =   2.152,  D0 =    -3.16    -0.12
 For #    34 1, K,BE =  0.0488023  0.0565549: S =   0.9965   0.0838 & Del =   2.404,  D0 =    -3.53    -0.15
 For #    35 1, K,BE =  0.0502615  0.0599875: S =   0.9956   0.0935 & Del =   2.682,  D0 =    -3.93    -0.18
 For #    36 1, K,BE =  0.0517207  0.0635212: S =   0.9946   0.1041 & Del =   2.988,  D0 =    -4.38    -0.23
 For #    37 1, K,BE =  0.0531799  0.0671560: S =   0.9933   0.1158 & Del =   3.324,  D0 =    -4.87    -0.28
 For #    38 1, K,BE =  0.0546391  0.0708919: S =   0.9917   0.1286 & Del =   3.693,  D0 =    -5.41    -0.35
 For #    39 1, K,BE =  0.0560983  0.0747289: S =   0.9898   0.1426 & Del =   4.100,  D0 =    -6.00    -0.43
 For #    40 1, K,BE =  0.0575575  0.0786671: S =   0.9874   0.1581 & Del =   4.550,  D0 =    -6.66    -0.53
 For #    41 1, K,BE =  0.0590167  0.0827064: S =   0.9845   0.1752 & Del =   5.045,  D0 =    -7.37    -0.65
 For #    42 1, K,BE =  0.0604758  0.0868468: S =   0.9810   0.1940 & Del =   5.592,  D0 =    -8.16    -0.80
 For #    43 1, K,BE =  0.0619350  0.0910883: S =   0.9767   0.2146 & Del =   6.197,  D0 =    -9.03    -0.98
 For #    44 1, K,BE =  0.0633942  0.0954310: S =   0.9714   0.2374 & Del =   6.868,  D0 =    -9.99    -1.20
 For #    45 1, K,BE =  0.0648534  0.0998747: S =   0.9649   0.2626 & Del =   7.613,  D0 =   -11.05    -1.48
 For #    46 1, K,BE =  0.0663126  0.1044196: S =   0.9569   0.2904 & Del =   8.442,  D0 =   -12.22    -1.81
 For #    47 1, K,BE =  0.0677718  0.1090656: S =   0.9470   0.3212 & Del =   9.366,  D0 =   -13.52    -2.23
 For #    48 1, K,BE =  0.0692310  0.1138128: S =   0.9348   0.3551 & Del =  10.401,  D0 =   -14.95    -2.74
 For #    49 1, K,BE =  0.0706902  0.1186610: S =   0.9197   0.3927 & Del =  11.561,  D0 =   -16.53    -3.38
 For #    50 1, K,BE =  0.0721494  0.1236104: S =   0.9008   0.4342 & Del =  12.867,  D0 =   -18.27    -4.17
 For #    51 1, K,BE =  0.0736086  0.1286609: S =   0.8773   0.4799 & Del =  14.341,  D0 =   -20.20    -5.16
 For #    52 1, K,BE =  0.0750678  0.1338126: S =   0.8478   0.5302 & Del =  16.011,  D0 =   -22.32    -6.40
 For #    53 1, K,BE =  0.0765270  0.1390653: S =   0.8108   0.5853 & Del =  17.911,  D0 =   -24.63    -7.96
 For #    54 1, K,BE =  0.0779862  0.1444192: S =   0.7643   0.6449 & Del =  20.079,  D0 =   -27.14    -9.92
 For #    55 1, K,BE =  0.0794454  0.1498742: S =   0.7056   0.7086 & Del =  22.562,  D0 =   -29.83   -12.39
 For #    56 1, K,BE =  0.0809045  0.1554303: S =   0.6316   0.7753 & Del =  25.415,  D0 =   -32.63   -15.50
 For #    57 1, K,BE =  0.0823637  0.1610875: S =   0.5388   0.8425 & Del =  28.700,  D0 =   -35.46   -19.41
 For #    58 1, K,BE =  0.0838229  0.1668459: S =   0.4230   0.9061 & Del =  32.486,  D0 =   -38.14   -24.28
 For #    59 1, K,BE =  0.0852821  0.1727054: S =   0.2809   0.9597 & Del =  36.843,  D0 =   -40.39   -30.27
 For #    60 1, K,BE =  0.0867413  0.1786660: S =   0.1102   0.9939 & Del =  41.835,  D0 =   -41.83   -37.45
 For #    61 1, K,BE =  0.0882005  0.1847277: S =  -0.0873   0.9962 & Del =  47.503,  D0 =   -41.93   -45.76
 For #    62 1, K,BE =  0.0896597  0.1908905: S =  -0.3038   0.9527 & Del =  53.842,  D0 =   -40.10   -54.87
 For #    63 1, K,BE =  0.0911189  0.1971545: S =  -0.5234   0.8521 & Del =  60.780,  D0 =   -35.86   -64.12
 For #    64 1, K,BE =  0.0925781  0.2035196: S =  -0.7232   0.6907 & Del =  68.158,  D0 =   -29.07   -72.53
 For #    65 1, K,BE =  0.0940373  0.2099858: S =  -0.8787   0.4774 & Del =  75.742,  D0 =   -20.09   -79.07
 For #    66 1, K,BE =  0.0954965  0.2165531: S =  -0.9724   0.2333 & Del =  83.253,  D0 =    -9.82   -83.02
 For #    67 1, K,BE =  0.0969557  0.2232216: S =  -0.9999  -0.0150 & Del =  90.429,  D0 =     0.63   -84.17
 For #    68 1, K,BE =  0.0984149  0.2299912: S =  -0.9697  -0.2444 & Del =  97.072,  D0 =    10.28   -82.90
 For #    69 1, K,BE =  0.0998741  0.2368619: S =  -0.8978  -0.4405 & Del = 103.068,  D0 =    18.54   -79.87
 For #    70 1, K,BE =  0.1013332  0.2438337: S =  -0.8011  -0.5985 & Del = 108.383,  D0 =    25.19   -75.81
 For #    71 1, K,BE =  0.1027924  0.2509066: S =  -0.6937  -0.7203 & Del = 113.038,  D0 =    30.31   -71.29
 For #    72 1, K,BE =  0.1042516  0.2580807: S =  -0.5853  -0.8108 & Del = 117.089,  D0 =    34.13   -66.72
 For #    73 1, K,BE =  0.1057108  0.2653559: S =  -0.4816  -0.8764 & Del = 120.604,  D0 =    36.89   -62.36
 For #    74 1, K,BE =  0.1071700  0.2727322: S =  -0.3858  -0.9226 & Del = 123.654,  D0 =    38.83   -58.33
 For #    75 1, K,BE =  0.1086292  0.2802096: S =  -0.2989  -0.9543 & Del = 126.303,  D0 =    40.16   -54.67
 For #    76 1, K,BE =  0.1100884  0.2877882: S =  -0.2212  -0.9752 & Del = 128.612,  D0 =    41.05   -51.40
 For #    77 1, K,BE =  0.1115476  0.2954679: S =  -0.1520  -0.9884 & Del = 130.629,  D0 =    41.60   -48.49
 For #    78 1, K,BE =  0.1130068  0.3032486: S =  -0.0907  -0.9959 & Del = 132.398,  D0 =    41.92   -45.91
 For #    79 1, K,BE =  0.1144660  0.3111306: S =  -0.0365  -0.9993 & Del = 133.955,  D0 =    42.06   -43.62
 For #    80 1, K,BE =  0.1159252  0.3191136: S =   0.0115  -0.9999 & Del = 135.330,  D0 =    42.09   -41.60
 For #    81 1, K,BE =  0.1173844  0.3271978: S =   0.0540  -0.9985 & Del = 136.548,  D0 =    42.03   -39.82
 For #    82 1, K,BE =  0.1188436  0.3353831: S =   0.0917  -0.9958 & Del = 137.630,  D0 =    41.91   -38.23
 For #    83 1, K,BE =  0.1203028  0.3436695: S =   0.1251  -0.9921 & Del = 138.594,  D0 =    41.76   -36.82
 For #    84 1, K,BE =  0.1217619  0.3520570: S =   0.1549  -0.9879 & Del = 139.456,  D0 =    41.58   -35.57
 For #    85 1, K,BE =  0.1232211  0.3605456: S =   0.1814  -0.9834 & Del = 140.227,  D0 =    41.39   -34.45
 For #    86 1, K,BE =  0.1246803  0.3691354: S =   0.2051  -0.9787 & Del = 140.919,  D0 =    41.19   -33.45
 For #    87 1, K,BE =  0.1261395  0.3778263: S =   0.2263  -0.9741 & Del = 141.540,  D0 =    41.00   -32.56
 For #    88 1, K,BE =  0.1275987  0.3866183: S =   0.2453  -0.9695 & Del = 142.098,  D0 =    40.80   -31.77
 For #    89 1, K,BE =  0.1290579  0.3955114: S =   0.2622  -0.9650 & Del = 142.602,  D0 =    40.62   -31.05
 For #    90 1, K,BE =  0.1305171  0.4045057: S =   0.2775  -0.9607 & Del = 143.055,  D0 =    40.44   -30.41
 For #    91 1, K,BE =  0.1319763  0.4136011: S =   0.2912  -0.9567 & Del = 143.464,  D0 =    40.26   -29.83
 For #    92 1, K,BE =  0.1334355  0.4227976: S =   0.3035  -0.9528 & Del = 143.833,  D0 =    40.10   -29.32
 For #    93 1, K,BE =  0.1348947  0.4320952: S =   0.3145  -0.9493 & Del = 144.165,  D0 =    39.95   -28.85
 For #    94 1, K,BE =  0.1363539  0.4414940: S =   0.3244  -0.9459 & Del = 144.464,  D0 =    39.81   -28.44
 For #    95 1, K,BE =  0.1378131  0.4509938: S =   0.3333  -0.9428 & Del = 144.733,  D0 =    39.68   -28.06
 For #    96 1, K,BE =  0.1392723  0.4605948: S =   0.3412  -0.9400 & Del = 144.975,  D0 =    39.56   -27.73
 For #    97 1, K,BE =  0.1407315  0.4702969: S =   0.3483  -0.9374 & Del = 145.193,  D0 =    39.45   -27.43
 For #    98 1, K,BE =  0.1421906  0.4801002: S =   0.3547  -0.9350 & Del = 145.387,  D0 =    39.35   -27.16
 For #    99 1, K,BE =  0.1436498  0.4900045: S =   0.3603  -0.9328 & Del = 145.560,  D0 =    39.26   -26.92
 For #   100 1, K,BE =  0.1451090  0.5000100: S =   0.3653  -0.9309 & Del = 145.714,  D0 =    39.18   -26.71

  Norm =  0.9781 from =  0.9781, RMS = 12.5299 & D0 =     -368.15 or   -8.32E+01


 For channel #  1 with L = 1

   N    Y(R)
   1   0.0000E+00 0.0000E+00      6   0.3772E-01 0.1576E-17     11   0.1350E+00 0.6052E-17
  16   0.2528E+00 0.1236E-16     21   0.3494E+00 0.1691E-16     26   0.4015E+00 0.1494E-16
  31   0.4113E+00 0.1501E-16     36   0.3952E+00 0.2003E-16     41   0.3686E+00 0.1328E-16
  46   0.3404E+00 0.1381E-16     51   0.3143E+00 0.1335E-16     56   0.2912E+00 0.9342E-17
  61   0.2712E+00 0.1281E-16     66   0.2537E+00 0.1125E-16     71   0.2384E+00 0.9137E-17
  76   0.2248E+00 0.9904E-17     81   0.2125E+00 0.5911E-17     86   0.2013E+00 0.7641E-17
  91   0.1910E+00 0.8023E-17     96   0.1813E+00 0.4637E-17    101   0.1721E+00 0.3912E-17
 106   0.1634E+00 0.1902E-17    111   0.1550E+00 0.3677E-17    116   0.1469E+00 0.2149E-17
 121   0.1389E+00 0.1326E-17    126   0.1312E+00 0.4720E-18    131   0.1235E+00 0.3235E-18
 136   0.1159E+00-0.1424E-17    141   0.1084E+00-0.1249E-17    146   0.1010E+00-0.3183E-17
 151   0.9365E-01-0.2155E-17    156   0.8632E-01-0.3964E-17    161   0.7904E-01-0.3908E-17
 166   0.7181E-01-0.4942E-17    171   0.6463E-01-0.6640E-17    176   0.5751E-01-0.5666E-17
 181   0.5046E-01-0.7311E-17    186   0.4348E-01-0.7264E-17    191   0.3659E-01-0.6991E-17
 196   0.2980E-01-0.9193E-17    201   0.2312E-01-0.1020E-16    206   0.1656E-01-0.9029E-17
 211   0.1015E-01-0.9431E-17    216   0.3879E-02-0.9004E-17    221  -0.2222E-02-0.1112E-16
 226  -0.8143E-02-0.1224E-16    231  -0.1387E-01-0.1023E-16    236  -0.1939E-01-0.1162E-16
 241  -0.2469E-01-0.1022E-16    246  -0.2976E-01-0.1020E-16    251  -0.3459E-01-0.1031E-16
 256  -0.3915E-01-0.1249E-16    261  -0.4346E-01-0.1147E-16    266  -0.4748E-01-0.9425E-17
 271  -0.5122E-01-0.1188E-16    276  -0.5467E-01-0.8371E-17    281  -0.5782E-01-0.9528E-17
 286  -0.6066E-01-0.1015E-16    291  -0.6320E-01-0.9631E-17    296  -0.6542E-01-0.9911E-17
 301  -0.6733E-01-0.9565E-17    306  -0.6891E-01-0.8345E-17    311  -0.7018E-01-0.8589E-17
 316  -0.7114E-01-0.7838E-17    321  -0.7178E-01-0.5540E-17    326  -0.7211E-01-0.6965E-17
 331  -0.7214E-01-0.6043E-17    336  -0.7186E-01-0.6484E-17    341  -0.7129E-01-0.3976E-17
 346  -0.7044E-01-0.4504E-17    351  -0.6931E-01-0.3399E-17    356  -0.6791E-01-0.2159E-17
 361  -0.6625E-01-0.1555E-17    366  -0.6435E-01-0.9090E-18    371  -0.6222E-01-0.5157E-18
 376  -0.5987E-01 0.1648E-17    381  -0.5732E-01 0.1079E-17    386  -0.5457E-01 0.2738E-17
 391  -0.5165E-01 0.3837E-17    396  -0.4858E-01 0.4505E-17    401  -0.4535E-01 0.4894E-17
 406  -0.4201E-01 0.4494E-17    411  -0.3855E-01 0.5483E-17    416  -0.3500E-01 0.6873E-17
 421  -0.3137E-01 0.6191E-17    426  -0.2769E-01 0.7512E-17    431  -0.2397E-01 0.7373E-17
 436  -0.2022E-01 0.8069E-17    441  -0.1647E-01 0.9169E-17    446  -0.1272E-01 0.8688E-17
 451  -0.9010E-02 0.9699E-17    456  -0.5339E-02 0.1018E-16    461  -0.1728E-02 0.9201E-17
 466   0.1809E-02 0.1150E-16    471   0.5256E-02 0.1139E-16    476   0.8600E-02 0.9261E-17
 481   0.1183E-01 0.1109E-16    486   0.1492E-01 0.1173E-16    491   0.1788E-01 0.9335E-17
 496   0.2068E-01 0.1102E-16    501   0.2332E-01 0.9558E-17    506   0.2578E-01 0.1019E-16
 511   0.2807E-01 0.1063E-16    516   0.3017E-01 0.9322E-17    521   0.3207E-01 0.1096E-16
 526   0.3377E-01 0.9337E-17    531   0.3526E-01 0.9712E-17    536   0.3655E-01 0.7712E-17
 541   0.3762E-01 0.8364E-17    546   0.3848E-01 0.6968E-17    551   0.3913E-01 0.6489E-17
 556   0.3957E-01 0.7113E-17    561   0.3979E-01 0.4675E-17    566   0.3981E-01 0.5106E-17
 571   0.3962E-01 0.4555E-17    576   0.3923E-01 0.5017E-17    581   0.3864E-01 0.4326E-17
 586   0.3787E-01 0.3020E-17    591   0.3691E-01 0.1241E-17    596   0.3578E-01 0.1282E-17
 601   0.6549E-02-0.2601E-18

 No.   P1 P2 IN KIND T N  L  S1 IA J/S  IB BIND XFER  BE    SC PC FIL AFRAC Adjust  to  Z  Mass   K     Norm    rms      D0     D   ANC/Gsp

    7:  1  2  2  0     1  1 0.5  1 1.5   0  31   0  -0.1223  4  3  0 0.0000 BIN 1.0000; 0. 1.006 0.0718 0.9781 12.530  -61.4  -61.9  0.0977

 ************************************************************************************************************************************

 ONE-way COUPLING # 1 for partitions -2 <-  1 of KIND  5,   0  0  0 -1 -1 & P1,P2 =  125.1900   0.0000 : for J <=    30.5 & R <  59.7 fm.


 data =  1  1  1  1  1.0000,  so  < [deuteron #  1] / [proton   #  1]  * Eigen-form #  1>  =   1.0000            BE =  2.225     2

 data =  2  1  1  3  1.0000,  so  < [8Li      #  1] / [7Li      #  1]  * Eigen-form #  3>  =   1.0000            BE =  2.033     3

 data =  2  2  1  4  1.0000,  so  < [8Li      #  2] / [7Li      #  1]  * Eigen-form #  4>  =   1.0000            BE =  1.053     4

 data =  2  3  1  5  1.0000,  so  < [8Li      #  3] / [7Li      #  1]  * Eigen-form #  5>  =   1.0000            BE =  0.200     5

 data =  2  4  1  6  1.0000,  so  < [8Li      #  4] / [7Li      #  1]  * Eigen-form #  6>  =   1.0000            BE =  0.100     6

 data = -2  5  1  7  1.0000,  so  < [8Li      #  5] / [7Li      #  1]  * Eigen-form #  7>  =   1.0000            BE = -0.122     7
 KNT =   3, KNP =   1: NK,NG,loc=   1   1   1  27  T  T  F
 KNT =   4, KNP =   1: NK,NG,loc=   2   2   2  28  T  T  F
 KNT =   5, KNP =   1: NK,NG,loc=   3   3   3  29  T  T  F
 KNT =   6, KNP =   1: NK,NG,loc=   4   4   4  30  T  T  F
 KNT =   7, KNP =   1: NK,NG,loc=   5   5   5  31  T  T  F

     So ZERO-RANGE TRANSFER, with D0 =   125.190 and finite-range effective radius   0.0000 fm.

   3  1  1 27     2.225   125.190   125.190     1.006     0.503     0.000     0.100
   4  1  2 28     2.225   125.190   125.190     1.006     0.503     0.000     0.100
   5  1  3 29     2.225   125.190   125.190     1.006     0.503     0.000     0.100
   6  1  4 30     2.225   125.190   125.190     1.006     0.503     0.000     0.100
   7  1  5 31     2.325   125.190   125.190     1.006     0.503     0.000     0.100

 Incoming partition  1 in excitation state # 1,   Laboratory Energy given for partition  1 Nucleus 1 in Excitation pair 1

0Lab. ENERGY ranges :

   from    14.5700     to   0.00000     in     0 intervals
   from    0.00000     to   0.00000     in     0 intervals
   from    0.00000     to   0.00000     in     0 intervals

 Largest real,imaginary parts of any form factor at R=   59.00 are   2.78E-01  1.57E-31 MeV
 Finished all Couplings @    1.70869995E-02          31

 Non-symmetric Hamiltonian
1***********************************************************************************************************************************
************************************************************************************************************************************

        INCOMING deuteron ;    LABORATORY deuteron ENERGY =   14.570     MeV.

 ***********************************************************************************************************************************
 ***********************************************************************************************************************************

 Allocate arrays for           13  channels, of which            3  need wfs.

 ######################################################################################################################
 #                                                                                                                    #
 # Total SPIN and PARITY =     0.5 +,     13 channels,    0 in 1st block.  Rmin & Coul turning =    0.0    0.4 fm.  #
 #                                                                                                                    #
 ######################################################################################################################



    C Projectl Target   #   EX.   (L  Proj) J  + Targ = Jtotal     E-cm      Re K     Re Eta     RM*K            CH
    1 deuteron 7Li      #    1: I   1 1.0    1.0  1.5     0.5    11.32036   0.92051   0.17564   55.2308  -0.23145  -0.44420 1 1 1   1
    2 deuteron 7Li      #    1: I   1 1.0    2.0  1.5     0.5    11.32036   0.92051   0.17564   55.2308  -0.23145  -0.44420 1 1 1   1
    3 deuteron 7Li      #    1: I   3 1.0    2.0  1.5     0.5    11.32036   0.92051   0.17564   55.2308   0.12090   0.48650 1 1 1   1
    4 proton   8Li      #    1:     2 0.5    1.5  2.0     0.5    11.12846   0.69028   0.13398   41.4165  -0.08999   0.49311 2 1 2   1
    5 proton   8Li      #    1:     2 0.5    2.5  2.0     0.5    11.12846   0.69028   0.13398   41.4165  -0.08999   0.49311 2 1 2   1
    6 proton   8Li      #    2:     0 0.5    0.5  1.0     0.5    10.14846   0.65918   0.14030   39.5509  -0.45900   0.20052 2 2 2   2
    7 proton   8Li      #    2:     2 0.5    1.5  1.0     0.5    10.14846   0.65918   0.14030   39.5509   0.49737  -0.06324 2 2 2   2
    8 proton   8Li      #    3:     2 0.5    2.5  3.0     0.5     9.29546   0.63087   0.14659   37.8522  -0.13189  -0.48385 2 3 2   3
    9 proton   8Li      #    3:     4 0.5    3.5  3.0     0.5     9.29546   0.63087   0.14659   37.8522  -0.00243   0.50274 2 3 2   3
   10 proton   8Li      #    4:     2 0.5    2.5  3.0     0.5     9.19546   0.62747   0.14739   37.6481  -0.22792  -0.44674 2 4 2   4
   11 proton   8Li      #    4:     4 0.5    3.5  3.0     0.5     9.19546   0.62747   0.14739   37.6481   0.09955   0.49282 2 4 2   4
   12 proton   8Li      #    5:     2 0.5    2.5  3.0     0.5     8.87346   0.61638   0.15004   36.9830  -0.45610  -0.20869 2 5 2   5
   13 proton   8Li      #    5:     4 0.5    3.5  3.0     0.5     8.87346   0.61638   0.15004   36.9830   0.38252   0.32645 2 5 2   5
   S-matrix    1 =   -0.58653   0.26205 for L=    1, J=    1.0 channel on core I =   1.5 from L=    1,  Acc. loss =  0.0 D.
 Elastic phase shift   1 =   77.963  12.678 deg. for the L =    1, J =    1.0 channel.
       0.5 -0.58652962  0.26205283i: elastic S-matrix  @@      0.00  0   0 F  0
 Reaction Xsec     0.5+/ 1 @ 1 =   3.629 , Out:   0.000#   0.021    0.302    5.714/   5.224/   0.025    3.270f

   S-matrix    2 =   -0.58653   0.26205 for L=    1, J=    2.0 channel on core I =   1.5 from L=    1,  Acc. loss =  0.0 D.
 Elastic phase shift   2 =   77.963  12.678 deg. for the L =    1, J =    2.0 channel.
       0.5 -0.58652962  0.26205283i: elastic S-matrix  @@      0.00  0   0 F  0
 Reaction Xsec     0.5+/ 1 @ 2 =   3.629 , Out:   0.000#   7.827/   0.527    1.143/   1.045/   5.035/   3.087f

   S-matrix    3 =    0.30185   0.32296 for L=    3, J=    2.0 channel on core I =   1.5 from L=    3,  Acc. loss =  0.0 D.
 Elastic phase shift   3 =   23.468  23.386 deg. for the L =    3, J =    2.0 channel.
       0.5  0.30185062  0.32296141i: elastic S-matrix  @@      0.00  0   0 F  0
 Reaction Xsec     0.5+/ 3 @ 3 =   4.972 , Out:   0.000#   0.133    0.137    0.023    0.022    0.080    4.577f


 Total SPIN, PARITY =     0.5 -,     13 chs,      0 cc.  Rmin & Coul turning =    0.0    0.4
   S-matrix    1 =   -0.25749  -0.15595 for L=    0, J=    1.0 channel on core I =   1.5 from L=    0,  Acc. loss =  0.0 D.
 Elastic phase shift   1 =  -74.399  34.393 deg. for the L =    0, J =    1.0 channel.
       0.5 -0.25749219 -0.15594970i: elastic S-matrix  @@      0.00  0   0 F  0
 Reaction Xsec     0.5-/ 0 @ 1 =   5.619 , Out:   0.000#   0.135    0.113    0.000#   0.000#   0.000#   5.371f

   S-matrix    2 =   -0.25989   0.19708 for L=    2, J=    1.0 channel on core I =   1.5 from L=    2,  Acc. loss =  0.0 D.
 Elastic phase shift   2 =   71.413  32.096 deg. for the L =    2, J =    1.0 channel.
       0.5 -0.25989349  0.19708022i: elastic S-matrix  @@      0.00  0   0 F  0
 Reaction Xsec     0.5-/ 2 @ 2 =   5.522 , Out:   0.000#   0.088    0.066    0.120    0.109    0.251    4.889f

   S-matrix    3 =   -0.25989   0.19708 for L=    2, J=    2.0 channel on core I =   1.5 from L=    2,  Acc. loss =  0.0 D.
 Elastic phase shift   3 =   71.413  32.096 deg. for the L =    2, J =    2.0 channel.
       0.5 -0.25989349  0.19708022i: elastic S-matrix  @@      0.00  0   0 F  0
 Reaction Xsec     0.5-/ 2 @ 3 =   5.522 , Out:   0.000#   0.057    0.158    0.068    0.062    0.125    5.052f

 Allocate arrays for           24  channels, of which            5  need wfs.

 Total SPIN, PARITY =     1.5 +,     24 chs,      0 cc.  Rmin & Coul turning =    0.2    1.7
   S-matrix    1 =   -0.58653   0.26205 for L=    1, J=    0.0 channel on core I =   1.5 from L=    1,  Acc. loss =  0.0 D.
 Elastic phase shift   1 =   77.963  12.678 deg. for the L =    1, J =    0.0 channel.
       1.5 -0.58652962  0.26205283i: elastic S-matrix  @@      0.00  0   0 F  0
 Reaction Xsec     1.5+/ 1 @ 1 =   7.258 , Out:   0.000#   0.031    0.036    0.091    0.084    0.264    6.753f

   S-matrix    2 =   -0.58653   0.26205 for L=    1, J=    1.0 channel on core I =   1.5 from L=    1,  Acc. loss =  0.0 D.
 Elastic phase shift   2 =   77.963  12.678 deg. for the L =    1, J =    1.0 channel.
       1.5 -0.58652962  0.26205283i: elastic S-matrix  @@      0.00  0   0 F  0
 Reaction Xsec     1.5+/ 1 @ 2 =   7.258 , Out:   0.000#   0.875    0.264    0.060    0.055    0.184    5.821f

   S-matrix    3 =   -0.58653   0.26205 for L=    1, J=    2.0 channel on core I =   1.5 from L=    1,  Acc. loss =  0.0 D.
 Elastic phase shift   3 =   77.963  12.678 deg. for the L =    1, J =    2.0 channel.
       1.5 -0.58652962  0.26205283i: elastic S-matrix  @@      0.00  0   0 F  0
 Reaction Xsec     1.5+/ 1 @ 3 =   7.258 , Out:   0.000#   0.877    2.092    8.771/   8.030/   0.036    4.236f

   S-matrix    4 =    0.30185   0.32296 for L=    3, J=    2.0 channel on core I =   1.5 from L=    3,  Acc. loss =  0.0 D.
 Elastic phase shift   4 =   23.468  23.386 deg. for the L =    3, J =    2.0 channel.
       1.5  0.30185062  0.32296141i: elastic S-matrix  @@      0.00  0   0 F  0
 Reaction Xsec     1.5+/ 3 @ 4 =   9.943 , Out:   0.000#   0.308    0.068    0.095    0.089    0.151    9.232f

   S-matrix    5 =    0.30185   0.32296 for L=    3, J=    3.0 channel on core I =   1.5 from L=    3,  Acc. loss =  0.0 D.
 Elastic phase shift   5 =   23.468  23.386 deg. for the L =    3, J =    3.0 channel.
       1.5  0.30185062  0.32296141i: elastic S-matrix  @@      0.00  0   0 F  0
 Reaction Xsec     1.5+/ 3 @ 5 =   9.943 , Out:   0.000#   0.171    0.548    0.022    0.021    0.080    9.101f


 Total SPIN, PARITY =     1.5 -,     24 chs,      0 cc.  Rmin & Coul turning =    0.2    1.7
   S-matrix    1 =   -0.25749  -0.15595 for L=    0, J=    1.0 channel on core I =   1.5 from L=    0,  Acc. loss =  0.0 D.
 Elastic phase shift   1 =  -74.399  34.393 deg. for the L =    0, J =    1.0 channel.
       1.5 -0.25749219 -0.15594970i: elastic S-matrix  @@      0.00  0   0 F  0
 Reaction Xsec     1.5-/ 0 @ 1 =  11.239 , Out:   0.000#   0.233    0.155    0.110    0.100    0.174   10.467f

   S-matrix    2 =   -0.25989   0.19708 for L=    2, J=    1.0 channel on core I =   1.5 from L=    2,  Acc. loss =  0.0 D.
 Elastic phase shift   2 =   71.413  32.096 deg. for the L =    2, J =    1.0 channel.
       1.5 -0.25989349  0.19708022i: elastic S-matrix  @@      0.00  0   0 F  0
 Reaction Xsec     1.5-/ 2 @ 2 =  11.044 , Out:   0.000#   0.282    0.110    0.190    0.171    0.344    9.948f

   S-matrix    3 =   -0.25989   0.19708 for L=    2, J=    2.0 channel on core I =   1.5 from L=    2,  Acc. loss =  0.0 D.
 Elastic phase shift   3 =   71.413  32.096 deg. for the L =    2, J =    2.0 channel.
       1.5 -0.25989349  0.19708022i: elastic S-matrix  @@      0.00  0   0 F  0
 Reaction Xsec     1.5-/ 2 @ 3 =  11.044 , Out:   0.000#   0.361    0.680    0.135    0.123    0.257    9.488f

   S-matrix    4 =   -0.25989   0.19708 for L=    2, J=    3.0 channel on core I =   1.5 from L=    2,  Acc. loss =  0.0 D.
 Elastic phase shift   4 =   71.413  32.096 deg. for the L =    2, J =    3.0 channel.
       1.5 -0.25989349  0.19708022i: elastic S-matrix  @@      0.00  0   0 F  0
 Reaction Xsec     1.5-/ 2 @ 4 =  11.044 , Out:   0.000#   0.346    0.864    0.036    0.032    0.062    9.704f

   S-matrix    5 =    0.56902  -0.10083 for L=    4, J=    3.0 channel on core I =   1.5 from L=    4,  Acc. loss =  0.0 D.
 Elastic phase shift   5 =   -5.024  15.710 deg. for the L =    4, J =    3.0 channel.
       1.5  0.56901959 -0.10082661i: elastic S-matrix  @@      0.00  0   0 F  0
 Reaction Xsec     1.5-/ 4 @ 5 =   8.231 , Out:   0.000#   0.041    0.094    0.024    0.020    0.051    8.001f

 Allocate arrays for           32  channels, of which            6  need wfs.

 Total SPIN, PARITY =     2.5 +,     32 chs,      0 cc.  Rmin & Coul turning =    0.4    2.9
   S-matrix    1 =   -0.58653   0.26205 for L=    1, J=    1.0 channel on core I =   1.5 from L=    1,  Acc. loss =  0.0 D.
 Elastic phase shift   1 =   77.963  12.678 deg. for the L =    1, J =    1.0 channel.
       2.5 -0.58652962  0.26205283i: elastic S-matrix  @@      0.00  0   0 F  0
 Reaction Xsec     2.5+/ 1 @ 1 =  10.887 , Out:   0.000#   0.251    0.021    0.852    0.751    0.323    8.689f

   S-matrix    2 =   -0.58653   0.26205 for L=    1, J=    2.0 channel on core I =   1.5 from L=    1,  Acc. loss =  0.0 D.
 Elastic phase shift   2 =   77.963  12.678 deg. for the L =    1, J =    2.0 channel.
       2.5 -0.58652962  0.26205283i: elastic S-matrix  @@      0.00  0   0 F  0
 Reaction Xsec     2.5+/ 1 @ 2 =  10.887 , Out:   0.000#   4.563    0.014    0.349    0.307    0.114    5.539f

   S-matrix    3 =    0.30185   0.32296 for L=    3, J=    2.0 channel on core I =   1.5 from L=    3,  Acc. loss =  0.0 D.
 Elastic phase shift   3 =   23.468  23.386 deg. for the L =    3, J =    2.0 channel.
       2.5  0.30185062  0.32296141i: elastic S-matrix  @@      0.00  0   0 F  0
 Reaction Xsec     2.5+/ 3 @ 3 =  14.915 , Out:   0.000#   0.212    0.248    0.293    0.271    0.279   13.613f

   S-matrix    4 =    0.30185   0.32296 for L=    3, J=    3.0 channel on core I =   1.5 from L=    3,  Acc. loss =  0.0 D.
 Elastic phase shift   4 =   23.468  23.386 deg. for the L =    3, J =    3.0 channel.
       2.5  0.30185062  0.32296141i: elastic S-matrix  @@      0.00  0   0 F  0
 Reaction Xsec     2.5+/ 3 @ 4 =  14.915 , Out:   0.000#   0.854    0.884    0.094    0.088    0.155   12.840f

   S-matrix    5 =    0.30185   0.32296 for L=    3, J=    4.0 channel on core I =   1.5 from L=    3,  Acc. loss =  0.0 D.
 Elastic phase shift   5 =   23.468  23.386 deg. for the L =    3, J =    4.0 channel.
       2.5  0.30185062  0.32296141i: elastic S-matrix  @@      0.00  0   0 F  0
 Reaction Xsec     2.5+/ 3 @ 5 =  14.915 , Out:   0.000#   1.039    3.183    0.051    0.046    0.040   10.556f

   S-matrix    6 =    0.35003   0.17338 for L=    5, J=    4.0 channel on core I =   1.5 from L=    5,  Acc. loss =  0.0 D.
 Elastic phase shift   6 =   13.175  26.930 deg. for the L =    5, J =    4.0 channel.
       2.5  0.35003041  0.17337502i: elastic S-matrix  @@      0.00  0   0 F  0
 Reaction Xsec     2.5+/ 5 @ 6 =  15.709 , Out:   0.000#   0.155    0.167    0.032    0.029    0.063   15.263f


 Total SPIN, PARITY =     2.5 -,     32 chs,      0 cc.  Rmin & Coul turning =    0.4    2.9
   S-matrix    1 =   -0.25749  -0.15595 for L=    0, J=    1.0 channel on core I =   1.5 from L=    0,  Acc. loss =  0.0 D.
 Elastic phase shift   1 =  -74.399  34.393 deg. for the L =    0, J =    1.0 channel.
       2.5 -0.25749219 -0.15594970i: elastic S-matrix  @@      0.00  0   0 F  0
 Reaction Xsec     2.5-/ 0 @ 1 =  16.858 , Out:   0.000#   0.245    0.043    0.398    0.361    0.647   15.164f

   S-matrix    2 =   -0.25989   0.19708 for L=    2, J=    1.0 channel on core I =   1.5 from L=    2,  Acc. loss =  0.0 D.
 Elastic phase shift   2 =   71.413  32.096 deg. for the L =    2, J =    1.0 channel.
       2.5 -0.25989349  0.19708022i: elastic S-matrix  @@      0.00  0   0 F  0
 Reaction Xsec     2.5-/ 2 @ 2 =  16.566 , Out:   0.000#   0.307    0.179    0.267    0.236    0.294   15.283f

   S-matrix    3 =   -0.25989   0.19708 for L=    2, J=    2.0 channel on core I =   1.5 from L=    2,  Acc. loss =  0.0 D.
 Elastic phase shift   3 =   71.413  32.096 deg. for the L =    2, J =    2.0 channel.
       2.5 -0.25989349  0.19708022i: elastic S-matrix  @@      0.00  0   0 F  0
 Reaction Xsec     2.5-/ 2 @ 3 =  16.566 , Out:   0.000#   1.619    0.074    0.263    0.235    0.396   13.979f

   S-matrix    4 =   -0.25989   0.19708 for L=    2, J=    3.0 channel on core I =   1.5 from L=    2,  Acc. loss =  0.0 D.
 Elastic phase shift   4 =   71.413  32.096 deg. for the L =    2, J =    3.0 channel.
       2.5 -0.25989349  0.19708022i: elastic S-matrix  @@      0.00  0   0 F  0
 Reaction Xsec     2.5-/ 2 @ 4 =  16.566 , Out:   0.000#   1.506    1.618    0.164    0.146    0.223   12.909f

   S-matrix    5 =    0.56902  -0.10083 for L=    4, J=    3.0 channel on core I =   1.5 from L=    4,  Acc. loss =  0.0 D.
 Elastic phase shift   5 =   -5.024  15.710 deg. for the L =    4, J =    3.0 channel.
       2.5  0.56901959 -0.10082661i: elastic S-matrix  @@      0.00  0   0 F  0
 Reaction Xsec     2.5-/ 4 @ 5 =  12.347 , Out:   0.000#   0.105    6.188/   0.090    0.085    0.263   11.798f

   S-matrix    6 =    0.56902  -0.10083 for L=    4, J=    4.0 channel on core I =   1.5 from L=    4,  Acc. loss =  0.0 D.
 Elastic phase shift   6 =   -5.024  15.710 deg. for the L =    4, J =    4.0 channel.
       2.5  0.56901959 -0.10082661i: elastic S-matrix  @@      0.00  0   0 F  0
 Reaction Xsec     2.5-/ 4 @ 6 =  12.347 , Out:   0.000#   0.072    0.302    0.019    0.017    0.043   11.894f

 Allocate arrays for           35  channels, of which            6  need wfs.

 Total SPIN, PARITY =     3.5 +,     35 chs,      0 cc.  Rmin & Coul turning =    0.6    4.0
   S-matrix    1 =   -0.58653   0.26205 for L=    1, J=    2.0 channel on core I =   1.5 from L=    1,  Acc. loss =  0.0 D.
 Elastic phase shift   1 =   77.963  12.678 deg. for the L =    1, J =    2.0 channel.
       3.5 -0.58652962  0.26205283i: elastic S-matrix  @@      0.00  0   0 F  0
 Reaction Xsec     3.5+/ 1 @ 1 =  14.517 , Out:   0.000#   0.017    6.185/   3.492    3.061    0.300    7.641f

   S-matrix    2 =    0.30185   0.32296 for L=    3, J=    2.0 channel on core I =   1.5 from L=    3,  Acc. loss =  0.0 D.
 Elastic phase shift   2 =   23.468  23.386 deg. for the L =    3, J =    2.0 channel.
       3.5  0.30185062  0.32296141i: elastic S-matrix  @@      0.00  0   0 F  0
 Reaction Xsec     3.5+/ 3 @ 2 =  19.887 , Out:   0.000#   0.418    0.074    0.536    0.498    0.456   17.904f

   S-matrix    3 =    0.30185   0.32296 for L=    3, J=    3.0 channel on core I =   1.5 from L=    3,  Acc. loss =  0.0 D.
 Elastic phase shift   3 =   23.468  23.386 deg. for the L =    3, J =    3.0 channel.
       3.5  0.30185062  0.32296141i: elastic S-matrix  @@      0.00  0   0 F  0
 Reaction Xsec     3.5+/ 3 @ 3 =  19.887 , Out:   0.000#   1.936    0.084    0.502    0.467    0.492   16.405f

   S-matrix    4 =    0.30185   0.32296 for L=    3, J=    4.0 channel on core I =   1.5 from L=    3,  Acc. loss =  0.0 D.
 Elastic phase shift   4 =   23.468  23.386 deg. for the L =    3, J =    4.0 channel.
       3.5  0.30185062  0.32296141i: elastic S-matrix  @@      0.00  0   0 F  0
 Reaction Xsec     3.5+/ 3 @ 4 =  19.887 , Out:   0.000#   4.489    4.257    0.485    0.442    0.180   10.033f

   S-matrix    5 =    0.35003   0.17338 for L=    5, J=    4.0 channel on core I =   1.5 from L=    5,  Acc. loss =  0.0 D.
 Elastic phase shift   5 =   13.175  26.930 deg. for the L =    5, J =    4.0 channel.
       3.5  0.35003041  0.17337502i: elastic S-matrix  @@      0.00  0   0 F  0
 Reaction Xsec     3.5+/ 5 @ 5 =  20.946 , Out:   0.000#   0.212    9.810/   0.126    0.117    0.251   20.230f

   S-matrix    6 =    0.35003   0.17338 for L=    5, J=    5.0 channel on core I =   1.5 from L=    5,  Acc. loss =  0.0 D.
 Elastic phase shift   6 =   13.175  26.930 deg. for the L =    5, J =    5.0 channel.
       3.5  0.35003041  0.17337502i: elastic S-matrix  @@      0.00  0   0 F  0
 Reaction Xsec     3.5+/ 5 @ 6 =  20.946 , Out:   0.000#   0.207    0.523    0.026    0.024    0.052   20.114f


 Total SPIN, PARITY =     3.5 -,     35 chs,      0 cc.  Rmin & Coul turning =    0.6    4.0
   S-matrix    1 =   -0.25989   0.19708 for L=    2, J=    2.0 channel on core I =   1.5 from L=    2,  Acc. loss =  0.0 D.
 Elastic phase shift   1 =   71.413  32.096 deg. for the L =    2, J =    2.0 channel.
       3.5 -0.25989349  0.19708022i: elastic S-matrix  @@      0.00  0   0 F  0
 Reaction Xsec     3.5-/ 2 @ 1 =  22.088 , Out:   0.000#   0.218    0.152    1.085    0.949    0.861   18.823f

   S-matrix    2 =   -0.25989   0.19708 for L=    2, J=    3.0 channel on core I =   1.5 from L=    2,  Acc. loss =  0.0 D.
 Elastic phase shift   2 =   71.413  32.096 deg. for the L =    2, J =    3.0 channel.
       3.5 -0.25989349  0.19708022i: elastic S-matrix  @@      0.00  0   0 F  0
 Reaction Xsec     3.5-/ 2 @ 2 =  22.088 , Out:   0.000#   3.683    0.062    0.680    0.597    0.614   16.452f

   S-matrix    3 =    0.56902  -0.10083 for L=    4, J=    3.0 channel on core I =   1.5 from L=    4,  Acc. loss =  0.0 D.
 Elastic phase shift   3 =   -5.024  15.710 deg. for the L =    4, J =    3.0 channel.
       3.5  0.56901959 -0.10082661i: elastic S-matrix  @@      0.00  0   0 F  0
 Reaction Xsec     3.5-/ 4 @ 3 =  16.463 , Out:   0.000#   0.088    0.143    0.246    0.239    0.766   14.981f

   S-matrix    4 =    0.56902  -0.10083 for L=    4, J=    4.0 channel on core I =   1.5 from L=    4,  Acc. loss =  0.0 D.
 Elastic phase shift   4 =   -5.024  15.710 deg. for the L =    4, J =    4.0 channel.
       3.5  0.56901959 -0.10082661i: elastic S-matrix  @@      0.00  0   0 F  0
 Reaction Xsec     3.5-/ 4 @ 4 =  16.463 , Out:   0.000#   0.230    0.388    0.102    0.098    0.312   15.333f

   S-matrix    5 =    0.56902  -0.10083 for L=    4, J=    5.0 channel on core I =   1.5 from L=    4,  Acc. loss =  0.0 D.
 Elastic phase shift   5 =   -5.024  15.710 deg. for the L =    4, J =    5.0 channel.
       3.5  0.56901959 -0.10082661i: elastic S-matrix  @@      0.00  0   0 F  0
 Reaction Xsec     3.5-/ 4 @ 5 =  16.463 , Out:   0.000#   0.104    0.484    0.025    0.024    0.088   15.738f

   S-matrix    6 =    0.84594   0.31874 for L=    6, J=    5.0 channel on core I =   1.5 from L=    6,  Acc. loss =  0.0 D.
 Elastic phase shift   6 =   10.323   2.892 deg. for the L =    6, J =    5.0 channel.
       3.5  0.84593712  0.31873714i: elastic S-matrix  @@      0.00  0   0 F  0
 Reaction Xsec     3.5-/ 6 @ 6 =   4.518 , Out:   0.000#   0.166    0.178    0.046    0.043    0.095    3.991f


 Total SPIN, PARITY =     4.5 +,     35 chs,      0 cc.  Rmin & Coul turning =    0.8    5.1
   S-matrix    1 =    0.30185   0.32296 for L=    3, J=    3.0 channel on core I =   1.5 from L=    3,  Acc. loss =  0.0 D.
 Elastic phase shift   1 =   23.468  23.386 deg. for the L =    3, J =    3.0 channel.
       4.5  0.30185062  0.32296141i: elastic S-matrix  @@      0.00  0   0 F  0
 Reaction Xsec     4.5+/ 3 @ 1 =  24.859 , Out:   0.000#   0.137    0.024    2.171    2.020    1.936   18.570f

   S-matrix    2 =    0.30185   0.32296 for L=    3, J=    4.0 channel on core I =   1.5 from L=    3,  Acc. loss =  0.0 D.
 Elastic phase shift   2 =   23.468  23.386 deg. for the L =    3, J =    4.0 channel.
       4.5  0.30185062  0.32296141i: elastic S-matrix  @@      0.00  0   0 F  0
 Reaction Xsec     4.5+/ 3 @ 2 =  24.859 , Out:   0.000#   8.637    6.633/   2.589    2.357    0.703   10.566f

   S-matrix    3 =    0.35003   0.17338 for L=    5, J=    4.0 channel on core I =   1.5 from L=    5,  Acc. loss =  0.0 D.
 Elastic phase shift   3 =   13.175  26.930 deg. for the L =    5, J =    4.0 channel.
       4.5  0.35003041  0.17337502i: elastic S-matrix  @@      0.00  0   0 F  0
 Reaction Xsec     4.5+/ 5 @ 3 =  26.182 , Out:   0.000#   0.069    0.232    0.297    0.277    0.598   24.708f

   S-matrix    4 =    0.35003   0.17338 for L=    5, J=    5.0 channel on core I =   1.5 from L=    5,  Acc. loss =  0.0 D.
 Elastic phase shift   4 =   13.175  26.930 deg. for the L =    5, J =    5.0 channel.
       4.5  0.35003041  0.17337502i: elastic S-matrix  @@      0.00  0   0 F  0
 Reaction Xsec     4.5+/ 5 @ 4 =  26.182 , Out:   0.000#   0.597    0.539    0.147    0.137    0.294   24.468f

   S-matrix    5 =    0.35003   0.17338 for L=    5, J=    6.0 channel on core I =   1.5 from L=    5,  Acc. loss =  0.0 D.
 Elastic phase shift   5 =   13.175  26.930 deg. for the L =    5, J =    6.0 channel.
       4.5  0.35003041  0.17337502i: elastic S-matrix  @@      0.00  0   0 F  0
 Reaction Xsec     4.5+/ 5 @ 5 =  26.182 , Out:   0.000#   0.397    1.109    0.041    0.038    0.081   24.517f

   S-matrix    6 =    0.98870   0.10313 for L=    7, J=    6.0 channel on core I =   1.5 from L=    7,  Acc. loss =  0.0 D.
 Elastic phase shift   6 =    2.977   0.171 deg. for the L =    7, J =    6.0 channel.
       4.5  0.98869977  0.10312781i: elastic S-matrix  @@      0.00  0   0 F  0
 Reaction Xsec     4.5+/ 7 @ 6 =   0.366 , Out:   0.000#   0.072    0.082    0.029    0.028    0.072    0.083f


 Total SPIN, PARITY =     4.5 -,     35 chs,      0 cc.  Rmin & Coul turning =    0.8    5.1
   S-matrix    1 =   -0.25989   0.19708 for L=    2, J=    3.0 channel on core I =   1.5 from L=    2,  Acc. loss =  0.0 D.
 Elastic phase shift   1 =   71.413  32.096 deg. for the L =    2, J =    3.0 channel.
       4.5 -0.25989349  0.19708022i: elastic S-matrix  @@      0.00  0   0 F  0
 Reaction Xsec     4.5-/ 2 @ 1 =  27.609 , Out:   0.000#   0.204    0.074    2.734    2.382    1.859   20.358f

   S-matrix    2 =    0.56902  -0.10083 for L=    4, J=    3.0 channel on core I =   1.5 from L=    4,  Acc. loss =  0.0 D.
 Elastic phase shift   2 =   -5.024  15.710 deg. for the L =    4, J =    3.0 channel.
       4.5  0.56901959 -0.10082661i: elastic S-matrix  @@      0.00  0   0 F  0
 Reaction Xsec     4.5-/ 4 @ 2 =  20.579 , Out:   0.000#   0.135    0.042    0.395    0.386    1.246   18.374f

   S-matrix    3 =    0.56902  -0.10083 for L=    4, J=    4.0 channel on core I =   1.5 from L=    4,  Acc. loss =  0.0 D.
 Elastic phase shift   3 =   -5.024  15.710 deg. for the L =    4, J =    4.0 channel.
       4.5  0.56901959 -0.10082661i: elastic S-matrix  @@      0.00  0   0 F  0
 Reaction Xsec     4.5-/ 4 @ 3 =  20.579 , Out:   0.000#   0.420    0.035    0.458    0.447    1.456   17.763f

   S-matrix    4 =    0.56902  -0.10083 for L=    4, J=    5.0 channel on core I =   1.5 from L=    4,  Acc. loss =  0.0 D.
 Elastic phase shift   4 =   -5.024  15.710 deg. for the L =    4, J =    5.0 channel.
       4.5  0.56901959 -0.10082661i: elastic S-matrix  @@      0.00  0   0 F  0
 Reaction Xsec     4.5-/ 4 @ 4 =  20.579 , Out:   0.000#   0.254    0.567    0.184    0.181    0.689   18.703f

   S-matrix    5 =    0.84594   0.31874 for L=    6, J=    5.0 channel on core I =   1.5 from L=    6,  Acc. loss =  0.0 D.
 Elastic phase shift   5 =   10.323   2.892 deg. for the L =    6, J =    5.0 channel.
       4.5  0.84593712  0.31873714i: elastic S-matrix  @@      0.00  0   0 F  0
 Reaction Xsec     4.5-/ 6 @ 5 =   5.648 , Out:   0.000#   0.193    9.303/   0.163    0.154    0.362    4.766f

   S-matrix    6 =    0.84594   0.31874 for L=    6, J=    6.0 channel on core I =   1.5 from L=    6,  Acc. loss =  0.0 D.
 Elastic phase shift   6 =   10.323   2.892 deg. for the L =    6, J =    6.0 channel.
       4.5  0.84593712  0.31873714i: elastic S-matrix  @@      0.00  0   0 F  0
 Reaction Xsec     4.5-/ 6 @ 6 =   5.648 , Out:   0.000#   0.217    0.541    0.038    0.035    0.079    4.737f


 Total SPIN, PARITY =     5.5 +,     35 chs,      0 cc.  Rmin & Coul turning =    1.0    6.1
   S-matrix    1 =    0.30185   0.32296 for L=    3, J=    4.0 channel on core I =   1.5 from L=    3,  Acc. loss =  0.0 D.
 Elastic phase shift   1 =   23.468  23.386 deg. for the L =    3, J =    4.0 channel.
       5.5  0.30185062  0.32296141i: elastic S-matrix  @@      0.00  0   0 F  0
 Reaction Xsec     5.5+/ 3 @ 1 =  29.830 , Out:   0.000#   0.042    0.010    9.880    8.989    2.419    8.489f

   S-matrix    2 =    0.35003   0.17338 for L=    5, J=    4.0 channel on core I =   1.5 from L=    5,  Acc. loss =  0.0 D.
 Elastic phase shift   2 =   13.175  26.930 deg. for the L =    5, J =    4.0 channel.
       5.5  0.35003041  0.17337502i: elastic S-matrix  @@      0.00  0   0 F  0
 Reaction Xsec     5.5+/ 5 @ 2 =  31.419 , Out:   0.000#   0.263    0.021    0.415    0.388    0.837   29.495f

   S-matrix    3 =    0.35003   0.17338 for L=    5, J=    5.0 channel on core I =   1.5 from L=    5,  Acc. loss =  0.0 D.
 Elastic phase shift   3 =   13.175  26.930 deg. for the L =    5, J =    5.0 channel.
       5.5  0.35003041  0.17337502i: elastic S-matrix  @@      0.00  0   0 F  0
 Reaction Xsec     5.5+/ 5 @ 3 =  31.419 , Out:   0.000#   0.906    0.077    0.552    0.516    1.113   28.255f

   S-matrix    4 =    0.35003   0.17338 for L=    5, J=    6.0 channel on core I =   1.5 from L=    5,  Acc. loss =  0.0 D.
 Elastic phase shift   4 =   13.175  26.930 deg. for the L =    5, J =    6.0 channel.
       5.5  0.35003041  0.17337502i: elastic S-matrix  @@      0.00  0   0 F  0
 Reaction Xsec     5.5+/ 5 @ 4 =  31.419 , Out:   0.000#   1.239    1.155    0.272    0.255    0.548   27.949f

   S-matrix    5 =    0.98870   0.10313 for L=    7, J=    6.0 channel on core I =   1.5 from L=    7,  Acc. loss =  0.0 D.
 Elastic phase shift   5 =    2.977   0.171 deg. for the L =    7, J =    6.0 channel.
       5.5  0.98869977  0.10312781i: elastic S-matrix  @@      0.00  0   0 F  0
 Reaction Xsec     5.5+/ 7 @ 5 =   0.439 , Out:   0.000#   0.077    4.532/   0.094    0.090    0.248   -0.074f

   S-matrix    6 =    0.98870   0.10313 for L=    7, J=    7.0 channel on core I =   1.5 from L=    7,  Acc. loss =  0.0 D.
 Elastic phase shift   6 =    2.977   0.171 deg. for the L =    7, J =    7.0 channel.
       5.5  0.98869977  0.10312781i: elastic S-matrix  @@      0.00  0   0 F  0
 Reaction Xsec     5.5+/ 7 @ 6 =   0.439 , Out:   0.000#   0.094    0.246    0.024    0.023    0.060   -0.007f


 Total SPIN, PARITY =     5.5 -,     35 chs,      0 cc.  Rmin & Coul turning =    1.0    6.1
   S-matrix    1 =    0.56902  -0.10083 for L=    4, J=    4.0 channel on core I =   1.5 from L=    4,  Acc. loss =  0.0 D.
 Elastic phase shift   1 =   -5.024  15.710 deg. for the L =    4, J =    4.0 channel.
       5.5  0.56901959 -0.10082661i: elastic S-matrix  @@      0.00  0   0 F  0
 Reaction Xsec     5.5-/ 4 @ 1 =  24.694 , Out:   0.000#   0.068    0.027    1.614    1.579    5.119   16.289f

   S-matrix    2 =    0.56902  -0.10083 for L=    4, J=    5.0 channel on core I =   1.5 from L=    4,  Acc. loss =  0.0 D.
 Elastic phase shift   2 =   -5.024  15.710 deg. for the L =    4, J =    5.0 channel.
       5.5  0.56901959 -0.10082661i: elastic S-matrix  @@      0.00  0   0 F  0
 Reaction Xsec     5.5-/ 4 @ 2 =  24.694 , Out:   0.000#   0.426    5.717/   0.810    0.802    3.086   19.563f

   S-matrix    3 =    0.84594   0.31874 for L=    6, J=    5.0 channel on core I =   1.5 from L=    6,  Acc. loss =  0.0 D.
 Elastic phase shift   3 =   10.323   2.892 deg. for the L =    6, J =    5.0 channel.
       5.5  0.84593712  0.31873714i: elastic S-matrix  @@      0.00  0   0 F  0
 Reaction Xsec     5.5-/ 6 @ 3 =   6.777 , Out:   0.000#   0.052    0.245    0.347    0.328    0.779    5.027f

   S-matrix    4 =    0.84594   0.31874 for L=    6, J=    6.0 channel on core I =   1.5 from L=    6,  Acc. loss =  0.0 D.
 Elastic phase shift   4 =   10.323   2.892 deg. for the L =    6, J =    6.0 channel.
       5.5  0.84593712  0.31873714i: elastic S-matrix  @@      0.00  0   0 F  0
 Reaction Xsec     5.5-/ 6 @ 4 =   6.777 , Out:   0.000#   0.550    0.500    0.190    0.180    0.424    4.934f

   S-matrix    5 =    0.84594   0.31874 for L=    6, J=    7.0 channel on core I =   1.5 from L=    6,  Acc. loss =  0.0 D.
 Elastic phase shift   5 =   10.323   2.892 deg. for the L =    6, J =    7.0 channel.
       5.5  0.84593712  0.31873714i: elastic S-matrix  @@      0.00  0   0 F  0
 Reaction Xsec     5.5-/ 6 @ 5 =   6.777 , Out:   0.000#   0.372    1.081    0.051    0.049    0.114    5.111f

   S-matrix    6 =    0.99917   0.03070 for L=    8, J=    7.0 channel on core I =   1.5 from L=    8,  Acc. loss =  0.0 D.
 Elastic phase shift   6 =    0.880   0.010 deg. for the L =    8, J =    7.0 channel.
       5.5  0.99917019  0.03069662i: elastic S-matrix  @@      0.00  0   0 F  0
 Reaction Xsec     5.5-/ 8 @ 6 =   0.027 , Out:   0.000#   0.030    0.036    0.015    0.015    0.041   -0.110f


 Total SPIN, PARITY =     6.5 +,     35 chs,      0 cc.  Rmin & Coul turning =    1.2    7.2
   S-matrix    1 =    0.35003   0.17338 for L=    5, J=    5.0 channel on core I =   1.5 from L=    5,  Acc. loss =  0.0 D.
 Elastic phase shift   1 =   13.175  26.930 deg. for the L =    5, J =    5.0 channel.
       6.5  0.35003041  0.17337502i: elastic S-matrix  @@      0.00  0   0 F  0
 Reaction Xsec     6.5+/ 5 @ 1 =  36.655 , Out:   0.000#   0.097    9.755/   1.644    1.539    3.317   30.048f

   S-matrix    2 =    0.35003   0.17338 for L=    5, J=    6.0 channel on core I =   1.5 from L=    5,  Acc. loss =  0.0 D.
 Elastic phase shift   2 =   13.175  26.930 deg. for the L =    5, J =    6.0 channel.
       6.5  0.35003041  0.17337502i: elastic S-matrix  @@      0.00  0   0 F  0
 Reaction Xsec     6.5+/ 5 @ 2 =  36.655 , Out:   0.000#   1.895    1.761/   1.086    1.017    2.190   30.466f

   S-matrix    3 =    0.98870   0.10313 for L=    7, J=    6.0 channel on core I =   1.5 from L=    7,  Acc. loss =  0.0 D.
 Elastic phase shift   3 =    2.977   0.171 deg. for the L =    7, J =    6.0 channel.
       6.5  0.98869977  0.10312781i: elastic S-matrix  @@      0.00  0   0 F  0
 Reaction Xsec     6.5+/ 7 @ 3 =   0.512 , Out:   0.000#   0.019    0.113    0.184    0.178    0.492   -0.474f

   S-matrix    4 =    0.98870   0.10313 for L=    7, J=    7.0 channel on core I =   1.5 from L=    7,  Acc. loss =  0.0 D.
 Elastic phase shift   4 =    2.977   0.171 deg. for the L =    7, J =    7.0 channel.
       6.5  0.98869977  0.10312781i: elastic S-matrix  @@      0.00  0   0 F  0
 Reaction Xsec     6.5+/ 7 @ 4 =   0.512 , Out:   0.000#   0.217    0.211    0.109    0.105    0.289   -0.418f

   S-matrix    5 =    0.98870   0.10313 for L=    7, J=    8.0 channel on core I =   1.5 from L=    7,  Acc. loss =  0.0 D.
 Elastic phase shift   5 =    2.977   0.171 deg. for the L =    7, J =    8.0 channel.
       6.5  0.98869977  0.10312781i: elastic S-matrix  @@      0.00  0   0 F  0
 Reaction Xsec     6.5+/ 7 @ 5 =   0.512 , Out:   0.000#   0.150    0.473    0.029    0.028    0.077   -0.246f

   S-matrix    6 =    0.99993   0.00936 for L=    9, J=    8.0 channel on core I =   1.5 from L=    9,  Acc. loss =  0.0 D.
 Elastic phase shift   6 =    0.268   0.001 deg. for the L =    9, J =    8.0 channel.
       6.5  0.99993498  0.00936317i: elastic S-matrix  @@      0.00  0   0 F  0
 Reaction Xsec     6.5+/ 9 @ 6 =   1.833/, Out:   0.000#   0.012    0.015    7.753/   7.480/   0.023   -0.064f


 Total SPIN, PARITY =     6.5 -,     35 chs,      0 cc.  Rmin & Coul turning =    1.2    7.2
   S-matrix    1 =    0.56902  -0.10083 for L=    4, J=    5.0 channel on core I =   1.5 from L=    4,  Acc. loss =  0.0 D.
 Elastic phase shift   1 =   -5.024  15.710 deg. for the L =    4, J =    5.0 channel.
       6.5  0.56901959 -0.10082661i: elastic S-matrix  @@      0.00  0   0 F  0
 Reaction Xsec     6.5-/ 4 @ 1 =  28.810 , Out:   0.000#   0.045    0.011    2.683    2.661   10.274   13.136f

   S-matrix    2 =    0.84594   0.31874 for L=    6, J=    5.0 channel on core I =   1.5 from L=    6,  Acc. loss =  0.0 D.
 Elastic phase shift   2 =   10.323   2.892 deg. for the L =    6, J =    5.0 channel.
       6.5  0.84593712  0.31873714i: elastic S-matrix  @@      0.00  0   0 F  0
 Reaction Xsec     6.5-/ 6 @ 2 =   7.907 , Out:   0.000#   0.251    0.018    0.442    0.420    0.998    5.779f

   S-matrix    3 =    0.84594   0.31874 for L=    6, J=    6.0 channel on core I =   1.5 from L=    6,  Acc. loss =  0.0 D.
 Elastic phase shift   3 =   10.323   2.892 deg. for the L =    6, J =    6.0 channel.
       6.5  0.84593712  0.31873714i: elastic S-matrix  @@      0.00  0   0 F  0
 Reaction Xsec     6.5-/ 6 @ 3 =   7.907 , Out:   0.000#   0.755    0.088    0.636    0.603    1.433    4.391f

   S-matrix    4 =    0.84594   0.31874 for L=    6, J=    7.0 channel on core I =   1.5 from L=    6,  Acc. loss =  0.0 D.
 Elastic phase shift   4 =   10.323   2.892 deg. for the L =    6, J =    7.0 channel.
       6.5  0.84593712  0.31873714i: elastic S-matrix  @@      0.00  0   0 F  0
 Reaction Xsec     6.5-/ 6 @ 4 =   7.907 , Out:   0.000#   1.077    1.052    0.316    0.299    0.709    4.454f

   S-matrix    5 =    0.99917   0.03070 for L=    8, J=    7.0 channel on core I =   1.5 from L=    8,  Acc. loss =  0.0 D.
 Elastic phase shift   5 =    0.880   0.010 deg. for the L =    8, J =    7.0 channel.
       6.5  0.99917019  0.03069662i: elastic S-matrix  @@      0.00  0   0 F  0
 Reaction Xsec     6.5-/ 8 @ 5 =   0.031 , Out:   0.000#   0.029    2.164/   0.047    0.046    0.132   -0.226f

   S-matrix    6 =    0.99917   0.03070 for L=    8, J=    8.0 channel on core I =   1.5 from L=    8,  Acc. loss =  0.0 D.
 Elastic phase shift   6 =    0.880   0.010 deg. for the L =    8, J =    8.0 channel.
       6.5  0.99917019  0.03069662i: elastic S-matrix  @@      0.00  0   0 F  0
 Reaction Xsec     6.5-/ 8 @ 6 =   0.031 , Out:   0.000#   0.039    0.105    0.013    0.012    0.034   -0.172f


 Total SPIN, PARITY =     7.5 +,     35 chs,      0 cc.  Rmin & Coul turning =    1.4    8.3
   S-matrix    1 =    0.35003   0.17338 for L=    5, J=    6.0 channel on core I =   1.5 from L=    5,  Acc. loss =  0.0 D.
 Elastic phase shift   1 =   13.175  26.930 deg. for the L =    5, J =    6.0 channel.
       7.5  0.35003041  0.17337502i: elastic S-matrix  @@      0.00  0   0 F  0
 Reaction Xsec     7.5+/ 5 @ 1 =  41.892 , Out:   0.000#   0.017    3.916/   3.305    3.094    6.665   28.806f

   S-matrix    2 =    0.98870   0.10313 for L=    7, J=    6.0 channel on core I =   1.5 from L=    7,  Acc. loss =  0.0 D.
 Elastic phase shift   2 =    2.977   0.171 deg. for the L =    7, J =    6.0 channel.
       7.5  0.98869977  0.10312781i: elastic S-matrix  @@      0.00  0   0 F  0
 Reaction Xsec     7.5+/ 7 @ 2 =   0.585 , Out:   0.000#   0.103    8.263/   0.220    0.213    0.591   -0.550f

   S-matrix    3 =    0.98870   0.10313 for L=    7, J=    7.0 channel on core I =   1.5 from L=    7,  Acc. loss =  0.0 D.
 Elastic phase shift   3 =    2.977   0.171 deg. for the L =    7, J =    7.0 channel.
       7.5  0.98869977  0.10312781i: elastic S-matrix  @@      0.00  0   0 F  0
 Reaction Xsec     7.5+/ 7 @ 3 =   0.585 , Out:   0.000#   0.278    0.043    0.335    0.324    0.898   -1.293f

   S-matrix    4 =    0.98870   0.10313 for L=    7, J=    8.0 channel on core I =   1.5 from L=    7,  Acc. loss =  0.0 D.
 Elastic phase shift   4 =    2.977   0.171 deg. for the L =    7, J =    8.0 channel.
       7.5  0.98869977  0.10312781i: elastic S-matrix  @@      0.00  0   0 F  0
 Reaction Xsec     7.5+/ 7 @ 4 =   0.585 , Out:   0.000#   0.410    0.439    0.168    0.162    0.449   -1.043f

   S-matrix    5 =    0.99993   0.00936 for L=    9, J=    8.0 channel on core I =   1.5 from L=    9,  Acc. loss =  0.0 D.
 Elastic phase shift   5 =    0.268   0.001 deg. for the L =    9, J =    8.0 channel.
       7.5  0.99993498  0.00936317i: elastic S-matrix  @@      0.00  0   0 F  0
 Reaction Xsec     7.5+/ 9 @ 5 =   2.094/, Out:   0.000#   0.012    1.035/   0.023    0.023    0.069   -0.125f

   S-matrix    6 =    0.99993   0.00936 for L=    9, J=    9.0 channel on core I =   1.5 from L=    9,  Acc. loss =  0.0 D.
 Elastic phase shift   6 =    0.268   0.001 deg. for the L =    9, J =    9.0 channel.
       7.5  0.99993498  0.00936317i: elastic S-matrix  @@      0.00  0   0 F  0
 Reaction Xsec     7.5+/ 9 @ 6 =   2.094/, Out:   0.000#   0.016    0.045    6.434/   6.247/   0.019   -0.091f


 Total SPIN, PARITY =     7.5 -,     35 chs,      0 cc.  Rmin & Coul turning =    1.4    8.3
   S-matrix    1 =    0.84594   0.31874 for L=    6, J=    6.0 channel on core I =   1.5 from L=    6,  Acc. loss =  0.0 D.
 Elastic phase shift   1 =   10.323   2.892 deg. for the L =    6, J =    6.0 channel.
       7.5  0.84593712  0.31873714i: elastic S-matrix  @@      0.00  0   0 F  0
 Reaction Xsec     7.5-/ 6 @ 1 =   9.036 , Out:   0.000#   0.098    8.695/   1.715    1.627    3.870    1.717f

   S-matrix    2 =    0.84594   0.31874 for L=    6, J=    7.0 channel on core I =   1.5 from L=    6,  Acc. loss =  0.0 D.
 Elastic phase shift   2 =   10.323   2.892 deg. for the L =    6, J =    7.0 channel.
       7.5  0.84593712  0.31873714i: elastic S-matrix  @@      0.00  0   0 F  0
 Reaction Xsec     7.5-/ 6 @ 2 =   9.036 , Out:   0.000#   1.548    1.377/   1.168    1.108    2.634    2.577f

   S-matrix    3 =    0.99917   0.03070 for L=    8, J=    7.0 channel on core I =   1.5 from L=    8,  Acc. loss =  0.0 D.
 Elastic phase shift   3 =    0.880   0.010 deg. for the L =    8, J =    7.0 channel.
       7.5  0.99917019  0.03069662i: elastic S-matrix  @@      0.00  0   0 F  0
 Reaction Xsec     7.5-/ 8 @ 3 =   0.035 , Out:   0.000#   6.744/   0.049    0.087    0.085    0.248   -0.441f

   S-matrix    4 =    0.99917   0.03070 for L=    8, J=    8.0 channel on core I =   1.5 from L=    8,  Acc. loss =  0.0 D.
 Elastic phase shift   4 =    0.880   0.010 deg. for the L =    8, J =    8.0 channel.
       7.5  0.99917019  0.03069662i: elastic S-matrix  @@      0.00  0   0 F  0
 Reaction Xsec     7.5-/ 8 @ 4 =   0.035 , Out:   0.000#   0.084    0.085    0.054    0.053    0.154   -0.395f

   S-matrix    5 =    0.99917   0.03070 for L=    8, J=    9.0 channel on core I =   1.5 from L=    8,  Acc. loss =  0.0 D.
 Elastic phase shift   5 =    0.880   0.010 deg. for the L =    8, J =    9.0 channel.
       7.5  0.99917019  0.03069662i: elastic S-matrix  @@      0.00  0   0 F  0
 Reaction Xsec     7.5-/ 8 @ 5 =   0.035 , Out:   0.000#   0.059    0.198    0.015    0.014    0.041   -0.291f

   S-matrix    6 =    0.99999   0.00289 for L=   10, J=    9.0 channel on core I =   1.5 from L=   10,  Acc. loss =  0.0 D.
 Elastic phase shift   6 =    0.083   0.000 deg. for the L =   10, J =    9.0 channel.
       7.5  0.99999463  0.00288680i: elastic S-matrix  @@      0.00  0   0 F  0
 Reaction Xsec     7.5-/10 @ 6 =   0.119/, Out:   0.000#   5.143/   6.680/   3.809/   3.710/   0.012   -0.031f


 Total SPIN, PARITY =     8.5 +,     35 chs,      0 cc.  Rmin & Coul turning =    1.6    9.4
   S-matrix    1 =    0.98870   0.10313 for L=    7, J=    7.0 channel on core I =   1.5 from L=    7,  Acc. loss =  0.0 D.
 Elastic phase shift   1 =    2.977   0.171 deg. for the L =    7, J =    7.0 channel.
       8.5  0.98869977  0.10312781i: elastic S-matrix  @@      0.00  0   0 F  0
 Reaction Xsec     8.5+/ 7 @ 1 =   0.658 , Out:   0.000#   0.043    4.458/   0.840    0.814    2.257   -3.300f

   S-matrix    2 =    0.98870   0.10313 for L=    7, J=    8.0 channel on core I =   1.5 from L=    7,  Acc. loss =  0.0 D.
 Elastic phase shift   2 =    2.977   0.171 deg. for the L =    7, J =    8.0 channel.
       8.5  0.98869977  0.10312781i: elastic S-matrix  @@      0.00  0   0 F  0
 Reaction Xsec     8.5+/ 7 @ 2 =   0.658 , Out:   0.000#   0.563    0.637/   0.588    0.569    1.577   -2.639f

   S-matrix    3 =    0.99993   0.00936 for L=    9, J=    8.0 channel on core I =   1.5 from L=    9,  Acc. loss =  0.0 D.
 Elastic phase shift   3 =    0.268   0.001 deg. for the L =    9, J =    8.0 channel.
       8.5  0.99993498  0.00936317i: elastic S-matrix  @@      0.00  0   0 F  0
 Reaction Xsec     8.5+/ 9 @ 3 =   2.356/, Out:   0.000#   2.431/   0.021    0.041    0.040    0.124   -0.226f

   S-matrix    4 =    0.99993   0.00936 for L=    9, J=    9.0 channel on core I =   1.5 from L=    9,  Acc. loss =  0.0 D.
 Elastic phase shift   4 =    0.268   0.001 deg. for the L =    9, J =    9.0 channel.
       8.5  0.99993498  0.00936317i: elastic S-matrix  @@      0.00  0   0 F  0
 Reaction Xsec     8.5+/ 9 @ 4 =   2.356/, Out:   0.000#   0.033    0.035    0.026    0.026    0.080   -0.199f

   S-matrix    5 =    0.99993   0.00936 for L=    9, J=   10.0 channel on core I =   1.5 from L=    9,  Acc. loss =  0.0 D.
 Elastic phase shift   5 =    0.268   0.001 deg. for the L =    9, J =   10.0 channel.
       8.5  0.99993498  0.00936317i: elastic S-matrix  @@      0.00  0   0 F  0
 Reaction Xsec     8.5+/ 9 @ 5 =   2.356/, Out:   0.000#   0.024    0.083    7.115/   7.019/   0.022   -0.141f

   S-matrix    6 =    1.00000   0.00089 for L=   11, J=   10.0 channel on core I =   1.5 from L=   11,  Acc. loss =  0.0 D.
 Elastic phase shift   6 =    0.026   0.000 deg. for the L =   11, J =   10.0 channel.
       8.5  0.99999954  0.00089217i: elastic S-matrix  @@      0.00  0   0 F  0
 Reaction Xsec     8.5+/11 @ 6 =   7.271#, Out:   0.000#   2.111/   2.882/   1.841/   1.820/   7.567/  -0.016f


 Total SPIN, PARITY =     8.5 -,     35 chs,      0 cc.  Rmin & Coul turning =    1.6    9.4
   S-matrix    1 =    0.84594   0.31874 for L=    6, J=    7.0 channel on core I =   1.5 from L=    6,  Acc. loss =  0.0 D.
 Elastic phase shift   1 =   10.323   2.892 deg. for the L =    6, J =    7.0 channel.
       8.5  0.84593712  0.31873714i: elastic S-matrix  @@      0.00  0   0 F  0
 Reaction Xsec     8.5-/ 6 @ 1 =  10.166 , Out:   0.000#   0.014    3.437/   3.342    3.171    7.541   -3.905f

   S-matrix    2 =    0.99917   0.03070 for L=    8, J=    7.0 channel on core I =   1.5 from L=    8,  Acc. loss =  0.0 D.
 Elastic phase shift   2 =    0.880   0.010 deg. for the L =    8, J =    7.0 channel.
       8.5  0.99917019  0.03069662i: elastic S-matrix  @@      0.00  0   0 F  0
 Reaction Xsec     8.5-/ 8 @ 2 =   0.040 , Out:   0.000#   0.041    3.291/   0.100    0.098    0.284   -0.486f

   S-matrix    3 =    0.99917   0.03070 for L=    8, J=    8.0 channel on core I =   1.5 from L=    8,  Acc. loss =  0.0 D.
 Elastic phase shift   3 =    0.880   0.010 deg. for the L =    8, J =    8.0 channel.
       8.5  0.99917019  0.03069662i: elastic S-matrix  @@      0.00  0   0 F  0
 Reaction Xsec     8.5-/ 8 @ 3 =   0.040 , Out:   0.000#   0.102    0.020    0.158    0.155    0.450   -0.845f

   S-matrix    4 =    0.99917   0.03070 for L=    8, J=    9.0 channel on core I =   1.5 from L=    8,  Acc. loss =  0.0 D.
 Elastic phase shift   4 =    0.880   0.010 deg. for the L =    8, J =    9.0 channel.
       8.5  0.99917019  0.03069662i: elastic S-matrix  @@      0.00  0   0 F  0
 Reaction Xsec     8.5-/ 8 @ 4 =   0.040 , Out:   0.000#   0.155    0.177    0.080    0.078    0.228   -0.678f

   S-matrix    5 =    0.99999   0.00289 for L=   10, J=    9.0 channel on core I =   1.5 from L=   10,  Acc. loss =  0.0 D.
 Elastic phase shift   5 =    0.083   0.000 deg. for the L =   10, J =    9.0 channel.
       8.5  0.99999463  0.00288680i: elastic S-matrix  @@      0.00  0   0 F  0
 Reaction Xsec     8.5-/10 @ 5 =   0.133/, Out:   0.000#   4.536/   0.489/   0.011    0.011    0.037   -0.063f

   S-matrix    6 =    0.99999   0.00289 for L=   10, J=   10.0 channel on core I =   1.5 from L=   10,  Acc. loss =  0.0 D.
 Elastic phase shift   6 =    0.083   0.000 deg. for the L =   10, J =   10.0 channel.
       8.5  0.99999463  0.00288680i: elastic S-matrix  @@      0.00  0   0 F  0
 Reaction Xsec     8.5-/10 @ 6 =   0.133/, Out:   0.000#   6.592/   0.019    3.175/   3.110/   0.010   -0.043f


 Total SPIN, PARITY =     9.5 +,     35 chs,      0 cc.  Rmin & Coul turning =    1.8   10.5
   S-matrix    1 =    0.98870   0.10313 for L=    7, J=    8.0 channel on core I =   1.5 from L=    7,  Acc. loss =  0.0 D.
 Elastic phase shift   1 =    2.977   0.171 deg. for the L =    7, J =    8.0 channel.
       9.5  0.98869977  0.10312781i: elastic S-matrix  @@      0.00  0   0 F  0
 Reaction Xsec     9.5+/ 7 @ 1 =   0.731 , Out:   0.000#   6.030/   1.742/   1.605    1.554    4.313   -6.749f

   S-matrix    2 =    0.99993   0.00936 for L=    9, J=    8.0 channel on core I =   1.5 from L=    9,  Acc. loss =  0.0 D.
 Elastic phase shift   2 =    0.268   0.001 deg. for the L =    9, J =    8.0 channel.
       9.5  0.99993498  0.00936317i: elastic S-matrix  @@      0.00  0   0 F  0
 Reaction Xsec     9.5+/ 9 @ 2 =   2.618/, Out:   0.000#   0.016    1.296/   0.045    0.045    0.137   -0.241f

   S-matrix    3 =    0.99993   0.00936 for L=    9, J=    9.0 channel on core I =   1.5 from L=    9,  Acc. loss =  0.0 D.
 Elastic phase shift   3 =    0.268   0.001 deg. for the L =    9, J =    9.0 channel.
       9.5  0.99993498  0.00936317i: elastic S-matrix  @@      0.00  0   0 F  0
 Reaction Xsec     9.5+/ 9 @ 3 =   2.618/, Out:   0.000#   0.039    8.709/   0.073    0.073    0.224   -0.415f

   S-matrix    4 =    0.99993   0.00936 for L=    9, J=   10.0 channel on core I =   1.5 from L=    9,  Acc. loss =  0.0 D.
 Elastic phase shift   4 =    0.268   0.001 deg. for the L =    9, J =   10.0 channel.
       9.5  0.99993498  0.00936317i: elastic S-matrix  @@      0.00  0   0 F  0
 Reaction Xsec     9.5+/ 9 @ 4 =   2.618/, Out:   0.000#   0.060    0.072    0.038    0.037    0.114   -0.319f

   S-matrix    5 =    1.00000   0.00089 for L=   11, J=   10.0 channel on core I =   1.5 from L=   11,  Acc. loss =  0.0 D.
 Elastic phase shift   5 =    0.026   0.000 deg. for the L =   11, J =   10.0 channel.
       9.5  0.99999954  0.00089217i: elastic S-matrix  @@      0.00  0   0 F  0
 Reaction Xsec     9.5+/11 @ 5 =   8.079#, Out:   0.000#   1.788/   0.227/   5.178/   5.246/   0.018   -0.030f

   S-matrix    6 =    1.00000   0.00089 for L=   11, J=   11.0 channel on core I =   1.5 from L=   11,  Acc. loss =  0.0 D.
 Elastic phase shift   6 =    0.026   0.000 deg. for the L =   11, J =   11.0 channel.
       9.5  0.99999954  0.00089217i: elastic S-matrix  @@      0.00  0   0 F  0
 Reaction Xsec     9.5+/11 @ 6 =   8.079#, Out:   0.000#   2.700/   8.337/   1.543/   1.538/   5.997/  -0.020f


 Total SPIN, PARITY =     9.5 -,     35 chs,      0 cc.  Rmin & Coul turning =    1.8   10.5
   S-matrix    1 =    0.99917   0.03070 for L=    8, J=    8.0 channel on core I =   1.5 from L=    8,  Acc. loss =  0.0 D.
 Elastic phase shift   1 =    0.880   0.010 deg. for the L =    8, J =    8.0 channel.
       9.5  0.99917019  0.03069662i: elastic S-matrix  @@      0.00  0   0 F  0
 Reaction Xsec     9.5-/ 8 @ 1 =   0.044 , Out:   0.000#   0.017    1.836/   0.376    0.368    1.074   -1.794f

   S-matrix    2 =    0.99917   0.03070 for L=    8, J=    9.0 channel on core I =   1.5 from L=    8,  Acc. loss =  0.0 D.
 Elastic phase shift   2 =    0.880   0.010 deg. for the L =    8, J =    9.0 channel.
       9.5  0.99917019  0.03069662i: elastic S-matrix  @@      0.00  0   0 F  0
 Reaction Xsec     9.5-/ 8 @ 2 =   0.044 , Out:   0.000#   0.206    0.241/   0.269    0.263    0.768   -1.462f

   S-matrix    3 =    0.99999   0.00289 for L=   10, J=    9.0 channel on core I =   1.5 from L=   10,  Acc. loss =  0.0 D.
 Elastic phase shift   3 =    0.083   0.000 deg. for the L =   10, J =    9.0 channel.
       9.5  0.99999463  0.00288680i: elastic S-matrix  @@      0.00  0   0 F  0
 Reaction Xsec     9.5-/10 @ 3 =   0.148/, Out:   0.000#   0.892/   9.145/   0.019    0.019    0.064   -0.111f

   S-matrix    4 =    0.99999   0.00289 for L=   10, J=   10.0 channel on core I =   1.5 from L=   10,  Acc. loss =  0.0 D.
 Elastic phase shift   4 =    0.083   0.000 deg. for the L =   10, J =   10.0 channel.
       9.5  0.99999463  0.00288680i: elastic S-matrix  @@      0.00  0   0 F  0
 Reaction Xsec     9.5-/10 @ 4 =   0.148/, Out:   0.000#   0.013    0.015    0.013    0.013    0.043   -0.095f

   S-matrix    5 =    0.99999   0.00289 for L=   10, J=   11.0 channel on core I =   1.5 from L=   10,  Acc. loss =  0.0 D.
 Elastic phase shift   5 =    0.083   0.000 deg. for the L =   10, J =   11.0 channel.
       9.5  0.99999463  0.00288680i: elastic S-matrix  @@      0.00  0   0 F  0
 Reaction Xsec     9.5-/10 @ 5 =   0.148/, Out:   0.000#   9.557/   0.035    3.405/   3.381/   0.011   -0.063f

   S-matrix    6 =    1.00000   0.00028 for L=   12, J=   11.0 channel on core I =   1.5 from L=   12,  Acc. loss =  0.0 D.
 Elastic phase shift   6 =    0.008   0.000 deg. for the L =   12, J =   11.0 channel.
       9.5  0.99999996  0.00027553i: elastic S-matrix  @@      0.00  0   0 F  0
 Reaction Xsec     9.5-/12 @ 6 =   0.429#, Out:   0.000#   0.861/   1.241/   0.877/   0.872/   4.124/  -0.008f


 Total SPIN, PARITY =    10.5 +,     35 chs,      0 cc.  Rmin & Coul turning =    2.0   11.6
   S-matrix    1 =    0.99993   0.00936 for L=    9, J=    9.0 channel on core I =   1.5 from L=    9,  Acc. loss =  0.0 D.
 Elastic phase shift   1 =    0.268   0.001 deg. for the L =    9, J =    9.0 channel.
      10.5  0.99993498  0.00936317i: elastic S-matrix  @@      0.00  0   0 F  0
 Reaction Xsec    10.5+/ 9 @ 1 =   2.880/, Out:   0.000#   7.158/   0.736/   0.168    0.167    0.512   -0.852f

   S-matrix    2 =    0.99993   0.00936 for L=    9, J=   10.0 channel on core I =   1.5 from L=    9,  Acc. loss =  0.0 D.
 Elastic phase shift   2 =    0.268   0.001 deg. for the L =    9, J =   10.0 channel.
      10.5  0.99993498  0.00936317i: elastic S-matrix  @@      0.00  0   0 F  0
 Reaction Xsec    10.5+/ 9 @ 2 =   2.880/, Out:   0.000#   0.078    0.090/   0.122    0.121    0.373   -0.691f

   S-matrix    3 =    1.00000   0.00089 for L=   11, J=   10.0 channel on core I =   1.5 from L=   11,  Acc. loss =  0.0 D.
 Elastic phase shift   3 =    0.026   0.000 deg. for the L =   11, J =   10.0 channel.
      10.5  0.99999954  0.00089217i: elastic S-matrix  @@      0.00  0   0 F  0
 Reaction Xsec    10.5+/11 @ 3 =   8.887#, Out:   0.000#   0.331/   3.941/   8.745/   8.903/   0.028   -0.050f

   S-matrix    4 =    1.00000   0.00089 for L=   11, J=   11.0 channel on core I =   1.5 from L=   11,  Acc. loss =  0.0 D.
 Elastic phase shift   4 =    0.026   0.000 deg. for the L =   11, J =   11.0 channel.
      10.5  0.99999954  0.00089217i: elastic S-matrix  @@      0.00  0   0 F  0
 Reaction Xsec    10.5+/11 @ 4 =   8.887#, Out:   0.000#   5.200/   6.114/   6.003/   6.096/   0.020   -0.043f

   S-matrix    5 =    1.00000   0.00089 for L=   11, J=   12.0 channel on core I =   1.5 from L=   11,  Acc. loss =  0.0 D.
 Elastic phase shift   5 =    0.026   0.000 deg. for the L =   11, J =   12.0 channel.
      10.5  0.99999954  0.00089217i: elastic S-matrix  @@      0.00  0   0 F  0
 Reaction Xsec    10.5+/11 @ 5 =   8.887#, Out:   0.000#   3.838/   0.015    1.621/   1.643/   5.497/  -0.028f

   S-matrix    6 =    1.00000   0.00008 for L=   13, J=   12.0 channel on core I =   1.5 from L=   13,  Acc. loss =  0.0 D.
 Elastic phase shift   6 =    0.002   0.000 deg. for the L =   13, J =   12.0 channel.
      10.5  1.00000000  0.00008496i: elastic S-matrix  @@      0.00  0   0 F  0
 Reaction Xsec    10.5+/13 @ 6 =   0.025#, Out:   0.000#   0.350/   0.533/   0.418/   0.433/   3.957/  -0.006f


 Total SPIN, PARITY =    10.5 -,     35 chs,      0 cc.  Rmin & Coul turning =    2.0   11.6
   S-matrix    1 =    0.99917   0.03070 for L=    8, J=    9.0 channel on core I =   1.5 from L=    8,  Acc. loss =  0.0 D.
 Elastic phase shift   1 =    0.880   0.010 deg. for the L =    8, J =    9.0 channel.
      10.5  0.99917019  0.03069662i: elastic S-matrix  @@      0.00  0   0 F  0
 Reaction Xsec    10.5-/ 8 @ 1 =   0.049 , Out:   0.000#   2.242/   0.711/   0.709    0.695    2.026   -3.384f

   S-matrix    2 =    0.99999   0.00289 for L=   10, J=    9.0 channel on core I =   1.5 from L=   10,  Acc. loss =  0.0 D.
 Elastic phase shift   2 =    0.083   0.000 deg. for the L =   10, J =    9.0 channel.
      10.5  0.99999463  0.00288680i: elastic S-matrix  @@      0.00  0   0 F  0
 Reaction Xsec    10.5-/10 @ 2 =   0.163/, Out:   0.000#   6.542/   0.513/   0.020    0.020    0.069   -0.116f

   S-matrix    3 =    0.99999   0.00289 for L=   10, J=   10.0 channel on core I =   1.5 from L=   10,  Acc. loss =  0.0 D.
 Elastic phase shift   3 =    0.083   0.000 deg. for the L =   10, J =   10.0 channel.
      10.5  0.99999463  0.00288680i: elastic S-matrix  @@      0.00  0   0 F  0
 Reaction Xsec    10.5-/10 @ 3 =   0.163/, Out:   0.000#   0.015    3.850/   0.034    0.034    0.115   -0.201f

   S-matrix    4 =    0.99999   0.00289 for L=   10, J=   11.0 channel on core I =   1.5 from L=   10,  Acc. loss =  0.0 D.
 Elastic phase shift   4 =    0.083   0.000 deg. for the L =   10, J =   11.0 channel.
      10.5  0.99999463  0.00288680i: elastic S-matrix  @@      0.00  0   0 F  0
 Reaction Xsec    10.5-/10 @ 4 =   0.163/, Out:   0.000#   0.024    0.030    0.017    0.017    0.059   -0.148f

   S-matrix    5 =    1.00000   0.00028 for L=   12, J=   11.0 channel on core I =   1.5 from L=   12,  Acc. loss =  0.0 D.
 Elastic phase shift   5 =    0.008   0.000 deg. for the L =   12, J =   11.0 channel.
      10.5  0.99999996  0.00027553i: elastic S-matrix  @@      0.00  0   0 F  0
 Reaction Xsec    10.5-/12 @ 5 =   0.472#, Out:   0.000#   0.705/   0.104/   2.426/   2.465/   0.011   -0.016f

   S-matrix    6 =    1.00000   0.00028 for L=   12, J=   12.0 channel on core I =   1.5 from L=   12,  Acc. loss =  0.0 D.
 Elastic phase shift   6 =    0.008   0.000 deg. for the L =   12, J =   12.0 channel.
      10.5  0.99999996  0.00027553i: elastic S-matrix  @@      0.00  0   0 F  0
 Reaction Xsec    10.5-/12 @ 6 =   0.472#, Out:   0.000#   1.099/   3.573/   0.738/   0.739/   3.411/  -0.010f


 Total SPIN, PARITY =    11.5 +,     35 chs,      0 cc.  Rmin & Coul turning =    2.2   12.7
   S-matrix    1 =    0.99993   0.00936 for L=    9, J=   10.0 channel on core I =   1.5 from L=    9,  Acc. loss =  0.0 D.
 Elastic phase shift   1 =    0.268   0.001 deg. for the L =    9, J =   10.0 channel.
      11.5  0.99993498  0.00936317i: elastic S-matrix  @@      0.00  0   0 F  0
 Reaction Xsec    11.5+/ 9 @ 1 =   3.142/, Out:   0.000#   0.830/   0.283/   0.314    0.311    0.956   -1.579f

   S-matrix    2 =    1.00000   0.00089 for L=   11, J=   10.0 channel on core I =   1.5 from L=   11,  Acc. loss =  0.0 D.
 Elastic phase shift   2 =    0.026   0.000 deg. for the L =   11, J =   10.0 channel.
      11.5  0.99999954  0.00089217i: elastic S-matrix  @@      0.00  0   0 F  0
 Reaction Xsec    11.5+/11 @ 2 =   9.695#, Out:   0.000#   2.626/   0.205/   9.150/   9.329/   0.029   -0.051f

   S-matrix    3 =    1.00000   0.00089 for L=   11, J=   11.0 channel on core I =   1.5 from L=   11,  Acc. loss =  0.0 D.
 Elastic phase shift   3 =    0.026   0.000 deg. for the L =   11, J =   11.0 channel.
      11.5  0.99999954  0.00089217i: elastic S-matrix  @@      0.00  0   0 F  0
 Reaction Xsec    11.5+/11 @ 3 =   9.695#, Out:   0.000#   5.740/   1.690/   0.016    0.016    0.051   -0.090f

   S-matrix    4 =    1.00000   0.00089 for L=   11, J=   12.0 channel on core I =   1.5 from L=   11,  Acc. loss =  0.0 D.
 Elastic phase shift   4 =    0.026   0.000 deg. for the L =   11, J =   12.0 channel.
      11.5  0.99999954  0.00089217i: elastic S-matrix  @@      0.00  0   0 F  0
 Reaction Xsec    11.5+/11 @ 4 =   9.695#, Out:   0.000#   9.322/   0.012    8.142/   8.290/   0.026   -0.065f

   S-matrix    5 =    1.00000   0.00008 for L=   13, J=   12.0 channel on core I =   1.5 from L=   13,  Acc. loss =  0.0 D.
 Elastic phase shift   5 =    0.002   0.000 deg. for the L =   13, J =   12.0 channel.
      11.5  1.00000000  0.00008496i: elastic S-matrix  @@      0.00  0   0 F  0
 Reaction Xsec    11.5+/13 @ 5 =   0.027#, Out:   0.000#   0.278/   0.047/   1.142/   1.204/   5.347/  -0.008f

   S-matrix    6 =    1.00000   0.00008 for L=   13, J=   13.0 channel on core I =   1.5 from L=   13,  Acc. loss =  0.0 D.
 Elastic phase shift   6 =    0.002   0.000 deg. for the L =   13, J =   13.0 channel.
      11.5  1.00000000  0.00008496i: elastic S-matrix  @@      0.00  0   0 F  0
 Reaction Xsec    11.5+/13 @ 6 =   0.027#, Out:   0.000#   0.446/   1.529/   0.354/   0.368/   2.779/  -0.005f


 Total SPIN, PARITY =    11.5 -,     35 chs,      0 cc.  Rmin & Coul turning =    2.2   12.7
   S-matrix    1 =    0.99999   0.00289 for L=   10, J=   10.0 channel on core I =   1.5 from L=   10,  Acc. loss =  0.0 D.
 Elastic phase shift   1 =    0.083   0.000 deg. for the L =   10, J =   10.0 channel.
      11.5  0.99999463  0.00288680i: elastic S-matrix  @@      0.00  0   0 F  0
 Reaction Xsec    11.5-/10 @ 1 =   0.178/, Out:   0.000#   2.924/   0.295/   0.075    0.075    0.255   -0.408f

   S-matrix    2 =    0.99999   0.00289 for L=   10, J=   11.0 channel on core I =   1.5 from L=   10,  Acc. loss =  0.0 D.
 Elastic phase shift   2 =    0.083   0.000 deg. for the L =   10, J =   11.0 channel.
      11.5  0.99999463  0.00288680i: elastic S-matrix  @@      0.00  0   0 F  0
 Reaction Xsec    11.5-/10 @ 2 =   0.178/, Out:   0.000#   0.030    0.034/   0.055    0.055    0.188   -0.329f

   S-matrix    3 =    1.00000   0.00028 for L=   12, J=   11.0 channel on core I =   1.5 from L=   12,  Acc. loss =  0.0 D.
 Elastic phase shift   3 =    0.008   0.000 deg. for the L =   12, J =   11.0 channel.
      11.5  0.99999996  0.00027553i: elastic S-matrix  @@      0.00  0   0 F  0
 Reaction Xsec    11.5-/12 @ 3 =   0.514#, Out:   0.000#   0.124/   1.694/   4.016/   4.099/   0.018   -0.028f

   S-matrix    4 =    1.00000   0.00028 for L=   12, J=   12.0 channel on core I =   1.5 from L=   12,  Acc. loss =  0.0 D.
 Elastic phase shift   4 =    0.008   0.000 deg. for the L =   12, J =   12.0 channel.
      11.5  0.99999996  0.00027553i: elastic S-matrix  @@      0.00  0   0 F  0
 Reaction Xsec    11.5-/12 @ 4 =   0.514#, Out:   0.000#   2.063/   2.563/   2.814/   2.866/   0.012   -0.023f

   S-matrix    5 =    1.00000   0.00028 for L=   12, J=   13.0 channel on core I =   1.5 from L=   12,  Acc. loss =  0.0 D.
 Elastic phase shift   5 =    0.008   0.000 deg. for the L =   12, J =   13.0 channel.
      11.5  0.99999996  0.00027553i: elastic S-matrix  @@      0.00  0   0 F  0
 Reaction Xsec    11.5-/12 @ 5 =   0.514#, Out:   0.000#   1.538/   6.379/   0.762/   0.774/   3.389/  -0.013f

   S-matrix    6 =    1.00000   0.00003 for L=   14, J=   13.0 channel on core I =   1.5 from L=   14,  Acc. loss =  0.0 D.
 Elastic phase shift   6 =    0.001   0.000 deg. for the L =   14, J =   13.0 channel.
      11.5  1.00000000  0.00002617i: elastic S-matrix  @@      0.00  0   0 F  0
 Reaction Xsec    11.5-/14 @ 6 =   0.001#, Out:   0.000#   0.141/   0.229/   0.198/   0.225/   6.868/  -0.008f


 Total SPIN, PARITY =    12.5 +,     35 chs,      0 cc.  Rmin & Coul turning =    2.4   13.8
   S-matrix    1 =    1.00000   0.00089 for L=   11, J=   11.0 channel on core I =   1.5 from L=   11,  Acc. loss =  0.0 D.
 Elastic phase shift   1 =    0.026   0.000 deg. for the L =   11, J =   11.0 channel.
      12.5  0.99999954  0.00089217i: elastic S-matrix  @@      0.00  0   0 F  0
 Reaction Xsec    12.5+/11 @ 1 =   0.011/, Out:   0.000#   1.189/   0.119/   0.034    0.035    0.108   -0.178f

   S-matrix    2 =    1.00000   0.00089 for L=   11, J=   12.0 channel on core I =   1.5 from L=   11,  Acc. loss =  0.0 D.
 Elastic phase shift   2 =    0.026   0.000 deg. for the L =   11, J =   12.0 channel.
      12.5  0.99999954  0.00089217i: elastic S-matrix  @@      0.00  0   0 F  0
 Reaction Xsec    12.5+/11 @ 2 =   0.011/, Out:   0.000#   0.012    0.013/   0.025    0.026    0.081   -0.144f

   S-matrix    3 =    1.00000   0.00008 for L=   13, J=   12.0 channel on core I =   1.5 from L=   13,  Acc. loss =  0.0 D.
 Elastic phase shift   3 =    0.002   0.000 deg. for the L =   13, J =   12.0 channel.
      12.5  1.00000000  0.00008496i: elastic S-matrix  @@      0.00  0   0 F  0
 Reaction Xsec    12.5+/13 @ 3 =   0.029#, Out:   0.000#   0.047/   0.727/   1.860/   1.967/   6.910/  -0.012f

   S-matrix    4 =    1.00000   0.00008 for L=   13, J=   13.0 channel on core I =   1.5 from L=   13,  Acc. loss =  0.0 D.
 Elastic phase shift   4 =    0.002   0.000 deg. for the L =   13, J =   13.0 channel.
      12.5  1.00000000  0.00008496i: elastic S-matrix  @@      0.00  0   0 F  0
 Reaction Xsec    12.5+/13 @ 4 =   0.029#, Out:   0.000#   0.818/   1.077/   1.326/   1.400/   5.577/  -0.010f

   S-matrix    5 =    1.00000   0.00008 for L=   13, J=   14.0 channel on core I =   1.5 from L=   13,  Acc. loss =  0.0 D.
 Elastic phase shift   5 =    0.002   0.000 deg. for the L =   13, J =   14.0 channel.
      12.5  1.00000000  0.00008496i: elastic S-matrix  @@      0.00  0   0 F  0
 Reaction Xsec    12.5+/13 @ 5 =   0.029#, Out:   0.000#   0.616/   2.710/   0.360/   0.379/   1.674/  -0.006f

   S-matrix    6 =    1.00000   0.00001 for L=   15, J=   14.0 channel on core I =   1.5 from L=   15,  Acc. loss =  0.0 D.
 Elastic phase shift   6 =    0.000   0.000 deg. for the L =   15, J =   14.0 channel.
      12.5  1.00000000  0.00000806i: elastic S-matrix  @@      0.00  0   0 F  0
 Reaction Xsec    12.5+/15 @ 6 =   0.000#, Out:   0.000#   0.057/   0.098/   0.093/   0.108/   3.493/  -0.004f


 Total SPIN, PARITY =    12.5 -,     35 chs,      0 cc.  Rmin & Coul turning =    2.4   13.8
   S-matrix    1 =    0.99999   0.00289 for L=   10, J=   11.0 channel on core I =   1.5 from L=   10,  Acc. loss =  0.0 D.
 Elastic phase shift   1 =    0.083   0.000 deg. for the L =   10, J =   11.0 channel.
      12.5  0.99999463  0.00288680i: elastic S-matrix  @@      0.00  0   0 F  0
 Reaction Xsec    12.5-/10 @ 1 =   0.193/, Out:   0.000#   0.309/   0.113/   0.139    0.139    0.473   -0.751f

   S-matrix    2 =    1.00000   0.00028 for L=   12, J=   11.0 channel on core I =   1.5 from L=   12,  Acc. loss =  0.0 D.
 Elastic phase shift   2 =    0.008   0.000 deg. for the L =   12, J =   11.0 channel.
      12.5  0.99999996  0.00027553i: elastic S-matrix  @@      0.00  0   0 F  0
 Reaction Xsec    12.5-/12 @ 2 =   0.557#, Out:   0.000#   1.052/   0.082/   4.123/   4.213/   0.018   -0.028f

   S-matrix    3 =    1.00000   0.00028 for L=   12, J=   12.0 channel on core I =   1.5 from L=   12,  Acc. loss =  0.0 D.
 Elastic phase shift   3 =    0.008   0.000 deg. for the L =   12, J =   12.0 channel.
      12.5  0.99999996  0.00027553i: elastic S-matrix  @@      0.00  0   0 F  0
 Reaction Xsec    12.5-/12 @ 3 =   0.557#, Out:   0.000#   2.229/   0.737/   7.186/   7.341/   0.032   -0.049f

   S-matrix    4 =    1.00000   0.00028 for L=   12, J=   13.0 channel on core I =   1.5 from L=   12,  Acc. loss =  0.0 D.
 Elastic phase shift   4 =    0.008   0.000 deg. for the L =   12, J =   13.0 channel.
      12.5  0.99999996  0.00027553i: elastic S-matrix  @@      0.00  0   0 F  0
 Reaction Xsec    12.5-/12 @ 4 =   0.557#, Out:   0.000#   3.674/   5.201/   3.755/   3.833/   0.017   -0.033f

   S-matrix    5 =    1.00000   0.00003 for L=   14, J=   13.0 channel on core I =   1.5 from L=   14,  Acc. loss =  0.0 D.
 Elastic phase shift   5 =    0.001   0.000 deg. for the L =   14, J =   13.0 channel.
      12.5  1.00000000  0.00002617i: elastic S-matrix  @@      0.00  0   0 F  0
 Reaction Xsec    12.5-/14 @ 5 =   0.002#, Out:   0.000#   0.110/   0.021/   0.537/   0.593/   5.952/  -0.007f

   S-matrix    6 =    1.00000   0.00003 for L=   14, J=   14.0 channel on core I =   1.5 from L=   14,  Acc. loss =  0.0 D.
 Elastic phase shift   6 =    0.001   0.000 deg. for the L =   14, J =   14.0 channel.
      12.5  1.00000000  0.00002617i: elastic S-matrix  @@      0.00  0   0 F  0
 Reaction Xsec    12.5-/14 @ 6 =   0.002#, Out:   0.000#   0.180/   0.654/   0.168/   0.189/   4.469/  -0.006f


 Total SPIN, PARITY =    13.5 +,     35 chs,      0 cc.  Rmin & Coul turning =    2.6   14.8
   S-matrix    1 =    1.00000   0.00089 for L=   11, J=   12.0 channel on core I =   1.5 from L=   11,  Acc. loss =  0.0 D.
 Elastic phase shift   1 =    0.026   0.000 deg. for the L =   11, J =   12.0 channel.
      13.5  0.99999954  0.00089217i: elastic S-matrix  @@      0.00  0   0 F  0
 Reaction Xsec    13.5+/11 @ 1 =   0.011/, Out:   0.000#   0.116/   0.045/   0.062    0.064    0.199   -0.325f

   S-matrix    2 =    1.00000   0.00008 for L=   13, J=   12.0 channel on core I =   1.5 from L=   13,  Acc. loss =  0.0 D.
 Elastic phase shift   2 =    0.002   0.000 deg. for the L =   13, J =   12.0 channel.
      13.5  1.00000000  0.00008496i: elastic S-matrix  @@      0.00  0   0 F  0
 Reaction Xsec    13.5+/13 @ 2 =   0.031#, Out:   0.000#   0.421/   0.033/   1.879/   1.989/   6.444/  -0.011f

   S-matrix    3 =    1.00000   0.00008 for L=   13, J=   13.0 channel on core I =   1.5 from L=   13,  Acc. loss =  0.0 D.
 Elastic phase shift   3 =    0.002   0.000 deg. for the L =   13, J =   13.0 channel.
      13.5  1.00000000  0.00008496i: elastic S-matrix  @@      0.00  0   0 F  0
 Reaction Xsec    13.5+/13 @ 3 =   0.031#, Out:   0.000#   0.868/   0.320/   3.323/   3.517/   0.012   -0.020f

   S-matrix    4 =    1.00000   0.00008 for L=   13, J=   14.0 channel on core I =   1.5 from L=   13,  Acc. loss =  0.0 D.
 Elastic phase shift   4 =    0.002   0.000 deg. for the L =   13, J =   14.0 channel.
      13.5  1.00000000  0.00008496i: elastic S-matrix  @@      0.00  0   0 F  0
 Reaction Xsec    13.5+/13 @ 4 =   0.031#, Out:   0.000#   1.450/   2.178/   1.746/   1.847/   6.474/  -0.014f

   S-matrix    5 =    1.00000   0.00001 for L=   15, J=   14.0 channel on core I =   1.5 from L=   15,  Acc. loss =  0.0 D.
 Elastic phase shift   5 =    0.000   0.000 deg. for the L =   15, J =   14.0 channel.
      13.5  1.00000000  0.00000806i: elastic S-matrix  @@      0.00  0   0 F  0
 Reaction Xsec    13.5+/15 @ 5 =   0.000#, Out:   0.000#   0.043/   9.486#   0.250/   0.280/   2.974/  -0.004f

   S-matrix    6 =    1.00000   0.00001 for L=   15, J=   15.0 channel on core I =   1.5 from L=   15,  Acc. loss =  0.0 D.
 Elastic phase shift   6 =    0.000   0.000 deg. for the L =   15, J =   15.0 channel.
      13.5  1.00000000  0.00000806i: elastic S-matrix  @@      0.00  0   0 F  0
 Reaction Xsec    13.5+/15 @ 6 =   0.000#, Out:   0.000#   0.073/   0.279/   0.079/   0.091/   2.264/  -0.003f


 Total SPIN, PARITY =    13.5 -,     35 chs,      0 cc.  Rmin & Coul turning =    2.6   14.8
   S-matrix    1 =    1.00000   0.00028 for L=   12, J=   12.0 channel on core I =   1.5 from L=   12,  Acc. loss =  0.0 D.
 Elastic phase shift   1 =    0.008   0.000 deg. for the L =   12, J =   12.0 channel.
      13.5  0.99999996  0.00027553i: elastic S-matrix  @@      0.00  0   0 F  0
 Reaction Xsec    13.5-/12 @ 1 =   0.600#, Out:   0.000#   0.482/   0.048/   0.015    0.016    0.066   -0.098f

   S-matrix    2 =    1.00000   0.00028 for L=   12, J=   13.0 channel on core I =   1.5 from L=   12,  Acc. loss =  0.0 D.
 Elastic phase shift   2 =    0.008   0.000 deg. for the L =   12, J =   13.0 channel.
      13.5  0.99999996  0.00027553i: elastic S-matrix  @@      0.00  0   0 F  0
 Reaction Xsec    13.5-/12 @ 2 =   0.600#, Out:   0.000#   4.469/   5.124#   0.011    0.012    0.050   -0.078f

   S-matrix    3 =    1.00000   0.00003 for L=   14, J=   13.0 channel on core I =   1.5 from L=   14,  Acc. loss =  0.0 D.
 Elastic phase shift   3 =    0.001   0.000 deg. for the L =   14, J =   13.0 channel.
      13.5  1.00000000  0.00002617i: elastic S-matrix  @@      0.00  0   0 F  0
 Reaction Xsec    13.5-/14 @ 3 =   0.002#, Out:   0.000#   0.018/   0.312/   0.863/   0.947/   5.491/  -0.008f

   S-matrix    4 =    1.00000   0.00003 for L=   14, J=   14.0 channel on core I =   1.5 from L=   14,  Acc. loss =  0.0 D.
 Elastic phase shift   4 =    0.001   0.000 deg. for the L =   14, J =   14.0 channel.
      13.5  1.00000000  0.00002617i: elastic S-matrix  @@      0.00  0   0 F  0
 Reaction Xsec    13.5-/14 @ 4 =   0.002#, Out:   0.000#   0.324/   0.453/   0.625/   0.687/   5.451/  -0.008f

   S-matrix    5 =    1.00000   0.00003 for L=   14, J=   15.0 channel on core I =   1.5 from L=   14,  Acc. loss =  0.0 D.
 Elastic phase shift   5 =    0.001   0.000 deg. for the L =   14, J =   15.0 channel.
      13.5  1.00000000  0.00002617i: elastic S-matrix  @@      0.00  0   0 F  0
 Reaction Xsec    13.5-/14 @ 5 =   0.002#, Out:   0.000#   0.246/   1.151/   0.170/   0.187/   1.860/  -0.004f

   S-matrix    6 =    1.00000   0.00000 for L=   16, J=   15.0 channel on core I =   1.5 from L=   16,  Acc. loss =  0.0 D.
 Elastic phase shift   6 =    0.000   0.000 deg. for the L =   16, J =   15.0 channel.
      13.5  1.00000000  0.00000250i: elastic S-matrix  @@      0.00  0   0 F  0
 Reaction Xsec    13.5-/16 @ 6 =   0.000#, Out:   0.000#   0.023/   0.042/   0.046/   0.078/   0.014   -0.014f


 Total SPIN, PARITY =    14.5 +,     35 chs,      0 cc.  Rmin & Coul turning =    2.8   15.9
   S-matrix    1 =    1.00000   0.00008 for L=   13, J=   13.0 channel on core I =   1.5 from L=   13,  Acc. loss =  0.0 D.
 Elastic phase shift   1 =    0.002   0.000 deg. for the L =   13, J =   13.0 channel.
      14.5  1.00000000  0.00008496i: elastic S-matrix  @@      0.00  0   0 F  0
 Reaction Xsec    14.5+/13 @ 1 =   0.034#, Out:   0.000#   0.194/   0.020/   6.893/   7.300/   0.023   -0.038f

   S-matrix    2 =    1.00000   0.00008 for L=   13, J=   14.0 channel on core I =   1.5 from L=   13,  Acc. loss =  0.0 D.
 Elastic phase shift   2 =    0.002   0.000 deg. for the L =   13, J =   14.0 channel.
      14.5  1.00000000  0.00008496i: elastic S-matrix  @@      0.00  0   0 F  0
 Reaction Xsec    14.5+/13 @ 2 =   0.034#, Out:   0.000#   1.739/   2.016#   5.256/   5.565/   0.018   -0.031f

   S-matrix    3 =    1.00000   0.00001 for L=   15, J=   14.0 channel on core I =   1.5 from L=   15,  Acc. loss =  0.0 D.
 Elastic phase shift   3 =    0.000   0.000 deg. for the L =   15, J =   14.0 channel.
      14.5  1.00000000  0.00000806i: elastic S-matrix  @@      0.00  0   0 F  0
 Reaction Xsec    14.5+/15 @ 3 =   0.000#, Out:   0.000#   6.861#   0.133/   0.396/   0.442/   2.694/  -0.004f

   S-matrix    4 =    1.00000   0.00001 for L=   15, J=   15.0 channel on core I =   1.5 from L=   15,  Acc. loss =  0.0 D.
 Elastic phase shift   4 =    0.000   0.000 deg. for the L =   15, J =   15.0 channel.
      14.5  1.00000000  0.00000806i: elastic S-matrix  @@      0.00  0   0 F  0
 Reaction Xsec    14.5+/15 @ 4 =   0.000#, Out:   0.000#   0.129/   0.191/   0.290/   0.325/   2.712/  -0.004f

   S-matrix    5 =    1.00000   0.00001 for L=   15, J=   16.0 channel on core I =   1.5 from L=   15,  Acc. loss =  0.0 D.
 Elastic phase shift   5 =    0.000   0.000 deg. for the L =   15, J =   16.0 channel.
      14.5  1.00000000  0.00000806i: elastic S-matrix  @@      0.00  0   0 F  0
 Reaction Xsec    14.5+/15 @ 5 =   0.000#, Out:   0.000#   0.098/   0.489/   0.079/   0.089/   0.933/  -0.002f

   S-matrix    6 =    1.00000   0.00000 for L=   17, J=   16.0 channel on core I =   1.5 from L=   17,  Acc. loss =  0.0 D.
 Elastic phase shift   6 =    0.000  -0.000 deg. for the L =   17, J =   16.0 channel.
      14.5  1.00000000  0.00000079i: elastic S-matrix  @@      0.00  0   0 F  0
 Reaction Xsec    14.5+/17 @ 6 =  -0.000#, Out:   0.000#   9.212#   0.018/   0.022/   0.047/   0.011   -0.011f


 Total SPIN, PARITY =    14.5 -,     35 chs,      0 cc.  Rmin & Coul turning =    2.8   15.9
   S-matrix    1 =    1.00000   0.00028 for L=   12, J=   13.0 channel on core I =   1.5 from L=   12,  Acc. loss =  0.0 D.
 Elastic phase shift   1 =    0.008   0.000 deg. for the L =   12, J =   13.0 channel.
      14.5  0.99999996  0.00027553i: elastic S-matrix  @@      0.00  0   0 F  0
 Reaction Xsec    14.5-/12 @ 1 =   0.643#, Out:   0.000#   0.044/   0.018/   0.028    0.028    0.122   -0.178f

   S-matrix    2 =    1.00000   0.00003 for L=   14, J=   13.0 channel on core I =   1.5 from L=   14,  Acc. loss =  0.0 D.
 Elastic phase shift   2 =    0.001   0.000 deg. for the L =   14, J =   13.0 channel.
      14.5  1.00000000  0.00002617i: elastic S-matrix  @@      0.00  0   0 F  0
 Reaction Xsec    14.5-/14 @ 2 =   0.002#, Out:   0.000#   0.168/   0.014/   0.861/   0.942/   4.273/  -0.006f

   S-matrix    3 =    1.00000   0.00003 for L=   14, J=   14.0 channel on core I =   1.5 from L=   14,  Acc. loss =  0.0 D.
 Elastic phase shift   3 =    0.001   0.000 deg. for the L =   14, J =   14.0 channel.
      14.5  1.00000000  0.00002617i: elastic S-matrix  @@      0.00  0   0 F  0
 Reaction Xsec    14.5-/14 @ 3 =   0.002#, Out:   0.000#   0.339/   0.139/   1.541/   1.688/   8.384/  -0.012f

   S-matrix    4 =    1.00000   0.00003 for L=   14, J=   15.0 channel on core I =   1.5 from L=   14,  Acc. loss =  0.0 D.
 Elastic phase shift   4 =    0.001   0.000 deg. for the L =   14, J =   15.0 channel.
      14.5  1.00000000  0.00002617i: elastic S-matrix  @@      0.00  0   0 F  0
 Reaction Xsec    14.5-/14 @ 4 =   0.002#, Out:   0.000#   0.572/   0.914/   0.814/   0.892/   5.147/  -0.008f

   S-matrix    5 =    1.00000   0.00000 for L=   16, J=   15.0 channel on core I =   1.5 from L=   16,  Acc. loss =  0.0 D.
 Elastic phase shift   5 =    0.000   0.000 deg. for the L =   16, J =   15.0 channel.
      14.5  1.00000000  0.00000250i: elastic S-matrix  @@      0.00  0   0 F  0
 Reaction Xsec    14.5-/16 @ 5 =   0.000#, Out:   0.000#   0.017/   4.207#   0.123/   0.169/   8.382/  -0.009f

   S-matrix    6 =    1.00000   0.00000 for L=   16, J=   16.0 channel on core I =   1.5 from L=   16,  Acc. loss =  0.0 D.
 Elastic phase shift   6 =    0.000   0.000 deg. for the L =   16, J =   16.0 channel.
      14.5  1.00000000  0.00000250i: elastic S-matrix  @@      0.00  0   0 F  0
 Reaction Xsec    14.5-/16 @ 6 =   0.000#, Out:   0.000#   0.029/   0.119/   0.039/   0.062/   8.776/  -0.009f


 Total SPIN, PARITY =    15.5 +,     35 chs,      0 cc.  Rmin & Coul turning =    3.0   17.0
   S-matrix    1 =    1.00000   0.00008 for L=   13, J=   14.0 channel on core I =   1.5 from L=   13,  Acc. loss =  0.0 D.
 Elastic phase shift   1 =    0.002   0.000 deg. for the L =   13, J =   14.0 channel.
      15.5  1.00000000  0.00008496i: elastic S-matrix  @@      0.00  0   0 F  0
 Reaction Xsec    15.5+/13 @ 1 =   0.036#, Out:   0.000#   0.017/   7.460#   0.013    0.013    0.042   -0.068f

   S-matrix    2 =    1.00000   0.00001 for L=   15, J=   14.0 channel on core I =   1.5 from L=   15,  Acc. loss =  0.0 D.
 Elastic phase shift   2 =    0.000   0.000 deg. for the L =   15, J =   14.0 channel.
      15.5  1.00000000  0.00000806i: elastic S-matrix  @@      0.00  0   0 F  0
 Reaction Xsec    15.5+/15 @ 2 =   0.000#, Out:   0.000#   0.067/   5.578#   0.390/   0.435/   2.063/  -0.003f

   S-matrix    3 =    1.00000   0.00001 for L=   15, J=   15.0 channel on core I =   1.5 from L=   15,  Acc. loss =  0.0 D.
 Elastic phase shift   3 =    0.000   0.000 deg. for the L =   15, J =   15.0 channel.
      15.5  1.00000000  0.00000806i: elastic S-matrix  @@      0.00  0   0 F  0
 Reaction Xsec    15.5+/15 @ 3 =   0.000#, Out:   0.000#   0.133/   0.060/   0.706/   0.787/   4.095/  -0.006f

   S-matrix    4 =    1.00000   0.00001 for L=   15, J=   16.0 channel on core I =   1.5 from L=   15,  Acc. loss =  0.0 D.
 Elastic phase shift   4 =    0.000   0.000 deg. for the L =   15, J =   16.0 channel.
      15.5  1.00000000  0.00000806i: elastic S-matrix  @@      0.00  0   0 F  0
 Reaction Xsec    15.5+/15 @ 4 =   0.000#, Out:   0.000#   0.226/   0.384/   0.374/   0.418/   2.535/  -0.004f

   S-matrix    5 =    1.00000   0.00000 for L=   17, J=   16.0 channel on core I =   1.5 from L=   17,  Acc. loss =  0.0 D.
 Elastic phase shift   5 =    0.000  -0.000 deg. for the L =   17, J =   16.0 channel.
      15.5  1.00000000  0.00000079i: elastic S-matrix  @@      0.00  0   0 F  0
 Reaction Xsec    15.5+/17 @ 5 =  -0.000#, Out:   0.000#   6.760#   1.856#   0.058/   0.086/   6.715/  -0.007f

   S-matrix    6 =    1.00000   0.00000 for L=   17, J=   17.0 channel on core I =   1.5 from L=   17,  Acc. loss =  0.0 D.
 Elastic phase shift   6 =    0.000  -0.000 deg. for the L =   17, J =   17.0 channel.
      15.5  1.00000000  0.00000079i: elastic S-matrix  @@      0.00  0   0 F  0
 Reaction Xsec    15.5+/17 @ 6 =  -0.000#, Out:   0.000#   0.012/   0.051/   0.019/   0.036/   6.961/  -0.007f


 Total SPIN, PARITY =    15.5 -,     35 chs,      0 cc.  Rmin & Coul turning =    3.0   17.0
   S-matrix    1 =    1.00000   0.00003 for L=   14, J=   14.0 channel on core I =   1.5 from L=   14,  Acc. loss =  0.0 D.
 Elastic phase shift   1 =    0.001   0.000 deg. for the L =   14, J =   14.0 channel.
      15.5  1.00000000  0.00002617i: elastic S-matrix  @@      0.00  0   0 F  0
 Reaction Xsec    15.5-/14 @ 1 =   0.002#, Out:   0.000#   0.078/   8.078#   3.148/   3.445/   0.014   -0.021f

   S-matrix    2 =    1.00000   0.00003 for L=   14, J=   15.0 channel on core I =   1.5 from L=   14,  Acc. loss =  0.0 D.
 Elastic phase shift   2 =    0.001   0.000 deg. for the L =   14, J =   15.0 channel.
      15.5  1.00000000  0.00002617i: elastic S-matrix  @@      0.00  0   0 F  0
 Reaction Xsec    15.5-/14 @ 2 =   0.002#, Out:   0.000#   0.678/   0.800#   2.419/   2.648/   0.012   -0.018f

   S-matrix    3 =    1.00000   0.00000 for L=   16, J=   15.0 channel on core I =   1.5 from L=   16,  Acc. loss =  0.0 D.
 Elastic phase shift   3 =    0.000   0.000 deg. for the L =   16, J =   15.0 channel.
      15.5  1.00000000  0.00000250i: elastic S-matrix  @@      0.00  0   0 F  0
 Reaction Xsec    15.5-/16 @ 3 =   0.000#, Out:   0.000#   2.638#   0.057/   0.193/   0.253/   3.973/  -0.004f

   S-matrix    4 =    1.00000   0.00000 for L=   16, J=   16.0 channel on core I =   1.5 from L=   16,  Acc. loss =  0.0 D.
 Elastic phase shift   4 =    0.000   0.000 deg. for the L =   16, J =   16.0 channel.
      15.5  1.00000000  0.00000250i: elastic S-matrix  @@      0.00  0   0 F  0
 Reaction Xsec    15.5-/16 @ 4 =   0.000#, Out:   0.000#   0.051/   0.081/   0.143/   0.192/   6.302/  -0.007f

   S-matrix    5 =    1.00000   0.00000 for L=   16, J=   17.0 channel on core I =   1.5 from L=   16,  Acc. loss =  0.0 D.
 Elastic phase shift   5 =    0.000   0.000 deg. for the L =   16, J =   17.0 channel.
      15.5  1.00000000  0.00000250i: elastic S-matrix  @@      0.00  0   0 F  0
 Reaction Xsec    15.5-/16 @ 5 =   0.000#, Out:   0.000#   0.039/   0.208/   0.039/   0.054/   2.625/  -0.003f

   S-matrix    6 =    1.00000   0.00000 for L=   18, J=   17.0 channel on core I =   1.5 from L=   18,  Acc. loss =  0.0 D.
 Elastic phase shift   6 =    0.000   0.000 deg. for the L =   18, J =   17.0 channel.
      15.5  1.00000000  0.00000026i: elastic S-matrix  @@      0.00  0   0 F  0
 Reaction Xsec    15.5-/18 @ 6 =   0.000#, Out:   0.000#   3.693#   7.649#   0.011/   0.024/   0.010   -0.010f


 Total SPIN, PARITY =    16.5 +,     35 chs,      0 cc.  Rmin & Coul turning =    3.2   18.1
   S-matrix    1 =    1.00000   0.00001 for L=   15, J=   15.0 channel on core I =   1.5 from L=   15,  Acc. loss =  0.0 D.
 Elastic phase shift   1 =    0.000   0.000 deg. for the L =   15, J =   15.0 channel.
      16.5  1.00000000  0.00000806i: elastic S-matrix  @@      0.00  0   0 F  0
 Reaction Xsec    16.5+/15 @ 1 =   0.000#, Out:   0.000#   0.031/   3.324#   1.423/   1.585/   6.938/  -0.010f

   S-matrix    2 =    1.00000   0.00001 for L=   15, J=   16.0 channel on core I =   1.5 from L=   15,  Acc. loss =  0.0 D.
 Elastic phase shift   2 =    0.000   0.000 deg. for the L =   15, J =   16.0 channel.
      16.5  1.00000000  0.00000806i: elastic S-matrix  @@      0.00  0   0 F  0
 Reaction Xsec    16.5+/15 @ 2 =   0.000#, Out:   0.000#   0.265/   0.320#   1.101/   1.226/   5.812/  -0.008f

   S-matrix    3 =    1.00000   0.00000 for L=   17, J=   16.0 channel on core I =   1.5 from L=   17,  Acc. loss =  0.0 D.
 Elastic phase shift   3 =    0.000  -0.000 deg. for the L =   17, J =   16.0 channel.
      16.5  1.00000000  0.00000079i: elastic S-matrix  @@      0.00  0   0 F  0
 Reaction Xsec    16.5+/17 @ 3 =  -0.000#, Out:   0.000#   1.018#   0.024/   0.089/   0.122/   3.321/  -0.004f

   S-matrix    4 =    1.00000   0.00000 for L=   17, J=   17.0 channel on core I =   1.5 from L=   17,  Acc. loss =  0.0 D.
 Elastic phase shift   4 =    0.000  -0.000 deg. for the L =   17, J =   17.0 channel.
      16.5  1.00000000  0.00000079i: elastic S-matrix  @@      0.00  0   0 F  0
 Reaction Xsec    16.5+/17 @ 4 =  -0.000#, Out:   0.000#   0.020/   0.034/   0.067/   0.096/   5.094/  -0.005f

   S-matrix    5 =    1.00000   0.00000 for L=   17, J=   18.0 channel on core I =   1.5 from L=   17,  Acc. loss =  0.0 D.
 Elastic phase shift   5 =    0.000  -0.000 deg. for the L =   17, J =   18.0 channel.
      16.5  1.00000000  0.00000079i: elastic S-matrix  @@      0.00  0   0 F  0
 Reaction Xsec    16.5+/17 @ 5 =  -0.000#, Out:   0.000#   0.016/   0.088/   0.018/   0.027/   2.111/  -0.002f

   S-matrix    6 =    1.00000   0.00000 for L=   19, J=   18.0 channel on core I =   1.5 from L=   19,  Acc. loss =  0.0 D.
 Elastic phase shift   6 =    0.000   0.000 deg. for the L =   19, J =   18.0 channel.
      16.5  1.00000000  0.00000010i: elastic S-matrix  @@      0.00  0   0 F  0
 Reaction Xsec    16.5+/19 @ 6 =   0.000#, Out:   0.000#   1.478#   3.267#   6.460#   0.032/   0.026   -0.026f


 Total SPIN, PARITY =    16.5 -,     35 chs,      0 cc.  Rmin & Coul turning =    3.2   18.1
   S-matrix    1 =    1.00000   0.00003 for L=   14, J=   15.0 channel on core I =   1.5 from L=   14,  Acc. loss =  0.0 D.
 Elastic phase shift   1 =    0.001   0.000 deg. for the L =   14, J =   15.0 channel.
      16.5  1.00000000  0.00002617i: elastic S-matrix  @@      0.00  0   0 F  0
 Reaction Xsec    16.5-/14 @ 1 =   0.002#, Out:   0.000#   6.421#   3.048#   5.711/   6.248/   0.026   -0.038f

   S-matrix    2 =    1.00000   0.00000 for L=   16, J=   15.0 channel on core I =   1.5 from L=   16,  Acc. loss =  0.0 D.
 Elastic phase shift   2 =    0.000   0.000 deg. for the L =   16, J =   15.0 channel.
      16.5  1.00000000  0.00000250i: elastic S-matrix  @@      0.00  0   0 F  0
 Reaction Xsec    16.5-/16 @ 2 =   0.000#, Out:   0.000#   0.027/   2.296#   0.188/   0.243/   1.218/  -0.002f

   S-matrix    3 =    1.00000   0.00000 for L=   16, J=   16.0 channel on core I =   1.5 from L=   16,  Acc. loss =  0.0 D.
 Elastic phase shift   3 =    0.000   0.000 deg. for the L =   16, J =   16.0 channel.
      16.5  1.00000000  0.00000250i: elastic S-matrix  @@      0.00  0   0 F  0
 Reaction Xsec    16.5-/16 @ 3 =   0.000#, Out:   0.000#   0.052/   0.026/   0.343/   0.446/   3.853/  -0.005f

   S-matrix    4 =    1.00000   0.00000 for L=   16, J=   17.0 channel on core I =   1.5 from L=   16,  Acc. loss =  0.0 D.
 Elastic phase shift   4 =    0.000   0.000 deg. for the L =   16, J =   17.0 channel.
      16.5  1.00000000  0.00000250i: elastic S-matrix  @@      0.00  0   0 F  0
 Reaction Xsec    16.5-/16 @ 4 =   0.000#, Out:   0.000#   0.089/   0.162/   0.183/   0.240/   3.719/  -0.004f

   S-matrix    5 =    1.00000   0.00000 for L=   18, J=   17.0 channel on core I =   1.5 from L=   18,  Acc. loss =  0.0 D.
 Elastic phase shift   5 =    0.000   0.000 deg. for the L =   18, J =   17.0 channel.
      16.5  1.00000000  0.00000026i: elastic S-matrix  @@      0.00  0   0 F  0
 Reaction Xsec    16.5-/18 @ 5 =   0.000#, Out:   0.000#   2.671#   0.815#   0.028/   0.048/   5.976/  -0.006f

   S-matrix    6 =    1.00000   0.00000 for L=   18, J=   18.0 channel on core I =   1.5 from L=   18,  Acc. loss =  0.0 D.
 Elastic phase shift   6 =    0.000   0.000 deg. for the L =   18, J =   18.0 channel.
      16.5  1.00000000  0.00000026i: elastic S-matrix  @@      0.00  0   0 F  0
 Reaction Xsec    16.5-/18 @ 6 =   0.000#, Out:   0.000#   4.688#   0.022/   9.299#   0.019/   6.302/  -0.006f


 Total SPIN, PARITY =    17.5 +,     35 chs,      0 cc.  Rmin & Coul turning =    3.4   19.2
   S-matrix    1 =    1.00000   0.00001 for L=   15, J=   16.0 channel on core I =   1.5 from L=   15,  Acc. loss =  0.0 D.
 Elastic phase shift   1 =    0.000   0.000 deg. for the L =   15, J =   16.0 channel.
      17.5  1.00000000  0.00000806i: elastic S-matrix  @@      0.00  0   0 F  0
 Reaction Xsec    17.5+/15 @ 1 =   0.000#, Out:   0.000#   2.467#   1.251#   2.571/   2.864/   0.012   -0.018f

   S-matrix    2 =    1.00000   0.00000 for L=   17, J=   16.0 channel on core I =   1.5 from L=   17,  Acc. loss =  0.0 D.
 Elastic phase shift   2 =    0.000  -0.000 deg. for the L =   17, J =   16.0 channel.
      17.5  1.00000000  0.00000079i: elastic S-matrix  @@      0.00  0   0 F  0
 Reaction Xsec    17.5+/17 @ 2 =  -0.000#, Out:   0.000#   0.011/   0.947#   0.086/   0.114/   1.168/  -0.001f

   S-matrix    3 =    1.00000   0.00000 for L=   17, J=   17.0 channel on core I =   1.5 from L=   17,  Acc. loss =  0.0 D.
 Elastic phase shift   3 =    0.000  -0.000 deg. for the L =   17, J =   17.0 channel.
      17.5  1.00000000  0.00000079i: elastic S-matrix  @@      0.00  0   0 F  0
 Reaction Xsec    17.5+/17 @ 3 =  -0.000#, Out:   0.000#   0.020/   0.011/   0.159/   0.213/   3.403/  -0.004f

   S-matrix    4 =    1.00000   0.00000 for L=   17, J=   18.0 channel on core I =   1.5 from L=   17,  Acc. loss =  0.0 D.
 Elastic phase shift   4 =    0.000  -0.000 deg. for the L =   17, J =   18.0 channel.
      17.5  1.00000000  0.00000079i: elastic S-matrix  @@      0.00  0   0 F  0
 Reaction Xsec    17.5+/17 @ 4 =  -0.000#, Out:   0.000#   0.035/   0.068/   0.085/   0.116/   3.124/  -0.003f

   S-matrix    5 =    1.00000   0.00000 for L=   19, J=   18.0 channel on core I =   1.5 from L=   19,  Acc. loss =  0.0 D.
 Elastic phase shift   5 =    0.000   0.000 deg. for the L =   19, J =   18.0 channel.
      17.5  1.00000000  0.00000010i: elastic S-matrix  @@      0.00  0   0 F  0
 Reaction Xsec    17.5+/19 @ 5 =   0.000#, Out:   0.000#   1.055#   0.357#   0.016/   0.044/   0.015   -0.015f

   S-matrix    6 =    1.00000   0.00000 for L=   19, J=   19.0 channel on core I =   1.5 from L=   19,  Acc. loss =  0.0 D.
 Elastic phase shift   6 =    0.000   0.000 deg. for the L =   19, J =   19.0 channel.
      17.5  1.00000000  0.00000010i: elastic S-matrix  @@      0.00  0   0 F  0
 Reaction Xsec    17.5+/19 @ 6 =   0.000#, Out:   0.000#   1.876#   9.247#   5.435#   0.023/   0.016   -0.016f


 Total SPIN, PARITY =    17.5 -,     35 chs,      0 cc.  Rmin & Coul turning =    3.4   19.2
   S-matrix    1 =    1.00000   0.00000 for L=   16, J=   16.0 channel on core I =   1.5 from L=   16,  Acc. loss =  0.0 D.
 Elastic phase shift   1 =    0.000   0.000 deg. for the L =   16, J =   16.0 channel.
      17.5  1.00000000  0.00000250i: elastic S-matrix  @@      0.00  0   0 F  0
 Reaction Xsec    17.5-/16 @ 1 =   0.000#, Out:   0.000#   0.013/   1.374#   0.683/   0.881/   1.798/  -0.003f

   S-matrix    2 =    1.00000   0.00000 for L=   16, J=   17.0 channel on core I =   1.5 from L=   16,  Acc. loss =  0.0 D.
 Elastic phase shift   2 =    0.000   0.000 deg. for the L =   16, J =   17.0 channel.
      17.5  1.00000000  0.00000250i: elastic S-matrix  @@      0.00  0   0 F  0
 Reaction Xsec    17.5-/16 @ 2 =   0.000#, Out:   0.000#   0.104/   0.129#   0.532/   0.688/   3.413/  -0.005f

   S-matrix    3 =    1.00000   0.00000 for L=   18, J=   17.0 channel on core I =   1.5 from L=   18,  Acc. loss =  0.0 D.
 Elastic phase shift   3 =    0.000   0.000 deg. for the L =   18, J =   17.0 channel.
      17.5  1.00000000  0.00000026i: elastic S-matrix  @@      0.00  0   0 F  0
 Reaction Xsec    17.5-/18 @ 3 =   0.000#, Out:   0.000#   0.394#   0.010/   0.044/   0.071/   2.827/  -0.003f

   S-matrix    4 =    1.00000   0.00000 for L=   18, J=   18.0 channel on core I =   1.5 from L=   18,  Acc. loss =  0.0 D.
 Elastic phase shift   4 =    0.000   0.000 deg. for the L =   18, J =   18.0 channel.
      17.5  1.00000000  0.00000026i: elastic S-matrix  @@      0.00  0   0 F  0
 Reaction Xsec    17.5-/18 @ 4 =   0.000#, Out:   0.000#   7.997#   0.014/   0.033/   0.055/   4.479/  -0.005f

   S-matrix    5 =    1.00000   0.00000 for L=   18, J=   19.0 channel on core I =   1.5 from L=   18,  Acc. loss =  0.0 D.
 Elastic phase shift   5 =    0.000   0.000 deg. for the L =   18, J =   19.0 channel.
      17.5  1.00000000  0.00000026i: elastic S-matrix  @@      0.00  0   0 F  0
 Reaction Xsec    17.5-/18 @ 5 =   0.000#, Out:   0.000#   6.213#   0.038/   9.030#   0.015/   1.885/  -0.002f

   S-matrix    6 =    1.00000   0.00000 for L=   20, J=   19.0 channel on core I =   1.5 from L=   20,  Acc. loss =  0.0 D.
 Elastic phase shift   6 =    0.000  -0.000 deg. for the L =   20, J =   19.0 channel.
      17.5  1.00000000  0.00000005i: elastic S-matrix  @@      0.00  0   0 F  0
 Reaction Xsec    17.5-/20 @ 6 =  -0.000#, Out:   0.000#   0.591#   1.394#   2.824#   0.012/   0.013   -0.013f


 Total SPIN, PARITY =    18.5 +,     35 chs,      0 cc.  Rmin & Coul turning =    3.6   20.3
   S-matrix    1 =    1.00000   0.00000 for L=   17, J=   17.0 channel on core I =   1.5 from L=   17,  Acc. loss =  0.0 D.
 Elastic phase shift   1 =    0.000  -0.000 deg. for the L =   17, J =   17.0 channel.
      18.5  1.00000000  0.00000079i: elastic S-matrix  @@      0.00  0   0 F  0
 Reaction Xsec    18.5+/17 @ 1 =  -0.000#, Out:   0.000#   5.043#   0.569#   0.313/   0.411/   2.214/  -0.003f

   S-matrix    2 =    1.00000   0.00000 for L=   17, J=   18.0 channel on core I =   1.5 from L=   17,  Acc. loss =  0.0 D.
 Elastic phase shift   2 =    0.000  -0.000 deg. for the L =   17, J =   18.0 channel.
      18.5  1.00000000  0.00000079i: elastic S-matrix  @@      0.00  0   0 F  0
 Reaction Xsec    18.5+/17 @ 2 =  -0.000#, Out:   0.000#   0.041/   0.052#   0.245/   0.324/   3.293/  -0.004f

   S-matrix    3 =    1.00000   0.00000 for L=   19, J=   18.0 channel on core I =   1.5 from L=   19,  Acc. loss =  0.0 D.
 Elastic phase shift   3 =    0.000   0.000 deg. for the L =   19, J =   18.0 channel.
      18.5  1.00000000  0.00000010i: elastic S-matrix  @@      0.00  0   0 F  0
 Reaction Xsec    18.5+/19 @ 3 =   0.000#, Out:   0.000#   0.153#   4.446#   0.024/   0.056/   7.313/  -0.007f

   S-matrix    4 =    1.00000   0.00000 for L=   19, J=   19.0 channel on core I =   1.5 from L=   19,  Acc. loss =  0.0 D.
 Elastic phase shift   4 =    0.000   0.000 deg. for the L =   19, J =   19.0 channel.
      18.5  1.00000000  0.00000010i: elastic S-matrix  @@      0.00  0   0 F  0
 Reaction Xsec    18.5+/19 @ 4 =   0.000#, Out:   0.000#   3.168#   6.093#   0.018/   0.047/   0.011   -0.011f

   S-matrix    5 =    1.00000   0.00000 for L=   19, J=   20.0 channel on core I =   1.5 from L=   19,  Acc. loss =  0.0 D.
 Elastic phase shift   5 =    0.000   0.000 deg. for the L =   19, J =   20.0 channel.
      18.5  1.00000000  0.00000010i: elastic S-matrix  @@      0.00  0   0 F  0
 Reaction Xsec    18.5+/19 @ 5 =   0.000#, Out:   0.000#   2.473#   0.016/   5.070#   0.014/   4.739/  -0.005f

   S-matrix    6 =    1.00000   0.00000 for L=   21, J=   20.0 channel on core I =   1.5 from L=   21,  Acc. loss =  0.0 D.
 Elastic phase shift   6 =    0.000   0.000 deg. for the L =   21, J =   20.0 channel.
      18.5  1.00000000  0.00000003i: elastic S-matrix  @@      0.00  0   0 F  0
 Reaction Xsec    18.5+/21 @ 6 =   0.000#, Out:   0.000#   0.236#   0.594#   1.909#   5.726#   0.010   -0.010f


 Total SPIN, PARITY =    18.5 -,     35 chs,      0 cc.  Rmin & Coul turning =    3.6   20.3
   S-matrix    1 =    1.00000   0.00000 for L=   16, J=   17.0 channel on core I =   1.5 from L=   16,  Acc. loss =  0.0 D.
 Elastic phase shift   1 =    0.000   0.000 deg. for the L =   16, J =   17.0 channel.
      18.5  1.00000000  0.00000250i: elastic S-matrix  @@      0.00  0   0 F  0
 Reaction Xsec    18.5-/16 @ 1 =   0.000#, Out:   0.000#   0.951#   0.516#   1.231/   1.586/   2.249/  -0.005f

   S-matrix    2 =    1.00000   0.00000 for L=   18, J=   17.0 channel on core I =   1.5 from L=   18,  Acc. loss =  0.0 D.
 Elastic phase shift   2 =    0.000   0.000 deg. for the L =   18, J =   17.0 channel.
      18.5  1.00000000  0.00000026i: elastic S-matrix  @@      0.00  0   0 F  0
 Reaction Xsec    18.5-/18 @ 2 =   0.000#, Out:   0.000#   4.240#   0.393#   0.042/   0.067/   0.891/  -0.001f

   S-matrix    3 =    1.00000   0.00000 for L=   18, J=   18.0 channel on core I =   1.5 from L=   18,  Acc. loss =  0.0 D.
 Elastic phase shift   3 =    0.000   0.000 deg. for the L =   18, J =   18.0 channel.
      18.5  1.00000000  0.00000026i: elastic S-matrix  @@      0.00  0   0 F  0
 Reaction Xsec    18.5-/18 @ 3 =   0.000#, Out:   0.000#   8.001#   4.767#   0.078/   0.124/   2.769/  -0.003f

   S-matrix    4 =    1.00000   0.00000 for L=   18, J=   19.0 channel on core I =   1.5 from L=   18,  Acc. loss =  0.0 D.
 Elastic phase shift   4 =    0.000   0.000 deg. for the L =   18, J =   19.0 channel.
      18.5  1.00000000  0.00000026i: elastic S-matrix  @@      0.00  0   0 F  0
 Reaction Xsec    18.5-/18 @ 4 =   0.000#, Out:   0.000#   0.014/   0.029/   0.042/   0.067/   2.667/  -0.003f

   S-matrix    5 =    1.00000   0.00000 for L=   20, J=   19.0 channel on core I =   1.5 from L=   20,  Acc. loss =  0.0 D.
 Elastic phase shift   5 =    0.000  -0.000 deg. for the L =   20, J =   19.0 channel.
      18.5  1.00000000  0.00000005i: elastic S-matrix  @@      0.00  0   0 F  0
 Reaction Xsec    18.5-/20 @ 5 =  -0.000#, Out:   0.000#   0.417#   0.156#   7.134#   0.019/   7.275/  -0.007f

   S-matrix    6 =    1.00000   0.00000 for L=   20, J=   20.0 channel on core I =   1.5 from L=   20,  Acc. loss =  0.0 D.
 Elastic phase shift   6 =    0.000  -0.000 deg. for the L =   20, J =   20.0 channel.
      18.5  1.00000000  0.00000005i: elastic S-matrix  @@      0.00  0   0 F  0
 Reaction Xsec    18.5-/20 @ 6 =  -0.000#, Out:   0.000#   0.750#   3.940#   2.408#   8.923#   7.677/  -0.008f


 Total SPIN, PARITY =    19.5 +,     35 chs,      0 cc.  Rmin & Coul turning =    3.8   21.4
   S-matrix    1 =    1.00000   0.00000 for L=   17, J=   18.0 channel on core I =   1.5 from L=   17,  Acc. loss =  0.0 D.
 Elastic phase shift   1 =    0.000  -0.000 deg. for the L =   17, J =   18.0 channel.
      19.5  1.00000000  0.00000079i: elastic S-matrix  @@      0.00  0   0 F  0
 Reaction Xsec    19.5+/17 @ 1 =  -0.000#, Out:   0.000#   0.367#   0.213#   0.562/   0.738/   3.227/  -0.005f

   S-matrix    2 =    1.00000   0.00000 for L=   19, J=   18.0 channel on core I =   1.5 from L=   19,  Acc. loss =  0.0 D.
 Elastic phase shift   2 =    0.000   0.000 deg. for the L =   19, J =   18.0 channel.
      19.5  1.00000000  0.00000010i: elastic S-matrix  @@      0.00  0   0 F  0
 Reaction Xsec    19.5+/19 @ 2 =   0.000#, Out:   0.000#   1.687#   0.164#   0.023/   0.050/   2.546/  -0.003f

   S-matrix    3 =    1.00000   0.00000 for L=   19, J=   19.0 channel on core I =   1.5 from L=   19,  Acc. loss =  0.0 D.
 Elastic phase shift   3 =    0.000   0.000 deg. for the L =   19, J =   19.0 channel.
      19.5  1.00000000  0.00000010i: elastic S-matrix  @@      0.00  0   0 F  0
 Reaction Xsec    19.5+/19 @ 3 =   0.000#, Out:   0.000#   3.144#   2.046#   0.043/   0.095/   7.463/  -0.008f

   S-matrix    4 =    1.00000   0.00000 for L=   19, J=   20.0 channel on core I =   1.5 from L=   19,  Acc. loss =  0.0 D.
 Elastic phase shift   4 =    0.000   0.000 deg. for the L =   19, J =   20.0 channel.
      19.5  1.00000000  0.00000010i: elastic S-matrix  @@      0.00  0   0 F  0
 Reaction Xsec    19.5+/19 @ 4 =   0.000#, Out:   0.000#   5.512#   0.012/   0.023/   0.053/   6.925/  -0.007f

   S-matrix    5 =    1.00000   0.00000 for L=   21, J=   20.0 channel on core I =   1.5 from L=   21,  Acc. loss =  0.0 D.
 Elastic phase shift   5 =    0.000   0.000 deg. for the L =   21, J =   20.0 channel.
      19.5  1.00000000  0.00000003i: elastic S-matrix  @@      0.00  0   0 F  0
 Reaction Xsec    19.5+/21 @ 5 =   0.000#, Out:   0.000#   0.165#   0.068#   4.417#   0.015/   7.282/  -0.007f

   S-matrix    6 =    1.00000   0.00000 for L=   21, J=   21.0 channel on core I =   1.5 from L=   21,  Acc. loss =  0.0 D.
 Elastic phase shift   6 =    0.000   0.000 deg. for the L =   21, J =   21.0 channel.
      19.5  1.00000000  0.00000003i: elastic S-matrix  @@      0.00  0   0 F  0
 Reaction Xsec    19.5+/21 @ 6 =   0.000#, Out:   0.000#   0.299#   1.677#   1.582#   4.913#   6.505/  -0.007f


 Total SPIN, PARITY =    19.5 -,     35 chs,      0 cc.  Rmin & Coul turning =    3.8   21.4
   S-matrix    1 =    1.00000   0.00000 for L=   18, J=   18.0 channel on core I =   1.5 from L=   18,  Acc. loss =  0.0 D.
 Elastic phase shift   1 =    0.000   0.000 deg. for the L =   18, J =   18.0 channel.
      19.5  1.00000000  0.00000026i: elastic S-matrix  @@      0.00  0   0 F  0
 Reaction Xsec    19.5-/18 @ 1 =   0.000#, Out:   0.000#   2.016#   0.237#   0.151/   0.240/   1.424/  -0.002f

   S-matrix    2 =    1.00000   0.00000 for L=   18, J=   19.0 channel on core I =   1.5 from L=   18,  Acc. loss =  0.0 D.
 Elastic phase shift   2 =    0.000   0.000 deg. for the L =   18, J =   19.0 channel.
      19.5  1.00000000  0.00000026i: elastic S-matrix  @@      0.00  0   0 F  0
 Reaction Xsec    19.5-/18 @ 2 =   0.000#, Out:   0.000#   0.016/   0.021#   0.119/   0.190/   2.519/  -0.003f

   S-matrix    3 =    1.00000   0.00000 for L=   20, J=   19.0 channel on core I =   1.5 from L=   20,  Acc. loss =  0.0 D.
 Elastic phase shift   3 =    0.000  -0.000 deg. for the L =   20, J =   19.0 channel.
      19.5  1.00000000  0.00000005i: elastic S-matrix  @@      0.00  0   0 F  0
 Reaction Xsec    19.5-/20 @ 3 =  -0.000#, Out:   0.000#   0.059#   1.897#   0.011/   0.025/   3.489/  -0.004f

   S-matrix    4 =    1.00000   0.00000 for L=   20, J=   20.0 channel on core I =   1.5 from L=   20,  Acc. loss =  0.0 D.
 Elastic phase shift   4 =    0.000  -0.000 deg. for the L =   20, J =   20.0 channel.
      19.5  1.00000000  0.00000005i: elastic S-matrix  @@      0.00  0   0 F  0
 Reaction Xsec    19.5-/20 @ 4 =  -0.000#, Out:   0.000#   1.255#   2.578#   8.286#   0.020/   5.461/  -0.005f

   S-matrix    5 =    1.00000   0.00000 for L=   20, J=   21.0 channel on core I =   1.5 from L=   20,  Acc. loss =  0.0 D.
 Elastic phase shift   5 =    0.000  -0.000 deg. for the L =   20, J =   21.0 channel.
      19.5  1.00000000  0.00000005i: elastic S-matrix  @@      0.00  0   0 F  0
 Reaction Xsec    19.5-/20 @ 5 =  -0.000#, Out:   0.000#   0.984#   6.780#   2.281#   6.010#   2.307/  -0.002f

   S-matrix    6 =    1.00000   0.00000 for L=   22, J=   21.0 channel on core I =   1.5 from L=   22,  Acc. loss =  0.0 D.
 Elastic phase shift   6 =    0.000  -0.000 deg. for the L =   22, J =   21.0 channel.
      19.5  1.00000000  0.00000003i: elastic S-matrix  @@      0.00  0   0 F  0
 Reaction Xsec    19.5-/22 @ 6 =  -0.000#, Out:   0.000#   0.094#   0.253#   1.123#   7.393#   0.020   -0.020f


 Total SPIN, PARITY =    20.5 +,     35 chs,      0 cc.  Rmin & Coul turning =    4.0   22.5
   S-matrix    1 =    1.00000   0.00000 for L=   19, J=   19.0 channel on core I =   1.5 from L=   19,  Acc. loss =  0.0 D.
 Elastic phase shift   1 =    0.000   0.000 deg. for the L =   19, J =   19.0 channel.
      20.5  1.00000000  0.00000010i: elastic S-matrix  @@      0.00  0   0 F  0
 Reaction Xsec    20.5+/19 @ 1 =   0.000#, Out:   0.000#   0.805#   0.099#   0.082/   0.176/   4.827/  -0.005f

   S-matrix    2 =    1.00000   0.00000 for L=   19, J=   20.0 channel on core I =   1.5 from L=   19,  Acc. loss =  0.0 D.
 Elastic phase shift   2 =    0.000   0.000 deg. for the L =   19, J =   20.0 channel.
      20.5  1.00000000  0.00000010i: elastic S-matrix  @@      0.00  0   0 F  0
 Reaction Xsec    20.5+/19 @ 2 =   0.000#, Out:   0.000#   6.267#   0.009#   0.065/   0.142/   7.228/  -0.007f

   S-matrix    3 =    1.00000   0.00000 for L=   21, J=   20.0 channel on core I =   1.5 from L=   21,  Acc. loss =  0.0 D.
 Elastic phase shift   3 =    0.000   0.000 deg. for the L =   21, J =   20.0 channel.
      20.5  1.00000000  0.00000003i: elastic S-matrix  @@      0.00  0   0 F  0
 Reaction Xsec    20.5+/21 @ 3 =   0.000#, Out:   0.000#   0.023#   0.808#   6.524#   0.022/   5.197/  -0.005f

   S-matrix    4 =    1.00000   0.00000 for L=   21, J=   21.0 channel on core I =   1.5 from L=   21,  Acc. loss =  0.0 D.
 Elastic phase shift   4 =    0.000   0.000 deg. for the L =   21, J =   21.0 channel.
      20.5  1.00000000  0.00000003i: elastic S-matrix  @@      0.00  0   0 F  0
 Reaction Xsec    20.5+/21 @ 4 =   0.000#, Out:   0.000#   0.497#   1.090#   5.085#   0.017/   6.147/  -0.006f

   S-matrix    5 =    1.00000   0.00000 for L=   21, J=   22.0 channel on core I =   1.5 from L=   21,  Acc. loss =  0.0 D.
 Elastic phase shift   5 =    0.000   0.000 deg. for the L =   21, J =   22.0 channel.
      20.5  1.00000000  0.00000003i: elastic S-matrix  @@      0.00  0   0 F  0
 Reaction Xsec    20.5+/21 @ 5 =   0.000#, Out:   0.000#   0.391#   2.878#   1.414#   4.672#   2.319/  -0.002f

   S-matrix    6 =    1.00000   0.00000 for L=   23, J=   22.0 channel on core I =   1.5 from L=   23,  Acc. loss =  0.0 D.
 Elastic phase shift   6 =    0.000  -0.000 deg. for the L =   23, J =   22.0 channel.
      20.5  1.00000000  0.00000002i: elastic S-matrix  @@      0.00  0   0 F  0
 Reaction Xsec    20.5+/23 @ 6 =  -0.000#, Out:   0.000#   0.038#   0.108#   0.871#   3.405#   4.077/  -0.004f


 Total SPIN, PARITY =    20.5 -,     35 chs,      0 cc.  Rmin & Coul turning =    4.0   22.5
   S-matrix    1 =    1.00000   0.00000 for L=   18, J=   19.0 channel on core I =   1.5 from L=   18,  Acc. loss =  0.0 D.
 Elastic phase shift   1 =    0.000   0.000 deg. for the L =   18, J =   19.0 channel.
      20.5  1.00000000  0.00000026i: elastic S-matrix  @@      0.00  0   0 F  0
 Reaction Xsec    20.5-/18 @ 1 =   0.000#, Out:   0.000#   0.142#   0.089#   0.272/   0.430/   1.891/  -0.003f

   S-matrix    2 =    1.00000   0.00000 for L=   20, J=   19.0 channel on core I =   1.5 from L=   20,  Acc. loss =  0.0 D.
 Elastic phase shift   2 =    0.000  -0.000 deg. for the L =   20, J =   19.0 channel.
      20.5  1.00000000  0.00000005i: elastic S-matrix  @@      0.00  0   0 F  0
 Reaction Xsec    20.5-/20 @ 2 =  -0.000#, Out:   0.000#   0.671#   0.068#   0.010/   0.022/   1.172/  -0.001f

   S-matrix    3 =    1.00000   0.00000 for L=   20, J=   20.0 channel on core I =   1.5 from L=   20,  Acc. loss =  0.0 D.
 Elastic phase shift   3 =    0.000  -0.000 deg. for the L =   20, J =   20.0 channel.
      20.5  1.00000000  0.00000005i: elastic S-matrix  @@      0.00  0   0 F  0
 Reaction Xsec    20.5-/20 @ 3 =  -0.000#, Out:   0.000#   1.237#   0.877#   0.019/   0.043/   3.506/  -0.004f

   S-matrix    4 =    1.00000   0.00000 for L=   20, J=   21.0 channel on core I =   1.5 from L=   20,  Acc. loss =  0.0 D.
 Elastic phase shift   4 =    0.000  -0.000 deg. for the L =   20, J =   21.0 channel.
      20.5  1.00000000  0.00000005i: elastic S-matrix  @@      0.00  0   0 F  0
 Reaction Xsec    20.5-/20 @ 4 =  -0.000#, Out:   0.000#   2.180#   5.120#   0.010/   0.024/   3.313/  -0.003f

   S-matrix    5 =    1.00000   0.00000 for L=   22, J=   21.0 channel on core I =   1.5 from L=   22,  Acc. loss =  0.0 D.
 Elastic phase shift   5 =    0.000  -0.000 deg. for the L =   22, J =   21.0 channel.
      20.5  1.00000000  0.00000003i: elastic S-matrix  @@      0.00  0   0 F  0
 Reaction Xsec    20.5-/22 @ 5 =  -0.000#, Out:   0.000#   0.065#   0.029#   2.837#   0.014/   0.013   -0.013f

   S-matrix    6 =    1.00000   0.00000 for L=   22, J=   22.0 channel on core I =   1.5 from L=   22,  Acc. loss =  0.0 D.
 Elastic phase shift   6 =    0.000  -0.000 deg. for the L =   22, J =   22.0 channel.
      20.5  1.00000000  0.00000003i: elastic S-matrix  @@      0.00  0   0 F  0
 Reaction Xsec    20.5-/22 @ 6 =  -0.000#, Out:   0.000#   0.120#   0.714#   0.963#   5.798#   0.012   -0.012f


 Total SPIN, PARITY =    21.5 +,     35 chs,      0 cc.  Rmin & Coul turning =    4.2   23.5
   S-matrix    1 =    1.00000   0.00000 for L=   19, J=   20.0 channel on core I =   1.5 from L=   19,  Acc. loss =  0.0 D.
 Elastic phase shift   1 =    0.000   0.000 deg. for the L =   19, J =   20.0 channel.
      21.5  1.00000000  0.00000010i: elastic S-matrix  @@      0.00  0   0 F  0
 Reaction Xsec    21.5+/19 @ 1 =   0.000#, Out:   0.000#   0.055#   0.037#   0.147/   0.313/   7.043/  -0.008f

   S-matrix    2 =    1.00000   0.00000 for L=   21, J=   20.0 channel on core I =   1.5 from L=   21,  Acc. loss =  0.0 D.
 Elastic phase shift   2 =    0.000   0.000 deg. for the L =   21, J =   20.0 channel.
      21.5  1.00000000  0.00000003i: elastic S-matrix  @@      0.00  0   0 F  0
 Reaction Xsec    21.5+/21 @ 2 =   0.000#, Out:   0.000#   0.267#   0.029#   6.088#   0.021/   3.262/  -0.003f

   S-matrix    3 =    1.00000   0.00000 for L=   21, J=   21.0 channel on core I =   1.5 from L=   21,  Acc. loss =  0.0 D.
 Elastic phase shift   3 =    0.000   0.000 deg. for the L =   21, J =   21.0 channel.
      21.5  1.00000000  0.00000003i: elastic S-matrix  @@      0.00  0   0 F  0
 Reaction Xsec    21.5+/21 @ 3 =   0.000#, Out:   0.000#   0.487#   0.375#   0.012/   0.039/   7.154/  -0.007f

   S-matrix    4 =    1.00000   0.00000 for L=   21, J=   22.0 channel on core I =   1.5 from L=   21,  Acc. loss =  0.0 D.
 Elastic phase shift   4 =    0.000   0.000 deg. for the L =   21, J =   22.0 channel.
      21.5  1.00000000  0.00000003i: elastic S-matrix  @@      0.00  0   0 F  0
 Reaction Xsec    21.5+/21 @ 4 =   0.000#, Out:   0.000#   0.862#   2.161#   6.253#   0.021/   4.963/  -0.005f

   S-matrix    5 =    1.00000   0.00000 for L=   23, J=   22.0 channel on core I =   1.5 from L=   23,  Acc. loss =  0.0 D.
 Elastic phase shift   5 =    0.000  -0.000 deg. for the L =   23, J =   22.0 channel.
      21.5  1.00000000  0.00000002i: elastic S-matrix  @@      0.00  0   0 F  0
 Reaction Xsec    21.5+/23 @ 5 =  -0.000#, Out:   0.000#   0.026#   0.013#   1.304#   5.718#   3.288/  -0.003f

   S-matrix    6 =    1.00000   0.00000 for L=   23, J=   23.0 channel on core I =   1.5 from L=   23,  Acc. loss =  0.0 D.
 Elastic phase shift   6 =    0.000  -0.000 deg. for the L =   23, J =   23.0 channel.
      21.5  1.00000000  0.00000002i: elastic S-matrix  @@      0.00  0   0 F  0
 Reaction Xsec    21.5+/23 @ 6 =  -0.000#, Out:   0.000#   0.048#   0.304#   0.634#   2.557#   2.602/  -0.003f


 Total SPIN, PARITY =    21.5 -,     35 chs,      0 cc.  Rmin & Coul turning =    4.2   23.5
   S-matrix    1 =    1.00000   0.00000 for L=   20, J=   20.0 channel on core I =   1.5 from L=   20,  Acc. loss =  0.0 D.
 Elastic phase shift   1 =    0.000  -0.000 deg. for the L =   20, J =   20.0 channel.
      21.5  1.00000000  0.00000005i: elastic S-matrix  @@      0.00  0   0 F  0
 Reaction Xsec    21.5-/20 @ 1 =  -0.000#, Out:   0.000#   0.321#   0.041#   0.037/   0.080/   2.119/  -0.002f

   S-matrix    2 =    1.00000   0.00000 for L=   20, J=   21.0 channel on core I =   1.5 from L=   20,  Acc. loss =  0.0 D.
 Elastic phase shift   2 =    0.000  -0.000 deg. for the L =   20, J =   21.0 channel.
      21.5  1.00000000  0.00000005i: elastic S-matrix  @@      0.00  0   0 F  0
 Reaction Xsec    21.5-/20 @ 2 =  -0.000#, Out:   0.000#   2.464#   0.004#   0.029/   0.064/   3.335/  -0.003f

   S-matrix    3 =    1.00000   0.00000 for L=   22, J=   21.0 channel on core I =   1.5 from L=   22,  Acc. loss =  0.0 D.
 Elastic phase shift   3 =    0.000  -0.000 deg. for the L =   22, J =   21.0 channel.
      21.5  1.00000000  0.00000003i: elastic S-matrix  @@      0.00  0   0 F  0
 Reaction Xsec    21.5-/22 @ 3 =  -0.000#, Out:   0.000#   0.009#   0.345#   4.250#   0.020/   8.162/  -0.008f

   S-matrix    4 =    1.00000   0.00000 for L=   22, J=   22.0 channel on core I =   1.5 from L=   22,  Acc. loss =  0.0 D.
 Elastic phase shift   4 =    0.000  -0.000 deg. for the L =   22, J =   22.0 channel.
      21.5  1.00000000  0.00000003i: elastic S-matrix  @@      0.00  0   0 F  0
 Reaction Xsec    21.5-/22 @ 4 =  -0.000#, Out:   0.000#   0.197#   0.462#   3.300#   0.016/   0.010   -0.010f

   S-matrix    5 =    1.00000   0.00000 for L=   22, J=   23.0 channel on core I =   1.5 from L=   22,  Acc. loss =  0.0 D.
 Elastic phase shift   5 =    0.000  -0.000 deg. for the L =   22, J =   23.0 channel.
      21.5  1.00000000  0.00000003i: elastic S-matrix  @@      0.00  0   0 F  0
 Reaction Xsec    21.5-/22 @ 5 =  -0.000#, Out:   0.000#   0.155#   1.224#   0.910#   4.619#   4.115/  -0.004f

   S-matrix    6 =    1.00000   0.00000 for L=   24, J=   23.0 channel on core I =   1.5 from L=   24,  Acc. loss =  0.0 D.
 Elastic phase shift   6 =    0.000  -0.000 deg. for the L =   24, J =   23.0 channel.
      21.5  1.00000000  0.00000002i: elastic S-matrix  @@      0.00  0   0 F  0
 Reaction Xsec    21.5-/24 @ 6 =  -0.000#, Out:   0.000#   0.015#   0.046#   3.120#   0.025/   1.571/  -0.002f


 Total SPIN, PARITY =    22.5 +,     35 chs,      0 cc.  Rmin & Coul turning =    4.4   24.6
   S-matrix    1 =    1.00000   0.00000 for L=   21, J=   21.0 channel on core I =   1.5 from L=   21,  Acc. loss =  0.0 D.
 Elastic phase shift   1 =    0.000   0.000 deg. for the L =   21, J =   21.0 channel.
      22.5  1.00000000  0.00000003i: elastic S-matrix  @@      0.00  0   0 F  0
 Reaction Xsec    22.5+/21 @ 1 =   0.000#, Out:   0.000#   0.128#   0.018#   0.022/   0.074/   0.010   -0.010f

   S-matrix    2 =    1.00000   0.00000 for L=   21, J=   22.0 channel on core I =   1.5 from L=   21,  Acc. loss =  0.0 D.
 Elastic phase shift   2 =    0.000   0.000 deg. for the L =   21, J =   22.0 channel.
      22.5  1.00000000  0.00000003i: elastic S-matrix  @@      0.00  0   0 F  0
 Reaction Xsec    22.5+/21 @ 2 =   0.000#, Out:   0.000#   0.969#   0.002#   0.017/   0.059/   9.341/  -0.009f

   S-matrix    3 =    1.00000   0.00000 for L=   23, J=   22.0 channel on core I =   1.5 from L=   23,  Acc. loss =  0.0 D.
 Elastic phase shift   3 =    0.000  -0.000 deg. for the L =   23, J =   22.0 channel.
      22.5  1.00000000  0.00000002i: elastic S-matrix  @@      0.00  0   0 F  0
 Reaction Xsec    22.5+/23 @ 3 =  -0.000#, Out:   0.000#   0.004#   0.147#   1.679#   7.673#   2.824/  -0.003f

   S-matrix    4 =    1.00000   0.00000 for L=   23, J=   23.0 channel on core I =   1.5 from L=   23,  Acc. loss =  0.0 D.
 Elastic phase shift   4 =    0.000  -0.000 deg. for the L =   23, J =   23.0 channel.
      22.5  1.00000000  0.00000002i: elastic S-matrix  @@      0.00  0   0 F  0
 Reaction Xsec    22.5+/23 @ 4 =  -0.000#, Out:   0.000#   0.078#   0.195#   1.409#   6.305#   2.974/  -0.003f

   S-matrix    5 =    1.00000   0.00000 for L=   23, J=   24.0 channel on core I =   1.5 from L=   23,  Acc. loss =  0.0 D.
 Elastic phase shift   5 =    0.000  -0.000 deg. for the L =   23, J =   24.0 channel.
      22.5  1.00000000  0.00000002i: elastic S-matrix  @@      0.00  0   0 F  0
 Reaction Xsec    22.5+/23 @ 5 =  -0.000#, Out:   0.000#   0.062#   0.519#   0.418#   1.835#   1.052/  -0.001f

   S-matrix    6 =    1.00000   0.00000 for L=   25, J=   24.0 channel on core I =   1.5 from L=   25,  Acc. loss =  0.0 D.
 Elastic phase shift   6 =    0.000  -0.000 deg. for the L =   25, J =   24.0 channel.
      22.5  1.00000000  0.00000002i: elastic S-matrix  @@      0.00  0   0 F  0
 Reaction Xsec    22.5+/25 @ 6 =  -0.000#, Out:   0.000#   0.006#   0.019#   1.877#   0.014/   2.461/  -0.002f


 Total SPIN, PARITY =    22.5 -,     35 chs,      0 cc.  Rmin & Coul turning =    4.4   24.6
   S-matrix    1 =    1.00000   0.00000 for L=   20, J=   21.0 channel on core I =   1.5 from L=   20,  Acc. loss =  0.0 D.
 Elastic phase shift   1 =    0.000  -0.000 deg. for the L =   20, J =   21.0 channel.
      22.5  1.00000000  0.00000005i: elastic S-matrix  @@      0.00  0   0 F  0
 Reaction Xsec    22.5-/20 @ 1 =  -0.000#, Out:   0.000#   0.021#   0.015#   0.066/   0.142/   3.024/  -0.003f

   S-matrix    2 =    1.00000   0.00000 for L=   22, J=   21.0 channel on core I =   1.5 from L=   22,  Acc. loss =  0.0 D.
 Elastic phase shift   2 =    0.000  -0.000 deg. for the L =   22, J =   21.0 channel.
      22.5  1.00000000  0.00000003i: elastic S-matrix  @@      0.00  0   0 F  0
 Reaction Xsec    22.5-/22 @ 2 =  -0.000#, Out:   0.000#   0.106#   0.012#   3.968#   0.019/   4.509/  -0.005f

   S-matrix    3 =    1.00000   0.00000 for L=   22, J=   22.0 channel on core I =   1.5 from L=   22,  Acc. loss =  0.0 D.
 Elastic phase shift   3 =    0.000  -0.000 deg. for the L =   22, J =   22.0 channel.
      22.5  1.00000000  0.00000003i: elastic S-matrix  @@      0.00  0   0 F  0
 Reaction Xsec    22.5-/22 @ 3 =  -0.000#, Out:   0.000#   0.192#   0.161#   7.532#   0.036/   0.010   -0.011f

   S-matrix    4 =    1.00000   0.00000 for L=   22, J=   23.0 channel on core I =   1.5 from L=   22,  Acc. loss =  0.0 D.
 Elastic phase shift   4 =    0.000  -0.000 deg. for the L =   22, J =   23.0 channel.
      22.5  1.00000000  0.00000003i: elastic S-matrix  @@      0.00  0   0 F  0
 Reaction Xsec    22.5-/22 @ 4 =  -0.000#, Out:   0.000#   0.341#   0.914#   4.081#   0.019/   7.805/  -0.008f

   S-matrix    5 =    1.00000   0.00000 for L=   24, J=   23.0 channel on core I =   1.5 from L=   24,  Acc. loss =  0.0 D.
 Elastic phase shift   5 =    0.000  -0.000 deg. for the L =   24, J =   23.0 channel.
      22.5  1.00000000  0.00000002i: elastic S-matrix  @@      0.00  0   0 F  0
 Reaction Xsec    22.5-/24 @ 5 =  -0.000#, Out:   0.000#   0.010#   0.005#   2.323#   0.019/   3.943/  -0.004f

   S-matrix    6 =    1.00000   0.00000 for L=   24, J=   24.0 channel on core I =   1.5 from L=   24,  Acc. loss =  0.0 D.
 Elastic phase shift   6 =    0.000  -0.000 deg. for the L =   24, J =   24.0 channel.
      22.5  1.00000000  0.00000002i: elastic S-matrix  @@      0.00  0   0 F  0
 Reaction Xsec    22.5-/24 @ 6 =  -0.000#, Out:   0.000#   0.019#   0.128#   1.965#   0.016/   1.352/  -0.001f


 Total SPIN, PARITY =    23.5 +,     35 chs,      0 cc.  Rmin & Coul turning =    4.6   25.7
   S-matrix    1 =    1.00000   0.00000 for L=   21, J=   22.0 channel on core I =   1.5 from L=   21,  Acc. loss =  0.0 D.
 Elastic phase shift   1 =    0.000   0.000 deg. for the L =   21, J =   22.0 channel.
      23.5  1.00000000  0.00000003i: elastic S-matrix  @@      0.00  0   0 F  0
 Reaction Xsec    23.5+/21 @ 1 =   0.000#, Out:   0.000#   0.008#   0.007#   0.039/   0.133/   0.018   -0.018f

   S-matrix    2 =    1.00000   0.00000 for L=   23, J=   22.0 channel on core I =   1.5 from L=   23,  Acc. loss =  0.0 D.
 Elastic phase shift   2 =    0.000  -0.000 deg. for the L =   23, J =   22.0 channel.
      23.5  1.00000000  0.00000002i: elastic S-matrix  @@      0.00  0   0 F  0
 Reaction Xsec    23.5+/23 @ 2 =  -0.000#, Out:   0.000#   0.042#   0.005#   1.487#   6.894#   2.048/  -0.002f

   S-matrix    3 =    1.00000   0.00000 for L=   23, J=   23.0 channel on core I =   1.5 from L=   23,  Acc. loss =  0.0 D.
 Elastic phase shift   3 =    0.000  -0.000 deg. for the L =   23, J =   23.0 channel.
      23.5  1.00000000  0.00000002i: elastic S-matrix  @@      0.00  0   0 F  0
 Reaction Xsec    23.5+/23 @ 3 =  -0.000#, Out:   0.000#   0.076#   0.069#   2.879#   0.013/   4.258/  -0.004f

   S-matrix    4 =    1.00000   0.00000 for L=   23, J=   24.0 channel on core I =   1.5 from L=   23,  Acc. loss =  0.0 D.
 Elastic phase shift   4 =    0.000  -0.000 deg. for the L =   23, J =   24.0 channel.
      23.5  1.00000000  0.00000002i: elastic S-matrix  @@      0.00  0   0 F  0
 Reaction Xsec    23.5+/23 @ 4 =  -0.000#, Out:   0.000#   0.135#   0.386#   1.614#   7.377#   2.710/  -0.003f

   S-matrix    5 =    1.00000   0.00000 for L=   25, J=   24.0 channel on core I =   1.5 from L=   25,  Acc. loss =  0.0 D.
 Elastic phase shift   5 =    0.000  -0.000 deg. for the L =   25, J =   24.0 channel.
      23.5  1.00000000  0.00000002i: elastic S-matrix  @@      0.00  0   0 F  0
 Reaction Xsec    23.5+/25 @ 5 =  -0.000#, Out:   0.000#   0.004#   0.002#   1.524#   0.013/   4.787/  -0.005f

   S-matrix    6 =    1.00000   0.00000 for L=   25, J=   25.0 channel on core I =   1.5 from L=   25,  Acc. loss =  0.0 D.
 Elastic phase shift   6 =    0.000  -0.000 deg. for the L =   25, J =   25.0 channel.
      23.5  1.00000000  0.00000002i: elastic S-matrix  @@      0.00  0   0 F  0
 Reaction Xsec    23.5+/25 @ 6 =  -0.000#, Out:   0.000#   0.008#   0.055#   1.198#   9.386#   1.939/  -0.002f


 Total SPIN, PARITY =    23.5 -,     35 chs,      0 cc.  Rmin & Coul turning =    4.6   25.7
   S-matrix    1 =    1.00000   0.00000 for L=   22, J=   22.0 channel on core I =   1.5 from L=   22,  Acc. loss =  0.0 D.
 Elastic phase shift   1 =    0.000  -0.000 deg. for the L =   22, J =   22.0 channel.
      23.5  1.00000000  0.00000003i: elastic S-matrix  @@      0.00  0   0 F  0
 Reaction Xsec    23.5-/22 @ 1 =  -0.000#, Out:   0.000#   0.051#   0.007#   0.014/   0.067/   0.013   -0.013f

   S-matrix    2 =    1.00000   0.00000 for L=   22, J=   23.0 channel on core I =   1.5 from L=   22,  Acc. loss =  0.0 D.
 Elastic phase shift   2 =    0.000  -0.000 deg. for the L =   22, J =   23.0 channel.
      23.5  1.00000000  0.00000003i: elastic S-matrix  @@      0.00  0   0 F  0
 Reaction Xsec    23.5-/22 @ 2 =  -0.000#, Out:   0.000#   0.381#   0.001#   0.011/   0.053/   0.013   -0.013f

   S-matrix    3 =    1.00000   0.00000 for L=   24, J=   23.0 channel on core I =   1.5 from L=   24,  Acc. loss =  0.0 D.
 Elastic phase shift   3 =    0.000  -0.000 deg. for the L =   24, J =   23.0 channel.
      23.5  1.00000000  0.00000002i: elastic S-matrix  @@      0.00  0   0 F  0
 Reaction Xsec    23.5-/24 @ 3 =  -0.000#, Out:   0.000#   0.001#   0.062#   1.818#   0.014/   5.852/  -0.006f

   S-matrix    4 =    1.00000   0.00000 for L=   24, J=   24.0 channel on core I =   1.5 from L=   24,  Acc. loss =  0.0 D.
 Elastic phase shift   4 =    0.000  -0.000 deg. for the L =   24, J =   24.0 channel.
      23.5  1.00000000  0.00000002i: elastic S-matrix  @@      0.00  0   0 F  0
 Reaction Xsec    23.5-/24 @ 4 =  -0.000#, Out:   0.000#   0.031#   0.082#   2.030#   0.016/   4.590/  -0.005f

   S-matrix    5 =    1.00000   0.00000 for L=   24, J=   25.0 channel on core I =   1.5 from L=   24,  Acc. loss =  0.0 D.
 Elastic phase shift   5 =    0.000  -0.000 deg. for the L =   24, J =   25.0 channel.
      23.5  1.00000000  0.00000002i: elastic S-matrix  @@      0.00  0   0 F  0
 Reaction Xsec    23.5-/24 @ 5 =  -0.000#, Out:   0.000#   0.025#   0.219#   0.744#   5.973#   1.268/  -0.001f

   S-matrix    6 =    1.00000   0.00000 for L=   26, J=   25.0 channel on core I =   1.5 from L=   26,  Acc. loss =  0.0 D.
 Elastic phase shift   6 =    0.000  -0.000 deg. for the L =   26, J =   25.0 channel.
      23.5  1.00000000  0.00000001i: elastic S-matrix  @@      0.00  0   0 F  0
 Reaction Xsec    23.5-/26 @ 6 =   0.000#, Out:   0.000#   0.002#   0.008#   1.777#   0.020/   2.404/  -0.002f


 Total SPIN, PARITY =    24.5 +,     35 chs,      0 cc.  Rmin & Coul turning =    4.8   26.8
   S-matrix    1 =    1.00000   0.00000 for L=   23, J=   23.0 channel on core I =   1.5 from L=   23,  Acc. loss =  0.0 D.
 Elastic phase shift   1 =    0.000  -0.000 deg. for the L =   23, J =   23.0 channel.
      24.5  1.00000000  0.00000002i: elastic S-matrix  @@      0.00  0   0 F  0
 Reaction Xsec    24.5+/23 @ 1 =  -0.000#, Out:   0.000#   0.020#   0.003#   5.273#   0.025/   6.790/  -0.007f

   S-matrix    2 =    1.00000   0.00000 for L=   23, J=   24.0 channel on core I =   1.5 from L=   23,  Acc. loss =  0.0 D.
 Elastic phase shift   2 =    0.000  -0.000 deg. for the L =   23, J =   24.0 channel.
      24.5  1.00000000  0.00000002i: elastic S-matrix  @@      0.00  0   0 F  0
 Reaction Xsec    24.5+/23 @ 2 =  -0.000#, Out:   0.000#   0.150#   0.000#   4.279#   0.020/   5.891/  -0.006f

   S-matrix    3 =    1.00000   0.00000 for L=   25, J=   24.0 channel on core I =   1.5 from L=   25,  Acc. loss =  0.0 D.
 Elastic phase shift   3 =    0.000  -0.000 deg. for the L =   25, J =   24.0 channel.
      24.5  1.00000000  0.00000002i: elastic S-matrix  @@      0.00  0   0 F  0
 Reaction Xsec    24.5+/25 @ 3 =  -0.000#, Out:   0.000#   0.001#   0.026#   1.319#   0.012/   6.671/  -0.007f

   S-matrix    4 =    1.00000   0.00000 for L=   25, J=   25.0 channel on core I =   1.5 from L=   25,  Acc. loss =  0.0 D.
 Elastic phase shift   4 =    0.000  -0.000 deg. for the L =   25, J =   25.0 channel.
      24.5  1.00000000  0.00000002i: elastic S-matrix  @@      0.00  0   0 F  0
 Reaction Xsec    24.5+/25 @ 4 =  -0.000#, Out:   0.000#   0.012#   0.035#   1.385#   0.012/   5.404/  -0.005f

   S-matrix    5 =    1.00000   0.00000 for L=   25, J=   26.0 channel on core I =   1.5 from L=   25,  Acc. loss =  0.0 D.
 Elastic phase shift   5 =    0.000  -0.000 deg. for the L =   25, J =   26.0 channel.
      24.5  1.00000000  0.00000002i: elastic S-matrix  @@      0.00  0   0 F  0
 Reaction Xsec    24.5+/25 @ 5 =  -0.000#, Out:   0.000#   0.010#   0.093#   0.489#   4.113#   1.540/  -0.002f

   S-matrix    6 =    1.00000   0.00000 for L=   27, J=   26.0 channel on core I =   1.5 from L=   27,  Acc. loss =  0.0 D.
 Elastic phase shift   6 =    0.000   0.000 deg. for the L =   27, J =   26.0 channel.
      24.5  1.00000000  0.00000001i: elastic S-matrix  @@      0.00  0   0 F  0
 Reaction Xsec    24.5+/27 @ 6 =   0.000#, Out:   0.000#   0.001#   0.003#   5.550#   0.073/   0.026   -0.026f


 Total SPIN, PARITY =    24.5 -,     35 chs,      0 cc.  Rmin & Coul turning =    4.8   26.8
   S-matrix    1 =    1.00000   0.00000 for L=   22, J=   23.0 channel on core I =   1.5 from L=   22,  Acc. loss =  0.0 D.
 Elastic phase shift   1 =    0.000  -0.000 deg. for the L =   22, J =   23.0 channel.
      24.5  1.00000000  0.00000003i: elastic S-matrix  @@      0.00  0   0 F  0
 Reaction Xsec    24.5-/22 @ 1 =  -0.000#, Out:   0.000#   0.003#   0.003#   0.025/   0.118/   0.022   -0.022f

   S-matrix    2 =    1.00000   0.00000 for L=   24, J=   23.0 channel on core I =   1.5 from L=   24,  Acc. loss =  0.0 D.
 Elastic phase shift   2 =    0.000  -0.000 deg. for the L =   24, J =   23.0 channel.
      24.5  1.00000000  0.00000002i: elastic S-matrix  @@      0.00  0   0 F  0
 Reaction Xsec    24.5-/24 @ 2 =  -0.000#, Out:   0.000#   0.017#   0.002#   1.232#   9.719#   5.413/  -0.005f

   S-matrix    3 =    1.00000   0.00000 for L=   24, J=   24.0 channel on core I =   1.5 from L=   24,  Acc. loss =  0.0 D.
 Elastic phase shift   3 =    0.000  -0.000 deg. for the L =   24, J =   24.0 channel.
      24.5  1.00000000  0.00000002i: elastic S-matrix  @@      0.00  0   0 F  0
 Reaction Xsec    24.5-/24 @ 3 =  -0.000#, Out:   0.000#   0.030#   0.029#   2.635#   0.021/   0.010   -0.010f

   S-matrix    4 =    1.00000   0.00000 for L=   24, J=   25.0 channel on core I =   1.5 from L=   24,  Acc. loss =  0.0 D.
 Elastic phase shift   4 =    0.000  -0.000 deg. for the L =   24, J =   25.0 channel.
      24.5  1.00000000  0.00000002i: elastic S-matrix  @@      0.00  0   0 F  0
 Reaction Xsec    24.5-/24 @ 4 =  -0.000#, Out:   0.000#   0.053#   0.162#   1.747#   0.014/   5.636/  -0.006f

   S-matrix    5 =    1.00000   0.00000 for L=   26, J=   25.0 channel on core I =   1.5 from L=   26,  Acc. loss =  0.0 D.
 Elastic phase shift   5 =    0.000   0.000 deg. for the L =   26, J =   25.0 channel.
      24.5  1.00000000  0.00000001i: elastic S-matrix  @@      0.00  0   0 F  0
 Reaction Xsec    24.5-/26 @ 5 =   0.000#, Out:   0.000#   0.002#   0.001#   1.025#   0.011/   2.509/  -0.003f

   S-matrix    6 =    1.00000   0.00000 for L=   26, J=   26.0 channel on core I =   1.5 from L=   26,  Acc. loss =  0.0 D.
 Elastic phase shift   6 =    0.000   0.000 deg. for the L =   26, J =   26.0 channel.
      24.5  1.00000000  0.00000001i: elastic S-matrix  @@      0.00  0   0 F  0
 Reaction Xsec    24.5-/26 @ 6 =   0.000#, Out:   0.000#   0.003#   0.023#   1.078#   0.012/   1.609/  -0.002f


 Total SPIN, PARITY =    25.5 +,     35 chs,      0 cc.  Rmin & Coul turning =    5.0   27.9
   S-matrix    1 =    1.00000   0.00000 for L=   23, J=   24.0 channel on core I =   1.5 from L=   23,  Acc. loss =  0.0 D.
 Elastic phase shift   1 =    0.000  -0.000 deg. for the L =   23, J =   24.0 channel.
      25.5  1.00000000  0.00000002i: elastic S-matrix  @@      0.00  0   0 F  0
 Reaction Xsec    25.5+/23 @ 1 =  -0.000#, Out:   0.000#   0.001#   0.001#   9.338#   0.044/   0.012   -0.012f

   S-matrix    2 =    1.00000   0.00000 for L=   25, J=   24.0 channel on core I =   1.5 from L=   25,  Acc. loss =  0.0 D.
 Elastic phase shift   2 =    0.000  -0.000 deg. for the L =   25, J =   24.0 channel.
      25.5  1.00000000  0.00000002i: elastic S-matrix  @@      0.00  0   0 F  0
 Reaction Xsec    25.5+/25 @ 2 =   0.000#, Out:   0.000#   0.007#   0.001#   0.959#   9.193#   6.034/  -0.006f

   S-matrix    3 =    1.00000   0.00000 for L=   25, J=   25.0 channel on core I =   1.5 from L=   25,  Acc. loss =  0.0 D.
 Elastic phase shift   3 =    0.000  -0.000 deg. for the L =   25, J =   25.0 channel.
      25.5  1.00000000  0.00000002i: elastic S-matrix  @@      0.00  0   0 F  0
 Reaction Xsec    25.5+/25 @ 3 =   0.000#, Out:   0.000#   0.012#   0.012#   1.999#   0.019/   0.012   -0.012f

   S-matrix    4 =    1.00000   0.00000 for L=   25, J=   26.0 channel on core I =   1.5 from L=   25,  Acc. loss =  0.0 D.
 Elastic phase shift   4 =    0.000  -0.000 deg. for the L =   25, J =   26.0 channel.
      25.5  1.00000000  0.00000002i: elastic S-matrix  @@      0.00  0   0 F  0
 Reaction Xsec    25.5+/25 @ 4 =   0.000#, Out:   0.000#   0.021#   0.069#   1.270#   0.012/   6.432/  -0.006f

   S-matrix    5 =    1.00000   0.00000 for L=   27, J=   26.0 channel on core I =   1.5 from L=   27,  Acc. loss =  0.0 D.
 Elastic phase shift   5 =    0.000  -0.000 deg. for the L =   27, J =   26.0 channel.
      25.5  1.00000000  0.00000001i: elastic S-matrix  @@      0.00  0   0 F  0
 Reaction Xsec    25.5+/27 @ 5 =   0.000#, Out:   0.000#   0.001#   0.000#   3.047#   0.040/   0.016   -0.016f

   S-matrix    6 =    1.00000   0.00000 for L=   27, J=   27.0 channel on core I =   1.5 from L=   27,  Acc. loss =  0.0 D.
 Elastic phase shift   6 =    0.000  -0.000 deg. for the L =   27, J =   27.0 channel.
      25.5  1.00000000  0.00000001i: elastic S-matrix  @@      0.00  0   0 F  0
 Reaction Xsec    25.5+/27 @ 6 =   0.000#, Out:   0.000#   0.001#   0.010#   3.344#   0.044/   0.016   -0.016f


 Total SPIN, PARITY =    25.5 -,     35 chs,      0 cc.  Rmin & Coul turning =    5.0   27.9
   S-matrix    1 =    1.00000   0.00000 for L=   24, J=   24.0 channel on core I =   1.5 from L=   24,  Acc. loss =  0.0 D.
 Elastic phase shift   1 =    0.000  -0.000 deg. for the L =   24, J =   24.0 channel.
      25.5  1.00000000  0.00000002i: elastic S-matrix  @@      0.00  0   0 F  0
 Reaction Xsec    25.5-/24 @ 1 =  -0.000#, Out:   0.000#   0.008#   0.001#   3.978#   0.031/   0.019   -0.019f

   S-matrix    2 =    1.00000   0.00000 for L=   24, J=   25.0 channel on core I =   1.5 from L=   24,  Acc. loss =  0.0 D.
 Elastic phase shift   2 =    0.000  -0.000 deg. for the L =   24, J =   25.0 channel.
      25.5  1.00000000  0.00000002i: elastic S-matrix  @@      0.00  0   0 F  0
 Reaction Xsec    25.5-/24 @ 2 =  -0.000#, Out:   0.000#   0.059#   0.000#   3.550#   0.028/   0.016   -0.016f

   S-matrix    3 =    1.00000   0.00000 for L=   26, J=   25.0 channel on core I =   1.5 from L=   26,  Acc. loss =  0.0 D.
 Elastic phase shift   3 =    0.000  -0.000 deg. for the L =   26, J =   25.0 channel.
      25.5  1.00000000  0.00000001i: elastic S-matrix  @@      0.00  0   0 F  0
 Reaction Xsec    25.5-/26 @ 3 =   0.000#, Out:   0.000#   0.000#   0.011#   0.511#   5.632#   2.673/  -0.003f

   S-matrix    4 =    1.00000   0.00000 for L=   26, J=   26.0 channel on core I =   1.5 from L=   26,  Acc. loss =  0.0 D.
 Elastic phase shift   4 =    0.000  -0.000 deg. for the L =   26, J =   26.0 channel.
      25.5  1.00000000  0.00000001i: elastic S-matrix  @@      0.00  0   0 F  0
 Reaction Xsec    25.5-/26 @ 4 =   0.000#, Out:   0.000#   0.005#   0.015#   0.774#   8.552#   2.493/  -0.003f

   S-matrix    5 =    1.00000   0.00000 for L=   26, J=   27.0 channel on core I =   1.5 from L=   26,  Acc. loss =  0.0 D.
 Elastic phase shift   5 =    0.000  -0.000 deg. for the L =   26, J =   27.0 channel.
      25.5  1.00000000  0.00000001i: elastic S-matrix  @@      0.00  0   0 F  0
 Reaction Xsec    25.5-/26 @ 5 =   0.000#, Out:   0.000#   0.004#   0.039#   0.329#   3.633#   0.807/  -0.001f

   S-matrix    6 =    1.00000   0.00000 for L=   28, J=   27.0 channel on core I =   1.5 from L=   28,  Acc. loss =  0.0 D.
 Elastic phase shift   6 =    0.000  -0.000 deg. for the L =   28, J =   27.0 channel.
      25.5  1.00000000  0.00000001i: elastic S-matrix  @@      0.00  0   0 F  0
 Reaction Xsec    25.5-/28 @ 6 =  -0.000#, Out:   0.000#   0.000#   0.001#   4.311#   0.058/   0.023   -0.023f


 Total SPIN, PARITY =    26.5 +,     35 chs,      0 cc.  Rmin & Coul turning =    5.2   29.0
   S-matrix    1 =    1.00000   0.00000 for L=   25, J=   25.0 channel on core I =   1.5 from L=   25,  Acc. loss =  0.0 D.
 Elastic phase shift   1 =    0.000  -0.000 deg. for the L =   25, J =   25.0 channel.
      26.5  1.00000000  0.00000002i: elastic S-matrix  @@      0.00  0   0 F  0
 Reaction Xsec    26.5+/25 @ 1 =  -0.000#, Out:   0.000#   0.003#   0.001#   3.185#   0.031/   0.022   -0.022f

   S-matrix    2 =    1.00000   0.00000 for L=   25, J=   26.0 channel on core I =   1.5 from L=   25,  Acc. loss =  0.0 D.
 Elastic phase shift   2 =    0.000  -0.000 deg. for the L =   25, J =   26.0 channel.
      26.5  1.00000000  0.00000002i: elastic S-matrix  @@      0.00  0   0 F  0
 Reaction Xsec    26.5+/25 @ 2 =  -0.000#, Out:   0.000#   0.023#   0.000#   2.767#   0.027/   0.017   -0.017f

   S-matrix    3 =    1.00000   0.00000 for L=   27, J=   26.0 channel on core I =   1.5 from L=   27,  Acc. loss =  0.0 D.
 Elastic phase shift   3 =    0.000   0.000 deg. for the L =   27, J =   26.0 channel.
      26.5  1.00000000  0.00000001i: elastic S-matrix  @@      0.00  0   0 F  0
 Reaction Xsec    26.5+/27 @ 3 =   0.000#, Out:   0.000#   0.000#   0.005#   1.335#   0.018/   9.406/  -0.009f

   S-matrix    4 =    1.00000   0.00000 for L=   27, J=   27.0 channel on core I =   1.5 from L=   27,  Acc. loss =  0.0 D.
 Elastic phase shift   4 =    0.000   0.000 deg. for the L =   27, J =   27.0 channel.
      26.5  1.00000000  0.00000001i: elastic S-matrix  @@      0.00  0   0 F  0
 Reaction Xsec    26.5+/27 @ 4 =   0.000#, Out:   0.000#   0.002#   0.006#   2.224#   0.029/   0.013   -0.013f

   S-matrix    5 =    1.00000   0.00000 for L=   27, J=   28.0 channel on core I =   1.5 from L=   27,  Acc. loss =  0.0 D.
 Elastic phase shift   5 =    0.000   0.000 deg. for the L =   27, J =   28.0 channel.
      26.5  1.00000000  0.00000001i: elastic S-matrix  @@      0.00  0   0 F  0
 Reaction Xsec    26.5+/27 @ 5 =   0.000#, Out:   0.000#   0.002#   0.016#   0.979#   0.013/   5.178/  -0.005f

   S-matrix    6 =    1.00000   0.00000 for L=   29, J=   28.0 channel on core I =   1.5 from L=   29,  Acc. loss =  0.0 D.
 Elastic phase shift   6 =    0.000  -0.000 deg. for the L =   29, J =   28.0 channel.
      26.5  1.00000000  0.00000001i: elastic S-matrix  @@      0.00  0   0 F  0
 Reaction Xsec    26.5+/29 @ 6 =   0.000#, Out:   0.000#   0.000#   0.001#   0.624#   0.012/   0.010   -0.010f


 Total SPIN, PARITY =    26.5 -,     35 chs,      0 cc.  Rmin & Coul turning =    5.2   29.0
   S-matrix    1 =    1.00000   0.00000 for L=   24, J=   25.0 channel on core I =   1.5 from L=   24,  Acc. loss =  0.0 D.
 Elastic phase shift   1 =    0.000  -0.000 deg. for the L =   24, J =   25.0 channel.
      26.5  1.00000000  0.00000002i: elastic S-matrix  @@      0.00  0   0 F  0
 Reaction Xsec    26.5-/24 @ 1 =  -0.000#, Out:   0.000#   0.000#   0.001#   6.899#   0.054/   0.034   -0.035f

   S-matrix    2 =    1.00000   0.00000 for L=   26, J=   25.0 channel on core I =   1.5 from L=   26,  Acc. loss =  0.0 D.
 Elastic phase shift   2 =    0.000   0.000 deg. for the L =   26, J =   25.0 channel.
      26.5  1.00000000  0.00000001i: elastic S-matrix  @@      0.00  0   0 F  0
 Reaction Xsec    26.5-/26 @ 2 =   0.000#, Out:   0.000#   0.003#   0.000#   0.195#   2.144#   2.173/  -0.002f

   S-matrix    3 =    1.00000   0.00000 for L=   26, J=   26.0 channel on core I =   1.5 from L=   26,  Acc. loss =  0.0 D.
 Elastic phase shift   3 =    0.000   0.000 deg. for the L =   26, J =   26.0 channel.
      26.5  1.00000000  0.00000001i: elastic S-matrix  @@      0.00  0   0 F  0
 Reaction Xsec    26.5-/26 @ 3 =   0.000#, Out:   0.000#   0.005#   0.005#   0.544#   5.989#   4.361/  -0.004f

   S-matrix    4 =    1.00000   0.00000 for L=   26, J=   27.0 channel on core I =   1.5 from L=   26,  Acc. loss =  0.0 D.
 Elastic phase shift   4 =    0.000   0.000 deg. for the L =   26, J =   27.0 channel.
      26.5  1.00000000  0.00000001i: elastic S-matrix  @@      0.00  0   0 F  0
 Reaction Xsec    26.5-/26 @ 4 =   0.000#, Out:   0.000#   0.008#   0.029#   0.491#   5.416#   2.578/  -0.003f

   S-matrix    5 =    1.00000   0.00000 for L=   28, J=   27.0 channel on core I =   1.5 from L=   28,  Acc. loss =  0.0 D.
 Elastic phase shift   5 =    0.000  -0.000 deg. for the L =   28, J =   27.0 channel.
      26.5  1.00000000  0.00000001i: elastic S-matrix  @@      0.00  0   0 F  0
 Reaction Xsec    26.5-/28 @ 5 =  -0.000#, Out:   0.000#   0.000#   0.000#   2.369#   0.032/   0.015   -0.015f

   S-matrix    6 =    1.00000   0.00000 for L=   28, J=   28.0 channel on core I =   1.5 from L=   28,  Acc. loss =  0.0 D.
 Elastic phase shift   6 =    0.000  -0.000 deg. for the L =   28, J =   28.0 channel.
      26.5  1.00000000  0.00000001i: elastic S-matrix  @@      0.00  0   0 F  0
 Reaction Xsec    26.5-/28 @ 6 =  -0.000#, Out:   0.000#   0.000#   0.004#   2.596#   0.035/   0.014   -0.014f


 Total SPIN, PARITY =    27.5 +,     35 chs,      0 cc.  Rmin & Coul turning =    5.4   30.1
   S-matrix    1 =    1.00000   0.00000 for L=   25, J=   26.0 channel on core I =   1.5 from L=   25,  Acc. loss =  0.0 D.
 Elastic phase shift   1 =    0.000  -0.000 deg. for the L =   25, J =   26.0 channel.
      27.5  1.00000000  0.00000002i: elastic S-matrix  @@      0.00  0   0 F  0
 Reaction Xsec    27.5+/25 @ 1 =  -0.000#, Out:   0.000#   0.000#   0.000#   5.553#   0.054/   0.038   -0.038f

   S-matrix    2 =    1.00000   0.00000 for L=   27, J=   26.0 channel on core I =   1.5 from L=   27,  Acc. loss =  0.0 D.
 Elastic phase shift   2 =    0.000  -0.000 deg. for the L =   27, J =   26.0 channel.
      27.5  1.00000000  0.00000001i: elastic S-matrix  @@      0.00  0   0 F  0
 Reaction Xsec    27.5+/27 @ 2 =   0.000#, Out:   0.000#   0.001#   0.000#   0.365#   4.954#   4.716/  -0.005f

   S-matrix    3 =    1.00000   0.00000 for L=   27, J=   27.0 channel on core I =   1.5 from L=   27,  Acc. loss =  0.0 D.
 Elastic phase shift   3 =    0.000  -0.000 deg. for the L =   27, J =   27.0 channel.
      27.5  1.00000000  0.00000001i: elastic S-matrix  @@      0.00  0   0 F  0
 Reaction Xsec    27.5+/27 @ 3 =   0.000#, Out:   0.000#   0.002#   0.002#   1.231#   0.016/   0.012   -0.012f

   S-matrix    4 =    1.00000   0.00000 for L=   27, J=   28.0 channel on core I =   1.5 from L=   27,  Acc. loss =  0.0 D.
 Elastic phase shift   4 =    0.000  -0.000 deg. for the L =   27, J =   28.0 channel.
      27.5  1.00000000  0.00000001i: elastic S-matrix  @@      0.00  0   0 F  0
 Reaction Xsec    27.5+/27 @ 4 =   0.000#, Out:   0.000#   0.003#   0.012#   1.285#   0.017/   9.065/  -0.009f

   S-matrix    5 =    1.00000   0.00000 for L=   29, J=   28.0 channel on core I =   1.5 from L=   29,  Acc. loss =  0.0 D.
 Elastic phase shift   5 =    0.000  -0.000 deg. for the L =   29, J =   28.0 channel.
      27.5  1.00000000  0.00000001i: elastic S-matrix  @@      0.00  0   0 F  0
 Reaction Xsec    27.5+/29 @ 5 =   0.000#, Out:   0.000#   0.000#   0.000#   0.403#   7.046#   5.772/  -0.006f

   S-matrix    6 =    1.00000   0.00000 for L=   29, J=   29.0 channel on core I =   1.5 from L=   29,  Acc. loss =  0.0 D.
 Elastic phase shift   6 =    0.000  -0.000 deg. for the L =   29, J =   29.0 channel.
      27.5  1.00000000  0.00000001i: elastic S-matrix  @@      0.00  0   0 F  0
 Reaction Xsec    27.5+/29 @ 6 =   0.000#, Out:   0.000#   0.000#   0.002#   0.384#   7.306#   6.184/  -0.006f


 Total SPIN, PARITY =    27.5 -,     35 chs,      0 cc.  Rmin & Coul turning =    5.4   30.1
   S-matrix    1 =    1.00000   0.00000 for L=   26, J=   26.0 channel on core I =   1.5 from L=   26,  Acc. loss =  0.0 D.
 Elastic phase shift   1 =    0.000  -0.000 deg. for the L =   26, J =   26.0 channel.
      27.5  1.00000000  0.00000001i: elastic S-matrix  @@      0.00  0   0 F  0
 Reaction Xsec    27.5-/26 @ 1 =   0.000#, Out:   0.000#   0.001#   0.000#   0.428#   4.673#   7.512/  -0.008f

   S-matrix    2 =    1.00000   0.00000 for L=   26, J=   27.0 channel on core I =   1.5 from L=   26,  Acc. loss =  0.0 D.
 Elastic phase shift   2 =    0.000  -0.000 deg. for the L =   26, J =   27.0 channel.
      27.5  1.00000000  0.00000001i: elastic S-matrix  @@      0.00  0   0 F  0
 Reaction Xsec    27.5-/26 @ 2 =   0.000#, Out:   0.000#   0.009#   0.000#   0.563#   6.184#   6.282/  -0.006f

   S-matrix    3 =    1.00000   0.00000 for L=   28, J=   27.0 channel on core I =   1.5 from L=   28,  Acc. loss =  0.0 D.
 Elastic phase shift   3 =    0.000  -0.000 deg. for the L =   28, J =   27.0 channel.
      27.5  1.00000000  0.00000001i: elastic S-matrix  @@      0.00  0   0 F  0
 Reaction Xsec    27.5-/28 @ 3 =  -0.000#, Out:   0.000#   0.000#   0.002#   1.049#   0.015/   9.927/  -0.010f

   S-matrix    4 =    1.00000   0.00000 for L=   28, J=   28.0 channel on core I =   1.5 from L=   28,  Acc. loss =  0.0 D.
 Elastic phase shift   4 =    0.000  -0.000 deg. for the L =   28, J =   28.0 channel.
      27.5  1.00000000  0.00000001i: elastic S-matrix  @@      0.00  0   0 F  0
 Reaction Xsec    27.5-/28 @ 4 =  -0.000#, Out:   0.000#   0.001#   0.003#   1.733#   0.024/   0.012   -0.012f

   S-matrix    5 =    1.00000   0.00000 for L=   28, J=   29.0 channel on core I =   1.5 from L=   28,  Acc. loss =  0.0 D.
 Elastic phase shift   5 =    0.000  -0.000 deg. for the L =   28, J =   29.0 channel.
      27.5  1.00000000  0.00000001i: elastic S-matrix  @@      0.00  0   0 F  0
 Reaction Xsec    27.5-/28 @ 5 =  -0.000#, Out:   0.000#   0.001#   0.007#   0.762#   0.010/   4.875/  -0.005f

   S-matrix    6 =    1.00000   0.00000 for L=   30, J=   29.0 channel on core I =   1.5 from L=   30,  Acc. loss =  0.0 D.
 Elastic phase shift   6 =    0.000  -0.000 deg. for the L =   30, J =   29.0 channel.
      27.5  1.00000000  0.00000001i: elastic S-matrix  @@      0.00  0   0 F  0
 Reaction Xsec    27.5-/30 @ 6 =   0.000#, Out:   0.000#   0.000#   0.000#   0.587#   0.014/   0.024   -0.024f


 Total SPIN, PARITY =    28.5 +,     35 chs,      0 cc.  Rmin & Coul turning =    5.6   31.1
   S-matrix    1 =    1.00000   0.00000 for L=   27, J=   27.0 channel on core I =   1.5 from L=   27,  Acc. loss =  0.0 D.
 Elastic phase shift   1 =    0.000   0.000 deg. for the L =   27, J =   27.0 channel.
      28.5  1.00000000  0.00000001i: elastic S-matrix  @@      0.00  0   0 F  0
 Reaction Xsec    28.5+/27 @ 1 =   0.000#, Out:   0.000#   0.001#   0.000#   0.455#   6.562#   0.013   -0.013f

   S-matrix    2 =    1.00000   0.00000 for L=   27, J=   28.0 channel on core I =   1.5 from L=   27,  Acc. loss =  0.0 D.
 Elastic phase shift   2 =    0.000   0.000 deg. for the L =   27, J =   28.0 channel.
      28.5  1.00000000  0.00000001i: elastic S-matrix  @@      0.00  0   0 F  0
 Reaction Xsec    28.5+/27 @ 2 =   0.000#, Out:   0.000#   0.004#   0.000#   1.053#   0.014/   0.014   -0.014f

   S-matrix    3 =    1.00000   0.00000 for L=   29, J=   28.0 channel on core I =   1.5 from L=   29,  Acc. loss =  0.0 D.
 Elastic phase shift   3 =    0.000  -0.000 deg. for the L =   29, J =   28.0 channel.
      28.5  1.00000000  0.00000001i: elastic S-matrix  @@      0.00  0   0 F  0
 Reaction Xsec    28.5+/29 @ 3 =   0.000#, Out:   0.000#   0.000#   0.001#   0.258#   3.694#   2.756/  -0.003f

   S-matrix    4 =    1.00000   0.00000 for L=   29, J=   29.0 channel on core I =   1.5 from L=   29,  Acc. loss =  0.0 D.
 Elastic phase shift   4 =    0.000  -0.000 deg. for the L =   29, J =   29.0 channel.
      28.5  1.00000000  0.00000001i: elastic S-matrix  @@      0.00  0   0 F  0
 Reaction Xsec    28.5+/29 @ 4 =   0.000#, Out:   0.000#   0.000#   0.001#   0.329#   5.396#   4.305/  -0.004f

   S-matrix    5 =    1.00000   0.00000 for L=   29, J=   30.0 channel on core I =   1.5 from L=   29,  Acc. loss =  0.0 D.
 Elastic phase shift   5 =    0.000  -0.000 deg. for the L =   29, J =   30.0 channel.
      28.5  1.00000000  0.00000001i: elastic S-matrix  @@      0.00  0   0 F  0
 Reaction Xsec    28.5+/29 @ 5 =   0.000#, Out:   0.000#   0.000#   0.003#   0.130#   2.270#   1.859/  -0.002f

   S-matrix    6 =    1.00000   0.00000 for L=   31, J=   30.0 channel on core I =   1.5 from L=   31,  Acc. loss =  0.0 D.
 Elastic phase shift   6 =    0.000   0.000 deg. for the L =   31, J =   30.0 channel.
      28.5  1.00000000  0.00000001i: elastic S-matrix  @@      0.00  0   0 F  0
 Reaction Xsec    28.5+/31 @ 6 =   0.000#, Out:   0.000#   0.000#   0.000#   0.945#   0.022/   0.037   -0.037f


 Total SPIN, PARITY =    28.5 -,     35 chs,      0 cc.  Rmin & Coul turning =    5.6   31.1
   S-matrix    1 =    1.00000   0.00000 for L=   26, J=   27.0 channel on core I =   1.5 from L=   26,  Acc. loss =  0.0 D.
 Elastic phase shift   1 =    0.000  -0.000 deg. for the L =   26, J =   27.0 channel.
      28.5  1.00000000  0.00000001i: elastic S-matrix  @@      0.00  0   0 F  0
 Reaction Xsec    28.5-/26 @ 1 =   0.000#, Out:   0.000#   0.000#   0.000#   0.663#   7.233#   0.013   -0.013f

   S-matrix    2 =    1.00000   0.00000 for L=   28, J=   27.0 channel on core I =   1.5 from L=   28,  Acc. loss =  0.0 D.
 Elastic phase shift   2 =    0.000  -0.000 deg. for the L =   28, J =   27.0 channel.
      28.5  1.00000000  0.00000001i: elastic S-matrix  @@      0.00  0   0 F  0
 Reaction Xsec    28.5-/28 @ 2 =   0.000#, Out:   0.000#   0.000#   0.000#   0.299#   4.537#   5.724/  -0.006f

   S-matrix    3 =    1.00000   0.00000 for L=   28, J=   28.0 channel on core I =   1.5 from L=   28,  Acc. loss =  0.0 D.
 Elastic phase shift   3 =    0.000  -0.000 deg. for the L =   28, J =   28.0 channel.
      28.5  1.00000000  0.00000001i: elastic S-matrix  @@      0.00  0   0 F  0
 Reaction Xsec    28.5-/28 @ 3 =   0.000#, Out:   0.000#   0.001#   0.001#   0.982#   0.014/   0.013   -0.013f

   S-matrix    4 =    1.00000   0.00000 for L=   28, J=   29.0 channel on core I =   1.5 from L=   28,  Acc. loss =  0.0 D.
 Elastic phase shift   4 =    0.000  -0.000 deg. for the L =   28, J =   29.0 channel.
      28.5  1.00000000  0.00000001i: elastic S-matrix  @@      0.00  0   0 F  0
 Reaction Xsec    28.5-/28 @ 4 =   0.000#, Out:   0.000#   0.001#   0.005#   1.011#   0.014/   9.585/  -0.010f

   S-matrix    5 =    1.00000   0.00000 for L=   30, J=   29.0 channel on core I =   1.5 from L=   30,  Acc. loss =  0.0 D.
 Elastic phase shift   5 =    0.000  -0.000 deg. for the L =   30, J =   29.0 channel.
      28.5  1.00000000  0.00000001i: elastic S-matrix  @@      0.00  0   0 F  0
 Reaction Xsec    28.5-/30 @ 5 =   0.000#, Out:   0.000#   0.000#   0.000#   0.816#   0.013/   0.013   -0.013f

   S-matrix    6 =    1.00000   0.00000 for L=   30, J=   30.0 channel on core I =   1.5 from L=   30,  Acc. loss =  0.0 D.
 Elastic phase shift   6 =    0.000  -0.000 deg. for the L =   30, J =   30.0 channel.
      28.5  1.00000000  0.00000001i: elastic S-matrix  @@      0.00  0   0 F  0
 Reaction Xsec    28.5-/30 @ 6 =   0.000#, Out:   0.000#   0.000#   0.001#   0.421#   9.150#   0.014   -0.014f


 Total SPIN, PARITY =    29.5 +,     35 chs,      0 cc.  Rmin & Coul turning =    5.8   32.2
   S-matrix    1 =    1.00000   0.00000 for L=   27, J=   28.0 channel on core I =   1.5 from L=   27,  Acc. loss =  0.0 D.
 Elastic phase shift   1 =    0.000  -0.000 deg. for the L =   27, J =   28.0 channel.
      29.5  1.00000000  0.00000001i: elastic S-matrix  @@      0.00  0   0 F  0
 Reaction Xsec    29.5+/27 @ 1 =   0.000#, Out:   0.000#   0.000#   0.000#   0.514#   7.785#   0.022   -0.022f

   S-matrix    2 =    1.00000   0.00000 for L=   29, J=   28.0 channel on core I =   1.5 from L=   29,  Acc. loss =  0.0 D.
 Elastic phase shift   2 =    0.000  -0.000 deg. for the L =   29, J =   28.0 channel.
      29.5  1.00000000  0.00000001i: elastic S-matrix  @@      0.00  0   0 F  0
 Reaction Xsec    29.5+/29 @ 2 =   0.000#, Out:   0.000#   0.000#   0.000#   0.145#   1.572#   0.970/  -0.001f

   S-matrix    3 =    1.00000   0.00000 for L=   29, J=   29.0 channel on core I =   1.5 from L=   29,  Acc. loss =  0.0 D.
 Elastic phase shift   3 =    0.000  -0.000 deg. for the L =   29, J =   29.0 channel.
      29.5  1.00000000  0.00000001i: elastic S-matrix  @@      0.00  0   0 F  0
 Reaction Xsec    29.5+/29 @ 3 =   0.000#, Out:   0.000#   0.000#   0.000#   0.337#   4.151#   2.827/  -0.003f

   S-matrix    4 =    1.00000   0.00000 for L=   29, J=   30.0 channel on core I =   1.5 from L=   29,  Acc. loss =  0.0 D.
 Elastic phase shift   4 =    0.000  -0.000 deg. for the L =   29, J =   30.0 channel.
      29.5  1.00000000  0.00000001i: elastic S-matrix  @@      0.00  0   0 F  0
 Reaction Xsec    29.5+/29 @ 4 =   0.000#, Out:   0.000#   0.001#   0.002#   0.249#   3.567#   2.661/  -0.003f

   S-matrix    5 =    1.00000   0.00000 for L=   31, J=   30.0 channel on core I =   1.5 from L=   31,  Acc. loss =  0.0 D.
 Elastic phase shift   5 =    0.000   0.000 deg. for the L =   31, J =   30.0 channel.
      29.5  1.00000000  0.00000001i: elastic S-matrix  @@      0.00  0   0 F  0
 Reaction Xsec    29.5+/31 @ 5 =   0.000#, Out:   0.000#   0.000#   0.000#   0.902#   0.016/   0.020   -0.020f

   S-matrix    6 =    1.00000   0.00000 for L=   31, J=   31.0 channel on core I =   1.5 from L=   31,  Acc. loss =  0.0 D.
 Elastic phase shift   6 =    0.000   0.000 deg. for the L =   31, J =   31.0 channel.
      29.5  1.00000000  0.00000001i: elastic S-matrix  @@      0.00  0   0 F  0
 Reaction Xsec    29.5+/31 @ 6 =   0.000#, Out:   0.000#   0.000#   0.000#   0.621#   0.014/   0.022   -0.022f


 Total SPIN, PARITY =    29.5 -,     35 chs,      0 cc.  Rmin & Coul turning =    5.8   32.2
   S-matrix    1 =    1.00000   0.00000 for L=   28, J=   28.0 channel on core I =   1.5 from L=   28,  Acc. loss =  0.0 D.
 Elastic phase shift   1 =    0.000  -0.000 deg. for the L =   28, J =   28.0 channel.
      29.5  1.00000000  0.00000001i: elastic S-matrix  @@      0.00  0   0 F  0
 Reaction Xsec    29.5-/28 @ 1 =   0.000#, Out:   0.000#   0.000#   0.000#   0.414#   7.439#   0.017   -0.017f

   S-matrix    2 =    1.00000   0.00000 for L=   28, J=   29.0 channel on core I =   1.5 from L=   28,  Acc. loss =  0.0 D.
 Elastic phase shift   2 =    0.000  -0.000 deg. for the L =   28, J =   29.0 channel.
      29.5  1.00000000  0.00000001i: elastic S-matrix  @@      0.00  0   0 F  0
 Reaction Xsec    29.5-/28 @ 2 =   0.000#, Out:   0.000#   0.001#   0.000#   0.863#   0.013/   0.017   -0.017f

   S-matrix    3 =    1.00000   0.00000 for L=   30, J=   29.0 channel on core I =   1.5 from L=   30,  Acc. loss =  0.0 D.
 Elastic phase shift   3 =    0.000  -0.000 deg. for the L =   30, J =   29.0 channel.
      29.5  1.00000000  0.00000001i: elastic S-matrix  @@      0.00  0   0 F  0
 Reaction Xsec    29.5-/30 @ 3 =   0.000#, Out:   0.000#   0.000#   0.000#   1.003#   0.012/   6.251/  -0.006f

   S-matrix    4 =    1.00000   0.00000 for L=   30, J=   30.0 channel on core I =   1.5 from L=   30,  Acc. loss =  0.0 D.
 Elastic phase shift   4 =    0.000  -0.000 deg. for the L =   30, J =   30.0 channel.
      29.5  1.00000000  0.00000001i: elastic S-matrix  @@      0.00  0   0 F  0
 Reaction Xsec    29.5-/30 @ 4 =   0.000#, Out:   0.000#   0.000#   0.000#   0.872#   0.012/   9.929/  -0.010f

   S-matrix    5 =    1.00000   0.00000 for L=   30, J=   31.0 channel on core I =   1.5 from L=   30,  Acc. loss =  0.0 D.
 Elastic phase shift   5 =    0.000  -0.000 deg. for the L =   30, J =   31.0 channel.
      29.5  1.00000000  0.00000001i: elastic S-matrix  @@      0.00  0   0 F  0
 Reaction Xsec    29.5-/30 @ 5 =   0.000#, Out:   0.000#   0.000#   0.001#   0.264#   4.149#   4.321/  -0.004f

   S-matrix    6 =    1.00000   0.00000 for L=   32, J=   31.0 channel on core I =   1.5 from L=   32,  Acc. loss =  0.0 D.
 Elastic phase shift   6 =    0.000  -0.000 deg. for the L =   32, J =   31.0 channel.
      29.5  1.00000000  0.00000000i: elastic S-matrix  @@      0.00  0   0 F  0
 Reaction Xsec    29.5-/32 @ 6 =  -0.000#, Out:   0.000#   0.000#   0.000#   0.224#   1.341#   4.441/  -0.004f


 Total SPIN, PARITY =    30.5 +,     35 chs,      0 cc.  Rmin & Coul turning =    6.0   33.3
   S-matrix    1 =    1.00000   0.00000 for L=   29, J=   29.0 channel on core I =   1.5 from L=   29,  Acc. loss =  0.0 D.
 Elastic phase shift   1 =    0.000  -0.000 deg. for the L =   29, J =   29.0 channel.
      30.5  1.00000000  0.00000001i: elastic S-matrix  @@      0.00  0   0 F  0
 Reaction Xsec    30.5+/29 @ 1 =   0.000#, Out:   0.000#   0.000#   0.000#   0.429#   3.844#   1.938/  -0.002f

   S-matrix    2 =    1.00000   0.00000 for L=   29, J=   30.0 channel on core I =   1.5 from L=   29,  Acc. loss =  0.0 D.
 Elastic phase shift   2 =    0.000  -0.000 deg. for the L =   29, J =   30.0 channel.
      30.5  1.00000000  0.00000001i: elastic S-matrix  @@      0.00  0   0 F  0
 Reaction Xsec    30.5+/29 @ 2 =   0.000#, Out:   0.000#   0.001#   0.000#   0.420#   4.555#   2.808/  -0.003f

   S-matrix    3 =    1.00000   0.00000 for L=   31, J=   30.0 channel on core I =   1.5 from L=   31,  Acc. loss =  0.0 D.
 Elastic phase shift   3 =    0.000   0.000 deg. for the L =   31, J =   30.0 channel.
      30.5  1.00000000  0.00000001i: elastic S-matrix  @@      0.00  0   0 F  0
 Reaction Xsec    30.5+/31 @ 3 =   0.000#, Out:   0.000#   0.000#   0.000#   0.898#   0.012/   8.893/  -0.009f

   S-matrix    4 =    1.00000   0.00000 for L=   31, J=   31.0 channel on core I =   1.5 from L=   31,  Acc. loss =  0.0 D.
 Elastic phase shift   4 =    0.000   0.000 deg. for the L =   31, J =   31.0 channel.
      30.5  1.00000000  0.00000001i: elastic S-matrix  @@      0.00  0   0 F  0
 Reaction Xsec    30.5+/31 @ 4 =   0.000#, Out:   0.000#   0.000#   0.000#   0.874#   0.014/   0.015   -0.015f

   S-matrix    5 =    1.00000   0.00000 for L=   31, J=   32.0 channel on core I =   1.5 from L=   31,  Acc. loss =  0.0 D.
 Elastic phase shift   5 =    0.000   0.000 deg. for the L =   31, J =   32.0 channel.
      30.5  1.00000000  0.00000001i: elastic S-matrix  @@      0.00  0   0 F  0
 Reaction Xsec    30.5+/31 @ 5 =   0.000#, Out:   0.000#   0.000#   0.000#   0.292#   5.073#   6.489/  -0.006f

   S-matrix    6 =    1.00000   0.00000 for L=   33, J=   32.0 channel on core I =   1.5 from L=   33,  Acc. loss =  0.0 D.
 Elastic phase shift   6 =    0.000  -0.000 deg. for the L =   33, J =   32.0 channel.
      30.5  1.00000000  0.00000000i: elastic S-matrix  @@      0.00  0   0 F  0
 Reaction Xsec    30.5+/33 @ 6 =   0.000#, Out:   0.000#   0.000#   0.000#   6.564#   0.075/   0.021   -0.021f


 Total SPIN, PARITY =    30.5 -,     35 chs,      0 cc.  Rmin & Coul turning =    6.0   33.3
   S-matrix    1 =    1.00000   0.00000 for L=   28, J=   29.0 channel on core I =   1.5 from L=   28,  Acc. loss =  0.0 D.
 Elastic phase shift   1 =    0.000  -0.000 deg. for the L =   28, J =   29.0 channel.
      30.5  1.00000000  0.00000001i: elastic S-matrix  @@      0.00  0   0 F  0
 Reaction Xsec    30.5-/28 @ 1 =   0.000#, Out:   0.000#   0.000#   0.000#   0.509#   0.010/   0.029   -0.029f

   S-matrix    2 =    1.00000   0.00000 for L=   30, J=   29.0 channel on core I =   1.5 from L=   30,  Acc. loss =  0.0 D.
 Elastic phase shift   2 =    0.000  -0.000 deg. for the L =   30, J =   29.0 channel.
      30.5  1.00000000  0.00000001i: elastic S-matrix  @@      0.00  0   0 F  0
 Reaction Xsec    30.5-/30 @ 2 =   0.000#, Out:   0.000#   0.000#   0.000#   0.860#   9.522#   2.084/  -0.002f

   S-matrix    3 =    1.00000   0.00000 for L=   30, J=   30.0 channel on core I =   1.5 from L=   30,  Acc. loss =  0.0 D.
 Elastic phase shift   3 =    0.000  -0.000 deg. for the L =   30, J =   30.0 channel.
      30.5  1.00000000  0.00000001i: elastic S-matrix  @@      0.00  0   0 F  0
 Reaction Xsec    30.5-/30 @ 3 =   0.000#, Out:   0.000#   0.000#   0.000#   1.707#   0.020/   6.257/  -0.006f

   S-matrix    4 =    1.00000   0.00000 for L=   30, J=   31.0 channel on core I =   1.5 from L=   30,  Acc. loss =  0.0 D.
 Elastic phase shift   4 =    0.000  -0.000 deg. for the L =   30, J =   31.0 channel.
      30.5  1.00000000  0.00000001i: elastic S-matrix  @@      0.00  0   0 F  0
 Reaction Xsec    30.5-/30 @ 4 =   0.000#, Out:   0.000#   0.000#   0.001#   0.973#   0.012/   6.041/  -0.006f

   S-matrix    5 =    1.00000   0.00000 for L=   32, J=   31.0 channel on core I =   1.5 from L=   32,  Acc. loss =  0.0 D.
 Elastic phase shift   5 =    0.000  -0.000 deg. for the L =   32, J =   31.0 channel.
      30.5  1.00000000  0.00000000i: elastic S-matrix  @@      0.00  0   0 F  0
 Reaction Xsec    30.5-/32 @ 5 =   0.000#, Out:   0.000#   0.000#   0.000#   0.310#   3.031#   2.714/  -0.003f

   S-matrix    6 =    1.00000   0.00000 for L=   32, J=   32.0 channel on core I =   1.5 from L=   32,  Acc. loss =  0.0 D.
 Elastic phase shift   6 =    0.000  -0.000 deg. for the L =   32, J =   32.0 channel.
      30.5  1.00000000  0.00000000i: elastic S-matrix  @@      0.00  0   0 F  0
 Reaction Xsec    30.5-/32 @ 6 =   0.000#, Out:   0.000#   0.000#   0.000#   0.161#   1.125#   2.706/  -0.003f

 Finished all CC sets @   0.125680000    
0CUMULATIVE REACTION cross section                 = 1136.53675  <L> =     4.26  <L**2> =     21.3
0CUMULATIVE outgoing cross sections in partition 1 :    0.00000
0CUMULATIVE outgoing cross sections in partition 2 :   50.93814   29.61082   58.63765   54.64305   96.26603
0Cumulative ABSORBTION by Imaginary Potentials     =  846.44105  <L> =     3.76  <L**2> =     14.8
   Fusion for specific deuteron M-states :  861.092385  876.956221  861.092385
0CUMULATIVE OUTGOING cross section                 =  290.09570
 To convert to S-factors (MeV.mb = keV.b),  multiply by  3.4129E+01


 CROSS SECTIONS FOR OUTGOING deuteron & 7Li      in state #   1 with spins & parities 1.0  + &  1.5  -;  0

     0.01 deg.: X-S =   1.5693E+15 mb/sr,
+                                         /R =   1.0000E+00
     1.00 deg.: X-S =   1.5249E+07 mb/sr,
+                                         /R =   9.7163E-01
     2.00 deg.: X-S =   8.8085E+05 mb/sr,
+                                         /R =   8.9788E-01
     3.00 deg.: X-S =   1.5482E+05 mb/sr,
+                                         /R =   7.9872E-01
     4.00 deg.: X-S =   4.2649E+04 mb/sr,
+                                         /R =   6.9516E-01
     5.00 deg.: X-S =   1.5331E+04 mb/sr,
+                                         /R =   6.0981E-01
     6.00 deg.: X-S =  6867.707987 mb/sr,
+                                         /R =   5.6612E-01
     7.00 deg.: X-S =  3846.772498 mb/sr,
+                                         /R =   5.8707E-01
     8.00 deg.: X-S =  2666.363286 mb/sr,
+                                         /R =   6.9367E-01
     9.00 deg.: X-S =  2169.681992 mb/sr,
+                                         /R =   9.0337E-01
    10.00 deg.: X-S =  1938.059410 mb/sr,
+                                         /R =   1.2287E+00
    11.00 deg.: X-S =  1807.698552 mb/sr,
+                                         /R =   1.6761E+00
    12.00 deg.: X-S =  1711.809623 mb/sr,
+                                         /R =   2.2454E+00
    13.00 deg.: X-S =  1623.207054 mb/sr,
+                                         /R =   2.9289E+00
    14.00 deg.: X-S =  1531.651853 mb/sr,
+                                         /R =   3.7122E+00
    15.00 deg.: X-S =  1434.323629 mb/sr,
+                                         /R =   4.5744E+00
    16.00 deg.: X-S =  1331.615661 mb/sr,
+                                         /R =   5.4890E+00
    17.00 deg.: X-S =  1225.213362 mb/sr,
+                                         /R =   6.4256E+00
    18.00 deg.: X-S =  1117.197876 mb/sr,
+                                         /R =   7.3511E+00
    19.00 deg.: X-S =  1009.627169 mb/sr,
+                                         /R =   8.2318E+00
    20.00 deg.: X-S =   904.346198 mb/sr,
+                                         /R =   9.0346E+00
    21.00 deg.: X-S =   802.909646 mb/sr,
+                                         /R =   9.7296E+00
    22.00 deg.: X-S =   706.560951 mb/sr,
+                                         /R =   1.0291E+01
    23.00 deg.: X-S =   616.239817 mb/sr,
+                                         /R =   1.0697E+01
    24.00 deg.: X-S =   532.604103 mb/sr,
+                                         /R =   1.0935E+01
    25.00 deg.: X-S =   456.058746 mb/sr,
+                                         /R =   1.0997E+01
    26.00 deg.: X-S =   386.787743 mb/sr,
+                                         /R =   1.0882E+01
    27.00 deg.: X-S =   324.786955 mb/sr,
+                                         /R =   1.0598E+01
    28.00 deg.: X-S =   269.896360 mb/sr,
+                                         /R =   1.0158E+01
    29.00 deg.: X-S =   221.830870 mb/sr,
+                                         /R =   9.5789E+00
    30.00 deg.: X-S =   180.209115 mb/sr,
+                                         /R =   8.8850E+00
    31.00 deg.: X-S =   144.579766 mb/sr,
+                                         /R =   8.1021E+00
    32.00 deg.: X-S =   114.445113 mb/sr,
+                                         /R =   7.2584E+00
    33.00 deg.: X-S =    89.281725 mb/sr,
+                                         /R =   6.3830E+00
    34.00 deg.: X-S =    68.558108 mb/sr,
+                                         /R =   5.5042E+00
    35.00 deg.: X-S =    51.749393 mb/sr,
+                                         /R =   4.6491E+00
    36.00 deg.: X-S =    38.349128 mb/sr,
+                                         /R =   3.8422E+00
    37.00 deg.: X-S =    27.878346 mb/sr,
+                                         /R =   3.1050E+00
    38.00 deg.: X-S =    19.892127 mb/sr,
+                                         /R =   2.4555E+00
    39.00 deg.: X-S =    13.983908 mb/sr,
+                                         /R =   1.9077E+00
    40.00 deg.: X-S =     9.787826 mb/sr,
+                                         /R =   1.4716E+00
    41.00 deg.: X-S =     6.979409 mb/sr,
+                                         /R =   1.1535E+00
    42.00 deg.: X-S =     5.274902 mb/sr,
+                                         /R =   9.5593E-01
    43.00 deg.: X-S =     4.429535 mb/sr,
+                                         /R =   8.7812E-01
    44.00 deg.: X-S =     4.235009 mb/sr,
+                                         /R =   9.1633E-01
    45.00 deg.: X-S =     4.516454 mb/sr,
+                                         /R =   1.0643E+00
    46.00 deg.: X-S =     5.129082 mb/sr,
+                                         /R =   1.3135E+00
    47.00 deg.: X-S =     5.954723 mb/sr,
+                                         /R =   1.6541E+00
    48.00 deg.: X-S =     6.898398 mb/sr,
+                                         /R =   2.0744E+00
    49.00 deg.: X-S =     7.885059 mb/sr,
+                                         /R =   2.5622E+00
    50.00 deg.: X-S =     8.856564 mb/sr,
+                                         /R =   3.1042E+00
    51.00 deg.: X-S =     9.768960 mb/sr,
+                                         /R =   3.6871E+00
    52.00 deg.: X-S =    10.590094 mb/sr,
+                                         /R =   4.2970E+00
    53.00 deg.: X-S =    11.297567 mb/sr,
+                                         /R =   4.9203E+00
    54.00 deg.: X-S =    11.877001 mb/sr,
+                                         /R =   5.5436E+00
    55.00 deg.: X-S =    12.320621 mb/sr,
+                                         /R =   6.1539E+00
    56.00 deg.: X-S =    12.626088 mb/sr,
+                                         /R =   6.7391E+00
    57.00 deg.: X-S =    12.795563 mb/sr,
+                                         /R =   7.2879E+00
    58.00 deg.: X-S =    12.834950 mb/sr,
+                                         /R =   7.7906E+00
    59.00 deg.: X-S =    12.753274 mb/sr,
+                                         /R =   8.2389E+00
    60.00 deg.: X-S =    12.562162 mb/sr,
+                                         /R =   8.6266E+00
    61.00 deg.: X-S =    12.275387 mb/sr,
+                                         /R =   8.9496E+00
    62.00 deg.: X-S =    11.908454 mb/sr,
+                                         /R =   9.2068E+00
    63.00 deg.: X-S =    11.478195 mb/sr,
+                                         /R =   9.3996E+00
    64.00 deg.: X-S =    11.002376 mb/sr,
+                                         /R =   9.5328E+00
    65.00 deg.: X-S =    10.499289 mb/sr,
+                                         /R =   9.6144E+00
    66.00 deg.: X-S =     9.987347 mb/sr,
+                                         /R =   9.6556E+00
    67.00 deg.: X-S =     9.484667 mb/sr,
+                                         /R =   9.6711E+00
    68.00 deg.: X-S =     9.008661 mb/sr,
+                                         /R =   9.6783E+00
    69.00 deg.: X-S =     8.575642 mb/sr,
+                                         /R =   9.6978E+00
    70.00 deg.: X-S =     8.200446 mb/sr,
+                                         /R =   9.7521E+00
    71.00 deg.: X-S =     7.896100 mb/sr,
+                                         /R =   9.8656E+00
    72.00 deg.: X-S =     7.673529 mb/sr,
+                                         /R =   1.0064E+01
    73.00 deg.: X-S =     7.541330 mb/sr,
+                                         /R =   1.0373E+01
    74.00 deg.: X-S =     7.505598 mb/sr,
+                                         /R =   1.0818E+01
    75.00 deg.: X-S =     7.569837 mb/sr,
+                                         /R =   1.1423E+01
    76.00 deg.: X-S =     7.734930 mb/sr,
+                                         /R =   1.2210E+01
    77.00 deg.: X-S =     7.999193 mb/sr,
+                                         /R =   1.3199E+01
    78.00 deg.: X-S =     8.358491 mb/sr,
+                                         /R =   1.4405E+01
    79.00 deg.: X-S =     8.806417 mb/sr,
+                                         /R =   1.5839E+01
    80.00 deg.: X-S =     9.334531 mb/sr,
+                                         /R =   1.7509E+01
    81.00 deg.: X-S =     9.932644 mb/sr,
+                                         /R =   1.9415E+01
    82.00 deg.: X-S =    10.589127 mb/sr,
+                                         /R =   2.1554E+01
    83.00 deg.: X-S =    11.291256 mb/sr,
+                                         /R =   2.3916E+01
    84.00 deg.: X-S =    12.025559 mb/sr,
+                                         /R =   2.6488E+01
    85.00 deg.: X-S =    12.778163 mb/sr,
+                                         /R =   2.9248E+01
    86.00 deg.: X-S =    13.535127 mb/sr,
+                                         /R =   3.2173E+01
    87.00 deg.: X-S =    14.282763 mb/sr,
+                                         /R =   3.5233E+01
    88.00 deg.: X-S =    15.007912 mb/sr,
+                                         /R =   3.8397E+01
    89.00 deg.: X-S =    15.698200 mb/sr,
+                                         /R =   4.1629E+01
    90.00 deg.: X-S =    16.342242 mb/sr,
+                                         /R =   4.4890E+01
    91.00 deg.: X-S =    16.929809 mb/sr,
+                                         /R =   4.8141E+01
    92.00 deg.: X-S =    17.451952 mb/sr,
+                                         /R =   5.1342E+01
    93.00 deg.: X-S =    17.901081 mb/sr,
+                                         /R =   5.4453E+01
    94.00 deg.: X-S =    18.271009 mb/sr,
+                                         /R =   5.7434E+01
    95.00 deg.: X-S =    18.556957 mb/sr,
+                                         /R =   6.0245E+01
    96.00 deg.: X-S =    18.755531 mb/sr,
+                                         /R =   6.2852E+01
    97.00 deg.: X-S =    18.864676 mb/sr,
+                                         /R =   6.5218E+01
    98.00 deg.: X-S =    18.883605 mb/sr,
+                                         /R =   6.7313E+01
    99.00 deg.: X-S =    18.812720 mb/sr,
+                                         /R =   6.9108E+01
   100.00 deg.: X-S =    18.653526 mb/sr,
+                                         /R =   7.0578E+01
   101.00 deg.: X-S =    18.408538 mb/sr,
+                                         /R =   7.1703E+01
   102.00 deg.: X-S =    18.081191 mb/sr,
+                                         /R =   7.2466E+01
   103.00 deg.: X-S =    17.675757 mb/sr,
+                                         /R =   7.2853E+01
   104.00 deg.: X-S =    17.197261 mb/sr,
+                                         /R =   7.2859E+01
   105.00 deg.: X-S =    16.651412 mb/sr,
+                                         /R =   7.2479E+01
   106.00 deg.: X-S =    16.044537 mb/sr,
+                                         /R =   7.1716E+01
   107.00 deg.: X-S =    15.383520 mb/sr,
+                                         /R =   7.0577E+01
   108.00 deg.: X-S =    14.675752 mb/sr,
+                                         /R =   6.9076E+01
   109.00 deg.: X-S =    13.929072 mb/sr,
+                                         /R =   6.7230E+01
   110.00 deg.: X-S =    13.151719 mb/sr,
+                                         /R =   6.5063E+01
   111.00 deg.: X-S =    12.352271 mb/sr,
+                                         /R =   6.2606E+01
   112.00 deg.: X-S =    11.539582 mb/sr,
+                                         /R =   5.9894E+01
   113.00 deg.: X-S =    10.722709 mb/sr,
+                                         /R =   5.6967E+01
   114.00 deg.: X-S =     9.910828 mb/sr,
+                                         /R =   5.3873E+01
   115.00 deg.: X-S =     9.113135 mb/sr,
+                                         /R =   5.0662E+01
   116.00 deg.: X-S =     8.338738 mb/sr,
+                                         /R =   4.7389E+01
   117.00 deg.: X-S =     7.596533 mb/sr,
+                                         /R =   4.4114E+01
   118.00 deg.: X-S =     6.895069 mb/sr,
+                                         /R =   4.0897E+01
   119.00 deg.: X-S =     6.242410 mb/sr,
+                                         /R =   3.7803E+01
   120.00 deg.: X-S =     5.645980 mb/sr,
+                                         /R =   3.4894E+01
   121.00 deg.: X-S =     5.112422 mb/sr,
+                                         /R =   3.2234E+01
   122.00 deg.: X-S =     4.647446 mb/sr,
+                                         /R =   2.9880E+01
   123.00 deg.: X-S =     4.255697 mb/sr,
+                                         /R =   2.7891E+01
   124.00 deg.: X-S =     3.940634 mb/sr,
+                                         /R =   2.6315E+01
   125.00 deg.: X-S =     3.704428 mb/sr,
+                                         /R =   2.5196E+01
   126.00 deg.: X-S =     3.547890 mb/sr,
+                                         /R =   2.4569E+01
   127.00 deg.: X-S =     3.470426 mb/sr,
+                                         /R =   2.4459E+01
   128.00 deg.: X-S =     3.470028 mb/sr,
+                                         /R =   2.4881E+01
   129.00 deg.: X-S =     3.543307 mb/sr,
+                                         /R =   2.5838E+01
   130.00 deg.: X-S =     3.685558 mb/sr,
+                                         /R =   2.7321E+01
   131.00 deg.: X-S =     3.890872 mb/sr,
+                                         /R =   2.9311E+01
   132.00 deg.: X-S =     4.152284 mb/sr,
+                                         /R =   3.1776E+01
   133.00 deg.: X-S =     4.461963 mb/sr,
+                                         /R =   3.4675E+01
   134.00 deg.: X-S =     4.811426 mb/sr,
+                                         /R =   3.7955E+01
   135.00 deg.: X-S =     5.191788 mb/sr,
+                                         /R =   4.1560E+01
   136.00 deg.: X-S =     5.594027 mb/sr,
+                                         /R =   4.5424E+01
   137.00 deg.: X-S =     6.009267 mb/sr,
+                                         /R =   4.9480E+01
   138.00 deg.: X-S =     6.429065 mb/sr,
+                                         /R =   5.3660E+01
   139.00 deg.: X-S =     6.845688 mb/sr,
+                                         /R =   5.7898E+01
   140.00 deg.: X-S =     7.252379 mb/sr,
+                                         /R =   6.2132E+01
   141.00 deg.: X-S =     7.643603 mb/sr,
+                                         /R =   6.6310E+01
   142.00 deg.: X-S =     8.015256 mb/sr,
+                                         /R =   7.0387E+01
   143.00 deg.: X-S =     8.364829 mb/sr,
+                                         /R =   7.4332E+01
   144.00 deg.: X-S =     8.691536 mb/sr,
+                                         /R =   7.8130E+01
   145.00 deg.: X-S =     8.996373 mb/sr,
+                                         /R =   8.1779E+01
   146.00 deg.: X-S =     9.282128 mb/sr,
+                                         /R =   8.5296E+01
   147.00 deg.: X-S =     9.553331 mb/sr,
+                                         /R =   8.8715E+01
   148.00 deg.: X-S =     9.816135 mb/sr,
+                                         /R =   9.2088E+01
   149.00 deg.: X-S =    10.078140 mb/sr,
+                                         /R =   9.5481E+01
   150.00 deg.: X-S =    10.348169 mb/sr,
+                                         /R =   9.8977E+01
   151.00 deg.: X-S =    10.635981 mb/sr,
+                                         /R =   1.0267E+02
   152.00 deg.: X-S =    10.951948 mb/sr,
+                                         /R =   1.0666E+02
   153.00 deg.: X-S =    11.306698 mb/sr,
+                                         /R =   1.1106E+02
   154.00 deg.: X-S =    11.710732 mb/sr,
+                                         /R =   1.1598E+02
   155.00 deg.: X-S =    12.174031 mb/sr,
+                                         /R =   1.2152E+02
   156.00 deg.: X-S =    12.705664 mb/sr,
+                                         /R =   1.2779E+02
   157.00 deg.: X-S =    13.313408 mb/sr,
+                                         /R =   1.3488E+02
   158.00 deg.: X-S =    14.003394 mb/sr,
+                                         /R =   1.4286E+02
   159.00 deg.: X-S =    14.779790 mb/sr,
+                                         /R =   1.5178E+02
   160.00 deg.: X-S =    15.644538 mb/sr,
+                                         /R =   1.6168E+02
   161.00 deg.: X-S =    16.597140 mb/sr,
+                                         /R =   1.7256E+02
   162.00 deg.: X-S =    17.634523 mb/sr,
+                                         /R =   1.8439E+02
   163.00 deg.: X-S =    18.750965 mb/sr,
+                                         /R =   1.9712E+02
   164.00 deg.: X-S =    19.938109 mb/sr,
+                                         /R =   2.1066E+02
   165.00 deg.: X-S =    21.185047 mb/sr,
+                                         /R =   2.2490E+02
   166.00 deg.: X-S =    22.478491 mb/sr,
+                                         /R =   2.3970E+02
   167.00 deg.: X-S =    23.803010 mb/sr,
+                                         /R =   2.5487E+02
   168.00 deg.: X-S =    25.141340 mb/sr,
+                                         /R =   2.7023E+02
   169.00 deg.: X-S =    26.474760 mb/sr,
+                                         /R =   2.8557E+02
   170.00 deg.: X-S =    27.783510 mb/sr,
+                                         /R =   3.0065E+02
   171.00 deg.: X-S =    29.047258 mb/sr,
+                                         /R =   3.1524E+02
   172.00 deg.: X-S =    30.245589 mb/sr,
+                                         /R =   3.2909E+02
   173.00 deg.: X-S =    31.358505 mb/sr,
+                                         /R =   3.4198E+02
   174.00 deg.: X-S =    32.366930 mb/sr,
+                                         /R =   3.5368E+02
   175.00 deg.: X-S =    33.253192 mb/sr,
+                                         /R =   3.6398E+02
   176.00 deg.: X-S =    34.001476 mb/sr,
+                                         /R =   3.7268E+02
   177.00 deg.: X-S =    34.598238 mb/sr,
+                                         /R =   3.7962E+02
   178.00 deg.: X-S =    35.032555 mb/sr,
+                                         /R =   3.8468E+02
   179.00 deg.: X-S =    35.296411 mb/sr,
+                                         /R =   3.8776E+02
   179.99 deg.: X-S =    35.384903 mb/sr,
+                                         /R =   3.8879E+02
                                           Integrated********** mb, over [   0.000, 180.000] at    14.5700 MeV 

 CROSS SECTIONS FOR OUTGOING proton   & 8Li      in state #   1 with spins & parities 0.5  + &  2.0  +;  0

     0.00 deg.: X-S =    65.176070 mb/sr,
+                                         REAC   5.0938E+01 mb
     1.00 deg.: X-S =    65.145683 mb/sr,
     2.00 deg.: X-S =    65.048754 mb/sr,
     3.00 deg.: X-S =    64.868639 mb/sr,
     4.00 deg.: X-S =    64.579724 mb/sr,
     5.00 deg.: X-S =    64.150312 mb/sr,
     6.00 deg.: X-S =    63.546130 mb/sr,
     7.00 deg.: X-S =    62.734037 mb/sr,
     8.00 deg.: X-S =    61.685495 mb/sr,
     9.00 deg.: X-S =    60.379460 mb/sr,
    10.00 deg.: X-S =    58.804447 mb/sr,
    11.00 deg.: X-S =    56.959639 mb/sr,
    12.00 deg.: X-S =    54.855046 mb/sr,
    13.00 deg.: X-S =    52.510818 mb/sr,
    14.00 deg.: X-S =    49.955878 mb/sr,
    15.00 deg.: X-S =    47.226101 mb/sr,
    16.00 deg.: X-S =    44.362226 mb/sr,
    17.00 deg.: X-S =    41.407723 mb/sr,
    18.00 deg.: X-S =    38.406754 mb/sr,
    19.00 deg.: X-S =    35.402354 mb/sr,
    20.00 deg.: X-S =    32.434908 mb/sr,
    21.00 deg.: X-S =    29.540959 mb/sr,
    22.00 deg.: X-S =    26.752355 mb/sr,
    23.00 deg.: X-S =    24.095728 mb/sr,
    24.00 deg.: X-S =    21.592260 mb/sr,
    25.00 deg.: X-S =    19.257704 mb/sr,
    26.00 deg.: X-S =    17.102610 mb/sr,
    27.00 deg.: X-S =    15.132710 mb/sr,
    28.00 deg.: X-S =    13.349403 mb/sr,
    29.00 deg.: X-S =    11.750317 mb/sr,
    30.00 deg.: X-S =    10.329903 mb/sr,
    31.00 deg.: X-S =     9.080023 mb/sr,
    32.00 deg.: X-S =     7.990525 mb/sr,
    33.00 deg.: X-S =     7.049782 mb/sr,
    34.00 deg.: X-S =     6.245180 mb/sr,
    35.00 deg.: X-S =     5.563556 mb/sr,
    36.00 deg.: X-S =     4.991577 mb/sr,
    37.00 deg.: X-S =     4.516066 mb/sr,
    38.00 deg.: X-S =     4.124266 mb/sr,
    39.00 deg.: X-S =     3.804055 mb/sr,
    40.00 deg.: X-S =     3.544111 mb/sr,
    41.00 deg.: X-S =     3.334026 mb/sr,
    42.00 deg.: X-S =     3.164386 mb/sr,
    43.00 deg.: X-S =     3.026811 mb/sr,
    44.00 deg.: X-S =     2.913962 mb/sr,
    45.00 deg.: X-S =     2.819530 mb/sr,
    46.00 deg.: X-S =     2.738196 mb/sr,
    47.00 deg.: X-S =     2.665581 mb/sr,
    48.00 deg.: X-S =     2.598179 mb/sr,
    49.00 deg.: X-S =     2.533285 mb/sr,
    50.00 deg.: X-S =     2.468916 mb/sr,
    51.00 deg.: X-S =     2.403727 mb/sr,
    52.00 deg.: X-S =     2.336930 mb/sr,
    53.00 deg.: X-S =     2.268212 mb/sr,
    54.00 deg.: X-S =     2.197652 mb/sr,
    55.00 deg.: X-S =     2.125649 mb/sr,
    56.00 deg.: X-S =     2.052850 mb/sr,
    57.00 deg.: X-S =     1.980082 mb/sr,
    58.00 deg.: X-S =     1.908296 mb/sr,
    59.00 deg.: X-S =     1.838511 mb/sr,
    60.00 deg.: X-S =     1.771769 mb/sr,
    61.00 deg.: X-S =     1.709093 mb/sr,
    62.00 deg.: X-S =     1.651454 mb/sr,
    63.00 deg.: X-S =     1.599742 mb/sr,
    64.00 deg.: X-S =     1.554744 mb/sr,
    65.00 deg.: X-S =     1.517127 mb/sr,
    66.00 deg.: X-S =     1.487426 mb/sr,
    67.00 deg.: X-S =     1.466035 mb/sr,
    68.00 deg.: X-S =     1.453205 mb/sr,
    69.00 deg.: X-S =     1.449041 mb/sr,
    70.00 deg.: X-S =     1.453511 mb/sr,
    71.00 deg.: X-S =     1.466443 mb/sr,
    72.00 deg.: X-S =     1.487541 mb/sr,
    73.00 deg.: X-S =     1.516389 mb/sr,
    74.00 deg.: X-S =     1.552468 mb/sr,
    75.00 deg.: X-S =     1.595164 mb/sr,
    76.00 deg.: X-S =     1.643782 mb/sr,
    77.00 deg.: X-S =     1.697563 mb/sr,
    78.00 deg.: X-S =     1.755697 mb/sr,
    79.00 deg.: X-S =     1.817334 mb/sr,
    80.00 deg.: X-S =     1.881604 mb/sr,
    81.00 deg.: X-S =     1.947625 mb/sr,
    82.00 deg.: X-S =     2.014517 mb/sr,
    83.00 deg.: X-S =     2.081416 mb/sr,
    84.00 deg.: X-S =     2.147483 mb/sr,
    85.00 deg.: X-S =     2.211913 mb/sr,
    86.00 deg.: X-S =     2.273948 mb/sr,
    87.00 deg.: X-S =     2.332878 mb/sr,
    88.00 deg.: X-S =     2.388055 mb/sr,
    89.00 deg.: X-S =     2.438894 mb/sr,
    90.00 deg.: X-S =     2.484875 mb/sr,
    91.00 deg.: X-S =     2.525554 mb/sr,
    92.00 deg.: X-S =     2.560554 mb/sr,
    93.00 deg.: X-S =     2.589576 mb/sr,
    94.00 deg.: X-S =     2.612391 mb/sr,
    95.00 deg.: X-S =     2.628842 mb/sr,
    96.00 deg.: X-S =     2.638841 mb/sr,
    97.00 deg.: X-S =     2.642366 mb/sr,
    98.00 deg.: X-S =     2.639458 mb/sr,
    99.00 deg.: X-S =     2.630215 mb/sr,
   100.00 deg.: X-S =     2.614786 mb/sr,
   101.00 deg.: X-S =     2.593372 mb/sr,
   102.00 deg.: X-S =     2.566212 mb/sr,
   103.00 deg.: X-S =     2.533584 mb/sr,
   104.00 deg.: X-S =     2.495798 mb/sr,
   105.00 deg.: X-S =     2.453189 mb/sr,
   106.00 deg.: X-S =     2.406112 mb/sr,
   107.00 deg.: X-S =     2.354937 mb/sr,
   108.00 deg.: X-S =     2.300044 mb/sr,
   109.00 deg.: X-S =     2.241821 mb/sr,
   110.00 deg.: X-S =     2.180654 mb/sr,
   111.00 deg.: X-S =     2.116930 mb/sr,
   112.00 deg.: X-S =     2.051029 mb/sr,
   113.00 deg.: X-S =     1.983323 mb/sr,
   114.00 deg.: X-S =     1.914174 mb/sr,
   115.00 deg.: X-S =     1.843933 mb/sr,
   116.00 deg.: X-S =     1.772938 mb/sr,
   117.00 deg.: X-S =     1.701513 mb/sr,
   118.00 deg.: X-S =     1.629966 mb/sr,
   119.00 deg.: X-S =     1.558593 mb/sr,
   120.00 deg.: X-S =     1.487674 mb/sr,
   121.00 deg.: X-S =     1.417477 mb/sr,
   122.00 deg.: X-S =     1.348256 mb/sr,
   123.00 deg.: X-S =     1.280252 mb/sr,
   124.00 deg.: X-S =     1.213696 mb/sr,
   125.00 deg.: X-S =     1.148806 mb/sr,
   126.00 deg.: X-S =     1.085791 mb/sr,
   127.00 deg.: X-S =     1.024853 mb/sr,
   128.00 deg.: X-S =     0.966180 mb/sr,
   129.00 deg.: X-S =     0.909957 mb/sr,
   130.00 deg.: X-S =     0.856357 mb/sr,
   131.00 deg.: X-S =     0.805547 mb/sr,
   132.00 deg.: X-S =     0.757683 mb/sr,
   133.00 deg.: X-S =     0.712912 mb/sr,
   134.00 deg.: X-S =     0.671374 mb/sr,
   135.00 deg.: X-S =     0.633195 mb/sr,
   136.00 deg.: X-S =     0.598490 mb/sr,
   137.00 deg.: X-S =     0.567361 mb/sr,
   138.00 deg.: X-S =     0.539896 mb/sr,
   139.00 deg.: X-S =     0.516166 mb/sr,
   140.00 deg.: X-S =     0.496227 mb/sr,
   141.00 deg.: X-S =     0.480116 mb/sr,
   142.00 deg.: X-S =     0.467849 mb/sr,
   143.00 deg.: X-S =     0.459424 mb/sr,
   144.00 deg.: X-S =     0.454815 mb/sr,
   145.00 deg.: X-S =     0.453975 mb/sr,
   146.00 deg.: X-S =     0.456834 mb/sr,
   147.00 deg.: X-S =     0.463300 mb/sr,
   148.00 deg.: X-S =     0.473256 mb/sr,
   149.00 deg.: X-S =     0.486564 mb/sr,
   150.00 deg.: X-S =     0.503063 mb/sr,
   151.00 deg.: X-S =     0.522572 mb/sr,
   152.00 deg.: X-S =     0.544891 mb/sr,
   153.00 deg.: X-S =     0.569799 mb/sr,
   154.00 deg.: X-S =     0.597062 mb/sr,
   155.00 deg.: X-S =     0.626428 mb/sr,
   156.00 deg.: X-S =     0.657636 mb/sr,
   157.00 deg.: X-S =     0.690413 mb/sr,
   158.00 deg.: X-S =     0.724477 mb/sr,
   159.00 deg.: X-S =     0.759542 mb/sr,
   160.00 deg.: X-S =     0.795319 mb/sr,
   161.00 deg.: X-S =     0.831518 mb/sr,
   162.00 deg.: X-S =     0.867850 mb/sr,
   163.00 deg.: X-S =     0.904031 mb/sr,
   164.00 deg.: X-S =     0.939781 mb/sr,
   165.00 deg.: X-S =     0.974829 mb/sr,
   166.00 deg.: X-S =     1.008916 mb/sr,
   167.00 deg.: X-S =     1.041791 mb/sr,
   168.00 deg.: X-S =     1.073218 mb/sr,
   169.00 deg.: X-S =     1.102975 mb/sr,
   170.00 deg.: X-S =     1.130854 mb/sr,
   171.00 deg.: X-S =     1.156665 mb/sr,
   172.00 deg.: X-S =     1.180233 mb/sr,
   173.00 deg.: X-S =     1.201401 mb/sr,
   174.00 deg.: X-S =     1.220030 mb/sr,
   175.00 deg.: X-S =     1.236000 mb/sr,
   176.00 deg.: X-S =     1.249206 mb/sr,
   177.00 deg.: X-S =     1.259566 mb/sr,
   178.00 deg.: X-S =     1.267012 mb/sr,
   179.00 deg.: X-S =     1.271499 mb/sr,
   180.00 deg.: X-S =     1.272998 mb/sr,
                                           Integrated   50.9275 mb, over [   0.000, 180.000] at    14.5700 MeV 

 CROSS SECTIONS FOR OUTGOING proton   & 8Li      in state #   2 with spins & parities 0.5  + &  1.0  +;  0

     0.00 deg.: X-S =    58.176043 mb/sr,
+                                         REAC   2.9611E+01 mb
     1.00 deg.: X-S =    58.048760 mb/sr,
     2.00 deg.: X-S =    57.666868 mb/sr,
     3.00 deg.: X-S =    57.030468 mb/sr,
     4.00 deg.: X-S =    56.140466 mb/sr,
     5.00 deg.: X-S =    54.999529 mb/sr,
     6.00 deg.: X-S =    53.613152 mb/sr,
     7.00 deg.: X-S =    51.990653 mb/sr,
     8.00 deg.: X-S =    50.145904 mb/sr,
     9.00 deg.: X-S =    48.097676 mb/sr,
    10.00 deg.: X-S =    45.869548 mb/sr,
    11.00 deg.: X-S =    43.489384 mb/sr,
    12.00 deg.: X-S =    40.988458 mb/sr,
    13.00 deg.: X-S =    38.400324 mb/sr,
    14.00 deg.: X-S =    35.759577 mb/sr,
    15.00 deg.: X-S =    33.100599 mb/sr,
    16.00 deg.: X-S =    30.456412 mb/sr,
    17.00 deg.: X-S =    27.857686 mb/sr,
    18.00 deg.: X-S =    25.331968 mb/sr,
    19.00 deg.: X-S =    22.903124 mb/sr,
    20.00 deg.: X-S =    20.591003 mb/sr,
    21.00 deg.: X-S =    18.411304 mb/sr,
    22.00 deg.: X-S =    16.375608 mb/sr,
    23.00 deg.: X-S =    14.491561 mb/sr,
    24.00 deg.: X-S =    12.763167 mb/sr,
    25.00 deg.: X-S =    11.191151 mb/sr,
    26.00 deg.: X-S =     9.773388 mb/sr,
    27.00 deg.: X-S =     8.505347 mb/sr,
    28.00 deg.: X-S =     7.380539 mb/sr,
    29.00 deg.: X-S =     6.390953 mb/sr,
    30.00 deg.: X-S =     5.527462 mb/sr,
    31.00 deg.: X-S =     4.780188 mb/sr,
    32.00 deg.: X-S =     4.138829 mb/sr,
    33.00 deg.: X-S =     3.592941 mb/sr,
    34.00 deg.: X-S =     3.132170 mb/sr,
    35.00 deg.: X-S =     2.746447 mb/sr,
    36.00 deg.: X-S =     2.426150 mb/sr,
    37.00 deg.: X-S =     2.162214 mb/sr,
    38.00 deg.: X-S =     1.946230 mb/sr,
    39.00 deg.: X-S =     1.770494 mb/sr,
    40.00 deg.: X-S =     1.628052 mb/sr,
    41.00 deg.: X-S =     1.512702 mb/sr,
    42.00 deg.: X-S =     1.418995 mb/sr,
    43.00 deg.: X-S =     1.342209 mb/sr,
    44.00 deg.: X-S =     1.278319 mb/sr,
    45.00 deg.: X-S =     1.223951 mb/sr,
    46.00 deg.: X-S =     1.176335 mb/sr,
    47.00 deg.: X-S =     1.133255 mb/sr,
    48.00 deg.: X-S =     1.092989 mb/sr,
    49.00 deg.: X-S =     1.054256 mb/sr,
    50.00 deg.: X-S =     1.016158 mb/sr,
    51.00 deg.: X-S =     0.978131 mb/sr,
    52.00 deg.: X-S =     0.939887 mb/sr,
    53.00 deg.: X-S =     0.901368 mb/sr,
    54.00 deg.: X-S =     0.862700 mb/sr,
    55.00 deg.: X-S =     0.824149 mb/sr,
    56.00 deg.: X-S =     0.786084 mb/sr,
    57.00 deg.: X-S =     0.748945 mb/sr,
    58.00 deg.: X-S =     0.713209 mb/sr,
    59.00 deg.: X-S =     0.679368 mb/sr,
    60.00 deg.: X-S =     0.647907 mb/sr,
    61.00 deg.: X-S =     0.619284 mb/sr,
    62.00 deg.: X-S =     0.593916 mb/sr,
    63.00 deg.: X-S =     0.572171 mb/sr,
    64.00 deg.: X-S =     0.554352 mb/sr,
    65.00 deg.: X-S =     0.540699 mb/sr,
    66.00 deg.: X-S =     0.531382 mb/sr,
    67.00 deg.: X-S =     0.526499 mb/sr,
    68.00 deg.: X-S =     0.526076 mb/sr,
    69.00 deg.: X-S =     0.530074 mb/sr,
    70.00 deg.: X-S =     0.538386 mb/sr,
    71.00 deg.: X-S =     0.550846 mb/sr,
    72.00 deg.: X-S =     0.567232 mb/sr,
    73.00 deg.: X-S =     0.587275 mb/sr,
    74.00 deg.: X-S =     0.610663 mb/sr,
    75.00 deg.: X-S =     0.637047 mb/sr,
    76.00 deg.: X-S =     0.666052 mb/sr,
    77.00 deg.: X-S =     0.697280 mb/sr,
    78.00 deg.: X-S =     0.730318 mb/sr,
    79.00 deg.: X-S =     0.764746 mb/sr,
    80.00 deg.: X-S =     0.800142 mb/sr,
    81.00 deg.: X-S =     0.836087 mb/sr,
    82.00 deg.: X-S =     0.872173 mb/sr,
    83.00 deg.: X-S =     0.908004 mb/sr,
    84.00 deg.: X-S =     0.943204 mb/sr,
    85.00 deg.: X-S =     0.977418 mb/sr,
    86.00 deg.: X-S =     1.010316 mb/sr,
    87.00 deg.: X-S =     1.041596 mb/sr,
    88.00 deg.: X-S =     1.070986 mb/sr,
    89.00 deg.: X-S =     1.098244 mb/sr,
    90.00 deg.: X-S =     1.123163 mb/sr,
    91.00 deg.: X-S =     1.145564 mb/sr,
    92.00 deg.: X-S =     1.165304 mb/sr,
    93.00 deg.: X-S =     1.182271 mb/sr,
    94.00 deg.: X-S =     1.196382 mb/sr,
    95.00 deg.: X-S =     1.207585 mb/sr,
    96.00 deg.: X-S =     1.215857 mb/sr,
    97.00 deg.: X-S =     1.221196 mb/sr,
    98.00 deg.: X-S =     1.223629 mb/sr,
    99.00 deg.: X-S =     1.223202 mb/sr,
   100.00 deg.: X-S =     1.219980 mb/sr,
   101.00 deg.: X-S =     1.214046 mb/sr,
   102.00 deg.: X-S =     1.205498 mb/sr,
   103.00 deg.: X-S =     1.194447 mb/sr,
   104.00 deg.: X-S =     1.181014 mb/sr,
   105.00 deg.: X-S =     1.165328 mb/sr,
   106.00 deg.: X-S =     1.147526 mb/sr,
   107.00 deg.: X-S =     1.127748 mb/sr,
   108.00 deg.: X-S =     1.106137 mb/sr,
   109.00 deg.: X-S =     1.082839 mb/sr,
   110.00 deg.: X-S =     1.057999 mb/sr,
   111.00 deg.: X-S =     1.031763 mb/sr,
   112.00 deg.: X-S =     1.004273 mb/sr,
   113.00 deg.: X-S =     0.975671 mb/sr,
   114.00 deg.: X-S =     0.946097 mb/sr,
   115.00 deg.: X-S =     0.915688 mb/sr,
   116.00 deg.: X-S =     0.884576 mb/sr,
   117.00 deg.: X-S =     0.852894 mb/sr,
   118.00 deg.: X-S =     0.820768 mb/sr,
   119.00 deg.: X-S =     0.788326 mb/sr,
   120.00 deg.: X-S =     0.755690 mb/sr,
   121.00 deg.: X-S =     0.722980 mb/sr,
   122.00 deg.: X-S =     0.690316 mb/sr,
   123.00 deg.: X-S =     0.657814 mb/sr,
   124.00 deg.: X-S =     0.625590 mb/sr,
   125.00 deg.: X-S =     0.593756 mb/sr,
   126.00 deg.: X-S =     0.562423 mb/sr,
   127.00 deg.: X-S =     0.531701 mb/sr,
   128.00 deg.: X-S =     0.501695 mb/sr,
   129.00 deg.: X-S =     0.472511 mb/sr,
   130.00 deg.: X-S =     0.444249 mb/sr,
   131.00 deg.: X-S =     0.417006 mb/sr,
   132.00 deg.: X-S =     0.390875 mb/sr,
   133.00 deg.: X-S =     0.365943 mb/sr,
   134.00 deg.: X-S =     0.342294 mb/sr,
   135.00 deg.: X-S =     0.320003 mb/sr,
   136.00 deg.: X-S =     0.299137 mb/sr,
   137.00 deg.: X-S =     0.279759 mb/sr,
   138.00 deg.: X-S =     0.261918 mb/sr,
   139.00 deg.: X-S =     0.245658 mb/sr,
   140.00 deg.: X-S =     0.231009 mb/sr,
   141.00 deg.: X-S =     0.217993 mb/sr,
   142.00 deg.: X-S =     0.206619 mb/sr,
   143.00 deg.: X-S =     0.196887 mb/sr,
   144.00 deg.: X-S =     0.188782 mb/sr,
   145.00 deg.: X-S =     0.182280 mb/sr,
   146.00 deg.: X-S =     0.177346 mb/sr,
   147.00 deg.: X-S =     0.173932 mb/sr,
   148.00 deg.: X-S =     0.171980 mb/sr,
   149.00 deg.: X-S =     0.171425 mb/sr,
   150.00 deg.: X-S =     0.172190 mb/sr,
   151.00 deg.: X-S =     0.174189 mb/sr,
   152.00 deg.: X-S =     0.177332 mb/sr,
   153.00 deg.: X-S =     0.181521 mb/sr,
   154.00 deg.: X-S =     0.186653 mb/sr,
   155.00 deg.: X-S =     0.192624 mb/sr,
   156.00 deg.: X-S =     0.199323 mb/sr,
   157.00 deg.: X-S =     0.206642 mb/sr,
   158.00 deg.: X-S =     0.214471 mb/sr,
   159.00 deg.: X-S =     0.222702 mb/sr,
   160.00 deg.: X-S =     0.231230 mb/sr,
   161.00 deg.: X-S =     0.239951 mb/sr,
   162.00 deg.: X-S =     0.248767 mb/sr,
   163.00 deg.: X-S =     0.257584 mb/sr,
   164.00 deg.: X-S =     0.266315 mb/sr,
   165.00 deg.: X-S =     0.274878 mb/sr,
   166.00 deg.: X-S =     0.283197 mb/sr,
   167.00 deg.: X-S =     0.291202 mb/sr,
   168.00 deg.: X-S =     0.298832 mb/sr,
   169.00 deg.: X-S =     0.306030 mb/sr,
   170.00 deg.: X-S =     0.312747 mb/sr,
   171.00 deg.: X-S =     0.318939 mb/sr,
   172.00 deg.: X-S =     0.324568 mb/sr,
   173.00 deg.: X-S =     0.329602 mb/sr,
   174.00 deg.: X-S =     0.334014 mb/sr,
   175.00 deg.: X-S =     0.337783 mb/sr,
   176.00 deg.: X-S =     0.340889 mb/sr,
   177.00 deg.: X-S =     0.343318 mb/sr,
   178.00 deg.: X-S =     0.345061 mb/sr,
   179.00 deg.: X-S =     0.346110 mb/sr,
   180.00 deg.: X-S =     0.346460 mb/sr,
                                           Integrated   29.6015 mb, over [   0.000, 180.000] at    14.5700 MeV 

 CROSS SECTIONS FOR OUTGOING proton   & 8Li      in state #   3 with spins & parities 0.5  + &  3.0  +;  0

     0.00 deg.: X-S =   164.102715 mb/sr,
+                                         REAC   5.8638E+01 mb
     1.00 deg.: X-S =   163.498927 mb/sr,
     2.00 deg.: X-S =   161.694522 mb/sr,
     3.00 deg.: X-S =   158.712571 mb/sr,
     4.00 deg.: X-S =   154.597932 mb/sr,
     5.00 deg.: X-S =   149.424042 mb/sr,
     6.00 deg.: X-S =   143.297823 mb/sr,
     7.00 deg.: X-S =   136.360047 mb/sr,
     8.00 deg.: X-S =   128.779876 mb/sr,
     9.00 deg.: X-S =   120.743958 mb/sr,
    10.00 deg.: X-S =   112.442135 mb/sr,
    11.00 deg.: X-S =   104.052698 mb/sr,
    12.00 deg.: X-S =    95.730230 mb/sr,
    13.00 deg.: X-S =    87.598195 mb/sr,
    14.00 deg.: X-S =    79.747143 mb/sr,
    15.00 deg.: X-S =    72.237969 mb/sr,
    16.00 deg.: X-S =    65.108582 mb/sr,
    17.00 deg.: X-S =    58.381825 mb/sr,
    18.00 deg.: X-S =    52.072604 mb/sr,
    19.00 deg.: X-S =    46.192755 mb/sr,
    20.00 deg.: X-S =    40.753062 mb/sr,
    21.00 deg.: X-S =    35.762698 mb/sr,
    22.00 deg.: X-S =    31.227003 mb/sr,
    23.00 deg.: X-S =    27.144837 mb/sr,
    24.00 deg.: X-S =    23.506631 mb/sr,
    25.00 deg.: X-S =    20.293834 mb/sr,
    26.00 deg.: X-S =    17.479943 mb/sr,
    27.00 deg.: X-S =    15.032755 mb/sr,
    28.00 deg.: X-S =    12.917172 mb/sr,
    29.00 deg.: X-S =    11.097874 mb/sr,
    30.00 deg.: X-S =     9.541301 mb/sr,
    31.00 deg.: X-S =     8.216722 mb/sr,
    32.00 deg.: X-S =     7.096450 mb/sr,
    33.00 deg.: X-S =     6.155471 mb/sr,
    34.00 deg.: X-S =     5.370852 mb/sr,
    35.00 deg.: X-S =     4.721232 mb/sr,
    36.00 deg.: X-S =     4.186574 mb/sr,
    37.00 deg.: X-S =     3.748228 mb/sr,
    38.00 deg.: X-S =     3.389185 mb/sr,
    39.00 deg.: X-S =     3.094383 mb/sr,
    40.00 deg.: X-S =     2.850900 mb/sr,
    41.00 deg.: X-S =     2.647957 mb/sr,
    42.00 deg.: X-S =     2.476721 mb/sr,
    43.00 deg.: X-S =     2.329990 mb/sr,
    44.00 deg.: X-S =     2.201860 mb/sr,
    45.00 deg.: X-S =     2.087456 mb/sr,
    46.00 deg.: X-S =     1.982764 mb/sr,
    47.00 deg.: X-S =     1.884572 mb/sr,
    48.00 deg.: X-S =     1.790449 mb/sr,
    49.00 deg.: X-S =     1.698733 mb/sr,
    50.00 deg.: X-S =     1.608471 mb/sr,
    51.00 deg.: X-S =     1.519303 mb/sr,
    52.00 deg.: X-S =     1.431321 mb/sr,
    53.00 deg.: X-S =     1.344904 mb/sr,
    54.00 deg.: X-S =     1.260590 mb/sr,
    55.00 deg.: X-S =     1.178989 mb/sr,
    56.00 deg.: X-S =     1.100747 mb/sr,
    57.00 deg.: X-S =     1.026532 mb/sr,
    58.00 deg.: X-S =     0.957043 mb/sr,
    59.00 deg.: X-S =     0.892988 mb/sr,
    60.00 deg.: X-S =     0.835061 mb/sr,
    61.00 deg.: X-S =     0.783894 mb/sr,
    62.00 deg.: X-S =     0.740010 mb/sr,
    63.00 deg.: X-S =     0.703797 mb/sr,
    64.00 deg.: X-S =     0.675498 mb/sr,
    65.00 deg.: X-S =     0.655223 mb/sr,
    66.00 deg.: X-S =     0.642965 mb/sr,
    67.00 deg.: X-S =     0.638620 mb/sr,
    68.00 deg.: X-S =     0.641997 mb/sr,
    69.00 deg.: X-S =     0.652823 mb/sr,
    70.00 deg.: X-S =     0.670734 mb/sr,
    71.00 deg.: X-S =     0.695287 mb/sr,
    72.00 deg.: X-S =     0.725964 mb/sr,
    73.00 deg.: X-S =     0.762199 mb/sr,
    74.00 deg.: X-S =     0.803402 mb/sr,
    75.00 deg.: X-S =     0.848973 mb/sr,
    76.00 deg.: X-S =     0.898313 mb/sr,
    77.00 deg.: X-S =     0.950814 mb/sr,
    78.00 deg.: X-S =     1.005835 mb/sr,
    79.00 deg.: X-S =     1.062693 mb/sr,
    80.00 deg.: X-S =     1.120665 mb/sr,
    81.00 deg.: X-S =     1.179011 mb/sr,
    82.00 deg.: X-S =     1.237021 mb/sr,
    83.00 deg.: X-S =     1.294068 mb/sr,
    84.00 deg.: X-S =     1.349646 mb/sr,
    85.00 deg.: X-S =     1.403386 mb/sr,
    86.00 deg.: X-S =     1.455032 mb/sr,
    87.00 deg.: X-S =     1.504395 mb/sr,
    88.00 deg.: X-S =     1.551287 mb/sr,
    89.00 deg.: X-S =     1.595465 mb/sr,
    90.00 deg.: X-S =     1.636605 mb/sr,
    91.00 deg.: X-S =     1.674311 mb/sr,
    92.00 deg.: X-S =     1.708168 mb/sr,
    93.00 deg.: X-S =     1.737814 mb/sr,
    94.00 deg.: X-S =     1.763012 mb/sr,
    95.00 deg.: X-S =     1.783697 mb/sr,
    96.00 deg.: X-S =     1.799981 mb/sr,
    97.00 deg.: X-S =     1.812118 mb/sr,
    98.00 deg.: X-S =     1.820431 mb/sr,
    99.00 deg.: X-S =     1.825230 mb/sr,
   100.00 deg.: X-S =     1.826747 mb/sr,
   101.00 deg.: X-S =     1.825091 mb/sr,
   102.00 deg.: X-S =     1.820247 mb/sr,
   103.00 deg.: X-S =     1.812111 mb/sr,
   104.00 deg.: X-S =     1.800547 mb/sr,
   105.00 deg.: X-S =     1.785452 mb/sr,
   106.00 deg.: X-S =     1.766811 mb/sr,
   107.00 deg.: X-S =     1.744733 mb/sr,
   108.00 deg.: X-S =     1.719452 mb/sr,
   109.00 deg.: X-S =     1.691299 mb/sr,
   110.00 deg.: X-S =     1.660660 mb/sr,
   111.00 deg.: X-S =     1.627914 mb/sr,
   112.00 deg.: X-S =     1.593390 mb/sr,
   113.00 deg.: X-S =     1.557330 mb/sr,
   114.00 deg.: X-S =     1.519879 mb/sr,
   115.00 deg.: X-S =     1.481090 mb/sr,
   116.00 deg.: X-S =     1.440955 mb/sr,
   117.00 deg.: X-S =     1.399439 mb/sr,
   118.00 deg.: X-S =     1.356527 mb/sr,
   119.00 deg.: X-S =     1.312262 mb/sr,
   120.00 deg.: X-S =     1.266764 mb/sr,
   121.00 deg.: X-S =     1.220241 mb/sr,
   122.00 deg.: X-S =     1.172967 mb/sr,
   123.00 deg.: X-S =     1.125249 mb/sr,
   124.00 deg.: X-S =     1.077394 mb/sr,
   125.00 deg.: X-S =     1.029675 mb/sr,
   126.00 deg.: X-S =     0.982316 mb/sr,
   127.00 deg.: X-S =     0.935488 mb/sr,
   128.00 deg.: X-S =     0.889325 mb/sr,
   129.00 deg.: X-S =     0.843943 mb/sr,
   130.00 deg.: X-S =     0.799465 mb/sr,
   131.00 deg.: X-S =     0.756027 mb/sr,
   132.00 deg.: X-S =     0.713785 mb/sr,
   133.00 deg.: X-S =     0.672903 mb/sr,
   134.00 deg.: X-S =     0.633536 mb/sr,
   135.00 deg.: X-S =     0.595814 mb/sr,
   136.00 deg.: X-S =     0.559837 mb/sr,
   137.00 deg.: X-S =     0.525672 mb/sr,
   138.00 deg.: X-S =     0.493368 mb/sr,
   139.00 deg.: X-S =     0.462965 mb/sr,
   140.00 deg.: X-S =     0.434510 mb/sr,
   141.00 deg.: X-S =     0.408058 mb/sr,
   142.00 deg.: X-S =     0.383662 mb/sr,
   143.00 deg.: X-S =     0.361366 mb/sr,
   144.00 deg.: X-S =     0.341184 mb/sr,
   145.00 deg.: X-S =     0.323097 mb/sr,
   146.00 deg.: X-S =     0.307043 mb/sr,
   147.00 deg.: X-S =     0.292933 mb/sr,
   148.00 deg.: X-S =     0.280657 mb/sr,
   149.00 deg.: X-S =     0.270108 mb/sr,
   150.00 deg.: X-S =     0.261187 mb/sr,
   151.00 deg.: X-S =     0.253806 mb/sr,
   152.00 deg.: X-S =     0.247883 mb/sr,
   153.00 deg.: X-S =     0.243326 mb/sr,
   154.00 deg.: X-S =     0.240026 mb/sr,
   155.00 deg.: X-S =     0.237846 mb/sr,
   156.00 deg.: X-S =     0.236627 mb/sr,
   157.00 deg.: X-S =     0.236197 mb/sr,
   158.00 deg.: X-S =     0.236385 mb/sr,
   159.00 deg.: X-S =     0.237045 mb/sr,
   160.00 deg.: X-S =     0.238057 mb/sr,
   161.00 deg.: X-S =     0.239336 mb/sr,
   162.00 deg.: X-S =     0.240822 mb/sr,
   163.00 deg.: X-S =     0.242468 mb/sr,
   164.00 deg.: X-S =     0.244230 mb/sr,
   165.00 deg.: X-S =     0.246052 mb/sr,
   166.00 deg.: X-S =     0.247870 mb/sr,
   167.00 deg.: X-S =     0.249618 mb/sr,
   168.00 deg.: X-S =     0.251231 mb/sr,
   169.00 deg.: X-S =     0.252664 mb/sr,
   170.00 deg.: X-S =     0.253897 mb/sr,
   171.00 deg.: X-S =     0.254934 mb/sr,
   172.00 deg.: X-S =     0.255801 mb/sr,
   173.00 deg.: X-S =     0.256535 mb/sr,
   174.00 deg.: X-S =     0.257173 mb/sr,
   175.00 deg.: X-S =     0.257739 mb/sr,
   176.00 deg.: X-S =     0.258242 mb/sr,
   177.00 deg.: X-S =     0.258671 mb/sr,
   178.00 deg.: X-S =     0.259005 mb/sr,
   179.00 deg.: X-S =     0.259218 mb/sr,
   180.00 deg.: X-S =     0.259292 mb/sr,
                                           Integrated   58.6114 mb, over [   0.000, 180.000] at    14.5700 MeV 

 CROSS SECTIONS FOR OUTGOING proton   & 8Li      in state #   4 with spins & parities 0.5  + &  3.0  +;  0

     0.00 deg.: X-S =   162.737526 mb/sr,
+                                         REAC   5.4643E+01 mb
     1.00 deg.: X-S =   162.122712 mb/sr,
     2.00 deg.: X-S =   160.266317 mb/sr,
     3.00 deg.: X-S =   157.142821 mb/sr,
     4.00 deg.: X-S =   152.740172 mb/sr,
     5.00 deg.: X-S =   147.093138 mb/sr,
     6.00 deg.: X-S =   140.310043 mb/sr,
     7.00 deg.: X-S =   132.582240 mb/sr,
     8.00 deg.: X-S =   124.171737 mb/sr,
     9.00 deg.: X-S =   115.379799 mb/sr,
    10.00 deg.: X-S =   106.505403 mb/sr,
    11.00 deg.: X-S =    97.805077 mb/sr,
    12.00 deg.: X-S =    89.464312 mb/sr,
    13.00 deg.: X-S =    81.586450 mb/sr,
    14.00 deg.: X-S =    74.199573 mb/sr,
    15.00 deg.: X-S =    67.277169 mb/sr,
    16.00 deg.: X-S =    60.765627 mb/sr,
    17.00 deg.: X-S =    54.611035 mb/sr,
    18.00 deg.: X-S =    48.779104 mb/sr,
    19.00 deg.: X-S =    43.264589 mb/sr,
    20.00 deg.: X-S =    38.089704 mb/sr,
    21.00 deg.: X-S =    33.293839 mb/sr,
    22.00 deg.: X-S =    28.918957 mb/sr,
    23.00 deg.: X-S =    24.995593 mb/sr,
    24.00 deg.: X-S =    21.533520 mb/sr,
    25.00 deg.: X-S =    18.519062 mb/sr,
    26.00 deg.: X-S =    15.918678 mb/sr,
    27.00 deg.: X-S =    13.686547 mb/sr,
    28.00 deg.: X-S =    11.773198 mb/sr,
    29.00 deg.: X-S =    10.132586 mb/sr,
    30.00 deg.: X-S =     8.726173 mb/sr,
    31.00 deg.: X-S =     7.523827 mb/sr,
    32.00 deg.: X-S =     6.502321 mb/sr,
    33.00 deg.: X-S =     5.642622 mb/sr,
    34.00 deg.: X-S =     4.927200 mb/sr,
    35.00 deg.: X-S =     4.338210 mb/sr,
    36.00 deg.: X-S =     3.856953 mb/sr,
    37.00 deg.: X-S =     3.464511 mb/sr,
    38.00 deg.: X-S =     3.143040 mb/sr,
    39.00 deg.: X-S =     2.877079 mb/sr,
    40.00 deg.: X-S =     2.654316 mb/sr,
    41.00 deg.: X-S =     2.465571 mb/sr,
    42.00 deg.: X-S =     2.304141 mb/sr,
    43.00 deg.: X-S =     2.164857 mb/sr,
    44.00 deg.: X-S =     2.043255 mb/sr,
    45.00 deg.: X-S =     1.935130 mb/sr,
    46.00 deg.: X-S =     1.836494 mb/sr,
    47.00 deg.: X-S =     1.743813 mb/sr,
    48.00 deg.: X-S =     1.654330 mb/sr,
    49.00 deg.: X-S =     1.566280 mb/sr,
    50.00 deg.: X-S =     1.478906 mb/sr,
    51.00 deg.: X-S =     1.392266 mb/sr,
    52.00 deg.: X-S =     1.306914 mb/sr,
    53.00 deg.: X-S =     1.223562 mb/sr,
    54.00 deg.: X-S =     1.142841 mb/sr,
    55.00 deg.: X-S =     1.065230 mb/sr,
    56.00 deg.: X-S =     0.991113 mb/sr,
    57.00 deg.: X-S =     0.920912 mb/sr,
    58.00 deg.: X-S =     0.855189 mb/sr,
    59.00 deg.: X-S =     0.794649 mb/sr,
    60.00 deg.: X-S =     0.740056 mb/sr,
    61.00 deg.: X-S =     0.692100 mb/sr,
    62.00 deg.: X-S =     0.651285 mb/sr,
    63.00 deg.: X-S =     0.617879 mb/sr,
    64.00 deg.: X-S =     0.591940 mb/sr,
    65.00 deg.: X-S =     0.573398 mb/sr,
    66.00 deg.: X-S =     0.562126 mb/sr,
    67.00 deg.: X-S =     0.557992 mb/sr,
    68.00 deg.: X-S =     0.560854 mb/sr,
    69.00 deg.: X-S =     0.570519 mb/sr,
    70.00 deg.: X-S =     0.586682 mb/sr,
    71.00 deg.: X-S =     0.608904 mb/sr,
    72.00 deg.: X-S =     0.636624 mb/sr,
    73.00 deg.: X-S =     0.669232 mb/sr,
    74.00 deg.: X-S =     0.706144 mb/sr,
    75.00 deg.: X-S =     0.746874 mb/sr,
    76.00 deg.: X-S =     0.791027 mb/sr,
    77.00 deg.: X-S =     0.838241 mb/sr,
    78.00 deg.: X-S =     0.888070 mb/sr,
    79.00 deg.: X-S =     0.939890 mb/sr,
    80.00 deg.: X-S =     0.992861 mb/sr,
    81.00 deg.: X-S =     1.045994 mb/sr,
    82.00 deg.: X-S =     1.098296 mb/sr,
    83.00 deg.: X-S =     1.148956 mb/sr,
    84.00 deg.: X-S =     1.197498 mb/sr,
    85.00 deg.: X-S =     1.243834 mb/sr,
    86.00 deg.: X-S =     1.288196 mb/sr,
    87.00 deg.: X-S =     1.330965 mb/sr,
    88.00 deg.: X-S =     1.372441 mb/sr,
    89.00 deg.: X-S =     1.412635 mb/sr,
    90.00 deg.: X-S =     1.451154 mb/sr,
    91.00 deg.: X-S =     1.487216 mb/sr,
    92.00 deg.: X-S =     1.519806 mb/sr,
    93.00 deg.: X-S =     1.547932 mb/sr,
    94.00 deg.: X-S =     1.570900 mb/sr,
    95.00 deg.: X-S =     1.588511 mb/sr,
    96.00 deg.: X-S =     1.601118 mb/sr,
    97.00 deg.: X-S =     1.609521 mb/sr,
    98.00 deg.: X-S =     1.614731 mb/sr,
    99.00 deg.: X-S =     1.617700 mb/sr,
   100.00 deg.: X-S =     1.619088 mb/sr,
   101.00 deg.: X-S =     1.619123 mb/sr,
   102.00 deg.: X-S =     1.617580 mb/sr,
   103.00 deg.: X-S =     1.613865 mb/sr,
   104.00 deg.: X-S =     1.607187 mb/sr,
   105.00 deg.: X-S =     1.596772 mb/sr,
   106.00 deg.: X-S =     1.582082 mb/sr,
   107.00 deg.: X-S =     1.562975 mb/sr,
   108.00 deg.: X-S =     1.539760 mb/sr,
   109.00 deg.: X-S =     1.513135 mb/sr,
   110.00 deg.: X-S =     1.484021 mb/sr,
   111.00 deg.: X-S =     1.453363 mb/sr,
   112.00 deg.: X-S =     1.421944 mb/sr,
   113.00 deg.: X-S =     1.390268 mb/sr,
   114.00 deg.: X-S =     1.358510 mb/sr,
   115.00 deg.: X-S =     1.326533 mb/sr,
   116.00 deg.: X-S =     1.293950 mb/sr,
   117.00 deg.: X-S =     1.260240 mb/sr,
   118.00 deg.: X-S =     1.224887 mb/sr,
   119.00 deg.: X-S =     1.187531 mb/sr,
   120.00 deg.: X-S =     1.148082 mb/sr,
   121.00 deg.: X-S =     1.106760 mb/sr,
   122.00 deg.: X-S =     1.064041 mb/sr,
   123.00 deg.: X-S =     1.020542 mb/sr,
   124.00 deg.: X-S =     0.976886 mb/sr,
   125.00 deg.: X-S =     0.933579 mb/sr,
   126.00 deg.: X-S =     0.890956 mb/sr,
   127.00 deg.: X-S =     0.849183 mb/sr,
   128.00 deg.: X-S =     0.808294 mb/sr,
   129.00 deg.: X-S =     0.768272 mb/sr,
   130.00 deg.: X-S =     0.729112 mb/sr,
   131.00 deg.: X-S =     0.690876 mb/sr,
   132.00 deg.: X-S =     0.653701 mb/sr,
   133.00 deg.: X-S =     0.617765 mb/sr,
   134.00 deg.: X-S =     0.583239 mb/sr,
   135.00 deg.: X-S =     0.550228 mb/sr,
   136.00 deg.: X-S =     0.518753 mb/sr,
   137.00 deg.: X-S =     0.488761 mb/sr,
   138.00 deg.: X-S =     0.460179 mb/sr,
   139.00 deg.: X-S =     0.432961 mb/sr,
   140.00 deg.: X-S =     0.407130 mb/sr,
   141.00 deg.: X-S =     0.382779 mb/sr,
   142.00 deg.: X-S =     0.360050 mb/sr,
   143.00 deg.: X-S =     0.339083 mb/sr,
   144.00 deg.: X-S =     0.319968 mb/sr,
   145.00 deg.: X-S =     0.302715 mb/sr,
   146.00 deg.: X-S =     0.287243 mb/sr,
   147.00 deg.: X-S =     0.273408 mb/sr,
   148.00 deg.: X-S =     0.261054 mb/sr,
   149.00 deg.: X-S =     0.250063 mb/sr,
   150.00 deg.: X-S =     0.240385 mb/sr,
   151.00 deg.: X-S =     0.232031 mb/sr,
   152.00 deg.: X-S =     0.225045 mb/sr,
   153.00 deg.: X-S =     0.219446 mb/sr,
   154.00 deg.: X-S =     0.215191 mb/sr,
   155.00 deg.: X-S =     0.212145 mb/sr,
   156.00 deg.: X-S =     0.210097 mb/sr,
   157.00 deg.: X-S =     0.208787 mb/sr,
   158.00 deg.: X-S =     0.207957 mb/sr,
   159.00 deg.: X-S =     0.207405 mb/sr,
   160.00 deg.: X-S =     0.207013 mb/sr,
   161.00 deg.: X-S =     0.206756 mb/sr,
   162.00 deg.: X-S =     0.206674 mb/sr,
   163.00 deg.: X-S =     0.206822 mb/sr,
   164.00 deg.: X-S =     0.207228 mb/sr,
   165.00 deg.: X-S =     0.207862 mb/sr,
   166.00 deg.: X-S =     0.208635 mb/sr,
   167.00 deg.: X-S =     0.209419 mb/sr,
   168.00 deg.: X-S =     0.210088 mb/sr,
   169.00 deg.: X-S =     0.210546 mb/sr,
   170.00 deg.: X-S =     0.210756 mb/sr,
   171.00 deg.: X-S =     0.210748 mb/sr,
   172.00 deg.: X-S =     0.210606 mb/sr,
   173.00 deg.: X-S =     0.210443 mb/sr,
   174.00 deg.: X-S =     0.210363 mb/sr,
   175.00 deg.: X-S =     0.210428 mb/sr,
   176.00 deg.: X-S =     0.210636 mb/sr,
   177.00 deg.: X-S =     0.210937 mb/sr,
   178.00 deg.: X-S =     0.211243 mb/sr,
   179.00 deg.: X-S =     0.211469 mb/sr,
   180.00 deg.: X-S =     0.211552 mb/sr,
                                           Integrated   54.6171 mb, over [   0.000, 180.000] at    14.5700 MeV 

 CROSS SECTIONS FOR OUTGOING proton   & 8Li      in state #   5 with spins & parities 0.5  + &  3.0  +;  0

     0.00 deg.: X-S =   225.164503 mb/sr,
+                                         REAC   9.6266E+01 mb
     1.00 deg.: X-S =   225.506409 mb/sr,
     2.00 deg.: X-S =   226.740069 mb/sr,
     3.00 deg.: X-S =   229.535889 mb/sr,
     4.00 deg.: X-S =   234.991171 mb/sr,
     5.00 deg.: X-S =   244.183298 mb/sr,
     6.00 deg.: X-S =   257.240387 mb/sr,
     7.00 deg.: X-S =   272.357679 mb/sr,
     8.00 deg.: X-S =   285.496840 mb/sr,
     9.00 deg.: X-S =   291.286439 mb/sr,
    10.00 deg.: X-S =   284.953013 mb/sr,
    11.00 deg.: X-S =   264.400272 mb/sr,
    12.00 deg.: X-S =   231.333472 mb/sr,
    13.00 deg.: X-S =   190.790844 mb/sr,
    14.00 deg.: X-S =   149.312399 mb/sr,
    15.00 deg.: X-S =   112.689943 mb/sr,
    16.00 deg.: X-S =    84.363298 mb/sr,
    17.00 deg.: X-S =    65.036412 mb/sr,
    18.00 deg.: X-S =    53.361030 mb/sr,
    19.00 deg.: X-S =    47.053187 mb/sr,
    20.00 deg.: X-S =    43.809955 mb/sr,
    21.00 deg.: X-S =    41.757415 mb/sr,
    22.00 deg.: X-S =    39.548402 mb/sr,
    23.00 deg.: X-S =    36.369352 mb/sr,
    24.00 deg.: X-S =    31.988322 mb/sr,
    25.00 deg.: X-S =    26.772314 mb/sr,
    26.00 deg.: X-S =    21.531141 mb/sr,
    27.00 deg.: X-S =    17.160215 mb/sr,
    28.00 deg.: X-S =    14.233331 mb/sr,
    29.00 deg.: X-S =    12.769199 mb/sr,
    30.00 deg.: X-S =    12.295835 mb/sr,
    31.00 deg.: X-S =    12.147313 mb/sr,
    32.00 deg.: X-S =    11.795973 mb/sr,
    33.00 deg.: X-S =    11.037547 mb/sr,
    34.00 deg.: X-S =     9.973495 mb/sr,
    35.00 deg.: X-S =     8.864607 mb/sr,
    36.00 deg.: X-S =     7.974371 mb/sr,
    37.00 deg.: X-S =     7.475606 mb/sr,
    38.00 deg.: X-S =     7.422333 mb/sr,
    39.00 deg.: X-S =     7.753938 mb/sr,
    40.00 deg.: X-S =     8.312007 mb/sr,
    41.00 deg.: X-S =     8.876497 mb/sr,
    42.00 deg.: X-S =     9.229828 mb/sr,
    43.00 deg.: X-S =     9.232771 mb/sr,
    44.00 deg.: X-S =     8.873975 mb/sr,
    45.00 deg.: X-S =     8.262638 mb/sr,
    46.00 deg.: X-S =     7.568328 mb/sr,
    47.00 deg.: X-S =     6.944487 mb/sr,
    48.00 deg.: X-S =     6.476877 mb/sr,
    49.00 deg.: X-S =     6.174777 mb/sr,
    50.00 deg.: X-S =     5.993663 mb/sr,
    51.00 deg.: X-S =     5.865992 mb/sr,
    52.00 deg.: X-S =     5.724774 mb/sr,
    53.00 deg.: X-S =     5.518722 mb/sr,
    54.00 deg.: X-S =     5.223065 mb/sr,
    55.00 deg.: X-S =     4.845397 mb/sr,
    56.00 deg.: X-S =     4.421179 mb/sr,
    57.00 deg.: X-S =     3.997166 mb/sr,
    58.00 deg.: X-S =     3.610301 mb/sr,
    59.00 deg.: X-S =     3.274538 mb/sr,
    60.00 deg.: X-S =     2.982633 mb/sr,
    61.00 deg.: X-S =     2.718805 mb/sr,
    62.00 deg.: X-S =     2.471356 mb/sr,
    63.00 deg.: X-S =     2.237285 mb/sr,
    64.00 deg.: X-S =     2.019382 mb/sr,
    65.00 deg.: X-S =     1.821657 mb/sr,
    66.00 deg.: X-S =     1.647313 mb/sr,
    67.00 deg.: X-S =     1.498443 mb/sr,
    68.00 deg.: X-S =     1.374613 mb/sr,
    69.00 deg.: X-S =     1.270360 mb/sr,
    70.00 deg.: X-S =     1.174932 mb/sr,
    71.00 deg.: X-S =     1.076741 mb/sr,
    72.00 deg.: X-S =     0.970238 mb/sr,
    73.00 deg.: X-S =     0.859596 mb/sr,
    74.00 deg.: X-S =     0.755806 mb/sr,
    75.00 deg.: X-S =     0.669635 mb/sr,
    76.00 deg.: X-S =     0.606434 mb/sr,
    77.00 deg.: X-S =     0.566247 mb/sr,
    78.00 deg.: X-S =     0.547016 mb/sr,
    79.00 deg.: X-S =     0.545961 mb/sr,
    80.00 deg.: X-S =     0.557441 mb/sr,
    81.00 deg.: X-S =     0.570893 mb/sr,
    82.00 deg.: X-S =     0.573561 mb/sr,
    83.00 deg.: X-S =     0.557776 mb/sr,
    84.00 deg.: X-S =     0.526742 mb/sr,
    85.00 deg.: X-S =     0.492706 mb/sr,
    86.00 deg.: X-S =     0.468109 mb/sr,
    87.00 deg.: X-S =     0.457271 mb/sr,
    88.00 deg.: X-S =     0.456015 mb/sr,
    89.00 deg.: X-S =     0.458879 mb/sr,
    90.00 deg.: X-S =     0.465902 mb/sr,
    91.00 deg.: X-S =     0.481434 mb/sr,
    92.00 deg.: X-S =     0.506070 mb/sr,
    93.00 deg.: X-S =     0.530873 mb/sr,
    94.00 deg.: X-S =     0.541831 mb/sr,
    95.00 deg.: X-S =     0.532293 mb/sr,
    96.00 deg.: X-S =     0.511873 mb/sr,
    97.00 deg.: X-S =     0.501845 mb/sr,
    98.00 deg.: X-S =     0.519017 mb/sr,
    99.00 deg.: X-S =     0.561423 mb/sr,
   100.00 deg.: X-S =     0.608692 mb/sr,
   101.00 deg.: X-S =     0.637328 mb/sr,
   102.00 deg.: X-S =     0.637770 mb/sr,
   103.00 deg.: X-S =     0.618739 mb/sr,
   104.00 deg.: X-S =     0.596291 mb/sr,
   105.00 deg.: X-S =     0.579136 mb/sr,
   106.00 deg.: X-S =     0.564603 mb/sr,
   107.00 deg.: X-S =     0.548593 mb/sr,
   108.00 deg.: X-S =     0.538553 mb/sr,
   109.00 deg.: X-S =     0.554835 mb/sr,
   110.00 deg.: X-S =     0.616403 mb/sr,
   111.00 deg.: X-S =     0.721994 mb/sr,
   112.00 deg.: X-S =     0.843364 mb/sr,
   113.00 deg.: X-S =     0.937892 mb/sr,
   114.00 deg.: X-S =     0.972035 mb/sr,
   115.00 deg.: X-S =     0.938742 mb/sr,
   116.00 deg.: X-S =     0.857608 mb/sr,
   117.00 deg.: X-S =     0.760470 mb/sr,
   118.00 deg.: X-S =     0.674848 mb/sr,
   119.00 deg.: X-S =     0.615995 mb/sr,
   120.00 deg.: X-S =     0.588862 mb/sr,
   121.00 deg.: X-S =     0.593506 mb/sr,
   122.00 deg.: X-S =     0.627588 mb/sr,
   123.00 deg.: X-S =     0.685455 mb/sr,
   124.00 deg.: X-S =     0.757677 mb/sr,
   125.00 deg.: X-S =     0.833790 mb/sr,
   126.00 deg.: X-S =     0.906476 mb/sr,
   127.00 deg.: X-S =     0.973147 mb/sr,
   128.00 deg.: X-S =     1.033312 mb/sr,
   129.00 deg.: X-S =     1.084502 mb/sr,
   130.00 deg.: X-S =     1.120963 mb/sr,
   131.00 deg.: X-S =     1.136474 mb/sr,
   132.00 deg.: X-S =     1.128518 mb/sr,
   133.00 deg.: X-S =     1.099955 mb/sr,
   134.00 deg.: X-S =     1.057166 mb/sr,
   135.00 deg.: X-S =     1.007043 mb/sr,
   136.00 deg.: X-S =     0.955721 mb/sr,
   137.00 deg.: X-S =     0.909267 mb/sr,
   138.00 deg.: X-S =     0.874073 mb/sr,
   139.00 deg.: X-S =     0.855121 mb/sr,
   140.00 deg.: X-S =     0.853178 mb/sr,
   141.00 deg.: X-S =     0.863894 mb/sr,
   142.00 deg.: X-S =     0.880400 mb/sr,
   143.00 deg.: X-S =     0.897706 mb/sr,
   144.00 deg.: X-S =     0.915353 mb/sr,
   145.00 deg.: X-S =     0.936451 mb/sr,
   146.00 deg.: X-S =     0.964585 mb/sr,
   147.00 deg.: X-S =     1.001615 mb/sr,
   148.00 deg.: X-S =     1.047769 mb/sr,
   149.00 deg.: X-S =     1.102517 mb/sr,
   150.00 deg.: X-S =     1.164035 mb/sr,
   151.00 deg.: X-S =     1.227319 mb/sr,
   152.00 deg.: X-S =     1.283509 mb/sr,
   153.00 deg.: X-S =     1.322738 mb/sr,
   154.00 deg.: X-S =     1.339450 mb/sr,
   155.00 deg.: X-S =     1.336122 mb/sr,
   156.00 deg.: X-S =     1.322034 mb/sr,
   157.00 deg.: X-S =     1.307755 mb/sr,
   158.00 deg.: X-S =     1.299701 mb/sr,
   159.00 deg.: X-S =     1.298710 mb/sr,
   160.00 deg.: X-S =     1.302648 mb/sr,
   161.00 deg.: X-S =     1.309521 mb/sr,
   162.00 deg.: X-S =     1.317949 mb/sr,
   163.00 deg.: X-S =     1.325487 mb/sr,
   164.00 deg.: X-S =     1.327987 mb/sr,
   165.00 deg.: X-S =     1.322028 mb/sr,
   166.00 deg.: X-S =     1.308563 mb/sr,
   167.00 deg.: X-S =     1.293718 mb/sr,
   168.00 deg.: X-S =     1.284941 mb/sr,
   169.00 deg.: X-S =     1.285371 mb/sr,
   170.00 deg.: X-S =     1.291594 mb/sr,
   171.00 deg.: X-S =     1.297086 mb/sr,
   172.00 deg.: X-S =     1.298203 mb/sr,
   173.00 deg.: X-S =     1.296994 mb/sr,
   174.00 deg.: X-S =     1.298156 mb/sr,
   175.00 deg.: X-S =     1.303306 mb/sr,
   176.00 deg.: X-S =     1.308528 mb/sr,
   177.00 deg.: X-S =     1.307932 mb/sr,
   178.00 deg.: X-S =     1.299864 mb/sr,
   179.00 deg.: X-S =     1.289472 mb/sr,
   180.00 deg.: X-S =     1.284740 mb/sr,
                                           Integrated   96.2299 mb, over [   0.000, 180.000] at    14.5700 MeV 
 Finished all xsecs @   0.164273009    

  The following files have been created:
   3:local copy of User input.            6:standard output.                   
   7:elastic  S-matrix elements.         13:total cross sections/state.        
  16:tables of cross sections.           22:user files.                        
  35:Astrophysics S-factors  / Ecm.      38:cross sections for each J/pi.      
  39:cross sections for each Ecm.        40:all cross sectns. for each Elab.   
  43:bin phase shifts as k functions.    44:bin phase shifts as E functions.   
  45:scat phase shift as E functions.    46:bs wave functions & ANC ratios.    
  56:Fusion for each Jtotal.             58:Single-particle wfns.              
  75:S-factors for lab energies.        201:Separate cross sections.           
 202:Separate cross sections.           203:Separate cross sections.           
 204:Separate cross sections.           205:Separate cross sections.           
 206:Separate cross sections.           

 PARAMETERS : MAXQRN   MFNL   MLOC  LMAX1 MCLIST
    ALLOWED :     20   1225     46     50      7
    REQUIRED:      5      0     31     35      4


 ACCURACY ANALYSIS at    14.570 MeV :

  Elastic h*k = 0.092 so OK       compared with 0.200

   Real(S-el) > 0.01 first at J =       0.5
   Real(S-el) > 0.10 first at J =       0.5
   Real(S-el) > 0.50 first at J =       1.5
   Real(S-el) > 0.90 first at J =       4.5
   Real(S-el) > 0.99 first at J =       5.5
   R-turn =    33.32 fm    at J =      30.5

 Forward-angle excitation cut off below   0.649 deg by max JT =      30.5
                              and below   0.364 deg by max R.

 Total CPU  0 time =       0.16 seconds
