run,entry,type,status
50,9,,False
50,11,,False
50,12,,False
50,15,,False
50,16,,False
50,17,,False
50,23,,False
50,24,,False
50,25,,False
50,35,,False
50,39,,False
50,44,,False
50,57,,False
50,60,,False
50,61,,False
50,71,,False
50,73,,False
50,77,,False
50,83,,False
50,86,,False
50,103,,False
50,105,,False
50,109,,False
50,118,,False
50,120,,False
50,148,,False
50,158,,False
50,169,,False
50,174,,False
50,191,,False
50,200,,False
50,219,,False
50,223,,False
50,225,,False
50,231,,False
50,237,,False
50,249,,False
50,272,,False
50,276,,False
50,280,,False
50,283,,False
50,289,,False
50,290,,False
50,305,,False
50,306,,False
50,311,,False
50,349,,False
50,362,,False
50,366,,False
50,383,,False
50,389,,False
50,394,,False
50,397,,False
50,413,,False
50,415,,False
50,427,,False
50,432,,False
50,437,,False
50,442,,False
50,445,,False
50,450,,False
50,454,,False
50,457,,False
50,462,,False
50,475,,False
50,476,,False
50,477,,False
50,496,,False
50,498,,False
50,508,,False
50,542,,False
50,545,,False
50,550,,False
50,579,,False
50,583,,False
50,600,,False
50,616,,False
50,633,,False
50,645,,False
50,646,,False
50,654,,False
50,659,,False
50,662,,False
50,677,,False
50,687,,False
50,712,,False
50,724,,False
50,726,,False
50,731,,False
50,739,,False
50,755,,False
50,759,,False
50,764,,False
50,770,,False
50,777,,False
50,784,,False
50,791,,False
50,817,,False
50,821,,False
50,825,,False
50,846,,False
50,862,,False
50,883,,False
50,897,,False
50,900,,False
50,908,,False
50,916,,False
50,919,,False
50,934,,False
50,949,,False
50,962,,False
50,963,,False
50,975,,False
50,977,,False
50,981,,False
50,994,,False
50,1007,,False
50,1012,,False
50,1024,,False
50,1037,,False
50,1041,,False
50,1050,,False
50,1066,,False
50,1071,,False
50,1077,,False
50,1086,,False
50,1087,,False
50,1089,,False
50,1100,,False
50,1102,,False
50,1113,,False
50,1119,,False
50,1120,,False
50,1125,,False
50,1142,,False
50,1152,,False
50,1178,,False
50,1201,,False
50,1203,,False
50,1208,,False
50,1214,,False
50,1225,,False
50,1238,,False
50,1239,,False
50,1242,,False
50,1262,,False
50,1263,,False
50,1277,,False
50,1278,,False
50,1286,,False
50,1288,,False
50,1289,,False
50,1294,,False
50,1296,,False
50,1311,,False
50,1327,,False
50,1332,,False
50,1338,,False
50,1343,,False
50,1349,,False
50,1365,,False
50,1367,,False
50,1369,,False
50,1374,,False
50,1376,,False
50,1404,,False
50,1406,,False
50,1431,,False
50,1433,,False
50,1450,,False
50,1451,,False
50,1455,,False
50,1464,,False
50,1475,,False
50,1479,,False
50,1483,,False
50,1502,,False
50,1508,,False
50,1518,,False
50,1530,,False
50,1535,,False
50,1540,,False
50,1541,,False
50,1543,,False
50,1563,,False
50,1574,,False
50,1598,,False
50,1613,,False
50,1627,,False
50,1644,,False
50,1647,,False
50,1658,,False
50,1670,,False
50,1677,,False
50,1680,,False
50,1684,,False
50,1691,,False
50,1696,,False
50,1702,,False
50,1706,,False
50,1714,,False
50,1716,,False
50,1732,,False
50,1734,,False
50,1737,,False
50,1742,,False
50,1745,,False
50,1750,,False
50,1765,,False
50,1779,,False
50,1780,,False
50,1782,,False
50,1785,,False
50,1793,,False
50,1801,,False
50,1802,,False
50,1804,,False
50,1812,,False
50,1819,,False
50,1821,,False
50,1834,,False
50,1850,,False
50,1858,,False
50,1860,,False
50,1862,,False
50,1878,,False
50,1895,,False
50,1898,,False
50,1900,,False
50,1902,,False
50,1905,,False
50,1908,,False
50,1920,,False
50,1933,,False
50,1950,,False
50,1964,,False
50,1967,,False
50,1969,,False
50,1984,,False
50,2002,,False
50,2003,,False
50,2006,,False
50,2012,,False
50,2014,,False
50,2019,,False
50,2027,,False
50,2043,,False
50,2057,,False
50,2059,,False
50,2069,,False
50,2075,,False
50,2078,,False
50,2090,,False
50,2091,,False
50,2100,,False
50,2120,,False
50,2133,,False
50,2138,,False
50,2139,,False
50,2151,,False
50,2157,,False
50,2160,,False
50,2163,,False
50,2168,,False
50,2171,,False
50,2176,,False
50,2193,,False
50,2197,,False
50,2199,,False
50,2205,,False
50,2209,,False
50,2211,,False
50,2216,,False
50,2221,,False
50,2227,,False
50,2251,,False
50,2269,,False
50,2273,,False
50,2279,,False
50,2281,,False
50,2285,,False
50,2299,,False
50,2302,,False
50,2319,,False
50,2325,,False
50,2350,,False
50,2365,,False
50,2370,,False
50,2378,,False
50,2379,,False
50,2380,,False
50,2400,,False
50,2402,,False
50,2410,,False
50,2426,,False
50,2439,,False
50,2440,,False
50,2452,,False
50,2458,,False
50,2462,,False
50,2470,,False
50,2474,,False
50,2481,,False
50,2484,,False
50,2492,,False
50,2495,,False
50,2497,,False
50,2503,,False
50,2511,,False
50,2519,,False
50,2528,,False
50,2532,,False
50,2550,,False
50,2555,,False
50,2557,,False
50,2573,,False
50,2586,,False
50,2597,,False
50,2621,,False
50,2630,,False
50,2633,,False
50,2646,,False
50,2647,,False
50,2651,,False
50,2654,,False
50,2671,,False
50,2678,,False
50,2697,,False
50,2721,,False
50,2728,,False
50,2736,,False
50,2737,,False
50,2740,,False
50,2748,,False
50,2759,,False
50,2764,,False
50,2765,,False
50,2771,,False
50,2791,,False
50,2792,,False
50,2794,,False
50,2800,,False
50,2818,,False
50,2821,,False
50,2829,,False
50,2839,,False
50,2843,,False
50,2845,,False
50,2864,,False
50,2878,,False
50,2887,,False
50,2893,,False
50,2908,,False
50,2909,,False
50,2914,,False
50,2920,,False
50,2924,,False
50,2930,,False
50,2943,,False
50,2945,,False
50,2949,,False
50,2950,,False
50,2963,,False
50,2966,,False
50,2968,,False
50,2973,,False
50,2980,,False
50,2985,,False
50,2987,,False
50,2989,,False
50,3027,,False
50,3042,,False
50,3050,,False
50,3054,,False
50,3064,,False
50,3068,,False
50,3089,,False
50,3113,,False
50,3114,,False
50,3122,,False
50,3126,,False
50,3161,,False
50,3166,,False
50,3167,,False
50,3180,,False
50,3189,,False
50,3193,,False
50,3197,,False
50,3198,,False
50,3201,,False
50,3210,,False
50,3214,,False
50,3221,,False
50,3232,,False
50,3234,,False
50,3240,,False
50,3242,,False
50,3246,,False
50,3255,,False
50,3260,,False
50,3269,,False
50,3288,,False
50,3321,,False
50,3327,,False
50,3337,,False
50,3346,,False
50,3351,,False
50,3355,,False
50,3377,,False
50,3382,,False
50,3390,,False
50,3407,,False
50,3420,,False
50,3423,,False
50,3429,,False
50,3430,,False
50,3440,,False
50,3445,,False
50,3450,,False
50,3458,,False
50,3461,,False
50,3464,,False
50,3473,,False
50,3482,,False
50,3484,,False
50,3492,,False
50,3507,,False
50,3532,,False
50,3536,,False
50,3548,,False
50,3553,,False
50,3571,,False
50,3582,,False
50,3584,,False
50,3594,,False
50,3609,,False
50,3615,,False
50,3621,,False
50,3628,,False
50,3647,,False
50,3648,,False
50,3653,,False
50,3656,,False
50,3678,,False
50,3681,,False
50,3685,,False
50,3688,,False
50,3689,,False
50,3691,,False
50,3697,,False
50,3698,,False
50,3703,,False
50,3704,,False
50,3716,,False
50,3719,,False
50,3728,,False
50,3729,,False
50,3736,,False
50,3746,,False
50,3750,,False
50,3762,,False
50,3777,,False
50,3787,,False
50,3793,,False
50,3804,,False
50,3814,,False
50,3822,,False
50,3825,,False
50,3831,,False
50,3841,,False
50,3842,,False
50,3866,,False
50,3875,,False
50,3877,,False
50,3890,,False
50,3894,,False
50,3898,,False
50,3909,,False
50,3916,,False
50,3919,,False
50,3924,,False
50,3947,,False
50,3949,,False
50,3957,,False
50,3970,,False
50,3980,,False
50,4004,,False
50,4015,,False
50,4018,,False
50,4023,,False
50,4029,,False
50,4030,,False
50,4034,,False
50,4037,,False
50,4040,,False
50,4053,,False
50,4084,,False
50,4103,,False
50,4116,,False
50,4128,,False
50,4130,,False
50,4134,,False
50,4140,,False
50,4145,,False
50,4156,,False
50,4174,,False
50,4190,,False
50,4200,,False
50,4212,,False
50,4215,,False
50,4224,,False
50,4231,,False
50,4233,,False
50,4240,,False
50,4242,,False
50,4252,,False
50,4269,,False
50,4271,,False
50,4273,,False
50,4285,,False
50,4286,,False
50,4290,,False
50,4299,,False
50,4305,,False
50,4306,,False
50,4309,,False
50,4316,,False
50,4318,,False
50,4335,,False
50,4347,,False
50,4349,,False
50,4358,,False
50,4372,,False
50,4377,,False
50,4394,,False
50,4395,,False
50,4401,,False
50,4404,,False
50,4408,,False
50,4409,,False
50,4417,,False
50,4422,,False
50,4424,,False
50,4435,,False
50,4439,,False
50,4450,,False
50,4460,,False
50,4478,,False
50,4485,,False
50,4488,,False
50,4489,,False
50,4494,,False
50,4501,,False
50,4528,,False
50,4530,,False
50,4539,,False
50,4547,,False
50,4551,,False
50,4557,,False
50,4558,,False
50,4559,,False
50,4568,,False
50,4575,,False
50,4577,,False
50,4578,,False
50,4581,,False
50,4597,,False
50,4600,,False
50,4619,,False
50,4630,,False
50,4635,,False
50,4638,,False
50,4640,,False
50,4654,,False
50,4658,,False
50,4661,,False
50,4665,,False
50,4673,,False
50,4674,,False
50,4676,,False
50,4684,,False
50,4688,,False
50,4693,,False
50,4710,,False
50,4719,,False
50,4721,,False
50,4725,,False
50,4736,,False
50,4754,,False
50,4759,,False
50,4777,,False
50,4784,,False
50,4788,,False
50,4793,,False
50,4795,,False
50,4799,,False
50,4801,,False
50,4810,,False
50,4815,,False
50,4817,,False
50,4829,,False
50,4837,,False
50,4842,,False
50,4849,,False
50,4850,,False
50,4853,,False
50,4855,,False
50,4860,,False
50,4863,,False
50,4876,,False
50,4887,,False
50,4893,,False
50,4903,,False
50,4910,,False
50,4912,,False
50,4915,,False
50,4916,,False
50,4922,,False
50,4935,,False
50,4957,,False
50,4964,,False
50,4966,,False
50,4971,,False
50,4975,,False
50,4983,,False
50,4995,,False
50,4996,,False
50,4997,,False
50,5010,,False
50,5013,,False
50,5014,,False
50,5017,,False
50,5020,,False
50,5028,,False
50,5057,,False
50,5063,,False
50,5073,,False
50,5075,,False
50,5091,,False
50,5121,,False
50,5143,,False
50,5150,,False
50,5176,,False
50,5177,,False
50,5183,,False
50,5185,,False
50,5192,,False
50,5195,,False
50,5197,,False
50,5198,,False
50,5199,,False
50,5201,,False
50,5216,,False
50,5222,,False
50,5234,,False
50,5239,,False
50,5246,,False
50,5249,,False
50,5260,,False
50,5287,,False
50,5291,,False
50,5297,,False
50,5304,,False
50,5322,,False
50,5324,,False
50,5328,,False
50,5330,,False
50,5334,,False
50,5340,,False
50,5342,,False
50,5344,,False
50,5346,,False
50,5358,,False
50,5361,,False
50,5374,,False
50,5385,,False
50,5394,,False
50,5400,,False
50,5406,,False
50,5410,,False
50,5420,,False
50,5422,,False
50,5423,,False
50,5429,,False
50,5435,,False
50,5444,,False
50,5461,,False
50,5475,,False
50,5490,,False
50,5508,,False
50,5515,,False
50,5529,,False
50,5537,,False
50,5542,,False
50,5550,,False
50,5553,,False
50,5556,,False
50,5572,,False
50,5577,,False
50,5582,,False
50,5586,,False
50,5588,,False
50,5589,,False
50,5598,,False
50,5602,,False
50,5609,,False
50,5612,,False
50,5614,,False
50,5615,,False
50,5621,,False
50,5624,,False
50,5629,,False
50,5634,,False
50,5650,,False
50,5675,,False
50,5687,,False
50,5694,,False
50,5695,,False
50,5712,,False
50,5723,,False
50,5726,,False
50,5750,,False
50,5753,,False
50,5754,,False
50,5758,,False
50,5774,,False
50,5775,,False
50,5786,,False
50,5794,,False
50,5795,,False
50,5800,,False
50,5803,,False
50,5807,,False
50,5810,,False
50,5825,,False
50,5828,,False
50,5840,,False
50,5847,,False
50,5876,,False
50,5906,,False
50,5907,,False
50,5916,,False
50,5921,,False
50,5924,,False
50,5928,,False
50,5952,,False
50,5989,,False
50,6007,,False
50,6013,,False
50,6038,,False
50,6049,,False
50,6054,,False
50,6056,,False
50,6061,,False
50,6065,,False
50,6086,,False
50,6088,,False
50,6111,,False
50,6119,,False
50,6141,,False
50,6147,,False
50,6161,,False
50,6192,,False
50,6206,,False
50,6208,,False
50,6219,,False
50,6223,,False
50,6225,,False
50,6230,,False
50,6240,,False
50,6259,,False
50,6268,,False
50,6282,,False
50,6283,,False
50,6292,,False
50,6300,,False
50,6325,,False
50,6343,,False
50,6353,,False
50,6367,,False
50,6374,,False
50,6377,,False
50,6378,,False
50,6380,,False
50,6386,,False
50,6394,,False
50,6405,,False
50,6417,,False
50,6422,,False
50,6426,,False
50,6430,,False
50,6432,,False
50,6438,,False
50,6439,,False
50,6445,,False
50,6448,,False
50,6449,,False
50,6455,,False
50,6456,,False
50,6472,,False
50,6474,,False
50,6476,,False
50,6478,,False
50,6480,,False
50,6484,,False
50,6494,,False
50,6495,,False
50,6508,,False
50,6511,,False
50,6514,,False
50,6520,,False
50,6524,,False
50,6529,,False
50,6530,,False
50,6566,,False
50,6571,,False
50,6587,,False
50,6590,,False
50,6597,,False
50,6603,,False
50,6621,,False
50,6628,,False
50,6632,,False
50,6641,,False
50,6644,,False
50,6663,,False
50,6667,,False
50,6669,,False
50,6670,,False
50,6673,,False
50,6683,,False
50,6693,,False
50,6700,,False
50,6705,,False
50,6710,,False
50,6711,,False
50,6719,,False
50,6732,,False
50,6733,,False
50,6744,,False
50,6750,,False
50,6773,,False
50,6777,,False
50,6783,,False
50,6802,,False
50,6809,,False
50,6817,,False
50,6820,,False
50,6828,,False
50,6836,,False
50,6840,,False
50,6844,,False
50,6850,,False
50,6858,,False
50,6879,,False
50,6895,,False
50,6900,,False
50,6906,,False
50,6908,,False
50,6917,,False
50,6923,,False
50,6931,,False
50,6932,,False
50,6942,,False
50,6944,,False
50,6946,,False
50,6953,,False
50,6958,,False
50,6961,,False
50,6978,,False
50,6985,,False
50,6993,,False
50,7006,,False
50,7010,,False
50,7048,,False
50,7058,,False
50,7059,,False
50,7065,,False
50,7080,,False
50,7087,,False
50,7093,,False
50,7094,,False
50,7102,,False
50,7103,,False
50,7106,,False
50,7111,,False
50,7114,,False
50,7121,,False
50,7135,,False
50,7137,,False
50,7151,,False
50,7154,,False
50,7163,,False
50,7169,,False
50,7186,,False
50,7193,,False
50,7200,,False
50,7211,,False
50,7212,,False
50,7220,,False
50,7221,,False
50,7223,,False
50,7224,,False
50,7226,,False
50,7257,,False
50,7266,,False
50,7268,,False
50,7271,,False
50,7280,,False
50,7292,,False
50,7299,,False
50,7305,,False
50,7319,,False
50,7321,,False
50,7322,,False
50,7325,,False
50,7329,,False
50,7331,,False
50,7340,,False
50,7358,,False
50,7364,,False
50,7380,,False
50,7387,,False
50,7391,,False
50,7393,,False
50,7404,,False
50,7413,,False
50,7415,,False
50,7416,,False
50,7417,,False
50,7419,,False
50,7421,,False
50,7436,,False
50,7440,,False
50,7443,,False
50,7446,,False
50,7450,,False
50,7486,,False
50,7499,,False
50,7500,,False
50,7505,,False
50,7509,,False
50,7554,,False
50,7573,,False
50,7575,,False
50,7581,,False
50,7591,,False
50,7596,,False
50,7598,,False
50,7612,,False
50,7615,,False
50,7631,,False
50,7634,,False
50,7642,,False
50,7650,,False
50,7664,,False
50,7667,,False
50,7676,,False
50,7682,,False
50,7691,,False
50,7710,,False
50,7722,,False
50,7725,,False
50,7732,,False
50,7736,,False
50,7738,,False
50,7739,,False
50,7751,,False
50,7752,,False
50,7753,,False
50,7768,,False
50,7803,,False
50,7814,,False
50,7819,,False
50,7836,,False
50,7874,,False
50,7877,,False
50,7879,,False
50,7882,,False
50,7891,,False
50,7897,,False
50,7900,,False
50,7905,,False
50,7908,,False
50,7919,,False
50,7935,,False
50,7944,,False
50,7946,,False
50,7960,,False
50,7961,,False
50,7968,,False
50,7971,,False
50,7973,,False
50,7975,,False
50,7978,,False
50,7983,,False
50,8000,,False
50,8007,,False
50,8012,,False
50,8017,,False
50,8029,,False
50,8052,,False
50,8056,,False
50,8058,,False
50,8060,,False
50,8061,,False
50,8065,,False
50,8070,,False
50,8084,,False
50,8103,,False
50,8104,,False
50,8106,,False
50,8108,,False
50,8111,,False
50,8115,,False
50,8117,,False
50,8121,,False
50,8123,,False
50,8128,,False
50,8131,,False
50,8138,,False
50,8141,,False
50,8142,,False
50,8144,,False
50,8160,,False
50,8165,,False
50,8171,,False
50,8204,,False
50,8210,,False
50,8212,,False
50,8217,,False
50,8220,,False
50,8222,,False
50,8235,,False
50,8236,,False
50,8257,,False
50,8272,,False
50,8277,,False
50,8291,,False
50,8295,,False
50,8298,,False
50,8299,,False
50,8333,,False
50,8343,,False
50,8346,,False
50,8354,,False
50,8357,,False
50,8363,,False
50,8390,,False
50,8416,,False
50,8417,,False
50,8448,,False
50,8455,,False
50,8462,,False
50,8467,,False
50,8472,,False
50,8476,,False
50,8479,,False
50,8483,,False
50,8486,,False
50,8490,,False
50,8494,,False
50,8496,,False
50,8503,,False
50,8523,,False
50,8558,,False
50,8565,,False
50,8580,,False
50,8619,,False
50,8621,,False
50,8651,,False
50,8668,,False
50,8669,,False
50,8679,,False
50,8681,,False
50,8684,,False
50,8691,,False
50,8697,,False
50,8703,,False
50,8706,,False
50,8707,,False
50,8714,,False
50,8724,,False
50,8750,,False
50,8755,,False
50,8756,,False
50,8766,,False
50,8771,,False
50,8785,,False
50,8786,,False
50,8799,,False
50,8806,,False
50,8824,,False
50,8834,,False
50,8836,,False
50,8840,,False
50,8841,,False
50,8845,,False
50,8873,,False
50,8887,,False
50,8901,,False
50,8902,,False
50,8905,,False
50,8917,,False
50,8919,,False
50,8920,,False
50,8934,,False
50,8944,,False
50,8948,,False
50,8951,,False
50,8955,,False
50,8962,,False
50,8966,,False
50,8972,,False
50,8977,,False
50,8987,,False
50,8995,,False
50,9018,,False
50,9021,,False
50,9042,,False
50,9046,,False
50,9058,,False
50,9060,,False
50,9070,,False
50,9076,,False
50,9082,,False
50,9090,,False
50,9098,,False
50,9100,,False
50,9103,,False
50,9112,,False
50,9117,,False
50,9118,,False
50,9120,,False
50,9123,,False
50,9132,,False
50,9133,,False
50,9144,,False
50,9146,,False
50,9150,,False
50,9152,,False
50,9153,,False
50,9154,,False
50,9157,,False
50,9162,,False
50,9164,,False
50,9175,,False
50,9183,,False
50,9187,,False
50,9191,,False
50,9196,,False
50,9206,,False
50,9209,,False
50,9219,,False
50,9242,,False
50,9249,,False
50,9251,,False
50,9253,,False
50,9256,,False
50,9268,,False
50,9274,,False
50,9283,,False
50,9287,,False
50,9294,,False
50,9297,,False
50,9300,,False
50,9320,,False
50,9322,,False
50,9324,,False
50,9338,,False
50,9350,,False
50,9351,,False
50,9361,,False
50,9362,,False
50,9374,,False
50,9378,,False
50,9387,,False
50,9389,,False
50,9393,,False
50,9398,,False
50,9404,,False
50,9430,,False
50,9446,,False
50,9459,,False
50,9463,,False
50,9464,,False
50,9470,,False
50,9495,,False
50,9511,,False
50,9516,,False
50,9517,,False
50,9519,,False
50,9523,,False
50,9526,,False
50,9563,,False
50,9565,,False
50,9588,,False
50,9598,,False
50,9604,,False
50,9621,,False
50,9632,,False
50,9643,,False
50,9646,,False
50,9651,,False
50,9660,,False
50,9668,,False
50,9687,,False
50,9695,,False
50,9716,,False
50,9744,,False
50,9754,,False
50,9756,,False
50,9770,,False
50,9775,,False
50,9798,,False
50,9799,,False
50,9807,,False
50,9818,,False
50,9823,,False
50,9827,,False
50,9831,,False
50,9839,,False
50,9842,,False
50,9867,,False
50,9870,,False
50,9878,,False
50,9897,,False
50,9922,,False
50,9935,,False
50,9939,,False
50,9949,,False
50,9951,,False
50,9967,,False
50,9969,,False
50,9980,,False
50,9985,,False
50,10002,,False
50,10016,,False
50,10018,,False
50,10024,,False
50,10029,,False
50,10030,,False
50,10033,,False
50,10036,,False
50,10049,,False
50,10067,,False
50,10073,,False
50,10080,,False
50,10085,,False
50,10087,,False
50,10095,,False
50,10096,,False
50,10099,,False
50,10100,,False
50,10102,,False
50,10110,,False
50,10116,,False
50,10119,,False
50,10121,,False
50,10123,,False
50,10130,,False
50,10153,,False
50,10161,,False
50,10190,,False
50,10194,,False
50,10196,,False
50,10209,,False
50,10210,,False
50,10237,,False
50,10243,,False
50,10244,,False
50,10255,,False
50,10263,,False
50,10268,,False
50,10278,,False
50,10281,,False
50,10297,,False
50,10301,,False
50,10310,,False
50,10316,,False
50,10320,,False
50,10323,,False
50,10329,,False
50,10334,,False
50,10341,,False
50,10342,,False
50,10347,,False
50,10364,,False
50,10378,,False
50,10380,,False
50,10383,,False
50,10389,,False
50,10390,,False
50,10392,,False
50,10397,,False
50,10398,,False
50,10416,,False
50,10424,,False
50,10435,,False
50,10438,,False
50,10440,,False
50,10445,,False
50,10447,,False
50,10499,,False
50,10507,,False
50,10515,,False
50,10521,,False
50,10524,,False
50,10543,,False
50,10567,,False
50,10568,,False
50,10588,,False
50,10596,,False
50,10597,,False
50,10603,,False
50,10627,,False
50,10644,,False
50,10665,,False
50,10666,,False
50,10674,,False
50,10695,,False
50,10698,,False
50,10732,,False
50,10757,,False
50,10761,,False
50,10768,,False
50,10783,,False
50,10790,,False
50,10807,,False
50,10810,,False
50,10812,,False
50,10813,,False
50,10818,,False
50,10819,,False
50,10829,,False
50,10853,,False
50,10863,,False
50,10865,,False
50,10870,,False
50,10883,,False
50,10884,,False
50,10889,,False
50,10896,,False
50,10904,,False
50,10907,,False
50,10912,,False
50,10914,,False
50,10918,,False
50,10927,,False
50,10931,,False
50,10934,,False
50,10941,,False
50,10971,,False
50,10975,,False
50,10986,,False
50,10992,,False
50,10998,,False
50,11002,,False
50,11005,,False
50,11007,,False
50,11012,,False
50,11021,,False
50,11024,,False
50,11026,,False
50,11062,,False
50,11074,,False
50,11080,,False
50,11092,,False
50,11121,,False
50,11126,,False
50,11135,,False
50,11139,,False
50,11143,,False
50,11149,,False
50,11150,,False
50,11152,,False
50,11160,,False
50,11167,,False
50,11186,,False
50,11197,,False
50,11214,,False
50,11230,,False
50,11236,,False
50,11243,,False
50,11244,,False
50,11251,,False
50,11262,,False
50,11278,,False
50,11287,,False
50,11293,,False
50,11315,,False
50,11336,,False
50,11349,,False
50,11360,,False
50,11367,,False
50,11376,,False
50,11400,,False
50,11415,,False
50,11424,,False
50,11425,,False
50,11428,,False
50,11432,,False
50,11434,,False
50,11439,,False
50,11444,,False
50,11446,,False
50,11449,,False
50,11461,,False
50,11468,,False
50,11479,,False
50,11482,,False
50,11484,,False
50,11499,,False
50,11506,,False
50,11513,,False
50,11520,,False
50,11541,,False
50,11571,,False
50,11581,,False
50,11582,,False
50,11583,,False
50,11595,,False
50,11600,,False
50,11607,,False
50,11617,,False
50,11625,,False
50,11629,,False
50,11648,,False
50,11657,,False
50,11670,,False
50,11672,,False
50,11676,,False
50,11679,,False
50,11686,,False
50,11688,,False
50,11693,,False
50,11699,,False
50,11705,,False
50,11716,,False
50,11729,,False
50,11731,,False
50,11744,,False
50,11756,,False
50,11762,,False
50,11772,,False
50,11780,,False
50,11799,,False
50,11818,,False
50,11825,,False
50,11836,,False
50,11838,,False
50,11846,,False
50,11854,,False
50,11858,,False
50,11864,,False
50,11880,,False
50,11895,,False
50,11911,,False
50,11923,,False
50,11934,,False
50,11948,,False
50,11950,,False
50,11953,,False
50,11963,,False
50,11977,,False
50,12003,,False
50,12006,,False
50,12016,,False
50,12018,,False
50,12030,,False
50,12035,,False
50,12059,,False
50,12064,,False
50,12086,,False
50,12108,,False
50,12110,,False
50,12122,,False
50,12128,,False
50,12129,,False
50,12131,,False
50,12137,,False
50,12138,,False
50,12140,,False
50,12143,,False
50,12148,,False
50,12159,,False
50,12162,,False
50,12170,,False
50,12176,,False
50,12188,,False
50,12202,,False
50,12208,,False
50,12213,,False
50,12239,,False
50,12245,,False
50,12250,,False
50,12260,,False
50,12264,,False
50,12267,,False
50,12269,,False
50,12286,,False
50,12290,,False
50,12295,,False
50,12297,,False
50,12301,,False
50,12306,,False
50,12308,,False
50,12310,,False
50,12315,,False
50,12363,,False
50,12368,,False
50,12370,,False
50,12379,,False
50,12386,,False
50,12397,,False
50,12401,,False
50,12412,,False
50,12420,,False
50,12430,,False
50,12443,,False
50,12450,,False
50,12466,,False
50,12486,,False
50,12494,,False
50,12496,,False
50,12502,,False
50,12504,,False
50,12515,,False
50,12519,,False
50,12554,,False
50,12571,,False
50,12584,,False
50,12589,,False
50,12591,,False
50,12608,,False
50,12610,,False
50,12612,,False
50,12622,,False
50,12627,,False
50,12628,,False
50,12636,,False
50,12653,,False
50,12664,,False
50,12668,,False
50,12683,,False
50,12687,,False
50,12693,,False
50,12700,,False
50,12702,,False
50,12724,,False
50,12731,,False
50,12734,,False
50,12738,,False
50,12748,,False
50,12753,,False
50,12765,,False
50,12766,,False
50,12769,,False
50,12791,,False
50,12800,,False
50,12808,,False
50,12815,,False
50,12818,,False
50,12828,,False
50,12829,,False
50,12840,,False
50,12855,,False
50,12859,,False
50,12873,,False
50,12875,,False
50,12882,,False
50,12890,,False
50,12905,,False
50,12915,,False
50,12921,,False
50,12926,,False
50,12930,,False
50,12939,,False
50,12947,,False
50,12949,,False
50,12955,,False
50,12958,,False
50,12988,,False
50,13012,,False
50,13034,,False
50,13045,,False
50,13049,,False
50,13055,,False
50,13058,,False
50,13061,,False
50,13091,,False
50,13101,,False
50,13128,,False
50,13129,,False
50,13134,,False
50,13148,,False
50,13151,,False
50,13184,,False
50,13187,,False
50,13197,,False
50,13199,,False
50,13227,,False
50,13245,,False
50,13255,,False
50,13269,,False
50,13278,,False
50,13285,,False
50,13301,,False
50,13314,,False
50,13376,,False
50,13384,,False
50,13391,,False
50,13394,,False
50,13396,,False
50,13400,,False
50,13402,,False
50,13407,,False
50,13434,,False
50,13435,,False
50,13437,,False
50,13441,,False
50,13455,,False
50,13467,,False
50,13468,,False
50,13475,,False
50,13486,,False
50,13489,,False
50,13492,,False
50,13499,,False
50,13515,,False
50,13522,,False
50,13525,,False
50,13526,,False
50,13527,,False
50,13538,,False
50,13556,,False
50,13566,,False
50,13571,,False
50,13573,,False
50,13607,,False
50,13613,,False
50,13620,,False
50,13635,,False
50,13666,,False
50,13669,,False
50,13680,,False
50,13697,,False
50,13702,,False
50,13707,,False
50,13710,,False
50,13729,,False
50,13745,,False
50,13783,,False
50,13789,,False
50,13802,,False
50,13825,,False
50,13829,,False
50,13856,,False
50,13858,,False
50,13865,,False
50,13869,,False
50,13871,,False
50,13875,,False
50,13921,,False
50,13925,,False
50,13932,,False
50,13935,,False
50,13937,,False
50,13945,,False
50,13957,,False
50,13969,,False
50,13971,,False
50,13982,,False
50,13983,,False
50,13991,,False
50,13999,,False
50,14009,,False
50,14013,,False
50,14016,,False
50,14019,,False
50,14033,,False
50,14038,,False
50,14039,,False
50,14053,,False
50,14074,,False
50,14090,,False
50,14109,,False
50,14111,,False
50,14135,,False
50,14142,,False
50,14158,,False
50,14172,,False
50,14176,,False
50,14179,,False
50,14188,,False
50,14189,,False
50,14200,,False
50,14201,,False
50,14203,,False
50,14207,,False
50,14240,,False
50,14254,,False
50,14272,,False
50,14280,,False
50,14300,,False
50,14311,,False
50,14313,,False
50,14325,,False
50,14328,,False
50,14333,,False
50,14335,,False
50,14348,,False
50,14359,,False
50,14367,,False
50,14403,,False
50,14406,,False
50,14409,,False
50,14424,,False
50,14428,,False
50,14430,,False
50,14449,,False
50,14450,,False
50,14453,,False
50,14462,,False
50,14467,,False
50,14469,,False
50,14470,,False
50,14487,,False
50,14494,,False
50,14498,,False
50,14525,,False
50,14531,,False
50,14544,,False
50,14557,,False
50,14561,,False
50,14563,,False
50,14567,,False
50,14570,,False
50,14574,,False
50,14575,,False
50,14582,,False
50,14607,,False
50,14609,,False
50,14614,,False
50,14615,,False
50,14617,,False
50,14660,,False
50,14661,,False
50,14674,,False
50,14678,,False
50,14680,,False
50,14683,,False
50,14698,,False
50,14712,,False
50,14715,,False
50,14717,,False
50,14718,,False
50,14732,,False
50,14736,,False
50,14738,,False
50,14739,,False
50,14742,,False
50,14744,,False
50,14751,,False
50,14756,,False
50,14763,,False
50,14776,,False
50,14789,,False
50,14816,,False
50,14829,,False
50,14847,,False
50,14852,,False
50,14858,,False
50,14859,,False
50,14863,,False
50,14867,,False
50,14875,,False
50,14907,,False
50,14914,,False
50,14923,,False
50,14928,,False
50,14938,,False
50,14944,,False
50,14950,,False
50,14957,,False
50,14964,,False
50,14974,,False
50,14999,,False
50,15009,,False
50,15013,,False
50,15017,,False
50,15023,,False
50,15036,,False
50,15049,,False
50,15054,,False
50,15066,,False
50,15080,,False
50,15097,,False
50,15104,,False
50,15105,,False
50,15108,,False
50,15116,,False
50,15128,,False
50,15137,,False
50,15157,,False
50,15159,,False
50,15160,,False
50,15164,,False
50,15166,,False
50,15191,,False
50,15192,,False
50,15198,,False
50,15200,,False
50,15202,,False
50,15206,,False
50,15219,,False
50,15221,,False
50,15226,,False
50,15233,,False
50,15236,,False
50,15245,,False
50,15254,,False
50,15271,,False
50,15294,,False
50,15311,,False
50,15329,,False
50,15334,,False
50,15342,,False
50,15351,,False
50,15355,,False
50,15358,,False
50,15366,,False
50,15369,,False
50,15371,,False
50,15405,,False
50,15407,,False
50,15413,,False
50,15416,,False
50,15421,,False
50,15430,,False
50,15465,,False
50,15468,,False
50,15479,,False
50,15483,,False
50,15484,,False
50,15494,,False
50,15497,,False
50,15507,,False
50,15529,,False
50,15543,,False
50,15545,,False
50,15554,,False
50,15557,,False
50,15562,,False
50,15567,,False
50,15569,,False
50,15583,,False
50,15584,,False
50,15588,,False
50,15615,,False
50,15635,,False
50,15641,,False
50,15644,,False
50,15645,,False
50,15656,,False
50,15660,,False
50,15663,,False
50,15674,,False
50,15677,,False
50,15684,,False
50,15700,,False
50,15702,,False
50,15704,,False
50,15706,,False
50,15707,,False
50,15714,,False
50,15716,,False
50,15730,,False
50,15733,,False
50,15735,,False
50,15736,,False
50,15743,,False
50,15746,,False
50,15763,,False
50,15766,,False
50,15768,,False
50,15775,,False
50,15783,,False
50,15806,,False
50,15809,,False
50,15813,,False
50,15814,,False
50,15820,,False
50,15821,,False
50,15824,,False
50,15828,,False
50,15838,,False
50,15856,,False
50,15858,,False
50,15866,,False
50,15873,,False
50,15874,,False
50,15885,,False
50,15902,,False
50,15908,,False
50,15909,,False
50,15910,,False
50,15920,,False
50,15924,,False
50,15953,,False
50,15954,,False
50,15966,,False
50,15975,,False
50,15978,,False
50,15979,,False
50,15985,,False
50,15988,,False
50,15992,,False
50,16005,,False
50,16011,,False
50,16014,,False
50,16025,,False
50,16031,,False
50,16037,,False
50,16045,,False
50,16050,,False
50,16054,,False
50,16067,,False
50,16083,,False
50,16086,,False
50,16093,,False
50,16104,,False
50,16110,,False
50,16120,,False
50,16130,,False
50,16140,,False
50,16145,,False
50,16152,,False
50,16156,,False
50,16162,,False
50,16173,,False
50,16174,,False
50,16176,,False
50,16179,,False
50,16182,,False
50,16187,,False
50,16189,,False
50,16195,,False
50,16226,,False
50,16228,,False
50,16233,,False
50,16247,,False
50,16249,,False
50,16251,,False
50,16264,,False
50,16269,,False
50,16271,,False
50,16272,,False
50,16280,,False
50,16295,,False
50,16314,,False
50,16320,,False
50,16331,,False
50,16339,,False
50,16342,,False
50,16348,,False
50,16354,,False
50,16363,,False
50,16365,,False
50,16375,,False
50,16386,,False
50,16387,,False
50,16388,,False
50,16390,,False
50,16391,,False
50,16404,,False
50,16405,,False
50,16408,,False
50,16414,,False
50,16438,,False
50,16459,,False
50,16461,,False
50,16464,,False
50,16467,,False
50,16478,,False
50,16494,,False
50,16506,,False
50,16508,,False
50,16521,,False
50,16524,,False
50,16525,,False
50,16529,,False
50,16536,,False
50,16538,,False
50,16549,,False
50,16564,,False
50,16577,,False
50,16585,,False
50,16590,,False
50,16601,,False
50,16602,,False
50,16615,,False
50,16623,,False
50,16636,,False
50,16646,,False
50,16648,,False
50,16660,,False
50,16664,,False
50,16666,,False
50,16672,,False
50,16681,,False
50,16685,,False
50,16696,,False
50,16703,,False
50,16716,,False
50,16719,,False
50,16720,,False
50,16723,,False
50,16726,,False
50,16731,,False
50,16735,,False
50,16737,,False
50,16739,,False
50,16742,,False
50,16744,,False
50,16754,,False
50,16766,,False
50,16767,,False
50,16768,,False
50,16779,,False
50,16786,,False
50,16789,,False
50,16807,,False
50,16808,,False
50,16819,,False
50,16825,,False
50,16829,,False
50,16832,,False
50,16835,,False
50,16849,,False
50,16861,,False
50,16879,,False
50,16886,,False
50,16888,,False
50,16901,,False
50,16903,,False
50,16909,,False
50,16934,,False
50,16939,,False
50,16953,,False
50,16957,,False
50,16965,,False
50,16967,,False
50,16974,,False
50,16975,,False
50,16977,,False
50,16979,,False
50,16980,,False
50,16985,,False
50,16991,,False
50,16993,,False
50,16995,,False
50,16999,,False
50,17001,,False
50,17015,,False
50,17019,,False
50,17043,,False
50,17052,,False
50,17072,,False
50,17075,,False
50,17082,,False
50,17086,,False
50,17092,,False
50,17108,,False
50,17114,,False
50,17126,,False
50,17129,,False
50,17140,,False
50,17145,,False
50,17154,,False
50,17158,,False
50,17164,,False
50,17178,,False
50,17203,,False
50,17220,,False
50,17230,,False
50,17234,,False
50,17239,,False
50,17242,,False
50,17251,,False
50,17260,,False
50,17264,,False
50,17265,,False
50,17270,,False
50,17275,,False
50,17277,,False
50,17286,,False
50,17289,,False
50,17292,,False
50,17318,,False
50,17324,,False
50,17325,,False
50,17347,,False
50,17353,,False
50,17354,,False
50,17356,,False
50,17367,,False
50,17397,,False
50,17402,,False
50,17403,,False
50,17416,,False
50,17420,,False
50,17421,,False
50,17427,,False
50,17434,,False
50,17437,,False
50,17438,,False
50,17442,,False
50,17445,,False
50,17448,,False
50,17471,,False
50,17474,,False
50,17482,,False
50,17496,,False
50,17510,,False
50,17522,,False
50,17535,,False
50,17539,,False
50,17542,,False
50,17546,,False
50,17558,,False
50,17570,,False
50,17585,,False
50,17589,,False
50,17597,,False
50,17599,,False
50,17608,,False
50,17610,,False
50,17621,,False
50,17624,,False
50,17627,,False
50,17629,,False
50,17632,,False
50,17638,,False
50,17660,,False
50,17663,,False
50,17664,,False
50,17679,,False
50,17680,,False
50,17734,,False
50,17735,,False
50,17738,,False
50,17757,,False
50,17758,,False
50,17770,,False
50,17774,,False
50,17782,,False
50,17799,,False
50,17805,,False
50,17806,,False
50,17812,,False
50,17820,,False
50,17822,,False
50,17826,,False
50,17827,,False
50,17830,,False
50,17841,,False
50,17845,,False
50,17848,,False
50,17852,,False
50,17874,,False
50,17879,,False
50,17880,,False
50,17881,,False
50,17883,,False
50,17894,,False
50,17896,,False
50,17898,,False
50,17902,,False
50,17906,,False
50,17909,,False
50,17914,,False
50,17922,,False
50,17935,,False
50,17941,,False
50,17947,,False
50,17957,,False
50,17968,,False
50,17983,,False
50,17988,,False
50,17996,,False
50,18004,,False
50,18019,,False
50,18023,,False
50,18046,,False
50,18048,,False
50,18055,,False
50,18060,,False
50,18063,,False
50,18070,,False
50,18092,,False
50,18109,,False
50,18112,,False
50,18128,,False
50,18137,,False
50,18152,,False
50,18157,,False
50,18163,,False
50,18164,,False
50,18171,,False
50,18176,,False
50,18177,,False
50,18180,,False
50,18186,,False
50,18201,,False
50,18207,,False
50,18245,,False
50,18264,,False
50,18280,,False
50,18291,,False
50,18307,,False
50,18361,,False
50,18377,,False
50,18381,,False
50,18382,,False
50,18384,,False
50,18418,,False
50,18432,,False
50,18435,,False
50,18447,,False
50,18455,,False
50,18457,,False
50,18460,,False
50,18469,,False
50,18471,,False
50,18481,,False
50,18484,,False
50,18493,,False
50,18521,,False
50,18539,,False
50,18544,,False
50,18545,,False
50,18548,,False
50,18549,,False
50,18553,,False
50,18554,,False
50,18559,,False
50,18560,,False
50,18577,,False
50,18579,,False
50,18584,,False
50,18587,,False
50,18589,,False
50,18591,,False
50,18593,,False
50,18621,,False
50,18660,,False
50,18662,,False
50,18676,,False
50,18686,,False
50,18687,,False
50,18696,,False
50,18715,,False
50,18718,,False
50,18726,,False
50,18736,,False
50,18754,,False
50,18757,,False
50,18759,,False
50,18763,,False
50,18764,,False
50,18767,,False
50,18770,,False
50,18781,,False
50,18790,,False
50,18794,,False
50,18798,,False
50,18804,,False
50,18806,,False
50,18842,,False
50,18844,,False
50,18858,,False
50,18870,,False
50,18875,,False
50,18881,,False
50,18901,,False
50,18903,,False
50,18917,,False
50,18921,,False
50,18925,,False
50,18928,,False
50,18935,,False
50,18939,,False
50,18941,,False
50,18962,,False
50,18973,,False
50,18979,,False
50,18981,,False
50,18983,,False
50,18987,,False
50,18991,,False
50,18992,,False
50,19005,,False
50,19008,,False
50,19017,,False
50,19027,,False
50,19044,,False
50,19049,,False
50,19065,,False
50,19066,,False
50,19071,,False
50,19072,,False
50,19077,,False
50,19082,,False
50,19084,,False
50,19086,,False
50,19094,,False
50,19101,,False
50,19106,,False
50,19107,,False
50,19111,,False
50,19112,,False
50,19143,,False
50,19157,,False
50,19192,,False
50,19206,,False
50,19207,,False
50,19214,,False
50,19217,,False
50,19218,,False
50,19220,,False
50,19223,,False
50,19226,,False
50,19229,,False
50,19231,,False
50,19262,,False
50,19270,,False
50,19273,,False
50,19283,,False
50,19292,,False
50,19299,,False
50,19307,,False
50,19317,,False
50,19325,,False
50,19331,,False
50,19333,,False
50,19341,,False
50,19343,,False
50,19349,,False
50,19364,,False
50,19375,,False
50,19378,,False
50,19394,,False
50,19402,,False
50,19411,,False
50,19425,,False
50,19443,,False
50,19451,,False
50,19458,,False
50,19459,,False
50,19461,,False
50,19465,,False
50,19466,,False
50,19477,,False
50,19499,,False
50,19508,,False
50,19513,,False
50,19531,,False
50,19532,,False
50,19554,,False
50,19556,,False
50,19568,,False
50,19575,,False
50,19577,,False
50,19585,,False
50,19596,,False
50,19597,,False
50,19611,,False
50,19622,,False
50,19638,,False
50,19643,,False
50,19648,,False
50,19653,,False
50,19672,,False
50,19685,,False
50,19696,,False
50,19735,,False
50,19736,,False
50,19760,,False
50,19761,,False
50,19771,,False
50,19772,,False
50,19779,,False
50,19782,,False
50,19785,,False
50,19790,,False
50,19793,,False
50,19806,,False
50,19809,,False
50,19826,,False
50,19831,,False
50,19832,,False
50,19833,,False
50,19841,,False
50,19842,,False
50,19850,,False
50,19855,,False
50,19864,,False
50,19865,,False
50,19875,,False
50,19894,,False
50,19904,,False
50,19912,,False
50,19917,,False
50,19918,,False
50,19923,,False
50,19934,,False
50,19937,,False
50,19940,,False
50,19964,,False
50,19969,,False
50,19970,,False
50,19979,,False
50,19984,,False
50,19989,,False
50,19996,,False
50,19998,,False
50,20017,,False
50,20023,,False
50,20043,,False
50,20058,,False
50,20063,,False
50,20065,,False
50,20072,,False
50,20083,,False
50,20089,,False
50,20100,,False
50,20103,,False
50,20126,,False
50,20133,,False
50,20136,,False
50,20138,,False
50,20139,,False
50,20144,,False
50,20148,,False
50,20159,,False
50,20162,,False
50,20163,,False
50,20166,,False
50,20178,,False
50,20188,,False
50,20189,,False
50,20196,,False
50,20198,,False
50,20203,,False
50,20212,,False
50,20214,,False
50,20224,,False
50,20227,,False
50,20234,,False
50,20246,,False
50,20251,,False
50,20260,,False
50,20268,,False
50,20280,,False
50,20292,,False
50,20296,,False
50,20299,,False
50,20317,,False
50,20325,,False
50,20331,,False
50,20350,,False
50,20363,,False
50,20365,,False
50,20373,,False
50,20377,,False
50,20379,,False
50,20392,,False
50,20395,,False
50,20396,,False
50,20399,,False
50,20401,,False
50,20403,,False
50,20410,,False
50,20413,,False
50,20422,,False
50,20425,,False
50,20429,,False
50,20440,,False
50,20444,,False
50,20450,,False
50,20453,,False
50,20460,,False
50,20467,,False
50,20471,,False
50,20484,,False
50,20488,,False
50,20504,,False
50,20510,,False
50,20525,,False
50,20532,,False
50,20535,,False
50,20542,,False
50,20545,,False
50,20563,,False
50,20566,,False
50,20568,,False
50,20572,,False
50,20588,,False
50,20597,,False
50,20621,,False
50,20626,,False
50,20632,,False
50,20633,,False
50,20636,,False
50,20640,,False
50,20642,,False
50,20646,,False
50,20649,,False
50,20657,,False
50,20667,,False
50,20673,,False
50,20679,,False
50,20683,,False
50,20684,,False
50,20687,,False
50,20689,,False
50,20691,,False
50,20703,,False
50,20712,,False
50,20714,,False
50,20732,,False
50,20739,,False
50,20741,,False
50,20748,,False
50,20756,,False
50,20788,,False
50,20803,,False
50,20816,,False
50,20820,,False
50,20826,,False
50,20836,,False
50,20839,,False
50,20847,,False
50,20849,,False
50,20864,,False
50,20892,,False
50,20894,,False
50,20897,,False
50,20909,,False
50,20919,,False
50,20927,,False
50,20949,,False
50,20964,,False
50,20967,,False
50,20972,,False
50,20982,,False
50,20985,,False
50,20998,,False
50,21003,,False
50,21024,,False
50,21027,,False
50,21029,,False
50,21034,,False
50,21051,,False
50,21064,,False
50,21068,,False
50,21087,,False
50,21089,,False
50,21096,,False
50,21120,,False
50,21132,,False
50,21135,,False
50,21137,,False
50,21138,,False
50,21149,,False
50,21151,,False
50,21160,,False
50,21165,,False
50,21191,,False
50,21192,,False
50,21212,,False
50,21215,,False
50,21217,,False
50,21222,,False
50,21227,,False
50,21230,,False
50,21234,,False
50,21235,,False
50,21238,,False
50,21239,,False
50,21244,,False
50,21247,,False
50,21249,,False
50,21257,,False
50,21258,,False
50,21263,,False
50,21271,,False
50,21274,,False
50,21304,,False
50,21307,,False
50,21309,,False
50,21331,,False
50,21338,,False
50,21339,,False
50,21340,,False
50,21342,,False
50,21352,,False
50,21360,,False
50,21364,,False
50,21375,,False
50,21378,,False
50,21382,,False
50,21396,,False
50,21408,,False
50,21412,,False
50,21414,,False
50,21425,,False
50,21429,,False
50,21433,,False
50,21445,,False
50,21458,,False
50,21473,,False
50,21475,,False
50,21505,,False
50,21509,,False
50,21510,,False
50,21512,,False
50,21517,,False
50,21533,,False
50,21535,,False
50,21552,,False
50,21554,,False
50,21556,,False
50,21567,,False
50,21588,,False
50,21594,,False
50,21597,,False
50,21611,,False
50,21612,,False
50,21614,,False
50,21618,,False
50,21622,,False
50,21638,,False
50,21644,,False
50,21663,,False
50,21671,,False
50,21672,,False
50,21699,,False
50,21701,,False
50,21703,,False
50,21707,,False
50,21720,,False
50,21722,,False
50,21724,,False
50,21725,,False
50,21731,,False
50,21747,,False
50,21749,,False
50,21754,,False
50,21758,,False
50,21768,,False
50,21776,,False
50,21782,,False
50,21790,,False
50,21797,,False
50,21822,,False
50,21830,,False
50,21833,,False
50,21836,,False
50,21838,,False
50,21839,,False
50,21847,,False
50,21850,,False
50,21862,,False
50,21871,,False
50,21885,,False
50,21890,,False
50,21891,,False
50,21895,,False
50,21898,,False
50,21906,,False
50,21937,,False
50,21946,,False
50,21951,,False
50,21959,,False
50,21978,,False
50,21983,,False
50,21999,,False
50,22000,,False
50,22001,,False
50,22005,,False
50,22008,,False
50,22018,,False
50,22021,,False
50,22026,,False
50,22029,,False
50,22030,,False
50,22037,,False
50,22041,,False
50,22042,,False
50,22044,,False
50,22047,,False
50,22054,,False
50,22055,,False
50,22061,,False
50,22064,,False
50,22065,,False
50,22072,,False
50,22074,,False
50,22089,,False
50,22090,,False
50,22106,,False
50,22113,,False
50,22123,,False
50,22134,,False
50,22140,,False
50,22153,,False
50,22156,,False
50,22163,,False
50,22181,,False
50,22208,,False
50,22222,,False
50,22223,,False
50,22228,,False
50,22237,,False
50,22247,,False
50,22254,,False
50,22265,,False
50,22266,,False
50,22270,,False
50,22274,,False
50,22291,,False
50,22292,,False
50,22296,,False
50,22307,,False
50,22308,,False
50,22312,,False
50,22321,,False
50,22324,,False
50,22328,,False
50,22333,,False
50,22336,,False
50,22347,,False
50,22351,,False
50,22356,,False
50,22370,,False
50,22377,,False
50,22380,,False
50,22383,,False
50,22389,,False
50,22405,,False
50,22424,,False
50,22445,,False
50,22447,,False
50,22453,,False
50,22454,,False
50,22467,,False
50,22477,,False
50,22481,,False
50,22496,,False
50,22516,,False
50,22524,,False
50,22536,,False
50,22542,,False
50,22546,,False
50,22572,,False
50,22578,,False
50,22580,,False
50,22585,,False
50,22588,,False
50,22600,,False
50,22616,,False
50,22628,,False
50,22631,,False
50,22632,,False
50,22660,,False
50,22665,,False
50,22671,,False
50,22675,,False
50,22695,,False
50,22698,,False
50,22700,,False
50,22705,,False
50,22713,,False
50,22723,,False
50,22725,,False
50,22730,,False
50,22733,,False
50,22734,,False
50,22739,,False
50,22747,,False
50,22770,,False
50,22773,,False
50,22795,,False
50,22798,,False
50,22808,,False
50,22824,,False
50,22828,,False
50,22829,,False
50,22836,,False
50,22838,,False
50,22842,,False
50,22845,,False
50,22856,,False
50,22877,,False
50,22898,,False
50,22905,,False
50,22911,,False
50,22923,,False
50,22929,,False
50,22942,,False
50,22943,,False
50,22967,,False
50,22976,,False
50,22982,,False
50,22997,,False
50,23003,,False
50,23018,,False
50,23040,,False
50,23042,,False
50,23056,,False
50,23058,,False
50,23084,,False
50,23104,,False
50,23105,,False
50,23109,,False
50,23120,,False
50,23141,,False
50,23143,,False
50,23159,,False
50,23169,,False
50,23177,,False
50,23179,,False
50,23185,,False
50,23197,,False
50,23207,,False
50,23221,,False
50,23247,,False
50,23253,,False
50,23266,,False
50,23271,,False
50,23273,,False
50,23274,,False
50,23275,,False
50,23277,,False
50,23280,,False
50,23281,,False
50,23293,,False
50,23295,,False
50,23307,,False
50,23309,,False
50,23310,,False
50,23312,,False
50,23318,,False
50,23334,,False
50,23335,,False
50,23340,,False
50,23346,,False
50,23351,,False
50,23358,,False
50,23359,,False
50,23375,,False
50,23390,,False
50,23397,,False
50,23410,,False
50,23431,,False
50,23433,,False
50,23436,,False
50,23440,,False
50,23444,,False
50,23448,,False
50,23450,,False
50,23467,,False
50,23472,,False
50,23477,,False
50,23479,,False
50,23482,,False
50,23489,,False
50,23495,,False
50,23519,,False
50,23532,,False
50,23544,,False
50,23551,,False
50,23554,,False
50,23558,,False
50,23559,,False
50,23590,,False
50,23602,,False
50,23603,,False
50,23609,,False
50,23615,,False
50,23625,,False
50,23630,,False
50,23634,,False
50,23643,,False
50,23659,,False
50,23664,,False
50,23684,,False
50,23686,,False
50,23689,,False
50,23720,,False
50,23722,,False
50,23724,,False
50,23727,,False
50,23728,,False
50,23732,,False
50,23734,,False
50,23738,,False
50,23742,,False
50,23748,,False
50,23752,,False
50,23758,,False
50,23796,,False
50,23797,,False
50,23807,,False
50,23814,,False
50,23823,,False
50,23832,,False
50,23835,,False
50,23837,,False
50,23840,,False
50,23841,,False
50,23852,,False
50,23867,,False
50,23868,,False
50,23869,,False
50,23883,,False
50,23893,,False
50,23912,,False
50,23916,,False
50,23919,,False
50,23934,,False
50,23936,,False
50,23945,,False
50,23962,,False
50,23973,,False
50,23976,,False
50,23981,,False
50,23985,,False
50,23990,,False
50,23991,,False
50,23993,,False
50,24001,,False
50,24003,,False
50,24020,,False
50,24030,,False
50,24048,,False
50,24051,,False
50,24056,,False
50,24059,,False
50,24062,,False
50,24069,,False
50,24080,,False
50,24091,,False
50,24095,,False
50,24104,,False
50,24112,,False
50,24119,,False
50,24122,,False
50,24128,,False
50,24130,,False
50,24133,,False
50,24152,,False
50,24157,,False
50,24158,,False
50,24173,,False
50,24174,,False
50,24180,,False
50,24187,,False
50,24199,,False
50,24211,,False
50,24216,,False
50,24220,,False
50,24225,,False
50,24245,,False
50,24253,,False
50,24288,,False
50,24297,,False
50,24307,,False
50,24309,,False
50,24321,,False
50,24322,,False
50,24342,,False
50,24343,,False
50,24344,,False
50,24358,,False
50,24360,,False
50,24375,,False
50,24377,,False
50,24415,,False
50,24423,,False
50,24426,,False
50,24436,,False
50,24449,,False
50,24451,,False
50,24478,,False
50,24481,,False
50,24487,,False
50,24493,,False
50,24495,,False
50,24496,,False
50,24508,,False
50,24517,,False
50,24520,,False
50,24528,,False
50,24539,,False
50,24554,,False
50,24556,,False
50,24561,,False
50,24562,,False
50,24575,,False
50,24580,,False
50,24589,,False
50,24599,,False
50,24609,,False
50,24617,,False
50,24619,,False
50,24633,,False
50,24647,,False
50,24663,,False
50,24669,,False
50,24697,,False
50,24719,,False
50,24729,,False
50,24740,,False
50,24743,,False
50,24747,,False
50,24760,,False
50,24764,,False
50,24799,,False
50,24803,,False
50,24806,,False
50,24811,,False
50,24826,,False
50,24850,,False
50,24855,,False
50,24857,,False
50,24859,,False
50,24862,,False
50,24864,,False
50,24877,,False
50,24886,,False
50,24892,,False
50,24912,,False
50,24942,,False
50,24944,,False
50,24955,,False
50,24958,,False
50,24961,,False
50,24967,,False
50,24987,,False
50,25008,,False
50,25010,,False
50,25018,,False
50,25021,,False
50,25024,,False
50,25029,,False
50,25036,,False
50,25047,,False
50,25055,,False
50,25057,,False
50,25060,,False
50,25061,,False
50,25065,,False
50,25073,,False
50,25074,,False
50,25083,,False
50,25098,,False
50,25108,,False
50,25119,,False
50,25122,,False
50,25123,,False
50,25131,,False
50,25134,,False
50,25141,,False
50,25144,,False
50,25150,,False
50,25165,,False
50,25178,,False
50,25181,,False
50,25188,,False
50,25191,,False
50,25192,,False
50,25197,,False
50,25210,,False
50,25212,,False
50,25220,,False
50,25225,,False
50,25226,,False
50,25238,,False
50,25241,,False
50,25250,,False
50,25280,,False
50,25282,,False
50,25293,,False
50,25301,,False
50,25302,,False
50,25309,,False
50,25321,,False
50,25323,,False
50,25328,,False
50,25329,,False
50,25331,,False
50,25343,,False
50,25346,,False
50,25362,,False
50,25375,,False
50,25392,,False
50,25396,,False
50,25423,,False
50,25432,,False
50,25435,,False
50,25439,,False
50,25443,,False
50,25455,,False
50,25465,,False
50,25469,,False
50,25470,,False
50,25493,,False
50,25500,,False
50,25506,,False
50,25512,,False
50,25525,,False
50,25531,,False
50,25534,,False
50,25543,,False
50,25545,,False
50,25546,,False
50,25547,,False
50,25549,,False
50,25552,,False
50,25573,,False
50,25582,,False
50,25583,,False
50,25586,,False
50,25588,,False
50,25604,,False
50,25625,,False
50,25635,,False
50,25649,,False
50,25650,,False
50,25653,,False
50,25690,,False
50,25692,,False
50,25704,,False
50,25713,,False
50,25718,,False
50,25726,,False
50,25731,,False
50,25742,,False
50,25745,,False
50,25772,,False
50,25790,,False
50,25794,,False
50,25797,,False
50,25802,,False
50,25809,,False
50,25812,,False
50,25817,,False
50,25822,,False
50,25823,,False
50,25828,,False
50,25831,,False
50,25862,,False
50,25863,,False
50,25878,,False
50,25891,,False
50,25893,,False
50,25905,,False
50,25921,,False
50,25922,,False
50,25927,,False
50,25930,,False
50,25933,,False
50,25939,,False
50,25941,,False
50,25943,,False
50,25952,,False
50,25962,,False
50,25964,,False
50,25980,,False
50,25983,,False
50,26007,,False
50,26014,,False
50,26034,,False
50,26038,,False
50,26116,,False
50,26119,,False
50,26120,,False
50,26151,,False
50,26164,,False
50,26173,,False
50,26178,,False
50,26183,,False
50,26188,,False
50,26197,,False
50,26204,,False
50,26208,,False
50,26218,,False
50,26238,,False
50,26242,,False
50,26244,,False
50,26245,,False
50,26247,,False
50,26254,,False
50,26260,,False
50,26278,,False
50,26279,,False
50,26280,,False
50,26286,,False
50,26294,,False
50,26318,,False
50,26322,,False
50,26327,,False
50,26337,,False
50,26346,,False
50,26353,,False
50,26361,,False
50,26363,,False
50,26365,,False
50,26371,,False
50,26382,,False
50,26383,,False
50,26388,,False
50,26395,,False
50,26399,,False
50,26410,,False
50,26441,,False
50,26443,,False
50,26457,,False
50,26460,,False
50,26464,,False
50,26468,,False
50,26480,,False
50,26492,,False
50,26494,,False
50,26512,,False
50,26514,,False
50,26515,,False
50,26521,,False
50,26531,,False
50,26564,,False
50,26573,,False
50,26579,,False
50,26586,,False
50,26588,,False
50,26602,,False
50,26605,,False
50,26610,,False
50,26614,,False
50,26625,,False
50,26645,,False
50,26647,,False
50,26652,,False
50,26667,,False
50,26680,,False
50,26690,,False
50,26702,,False
50,26710,,False
50,26732,,False
50,26740,,False
50,26747,,False
50,26754,,False
50,26798,,False
50,26811,,False
50,26842,,False
50,26848,,False
50,26864,,False
50,26874,,False
50,26885,,False
50,26886,,False
50,26889,,False
50,26904,,False
50,26909,,False
50,26925,,False
50,26929,,False
50,26935,,False
50,26941,,False
50,26942,,False
50,26944,,False
50,26947,,False
50,26949,,False
50,26956,,False
50,26957,,False
50,26981,,False
50,27003,,False
50,27007,,False
50,27012,,False
50,27015,,False
50,27017,,False
50,27028,,False
50,27029,,False
50,27032,,False
50,27041,,False
50,27046,,False
50,27052,,False
50,27056,,False
50,27057,,False
50,27060,,False
50,27062,,False
50,27066,,False
50,27069,,False
50,27070,,False
50,27075,,False
50,27087,,False
50,27089,,False
50,27092,,False
50,27105,,False
50,27120,,False
50,27123,,False
50,27136,,False
50,27143,,False
50,27165,,False
50,27174,,False
50,27180,,False
50,27190,,False
50,27191,,False
50,27205,,False
50,27225,,False
50,27232,,False
50,27249,,False
50,27256,,False
50,27257,,False
50,27260,,False
50,27265,,False
50,27269,,False
50,27272,,False
50,27275,,False
50,27277,,False
50,27280,,False
50,27286,,False
50,27288,,False
50,27296,,False
50,27310,,False
50,27316,,False
50,27319,,False
50,27323,,False
50,27337,,False
50,27349,,False
50,27354,,False
50,27357,,False
50,27359,,False
50,27362,,False
50,27366,,False
50,27367,,False
50,27394,,False
50,27395,,False
50,27401,,False
50,27405,,False
50,27406,,False
50,27416,,False
50,27444,,False
50,27450,,False
50,27465,,False
50,27482,,False
50,27493,,False
50,27499,,False
50,27503,,False
50,27505,,False
50,27508,,False
50,27510,,False
50,27534,,False
50,27537,,False
50,27547,,False
50,27555,,False
50,27559,,False
50,27572,,False
50,27594,,False
50,27629,,False
50,27636,,False
50,27658,,False
50,27662,,False
50,27672,,False
50,27701,,False
50,27704,,False
50,27717,,False
50,27722,,False
50,27724,,False
50,27729,,False
50,27735,,False
50,27739,,False
50,27754,,False
50,27757,,False
50,27761,,False
50,27763,,False
50,27768,,False
50,27780,,False
50,27796,,False
50,27802,,False
50,27812,,False
50,27813,,False
50,27826,,False
50,27827,,False
50,27831,,False
50,27834,,False
50,27842,,False
50,27869,,False
50,27874,,False
50,27876,,False
50,27882,,False
50,27884,,False
50,27898,,False
50,27924,,False
50,27928,,False
50,27935,,False
50,27946,,False
50,27950,,False
50,27954,,False
50,27967,,False
50,27996,,False
50,27999,,False
50,28011,,False
50,28025,,False
50,28027,,False
50,28028,,False
50,28030,,False
50,28041,,False
50,28089,,False
50,28100,,False
50,28104,,False
50,28113,,False
50,28125,,False
50,28137,,False
50,28149,,False
50,28159,,False
50,28167,,False
50,28170,,False
50,28175,,False
50,28176,,False
50,28191,,False
50,28195,,False
50,28198,,False
50,28200,,False
50,28210,,False
50,28211,,False
50,28223,,False
50,28241,,False
50,28246,,False
50,28249,,False
50,28254,,False
50,28260,,False
50,28264,,False
50,28266,,False
50,28268,,False
50,28284,,False
50,28289,,False
50,28299,,False
50,28317,,False
50,28321,,False
50,28361,,False
50,28366,,False
50,28381,,False
50,28394,,False
50,28399,,False
50,28404,,False
50,28406,,False
50,28411,,False
50,28422,,False
50,28423,,False
50,28458,,False
50,28467,,False
50,28477,,False
50,28506,,False
50,28510,,False
50,28526,,False
50,28531,,False
50,28551,,False
50,28553,,False
50,28558,,False
50,28564,,False
50,28571,,False
50,28572,,False
50,28579,,False
50,28582,,False
50,28587,,False
50,28597,,False
50,28599,,False
50,28610,,False
50,28613,,False
50,28614,,False
50,28618,,False
50,28621,,False
50,28622,,False
50,28630,,False
50,28635,,False
50,28643,,False
50,28645,,False
50,28648,,False
50,28652,,False
50,28668,,False
50,28677,,False
50,28684,,False
50,28694,,False
50,28696,,False
50,28709,,False
50,28714,,False
50,28722,,False
50,28727,,False
50,28728,,False
50,28731,,False
50,28736,,False
50,28749,,False
50,28752,,False
50,28762,,False
50,28766,,False
50,28775,,False
50,28784,,False
50,28785,,False
50,28788,,False
50,28791,,False
50,28797,,False
50,28801,,False
50,28809,,False
50,28818,,False
50,28819,,False
50,28822,,False
50,28824,,False
50,28826,,False
50,28831,,False
50,28845,,False
50,28849,,False
50,28872,,False
50,28873,,False
50,28908,,False
50,28928,,False
50,28932,,False
50,28951,,False
50,28957,,False
50,28965,,False
50,28969,,False
50,28971,,False
50,28974,,False
50,28983,,False
50,28987,,False
50,28990,,False
50,28994,,False
50,29006,,False
50,29010,,False
50,29012,,False
50,29016,,False
50,29021,,False
50,29028,,False
50,29030,,False
50,29031,,False
50,29039,,False
50,29053,,False
50,29055,,False
50,29062,,False
50,29079,,False
50,29093,,False
50,29107,,False
50,29115,,False
50,29117,,False
50,29119,,False
50,29123,,False
50,29125,,False
50,29126,,False
50,29130,,False
50,29134,,False
50,29138,,False
50,29139,,False
50,29146,,False
50,29152,,False
50,29160,,False
50,29161,,False
50,29163,,False
50,29166,,False
50,29177,,False
50,29181,,False
50,29185,,False
50,29195,,False
50,29197,,False
50,29215,,False
50,29230,,False
50,29246,,False
50,29248,,False
50,29262,,False
50,29283,,False
50,29285,,False
50,29288,,False
50,29296,,False
50,29298,,False
50,29310,,False
50,29312,,False
50,29314,,False
50,29335,,False
50,29336,,False
50,29349,,False
50,29389,,False
50,29405,,False
50,29407,,False
50,29415,,False
50,29426,,False
50,29441,,False
50,29443,,False
50,29450,,False
50,29453,,False
50,29454,,False
50,29468,,False
50,29469,,False
50,29477,,False
50,29485,,False
50,29491,,False
50,29500,,False
50,29507,,False
50,29511,,False
50,29527,,False
50,29530,,False
50,29534,,False
50,29565,,False
50,29569,,False
50,29570,,False
50,29592,,False
50,29594,,False
50,29597,,False
50,29608,,False
50,29609,,False
50,29626,,False
50,29640,,False
50,29648,,False
50,29697,,False
50,29701,,False
50,29707,,False
50,29710,,False
50,29729,,False
50,29759,,False
50,29761,,False
50,29771,,False
50,29781,,False
50,29786,,False
50,29792,,False
50,29809,,False
50,29826,,False
50,29832,,False
50,29835,,False
50,29842,,False
50,29872,,False
50,29881,,False
50,29891,,False
50,29906,,False
50,29915,,False
50,29935,,False
50,29936,,False
50,29952,,False
50,29963,,False
50,29969,,False
50,29986,,False
50,29989,,False
50,29993,,False
50,30019,,False
50,30020,,False
50,30029,,False
50,30031,,False
50,30038,,False
50,30050,,False
50,30053,,False
50,30067,,False
50,30080,,False
50,30099,,False
50,30106,,False
50,30120,,False
50,30126,,False
50,30129,,False
50,30152,,False
50,30159,,False
50,30167,,False
50,30170,,False
50,30174,,False
50,30187,,False
50,30192,,False
50,30197,,False
50,30213,,False
50,30216,,False
50,30227,,False
50,30236,,False
50,30241,,False
50,30253,,False
50,30255,,False
50,30258,,False
50,30260,,False
50,30279,,False
50,30283,,False
50,30287,,False
50,30292,,False
50,30299,,False
50,30302,,False
50,30304,,False
50,30309,,False
50,30319,,False
50,30326,,False
50,30335,,False
50,30339,,False
50,30342,,False
50,30346,,False
50,30348,,False
50,30356,,False
50,30366,,False
50,30371,,False
50,30385,,False
50,30387,,False
50,30394,,False
50,30395,,False
50,30398,,False
50,30414,,False
50,30420,,False
50,30425,,False
50,30426,,False
50,30431,,False
50,30433,,False
50,30438,,False
50,30446,,False
50,30448,,False
50,30451,,False
50,30453,,False
50,30472,,False
50,30486,,False
50,30490,,False
50,30494,,False
50,30497,,False
50,30517,,False
50,30518,,False
50,30528,,False
50,30530,,False
50,30543,,False
50,30552,,False
50,30564,,False
50,30582,,False
50,30593,,False
50,30604,,False
50,30605,,False
50,30610,,False
50,30627,,False
50,30628,,False
50,30639,,False
50,30646,,False
50,30649,,False
50,30669,,False
50,30681,,False
50,30695,,False
50,30707,,False
50,30711,,False
50,30728,,False
50,30729,,False
50,30746,,False
50,30749,,False
50,30751,,False
50,30761,,False
50,30762,,False
50,30765,,False
50,30774,,False
50,30775,,False
50,30781,,False
50,30787,,False
50,30794,,False
50,30797,,False
50,30800,,False
50,30802,,False
50,30833,,False
50,30840,,False
50,30866,,False
50,30870,,False
50,30876,,False
50,30880,,False
50,30885,,False
50,30914,,False
50,30934,,False
50,30949,,False
50,30952,,False
50,30954,,False
50,30960,,False
50,30973,,False
50,30992,,False
50,30999,,False
50,31002,,False
50,31031,,False
50,31039,,False
50,31046,,False
50,31049,,False
50,31053,,False
50,31071,,False
50,31073,,False
50,31081,,False
50,31082,,False
50,31083,,False
50,31089,,False
50,31090,,False
50,31096,,False
50,31112,,False
50,31132,,False
50,31133,,False
50,31134,,False
50,31145,,False
50,31160,,False
50,31166,,False
50,31172,,False
50,31180,,False
50,31194,,False
50,31205,,False
50,31207,,False
50,31209,,False
50,31224,,False
50,31234,,False
50,31236,,False
50,31238,,False
50,31247,,False
50,31254,,False
50,31267,,False
50,31287,,False
50,31296,,False
50,31298,,False
50,31310,,False
50,31311,,False
50,31343,,False
50,31348,,False
50,31358,,False
50,31363,,False
50,31372,,False
50,31381,,False
50,31384,,False
50,31389,,False
50,31403,,False
50,31404,,False
50,31406,,False
50,31418,,False
50,31436,,False
50,31440,,False
50,31469,,False
50,31473,,False
50,31481,,False
50,31486,,False
50,31491,,False
50,31502,,False
50,31506,,False
50,31516,,False
50,31530,,False
50,31535,,False
50,31543,,False
50,31550,,False
50,31553,,False
50,31563,,False
50,31572,,False
50,31574,,False
50,31577,,False
50,31580,,False
50,31587,,False
50,31605,,False
50,31607,,False
50,31609,,False
50,31611,,False
50,31627,,False
50,31644,,False
50,31663,,False
50,31672,,False
50,31682,,False
50,31696,,False
50,31702,,False
50,31703,,False
50,31705,,False
50,31707,,False
50,31713,,False
50,31714,,False
50,31752,,False
50,31760,,False
50,31765,,False
50,31778,,False
50,31796,,False
50,31812,,False
50,31818,,False
50,31819,,False
50,31846,,False
50,31849,,False
50,31850,,False
50,31857,,False
50,31868,,False
50,31872,,False
50,31877,,False
50,31880,,False
50,31887,,False
50,31899,,False
50,31907,,False
50,31920,,False
50,31921,,False
50,31926,,False
50,31930,,False
50,31939,,False
50,31943,,False
50,31945,,False
50,31948,,False
50,31972,,False
50,31978,,False
50,31986,,False
50,31992,,False
50,31996,,False
50,32001,,False
50,32014,,False
50,32028,,False
50,32053,,False
50,32056,,False
50,32064,,False
50,32083,,False
50,32091,,False
50,32119,,False
50,32126,,False
50,32129,,False
50,32130,,False
50,32136,,False
50,32137,,False
50,32157,,False
50,32180,,False
50,32186,,False
50,32195,,False
50,32198,,False
50,32209,,False
50,32220,,False
50,32221,,False
50,32237,,False
50,32259,,False
50,32273,,False
50,32275,,False
50,32281,,False
50,32300,,False
50,32303,,False
50,32327,,False
50,32332,,False
50,32334,,False
50,32339,,False
50,32348,,False
50,32356,,False
50,32362,,False
50,32363,,False
50,32372,,False
50,32382,,False
50,32419,,False
50,32423,,False
50,32426,,False
50,32428,,False
50,32431,,False
50,32436,,False
50,32449,,False
50,32452,,False
50,32457,,False
50,32462,,False
50,32465,,False
50,32472,,False
50,32474,,False
50,32479,,False
50,32482,,False
50,32493,,False
50,32495,,False
50,32499,,False
50,32511,,False
50,32519,,False
50,32520,,False
50,32525,,False
50,32531,,False
50,32545,,False
50,32547,,False
50,32553,,False
50,32555,,False
50,32557,,False
50,32559,,False
50,32581,,False
50,32583,,False
50,32588,,False
50,32598,,False
50,32608,,False
50,32612,,False
50,32631,,False
50,32639,,False
50,32655,,False
50,32657,,False
50,32663,,False
50,32666,,False
50,32671,,False
50,32687,,False
50,32693,,False
50,32697,,False
50,32711,,False
50,32713,,False
50,32715,,False
50,32716,,False
50,32733,,False
50,32736,,False
50,32741,,False
50,32742,,False
50,32746,,False
50,32755,,False
50,32776,,False
50,32780,,False
50,32783,,False
50,32790,,False
50,32793,,False
50,32806,,False
50,32807,,False
50,32813,,False
50,32825,,False
50,32828,,False
50,32844,,False
50,32847,,False
50,32849,,False
50,32860,,False
50,32863,,False
50,32866,,False
50,32894,,False
50,32900,,False
50,32907,,False
50,32916,,False
50,32926,,False
50,32936,,False
50,32943,,False
50,32948,,False
50,32952,,False
50,32967,,False
50,32970,,False
50,32976,,False
50,32983,,False
50,33010,,False
50,33012,,False
50,33018,,False
50,33022,,False
50,33025,,False
50,33027,,False
50,33032,,False
50,33038,,False
50,33039,,False
50,33050,,False
50,33054,,False
50,33061,,False
50,33066,,False
50,33075,,False
50,33077,,False
50,33082,,False
50,33088,,False
50,33098,,False
50,33111,,False
50,33118,,False
50,33128,,False
50,33142,,False
50,33149,,False
50,33155,,False
50,33182,,False
50,33183,,False
50,33188,,False
50,33190,,False
50,33210,,False
50,33213,,False
50,33218,,False
50,33234,,False
50,33241,,False
50,33254,,False
50,33260,,False
50,33279,,False
50,33284,,False
50,33304,,False
50,33305,,False
50,33318,,False
50,33323,,False
50,33327,,False
50,33330,,False
50,33333,,False
50,33337,,False
50,33342,,False
50,33349,,False
50,33351,,False
50,33371,,False
50,33381,,False
50,33384,,False
50,33387,,False
50,33388,,False
50,33396,,False
50,33408,,False
50,33413,,False
50,33430,,False
50,33438,,False
50,33448,,False
50,33453,,False
50,33457,,False
50,33463,,False
50,33465,,False
50,33487,,False
50,33489,,False
50,33501,,False
50,33504,,False
50,33512,,False
50,33514,,False
50,33525,,False
50,33529,,False
50,33543,,False
50,33554,,False
50,33563,,False
50,33565,,False
50,33569,,False
50,33589,,False
50,33593,,False
50,33599,,False
50,33611,,False
50,33612,,False
50,33617,,False
50,33618,,False
50,33631,,False
50,33648,,False
50,33654,,False
50,33658,,False
50,33660,,False
50,33664,,False
50,33672,,False
50,33674,,False
50,33680,,False
50,33691,,False
50,33703,,False
50,33705,,False
50,33707,,False
50,33718,,False
50,33736,,False
50,33740,,False
50,33746,,False
50,33751,,False
50,33770,,False
50,33815,,False
50,33822,,False
50,33832,,False
50,33847,,False
50,33850,,False
50,33864,,False
50,33878,,False
50,33881,,False
50,33891,,False
50,33896,,False
50,33899,,False
50,33901,,False
50,33908,,False
50,33913,,False
50,33960,,False
50,33963,,False
50,33970,,False
50,33977,,False
50,33985,,False
50,33987,,False
50,33992,,False
50,33994,,False
50,34003,,False
50,34006,,False
50,34011,,False
50,34025,,False
50,34029,,False
50,34041,,False
50,34048,,False
50,34060,,False
50,34064,,False
50,34070,,False
50,34082,,False
50,34089,,False
50,34095,,False
50,34117,,False
50,34119,,False
50,34144,,False
50,34151,,False
50,34157,,False
50,34163,,False
50,34172,,False
50,34174,,False
50,34189,,False
50,34191,,False
50,34198,,False
50,34203,,False
50,34215,,False
50,34221,,False
50,34224,,False
50,34226,,False
50,34232,,False
50,34236,,False
50,34243,,False
50,34253,,False
50,34264,,False
50,34265,,False
50,34269,,False
50,34272,,False
50,34275,,False
50,34286,,False
50,34289,,False
50,34295,,False
50,34296,,False
50,34316,,False
50,34321,,False
50,34325,,False
50,34329,,False
50,34336,,False
50,34339,,False
50,34340,,False
50,34343,,False
50,34345,,False
50,34346,,False
50,34357,,False
50,34368,,False
50,34371,,False
50,34376,,False
50,34401,,False
50,34420,,False
50,34425,,False
50,34427,,False
50,34431,,False
50,34448,,False
50,34459,,False
50,34461,,False
50,34480,,False
50,34498,,False
50,34526,,False
50,34536,,False
50,34544,,False
50,34554,,False
50,34566,,False
50,34574,,False
50,34577,,False
50,34584,,False
50,34594,,False
50,34608,,False
50,34636,,False
50,34637,,False
50,34640,,False
50,34647,,False
50,34654,,False
50,34658,,False
50,34666,,False
50,34670,,False
50,34674,,False
50,34681,,False
50,34682,,False
50,34688,,False
50,34692,,False
50,34698,,False
50,34709,,False
50,34714,,False
50,34719,,False
50,34723,,False
50,34728,,False
50,34734,,False
50,34738,,False
50,34745,,False
50,34747,,False
50,34757,,False
50,34762,,False
50,34766,,False
50,34768,,False
50,34777,,False
50,34781,,False
50,34790,,False
50,34791,,False
50,34792,,False
50,34798,,False
50,34809,,False
50,34813,,False
50,34836,,False
50,34851,,False
50,34861,,False
50,34864,,False
50,34865,,False
50,34867,,False
50,34871,,False
50,34877,,False
50,34879,,False
50,34889,,False
50,34896,,False
50,34899,,False
50,34915,,False
50,34920,,False
50,34934,,False
50,34941,,False
50,34948,,False
50,34955,,False
50,34960,,False
50,34962,,False
50,34963,,False
50,34975,,False
50,34977,,False
50,34985,,False
50,34996,,False
50,35000,,False
50,35012,,False
50,35015,,False
50,35031,,False
50,35036,,False
50,35038,,False
50,35045,,False
50,35046,,False
50,35052,,False
50,35058,,False
50,35072,,False
50,35079,,False
50,35084,,False
50,35093,,False
50,35101,,False
50,35108,,False
50,35116,,False
50,35121,,False
50,35124,,False
50,35149,,False
50,35153,,False
50,35154,,False
50,35166,,False
50,35193,,False
50,35195,,False
50,35208,,False
50,35216,,False
50,35220,,False
50,35246,,False
50,35263,,False
50,35278,,False
50,35284,,False
50,35289,,False
50,35309,,False
50,35319,,False
50,35321,,False
50,35323,,False
50,35332,,False
50,35335,,False
50,35359,,False
50,35373,,False
50,35378,,False
50,35383,,False
50,35384,,False
50,35387,,False
50,35391,,False
50,35403,,False
50,35407,,False
50,35409,,False
50,35417,,False
50,35432,,False
50,35435,,False
50,35443,,False
50,35455,,False
50,35461,,False
50,35471,,False
50,35476,,False
50,35478,,False
50,35480,,False
50,35493,,False
50,35495,,False
50,35510,,False
50,35527,,False
50,35552,,False
50,35560,,False
50,35575,,False
50,35576,,False
50,35579,,False
50,35600,,False
50,35601,,False
50,35607,,False
50,35611,,False
50,35620,,False
50,35644,,False
50,35655,,False
50,35656,,False
50,35657,,False
50,35661,,False
50,35664,,False
50,35667,,False
50,35673,,False
50,35675,,False
50,35679,,False
50,35684,,False
50,35691,,False
50,35706,,False
50,35716,,False
50,35719,,False
50,35734,,False
50,35744,,False
50,35748,,False
50,35749,,False
50,35754,,False
50,35755,,False
50,35761,,False
50,35764,,False
50,35769,,False
50,35780,,False
50,35786,,False
50,35791,,False
50,35797,,False
50,35799,,False
50,35804,,False
50,35808,,False
50,35811,,False
50,35824,,False
50,35830,,False
50,35836,,False
50,35837,,False
50,35846,,False
50,35850,,False
50,35859,,False
50,35866,,False
50,35871,,False
50,35877,,False
50,35907,,False
50,35913,,False
50,35915,,False
50,35918,,False
50,35942,,False
50,35947,,False
50,35951,,False
50,35953,,False
50,35973,,False
50,35988,,False
50,36020,,False
50,36022,,False
50,36027,,False
50,36028,,False
50,36043,,False
50,36060,,False
50,36062,,False
50,36079,,False
50,36080,,False
50,36082,,False
50,36100,,False
50,36105,,False
50,36130,,False
50,36131,,False
50,36134,,False
50,36142,,False
50,36149,,False
50,36150,,False
50,36156,,False
50,36159,,False
50,36177,,False
50,36191,,False
50,36192,,False
50,36207,,False
50,36212,,False
50,36214,,False
50,36216,,False
50,36222,,False
50,36233,,False
50,36236,,False
50,36248,,False
50,36260,,False
50,36263,,False
50,36268,,False
50,36274,,False
50,36284,,False
50,36328,,False
50,36329,,False
50,36338,,False
50,36340,,False
50,36345,,False
50,36349,,False
50,36352,,False
50,36358,,False
50,36359,,False
50,36362,,False
50,36363,,False
50,36369,,False
50,36383,,False
50,36384,,False
50,36419,,False
50,36426,,False
50,36428,,False
50,36444,,False
50,36448,,False
50,36449,,False
50,36457,,False
50,36462,,False
50,36471,,False
50,36472,,False
50,36473,,False
50,36477,,False
50,36487,,False
50,36490,,False
50,36492,,False
50,36498,,False
50,36518,,False
50,36527,,False
50,36548,,False
50,36554,,False
50,36556,,False
50,36569,,False
50,36575,,False
50,36580,,False
50,36582,,False
50,36584,,False
50,36585,,False
50,36587,,False
50,36588,,False
50,36590,,False
50,36605,,False
50,36655,,False
50,36669,,False
50,36671,,False
50,36672,,False
50,36674,,False
50,36679,,False
50,36689,,False
50,36693,,False
50,36700,,False
50,36701,,False
50,36708,,False
50,36720,,False
50,36722,,False
50,36724,,False
50,36749,,False
50,36779,,False
50,36785,,False
50,36790,,False
50,36795,,False
50,36812,,False
50,36825,,False
50,36832,,False
50,36840,,False
50,36842,,False
50,36852,,False
50,36858,,False
50,36866,,False
50,36870,,False
50,36885,,False
50,36896,,False
50,36899,,False
50,36926,,False
50,36930,,False
50,36932,,False
50,36949,,False
50,36958,,False
50,36964,,False
50,36969,,False
50,36972,,False
50,36979,,False
50,36980,,False
50,37022,,False
50,37031,,False
50,37046,,False
50,37049,,False
50,37058,,False
50,37060,,False
50,37077,,False
50,37082,,False
50,37085,,False
50,37086,,False
50,37096,,False
50,37110,,False
50,37122,,False
50,37129,,False
50,37150,,False
50,37159,,False
50,37165,,False
50,37191,,False
50,37202,,False
50,37217,,False
50,37223,,False
50,37228,,False
50,37231,,False
50,37237,,False
50,37243,,False
50,37245,,False
50,37247,,False
50,37252,,False
50,37258,,False
50,37275,,False
50,37276,,False
50,37291,,False
50,37299,,False
50,37300,,False
50,37307,,False
50,37318,,False
50,37331,,False
50,37333,,False
50,37337,,False
50,37349,,False
50,37357,,False
50,37359,,False
50,37371,,False
50,37385,,False
50,37393,,False
50,37395,,False
50,37414,,False
50,37415,,False
50,37422,,False
50,37446,,False
50,37452,,False
50,37481,,False
50,37487,,False
50,37521,,False
50,37524,,False
50,37528,,False
50,37549,,False
50,37554,,False
50,37561,,False
50,37564,,False
50,37593,,False
50,37597,,False
50,37603,,False
50,37604,,False
50,37605,,False
50,37609,,False
50,37628,,False
50,37631,,False
50,37650,,False
50,37659,,False
50,37661,,False
50,37684,,False
50,37690,,False
50,37692,,False
50,37699,,False
50,37700,,False
50,37702,,False
50,37708,,False
50,37712,,False
50,37714,,False
50,37731,,False
50,37734,,False
50,37738,,False
50,37763,,False
50,37777,,False
50,37781,,False
50,37808,,False
50,37820,,False
50,37829,,False
50,37838,,False
50,37839,,False
50,37843,,False
50,37844,,False
50,37846,,False
50,37848,,False
50,37853,,False
50,37854,,False
50,37865,,False
50,37866,,False
50,37879,,False
50,37891,,False
50,37907,,False
50,37910,,False
50,37912,,False
50,37923,,False
50,37942,,False
50,37944,,False
50,37946,,False
50,37948,,False
50,37953,,False
50,37954,,False
50,37959,,False
50,37964,,False
50,37986,,False
50,37988,,False
50,37993,,False
50,38003,,False
50,38005,,False
50,38006,,False
50,38025,,False
50,38042,,False
50,38052,,False
50,38057,,False
50,38074,,False
50,38075,,False
50,38084,,False
50,38086,,False
50,38090,,False
50,38101,,False
50,38112,,False
50,38114,,False
50,38115,,False
50,38126,,False
50,38129,,False
50,38141,,False
50,38153,,False
50,38154,,False
50,38157,,False
50,38159,,False
50,38160,,False
50,38164,,False
50,38169,,False
50,38172,,False
50,38191,,False
50,38216,,False
50,38222,,False
50,38228,,False
50,38232,,False
50,38243,,False
50,38254,,False
50,38263,,False
50,38276,,False
50,38280,,False
50,38289,,False
50,38291,,False
50,38303,,False
50,38312,,False
50,38313,,False
50,38319,,False
50,38325,,False
50,38335,,False
50,38336,,False
50,38338,,False
50,38341,,False
50,38342,,False
50,38362,,False
50,38366,,False
50,38369,,False
50,38374,,False
50,38375,,False
50,38382,,False
50,38392,,False
50,38443,,False
50,38447,,False
50,38448,,False
50,38451,,False
50,38455,,False
50,38463,,False
50,38466,,False
50,38482,,False
50,38486,,False
50,38489,,False
50,38510,,False
50,38530,,False
50,38540,,False
50,38549,,False
50,38553,,False
50,38554,,False
50,38558,,False
50,38560,,False
50,38575,,False
50,38602,,False
50,38606,,False
50,38611,,False
50,38612,,False
50,38615,,False
50,38624,,False
50,38626,,False
50,38630,,False
50,38642,,False
50,38649,,False
50,38657,,False
50,38663,,False
50,38664,,False
50,38666,,False
50,38671,,False
50,38675,,False
50,38676,,False
50,38680,,False
50,38684,,False
50,38686,,False
50,38688,,False
50,38693,,False
50,38714,,False
50,38716,,False
50,38731,,False
50,38735,,False
50,38742,,False
50,38746,,False
50,38748,,False
50,38759,,False
50,38762,,False
50,38763,,False
50,38769,,False
50,38771,,False
50,38782,,False
50,38783,,False
50,38784,,False
50,38795,,False
50,38807,,False
50,38811,,False
50,38813,,False
50,38826,,False
50,38830,,False
50,38831,,False
50,38836,,False
50,38856,,False
50,38882,,False
50,38893,,False
50,38897,,False
50,38898,,False
50,38904,,False
50,38913,,False
50,38915,,False
50,38927,,False
50,38934,,False
50,38955,,False
50,38970,,False
50,38971,,False
50,38973,,False
50,38979,,False
50,38986,,False
50,38990,,False
50,38995,,False
50,39003,,False
50,39005,,False
50,39006,,False
50,39008,,False
50,39011,,False
50,39012,,False
50,39019,,False
50,39025,,False
50,39029,,False
50,39037,,False
50,39039,,False
50,39044,,False
50,39050,,False
50,39062,,False
50,39074,,False
50,39078,,False
50,39081,,False
50,39089,,False
50,39099,,False
50,39106,,False
50,39112,,False
50,39114,,False
50,39116,,False
50,39119,,False
50,39135,,False
50,39138,,False
50,39150,,False
50,39167,,False
50,39174,,False
50,39177,,False
50,39187,,False
50,39189,,False
50,39215,,False
50,39245,,False
50,39253,,False
50,39257,,False
50,39259,,False
50,39265,,False
50,39270,,False
50,39283,,False
50,39288,,False
50,39289,,False
50,39294,,False
50,39300,,False
50,39303,,False
50,39306,,False
50,39310,,False
50,39383,,False
50,39390,,False
50,39393,,False
50,39396,,False
50,39402,,False
50,39406,,False
50,39415,,False
50,39438,,False
50,39463,,False
50,39474,,False
50,39481,,False
50,39483,,False
50,39489,,False
50,39490,,False
50,39500,,False
50,39502,,False
50,39504,,False
50,39522,,False
50,39533,,False
50,39541,,False
50,39547,,False
50,39550,,False
50,39553,,False
50,39558,,False
50,39579,,False
50,39584,,False
50,39591,,False
50,39596,,False
50,39598,,False
50,39603,,False
50,39615,,False
50,39631,,False
50,39633,,False
50,39635,,False
50,39643,,False
50,39655,,False
50,39659,,False
50,39699,,False
50,39703,,False
50,39706,,False
50,39707,,False
50,39709,,False
50,39717,,False
50,39732,,False
50,39733,,False
50,39745,,False
50,39748,,False
50,39752,,False
50,39754,,False
50,39765,,False
50,39769,,False
50,39792,,False
50,39806,,False
50,39811,,False
50,39817,,False
50,39819,,False
50,39826,,False
50,39831,,False
50,39840,,False
50,39844,,False
50,39851,,False
50,39864,,False
50,39871,,False
50,39878,,False
50,39886,,False
50,39897,,False
50,39900,,False
50,39901,,False
50,39903,,False
50,39914,,False
50,39917,,False
50,39919,,False
50,39938,,False
50,39941,,False
50,39948,,False
50,39962,,False
50,39963,,False
50,39967,,False
50,39982,,False
50,39984,,False
50,40009,,False
50,40013,,False
50,40015,,False
50,40017,,False
50,40022,,False
50,40025,,False
50,40050,,False
50,40070,,False
50,40080,,False
50,40090,,False
50,40097,,False
50,40098,,False
50,40107,,False
50,40146,,False
50,40165,,False
50,40168,,False
50,40177,,False
50,40179,,False
50,40183,,False
50,40200,,False
50,40206,,False
50,40208,,False
50,40213,,False
50,40215,,False
50,40217,,False
50,40223,,False
50,40233,,False
50,40236,,False
50,40245,,False
50,40246,,False
50,40262,,False
50,40263,,False
50,40282,,False
50,40307,,False
50,40308,,False
50,40316,,False
50,40337,,False
50,40339,,False
50,40348,,False
50,40359,,False
50,40361,,False
50,40397,,False
50,40405,,False
50,40431,,False
50,40434,,False
50,40435,,False
50,40445,,False
50,40448,,False
50,40450,,False
50,40453,,False
50,40457,,False
50,40463,,False
50,40467,,False
50,40469,,False
50,40472,,False
50,40488,,False
50,40496,,False
50,40503,,False
50,40511,,False
50,40512,,False
50,40527,,False
50,40532,,False
50,40535,,False
50,40537,,False
50,40548,,False
50,40549,,False
50,40557,,False
50,40564,,False
50,40565,,False
50,40566,,False
50,40570,,False
50,40573,,False
50,40598,,False
50,40635,,False
50,40641,,False
50,40651,,False
50,40656,,False
50,40666,,False
50,40669,,False
50,40681,,False
50,40687,,False
50,40688,,False
50,40689,,False
50,40690,,False
50,40693,,False
50,40699,,False
50,40705,,False
50,40708,,False
50,40714,,False
50,40722,,False
50,40734,,False
50,40760,,False
50,40767,,False
50,40784,,False
50,40787,,False
50,40795,,False
50,40805,,False
50,40815,,False
50,40821,,False
50,40822,,False
50,40831,,False
50,40836,,False
50,40875,,False
50,40877,,False
50,40880,,False
50,40888,,False
50,40898,,False
50,40910,,False
50,40916,,False
50,40918,,False
50,40922,,False
50,40928,,False
50,40946,,False
50,40962,,False
50,40970,,False
50,40977,,False
50,41002,,False
50,41009,,False
50,41011,,False
50,41019,,False
50,41031,,False
50,41036,,False
50,41041,,False
50,41043,,False
50,41056,,False
50,41063,,False
50,41066,,False
50,41079,,False
50,41080,,False
50,41088,,False
50,41094,,False
50,41095,,False
50,41124,,False
50,41130,,False
50,41159,,False
50,41161,,False
50,41176,,False
50,41179,,False
50,41200,,False
50,41202,,False
50,41204,,False
50,41228,,False
50,41229,,False
50,41236,,False
50,41237,,False
50,41247,,False
50,41248,,False
50,41250,,False
50,41252,,False
50,41270,,False
50,41281,,False
50,41282,,False
50,41290,,False
50,41295,,False
50,41301,,False
50,41310,,False
50,41329,,False
50,41334,,False
50,41350,,False
50,41354,,False
50,41366,,False
50,41388,,False
50,41391,,False
50,41396,,False
50,41400,,False
50,41409,,False
50,41410,,False
50,41417,,False
50,41432,,False
50,41436,,False
50,41445,,False
50,41451,,False
50,41463,,False
50,41469,,False
50,41490,,False
50,41501,,False
50,41508,,False
50,41512,,False
50,41517,,False
50,41521,,False
50,41526,,False
50,41547,,False
50,41563,,False
50,41564,,False
50,41573,,False
50,41594,,False
50,41595,,False
50,41606,,False
50,41609,,False
50,41611,,False
50,41617,,False
50,41628,,False
50,41642,,False
50,41648,,False
50,41653,,False
50,41655,,False
50,41661,,False
50,41662,,False
50,41691,,False
50,41693,,False
50,41701,,False
50,41719,,False
50,41724,,False
50,41733,,False
50,41746,,False
50,41770,,False
50,41781,,False
50,41794,,False
50,41797,,False
50,41804,,False
50,41831,,False
50,41835,,False
50,41838,,False
50,41854,,False
50,41874,,False
50,41883,,False
50,41906,,False
50,41921,,False
50,41928,,False
50,41955,,False
50,41961,,False
50,41963,,False
50,41970,,False
50,41981,,False
50,41982,,False
50,41989,,False
50,41990,,False
50,41997,,False
50,42000,,False
50,42003,,False
50,42011,,False
50,42017,,False
50,42020,,False
50,42026,,False
50,42027,,False
50,42030,,False
50,42031,,False
50,42037,,False
50,42041,,False
50,42051,,False
50,42056,,False
50,42061,,False
50,42062,,False
50,42070,,False
50,42073,,False
50,42079,,False
50,42093,,False
50,42097,,False
50,42100,,False
50,42101,,False
50,42103,,False
50,42104,,False
50,42128,,False
50,42132,,False
50,42148,,False
50,42151,,False
50,42153,,False
50,42155,,False
50,42159,,False
50,42163,,False
50,42170,,False
50,42172,,False
50,42174,,False
50,42176,,False
50,42183,,False
50,42186,,False
50,42205,,False
50,42208,,False
50,42210,,False
50,42217,,False
50,42223,,False
50,42241,,False
50,42245,,False
50,42249,,False
50,42250,,False
50,42255,,False
50,42263,,False
50,42272,,False
50,42276,,False
50,42289,,False
50,42293,,False
50,42310,,False
50,42312,,False
50,42322,,False
50,42323,,False
50,42326,,False
50,42328,,False
50,42332,,False
50,42335,,False
50,42337,,False
50,42351,,False
50,42363,,False
50,42374,,False
50,42386,,False
50,42401,,False
50,42404,,False
50,42408,,False
50,42412,,False
50,42414,,False
50,42424,,False
50,42426,,False
50,42431,,False
50,42432,,False
50,42442,,False
50,42452,,False
50,42454,,False
50,42460,,False
50,42462,,False
50,42467,,False
50,42473,,False
50,42475,,False
50,42478,,False
50,42485,,False
50,42494,,False
50,42522,,False
50,42540,,False
50,42555,,False
50,42559,,False
50,42565,,False
50,42575,,False
50,42577,,False
50,42579,,False
50,42590,,False
50,42599,,False
50,42609,,False
50,42612,,False
50,42617,,False
50,42622,,False
50,42624,,False
50,42631,,False
50,42636,,False
50,42637,,False
50,42648,,False
50,42661,,False
50,42671,,False
50,42677,,False
50,42680,,False
50,42682,,False
50,42692,,False
50,42696,,False
50,42699,,False
50,42703,,False
50,42710,,False
50,42717,,False
50,42720,,False
50,42721,,False
50,42729,,False
50,42742,,False
50,42745,,False
50,42751,,False
50,42754,,False
50,42761,,False
50,42763,,False
50,42768,,False
50,42771,,False
50,42787,,False
50,42789,,False
50,42795,,False
50,42797,,False
50,42798,,False
50,42801,,False
50,42804,,False
50,42811,,False
50,42820,,False
50,42830,,False
50,42837,,False
50,42841,,False
50,42842,,False
50,42849,,False
50,42853,,False
50,42869,,False
50,42875,,False
50,42880,,False
50,42886,,False
50,42888,,False
50,42892,,False
50,42901,,False
50,42903,,False
50,42909,,False
50,42918,,False
50,42921,,False
50,42926,,False
50,42934,,False
50,42939,,False
50,42948,,False
50,42957,,False
50,42959,,False
50,42991,,False
50,43009,,False
50,43012,,False
50,43027,,False
50,43029,,False
50,43040,,False
50,43042,,False
50,43046,,False
50,43054,,False
50,43059,,False
50,43061,,False
50,43063,,False
50,43077,,False
50,43080,,False
50,43082,,False
50,43086,,False
50,43089,,False
50,43097,,False
50,43104,,False
50,43105,,False
50,43125,,False
50,43128,,False
50,43135,,False
50,43139,,False
50,43142,,False
50,43159,,False
50,43167,,False
50,43179,,False
50,43182,,False
50,43186,,False
50,43190,,False
50,43211,,False
50,43212,,False
50,43243,,False
50,43254,,False
50,43260,,False
50,43269,,False
50,43274,,False
50,43281,,False
50,43288,,False
50,43310,,False
50,43317,,False
50,43320,,False
50,43323,,False
50,43332,,False
50,43341,,False
50,43356,,False
50,43359,,False
50,43361,,False
50,43365,,False
50,43372,,False
50,43381,,False
50,43384,,False
50,43385,,False
50,43387,,False
50,43389,,False
50,43401,,False
50,43410,,False
50,43412,,False
50,43432,,False
50,43441,,False
50,43442,,False
50,43456,,False
50,43459,,False
50,43465,,False
50,43478,,False
50,43486,,False
50,43491,,False
50,43506,,False
50,43510,,False
50,43514,,False
50,43517,,False
50,43520,,False
50,43531,,False
50,43538,,False
50,43540,,False
50,43548,,False
50,43556,,False
50,43574,,False
50,43575,,False
50,43593,,False
50,43612,,False
50,43613,,False
50,43624,,False
50,43628,,False
50,43637,,False
50,43657,,False
50,43679,,False
50,43702,,False
50,43707,,False
50,43710,,False
50,43716,,False
50,43722,,False
50,43724,,False
50,43731,,False
50,43743,,False
50,43767,,False
50,43784,,False
50,43787,,False
50,43790,,False
50,43794,,False
50,43802,,False
50,43812,,False
50,43817,,False
50,43829,,False
50,43849,,False
50,43854,,False
50,43855,,False
50,43856,,False
50,43860,,False
50,43864,,False
50,43865,,False
50,43873,,False
50,43894,,False
50,43899,,False
50,43901,,False
50,43902,,False
50,43904,,False
50,43922,,False
50,43929,,False
50,43933,,False
50,43942,,False
50,43950,,False
50,43956,,False
50,43960,,False
50,43966,,False
50,44009,,False
50,44024,,False
50,44032,,False
50,44034,,False
50,44050,,False
50,44054,,False
50,44064,,False
50,44100,,False
50,44118,,False
50,44132,,False
50,44140,,False
50,44152,,False
50,44155,,False
50,44158,,False
50,44166,,False
50,44177,,False
50,44189,,False
50,44190,,False
50,44192,,False
50,44206,,False
50,44208,,False
50,44214,,False
50,44232,,False
50,44247,,False
50,44254,,False
50,44286,,False
50,44318,,False
50,44326,,False
50,44335,,False
50,44336,,False
50,44342,,False
50,44367,,False
50,44406,,False
50,44408,,False
50,44443,,False
50,44449,,False
50,44451,,False
50,44460,,False
50,44463,,False
50,44465,,False
50,44476,,False
50,44488,,False
50,44496,,False
50,44499,,False
50,44500,,False
50,44506,,False
50,44518,,False
50,44520,,False
50,44549,,False
50,44557,,False
50,44560,,False
50,44567,,False
50,44572,,False
50,44578,,False
50,44589,,False
50,44601,,False
50,44604,,False
50,44606,,False
50,44613,,False
50,44622,,False
50,44624,,False
50,44629,,False
50,44653,,False
50,44677,,False
50,44700,,False
50,44713,,False
50,44714,,False
50,44725,,False
50,44734,,False
50,44747,,False
50,44753,,False
50,44755,,False
50,44762,,False
50,44773,,False
50,44778,,False
50,44784,,False
50,44792,,False
50,44796,,False
50,44836,,False
50,44847,,False
50,44854,,False
50,44857,,False
50,44867,,False
50,44871,,False
50,44873,,False
50,44886,,False
50,44892,,False
50,44915,,False
50,44923,,False
50,44931,,False
50,44938,,False
50,44939,,False
50,44945,,False
50,44951,,False
50,44952,,False
50,44954,,False
50,44964,,False
50,44966,,False
50,44967,,False
50,44971,,False
50,44979,,False
50,44980,,False
50,44992,,False
50,44994,,False
50,45006,,False
50,45013,,False
50,45019,,False
50,45026,,False
50,45041,,False
50,45042,,False
50,45050,,False
50,45067,,False
50,45070,,False
50,45076,,False
50,45080,,False
50,45085,,False
50,45090,,False
50,45094,,False
50,45098,,False
50,45106,,False
50,45138,,False
50,45159,,False
50,45162,,False
50,45166,,False
50,45175,,False
50,45177,,False
50,45182,,False
50,45194,,False
50,45198,,False
50,45200,,False
50,45206,,False
50,45212,,False
50,45218,,False
50,45226,,False
50,45234,,False
50,45254,,False
50,45260,,False
50,45261,,False
50,45275,,False
50,45284,,False
50,45286,,False
50,45288,,False
50,45289,,False
50,45295,,False
50,45304,,False
50,45312,,False
50,45322,,False
50,45326,,False
50,45337,,False
50,45347,,False
50,45349,,False
50,45360,,False
50,45361,,False
50,45363,,False
50,45365,,False
50,45380,,False
50,45386,,False
50,45387,,False
50,45394,,False
50,45398,,False
50,45405,,False
50,45415,,False
50,45428,,False
50,45430,,False
50,45432,,False
50,45435,,False
50,45437,,False
50,45440,,False
50,45451,,False
50,45453,,False
50,45474,,False
50,45476,,False
50,45482,,False
50,45484,,False
50,45487,,False
50,45490,,False
50,45493,,False
50,45499,,False
50,45511,,False
50,45514,,False
50,45523,,False
50,45540,,False
50,45553,,False
50,45558,,False
50,45565,,False
50,45567,,False
50,45572,,False
50,45593,,False
50,45610,,False
50,45613,,False
50,45621,,False
50,45628,,False
50,45631,,False
50,45635,,False
50,45637,,False
50,45639,,False
50,45643,,False
50,45653,,False
50,45675,,False
50,45692,,False
50,45702,,False
50,45712,,False
50,45715,,False
50,45716,,False
50,45729,,False
50,45734,,False
50,45739,,False
50,45741,,False
50,45747,,False
50,45757,,False
50,45782,,False
50,45786,,False
50,45803,,False
50,45806,,False
50,45809,,False
50,45813,,False
50,45820,,False
50,45822,,False
50,45826,,False
50,45829,,False
50,45843,,False
50,45849,,False
50,45850,,False
50,45853,,False
50,45870,,False
50,45877,,False
50,45883,,False
50,45901,,False
50,45902,,False
50,45908,,False
50,45928,,False
50,45934,,False
50,45936,,False
50,45950,,False
50,45957,,False
50,45959,,False
50,45966,,False
50,45977,,False
50,45981,,False
50,45985,,False
50,46014,,False
50,46019,,False
50,46026,,False
50,46035,,False
50,46043,,False
50,46053,,False
50,46054,,False
50,46076,,False
50,46089,,False
50,46111,,False
50,46115,,False
50,46122,,False
50,46141,,False
50,46156,,False
50,46169,,False
50,46180,,False
50,46182,,False
50,46195,,False
50,46197,,False
50,46199,,False
50,46211,,False
50,46212,,False
50,46214,,False
50,46216,,False
50,46223,,False
50,46234,,False
50,46242,,False
50,46248,,False
50,46251,,False
50,46252,,False
50,46254,,False
50,46276,,False
50,46284,,False
50,46285,,False
50,46291,,False
50,46297,,False
50,46299,,False
50,46303,,False
50,46306,,False
50,46311,,False
50,46328,,False
50,46329,,False
50,46331,,False
50,46335,,False
50,46339,,False
50,46341,,False
50,46364,,False
50,46365,,False
50,46376,,False
50,46378,,False
50,46395,,False
50,46409,,False
50,46419,,False
50,46424,,False
50,46425,,False
50,46427,,False
50,46428,,False
50,46433,,False
50,46440,,False
50,46442,,False
50,46449,,False
50,46451,,False
50,46452,,False
50,46473,,False
50,46492,,False
50,46510,,False
50,46524,,False
50,46528,,False
50,46532,,False
50,46536,,False
50,46538,,False
50,46546,,False
50,46558,,False
50,46570,,False
50,46573,,False
50,46586,,False
50,46604,,False
50,46613,,False
50,46616,,False
50,46636,,False
50,46652,,False
50,46675,,False
50,46678,,False
50,46685,,False
50,46686,,False
50,46687,,False
50,46695,,False
50,46696,,False
50,46701,,False
50,46706,,False
50,46710,,False
50,46724,,False
50,46726,,False
50,46727,,False
50,46737,,False
50,46742,,False
50,46745,,False
50,46758,,False
50,46761,,False
50,46769,,False
50,46770,,False
50,46775,,False
50,46778,,False
50,46782,,False
50,46786,,False
50,46797,,False
50,46802,,False
50,46817,,False
50,46856,,False
50,46862,,False
50,46863,,False
50,46883,,False
50,46885,,False
50,46900,,False
50,46917,,False
50,46937,,False
50,46954,,False
50,46956,,False
50,46961,,False
50,46983,,False
50,46992,,False
50,46995,,False
50,46999,,False
50,47014,,False
50,47038,,False
50,47040,,False
50,47060,,False
50,47063,,False
50,47067,,False
50,47076,,False
50,47078,,False
50,47080,,False
50,47104,,False
50,47109,,False
50,47112,,False
50,47113,,False
50,47116,,False
50,47118,,False
50,47131,,False
50,47134,,False
50,47162,,False
50,47168,,False
50,47206,,False
50,47209,,False
50,47217,,False
50,47221,,False
50,47228,,False
50,47232,,False
50,47235,,False
50,47236,,False
50,47242,,False
50,47244,,False
50,47257,,False
50,47275,,False
50,47278,,False
50,47281,,False
50,47283,,False
50,47287,,False
50,47291,,False
50,47303,,False
50,47308,,False
50,47313,,False
50,47334,,False
50,47336,,False
50,47338,,False
50,47340,,False
50,47343,,False
50,47349,,False
50,47354,,False
50,47355,,False
50,47374,,False
50,47384,,False
50,47387,,False
50,47398,,False
50,47399,,False
50,47404,,False
50,47417,,False
50,47419,,False
50,47432,,False
50,47433,,False
50,47439,,False
50,47442,,False
50,47447,,False
50,47481,,False
50,47496,,False
50,47498,,False
50,47507,,False
50,47516,,False
50,47524,,False
50,47530,,False
50,47557,,False
50,47571,,False
50,47588,,False
50,47590,,False
50,47595,,False
50,47597,,False
50,47614,,False
50,47615,,False
50,47619,,False
50,47630,,False
50,47634,,False
50,47642,,False
50,47643,,False
50,47644,,False
50,47659,,False
50,47665,,False
50,47669,,False
50,47697,,False
50,47717,,False
50,47723,,False
50,47727,,False
50,47731,,False
50,47736,,False
50,47740,,False
50,47743,,False
50,47752,,False
50,47765,,False
50,47769,,False
50,47770,,False
50,47772,,False
50,47796,,False
50,47798,,False
50,47804,,False
50,47807,,False
50,47816,,False
50,47827,,False
50,47837,,False
50,47840,,False
50,47859,,False
50,47866,,False
50,47870,,False
50,47874,,False
50,47878,,False
50,47887,,False
50,47907,,False
50,47912,,False
50,47922,,False
50,47930,,False
50,47937,,False
50,47942,,False
50,47971,,False
50,47973,,False
50,47990,,False
50,47992,,False
50,47997,,False
50,47999,,False
50,48004,,False
50,48011,,False
50,48019,,False
50,48024,,False
50,48025,,False
50,48034,,False
50,48051,,False
50,48052,,False
50,48055,,False
50,48066,,False
50,48077,,False
50,48080,,False
50,48083,,False
50,48087,,False
50,48088,,False
50,48099,,False
50,48108,,False
50,48113,,False
50,48117,,False
50,48125,,False
50,48151,,False
50,48152,,False
50,48165,,False
50,48168,,False
50,48169,,False
50,48180,,False
50,48195,,False
50,48199,,False
50,48205,,False
50,48207,,False
50,48209,,False
50,48210,,False
50,48218,,False
50,48228,,False
50,48233,,False
50,48235,,False
50,48241,,False
50,48259,,False
50,48263,,False
50,48271,,False
50,48275,,False
50,48278,,False
50,48280,,False
50,48287,,False
50,48293,,False
50,48315,,False
50,48336,,False
50,48349,,False
50,48354,,False
50,48365,,False
50,48367,,False
50,48372,,False
50,48382,,False
50,48386,,False
50,48393,,False
50,48408,,False
50,48416,,False
50,48423,,False
50,48429,,False
50,48457,,False
50,48459,,False
50,48469,,False
50,48480,,False
50,48488,,False
50,48504,,False
50,48516,,False
50,48522,,False
50,48527,,False
50,48551,,False
50,48557,,False
50,48559,,False
50,48560,,False
50,48575,,False
50,48581,,False
50,48586,,False
50,48587,,False
50,48606,,False
50,48623,,False
50,48633,,False
50,48637,,False
50,48642,,False
50,48649,,False
50,48651,,False
50,48653,,False
50,48670,,False
50,48696,,False
50,48698,,False
50,48703,,False
50,48708,,False
50,48712,,False
50,48717,,False
50,48726,,False
50,48728,,False
50,48733,,False
50,48734,,False
50,48740,,False
50,48744,,False
50,48751,,False
50,48753,,False
50,48760,,False
50,48782,,False
50,48785,,False
50,48795,,False
50,48796,,False
50,48805,,False
50,48820,,False
50,48834,,False
50,48837,,False
50,48847,,False
50,48883,,False
50,48884,,False
50,48887,,False
50,48890,,False
50,48897,,False
50,48900,,False
50,48907,,False
50,48925,,False
50,48940,,False
50,48942,,False
50,48952,,False
50,48961,,False
50,48964,,False
50,48967,,False
50,48972,,False
50,48998,,False
50,49000,,False
50,49006,,False
50,49010,,False
50,49015,,False
50,49031,,False
50,49044,,False
50,49048,,False
50,49049,,False
50,49052,,False
50,49069,,False
50,49074,,False
50,49081,,False
50,49091,,False
50,49096,,False
50,49101,,False
50,49103,,False
50,49105,,False
50,49107,,False
50,49113,,False
50,49117,,False
50,49119,,False
50,49122,,False
50,49124,,False
50,49126,,False
50,49130,,False
50,49131,,False
50,49133,,False
50,49160,,False
50,49169,,False
50,49173,,False
50,49175,,False
50,49184,,False
50,49192,,False
50,49194,,False
50,49198,,False
50,49202,,False
50,49237,,False
50,49266,,False
50,49295,,False
50,49297,,False
50,49309,,False
50,49343,,False
50,49353,,False
50,49354,,False
50,49357,,False
50,49358,,False
50,49365,,False
50,49375,,False
50,49376,,False
50,49383,,False
50,49387,,False
50,49404,,False
50,49439,,False
50,49442,,False
50,49448,,False
50,49457,,False
50,49460,,False
50,49472,,False
50,49483,,False
50,49491,,False
50,49509,,False
50,49510,,False
50,49512,,False
50,49520,,False
50,49524,,False
50,49538,,False
50,49549,,False
50,49562,,False
50,49568,,False
50,49581,,False
50,49585,,False
50,49587,,False
50,49590,,False
50,49594,,False
50,49600,,False
50,49607,,False
50,49613,,False
50,49621,,False
50,49625,,False
50,49646,,False
50,49649,,False
50,49658,,False
50,49660,,False
50,49667,,False
50,49673,,False
50,49679,,False
50,49685,,False
50,49691,,False
50,49701,,False
50,49708,,False
50,49715,,False
50,49718,,False
50,49721,,False
50,49724,,False
50,49752,,False
50,49757,,False
50,49762,,False
50,49768,,False
50,49779,,False
50,49802,,False
50,49804,,False
50,49805,,False
50,49811,,False
50,49813,,False
50,49831,,False
50,49834,,False
50,49837,,False
50,49843,,False
50,49848,,False
50,49854,,False
50,49858,,False
50,49865,,False
50,49867,,False
50,49874,,False
50,49879,,False
50,49886,,False
50,49895,,False
50,49917,,False
50,49928,,False
50,49930,,False
50,49935,,False
50,49940,,False
50,49948,,False
50,50008,,False
50,50019,,False
50,50037,,False
50,50052,,False
50,50060,,False
50,50074,,False
50,50095,,False
50,50096,,False
50,50101,,False
50,50104,,False
50,50119,,False
50,50123,,False
50,50125,,False
50,50126,,False
50,50132,,False
50,50140,,False
50,50145,,False
50,50163,,False
50,50173,,False
50,50178,,False
50,50182,,False
50,50183,,False
50,50189,,False
50,50191,,False
50,50193,,False
50,50199,,False
50,50200,,False
50,50209,,False
50,50215,,False
50,50228,,False
50,50233,,False
50,50238,,False
50,50242,,False
50,50248,,False
50,50258,,False
50,50267,,False
50,50271,,False
50,50289,,False
50,50302,,False
50,50304,,False
50,50307,,False
50,50310,,False
50,50316,,False
50,50343,,False
50,50352,,False
50,50353,,False
50,50354,,False
50,50356,,False
50,50360,,False
50,50375,,False
50,50378,,False
50,50379,,False
50,50386,,False
50,50401,,False
50,50405,,False
50,50425,,False
50,50427,,False
50,50452,,False
50,50476,,False
50,50494,,False
50,50495,,False
50,50497,,False
50,50501,,False
50,50503,,False
50,50520,,False
50,50526,,False
50,50536,,False
50,50540,,False
50,50541,,False
50,50543,,False
50,50550,,False
50,50558,,False
50,50574,,False
50,50582,,False
50,50584,,False
50,50586,,False
50,50601,,False
50,50612,,False
50,50616,,False
50,50631,,False
50,50650,,False
50,50653,,False
50,50666,,False
50,50682,,False
50,50683,,False
50,50688,,False
50,50689,,False
50,50693,,False
50,50700,,False
50,50703,,False
50,50707,,False
50,50713,,False
50,50725,,False
50,50735,,False
50,50736,,False
50,50743,,False
50,50751,,False
50,50760,,False
50,50761,,False
50,50775,,False
50,50797,,False
50,50805,,False
50,50826,,False
50,50828,,False
50,50835,,False
50,50863,,False
50,50876,,False
50,50883,,False
50,50898,,False
50,50903,,False
50,50916,,False
50,50921,,False
50,50937,,False
50,50939,,False
50,50942,,False
50,50946,,False
50,50950,,False
50,50952,,False
50,50959,,False
50,50963,,False
50,50969,,False
50,50970,,False
50,51005,,False
50,51007,,False
50,51014,,False
50,51020,,False
50,51022,,False
50,51029,,False
50,51032,,False
50,51033,,False
50,51043,,False
50,51057,,False
50,51069,,False
50,51086,,False
50,51094,,False
50,51100,,False
50,51106,,False
50,51108,,False
50,51125,,False
50,51131,,False
50,51138,,False
50,51140,,False
50,51147,,False
50,51150,,False
50,51152,,False
50,51157,,False
50,51163,,False
50,51167,,False
50,51172,,False
50,51174,,False
50,51186,,False
50,51189,,False
50,51205,,False
50,51213,,False
50,51215,,False
50,51239,,False
50,51240,,False
50,51272,,False
50,51277,,False
50,51285,,False
50,51291,,False
50,51305,,False
50,51308,,False
50,51315,,False
50,51331,,False
50,51332,,False
50,51340,,False
50,51351,,False
50,51352,,False
50,51355,,False
50,51358,,False
50,51359,,False
50,51364,,False
50,51368,,False
50,51390,,False
50,51393,,False
50,51410,,False
50,51422,,False
50,51432,,False
50,51433,,False
50,51439,,False
50,51444,,False
50,51450,,False
50,51455,,False
50,51481,,False
50,51496,,False
50,51498,,False
50,51503,,False
50,51510,,False
50,51516,,False
50,51518,,False
50,51523,,False
50,51527,,False
50,51530,,False
50,51540,,False
50,51553,,False
50,51557,,False
50,51559,,False
50,51563,,False
50,51570,,False
50,51615,,False
50,51624,,False
50,51640,,False
50,51648,,False
50,51651,,False
50,51665,,False
50,51666,,False
50,51676,,False
50,51681,,False
50,51689,,False
50,51703,,False
50,51706,,False
50,51715,,False
50,51721,,False
50,51724,,False
50,51736,,False
50,51753,,False
50,51760,,False
50,51761,,False
50,51769,,False
50,51781,,False
50,51797,,False
50,51802,,False
50,51808,,False
50,51814,,False
50,51816,,False
50,51830,,False
50,51844,,False
50,51849,,False
50,51852,,False
50,51862,,False
50,51886,,False
50,51892,,False
50,51906,,False
50,51910,,False
50,51913,,False
50,51922,,False
50,51938,,False
50,51939,,False
50,51942,,False
50,51947,,False
50,51979,,False
50,52017,,False
50,52019,,False
50,52023,,False
50,52032,,False
50,52034,,False
50,52041,,False
50,52047,,False
50,52054,,False
50,52059,,False
50,52066,,False
50,52073,,False
50,52080,,False
50,52088,,False
50,52100,,False
50,52105,,False
50,52125,,False
50,52129,,False
50,52132,,False
50,52133,,False
50,52141,,False
50,52145,,False
50,52151,,False
50,52153,,False
50,52165,,False
50,52177,,False
50,52181,,False
50,52185,,False
50,52200,,False
50,52222,,False
50,52223,,False
50,52228,,False
50,52235,,False
50,52259,,False
50,52263,,False
50,52265,,False
50,52270,,False
50,52276,,False
50,52309,,False
50,52310,,False
50,52320,,False
50,52322,,False
50,52335,,False
50,52353,,False
50,52358,,False
50,52361,,False
50,52368,,False
50,52388,,False
50,52396,,False
50,52407,,False
50,52411,,False
50,52412,,False
50,52415,,False
50,52416,,False
50,52430,,False
50,52434,,False
50,52438,,False
50,52467,,False
50,52469,,False
50,52475,,False
50,52477,,False
50,52486,,False
50,52491,,False
50,52502,,False
50,52511,,False
50,52529,,False
50,52536,,False
50,52551,,False
50,52556,,False
50,52559,,False
50,52560,,False
50,52561,,False
50,52565,,False
50,52571,,False
50,52608,,False
50,52621,,False
50,52631,,False
50,52649,,False
50,52669,,False
50,52673,,False
50,52676,,False
50,52679,,False
50,52684,,False
50,52692,,False
50,52695,,False
50,52706,,False
50,52707,,False
50,52713,,False
50,52719,,False
50,52727,,False
50,52729,,False
50,52740,,False
50,52743,,False
50,52749,,False
50,52762,,False
50,52763,,False
50,52766,,False
50,52767,,False
50,52770,,False
50,52773,,False
50,52775,,False
50,52782,,False
50,52792,,False
50,52803,,False
50,52808,,False
50,52810,,False
50,52811,,False
50,52829,,False
50,52836,,False
50,52850,,False
50,52854,,False
50,52855,,False
50,52857,,False
50,52862,,False
50,52867,,False
50,52873,,False
50,52884,,False
50,52911,,False
50,52918,,False
50,52926,,False
50,52935,,False
50,52946,,False
50,52968,,False
50,52970,,False
50,52972,,False
50,52983,,False
50,52988,,False
50,52990,,False
50,52994,,False
50,53018,,False
50,53026,,False
50,53031,,False
50,53042,,False
50,53047,,False
50,53054,,False
50,53057,,False
50,53093,,False
50,53094,,False
50,53102,,False
50,53105,,False
50,53110,,False
50,53121,,False
50,53140,,False
50,53144,,False
50,53147,,False
50,53151,,False
50,53152,,False
50,53168,,False
50,53169,,False
50,53171,,False
50,53192,,False
50,53211,,False
50,53228,,False
50,53252,,False
50,53268,,False
50,53272,,False
50,53282,,False
50,53283,,False
50,53290,,False
50,53296,,False
50,53297,,False
50,53298,,False
50,53309,,False
50,53314,,False
50,53337,,False
50,53341,,False
50,53344,,False
50,53358,,False
50,53359,,False
50,53366,,False
50,53373,,False
50,53380,,False
50,53391,,False
50,53394,,False
50,53397,,False
50,53411,,False
50,53413,,False
50,53426,,False
50,53436,,False
50,53439,,False
50,53444,,False
50,53446,,False
50,53451,,False
50,53452,,False
50,53460,,False
50,53478,,False
50,53485,,False
50,53495,,False
50,53501,,False
50,53503,,False
50,53510,,False
50,53514,,False
50,53521,,False
50,53535,,False
50,53540,,False
50,53545,,False
50,53555,,False
50,53556,,False
50,53558,,False
50,53580,,False
50,53584,,False
50,53587,,False
50,53596,,False
50,53601,,False
50,53623,,False
50,53628,,False
50,53631,,False
50,53646,,False
50,53662,,False
50,53677,,False
50,53682,,False
50,53683,,False
50,53686,,False
50,53688,,False
50,53698,,False
50,53710,,False
50,53712,,False
50,53714,,False
50,53715,,False
50,53717,,False
50,53734,,False
50,53770,,False
50,53773,,False
50,53775,,False
50,53788,,False
50,53791,,False
50,53795,,False
50,53813,,False
50,53818,,False
50,53827,,False
50,53831,,False
50,53847,,False
50,53864,,False
50,53888,,False
50,53893,,False
50,53895,,False
50,53907,,False
50,53919,,False
50,53924,,False
50,53939,,False
50,53941,,False
50,53944,,False
50,53951,,False
50,53958,,False
50,53960,,False
50,53967,,False
50,53969,,False
50,53970,,False
50,53973,,False
50,53976,,False
50,53977,,False
50,53980,,False
50,53988,,False
50,53994,,False
50,54008,,False
50,54010,,False
50,54013,,False
50,54029,,False
50,54035,,False
50,54037,,False
50,54055,,False
50,54059,,False
50,54081,,False
50,54083,,False
50,54088,,False
50,54095,,False
50,54102,,False
50,54103,,False
50,54123,,False
50,54140,,False
50,54141,,False
50,54142,,False
50,54144,,False
50,54148,,False
50,54156,,False
50,54164,,False
50,54167,,False
50,54171,,False
50,54172,,False
50,54175,,False
50,54178,,False
50,54193,,False
50,54196,,False
50,54213,,False
50,54225,,False
50,54231,,False
50,54255,,False
50,54256,,False
50,54268,,False
50,54283,,False
50,54290,,False
50,54292,,False
50,54297,,False
50,54309,,False
50,54311,,False
50,54313,,False
50,54322,,False
50,54345,,False
50,54348,,False
50,54350,,False
50,54371,,False
50,54386,,False
50,54394,,False
50,54407,,False
50,54409,,False
50,54411,,False
50,54453,,False
50,54463,,False
50,54467,,False
50,54477,,False
50,54480,,False
50,54493,,False
50,54498,,False
50,54500,,False
50,54503,,False
50,54513,,False
50,54514,,False
50,54523,,False
50,54539,,False
50,54545,,False
50,54548,,False
50,54571,,False
50,54582,,False
50,54585,,False
50,54598,,False
50,54604,,False
50,54636,,False
50,54637,,False
50,54657,,False
50,54665,,False
50,54672,,False
50,54680,,False
50,54688,,False
50,54691,,False
50,54693,,False
50,54700,,False
50,54721,,False
50,54734,,False
50,54745,,False
50,54746,,False
50,54747,,False
50,54764,,False
50,54767,,False
50,54779,,False
50,54791,,False
50,54793,,False
50,54802,,False
50,54806,,False
50,54825,,False
50,54830,,False
50,54831,,False
50,54836,,False
50,54840,,False
50,54843,,False
50,54862,,False
50,54866,,False
50,54867,,False
50,54869,,False
50,54872,,False
50,54876,,False
50,54877,,False
50,54888,,False
50,54900,,False
50,54906,,False
50,54909,,False
50,54917,,False
50,54934,,False
50,54953,,False
50,54959,,False
50,54962,,False
50,54972,,False
50,54975,,False
50,54978,,False
50,54983,,False
50,54993,,False
50,55003,,False
50,55012,,False
50,55015,,False
50,55032,,False
50,55037,,False
50,55040,,False
50,55045,,False
50,55047,,False
50,55052,,False
50,55076,,False
50,55085,,False
50,55091,,False
50,55114,,False
50,55123,,False
50,55164,,False
50,55181,,False
50,55199,,False
50,55210,,False
50,55220,,False
50,55222,,False
50,55224,,False
50,55237,,False
50,55241,,False
50,55251,,False
50,55253,,False
50,55257,,False
50,55270,,False
50,55273,,False
50,55280,,False
50,55288,,False
50,55294,,False
50,55295,,False
50,55298,,False
50,55310,,False
50,55311,,False
50,55325,,False
50,55330,,False
50,55333,,False
50,55338,,False
50,55343,,False
50,55345,,False
50,55357,,False
50,55365,,False
50,55370,,False
50,55382,,False
50,55396,,False
50,55406,,False
50,55411,,False
50,55417,,False
50,55437,,False
50,55441,,False
50,55453,,False
50,55465,,False
50,55470,,False
50,55476,,False
50,55503,,False
50,55507,,False
50,55515,,False
50,55517,,False
50,55520,,False
50,55526,,False
50,55541,,False
50,55547,,False
50,55554,,False
50,55557,,False
50,55564,,False
50,55565,,False
50,55571,,False
50,55572,,False
50,55603,,False
50,55614,,False
50,55617,,False
50,55622,,False
50,55625,,False
50,55631,,False
50,55637,,False
50,55644,,False
50,55655,,False
50,55665,,False
50,55675,,False
50,55682,,False
50,55683,,False
50,55687,,False
50,55694,,False
50,55698,,False
50,55701,,False
50,55713,,False
50,55720,,False
50,55725,,False
50,55729,,False
50,55731,,False
50,55742,,False
50,55760,,False
50,55771,,False
50,55775,,False
50,55780,,False
50,55782,,False
50,55805,,False
50,55806,,False
50,55808,,False
50,55814,,False
50,55818,,False
50,55837,,False
50,55852,,False
50,55856,,False
50,55860,,False
50,55870,,False
50,55879,,False
50,55881,,False
50,55889,,False
50,55904,,False
50,55913,,False
50,55918,,False
50,55923,,False
50,55940,,False
50,55944,,False
50,55953,,False
50,55969,,False
50,55976,,False
50,55995,,False
50,56005,,False
50,56007,,False
50,56023,,False
50,56031,,False
50,56032,,False
50,56040,,False
50,56054,,False
50,56059,,False
50,56062,,False
50,56076,,False
50,56090,,False
50,56094,,False
50,56096,,False
50,56103,,False
50,56107,,False
50,56129,,False
50,56132,,False
50,56147,,False
50,56148,,False
50,56149,,False
50,56155,,False
50,56179,,False
50,56195,,False
50,56211,,False
50,56215,,False
50,56234,,False
50,56236,,False
50,56245,,False
50,56249,,False
50,56251,,False
50,56268,,False
50,56271,,False
50,56273,,False
50,56276,,False
50,56286,,False
50,56288,,False
50,56302,,False
50,56315,,False
50,56318,,False
50,56332,,False
50,56333,,False
50,56336,,False
50,56338,,False
50,56341,,False
50,56349,,False
50,56357,,False
50,56395,,False
50,56398,,False
50,56402,,False
50,56440,,False
50,56442,,False
50,56443,,False
50,56444,,False
50,56446,,False
50,56461,,False
50,56472,,False
50,56484,,False
50,56493,,False
50,56498,,False
50,56522,,False
50,56535,,False
50,56539,,False
50,56543,,False
50,56547,,False
50,56548,,False
50,56555,,False
50,56563,,False
50,56569,,False
50,56576,,False
50,56583,,False
50,56584,,False
50,56588,,False
50,56594,,False
50,56597,,False
50,56601,,False
50,56604,,False
50,56629,,False
50,56635,,False
50,56648,,False
50,56655,,False
50,56665,,False
50,56667,,False
50,56673,,False
50,56676,,False
50,56684,,False
50,56687,,False
50,56692,,False
50,56693,,False
50,56697,,False
50,56701,,False
50,56707,,False
50,56731,,False
50,56734,,False
50,56747,,False
50,56755,,False
50,56771,,False
50,56804,,False
50,56805,,False
50,56811,,False
50,56813,,False
50,56817,,False
50,56829,,False
50,56833,,False
50,56835,,False
50,56855,,False
50,56858,,False
50,56861,,False
50,56864,,False
50,56875,,False
50,56876,,False
50,56877,,False
50,56896,,False
50,56901,,False
50,56908,,False
50,56909,,False
50,56919,,False
50,56925,,False
50,56930,,False
50,56938,,False
50,56942,,False
50,56943,,False
50,56952,,False
50,56965,,False
50,56969,,False
50,56974,,False
50,56981,,False
50,56985,,False
50,57016,,False
50,57027,,False
50,57034,,False
50,57038,,False
50,57043,,False
50,57058,,False
50,57073,,False
50,57088,,False
50,57122,,False
50,57135,,False
50,57142,,False
50,57146,,False
50,57155,,False
50,57157,,False
50,57158,,False
50,57160,,False
50,57176,,False
50,57182,,False
50,57193,,False
50,57224,,False
50,57237,,False
50,57245,,False
50,57255,,False
50,57265,,False
50,57269,,False
50,57274,,False
50,57285,,False
50,57288,,False
50,57296,,False
50,57322,,False
50,57338,,False
50,57342,,False
50,57348,,False
50,57359,,False
50,57368,,False
50,57392,,False
50,57408,,False
50,57414,,False
50,57418,,False
50,57422,,False
50,57428,,False
50,57429,,False
50,57444,,False
50,57450,,False
50,57452,,False
50,57455,,False
50,57459,,False
50,57490,,False
50,57493,,False
50,57499,,False
50,57501,,False
50,57508,,False
50,57516,,False
50,57524,,False
50,57530,,False
50,57540,,False
50,57541,,False
50,57542,,False
50,57550,,False
50,57555,,False
50,57568,,False
50,57569,,False
50,57586,,False
50,57594,,False
50,57612,,False
50,57614,,False
50,57629,,False
50,57632,,False
50,57637,,False
50,57656,,False
50,57665,,False
50,57673,,False
50,57674,,False
50,57690,,False
50,57701,,False
50,57710,,False
50,57714,,False
50,57715,,False
50,57724,,False
50,57732,,False
50,57756,,False
50,57759,,False
50,57768,,False
50,57791,,False
50,57803,,False
50,57809,,False
50,57815,,False
50,57816,,False
50,57823,,False
50,57824,,False
50,57839,,False
50,57844,,False
50,57845,,False
50,57866,,False
50,57870,,False
50,57873,,False
50,57876,,False
50,57886,,False
50,57890,,False
50,57907,,False
50,57909,,False
50,57917,,False
50,57933,,False
50,57938,,False
50,57947,,False
50,57952,,False
50,57959,,False
50,57965,,False
50,57966,,False
50,57979,,False
50,57983,,False
50,57985,,False
50,57986,,False
50,57992,,False
50,57993,,False
50,57997,,False
50,58001,,False
50,58002,,False
50,58012,,False
50,58028,,False
50,58029,,False
50,58045,,False
50,58047,,False
50,58049,,False
50,58062,,False
50,58065,,False
50,58070,,False
50,58088,,False
50,58097,,False
50,58113,,False
50,58126,,False
50,58140,,False
50,58180,,False
50,58182,,False
50,58206,,False
50,58209,,False
50,58212,,False
50,58242,,False
50,58247,,False
50,58256,,False
50,58258,,False
50,58264,,False
50,58268,,False
50,58271,,False
50,58287,,False
50,58293,,False
50,58294,,False
50,58304,,False
50,58306,,False
50,58308,,False
50,58316,,False
50,58318,,False
50,58349,,False
50,58350,,False
50,58353,,False
50,58364,,False
50,58367,,False
50,58368,,False
50,58371,,False
50,58376,,False
50,58378,,False
50,58393,,False
50,58395,,False
50,58398,,False
50,58401,,False
50,58407,,False
50,58410,,False
50,58412,,False
50,58417,,False
50,58420,,False
50,58421,,False
50,58426,,False
50,58443,,False
50,58446,,False
50,58449,,False
50,58454,,False
50,58455,,False
50,58482,,False
50,58486,,False
50,58512,,False
50,58513,,False
50,58535,,False
50,58538,,False
50,58549,,False
50,58555,,False
50,58556,,False
50,58574,,False
50,58577,,False
50,58583,,False
50,58602,,False
50,58610,,False
50,58616,,False
50,58617,,False
50,58618,,False
50,58632,,False
50,58634,,False
50,58638,,False
50,58639,,False
50,58640,,False
50,58651,,False
50,58655,,False
50,58661,,False
50,58686,,False
50,58692,,False
50,58700,,False
50,58714,,False
50,58727,,False
50,58732,,False
50,58742,,False
50,58744,,False
50,58758,,False
50,58784,,False
50,58793,,False
50,58794,,False
50,58807,,False
50,58828,,False
50,58829,,False
50,58831,,False
50,58835,,False
50,58855,,False
50,58859,,False
50,58884,,False
50,58911,,False
50,58929,,False
50,58941,,False
50,58946,,False
50,58957,,False
50,58959,,False
50,58970,,False
50,58995,,False
50,59005,,False
50,59006,,False
50,59007,,False
50,59015,,False
50,59035,,False
50,59052,,False
50,59054,,False
50,59063,,False
50,59068,,False
50,59080,,False
50,59082,,False
50,59085,,False
50,59098,,False
50,59099,,False
50,59112,,False
50,59114,,False
50,59139,,False
50,59141,,False
50,59147,,False
50,59154,,False
50,59156,,False
50,59157,,False
50,59162,,False
50,59163,,False
50,59174,,False
50,59195,,False
50,59201,,False
50,59208,,False
50,59220,,False
50,59225,,False
50,59261,,False
50,59275,,False
50,59281,,False
50,59290,,False
50,59295,,False
50,59305,,False
50,59313,,False
50,59317,,False
50,59318,,False
50,59328,,False
50,59332,,False
50,59335,,False
50,59370,,False
50,59379,,False
50,59383,,False
50,59386,,False
50,59392,,False
50,59402,,False
50,59407,,False
50,59412,,False
50,59422,,False
50,59426,,False
50,59434,,False
50,59452,,False
50,59458,,False
50,59474,,False
50,59475,,False
50,59484,,False
50,59493,,False
50,59501,,False
50,59502,,False
50,59512,,False
50,59526,,False
50,59530,,False
50,59537,,False
50,59538,,False
50,59562,,False
50,59580,,False
50,59581,,False
50,59583,,False
50,59594,,False
50,59601,,False
50,59624,,False
50,59627,,False
50,59631,,False
50,59637,,False
50,59640,,False
50,59647,,False
50,59658,,False
50,59679,,False
50,59684,,False
50,59702,,False
50,59732,,False
50,59743,,False
50,59745,,False
50,59747,,False
50,59753,,False
50,59762,,False
50,59765,,False
50,59766,,False
50,59789,,False
50,59804,,False
50,59808,,False
50,59809,,False
50,59842,,False
50,59848,,False
50,59852,,False
50,59859,,False
50,59860,,False
50,59864,,False
50,59869,,False
50,59875,,False
50,59883,,False
50,59884,,False
50,59898,,False
50,59910,,False
50,59912,,False
50,59915,,False
50,59919,,False
50,59920,,False
50,59923,,False
50,59930,,False
50,59940,,False
50,59941,,False
50,59947,,False
50,59950,,False
50,59952,,False
50,59955,,False
50,59960,,False
50,59963,,False
50,59967,,False
50,59969,,False
50,59977,,False
50,59978,,False
50,59991,,False
50,60007,,False
50,60020,,False
50,60027,,False
50,60038,,False
50,60051,,False
50,60053,,False
50,60055,,False
50,60056,,False
50,60059,,False
50,60072,,False
50,60088,,False
50,60110,,False
50,60121,,False
50,60126,,False
50,60131,,False
50,60132,,False
50,60148,,False
50,60167,,False
50,60170,,False
50,60186,,False
50,60201,,False
50,60219,,False
50,60230,,False
50,60243,,False
50,60256,,False
50,60270,,False
50,60288,,False
50,60301,,False
50,60327,,False
50,60346,,False
50,60359,,False
50,60374,,False
50,60383,,False
50,60385,,False
50,60388,,False
50,60389,,False
50,60395,,False
50,60397,,False
50,60403,,False
50,60405,,False
50,60410,,False
50,60427,,False
50,60429,,False
50,60435,,False
50,60438,,False
50,60449,,False
50,60458,,False
50,60480,,False
50,60482,,False
50,60486,,False
50,60493,,False
50,60511,,False
50,60524,,False
50,60533,,False
50,60534,,False
50,60539,,False
50,60558,,False
50,60561,,False
50,60595,,False
50,60596,,False
50,60611,,False
50,60622,,False
50,60645,,False
50,60648,,False
50,60653,,False
50,60674,,False
50,60677,,False
50,60681,,False
50,60690,,False
50,60699,,False
50,60700,,False
50,60709,,False
50,60714,,False
50,60720,,False
50,60731,,False
50,60738,,False
50,60742,,False
50,60766,,False
50,60779,,False
50,60803,,False
50,60810,,False
50,60811,,False
50,60816,,False
50,60821,,False
50,60822,,False
50,60834,,False
50,60838,,False
50,60852,,False
50,60862,,False
50,60866,,False
50,60868,,False
50,60880,,False
50,60881,,False
50,60884,,False
50,60892,,False
50,60896,,False
50,60899,,False
50,60915,,False
50,60918,,False
50,60932,,False
50,60933,,False
50,60935,,False
50,60943,,False
50,60958,,False
50,60967,,False
50,60971,,False
50,61010,,False
50,61012,,False
50,61013,,False
50,61020,,False
50,61021,,False
50,61023,,False
50,61026,,False
50,61027,,False
50,61048,,False
50,61060,,False
50,61062,,False
50,61065,,False
50,61074,,False
50,61076,,False
50,61077,,False
50,61082,,False
50,61084,,False
50,61087,,False
50,61093,,False
50,61103,,False
50,61107,,False
50,61110,,False
50,61116,,False
50,61135,,False
50,61141,,False
50,61153,,False
50,61156,,False
50,61159,,False
50,61166,,False
50,61167,,False
50,61168,,False
50,61170,,False
50,61178,,False
50,61180,,False
50,61189,,False
50,61202,,False
50,61215,,False
50,61234,,False
50,61243,,False
50,61254,,False
50,61257,,False
50,61262,,False
50,61267,,False
50,61269,,False
50,61273,,False
50,61276,,False
50,61281,,False
50,61282,,False
50,61291,,False
50,61312,,False
50,61321,,False
50,61323,,False
50,61330,,False
50,61337,,False
50,61342,,False
50,61352,,False
50,61357,,False
50,61363,,False
50,61367,,False
50,61403,,False
50,61410,,False
50,61411,,False
50,61413,,False
50,61416,,False
50,61419,,False
50,61430,,False
50,61434,,False
50,61453,,False
50,61478,,False
50,61483,,False
50,61488,,False
50,61491,,False
50,61496,,False
50,61503,,False
50,61516,,False
50,61524,,False
50,61527,,False
50,61531,,False
50,61532,,False
50,61550,,False
50,61559,,False
50,61561,,False
50,61566,,False
50,61611,,False
50,61612,,False
50,61625,,False
50,61632,,False
50,61635,,False
50,61640,,False
50,61642,,False
50,61647,,False
50,61658,,False
50,61660,,False
50,61664,,False
50,61680,,False
50,61709,,False
50,61712,,False
50,61716,,False
50,61718,,False
50,61740,,False
50,61741,,False
50,61746,,False
50,61763,,False
50,61773,,False
50,61776,,False
50,61785,,False
50,61792,,False
50,61797,,False
50,61799,,False
50,61802,,False
50,61815,,False
50,61822,,False
50,61833,,False
50,61840,,False
50,61852,,False
50,61864,,False
50,61874,,False
50,61877,,False
50,61886,,False
50,61906,,False
50,61908,,False
50,61922,,False
50,61924,,False
50,61940,,False
50,61942,,False
50,61949,,False
50,61956,,False
50,61962,,False
50,61969,,False
50,61981,,False
50,61985,,False
50,61987,,False
50,61999,,False
50,62002,,False
50,62008,,False
50,62025,,False
50,62033,,False
50,62041,,False
50,62060,,False
50,62063,,False
50,62064,,False
50,62066,,False
50,62080,,False
50,62083,,False
50,62086,,False
50,62087,,False
50,62089,,False
50,62095,,False
50,62105,,False
50,62127,,False
50,62147,,False
50,62156,,False
50,62159,,False
50,62169,,False
50,62178,,False
50,62191,,False
50,62193,,False
50,62204,,False
50,62205,,False
50,62240,,False
50,62248,,False
50,62250,,False
50,62256,,False
50,62261,,False
50,62275,,False
50,62288,,False
50,62298,,False
50,62305,,False
50,62314,,False
50,62332,,False
50,62335,,False
50,62337,,False
50,62341,,False
50,62346,,False
50,62360,,False
50,62363,,False
50,62396,,False
50,62399,,False
50,62406,,False
50,62412,,False
50,62418,,False
50,62425,,False
50,62430,,False
50,62431,,False
50,62440,,False
50,62442,,False
50,62448,,False
50,62457,,False
50,62462,,False
50,62463,,False
50,62466,,False
50,62476,,False
50,62492,,False
50,62507,,False
50,62515,,False
50,62517,,False
50,62539,,False
50,62541,,False
50,62546,,False
50,62548,,False
50,62551,,False
50,62554,,False
50,62555,,False
50,62566,,False
50,62587,,False
50,62591,,False
50,62596,,False
50,62602,,False
50,62604,,False
50,62608,,False
50,62616,,False
50,62624,,False
50,62634,,False
50,62635,,False
50,62647,,False
50,62650,,False
50,62673,,False
50,62679,,False
50,62694,,False
50,62702,,False
50,62713,,False
50,62721,,False
50,62731,,False
50,62738,,False
50,62747,,False
50,62751,,False
50,62759,,False
50,62769,,False
50,62776,,False
50,62778,,False
50,62779,,False
50,62790,,False
50,62794,,False
50,62800,,False
50,62806,,False
50,62827,,False
50,62828,,False
50,62832,,False
50,62835,,False
50,62841,,False
50,62843,,False
50,62852,,False
50,62858,,False
50,62859,,False
50,62868,,False
50,62905,,False
50,62924,,False
50,62926,,False
50,62938,,False
50,62944,,False
50,62953,,False
50,62966,,False
50,62970,,False
50,62973,,False
50,62975,,False
50,62977,,False
50,62979,,False
50,62985,,False
50,62991,,False
50,62993,,False
50,63015,,False
50,63021,,False
50,63038,,False
50,63050,,False
50,63062,,False
50,63067,,False
50,63076,,False
50,63104,,False
50,63111,,False
50,63114,,False
50,63127,,False
50,63132,,False
50,63140,,False
50,63194,,False
50,63205,,False
50,63206,,False
50,63212,,False
50,63219,,False
50,63221,,False
50,63245,,False
50,63247,,False
50,63258,,False
50,63272,,False
50,63275,,False
50,63282,,False
50,63288,,False
50,63305,,False
50,63312,,False
50,63315,,False
50,63337,,False
50,63349,,False
50,63360,,False
50,63361,,False
50,63373,,False
50,63378,,False
50,63383,,False
50,63389,,False
50,63400,,False
50,63425,,False
50,63458,,False
50,63465,,False
50,63468,,False
50,63475,,False
50,63505,,False
50,63507,,False
50,63513,,False
50,63521,,False
50,63529,,False
50,63543,,False
50,63560,,False
50,63565,,False
50,63568,,False
50,63625,,False
50,63626,,False
50,63636,,False
50,63675,,False
50,63680,,False
50,63686,,False
50,63689,,False
50,63691,,False
50,63715,,False
50,63733,,False
50,63734,,False
50,63744,,False
50,63745,,False
50,63756,,False
50,63760,,False
50,63762,,False
50,63764,,False
50,63770,,False
50,63781,,False
50,63813,,False
50,63815,,False
50,63819,,False
50,63827,,False
50,63835,,False
50,63839,,False
50,63844,,False
50,63860,,False
50,63864,,False
50,63870,,False
50,63871,,False
50,63875,,False
50,63892,,False
50,63898,,False
50,63911,,False
50,63916,,False
50,63925,,False
50,63943,,False
50,63947,,False
50,63950,,False
50,63951,,False
50,63959,,False
50,63980,,False
50,63983,,False
50,64000,,False
50,64001,,False
50,64003,,False
50,64009,,False
50,64032,,False
50,64062,,False
50,64072,,False
50,64083,,False
50,64091,,False
50,64096,,False
50,64107,,False
50,64113,,False
50,64124,,False
50,64126,,False
50,64131,,False
50,64151,,False
50,64152,,False
50,64155,,False
50,64159,,False
50,64187,,False
50,64190,,False
50,64191,,False
50,64208,,False
50,64210,,False
50,64212,,False
50,64219,,False
50,64230,,False
50,64232,,False
50,64241,,False
50,64247,,False
50,64251,,False
50,64256,,False
50,64266,,False
50,64268,,False
50,64274,,False
50,64275,,False
50,64286,,False
50,64300,,False
50,64304,,False
50,64335,,False
50,64338,,False
50,64344,,False
50,64346,,False
50,64348,,False
50,64354,,False
50,64365,,False
50,64373,,False
50,64377,,False
50,64382,,False
50,64383,,False
50,64390,,False
50,64391,,False
50,64403,,False
50,64405,,False
50,64410,,False
50,64413,,False
50,64414,,False
50,64422,,False
50,64434,,False
50,64438,,False
50,64440,,False
50,64446,,False
50,64448,,False
50,64452,,False
50,64461,,False
50,64486,,False
50,64487,,False
50,64490,,False
50,64538,,False
50,64539,,False
50,64548,,False
50,64550,,False
50,64562,,False
50,64577,,False
50,64579,,False
50,64592,,False
50,64603,,False
50,64606,,False
50,64615,,False
50,64631,,False
50,64643,,False
50,64646,,False
50,64651,,False
50,64662,,False
50,64666,,False
50,64672,,False
50,64680,,False
50,64681,,False
50,64693,,False
50,64694,,False
50,64714,,False
50,64715,,False
50,64728,,False
50,64729,,False
50,64772,,False
50,64776,,False
50,64778,,False
50,64796,,False
50,64803,,False
50,64804,,False
50,64815,,False
50,64819,,False
50,64827,,False
50,64830,,False
50,64835,,False
50,64837,,False
50,64851,,False
50,64861,,False
50,64864,,False
50,64879,,False
50,64882,,False
50,64887,,False
50,64889,,False
50,64893,,False
50,64894,,False
50,64895,,False
50,64903,,False
50,64918,,False
50,64922,,False
50,64928,,False
50,64933,,False
50,64944,,False
50,64955,,False
50,64967,,False
50,64969,,False
50,64974,,False
50,64975,,False
50,64994,,False
50,64996,,False
50,65003,,False
50,65010,,False
50,65019,,False
50,65035,,False
50,65055,,False
50,65063,,False
50,65072,,False
50,65073,,False
50,65085,,False
50,65089,,False
50,65095,,False
50,65103,,False
50,65105,,False
50,65117,,False
50,65124,,False
50,65138,,False
50,65141,,False
50,65152,,False
50,65187,,False
50,65194,,False
50,65198,,False
50,65201,,False
50,65207,,False
50,65208,,False
50,65211,,False
50,65219,,False
50,65244,,False
50,65248,,False
50,65256,,False
50,65271,,False
50,65272,,False
50,65282,,False
50,65285,,False
50,65293,,False
50,65303,,False
50,65308,,False
50,65310,,False
50,65318,,False
50,65321,,False
50,65324,,False
50,65334,,False
50,65343,,False
50,65348,,False
50,65353,,False
50,65359,,False
50,65364,,False
50,65373,,False
50,65381,,False
50,65394,,False
50,65400,,False
50,65401,,False
50,65410,,False
50,65421,,False
50,65427,,False
50,65429,,False
50,65448,,False
50,65452,,False
50,65457,,False
50,65463,,False
50,65492,,False
50,65506,,False
50,65509,,False
50,65525,,False
50,65567,,False
50,65583,,False
50,65596,,False
50,65611,,False
50,65628,,False
50,65645,,False
50,65647,,False
50,65649,,False
50,65650,,False
50,65652,,False
50,65662,,False
50,65673,,False
50,65674,,False
50,65685,,False
50,65686,,False
50,65706,,False
50,65710,,False
50,65714,,False
50,65720,,False
50,65729,,False
50,65733,,False
50,65740,,False
50,65754,,False
50,65760,,False
50,65777,,False
50,65779,,False
50,65817,,False
50,65839,,False
50,65845,,False
50,65862,,False
50,65872,,False
50,65884,,False
50,65887,,False
50,65892,,False
50,65893,,False
50,65894,,False
50,65899,,False
50,65901,,False
50,65903,,False
50,65915,,False
50,65917,,False
50,65918,,False
50,65925,,False
50,65926,,False
50,65934,,False
50,65955,,False
50,65960,,False
50,65962,,False
50,65973,,False
50,65974,,False
50,65977,,False
50,65982,,False
50,65989,,False
50,65994,,False
50,66003,,False
50,66015,,False
50,66029,,False
50,66037,,False
50,66042,,False
50,66049,,False
50,66060,,False
50,66066,,False
50,66068,,False
50,66075,,False
50,66084,,False
50,66085,,False
50,66088,,False
50,66099,,False
50,66102,,False
50,66111,,False
50,66113,,False
50,66123,,False
50,66125,,False
50,66144,,False
50,66147,,False
50,66163,,False
50,66169,,False
50,66172,,False
50,66174,,False
50,66177,,False
50,66181,,False
50,66189,,False
50,66192,,False
50,66194,,False
50,66200,,False
50,66208,,False
50,66214,,False
50,66255,,False
50,66262,,False
50,66275,,False
50,66280,,False
50,66285,,False
50,66295,,False
50,66300,,False
50,66301,,False
50,66317,,False
50,66323,,False
50,66337,,False
50,66344,,False
50,66353,,False
50,66358,,False
50,66362,,False
50,66363,,False
50,66368,,False
50,66379,,False
50,66385,,False
50,66391,,False
50,66393,,False
50,66397,,False
50,66405,,False
50,66408,,False
50,66417,,False
50,66420,,False
50,66429,,False
50,66435,,False
50,66455,,False
50,66457,,False
50,66465,,False
50,66471,,False
50,66477,,False
50,66478,,False
50,66490,,False
50,66496,,False
50,66507,,False
50,66511,,False
50,66514,,False
50,66530,,False
50,66542,,False
50,66569,,False
50,66576,,False
50,66583,,False
50,66584,,False
50,66594,,False
50,66605,,False
50,66609,,False
50,66610,,False
50,66626,,False
50,66639,,False
50,66647,,False
50,66653,,False
50,66654,,False
50,66672,,False
50,66678,,False
50,66689,,False
50,66695,,False
50,66703,,False
50,66709,,False
50,66711,,False
50,66728,,False
50,66736,,False
50,66755,,False
50,66757,,False
50,66760,,False
50,66762,,False
50,66763,,False
50,66767,,False
50,66772,,False
50,66776,,False
50,66779,,False
50,66786,,False
50,66791,,False
50,66794,,False
50,66802,,False
50,66804,,False
50,66807,,False
50,66812,,False
50,66819,,False
50,66821,,False
50,66822,,False
50,66824,,False
50,66827,,False
50,66829,,False
50,66834,,False
50,66847,,False
50,66875,,False
50,66880,,False
50,66889,,False
50,66895,,False
50,66898,,False
50,66899,,False
50,66904,,False
50,66908,,False
50,66917,,False
50,66918,,False
50,66930,,False
50,66932,,False
50,66935,,False
50,66942,,False
50,66977,,False
50,66979,,False
50,66983,,False
50,66986,,False
50,67000,,False
50,67013,,False
50,67016,,False
50,67017,,False
50,67018,,False
50,67026,,False
50,67030,,False
50,67039,,False
50,67043,,False
50,67044,,False
50,67048,,False
50,67058,,False
50,67059,,False
50,67062,,False
50,67077,,False
50,67081,,False
50,67098,,False
50,67099,,False
50,67102,,False
50,67108,,False
50,67110,,False
50,67115,,False
50,67136,,False
50,67137,,False
50,67146,,False
50,67155,,False
50,67166,,False
50,67174,,False
50,67177,,False
50,67178,,False
50,67193,,False
50,67210,,False
50,67224,,False
50,67227,,False
50,67230,,False
50,67240,,False
50,67244,,False
50,67267,,False
50,67269,,False
50,67271,,False
50,67275,,False
50,67296,,False
50,67309,,False
50,67316,,False
50,67318,,False
50,67334,,False
50,67335,,False
50,67346,,False
50,67348,,False
50,67372,,False
50,67374,,False
50,67378,,False
50,67401,,False
50,67408,,False
50,67409,,False
50,67418,,False
50,67423,,False
50,67426,,False
50,67449,,False
50,67459,,False
50,67461,,False
50,67463,,False
50,67476,,False
50,67482,,False
50,67483,,False
50,67492,,False
50,67498,,False
50,67505,,False
50,67509,,False
50,67519,,False
50,67520,,False
50,67525,,False
50,67534,,False
50,67555,,False
50,67568,,False
50,67580,,False
50,67599,,False
50,67600,,False
50,67613,,False
50,67616,,False
50,67617,,False
50,67629,,False
50,67642,,False
50,67644,,False
50,67649,,False
50,67655,,False
50,67660,,False
50,67662,,False
50,67669,,False
50,67690,,False
50,67699,,False
50,67705,,False
50,67706,,False
50,67735,,False
50,67738,,False
50,67753,,False
50,67770,,False
50,67789,,False
50,67802,,False
50,67803,,False
50,67810,,False
50,67811,,False
50,67816,,False
50,67833,,False
50,67834,,False
50,67836,,False
50,67842,,False
50,67847,,False
50,67861,,False
50,67873,,False
50,67880,,False
50,67882,,False
50,67885,,False
50,67898,,False
50,67906,,False
50,67916,,False
50,67922,,False
50,67930,,False
50,67932,,False
50,67935,,False
50,67951,,False
50,67952,,False
50,67956,,False
50,67963,,False
50,67964,,False
50,67965,,False
50,67971,,False
50,67975,,False
50,67982,,False
50,67988,,False
50,67991,,False
50,68005,,False
50,68011,,False
50,68012,,False
50,68013,,False
50,68024,,False
50,68045,,False
50,68050,,False
50,68052,,False
50,68058,,False
50,68063,,False
50,68066,,False
50,68076,,False
50,68081,,False
50,68082,,False
50,68083,,False
50,68084,,False
50,68090,,False
50,68101,,False
50,68123,,False
50,68124,,False
50,68125,,False
50,68136,,False
50,68141,,False
50,68146,,False
50,68151,,False
50,68161,,False
50,68182,,False
50,68202,,False
50,68204,,False
50,68212,,False
50,68231,,False
50,68233,,False
50,68235,,False
50,68237,,False
50,68244,,False
50,68260,,False
50,68277,,False
50,68279,,False
50,68283,,False
50,68290,,False
50,68299,,False
50,68312,,False
50,68316,,False
50,68334,,False
50,68342,,False
50,68349,,False
50,68354,,False
50,68366,,False
50,68387,,False
50,68392,,False
50,68405,,False
50,68412,,False
50,68428,,False
50,68431,,False
50,68437,,False
50,68440,,False
50,68450,,False
50,68461,,False
50,68462,,False
50,68471,,False
50,68474,,False
50,68481,,False
50,68484,,False
50,68494,,False
50,68504,,False
50,68509,,False
50,68510,,False
50,68512,,False
50,68524,,False
50,68526,,False
50,68536,,False
50,68548,,False
50,68554,,False
50,68560,,False
50,68568,,False
50,68576,,False
50,68584,,False
50,68587,,False
50,68596,,False
50,68618,,False
50,68634,,False
50,68635,,False
50,68643,,False
50,68646,,False
50,68650,,False
50,68665,,False
50,68668,,False
50,68673,,False
50,68680,,False
50,68689,,False
50,68690,,False
50,68693,,False
50,68694,,False
50,68703,,False
50,68704,,False
50,68705,,False
50,68708,,False
50,68710,,False
50,68721,,False
50,68725,,False
50,68733,,False
50,68734,,False
50,68745,,False
50,68760,,False
50,68767,,False
50,68770,,False
50,68783,,False
50,68786,,False
50,68792,,False
50,68795,,False
50,68797,,False
50,68798,,False
50,68802,,False
50,68821,,False
50,68834,,False
50,68847,,False
50,68849,,False
50,68871,,False
50,68879,,False
50,68882,,False
50,68893,,False
50,68899,,False
50,68906,,False
50,68909,,False
50,68923,,False
50,68930,,False
50,68942,,False
50,68947,,False
50,68948,,False
50,68957,,False
50,68959,,False
50,68960,,False
50,68967,,False
50,68972,,False
50,68978,,False
50,68982,,False
50,68985,,False
50,68992,,False
50,68995,,False
50,69011,,False
50,69022,,False
50,69028,,False
50,69032,,False
50,69035,,False
50,69044,,False
50,69049,,False
50,69052,,False
50,69053,,False
50,69064,,False
50,69083,,False
50,69087,,False
50,69093,,False
50,69094,,False
50,69107,,False
50,69120,,False
50,69124,,False
50,69133,,False
50,69135,,False
50,69169,,False
50,69172,,False
50,69212,,False
50,69218,,False
50,69219,,False
50,69226,,False
50,69239,,False
50,69249,,False
50,69263,,False
50,69286,,False
50,69292,,False
50,69302,,False
50,69309,,False
50,69313,,False
50,69314,,False
50,69331,,False
50,69333,,False
50,69343,,False
50,69344,,False
50,69348,,False
50,69360,,False
50,69372,,False
50,69382,,False
50,69387,,False
50,69394,,False
50,69397,,False
50,69413,,False
50,69416,,False
50,69419,,False
50,69421,,False
50,69429,,False
50,69430,,False
50,69448,,False
50,69463,,False
50,69465,,False
50,69481,,False
50,69488,,False
50,69489,,False
50,69503,,False
50,69548,,False
50,69556,,False
50,69558,,False
50,69566,,False
50,69570,,False
50,69577,,False
50,69583,,False
50,69588,,False
50,69596,,False
50,69622,,False
50,69625,,False
50,69636,,False
50,69653,,False
50,69665,,False
50,69678,,False
50,69697,,False
50,69704,,False
50,69714,,False
50,69716,,False
50,69734,,False
50,69743,,False
50,69746,,False
50,69763,,False
50,69769,,False
50,69776,,False
50,69778,,False
50,69781,,False
50,69811,,False
50,69822,,False
50,69845,,False
50,69847,,False
50,69861,,False
50,69871,,False
50,69889,,False
50,69906,,False
50,69910,,False
50,69913,,False
50,69920,,False
50,69928,,False
50,69935,,False
50,69937,,False
50,69945,,False
50,69951,,False
50,69953,,False
50,69959,,False
50,69968,,False
50,69972,,False
50,69992,,False
50,69996,,False
50,70006,,False
50,70009,,False
50,70014,,False
50,70020,,False
50,70023,,False
50,70024,,False
50,70030,,False
50,70064,,False
50,70071,,False
50,70094,,False
50,70103,,False
50,70118,,False
50,70131,,False
50,70138,,False
50,70142,,False
50,70144,,False
50,70145,,False
50,70149,,False
50,70154,,False
50,70165,,False
50,70171,,False
50,70175,,False
50,70176,,False
50,70196,,False
50,70201,,False
50,70213,,False
50,70215,,False
50,70220,,False
50,70229,,False
50,70238,,False
50,70254,,False
50,70266,,False
50,70271,,False
50,70273,,False
50,70289,,False
50,70290,,False
50,70307,,False
50,70326,,False
50,70336,,False
50,70353,,False
50,70372,,False
50,70383,,False
50,70385,,False
50,70387,,False
50,70391,,False
50,70392,,False
50,70394,,False
50,70400,,False
50,70406,,False
50,70409,,False
50,70413,,False
50,70434,,False
50,70443,,False
50,70450,,False
50,70464,,False
50,70471,,False
50,70473,,False
50,70484,,False
50,70488,,False
50,70500,,False
50,70502,,False
50,70507,,False
50,70511,,False
50,70513,,False
50,70518,,False
50,70531,,False
50,70540,,False
50,70548,,False
50,70559,,False
50,70560,,False
50,70562,,False
50,70570,,False
50,70572,,False
50,70579,,False
50,70581,,False
50,70603,,False
50,70607,,False
50,70610,,False
50,70620,,False
50,70638,,False
50,70648,,False
50,70656,,False
50,70668,,False
50,70672,,False
50,70673,,False
50,70675,,False
50,70693,,False
50,70695,,False
50,70697,,False
50,70712,,False
50,70718,,False
50,70725,,False
50,70735,,False
50,70737,,False
50,70742,,False
50,70756,,False
50,70771,,False
50,70782,,False
50,70784,,False
50,70794,,False
50,70798,,False
50,70801,,False
50,70809,,False
50,70812,,False
50,70813,,False
50,70815,,False
50,70824,,False
50,70837,,False
50,70840,,False
50,70843,,False
50,70850,,False
50,70871,,False
50,70873,,False
50,70875,,False
50,70880,,False
50,70895,,False
50,70905,,False
50,70906,,False
50,70920,,False
50,70939,,False
50,70940,,False
50,70965,,False
50,70979,,False
50,70998,,False
50,71000,,False
50,71001,,False
50,71019,,False
50,71028,,False
50,71042,,False
50,71049,,False
50,71050,,False
50,71051,,False
50,71061,,False
50,71063,,False
50,71065,,False
50,71069,,False
50,71071,,False
50,71074,,False
50,71081,,False
50,71082,,False
50,71088,,False
50,71089,,False
50,71098,,False
50,71108,,False
50,71113,,False
50,71119,,False
50,71137,,False
50,71141,,False
50,71143,,False
50,71156,,False
50,71163,,False
50,71166,,False
50,71183,,False
50,71202,,False
50,71209,,False
50,71213,,False
50,71234,,False
50,71241,,False
50,71244,,False
50,71251,,False
50,71265,,False
50,71275,,False
50,71293,,False
50,71299,,False
50,71307,,False
50,71316,,False
50,71322,,False
50,71329,,False
50,71364,,False
50,71369,,False
50,71371,,False
50,71373,,False
50,71374,,False
50,71378,,False
50,71382,,False
50,71383,,False
50,71390,,False
50,71392,,False
50,71393,,False
50,71415,,False
50,71418,,False
50,71420,,False
50,71423,,False
50,71427,,False
50,71436,,False
50,71440,,False
50,71446,,False
50,71462,,False
50,71476,,False
50,71478,,False
50,71488,,False
50,71496,,False
50,71503,,False
50,71504,,False
50,71514,,False
50,71516,,False
50,71528,,False
50,71537,,False
50,71543,,False
50,71569,,False
50,71572,,False
50,71585,,False
50,71606,,False
50,71621,,False
50,71624,,False
50,71630,,False
50,71631,,False
50,71634,,False
50,71644,,False
50,71650,,False
50,71661,,False
50,71666,,False
50,71683,,False
50,71685,,False
50,71728,,False
50,71731,,False
50,71735,,False
50,71740,,False
50,71752,,False
50,71758,,False
50,71759,,False
50,71763,,False
50,71766,,False
50,71775,,False
50,71779,,False
50,71812,,False
50,71819,,False
50,71825,,False
50,71833,,False
50,71834,,False
50,71847,,False
50,71848,,False
50,71851,,False
50,71855,,False
50,71857,,False
50,71863,,False
50,71903,,False
50,71913,,False
50,71932,,False
50,71945,,False
50,71947,,False
50,71951,,False
50,71968,,False
50,71969,,False
50,71986,,False
50,71987,,False
50,71988,,False
50,71998,,False
50,71999,,False
50,72011,,False
50,72015,,False
50,72042,,False
50,72044,,False
50,72045,,False
50,72059,,False
50,72064,,False
50,72072,,False
50,72098,,False
50,72115,,False
50,72121,,False
50,72124,,False
50,72137,,False
50,72151,,False
50,72158,,False
50,72169,,False
50,72175,,False
50,72188,,False
50,72189,,False
50,72209,,False
50,72212,,False
50,72217,,False
50,72223,,False
50,72237,,False
50,72255,,False
50,72261,,False
50,72268,,False
50,72272,,False
50,72284,,False
50,72291,,False
50,72307,,False
50,72318,,False
50,72320,,False
50,72337,,False
50,72340,,False
50,72343,,False
50,72362,,False
50,72364,,False
50,72393,,False
50,72399,,False
50,72402,,False
50,72407,,False
50,72416,,False
50,72420,,False
50,72423,,False
50,72430,,False
50,72432,,False
50,72456,,False
50,72461,,False
50,72485,,False
50,72491,,False
50,72498,,False
50,72523,,False
50,72528,,False
50,72529,,False
50,72536,,False
50,72554,,False
50,72559,,False
50,72579,,False
50,72592,,False
50,72600,,False
50,72602,,False
50,72611,,False
50,72612,,False
50,72632,,False
50,72637,,False
50,72660,,False
50,72664,,False
50,72673,,False
50,72683,,False
50,72688,,False
50,72696,,False
50,72702,,False
50,72710,,False
50,72719,,False
50,72738,,False
50,72746,,False
50,72758,,False
50,72763,,False
50,72771,,False
50,72772,,False
50,72820,,False
50,72830,,False
50,72831,,False
50,72837,,False
50,72841,,False
50,72845,,False
50,72861,,False
50,72863,,False
50,72869,,False
50,72871,,False
50,72880,,False
50,72907,,False
50,72914,,False
50,72915,,False
50,72917,,False
50,72919,,False
50,72925,,False
50,72934,,False
50,72937,,False
50,72938,,False
50,72962,,False
50,72969,,False
50,72991,,False
50,72995,,False
50,72998,,False
50,73016,,False
50,73018,,False
50,73036,,False
50,73050,,False
50,73052,,False
50,73061,,False
50,73072,,False
50,73087,,False
50,73104,,False
50,73117,,False
50,73123,,False
50,73125,,False
50,73158,,False
50,73160,,False
50,73168,,False
50,73176,,False
50,73178,,False
50,73181,,False
50,73184,,False
50,73190,,False
50,73193,,False
50,73201,,False
50,73205,,False
50,73209,,False
50,73215,,False
50,73221,,False
50,73233,,False
50,73244,,False
50,73247,,False
50,73255,,False
50,73260,,False
50,73281,,False
50,73285,,False
50,73289,,False
50,73296,,False
50,73297,,False
50,73298,,False
50,73306,,False
50,73330,,False
50,73339,,False
50,73340,,False
50,73350,,False
50,73356,,False
50,73362,,False
50,73369,,False
50,73372,,False
50,73375,,False
50,73394,,False
50,73399,,False
50,73409,,False
50,73412,,False
50,73416,,False
50,73418,,False
50,73420,,False
50,73422,,False
50,73423,,False
50,73439,,False
50,73444,,False
50,73446,,False
50,73455,,False
50,73456,,False
50,73458,,False
50,73473,,False
50,73486,,False
50,73500,,False
50,73527,,False
50,73533,,False
50,73536,,False
50,73546,,False
50,73566,,False
50,73576,,False
50,73592,,False
50,73597,,False
50,73601,,False
50,73603,,False
50,73604,,False
50,73613,,False
50,73619,,False
50,73628,,False
50,73635,,False
50,73640,,False
50,73644,,False
50,73652,,False
50,73658,,False
50,73678,,False
50,73684,,False
50,73716,,False
50,73718,,False
50,73722,,False
50,73723,,False
50,73729,,False
50,73732,,False
50,73734,,False
50,73737,,False
50,73739,,False
50,73743,,False
50,73750,,False
50,73751,,False
50,73759,,False
50,73763,,False
50,73772,,False
50,73777,,False
50,73783,,False
50,73784,,False
50,73795,,False
50,73797,,False
50,73800,,False
50,73803,,False
50,73804,,False
50,73816,,False
50,73821,,False
50,73826,,False
50,73838,,False
50,73845,,False
50,73857,,False
50,73876,,False
50,73882,,False
50,73885,,False
50,73893,,False
50,73902,,False
50,73908,,False
50,73916,,False
50,73917,,False
50,73922,,False
50,73923,,False
50,73931,,False
50,73932,,False
50,73942,,False
50,73943,,False
50,73946,,False
50,73965,,False
50,73975,,False
50,73986,,False
50,73988,,False
50,73992,,False
50,73995,,False
50,74001,,False
50,74009,,False
50,74011,,False
50,74021,,False
50,74030,,False
50,74046,,False
50,74048,,False
50,74054,,False
50,74059,,False
50,74064,,False
50,74073,,False
50,74075,,False
50,74076,,False
50,74083,,False
50,74086,,False
50,74090,,False
50,74110,,False
50,74142,,False
50,74153,,False
50,74154,,False
50,74158,,False
50,74159,,False
50,74161,,False
50,74163,,False
50,74164,,False
50,74166,,False
50,74186,,False
50,74187,,False
50,74220,,False
50,74230,,False
50,74232,,False
50,74240,,False
50,74244,,False
50,74256,,False
50,74291,,False
50,74298,,False
50,74299,,False
50,74310,,False
50,74323,,False
50,74331,,False
50,74339,,False
50,74342,,False
50,74345,,False
50,74349,,False
50,74355,,False
50,74360,,False
50,74361,,False
50,74383,,False
50,74384,,False
50,74403,,False
50,74410,,False
50,74431,,False
50,74456,,False
50,74457,,False
50,74467,,False
50,74489,,False
50,74507,,False
50,74516,,False
50,74520,,False
50,74530,,False
50,74547,,False
50,74553,,False
50,74556,,False
50,74567,,False
50,74587,,False
50,74589,,False
50,74609,,False
50,74615,,False
50,74619,,False
50,74623,,False
50,74624,,False
50,74627,,False
50,74629,,False
50,74631,,False
50,74632,,False
50,74635,,False
50,74650,,False
50,74654,,False
50,74669,,False
50,74683,,False
50,74686,,False
50,74688,,False
50,74704,,False
50,74715,,False
50,74719,,False
50,74723,,False
50,74724,,False
50,74727,,False
50,74737,,False
50,74739,,False
50,74762,,False
50,74766,,False
50,74771,,False
50,74781,,False
50,74790,,False
50,74792,,False
50,74797,,False
50,74803,,False
50,74804,,False
50,74812,,False
50,74819,,False
50,74824,,False
50,74836,,False
50,74840,,False
50,74850,,False
50,74869,,False
50,74878,,False
50,74899,,False
50,74902,,False
50,74915,,False
50,74926,,False
50,74944,,False
50,74946,,False
50,74950,,False
50,74952,,False
50,74954,,False
50,74956,,False
50,74959,,False
50,74968,,False
50,74970,,False
50,74971,,False
50,74973,,False
50,74980,,False
50,74993,,False
50,75040,,False
50,75068,,False
50,75071,,False
50,75098,,False
50,75101,,False
50,75105,,False
50,75108,,False
50,75140,,False
50,75141,,False
50,75168,,False
50,75177,,False
50,75179,,False
50,75184,,False
50,75186,,False
50,75191,,False
50,75206,,False
50,75215,,False
50,75216,,False
50,75219,,False
50,75233,,False
50,75237,,False
50,75240,,False
50,75246,,False
50,75247,,False
50,75256,,False
50,75277,,False
50,75281,,False
50,75302,,False
50,75314,,False
50,75335,,False
50,75340,,False
50,75344,,False
50,75353,,False
50,75360,,False
50,75383,,False
50,75385,,False
50,75388,,False
50,75396,,False
50,75398,,False
50,75409,,False
50,75426,,False
50,75435,,False
50,75443,,False
50,75447,,False
50,75449,,False
50,75460,,False
50,75468,,False
50,75474,,False
50,75475,,False
50,75477,,False
50,75483,,False
50,75486,,False
50,75493,,False
50,75496,,False
50,75513,,False
50,75527,,False
50,75541,,False
50,75550,,False
50,75579,,False
50,75585,,False
50,75588,,False
50,75592,,False
50,75615,,False
50,75622,,False
50,75636,,False
50,75659,,False
50,75661,,False
50,75682,,False
50,75701,,False
50,75702,,False
50,75710,,False
50,75722,,False
50,75743,,False
50,75744,,False
50,75748,,False
50,75762,,False
50,75764,,False
50,75768,,False
50,75775,,False
50,75784,,False
50,75786,,False
50,75788,,False
50,75794,,False
50,75818,,False
50,75823,,False
50,75832,,False
50,75834,,False
50,75837,,False
50,75840,,False
50,75843,,False
50,75855,,False
50,75871,,False
50,75877,,False
50,75882,,False
50,75884,,False
50,75889,,False
50,75896,,False
50,75897,,False
50,75907,,False
50,75912,,False
50,75923,,False
50,75940,,False
50,75970,,False
50,75976,,False
50,75991,,False
50,75995,,False
50,76004,,False
50,76006,,False
50,76008,,False
50,76012,,False
50,76016,,False
50,76022,,False
50,76025,,False
50,76029,,False
50,76030,,False
50,76040,,False
50,76052,,False
50,76070,,False
50,76076,,False
50,76077,,False
50,76079,,False
50,76090,,False
50,76093,,False
50,76103,,False
50,76105,,False
50,76107,,False
50,76108,,False
50,76113,,False
50,76123,,False
50,76130,,False
50,76140,,False
50,76143,,False
50,76145,,False
50,76161,,False
50,76167,,False
50,76188,,False
50,76199,,False
50,76220,,False
50,76221,,False
50,76226,,False
50,76229,,False
50,76232,,False
50,76237,,False
50,76272,,False
50,76284,,False
50,76307,,False
50,76313,,False
50,76321,,False
50,76324,,False
50,76331,,False
50,76342,,False
50,76352,,False
50,76353,,False
50,76378,,False
50,76393,,False
50,76396,,False
50,76400,,False
50,76414,,False
50,76438,,False
50,76441,,False
50,76444,,False
50,76446,,False
50,76461,,False
50,76463,,False
50,76467,,False
50,76472,,False
50,76474,,False
50,76477,,False
50,76478,,False
50,76493,,False
50,76500,,False
50,76502,,False
50,76503,,False
50,76507,,False
50,76511,,False
50,76560,,False
50,76575,,False
50,76585,,False
50,76586,,False
50,76594,,False
50,76610,,False
50,76615,,False
50,76628,,False
50,76635,,False
50,76636,,False
50,76662,,False
50,76666,,False
50,76668,,False
50,76688,,False
50,76697,,False
50,76702,,False
50,76713,,False
50,76714,,False
50,76722,,False
50,76724,,False
50,76730,,False
50,76743,,False
50,76753,,False
50,76768,,False
50,76782,,False
50,76802,,False
50,76824,,False
50,76827,,False
50,76857,,False
50,76895,,False
50,76909,,False
50,76919,,False
50,76924,,False
50,76928,,False
50,76933,,False
50,76937,,False
50,76949,,False
50,76954,,False
50,77017,,False
50,77018,,False
50,77022,,False
50,77054,,False
50,77078,,False
50,77083,,False
50,77087,,False
50,77101,,False
50,77104,,False
50,77106,,False
50,77111,,False
50,77115,,False
50,77134,,False
50,77141,,False
50,77147,,False
50,77153,,False
50,77171,,False
50,77177,,False
50,77180,,False
50,77189,,False
50,77193,,False
50,77208,,False
50,77209,,False
50,77217,,False
50,77228,,False
50,77234,,False
50,77235,,False
50,77236,,False
50,77241,,False
50,77246,,False
50,77257,,False
50,77260,,False
50,77263,,False
50,77268,,False
50,77272,,False
50,77295,,False
50,77302,,False
50,77305,,False
50,77316,,False
50,77320,,False
50,77339,,False
50,77341,,False
50,77345,,False
50,77348,,False
50,77356,,False
50,77358,,False
50,77364,,False
50,77365,,False
50,77366,,False
50,77382,,False
50,77389,,False
50,77397,,False
50,77421,,False
50,77434,,False
50,77444,,False
50,77447,,False
50,77449,,False
50,77454,,False
50,77462,,False
50,77479,,False
50,77482,,False
50,77486,,False
50,77489,,False
50,77493,,False
50,77495,,False
50,77496,,False
50,77499,,False
50,77508,,False
50,77514,,False
50,77516,,False
50,77521,,False
50,77531,,False
50,77538,,False
50,77548,,False
50,77610,,False
50,77613,,False
50,77617,,False
50,77620,,False
50,77626,,False
50,77639,,False
50,77653,,False
50,77667,,False
50,77670,,False
50,77675,,False
50,77679,,False
50,77681,,False
50,77684,,False
50,77698,,False
50,77700,,False
50,77711,,False
50,77725,,False
50,77728,,False
50,77731,,False
50,77738,,False
50,77742,,False
50,77744,,False
50,77751,,False
50,77757,,False
50,77759,,False
50,77776,,False
50,77779,,False
50,77786,,False
50,77792,,False
50,77794,,False
50,77799,,False
50,77806,,False
50,77814,,False
50,77818,,False
50,77835,,False
50,77838,,False
50,77848,,False
50,77854,,False
50,77857,,False
50,77859,,False
50,77863,,False
50,77910,,False
50,77930,,False
50,77955,,False
50,77976,,False
50,77991,,False
50,78001,,False
50,78002,,False
50,78011,,False
50,78012,,False
50,78016,,False
50,78039,,False
50,78043,,False
50,78060,,False
50,78070,,False
50,78072,,False
50,78107,,False
50,78115,,False
50,78117,,False
50,78123,,False
50,78136,,False
50,78138,,False
50,78139,,False
50,78143,,False
50,78144,,False
50,78153,,False
50,78157,,False
50,78160,,False
50,78166,,False
50,78193,,False
50,78205,,False
50,78207,,False
50,78208,,False
50,78212,,False
50,78218,,False
50,78224,,False
50,78226,,False
50,78232,,False
50,78233,,False
50,78253,,False
50,78258,,False
50,78264,,False
50,78274,,False
50,78275,,False
50,78285,,False
50,78297,,False
50,78318,,False
50,78329,,False
50,78334,,False
50,78346,,False
50,78354,,False
50,78365,,False
50,78372,,False
50,78380,,False
50,78405,,False
50,78410,,False
50,78413,,False
50,78420,,False
50,78423,,False
50,78441,,False
50,78445,,False
50,78447,,False
50,78462,,False
50,78463,,False
50,78476,,False
50,78477,,False
50,78478,,False
50,78493,,False
50,78513,,False
50,78514,,False
50,78517,,False
50,78519,,False
50,78529,,False
50,78560,,False
50,78574,,False
50,78587,,False
50,78600,,False
50,78602,,False
50,78616,,False
50,78621,,False
50,78623,,False
50,78626,,False
50,78634,,False
50,78649,,False
50,78663,,False
50,78666,,False
50,78672,,False
50,78677,,False
50,78716,,False
50,78720,,False
50,78738,,False
50,78743,,False
50,78756,,False
50,78763,,False
50,78767,,False
50,78797,,False
50,78812,,False
50,78815,,False
50,78822,,False
50,78823,,False
50,78824,,False
50,78828,,False
50,78843,,False
50,78846,,False
50,78852,,False
50,78857,,False
50,78862,,False
50,78871,,False
50,78904,,False
50,78908,,False
50,78911,,False
50,78916,,False
50,78934,,False
50,78945,,False
50,78950,,False
50,78969,,False
50,78971,,False
50,78980,,False
50,78982,,False
50,78997,,False
50,79017,,False
50,79024,,False
50,79028,,False
50,79037,,False
50,79043,,False
50,79046,,False
50,79057,,False
50,79071,,False
50,79090,,False
50,79118,,False
50,79138,,False
50,79142,,False
50,79147,,False
50,79150,,False
50,79157,,False
50,79164,,False
50,79172,,False
50,79175,,False
50,79177,,False
50,79180,,False
50,79190,,False
50,79201,,False
50,79202,,False
50,79203,,False
50,79206,,False
50,79214,,False
50,79218,,False
50,79223,,False
50,79227,,False
50,79241,,False
50,79243,,False
50,79250,,False
50,79252,,False
50,79260,,False
50,79267,,False
50,79269,,False
50,79270,,False
50,79272,,False
50,79276,,False
50,79278,,False
50,79285,,False
50,79296,,False
50,79311,,False
50,79316,,False
50,79319,,False
50,79321,,False
50,79323,,False
50,79351,,False
50,79359,,False
50,79366,,False
50,79376,,False
50,79379,,False
50,79387,,False
50,79388,,False
50,79396,,False
50,79402,,False
50,79416,,False
50,79420,,False
50,79426,,False
50,79433,,False
50,79441,,False
50,79462,,False
50,79471,,False
50,79479,,False
50,79492,,False
50,79496,,False
50,79501,,False
50,79502,,False
50,79520,,False
50,79528,,False
50,79539,,False
50,79540,,False
50,79545,,False
50,79556,,False
50,79560,,False
50,79573,,False
50,79580,,False
50,79590,,False
50,79593,,False
50,79594,,False
50,79610,,False
50,79615,,False
50,79621,,False
50,79628,,False
50,79654,,False
50,79686,,False
50,79691,,False
50,79696,,False
50,79700,,False
50,79705,,False
50,79717,,False
50,79725,,False
50,79727,,False
50,79736,,False
50,79742,,False
50,79758,,False
50,79760,,False
50,79814,,False
50,79819,,False
50,79841,,False
50,79843,,False
50,79850,,False
50,79855,,False
50,79862,,False
50,79883,,False
50,79886,,False
50,79891,,False
50,79901,,False
50,79906,,False
50,79909,,False
50,79910,,False
50,79916,,False
50,79926,,False
50,79933,,False
50,79946,,False
50,79952,,False
50,79956,,False
50,79971,,False
50,79979,,False
50,79987,,False
50,80004,,False
50,80005,,False
50,80007,,False
50,80012,,False
50,80023,,False
50,80024,,False
50,80033,,False
50,80041,,False
50,80057,,False
50,80061,,False
50,80064,,False
50,80078,,False
50,80081,,False
50,80092,,False
50,80098,,False
50,80101,,False
50,80106,,False
50,80124,,False
50,80129,,False
50,80140,,False
50,80154,,False
50,80161,,False
50,80183,,False
50,80195,,False
50,80198,,False
50,80210,,False
50,80214,,False
50,80216,,False
50,80225,,False
50,80247,,False
50,80249,,False
50,80259,,False
50,80262,,False
50,80282,,False
50,80287,,False
50,80293,,False
50,80298,,False
50,80302,,False
50,80303,,False
50,80307,,False
50,80316,,False
50,80323,,False
50,80325,,False
50,80346,,False
50,80352,,False
50,80354,,False
50,80356,,False
50,80361,,False
50,80362,,False
50,80381,,False
50,80386,,False
50,80392,,False
50,80395,,False
50,80414,,False
50,80416,,False
50,80423,,False
50,80427,,False
50,80437,,False
50,80450,,False
50,80464,,False
50,80466,,False
50,80477,,False
50,80488,,False
50,80511,,False
50,80515,,False
50,80519,,False
50,80529,,False
50,80536,,False
50,80545,,False
50,80546,,False
50,80553,,False
50,80556,,False
50,80571,,False
50,80572,,False
50,80584,,False
50,80587,,False
50,80592,,False
50,80596,,False
50,80603,,False
50,80605,,False
50,80610,,False
50,80619,,False
50,80638,,False
50,80654,,False
50,80670,,False
50,80673,,False
50,80687,,False
50,80691,,False
50,80716,,False
50,80722,,False
50,80735,,False
50,80750,,False
50,80766,,False
50,80769,,False
50,80774,,False
50,80783,,False
50,80785,,False
50,80787,,False
50,80791,,False
50,80792,,False
50,80801,,False
50,80803,,False
50,80809,,False
50,80812,,False
50,80820,,False
50,80847,,False
50,80848,,False
50,80852,,False
50,80862,,False
50,80863,,False
50,80881,,False
50,80892,,False
50,80894,,False
50,80901,,False
50,80920,,False
50,80923,,False
50,80924,,False
50,80943,,False
50,80950,,False
50,80952,,False
50,80953,,False
50,80958,,False
50,80960,,False
50,80962,,False
50,80967,,False
50,80995,,False
50,80997,,False
50,81001,,False
50,81009,,False
50,81033,,False
50,81041,,False
50,81043,,False
50,81056,,False
50,81058,,False
50,81060,,False
50,81068,,False
50,81069,,False
50,81077,,False
50,81081,,False
50,81090,,False
50,81091,,False
50,81094,,False
50,81100,,False
50,81104,,False
50,81106,,False
50,81111,,False
50,81113,,False
50,81126,,False
50,81133,,False
50,81144,,False
50,81150,,False
50,81152,,False
50,81167,,False
50,81168,,False
50,81169,,False
50,81199,,False
50,81205,,False
50,81229,,False
50,81255,,False
50,81256,,False
50,81258,,False
50,81262,,False
50,81264,,False
50,81278,,False
50,81283,,False
50,81289,,False
50,81290,,False
50,81298,,False
50,81301,,False
50,81329,,False
50,81334,,False
50,81338,,False
50,81340,,False
50,81344,,False
50,81346,,False
50,81353,,False
50,81357,,False
50,81368,,False
50,81371,,False
50,81383,,False
50,81387,,False
50,81388,,False
50,81400,,False
50,81410,,False
50,81420,,False
50,81436,,False
50,81437,,False
50,81441,,False
50,81450,,False
50,81456,,False
50,81464,,False
50,81467,,False
50,81473,,False
50,81483,,False
50,81501,,False
50,81516,,False
50,81521,,False
50,81525,,False
50,81527,,False
50,81532,,False
50,81535,,False
50,81539,,False
50,81554,,False
50,81568,,False
50,81571,,False
50,81577,,False
50,81592,,False
50,81597,,False
50,81607,,False
50,81609,,False
50,81617,,False
50,81622,,False
50,81627,,False
50,81642,,False
50,81651,,False
50,81655,,False
50,81656,,False
50,81657,,False
50,81658,,False
50,81666,,False
50,81680,,False
50,81697,,False
50,81703,,False
50,81706,,False
50,81712,,False
50,81713,,False
50,81718,,False
50,81737,,False
50,81752,,False
50,81754,,False
50,81763,,False
50,81770,,False
50,81781,,False
50,81783,,False
50,81793,,False
50,81795,,False
50,81804,,False
50,81817,,False
50,81846,,False
50,81847,,False
50,81850,,False
50,81858,,False
50,81861,,False
50,81863,,False
50,81865,,False
50,81879,,False
50,81884,,False
50,81915,,False
50,81923,,False
50,81927,,False
50,81928,,False
50,81929,,False
50,81945,,False
50,81947,,False
50,81957,,False
50,81968,,False
50,81975,,False
50,81979,,False
50,81991,,False
50,82000,,False
50,82006,,False
50,82035,,False
50,82061,,False
50,82072,,False
50,82107,,False
50,82108,,False
50,82112,,False
50,82114,,False
50,82116,,False
50,82133,,False
50,82137,,False
50,82148,,False
50,82152,,False
50,82164,,False
50,82191,,False
50,82193,,False
50,82199,,False
50,82205,,False
50,82214,,False
50,82219,,False
50,82222,,False
50,82230,,False
50,82240,,False
50,82259,,False
50,82261,,False
50,82268,,False
50,82271,,False
50,82276,,False
50,82278,,False
50,82303,,False
50,82309,,False
50,82314,,False
50,82319,,False
50,82339,,False
50,82349,,False
50,82363,,False
50,82366,,False
50,82376,,False
50,82379,,False
50,82380,,False
50,82383,,False
50,82412,,False
50,82425,,False
50,82466,,False
50,82468,,False
50,82473,,False
50,82474,,False
50,82493,,False
50,82494,,False
50,82497,,False
50,82502,,False
50,82518,,False
50,82520,,False
50,82523,,False
50,82528,,False
50,82547,,False
50,82550,,False
50,82561,,False
50,82563,,False
50,82564,,False
50,82609,,False
50,82615,,False
50,82617,,False
50,82630,,False
50,82646,,False
50,82653,,False
50,82654,,False
50,82655,,False
50,82668,,False
50,82674,,False
50,82685,,False
50,82688,,False
50,82690,,False
50,82721,,False
50,82735,,False
50,82747,,False
50,82749,,False
50,82750,,False
50,82758,,False
50,82772,,False
50,82774,,False
50,82776,,False
50,82783,,False
50,82784,,False
50,82801,,False
50,82804,,False
50,82808,,False
50,82812,,False
50,82822,,False
50,82832,,False
50,82836,,False
50,82844,,False
50,82847,,False
50,82849,,False
50,82857,,False
50,82863,,False
50,82880,,False
50,82911,,False
50,82921,,False
50,82926,,False
50,82938,,False
50,82948,,False
50,82950,,False
50,82956,,False
50,82962,,False
50,82964,,False
50,82974,,False
50,82979,,False
50,82981,,False
50,82983,,False
50,82986,,False
50,82988,,False
50,83006,,False
50,83012,,False
50,83022,,False
50,83030,,False
50,83034,,False
50,83056,,False
50,83060,,False
50,83062,,False
50,83073,,False
50,83085,,False
50,83094,,False
50,83106,,False
50,83124,,False
50,83130,,False
50,83133,,False
50,83134,,False
50,83136,,False
50,83137,,False
50,83141,,False
50,83158,,False
50,83170,,False
50,83180,,False
50,83183,,False
50,83205,,False
50,83219,,False
50,83228,,False
50,83266,,False
50,83273,,False
50,83276,,False
50,83282,,False
50,83284,,False
50,83285,,False
50,83301,,False
50,83307,,False
50,83321,,False
50,83334,,False
50,83341,,False
50,83343,,False
50,83346,,False
50,83351,,False
50,83359,,False
50,83368,,False
50,83375,,False
50,83384,,False
50,83385,,False
50,83390,,False
50,83408,,False
50,83411,,False
50,83423,,False
50,83438,,False
50,83439,,False
50,83444,,False
50,83455,,False
50,83458,,False
50,83459,,False
50,83464,,False
50,83483,,False
50,83485,,False
50,83513,,False
50,83516,,False
50,83521,,False
50,83527,,False
50,83539,,False
50,83540,,False
50,83560,,False
50,83567,,False
50,83569,,False
50,83570,,False
50,83579,,False
50,83594,,False
50,83617,,False
50,83629,,False
50,83634,,False
50,83639,,False
50,83661,,False
50,83669,,False
50,83716,,False
50,83718,,False
50,83725,,False
50,83738,,False
50,83740,,False
50,83760,,False
50,83777,,False
50,83787,,False
50,83798,,False
50,83829,,False
50,83841,,False
50,83846,,False
50,83863,,False
50,83872,,False
50,83891,,False
50,83900,,False
50,83903,,False
50,83928,,False
50,83938,,False
50,83940,,False
50,83951,,False
50,83956,,False
50,83958,,False
50,83960,,False
50,83967,,False
50,83972,,False
50,83975,,False
50,83991,,False
50,83998,,False
50,84020,,False
50,84043,,False
50,84045,,False
50,84051,,False
50,84066,,False
50,84072,,False
50,84077,,False
50,84080,,False
50,84093,,False
50,84098,,False
50,84101,,False
50,84104,,False
50,84114,,False
50,84125,,False
50,84127,,False
50,84134,,False
50,84138,,False
50,84140,,False
50,84151,,False
50,84156,,False
50,84168,,False
50,84179,,False
50,84202,,False
50,84207,,False
50,84211,,False
50,84212,,False
50,84214,,False
50,84216,,False
50,84223,,False
50,84235,,False
50,84237,,False
50,84239,,False
50,84245,,False
50,84255,,False
50,84261,,False
50,84263,,False
50,84272,,False
50,84277,,False
50,84283,,False
50,84285,,False
50,84293,,False
50,84298,,False
50,84311,,False
50,84318,,False
50,84321,,False
50,84325,,False
50,84330,,False
50,84350,,False
50,84358,,False
50,84360,,False
50,84369,,False
50,84371,,False
50,84377,,False
50,84390,,False
50,84395,,False
50,84400,,False
50,84407,,False
50,84411,,False
50,84418,,False
50,84422,,False
50,84425,,False
50,84432,,False
50,84434,,False
50,84445,,False
50,84454,,False
50,84456,,False
50,84459,,False
50,84470,,False
50,84491,,False
50,84493,,False
50,84496,,False
50,84509,,False
50,84511,,False
50,84518,,False
50,84524,,False
50,84525,,False
50,84534,,False
50,84540,,False
50,84551,,False
50,84554,,False
50,84559,,False
50,84569,,False
50,84576,,False
50,84577,,False
50,84589,,False
50,84604,,False
50,84610,,False
50,84618,,False
50,84641,,False
50,84648,,False
50,84650,,False
50,84651,,False
50,84658,,False
50,84659,,False
50,84663,,False
50,84667,,False
50,84669,,False
50,84678,,False
50,84682,,False
50,84695,,False
50,84700,,False
50,84702,,False
50,84715,,False
50,84720,,False
50,84722,,False
50,84724,,False
50,84726,,False
50,84746,,False
50,84757,,False
50,84781,,False
50,84785,,False
50,84786,,False
50,84787,,False
50,84788,,False
50,84816,,False
50,84818,,False
50,84822,,False
50,84831,,False
50,84835,,False
50,84840,,False
50,84842,,False
50,84855,,False
50,84858,,False
50,84863,,False
50,84866,,False
50,84868,,False
50,84879,,False
50,84885,,False
50,84890,,False
50,84900,,False
50,84904,,False
50,84906,,False
50,84916,,False
50,84923,,False
50,84931,,False
50,84949,,False
50,84959,,False
50,84986,,False
50,84997,,False
50,85000,,False
50,85005,,False
50,85017,,False
50,85026,,False
50,85043,,False
50,85052,,False
50,85058,,False
50,85067,,False
50,85076,,False
50,85078,,False
50,85090,,False
50,85091,,False
50,85093,,False
50,85101,,False
50,85103,,False
50,85106,,False
50,85125,,False
50,85136,,False
50,85147,,False
50,85149,,False
50,85157,,False
50,85176,,False
50,85196,,False
50,85199,,False
50,85203,,False
50,85210,,False
50,85216,,False
50,85217,,False
50,85218,,False
50,85224,,False
50,85250,,False
50,85259,,False
50,85261,,False
50,85279,,False
50,85287,,False
50,85289,,False
50,85302,,False
50,85303,,False
50,85306,,False
50,85310,,False
50,85312,,False
50,85314,,False
50,85323,,False
50,85337,,False
50,85341,,False
50,85343,,False
50,85354,,False
50,85376,,False
50,85377,,False
50,85384,,False
50,85388,,False
50,85396,,False
50,85402,,False
50,85404,,False
50,85416,,False
50,85428,,False
50,85431,,False
50,85432,,False
50,85435,,False
50,85436,,False
50,85440,,False
50,85451,,False
50,85462,,False
50,85469,,False
50,85477,,False
50,85481,,False
50,85487,,False
50,85512,,False
50,85514,,False
50,85524,,False
50,85530,,False
50,85533,,False
50,85551,,False
50,85561,,False
50,85566,,False
50,85567,,False
50,85581,,False
50,85588,,False
50,85591,,False
50,85607,,False
50,85611,,False
50,85613,,False
50,85631,,False
50,85641,,False
50,85652,,False
50,85655,,False
50,85684,,False
50,85691,,False
50,85693,,False
50,85699,,False
50,85701,,False
50,85707,,False
50,85716,,False
50,85717,,False
50,85742,,False
50,85752,,False
50,85758,,False
50,85761,,False
50,85776,,False
50,85781,,False
50,85797,,False
50,85812,,False
50,85833,,False
50,85835,,False
50,85839,,False
50,85843,,False
50,85866,,False
50,85869,,False
50,85870,,False
50,85875,,False
50,85886,,False
50,85888,,False
50,85892,,False
50,85895,,False
50,85900,,False
50,85902,,False
50,85915,,False
50,85917,,False
50,85918,,False
50,85932,,False
50,85959,,False
50,85964,,False
50,85966,,False
50,85976,,False
50,85985,,False
50,85989,,False
50,86001,,False
50,86005,,False
50,86007,,False
50,86013,,False
50,86033,,False
50,86038,,False
50,86040,,False
50,86049,,False
50,86060,,False
50,86069,,False
50,86075,,False
50,86082,,False
50,86091,,False
50,86101,,False
50,86112,,False
50,86116,,False
50,86133,,False
50,86142,,False
50,86143,,False
50,86151,,False
50,86161,,False
50,86166,,False
50,86169,,False
50,86174,,False
50,86183,,False
50,86193,,False
50,86197,,False
50,86203,,False
50,86207,,False
50,86212,,False
50,86215,,False
50,86226,,False
50,86231,,False
50,86240,,False
50,86253,,False
50,86267,,False
50,86278,,False
50,86301,,False
50,86307,,False
50,86313,,False
50,86320,,False
50,86321,,False
50,86332,,False
50,86338,,False
50,86343,,False
50,86349,,False
50,86363,,False
50,86374,,False
50,86377,,False
50,86388,,False
50,86389,,False
50,86400,,False
50,86421,,False
50,86427,,False
50,86433,,False
50,86447,,False
50,86450,,False
50,86460,,False
50,86471,,False
50,86483,,False
50,86491,,False
50,86509,,False
50,86529,,False
50,86540,,False
50,86560,,False
50,86581,,False
50,86595,,False
50,86598,,False
50,86607,,False
50,86618,,False
50,86629,,False
50,86631,,False
50,86642,,False
50,86651,,False
50,86663,,False
50,86666,,False
50,86669,,False
50,86680,,False
50,86696,,False
50,86698,,False
50,86713,,False
50,86717,,False
50,86719,,False
50,86730,,False
50,86733,,False
50,86739,,False
50,86744,,False
50,86753,,False
50,86766,,False
50,86777,,False
50,86780,,False
50,86796,,False
50,86819,,False
50,86821,,False
50,86834,,False
50,86843,,False
50,86844,,False
50,86849,,False
50,86851,,False
50,86854,,False
50,86862,,False
50,86870,,False
50,86886,,False
50,86888,,False
50,86898,,False
50,86919,,False
50,86921,,False
50,86932,,False
50,86946,,False
50,86963,,False
50,86967,,False
50,86982,,False
50,86984,,False
50,86989,,False
50,87001,,False
50,87004,,False
50,87015,,False
50,87023,,False
50,87034,,False
50,87057,,False
50,87070,,False
50,87071,,False
50,87078,,False
50,87081,,False
50,87087,,False
50,87089,,False
50,87097,,False
50,87110,,False
50,87115,,False
50,87123,,False
50,87127,,False
50,87131,,False
50,87145,,False
50,87149,,False
50,87169,,False
50,87170,,False
50,87172,,False
50,87176,,False
50,87179,,False
50,87183,,False
50,87198,,False
50,87203,,False
50,87209,,False
50,87221,,False
50,87237,,False
50,87241,,False
50,87252,,False
50,87263,,False
50,87268,,False
50,87281,,False
50,87283,,False
50,87291,,False
50,87294,,False
50,87318,,False
50,87319,,False
50,87321,,False
50,87340,,False
50,87346,,False
50,87354,,False
50,87359,,False
50,87373,,False
50,87375,,False
50,87384,,False
50,87391,,False
50,87393,,False
50,87399,,False
50,87415,,False
50,87417,,False
50,87426,,False
50,87428,,False
50,87457,,False
50,87464,,False
50,87466,,False
50,87470,,False
50,87472,,False
50,87475,,False
50,87484,,False
50,87488,,False
50,87501,,False
50,87520,,False
50,87522,,False
50,87526,,False
50,87531,,False
50,87533,,False
50,87551,,False
50,87573,,False
50,87581,,False
50,87582,,False
50,87593,,False
50,87599,,False
50,87630,,False
50,87632,,False
50,87640,,False
50,87661,,False
50,87697,,False
50,87726,,False
50,87732,,False
50,87735,,False
50,87740,,False
50,87747,,False
50,87752,,False
50,87756,,False
50,87758,,False
50,87763,,False
50,87769,,False
50,87773,,False
50,87782,,False
50,87793,,False
50,87795,,False
50,87819,,False
50,87822,,False
50,87826,,False
50,87828,,False
50,87833,,False
50,87842,,False
50,87845,,False
50,87850,,False
50,87857,,False
50,87866,,False
50,87872,,False
50,87884,,False
50,87886,,False
50,87890,,False
50,87894,,False
50,87897,,False
50,87899,,False
50,87907,,False
50,87915,,False
50,87916,,False
50,87917,,False
50,87920,,False
50,87952,,False
50,87954,,False
50,87957,,False
50,87960,,False
50,87975,,False
50,87979,,False
50,87987,,False
50,87995,,False
50,88010,,False
50,88019,,False
50,88030,,False
50,88036,,False
50,88038,,False
50,88040,,False
50,88045,,False
50,88058,,False
50,88061,,False
50,88071,,False
50,88072,,False
50,88080,,False
50,88098,,False
50,88101,,False
50,88113,,False
50,88135,,False
50,88151,,False
50,88162,,False
50,88167,,False
50,88176,,False
50,88198,,False
50,88207,,False
50,88213,,False
50,88216,,False
50,88223,,False
50,88234,,False
50,88264,,False
50,88274,,False
50,88289,,False
50,88290,,False
50,88291,,False
50,88302,,False
50,88303,,False
50,88306,,False
50,88311,,False
50,88314,,False
50,88326,,False
50,88350,,False
50,88352,,False
50,88354,,False
50,88365,,False
50,88367,,False
50,88402,,False
50,88421,,False
50,88429,,False
50,88431,,False
50,88436,,False
50,88448,,False
50,88451,,False
50,88463,,False
50,88466,,False
50,88479,,False
50,88490,,False
50,88493,,False
50,88496,,False
50,88499,,False
50,88502,,False
50,88525,,False
50,88532,,False
50,88555,,False
50,88557,,False
50,88558,,False
50,88561,,False
50,88580,,False
50,88583,,False
50,88588,,False
50,88592,,False
50,88598,,False
50,88601,,False
50,88622,,False
50,88626,,False
50,88634,,False
50,88642,,False
50,88662,,False
50,88674,,False
50,88689,,False
50,88691,,False
50,88696,,False
50,88698,,False
50,88700,,False
50,88701,,False
50,88705,,False
50,88715,,False
50,88716,,False
50,88720,,False
50,88735,,False
50,88744,,False
50,88745,,False
50,88753,,False
50,88756,,False
50,88769,,False
50,88770,,False
50,88774,,False
50,88775,,False
50,88782,,False
50,88788,,False
50,88791,,False
50,88792,,False
50,88802,,False
50,88820,,False
50,88869,,False
50,88882,,False
50,88886,,False
50,88891,,False
50,88892,,False
50,88907,,False
50,88911,,False
50,88942,,False
50,88955,,False
50,88975,,False
50,88998,,False
50,89000,,False
50,89018,,False
50,89025,,False
50,89033,,False
50,89043,,False
50,89047,,False
50,89048,,False
50,89058,,False
50,89059,,False
50,89067,,False
50,89071,,False
50,89076,,False
50,89079,,False
50,89085,,False
50,89088,,False
50,89092,,False
50,89099,,False
50,89113,,False
50,89115,,False
50,89120,,False
50,89123,,False
50,89130,,False
50,89135,,False
50,89136,,False
50,89144,,False
50,89146,,False
50,89154,,False
50,89155,,False
50,89156,,False
50,89168,,False
50,89177,,False
50,89183,,False
50,89184,,False
50,89190,,False
50,89191,,False
50,89216,,False
50,89229,,False
50,89232,,False
50,89233,,False
50,89234,,False
50,89238,,False
50,89240,,False
50,89275,,False
50,89282,,False
50,89303,,False
50,89305,,False
50,89326,,False
50,89335,,False
50,89348,,False
50,89349,,False
50,89378,,False
50,89382,,False
50,89423,,False
50,89424,,False
50,89430,,False
50,89433,,False
50,89435,,False
50,89439,,False
50,89443,,False
50,89454,,False
50,89462,,False
50,89473,,False
50,89492,,False
50,89493,,False
50,89498,,False
50,89522,,False
50,89524,,False
50,89560,,False
50,89568,,False
50,89570,,False
50,89579,,False
50,89585,,False
50,89590,,False
50,89598,,False
50,89604,,False
50,89608,,False
50,89618,,False
50,89628,,False
50,89643,,False
50,89646,,False
50,89647,,False
50,89655,,False
50,89660,,False
50,89671,,False
50,89674,,False
50,89694,,False
50,89702,,False
50,89704,,False
50,89709,,False
50,89716,,False
50,89730,,False
50,89735,,False
50,89749,,False
50,89751,,False
50,89761,,False
50,89788,,False
50,89799,,False
50,89806,,False
50,89815,,False
50,89820,,False
50,89828,,False
50,89830,,False
50,89835,,False
50,89873,,False
50,89881,,False
50,89882,,False
50,89887,,False
50,89890,,False
50,89915,,False
50,89916,,False
50,89928,,False
50,89930,,False
50,89950,,False
50,89952,,False
50,89954,,False
50,89957,,False
50,89959,,False
50,89967,,False
50,89973,,False
50,89981,,False
50,90006,,False
50,90012,,False
50,90044,,False
50,90058,,False
50,90064,,False
50,90070,,False
50,90074,,False
50,90100,,False
50,90102,,False
50,90115,,False
50,90119,,False
50,90129,,False
50,90133,,False
50,90135,,False
50,90143,,False
50,90151,,False
50,90152,,False
50,90159,,False
50,90167,,False
50,90178,,False
50,90181,,False
50,90201,,False
50,90202,,False
50,90207,,False
50,90208,,False
50,90220,,False
50,90230,,False
50,90232,,False
50,90234,,False
50,90238,,False
50,90248,,False
50,90264,,False
50,90279,,False
50,90297,,False
50,90298,,False
50,90299,,False
50,90312,,False
50,90314,,False
50,90317,,False
50,90321,,False
50,90324,,False
50,90325,,False
50,90333,,False
50,90341,,False
50,90355,,False
50,90362,,False
50,90365,,False
50,90375,,False
50,90408,,False
50,90420,,False
50,90481,,False
50,90504,,False
50,90522,,False
50,90548,,False
50,90551,,False
50,90558,,False
50,90562,,False
50,90563,,False
50,90570,,False
50,90574,,False
50,90591,,False
50,90601,,False
50,90607,,False
50,90611,,False
50,90625,,False
50,90626,,False
50,90637,,False
50,90644,,False
50,90657,,False
50,90658,,False
50,90669,,False
50,90677,,False
50,90682,,False
50,90685,,False
50,90697,,False
50,90707,,False
50,90710,,False
50,90720,,False
50,90724,,False
50,90729,,False
50,90735,,False
50,90747,,False
50,90757,,False
50,90760,,False
50,90770,,False
50,90773,,False
50,90787,,False
50,90790,,False
50,90796,,False
50,90798,,False
50,90806,,False
50,90810,,False
50,90813,,False
50,90825,,False
50,90830,,False
50,90842,,False
50,90851,,False
50,90858,,False
50,90879,,False
50,90892,,False
50,90897,,False
50,90903,,False
50,90906,,False
50,90908,,False
50,90910,,False
50,90913,,False
50,90920,,False
50,90922,,False
50,90935,,False
50,90947,,False
50,90950,,False
50,90956,,False
50,90970,,False
50,90994,,False
50,91026,,False
50,91033,,False
50,91041,,False
50,91044,,False
50,91047,,False
50,91049,,False
50,91057,,False
50,91062,,False
50,91063,,False
50,91065,,False
50,91070,,False
50,91083,,False
50,91091,,False
50,91098,,False
50,91103,,False
50,91116,,False
50,91119,,False
50,91129,,False
50,91131,,False
50,91142,,False
50,91155,,False
50,91157,,False
50,91168,,False
50,91179,,False
50,91186,,False
50,91190,,False
50,91197,,False
50,91198,,False
50,91230,,False
50,91237,,False
50,91239,,False
50,91242,,False
50,91247,,False
50,91257,,False
50,91267,,False
50,91294,,False
50,91300,,False
50,91308,,False
50,91318,,False
50,91330,,False
50,91338,,False
50,91339,,False
50,91341,,False
50,91348,,False
50,91351,,False
50,91353,,False
50,91362,,False
50,91363,,False
50,91366,,False
50,91379,,False
50,91387,,False
50,91396,,False
50,91417,,False
50,91422,,False
50,91428,,False
50,91429,,False
50,91476,,False
50,91498,,False
50,91501,,False
50,91506,,False
50,91513,,False
50,91516,,False
50,91522,,False
50,91523,,False
50,91524,,False
50,91543,,False
50,91546,,False
50,91548,,False
50,91553,,False
50,91571,,False
50,91577,,False
50,91578,,False
50,91580,,False
50,91591,,False
50,91596,,False
50,91631,,False
50,91660,,False
50,91670,,False
50,91672,,False
50,91685,,False
50,91709,,False
50,91711,,False
50,91712,,False
50,91726,,False
50,91728,,False
50,91737,,False
50,91738,,False
50,91743,,False
50,91746,,False
50,91747,,False
50,91749,,False
50,91759,,False
50,91782,,False
50,91784,,False
50,91792,,False
50,91798,,False
50,91809,,False
50,91817,,False
50,91820,,False
50,91828,,False
50,91840,,False
50,91849,,False
50,91863,,False
50,91867,,False
50,91869,,False
50,91880,,False
50,91892,,False
50,91900,,False
50,91906,,False
50,91909,,False
50,91913,,False
50,91916,,False
50,91926,,False
50,91956,,False
50,91964,,False
50,91968,,False
50,91974,,False
50,91978,,False
50,91983,,False
50,91984,,False
50,91987,,False
50,91988,,False
50,91992,,False
50,92019,,False
50,92023,,False
50,92026,,False
50,92029,,False
50,92038,,False
50,92061,,False
50,92069,,False
50,92070,,False
50,92077,,False
50,92087,,False
50,92102,,False
50,92109,,False
50,92111,,False
50,92129,,False
50,92131,,False
50,92133,,False
50,92146,,False
50,92148,,False
50,92158,,False
50,92163,,False
50,92176,,False
50,92180,,False
50,92185,,False
50,92188,,False
50,92195,,False
50,92197,,False
50,92207,,False
50,92219,,False
50,92222,,False
50,92223,,False
50,92228,,False
50,92229,,False
50,92234,,False
50,92241,,False
50,92242,,False
50,92254,,False
50,92261,,False
50,92265,,False
50,92274,,False
50,92302,,False
50,92308,,False
50,92317,,False
50,92322,,False
50,92328,,False
50,92334,,False
50,92337,,False
50,92346,,False
50,92349,,False
50,92368,,False
50,92378,,False
50,92392,,False
50,92396,,False
50,92407,,False
50,92412,,False
50,92418,,False
50,92420,,False
50,92442,,False
50,92445,,False
50,92454,,False
50,92463,,False
50,92476,,False
50,92477,,False
50,92490,,False
50,92496,,False
50,92508,,False
50,92510,,False
50,92511,,False
50,92523,,False
50,92536,,False
50,92553,,False
50,92556,,False
50,92563,,False
50,92579,,False
50,92583,,False
50,92587,,False
50,92590,,False
50,92595,,False
50,92609,,False
50,92637,,False
50,92640,,False
50,92646,,False
50,92649,,False
50,92654,,False
50,92662,,False
50,92665,,False
50,92671,,False
50,92679,,False
50,92687,,False
50,92689,,False
50,92693,,False
50,92704,,False
50,92712,,False
50,92721,,False
50,92731,,False
50,92742,,False
50,92751,,False
50,92757,,False
50,92765,,False
50,92772,,False
50,92785,,False
50,92791,,False
50,92795,,False
50,92821,,False
50,92825,,False
50,92827,,False
50,92836,,False
50,92838,,False
50,92843,,False
50,92851,,False
50,92855,,False
50,92858,,False
50,92873,,False
50,92879,,False
50,92882,,False
50,92887,,False
50,92889,,False
50,92905,,False
50,92906,,False
50,92908,,False
50,92914,,False
50,92925,,False
50,92945,,False
50,92952,,False
50,92960,,False
50,92970,,False
50,92985,,False
50,92987,,False
50,92988,,False
50,92990,,False
50,92994,,False
50,93001,,False
50,93016,,False
50,93036,,False
50,93039,,False
50,93047,,False
50,93066,,False
50,93075,,False
50,93081,,False
50,93087,,False
50,93093,,False
50,93094,,False
50,93095,,False
50,93111,,False
50,93112,,False
50,93125,,False
50,93145,,False
50,93146,,False
50,93153,,False
50,93154,,False
50,93159,,False
50,93177,,False
50,93180,,False
50,93182,,False
50,93191,,False
50,93204,,False
50,93206,,False
50,93216,,False
50,93238,,False
50,93240,,False
50,93247,,False
50,93249,,False
50,93254,,False
50,93263,,False
50,93288,,False
50,93299,,False
50,93301,,False
50,93308,,False
50,93317,,False
50,93318,,False
50,93332,,False
50,93339,,False
50,93344,,False
50,93350,,False
50,93352,,False
50,93363,,False
50,93369,,False
50,93375,,False
50,93377,,False
50,93378,,False
50,93383,,False
50,93392,,False
50,93399,,False
50,93404,,False
50,93408,,False
50,93410,,False
50,93418,,False
50,93419,,False
50,93430,,False
50,93436,,False
50,93437,,False
50,93456,,False
50,93468,,False
50,93470,,False
50,93474,,False
50,93479,,False
50,93481,,False
50,93498,,False
50,93505,,False
50,93526,,False
50,93541,,False
50,93546,,False
50,93552,,False
50,93566,,False
50,93571,,False
50,93582,,False
50,93587,,False
50,93600,,False
50,93604,,False
50,93619,,False
50,93628,,False
50,93635,,False
50,93639,,False
50,93654,,False
50,93660,,False
50,93678,,False
50,93679,,False
50,93692,,False
50,93711,,False
50,93712,,False
50,93715,,False
50,93720,,False
50,93733,,False
50,93734,,False
50,93736,,False
50,93748,,False
50,93752,,False
50,93757,,False
50,93772,,False
50,93774,,False
50,93779,,False
50,93796,,False
50,93802,,False
50,93808,,False
50,93811,,False
50,93814,,False
50,93822,,False
50,93827,,False
50,93836,,False
50,93837,,False
50,93843,,False
50,93851,,False
50,93854,,False
50,93860,,False
50,93880,,False
50,93881,,False
50,93883,,False
50,93893,,False
50,93896,,False
50,93910,,False
50,93920,,False
50,93926,,False
50,93932,,False
50,93935,,False
50,93937,,False
50,93942,,False
50,93948,,False
50,93954,,False
50,93959,,False
50,93960,,False
50,93961,,False
50,93964,,False
50,93965,,False
50,93973,,False
50,93985,,False
50,93991,,False
50,93993,,False
50,93999,,False
50,94002,,False
50,94029,,False
50,94056,,False
50,94077,,False
50,94079,,False
50,94080,,False
50,94097,,False
50,94099,,False
50,94101,,False
50,94105,,False
50,94107,,False
50,94108,,False
50,94116,,False
50,94125,,False
50,94129,,False
50,94135,,False
50,94178,,False
50,94179,,False
50,94181,,False
50,94187,,False
50,94191,,False
50,94195,,False
50,94199,,False
50,94204,,False
50,94210,,False
50,94212,,False
50,94216,,False
50,94218,,False
50,94222,,False
50,94232,,False
50,94233,,False
50,94240,,False
50,94247,,False
50,94252,,False
50,94272,,False
50,94282,,False
50,94284,,False
50,94287,,False
50,94293,,False
50,94296,,False
50,94301,,False
50,94312,,False
50,94314,,False
50,94323,,False
50,94324,,False
50,94332,,False
50,94336,,False
50,94338,,False
50,94343,,False
50,94367,,False
50,94369,,False
50,94375,,False
50,94398,,False
50,94410,,False
50,94424,,False
50,94432,,False
50,94434,,False
50,94439,,False
50,94441,,False
50,94442,,False
50,94444,,False
50,94445,,False
50,94455,,False
50,94457,,False
50,94473,,False
50,94476,,False
50,94478,,False
50,94485,,False
50,94487,,False
50,94517,,False
50,94520,,False
50,94521,,False
50,94530,,False
50,94550,,False
50,94555,,False
50,94558,,False
50,94566,,False
50,94570,,False
50,94586,,False
50,94590,,False
50,94609,,False
50,94613,,False
50,94616,,False
50,94618,,False
50,94629,,False
50,94648,,False
50,94650,,False
50,94657,,False
50,94674,,False
50,94685,,False
50,94698,,False
50,94707,,False
50,94710,,False
50,94714,,False
50,94715,,False
50,94718,,False
50,94724,,False
50,94730,,False
50,94739,,False
50,94743,,False
50,94746,,False
50,94758,,False
50,94766,,False
50,94780,,False
50,94795,,False
50,94800,,False
50,94808,,False
50,94820,,False
50,94843,,False
50,94853,,False
50,94868,,False
50,94873,,False
50,94882,,False
50,94889,,False
50,94891,,False
50,94893,,False
50,94904,,False
50,94916,,False
50,94917,,False
50,94928,,False
50,94934,,False
50,94936,,False
50,94955,,False
50,94963,,False
50,94981,,False
50,94989,,False
50,94999,,False
50,95015,,False
50,95023,,False
50,95026,,False
50,95029,,False
50,95035,,False
50,95037,,False
50,95041,,False
50,95052,,False
50,95060,,False
50,95063,,False
50,95068,,False
50,95079,,False
50,95089,,False
50,95095,,False
50,95111,,False
50,95113,,False
50,95122,,False
50,95134,,False
50,95147,,False
50,95152,,False
50,95156,,False
50,95159,,False
50,95163,,False
50,95167,,False
50,95182,,False
50,95191,,False
50,95201,,False
50,95207,,False
50,95214,,False
50,95216,,False
50,95221,,False
50,95233,,False
50,95236,,False
50,95238,,False
50,95243,,False
50,95245,,False
50,95258,,False
50,95259,,False
50,95260,,False
50,95263,,False
50,95264,,False
50,95266,,False
50,95271,,False
50,95274,,False
50,95280,,False
50,95304,,False
50,95334,,False
50,95340,,False
50,95347,,False
50,95355,,False
50,95365,,False
50,95367,,False
50,95389,,False
50,95393,,False
50,95420,,False
50,95430,,False
50,95433,,False
50,95440,,False
50,95443,,False
50,95475,,False
50,95480,,False
50,95486,,False
50,95488,,False
50,95497,,False
50,95498,,False
50,95508,,False
50,95529,,False
50,95539,,False
50,95544,,False
50,95548,,False
50,95555,,False
50,95558,,False
50,95569,,False
50,95571,,False
50,95577,,False
50,95586,,False
50,95594,,False
50,95600,,False
50,95609,,False
50,95620,,False
50,95624,,False
50,95628,,False
50,95631,,False
50,95635,,False
50,95646,,False
50,95651,,False
50,95653,,False
50,95655,,False
50,95662,,False
50,95671,,False
50,95683,,False
50,95688,,False
50,95710,,False
50,95713,,False
50,95734,,False
50,95747,,False
50,95750,,False
50,95769,,False
50,95777,,False
50,95793,,False
50,95804,,False
50,95810,,False
50,95811,,False
50,95817,,False
50,95823,,False
50,95835,,False
50,95841,,False
50,95842,,False
50,95847,,False
50,95849,,False
50,95855,,False
50,95859,,False
50,95871,,False
50,95873,,False
50,95878,,False
50,95887,,False
50,95897,,False
50,95917,,False
50,95929,,False
50,95937,,False
50,95940,,False
50,95943,,False
50,95949,,False
50,95971,,False
50,95982,,False
50,96019,,False
50,96027,,False
50,96062,,False
50,96067,,False
50,96073,,False
50,96074,,False
50,96076,,False
50,96081,,False
50,96091,,False
50,96094,,False
50,96118,,False
50,96129,,False
50,96130,,False
50,96152,,False
50,96153,,False
50,96160,,False
50,96168,,False
50,96172,,False
50,96176,,False
50,96180,,False
50,96183,,False
50,96184,,False
50,96188,,False
50,96196,,False
50,96199,,False
50,96202,,False
50,96232,,False
50,96240,,False
50,96253,,False
50,96259,,False
50,96267,,False
50,96273,,False
50,96281,,False
50,96289,,False
50,96297,,False
50,96304,,False
50,96318,,False
50,96340,,False
50,96349,,False
50,96357,,False
50,96365,,False
50,96381,,False
50,96383,,False
50,96386,,False
50,96398,,False
50,96401,,False
50,96406,,False
50,96416,,False
50,96430,,False
50,96433,,False
50,96440,,False
50,96456,,False
50,96465,,False
50,96473,,False
50,96476,,False
50,96498,,False
50,96517,,False
50,96522,,False
50,96524,,False
50,96541,,False
50,96543,,False
50,96551,,False
50,96560,,False
50,96565,,False
50,96573,,False
50,96581,,False
50,96594,,False
50,96597,,False
50,96602,,False
50,96608,,False
50,96609,,False
50,96611,,False
50,96615,,False
50,96616,,False
50,96618,,False
50,96625,,False
50,96646,,False
50,96651,,False
50,96652,,False
50,96674,,False
50,96675,,False
50,96680,,False
50,96693,,False
50,96719,,False
50,96742,,False
50,96769,,False
50,96776,,False
50,96779,,False
50,96782,,False
50,96786,,False
50,96807,,False
50,96812,,False
50,96824,,False
50,96842,,False
50,96845,,False
50,96848,,False
50,96879,,False
50,96891,,False
50,96901,,False
50,96902,,False
50,96915,,False
50,96930,,False
50,96937,,False
50,96945,,False
50,96962,,False
50,96968,,False
50,96981,,False
50,96987,,False
50,96992,,False
50,96999,,False
50,97003,,False
50,97004,,False
50,97007,,False
50,97014,,False
50,97026,,False
50,97046,,False
50,97056,,False
50,97061,,False
50,97065,,False
50,97086,,False
50,97093,,False
50,97098,,False
50,97107,,False
50,97114,,False
50,97134,,False
50,97137,,False
50,97143,,False
50,97145,,False
50,97166,,False
50,97170,,False
50,97180,,False
50,97182,,False
50,97187,,False
50,97191,,False
50,97195,,False
50,97198,,False
50,97200,,False
50,97209,,False
50,97210,,False
50,97227,,False
50,97241,,False
50,97254,,False
50,97259,,False
50,97270,,False
50,97275,,False
50,97278,,False
50,97281,,False
50,97285,,False
50,97286,,False
50,97317,,False
50,97325,,False
50,97330,,False
50,97344,,False
50,97349,,False
50,97360,,False
50,97380,,False
50,97389,,False
50,97391,,False
50,97393,,False
50,97400,,False
50,97407,,False
50,97420,,False
50,97427,,False
50,97429,,False
50,97431,,False
50,97451,,False
50,97454,,False
50,97464,,False
50,97477,,False
50,97495,,False
50,97496,,False
50,97503,,False
50,97507,,False
50,97517,,False
50,97537,,False
50,97546,,False
50,97548,,False
50,97550,,False
50,97553,,False
50,97560,,False
50,97572,,False
50,97576,,False
50,97587,,False
50,97592,,False
50,97601,,False
50,97612,,False
50,97614,,False
50,97637,,False
50,97642,,False
50,97669,,False
50,97679,,False
50,97700,,False
50,97703,,False
50,97712,,False
50,97725,,False
50,97743,,False
50,97751,,False
50,97759,,False
50,97767,,False
50,97770,,False
50,97776,,False
50,97809,,False
50,97820,,False
50,97831,,False
50,97839,,False
50,97845,,False
50,97855,,False
50,97869,,False
50,97873,,False
50,97879,,False
50,97887,,False
50,97889,,False
50,97911,,False
50,97922,,False
50,97936,,False
50,97957,,False
50,97962,,False
50,97966,,False
50,97974,,False
50,97990,,False
50,98002,,False
50,98014,,False
50,98016,,False
50,98020,,False
50,98034,,False
50,98043,,False
50,98059,,False
50,98062,,False
50,98076,,False
50,98082,,False
50,98093,,False
50,98116,,False
50,98124,,False
50,98129,,False
50,98139,,False
50,98154,,False
50,98156,,False
50,98171,,False
50,98172,,False
50,98177,,False
50,98183,,False
50,98189,,False
50,98206,,False
50,98214,,False
50,98217,,False
50,98223,,False
50,98230,,False
50,98233,,False
50,98234,,False
50,98270,,False
50,98273,,False
50,98276,,False
50,98277,,False
50,98282,,False
50,98284,,False
50,98287,,False
50,98290,,False
50,98297,,False
50,98301,,False
50,98304,,False
50,98305,,False
50,98324,,False
50,98341,,False
50,98342,,False
50,98348,,False
50,98351,,False
50,98352,,False
50,98377,,False
50,98382,,False
50,98385,,False
50,98394,,False
50,98396,,False
50,98416,,False
50,98419,,False
50,98426,,False
50,98442,,False
50,98444,,False
50,98447,,False
50,98452,,False
50,98476,,False
50,98482,,False
50,98487,,False
50,98489,,False
50,98503,,False
50,98512,,False
50,98515,,False
50,98525,,False
50,98542,,False
50,98549,,False
50,98561,,False
50,98565,,False
50,98570,,False
50,98578,,False
50,98579,,False
50,98583,,False
50,98586,,False
50,98588,,False
50,98598,,False
50,98608,,False
50,98620,,False
50,98622,,False
50,98636,,False
50,98637,,False
50,98656,,False
50,98658,,False
50,98671,,False
50,98685,,False
50,98702,,False
50,98705,,False
50,98708,,False
50,98718,,False
50,98719,,False
50,98725,,False
50,98730,,False
50,98732,,False
50,98743,,False
50,98752,,False
50,98762,,False
50,98768,,False
50,98769,,False
50,98770,,False
50,98783,,False
50,98785,,False
50,98790,,False
50,98795,,False
50,98798,,False
50,98805,,False
50,98806,,False
50,98829,,False
50,98831,,False
50,98834,,False
50,98845,,False
50,98858,,False
50,98860,,False
50,98864,,False
50,98866,,False
50,98869,,False
50,98879,,False
50,98880,,False
50,98887,,False
50,98889,,False
50,98895,,False
50,98907,,False
50,98924,,False
50,98931,,False
50,98937,,False
50,98943,,False
50,98952,,False
50,98977,,False
50,99004,,False
50,99009,,False
50,99012,,False
50,99025,,False
50,99026,,False
50,99027,,False
50,99038,,False
50,99050,,False
50,99062,,False
50,99071,,False
50,99076,,False
50,99077,,False
50,99081,,False
50,99092,,False
50,99135,,False
50,99156,,False
50,99158,,False
50,99165,,False
50,99169,,False
50,99173,,False
50,99174,,False
50,99190,,False
50,99194,,False
50,99195,,False
50,99207,,False
50,99218,,False
50,99223,,False
50,99227,,False
50,99229,,False
50,99230,,False
50,99234,,False
50,99252,,False
50,99257,,False
50,99261,,False
50,99271,,False
50,99272,,False
50,99279,,False
50,99283,,False
50,99286,,False
50,99307,,False
50,99308,,False
50,99314,,False
50,99319,,False
50,99351,,False
50,99354,,False
50,99356,,False
50,99359,,False
50,99369,,False
50,99372,,False
50,99382,,False
50,99385,,False
50,99418,,False
50,99425,,False
50,99439,,False
50,99440,,False
50,99445,,False
50,99451,,False
50,99454,,False
50,99461,,False
50,99473,,False
50,99477,,False
50,99488,,False
50,99495,,False
50,99505,,False
50,99521,,False
50,99527,,False
50,99528,,False
50,99530,,False
50,99537,,False
50,99542,,False
50,99547,,False
50,99568,,False
50,99576,,False
50,99583,,False
50,99600,,False
50,99601,,False
50,99612,,False
50,99618,,False
50,99627,,False
50,99629,,False
50,99634,,False
50,99661,,False
50,99669,,False
50,99680,,False
50,99691,,False
50,99693,,False
50,99704,,False
50,99720,,False
50,99722,,False
50,99725,,False
50,99730,,False
50,99733,,False
50,99738,,False
50,99746,,False
50,99748,,False
50,99749,,False
50,99758,,False
50,99772,,False
50,99779,,False
50,99780,,False
50,99781,,False
50,99795,,False
50,99797,,False
50,99806,,False
50,99821,,False
50,99822,,False
50,99836,,False
50,99841,,False
50,99848,,False
50,99855,,False
50,99869,,False
50,99870,,False
50,99873,,False
50,99875,,False
50,99901,,False
50,99911,,False
50,99915,,False
50,99922,,False
50,99928,,False
50,99939,,False
50,99954,,False
50,99956,,False
50,99959,,False
50,99971,,False
50,99983,,False
50,99984,,False
50,99985,,False
50,99988,,False
50,99995,,False
50,99998,,False
50,100010,,False
50,100012,,False
50,100027,,False
50,100030,,False
50,100033,,False
50,100038,,False
50,100041,,False
50,100052,,False
50,100056,,False
50,100067,,False
50,100078,,False
50,100101,,False
50,100103,,False
50,100104,,False
50,100106,,False
50,100117,,False
50,100118,,False
50,100120,,False
50,100138,,False
50,100154,,False
50,100160,,False
50,100176,,False
50,100184,,False
50,100192,,False
50,100198,,False
50,100200,,False
50,100201,,False
50,100203,,False
50,100205,,False
50,100209,,False
50,100217,,False
50,100218,,False
50,100221,,False
50,100235,,False
50,100245,,False
50,100249,,False
50,100251,,False
50,100252,,False
50,100268,,False
50,100297,,False
50,100299,,False
50,100301,,False
50,100322,,False
50,100333,,False
50,100347,,False
50,100355,,False
50,100375,,False
50,100377,,False
50,100393,,False
50,100406,,False
50,100411,,False
50,100414,,False
50,100430,,False
50,100460,,False
50,100461,,False
50,100478,,False
50,100479,,False
50,100484,,False
50,100490,,False
50,100499,,False
50,100500,,False
50,100505,,False
50,100509,,False
50,100511,,False
50,100524,,False
50,100553,,False
50,100554,,False
50,100573,,False
50,100575,,False
50,100595,,False
50,100599,,False
50,100617,,False
50,100646,,False
50,100652,,False
50,100654,,False
50,100655,,False
50,100672,,False
50,100684,,False
50,100689,,False
50,100692,,False
50,100710,,False
50,100713,,False
50,100716,,False
50,100717,,False
50,100722,,False
50,100729,,False
50,100735,,False
50,100747,,False
50,100754,,False
50,100787,,False
50,100820,,False
50,100823,,False
50,100830,,False
50,100837,,False
50,100849,,False
50,100856,,False
50,100862,,False
50,100873,,False
50,100875,,False
50,100891,,False
50,100894,,False
50,100923,,False
50,100927,,False
50,100931,,False
50,100940,,False
50,100941,,False
50,100944,,False
50,100947,,False
50,100950,,False
50,100957,,False
50,100960,,False
50,100972,,False
50,100977,,False
50,100986,,False
50,100987,,False
50,100991,,False
50,100994,,False
50,100996,,False
50,100997,,False
50,101008,,False
50,101009,,False
50,101010,,False
50,101022,,False
50,101026,,False
50,101030,,False
50,101043,,False
50,101071,,False
50,101087,,False
50,101103,,False
50,101109,,False
50,101127,,False
50,101131,,False
50,101139,,False
50,101140,,False
50,101147,,False
50,101156,,False
50,101175,,False
50,101180,,False
50,101182,,False
50,101199,,False
50,101200,,False
50,101201,,False
50,101210,,False
50,101211,,False
50,101223,,False
50,101230,,False
50,101250,,False
50,101270,,False
50,101280,,False
50,101287,,False
50,101300,,False
50,101301,,False
50,101331,,False
50,101336,,False
50,101372,,False
50,101380,,False
50,101393,,False
50,101405,,False
50,101421,,False
50,101424,,False
50,101427,,False
50,101433,,False
50,101437,,False
50,101446,,False
50,101462,,False
50,101472,,False
50,101478,,False
50,101491,,False
50,101504,,False
50,101511,,False
50,101523,,False
50,101524,,False
50,101530,,False
50,101535,,False
50,101544,,False
50,101555,,False
50,101561,,False
50,101563,,False
50,101569,,False
50,101573,,False
50,101582,,False
50,101591,,False
50,101594,,False
50,101602,,False
50,101606,,False
50,101619,,False
50,101621,,False
50,101654,,False
50,101656,,False
50,101658,,False
50,101671,,False
50,101673,,False
50,101683,,False
50,101688,,False
50,101700,,False
50,101710,,False
50,101738,,False
50,101746,,False
50,101748,,False
50,101752,,False
50,101755,,False
50,101762,,False
50,101781,,False
50,101785,,False
50,101799,,False
50,101803,,False
50,101831,,False
50,101835,,False
50,101845,,False
50,101857,,False
50,101859,,False
50,101860,,False
50,101865,,False
50,101877,,False
50,101880,,False
50,101891,,False
50,101901,,False
50,101905,,False
50,101914,,False
50,101931,,False
50,101940,,False
50,101943,,False
50,101947,,False
50,101962,,False
50,101964,,False
50,101966,,False
50,101973,,False
50,101998,,False
50,102001,,False
50,102004,,False
50,102007,,False
50,102015,,False
50,102021,,False
50,102061,,False
50,102066,,False
50,102085,,False
50,102089,,False
50,102096,,False
50,102108,,False
50,102110,,False
50,102120,,False
50,102123,,False
50,102131,,False
50,102138,,False
50,102145,,False
50,102149,,False
50,102166,,False
50,102179,,False
50,102192,,False
50,102201,,False
50,102206,,False
50,102208,,False
50,102215,,False
50,102217,,False
50,102221,,False
50,102222,,False
50,102230,,False
50,102238,,False
50,102249,,False
50,102260,,False
50,102265,,False
50,102271,,False
50,102301,,False
50,102302,,False
50,102311,,False
50,102322,,False
50,102325,,False
50,102327,,False
50,102344,,False
50,102351,,False
50,102357,,False
50,102358,,False
50,102364,,False
50,102371,,False
50,102379,,False
50,102386,,False
50,102387,,False
50,102390,,False
50,102407,,False
50,102420,,False
50,102422,,False
50,102427,,False
50,102457,,False
50,102463,,False
50,102478,,False
50,102479,,False
50,102508,,False
50,102545,,False
50,102559,,False
50,102582,,False
50,102593,,False
50,102611,,False
50,102612,,False
50,102631,,False
50,102640,,False
50,102642,,False
50,102657,,False
50,102663,,False
50,102670,,False
50,102689,,False
50,102696,,False
50,102699,,False
50,102702,,False
50,102746,,False
50,102748,,False
50,102756,,False
50,102765,,False
50,102770,,False
50,102779,,False
50,102780,,False
50,102784,,False
50,102787,,False
50,102800,,False
50,102803,,False
50,102808,,False
50,102817,,False
50,102821,,False
50,102824,,False
50,102846,,False
50,102848,,False
50,102850,,False
50,102853,,False
50,102862,,False
50,102866,,False
50,102882,,False
50,102883,,False
50,102906,,False
50,102911,,False
50,102923,,False
50,102924,,False
50,102928,,False
50,102934,,False
50,102939,,False
50,102944,,False
50,102959,,False
50,102963,,False
50,102965,,False
50,102974,,False
50,102977,,False
50,102978,,False
50,102983,,False
50,102987,,False
50,102994,,False
50,103012,,False
50,103015,,False
50,103021,,False
50,103030,,False
50,103033,,False
50,103046,,False
50,103049,,False
50,103051,,False
50,103055,,False
50,103063,,False
50,103068,,False
50,103070,,False
50,103078,,False
50,103081,,False
50,103090,,False
50,103096,,False
50,103098,,False
50,103110,,False
50,103117,,False
50,103131,,False
50,103136,,False
50,103148,,False
50,103153,,False
50,103166,,False
50,103175,,False
50,103180,,False
50,103183,,False
50,103196,,False
50,103198,,False
50,103225,,False
50,103238,,False
50,103244,,False
50,103247,,False
50,103257,,False
50,103261,,False
50,103281,,False
50,103305,,False
50,103311,,False
50,103313,,False
50,103320,,False
50,103325,,False
50,103334,,False
50,103336,,False
50,103342,,False
50,103350,,False
50,103351,,False
50,103355,,False
50,103362,,False
50,103371,,False
50,103373,,False
50,103374,,False
50,103377,,False
50,103401,,False
50,103407,,False
50,103421,,False
50,103427,,False
50,103434,,False
50,103439,,False
50,103441,,False
50,103449,,False
50,103451,,False
50,103456,,False
50,103465,,False
50,103467,,False
50,103478,,False
50,103495,,False
50,103510,,False
50,103513,,False
50,103515,,False
50,103524,,False
50,103535,,False
50,103538,,False
50,103544,,False
50,103545,,False
50,103563,,False
50,103579,,False
50,103597,,False
50,103598,,False
50,103603,,False
50,103615,,False
50,103617,,False
50,103627,,False
50,103630,,False
50,103632,,False
50,103654,,False
50,103656,,False
50,103662,,False
50,103673,,False
50,103678,,False
50,103685,,False
50,103686,,False
50,103695,,False
50,103696,,False
50,103699,,False
50,103711,,False
50,103716,,False
50,103733,,False
50,103740,,False
50,103760,,False
50,103770,,False
50,103786,,False
50,103793,,False
50,103838,,False
50,103854,,False
50,103870,,False
50,103874,,False
50,103885,,False
50,103899,,False
50,103913,,False
50,103919,,False
50,103930,,False
50,103935,,False
50,103936,,False
50,103946,,False
50,103955,,False
50,103959,,False
50,103980,,False
50,103982,,False
50,104002,,False
50,104005,,False
50,104011,,False
50,104021,,False
50,104044,,False
50,104063,,False
50,104064,,False
50,104065,,False
50,104071,,False
50,104073,,False
50,104076,,False
50,104088,,False
50,104090,,False
50,104112,,False
50,104118,,False
50,104126,,False
50,104127,,False
50,104139,,False
50,104142,,False
50,104143,,False
50,104144,,False
50,104149,,False
50,104154,,False
50,104166,,False
50,104173,,False
50,104195,,False
50,104197,,False
50,104201,,False
50,104255,,False
50,104256,,False
50,104267,,False
50,104273,,False
50,104281,,False
50,104283,,False
50,104290,,False
50,104295,,False
50,104300,,False
50,104314,,False
50,104331,,False
50,104339,,False
50,104342,,False
50,104343,,False
50,104351,,False
50,104352,,False
50,104361,,False
50,104363,,False
50,104365,,False
50,104377,,False
50,104384,,False
50,104412,,False
50,104416,,False
50,104421,,False
50,104435,,False
50,104472,,False
50,104480,,False
50,104495,,False
50,104506,,False
50,104512,,False
50,104521,,False
50,104529,,False
50,104558,,False
50,104578,,False
50,104605,,False
50,104607,,False
50,104613,,False
50,104615,,False
50,104617,,False
50,104627,,False
50,104629,,False
50,104635,,False
50,104663,,False
50,104680,,False
50,104699,,False
50,104726,,False
50,104732,,False
50,104739,,False
50,104745,,False
50,104752,,False
50,104772,,False
50,104777,,False
50,104783,,False
50,104792,,False
50,104793,,False
50,104803,,False
50,104809,,False
50,104810,,False
50,104814,,False
50,104823,,False
50,104834,,False
50,104845,,False
50,104866,,False
50,104875,,False
50,104883,,False
50,104887,,False
50,104889,,False
50,104891,,False
50,104896,,False
50,104898,,False
50,104901,,False
50,104914,,False
50,104915,,False
50,104923,,False
50,104930,,False
50,104931,,False
50,104936,,False
50,104941,,False
50,104952,,False
50,104962,,False
50,104967,,False
50,104976,,False
50,104977,,False
50,104985,,False
50,104999,,False
50,105003,,False
50,105027,,False
50,105037,,False
50,105039,,False
50,105040,,False
50,105043,,False
50,105057,,False
50,105059,,False
50,105071,,False
50,105072,,False
50,105082,,False
50,105084,,False
50,105095,,False
50,105101,,False
50,105128,,False
50,105135,,False
50,105140,,False
50,105145,,False
50,105147,,False
50,105171,,False
50,105178,,False
50,105183,,False
50,105201,,False
50,105202,,False
50,105204,,False
50,105211,,False
50,105212,,False
50,105226,,False
50,105239,,False
50,105240,,False
50,105250,,False
50,105253,,False
50,105261,,False
50,105266,,False
50,105267,,False
50,105271,,False
50,105278,,False
50,105291,,False
50,105292,,False
50,105303,,False
50,105309,,False
50,105310,,False
50,105339,,False
50,105343,,False
50,105346,,False
50,105355,,False
50,105356,,False
50,105368,,False
50,105377,,False
50,105381,,False
50,105388,,False
50,105399,,False
50,105404,,False
50,105409,,False
50,105414,,False
50,105419,,False
50,105424,,False
50,105429,,False
50,105437,,False
50,105443,,False
50,105448,,False
50,105450,,False
50,105456,,False
50,105466,,False
50,105471,,False
50,105479,,False
50,105492,,False
50,105494,,False
50,105497,,False
50,105504,,False
50,105506,,False
50,105511,,False
50,105517,,False
50,105536,,False
50,105546,,False
50,105547,,False
50,105553,,False
50,105557,,False
50,105569,,False
50,105574,,False
50,105575,,False
50,105590,,False
50,105601,,False
50,105603,,False
50,105604,,False
50,105606,,False
50,105608,,False
50,105613,,False
50,105625,,False
50,105634,,False
50,105643,,False
50,105647,,False
50,105657,,False
50,105684,,False
50,105687,,False
50,105692,,False
50,105693,,False
50,105697,,False
50,105707,,False
50,105712,,False
50,105715,,False
50,105720,,False
50,105721,,False
50,105740,,False
50,105745,,False
50,105775,,False
50,105781,,False
50,105784,,False
50,105801,,False
50,105810,,False
50,105812,,False
50,105819,,False
50,105835,,False
50,105842,,False
50,105849,,False
50,105859,,False
50,105869,,False
50,105870,,False
50,105876,,False
50,105885,,False
50,105891,,False
50,105939,,False
50,105946,,False
50,105969,,False
50,105976,,False
50,105977,,False
50,105982,,False
50,105990,,False
50,105994,,False
50,105995,,False
50,105999,,False
50,106009,,False
50,106014,,False
50,106027,,False
50,106034,,False
50,106044,,False
50,106051,,False
50,106055,,False
50,106066,,False
50,106073,,False
50,106077,,False
50,106083,,False
50,106095,,False
50,106099,,False
50,106115,,False
50,106129,,False
50,106137,,False
50,106146,,False
50,106168,,False
50,106172,,False
50,106175,,False
50,106192,,False
50,106195,,False
50,106206,,False
50,106221,,False
50,106230,,False
50,106242,,False
50,106256,,False
50,106264,,False
50,106266,,False
50,106279,,False
50,106283,,False
50,106286,,False
50,106294,,False
50,106335,,False
50,106337,,False
50,106338,,False
50,106340,,False
50,106341,,False
50,106345,,False
50,106350,,False
50,106381,,False
50,106386,,False
50,106403,,False
50,106406,,False
50,106408,,False
50,106432,,False
50,106443,,False
50,106444,,False
50,106449,,False
50,106456,,False
50,106459,,False
50,106466,,False
50,106479,,False
50,106488,,False
50,106504,,False
50,106506,,False
50,106509,,False
50,106517,,False
50,106526,,False
50,106559,,False
50,106561,,False
50,106564,,False
50,106568,,False
50,106587,,False
50,106592,,False
50,106602,,False
50,106605,,False
50,106611,,False
50,106624,,False
50,106625,,False
50,106636,,False
50,106643,,False
50,106645,,False
50,106648,,False
50,106670,,False
50,106687,,False
50,106696,,False
50,106701,,False
50,106708,,False
50,106709,,False
50,106725,,False
50,106733,,False
50,106747,,False
50,106750,,False
50,106754,,False
50,106763,,False
50,106764,,False
50,106769,,False
50,106782,,False
50,106786,,False
50,106789,,False
50,106793,,False
50,106797,,False
50,106810,,False
50,106811,,False
50,106824,,False
50,106829,,False
50,106834,,False
50,106836,,False
50,106838,,False
50,106843,,False
50,106850,,False
50,106855,,False
50,106875,,False
50,106881,,False
50,106883,,False
50,106888,,False
50,106890,,False
50,106894,,False
50,106897,,False
50,106919,,False
50,106923,,False
50,106925,,False
50,106928,,False
50,106932,,False
50,106933,,False
50,106940,,False
50,106941,,False
50,106943,,False
50,106946,,False
50,106954,,False
50,106962,,False
50,106966,,False
50,106968,,False
50,106971,,False
50,106979,,False
50,106993,,False
50,106997,,False
50,107002,,False
50,107020,,False
50,107035,,False
50,107037,,False
50,107041,,False
50,107042,,False
50,107050,,False
50,107052,,False
50,107053,,False
50,107061,,False
50,107064,,False
50,107090,,False
50,107100,,False
50,107101,,False
50,107109,,False
50,107124,,False
50,107128,,False
50,107134,,False
50,107136,,False
50,107141,,False
50,107144,,False
50,107150,,False
50,107152,,False
50,107157,,False
50,107159,,False
50,107163,,False
50,107173,,False
50,107175,,False
50,107192,,False
50,107199,,False
50,107202,,False
50,107210,,False
50,107212,,False
50,107218,,False
50,107219,,False
50,107221,,False
50,107234,,False
50,107238,,False
50,107249,,False
50,107251,,False
50,107276,,False
50,107284,,False
50,107289,,False
50,107296,,False
50,107297,,False
50,107307,,False
50,107316,,False
50,107324,,False
50,107331,,False
50,107339,,False
50,107340,,False
50,107343,,False
50,107357,,False
50,107359,,False
50,107365,,False
50,107372,,False
50,107375,,False
50,107382,,False
50,107403,,False
50,107418,,False
50,107421,,False
50,107427,,False
50,107433,,False
50,107435,,False
50,107443,,False
50,107446,,False
50,107449,,False
50,107453,,False
50,107456,,False
50,107466,,False
50,107472,,False
50,107496,,False
50,107512,,False
50,107513,,False
50,107514,,False
50,107520,,False
50,107537,,False
50,107538,,False
50,107545,,False
50,107548,,False
50,107562,,False
50,107572,,False
50,107574,,False
50,107576,,False
50,107609,,False
50,107612,,False
50,107627,,False
50,107641,,False
50,107647,,False
50,107657,,False
50,107684,,False
50,107685,,False
50,107697,,False
50,107706,,False
50,107707,,False
50,107713,,False
50,107721,,False
50,107726,,False
50,107733,,False
50,107738,,False
50,107741,,False
50,107773,,False
50,107774,,False
50,107782,,False
50,107783,,False
50,107786,,False
50,107787,,False
50,107789,,False
50,107791,,False
50,107801,,False
50,107807,,False
50,107822,,False
50,107824,,False
50,107825,,False
50,107837,,False
50,107839,,False
50,107856,,False
50,107872,,False
50,107877,,False
50,107883,,False
50,107884,,False
50,107889,,False
50,107895,,False
50,107907,,False
50,107937,,False
50,107938,,False
50,107950,,False
50,107958,,False
50,107960,,False
50,107970,,False
50,107973,,False
50,107975,,False
50,107980,,False
50,107986,,False
50,108014,,False
50,108017,,False
50,108019,,False
50,108023,,False
50,108056,,False
50,108079,,False
50,108082,,False
50,108085,,False
50,108086,,False
50,108088,,False
50,108092,,False
50,108125,,False
50,108154,,False
50,108161,,False
50,108170,,False
50,108203,,False
50,108207,,False
50,108218,,False
50,108221,,False
50,108228,,False
50,108236,,False
50,108246,,False
50,108263,,False
50,108264,,False
50,108267,,False
50,108291,,False
50,108292,,False
50,108300,,False
50,108305,,False
50,108317,,False
50,108329,,False
50,108340,,False
50,108342,,False
50,108343,,False
50,108346,,False
50,108347,,False
50,108365,,False
50,108368,,False
50,108378,,False
50,108384,,False
50,108385,,False
50,108387,,False
50,108395,,False
50,108399,,False
50,108404,,False
50,108412,,False
50,108423,,False
50,108448,,False
50,108454,,False
50,108460,,False
50,108464,,False
50,108466,,False
50,108496,,False
50,108511,,False
50,108517,,False
50,108519,,False
50,108520,,False
50,108526,,False
50,108533,,False
50,108535,,False
50,108546,,False
50,108553,,False
50,108558,,False
50,108568,,False
50,108582,,False
50,108593,,False
50,108612,,False
50,108615,,False
50,108618,,False
50,108634,,False
50,108638,,False
50,108643,,False
50,108645,,False
50,108649,,False
50,108655,,False
50,108656,,False
50,108665,,False
50,108671,,False
50,108678,,False
50,108680,,False
50,108688,,False
50,108689,,False
50,108690,,False
50,108699,,False
50,108703,,False
50,108711,,False
50,108714,,False
50,108716,,False
50,108722,,False
50,108724,,False
50,108740,,False
50,108741,,False
50,108750,,False
50,108762,,False
50,108774,,False
50,108775,,False
50,108777,,False
50,108778,,False
50,108783,,False
50,108786,,False
50,108787,,False
50,108788,,False
50,108796,,False
50,108805,,False
50,108811,,False
50,108817,,False
50,108843,,False
50,108844,,False
50,108847,,False
50,108860,,False
50,108875,,False
50,108880,,False
50,108881,,False
50,108884,,False
50,108885,,False
50,108887,,False
50,108893,,False
50,108903,,False
50,108909,,False
50,108913,,False
50,108923,,False
50,108934,,False
50,108950,,False
50,108951,,False
50,108954,,False
50,108960,,False
50,108963,,False
50,108969,,False
50,108972,,False
50,108977,,False
50,108979,,False
50,108995,,False
50,109011,,False
50,109015,,False
50,109018,,False
50,109021,,False
50,109023,,False
50,109033,,False
50,109034,,False
50,109045,,False
50,109049,,False
50,109052,,False
50,109058,,False
50,109060,,False
50,109062,,False
50,109072,,False
50,109079,,False
50,109081,,False
50,109101,,False
50,109103,,False
50,109113,,False
50,109122,,False
50,109134,,False
50,109155,,False
50,109161,,False
50,109173,,False
50,109180,,False
50,109185,,False
50,109194,,False
50,109203,,False
50,109207,,False
50,109217,,False
50,109238,,False
50,109252,,False
50,109253,,False
50,109255,,False
50,109260,,False
50,109264,,False
50,109282,,False
50,109296,,False
50,109297,,False
50,109313,,False
50,109320,,False
50,109332,,False
50,109357,,False
50,109360,,False
50,109364,,False
50,109372,,False
50,109379,,False
50,109380,,False
50,109388,,False
50,109392,,False
50,109393,,False
50,109395,,False
50,109404,,False
50,109417,,False
50,109419,,False
50,109422,,False
50,109427,,False
50,109432,,False
50,109437,,False
50,109440,,False
50,109442,,False
50,109481,,False
50,109485,,False
50,109491,,False
50,109493,,False
50,109503,,False
50,109505,,False
50,109522,,False
50,109527,,False
50,109528,,False
50,109536,,False
50,109543,,False
50,109546,,False
50,109554,,False
50,109560,,False
50,109570,,False
50,109577,,False
50,109580,,False
50,109599,,False
50,109603,,False
50,109630,,False
50,109643,,False
50,109649,,False
50,109653,,False
50,109654,,False
50,109656,,False
50,109661,,False
50,109664,,False
50,109670,,False
50,109676,,False
50,109682,,False
50,109691,,False
50,109693,,False
50,109699,,False
50,109701,,False
50,109724,,False
50,109738,,False
50,109746,,False
50,109764,,False
50,109771,,False
50,109773,,False
50,109805,,False
50,109809,,False
50,109816,,False
50,109821,,False
50,109822,,False
50,109833,,False
50,109856,,False
50,109871,,False
50,109877,,False
50,109882,,False
50,109910,,False
50,109926,,False
50,109930,,False
50,109933,,False
50,109944,,False
50,109954,,False
50,109956,,False
50,109957,,False
50,109961,,False
50,109963,,False
50,109967,,False
50,109969,,False
50,109993,,False
50,109995,,False
50,109996,,False
50,110011,,False
50,110019,,False
50,110042,,False
50,110052,,False
50,110066,,False
50,110069,,False
50,110077,,False
50,110080,,False
50,110087,,False
50,110100,,False
50,110124,,False
50,110125,,False
50,110127,,False
50,110138,,False
50,110148,,False
50,110150,,False
50,110152,,False
50,110156,,False
50,110160,,False
50,110162,,False
50,110168,,False
50,110171,,False
50,110179,,False
50,110206,,False
50,110217,,False
50,110225,,False
50,110230,,False
50,110235,,False
50,110239,,False
50,110240,,False
50,110248,,False
50,110255,,False
50,110263,,False
50,110273,,False
50,110276,,False
50,110278,,False
50,110280,,False
50,110289,,False
50,110292,,False
50,110325,,False
50,110332,,False
50,110341,,False
50,110342,,False
50,110343,,False
50,110345,,False
50,110351,,False
50,110357,,False
50,110358,,False
50,110374,,False
50,110376,,False
50,110404,,False
50,110414,,False
50,110417,,False
50,110423,,False
50,110430,,False
50,110438,,False
50,110448,,False
50,110463,,False
50,110468,,False
50,110491,,False
50,110505,,False
50,110509,,False
50,110516,,False
50,110525,,False
50,110549,,False
50,110574,,False
50,110575,,False
50,110611,,False
50,110623,,False
50,110647,,False
50,110654,,False
50,110660,,False
50,110665,,False
50,110666,,False
50,110671,,False
50,110679,,False
50,110680,,False
50,110683,,False
50,110690,,False
50,110700,,False
50,110709,,False
50,110713,,False
50,110721,,False
50,110725,,False
50,110726,,False
50,110757,,False
50,110761,,False
50,110768,,False
50,110770,,False
50,110776,,False
50,110780,,False
50,110784,,False
50,110785,,False
50,110792,,False
50,110794,,False
50,110798,,False
50,110802,,False
50,110810,,False
50,110814,,False
50,110819,,False
50,110830,,False
50,110835,,False
50,110838,,False
50,110852,,False
50,110854,,False
50,110866,,False
50,110872,,False
50,110881,,False
50,110886,,False
50,110899,,False
50,110904,,False
50,110931,,False
50,110937,,False
50,110950,,False
50,110961,,False
50,110967,,False
50,110972,,False
50,110979,,False
50,110980,,False
50,110987,,False
50,111025,,False
50,111035,,False
50,111037,,False
50,111067,,False
50,111081,,False
50,111083,,False
50,111090,,False
50,111092,,False
50,111099,,False
50,111107,,False
50,111111,,False
50,111117,,False
50,111121,,False
50,111122,,False
50,111127,,False
50,111141,,False
50,111145,,False
50,111152,,False
50,111170,,False
50,111187,,False
50,111192,,False
50,111195,,False
50,111199,,False
50,111206,,False
50,111212,,False
50,111216,,False
50,111219,,False
50,111245,,False
50,111247,,False
50,111252,,False
50,111258,,False
50,111264,,False
50,111281,,False
50,111287,,False
50,111292,,False
50,111294,,False
50,111304,,False
50,111308,,False
50,111335,,False
50,111343,,False
50,111356,,False
50,111368,,False
50,111390,,False
50,111401,,False
50,111431,,False
50,111436,,False
50,111456,,False
50,111466,,False
50,111471,,False
50,111483,,False
50,111490,,False
50,111492,,False
50,111501,,False
50,111503,,False
50,111504,,False
50,111530,,False
50,111531,,False
50,111542,,False
50,111544,,False
50,111561,,False
50,111586,,False
50,111593,,False
50,111596,,False
50,111598,,False
50,111604,,False
50,111613,,False
50,111624,,False
50,111630,,False
50,111642,,False
50,111645,,False
50,111646,,False
50,111657,,False
50,111672,,False
50,111679,,False
50,111685,,False
50,111688,,False
50,111714,,False
50,111722,,False
50,111739,,False
50,111760,,False
50,111769,,False
50,111775,,False
50,111777,,False
50,111786,,False
50,111797,,False
50,111822,,False
50,111825,,False
50,111849,,False
50,111853,,False
50,111864,,False
50,111865,,False
50,111872,,False
50,111878,,False
50,111906,,False
50,111926,,False
50,111935,,False
50,111937,,False
50,111951,,False
50,111954,,False
50,111965,,False
50,111972,,False
50,111984,,False
50,111995,,False
50,112000,,False
50,112002,,False
50,112027,,False
50,112039,,False
50,112044,,False
50,112045,,False
50,112052,,False
50,112055,,False
50,112056,,False
50,112073,,False
50,112077,,False
50,112087,,False
50,112091,,False
50,112108,,False
50,112142,,False
50,112145,,False
50,112146,,False
50,112154,,False
50,112168,,False
50,112176,,False
50,112194,,False
50,112199,,False
50,112206,,False
50,112220,,False
50,112223,,False
50,112229,,False
50,112233,,False
50,112235,,False
50,112236,,False
50,112242,,False
50,112249,,False
50,112253,,False
50,112285,,False
50,112295,,False
50,112297,,False
50,112300,,False
50,112303,,False
50,112314,,False
50,112317,,False
50,112319,,False
50,112320,,False
50,112324,,False
50,112333,,False
50,112341,,False
50,112343,,False
50,112344,,False
50,112346,,False
50,112349,,False
50,112352,,False
50,112357,,False
50,112367,,False
50,112388,,False
50,112398,,False
50,112410,,False
50,112428,,False
50,112443,,False
50,112446,,False
50,112452,,False
50,112458,,False
50,112460,,False
50,112466,,False
50,112468,,False
50,112471,,False
50,112474,,False
50,112481,,False
50,112483,,False
50,112490,,False
50,112546,,False
50,112550,,False
50,112569,,False
50,112575,,False
50,112583,,False
50,112585,,False
50,112604,,False
50,112609,,False
50,112618,,False
50,112628,,False
50,112631,,False
50,112649,,False
50,112650,,False
50,112656,,False
50,112661,,False
50,112665,,False
50,112686,,False
50,112687,,False
50,112690,,False
50,112693,,False
50,112696,,False
50,112697,,False
50,112705,,False
50,112729,,False
50,112731,,False
50,112733,,False
50,112735,,False
50,112744,,False
50,112745,,False
50,112750,,False
50,112759,,False
50,112762,,False
50,112765,,False
50,112766,,False
50,112768,,False
50,112769,,False
50,112773,,False
50,112778,,False
50,112779,,False
50,112784,,False
50,112787,,False
50,112790,,False
50,112791,,False
50,112794,,False
50,112804,,False
50,112812,,False
50,112815,,False
50,112816,,False
50,112819,,False
50,112820,,False
50,112823,,False
50,112838,,False
50,112840,,False
50,112851,,False
50,112860,,False
50,112864,,False
50,112875,,False
50,112880,,False
50,112901,,False
50,112905,,False
50,112914,,False
50,112920,,False
50,112935,,False
50,112944,,False
50,112951,,False
50,112957,,False
50,112961,,False
50,112968,,False
50,112971,,False
50,112981,,False
50,113004,,False
50,113007,,False
50,113009,,False
50,113021,,False
50,113023,,False
50,113034,,False
50,113037,,False
50,113043,,False
50,113059,,False
50,113062,,False
50,113063,,False
50,113076,,False
50,113081,,False
50,113088,,False
50,113090,,False
50,113095,,False
50,113115,,False
50,113125,,False
50,113143,,False
50,113164,,False
50,113171,,False
50,113173,,False
50,113181,,False
50,113189,,False
50,113192,,False
50,113198,,False
50,113207,,False
50,113233,,False
50,113240,,False
50,113241,,False
50,113257,,False
50,113261,,False
50,113271,,False
50,113288,,False
50,113291,,False
50,113301,,False
50,113310,,False
50,113313,,False
50,113316,,False
50,113319,,False
50,113325,,False
50,113338,,False
50,113339,,False
50,113341,,False
50,113359,,False
50,113360,,False
50,113363,,False
50,113364,,False
50,113374,,False
50,113376,,False
50,113404,,False
50,113415,,False
50,113417,,False
50,113434,,False
50,113446,,False
50,113474,,False
50,113476,,False
50,113488,,False
50,113505,,False
50,113521,,False
50,113535,,False
50,113545,,False
50,113547,,False
50,113558,,False
50,113563,,False
50,113568,,False
50,113569,,False
50,113582,,False
50,113584,,False
50,113591,,False
50,113598,,False
50,113611,,False
50,113613,,False
50,113618,,False
50,113619,,False
50,113630,,False
50,113637,,False
50,113639,,False
50,113649,,False
50,113652,,False
50,113658,,False
50,113685,,False
50,113686,,False
50,113698,,False
50,113701,,False
50,113718,,False
50,113721,,False
50,113736,,False
50,113742,,False
50,113750,,False
50,113751,,False
50,113757,,False
50,113762,,False
50,113770,,False
50,113778,,False
50,113782,,False
50,113783,,False
50,113800,,False
50,113804,,False
50,113808,,False
50,113811,,False
50,113820,,False
50,113851,,False
50,113852,,False
50,113876,,False
50,113880,,False
50,113887,,False
50,113894,,False
50,113895,,False
50,113897,,False
50,113905,,False
50,113932,,False
50,113937,,False
50,113942,,False
50,113958,,False
50,113989,,False
50,113991,,False
50,114007,,False
50,114009,,False
50,114014,,False
50,114020,,False
50,114040,,False
50,114044,,False
50,114045,,False
50,114049,,False
50,114051,,False
50,114054,,False
50,114065,,False
50,114075,,False
50,114084,,False
50,114091,,False
50,114107,,False
50,114108,,False
50,114115,,False
50,114123,,False
50,114125,,False
50,114131,,False
50,114136,,False
50,114137,,False
50,114159,,False
50,114164,,False
50,114166,,False
50,114167,,False
50,114174,,False
50,114182,,False
50,114186,,False
50,114190,,False
50,114207,,False
50,114208,,False
50,114209,,False
50,114213,,False
50,114225,,False
50,114244,,False
50,114254,,False
50,114259,,False
50,114269,,False
50,114279,,False
50,114282,,False
50,114291,,False
50,114293,,False
50,114294,,False
50,114302,,False
50,114312,,False
50,114320,,False
50,114321,,False
50,114328,,False
50,114330,,False
50,114331,,False
50,114344,,False
50,114354,,False
50,114357,,False
50,114363,,False
50,114372,,False
50,114383,,False
50,114388,,False
50,114399,,False
50,114411,,False
50,114424,,False
50,114429,,False
50,114453,,False
50,114468,,False
50,114473,,False
50,114487,,False
50,114488,,False
50,114503,,False
50,114512,,False
50,114514,,False
50,114537,,False
50,114542,,False
50,114543,,False
50,114549,,False
50,114552,,False
50,114563,,False
50,114570,,False
50,114573,,False
50,114587,,False
50,114598,,False
50,114618,,False
50,114633,,False
50,114634,,False
50,114636,,False
50,114639,,False
50,114640,,False
50,114645,,False
50,114655,,False
50,114660,,False
50,114668,,False
50,114677,,False
50,114679,,False
50,114682,,False
50,114703,,False
50,114705,,False
50,114717,,False
50,114723,,False
50,114726,,False
50,114731,,False
50,114741,,False
50,114749,,False
50,114756,,False
50,114765,,False
50,114772,,False
50,114798,,False
50,114806,,False
50,114812,,False
50,114830,,False
50,114837,,False
50,114849,,False
50,114863,,False
50,114866,,False
50,114870,,False
50,114871,,False
50,114879,,False
50,114884,,False
50,114885,,False
50,114890,,False
50,114894,,False
50,114898,,False
50,114923,,False
50,114924,,False
50,114926,,False
50,114938,,False
50,114940,,False
50,114958,,False
50,114967,,False
50,114978,,False
50,114981,,False
50,114988,,False
50,114991,,False
50,114992,,False
50,114996,,False
50,115009,,False
50,115013,,False
50,115016,,False
50,115022,,False
50,115027,,False
50,115034,,False
50,115043,,False
50,115047,,False
50,115056,,False
50,115065,,False
50,115070,,False
50,115072,,False
50,115088,,False
50,115097,,False
50,115101,,False
50,115113,,False
50,115116,,False
50,115118,,False
50,115124,,False
50,115125,,False
50,115130,,False
50,115137,,False
50,115140,,False
50,115143,,False
50,115145,,False
50,115150,,False
50,115152,,False
50,115182,,False
50,115185,,False
50,115193,,False
50,115195,,False
50,115196,,False
50,115211,,False
50,115212,,False
50,115213,,False
50,115241,,False
50,115243,,False
50,115246,,False
50,115247,,False
50,115250,,False
50,115253,,False
50,115259,,False
50,115262,,False
50,115264,,False
50,115267,,False
50,115286,,False
50,115294,,False
50,115296,,False
50,115297,,False
50,115320,,False
50,115323,,False
50,115328,,False
50,115333,,False
50,115346,,False
50,115349,,False
50,115358,,False
50,115362,,False
50,115365,,False
50,115369,,False
50,115380,,False
50,115383,,False
50,115387,,False
50,115406,,False
50,115408,,False
50,115420,,False
50,115459,,False
50,115460,,False
50,115499,,False
50,115506,,False
50,115523,,False
50,115528,,False
50,115532,,False
50,115541,,False
50,115542,,False
50,115554,,False
50,115564,,False
50,115568,,False
50,115570,,False
50,115573,,False
50,115578,,False
50,115587,,False
50,115609,,False
50,115615,,False
50,115620,,False
50,115632,,False
50,115637,,False
50,115645,,False
50,115647,,False
50,115651,,False
50,115653,,False
50,115660,,False
50,115662,,False
50,115690,,False
50,115695,,False
50,115704,,False
50,115711,,False
50,115724,,False
50,115725,,False
50,115731,,False
50,115732,,False
50,115744,,False
50,115750,,False
50,115755,,False
50,115759,,False
50,115768,,False
50,115773,,False
50,115776,,False
50,115780,,False
50,115783,,False
50,115802,,False
50,115808,,False
50,115816,,False
50,115837,,False
50,115843,,False
50,115861,,False
50,115865,,False
50,115873,,False
50,115885,,False
50,115888,,False
50,115891,,False
50,115898,,False
50,115901,,False
50,115904,,False
50,115912,,False
50,115921,,False
50,115926,,False
50,115927,,False
50,115929,,False
50,115940,,False
50,115964,,False
50,115970,,False
50,115976,,False
50,115979,,False
50,115994,,False
50,116007,,False
50,116010,,False
50,116014,,False
50,116019,,False
50,116050,,False
50,116059,,False
50,116062,,False
50,116100,,False
50,116118,,False
50,116119,,False
50,116135,,False
50,116140,,False
50,116149,,False
50,116151,,False
50,116157,,False
50,116170,,False
50,116190,,False
50,116192,,False
50,116196,,False
50,116203,,False
50,116207,,False
50,116237,,False
50,116262,,False
50,116270,,False
50,116279,,False
50,116282,,False
50,116289,,False
50,116299,,False
50,116303,,False
50,116311,,False
50,116315,,False
50,116323,,False
50,116324,,False
50,116328,,False
50,116330,,False
50,116333,,False
50,116334,,False
50,116344,,False
50,116351,,False
50,116353,,False
50,116363,,False
50,116364,,False
50,116373,,False
50,116376,,False
50,116391,,False
50,116397,,False
50,116403,,False
50,116418,,False
50,116428,,False
50,116433,,False
50,116441,,False
50,116455,,False
50,116474,,False
50,116487,,False
50,116489,,False
50,116495,,False
50,116497,,False
50,116504,,False
50,116524,,False
50,116535,,False
50,116536,,False
50,116548,,False
50,116562,,False
50,116568,,False
50,116573,,False
50,116578,,False
50,116582,,False
50,116593,,False
50,116606,,False
50,116610,,False
50,116621,,False
50,116626,,False
50,116640,,False
50,116648,,False
50,116663,,False
50,116672,,False
50,116676,,False
50,116678,,False
50,116688,,False
50,116705,,False
50,116711,,False
50,116730,,False
50,116731,,False
50,116743,,False
50,116744,,False
50,116767,,False
50,116770,,False
50,116775,,False
50,116788,,False
50,116792,,False
50,116806,,False
50,116823,,False
50,116828,,False
50,116830,,False
50,116834,,False
50,116847,,False
50,116848,,False
50,116852,,False
50,116855,,False
50,116859,,False
50,116864,,False
50,116873,,False
50,116883,,False
50,116886,,False
50,116896,,False
50,116904,,False
50,116930,,False
50,116943,,False
50,116978,,False
50,116993,,False
50,117008,,False
50,117016,,False
50,117035,,False
50,117040,,False
50,117049,,False
50,117061,,False
50,117100,,False
50,117101,,False
50,117124,,False
50,117127,,False
50,117138,,False
50,117157,,False
50,117161,,False
50,117171,,False
50,117174,,False
50,117182,,False
50,117199,,False
50,117200,,False
50,117210,,False
50,117214,,False
50,117216,,False
50,117220,,False
50,117222,,False
50,117225,,False
50,117234,,False
50,117235,,False
50,117244,,False
50,117248,,False
50,117252,,False
50,117256,,False
50,117257,,False
50,117272,,False
50,117291,,False
50,117300,,False
50,117302,,False
50,117304,,False
50,117310,,False
50,117316,,False
50,117319,,False
50,117323,,False
50,117333,,False
50,117334,,False
50,117342,,False
50,117347,,False
50,117350,,False
50,117361,,False
50,117363,,False
50,117364,,False
50,117367,,False
50,117369,,False
50,117382,,False
50,117384,,False
50,117387,,False
50,117392,,False
50,117403,,False
50,117412,,False
50,117420,,False
50,117434,,False
50,117442,,False
50,117454,,False
50,117471,,False
50,117474,,False
50,117478,,False
50,117483,,False
50,117486,,False
50,117503,,False
50,117524,,False
50,117537,,False
50,117544,,False
50,117547,,False
50,117555,,False
50,117562,,False
50,117563,,False
50,117564,,False
50,117566,,False
50,117572,,False
50,117577,,False
50,117580,,False
50,117587,,False
50,117595,,False
50,117597,,False
50,117602,,False
50,117603,,False
50,117612,,False
50,117635,,False
50,117637,,False
50,117640,,False
50,117644,,False
50,117647,,False
50,117648,,False
50,117653,,False
50,117660,,False
50,117663,,False
50,117664,,False
50,117669,,False
50,117677,,False
50,117681,,False
50,117682,,False
50,117688,,False
50,117701,,False
50,117708,,False
50,117719,,False
50,117730,,False
50,117737,,False
50,117742,,False
50,117746,,False
50,117757,,False
50,117759,,False
50,117767,,False
50,117775,,False
50,117788,,False
50,117791,,False
50,117798,,False
50,117800,,False
50,117810,,False
50,117856,,False
50,117864,,False
50,117876,,False
50,117879,,False
50,117881,,False
50,117883,,False
50,117889,,False
50,117898,,False
50,117924,,False
50,117927,,False
50,117928,,False
50,117934,,False
50,117939,,False
50,117940,,False
50,117943,,False
50,117959,,False
50,117964,,False
50,117984,,False
50,117995,,False
50,118016,,False
50,118017,,False
50,118020,,False
50,118024,,False
50,118031,,False
50,118036,,False
50,118049,,False
50,118054,,False
50,118066,,False
50,118068,,False
50,118071,,False
50,118077,,False
50,118083,,False
50,118086,,False
50,118088,,False
50,118107,,False
50,118109,,False
50,118125,,False
50,118138,,False
50,118141,,False
50,118156,,False
50,118157,,False
50,118164,,False
50,118166,,False
50,118178,,False
50,118180,,False
50,118182,,False
50,118186,,False
50,118192,,False
50,118197,,False
50,118202,,False
50,118207,,False
50,118226,,False
50,118233,,False
50,118248,,False
50,118249,,False
50,118254,,False
50,118269,,False
50,118280,,False
50,118284,,False
50,118288,,False
50,118289,,False
50,118295,,False
50,118312,,False
50,118313,,False
50,118324,,False
50,118325,,False
50,118335,,False
50,118338,,False
50,118342,,False
50,118343,,False
50,118350,,False
50,118357,,False
50,118361,,False
50,118373,,False
50,118375,,False
50,118380,,False
50,118382,,False
50,118383,,False
50,118390,,False
50,118402,,False
50,118415,,False
50,118416,,False
50,118426,,False
50,118439,,False
50,118452,,False
50,118468,,False
50,118472,,False
50,118473,,False
50,118478,,False
50,118488,,False
50,118494,,False
50,118514,,False
50,118522,,False
50,118524,,False
50,118525,,False
50,118542,,False
50,118545,,False
50,118547,,False
50,118565,,False
50,118579,,False
50,118585,,False
50,118595,,False
50,118596,,False
50,118608,,False
50,118614,,False
50,118626,,False
50,118629,,False
50,118650,,False
50,118657,,False
50,118665,,False
50,118674,,False
50,118689,,False
50,118693,,False
50,118703,,False
50,118710,,False
50,118711,,False
50,118713,,False
50,118717,,False
50,118720,,False
50,118726,,False
50,118735,,False
50,118745,,False
50,118755,,False
50,118757,,False
50,118762,,False
50,118774,,False
50,118777,,False
50,118788,,False
50,118798,,False
50,118805,,False
50,118819,,False
50,118845,,False
50,118847,,False
50,118854,,False
50,118858,,False
50,118877,,False
50,118887,,False
50,118889,,False
50,118893,,False
50,118948,,False
50,118957,,False
50,118967,,False
50,118969,,False
50,118979,,False
50,119006,,False
50,119024,,False
50,119028,,False
50,119032,,False
50,119040,,False
50,119044,,False
50,119045,,False
50,119052,,False
50,119054,,False
50,119056,,False
50,119064,,False
50,119072,,False
50,119087,,False
50,119095,,False
50,119110,,False
50,119112,,False
50,119123,,False
50,119153,,False
50,119154,,False
50,119167,,False
50,119182,,False
50,119193,,False
50,119229,,False
50,119230,,False
50,119237,,False
50,119238,,False
50,119249,,False
50,119257,,False
50,119265,,False
50,119266,,False
50,119270,,False
50,119295,,False
50,119298,,False
50,119301,,False
50,119308,,False
50,119327,,False
50,119335,,False
50,119362,,False
50,119376,,False
50,119378,,False
50,119379,,False
50,119390,,False
50,119393,,False
50,119398,,False
50,119412,,False
50,119415,,False
50,119423,,False
50,119443,,False
50,119451,,False
50,119452,,False
50,119454,,False
50,119462,,False
50,119464,,False
50,119476,,False
50,119479,,False
50,119482,,False
50,119483,,False
50,119491,,False
50,119493,,False
50,119495,,False
50,119498,,False
50,119521,,False
50,119528,,False
50,119535,,False
50,119548,,False
50,119555,,False
50,119560,,False
50,119575,,False
50,119611,,False
50,119617,,False
50,119619,,False
50,119621,,False
50,119625,,False
50,119627,,False
50,119629,,False
50,119635,,False
50,119638,,False
50,119647,,False
50,119655,,False
50,119669,,False
50,119670,,False
50,119674,,False
50,119680,,False
50,119682,,False
50,119688,,False
50,119692,,False
50,119694,,False
50,119706,,False
50,119714,,False
50,119722,,False
50,119723,,False
50,119730,,False
50,119742,,False
50,119743,,False
50,119747,,False
50,119765,,False
50,119769,,False
50,119774,,False
50,119781,,False
50,119800,,False
50,119802,,False
50,119806,,False
50,119822,,False
50,119855,,False
50,119888,,False
50,119905,,False
50,119918,,False
50,119931,,False
50,119935,,False
50,119940,,False
50,119944,,False
50,119946,,False
50,119952,,False
50,119954,,False
50,119958,,False
50,119972,,False
50,119973,,False
50,119981,,False
50,119986,,False
50,119992,,False
50,120001,,False
50,120013,,False
50,120020,,False
50,120027,,False
50,120029,,False
50,120047,,False
50,120048,,False
50,120053,,False
50,120055,,False
50,120057,,False
50,120058,,False
50,120062,,False
50,120072,,False
50,120079,,False
50,120084,,False
50,120089,,False
50,120092,,False
50,120094,,False
50,120097,,False
50,120099,,False
50,120106,,False
50,120113,,False
50,120118,,False
50,120122,,False
50,120127,,False
50,120143,,False
50,120156,,False
50,120160,,False
50,120166,,False
50,120167,,False
50,120168,,False
50,120170,,False
50,120179,,False
50,120181,,False
50,120183,,False
50,120192,,False
50,120195,,False
50,120199,,False
50,120207,,False
50,120215,,False
50,120217,,False
50,120230,,False
50,120250,,False
50,120251,,False
50,120260,,False
50,120266,,False
50,120268,,False
50,120276,,False
50,120283,,False
50,120285,,False
50,120286,,False
50,120298,,False
50,120313,,False
50,120319,,False
50,120334,,False
50,120353,,False
50,120355,,False
50,120370,,False
50,120371,,False
50,120373,,False
50,120374,,False
50,120380,,False
50,120389,,False
50,120405,,False
50,120409,,False
50,120410,,False
50,120418,,False
50,120426,,False
50,120429,,False
50,120432,,False
50,120441,,False
50,120445,,False
50,120460,,False
50,120465,,False
50,120479,,False
50,120484,,False
50,120488,,False
50,120500,,False
50,120503,,False
50,120511,,False
50,120516,,False
50,120517,,False
50,120544,,False
50,120548,,False
50,120551,,False
50,120560,,False
50,120566,,False
50,120572,,False
50,120589,,False
50,120594,,False
50,120599,,False
50,120602,,False
50,120611,,False
50,120617,,False
50,120625,,False
50,120644,,False
50,120649,,False
50,120667,,False
50,120674,,False
50,120677,,False
50,120684,,False
50,120687,,False
50,120688,,False
50,120701,,False
50,120710,,False
50,120712,,False
50,120721,,False
50,120732,,False
50,120737,,False
50,120740,,False
50,120755,,False
50,120756,,False
50,120759,,False
50,120775,,False
50,120778,,False
50,120785,,False
50,120789,,False
50,120807,,False
50,120813,,False
50,120829,,False
50,120857,,False
50,120869,,False
50,120872,,False
50,120874,,False
50,120894,,False
50,120906,,False
50,120909,,False
50,120926,,False
50,120945,,False
50,120950,,False
50,120951,,False
50,120952,,False
50,120957,,False
50,120961,,False
50,120965,,False
50,120966,,False
50,120970,,False
50,120988,,False
50,120996,,False
50,121007,,False
50,121009,,False
50,121011,,False
50,121014,,False
50,121017,,False
50,121028,,False
50,121030,,False
50,121040,,False
50,121050,,False
50,121051,,False
50,121053,,False
50,121055,,False
50,121058,,False
50,121060,,False
50,121073,,False
50,121077,,False
50,121078,,False
50,121081,,False
50,121087,,False
50,121091,,False
50,121096,,False
50,121097,,False
50,121101,,False
50,121106,,False
50,121108,,False
50,121109,,False
50,121111,,False
50,121123,,False
50,121125,,False
50,121141,,False
50,121152,,False
50,121161,,False
50,121201,,False
50,121202,,False
50,121206,,False
50,121207,,False
50,121209,,False
50,121232,,False
50,121234,,False
50,121236,,False
50,121242,,False
50,121245,,False
50,121252,,False
50,121255,,False
50,121259,,False
50,121282,,False
50,121299,,False
50,121300,,False
50,121305,,False
50,121313,,False
50,121316,,False
50,121325,,False
50,121349,,False
50,121353,,False
50,121356,,False
50,121363,,False
50,121368,,False
50,121382,,False
50,121387,,False
50,121395,,False
50,121405,,False
50,121412,,False
50,121418,,False
50,121429,,False
50,121438,,False
50,121440,,False
50,121442,,False
50,121449,,False
50,121458,,False
50,121467,,False
50,121469,,False
50,121473,,False
50,121485,,False
50,121497,,False
50,121512,,False
50,121516,,False
50,121524,,False
50,121530,,False
50,121536,,False
50,121543,,False
50,121546,,False
50,121552,,False
50,121557,,False
50,121565,,False
50,121567,,False
50,121578,,False
50,121583,,False
50,121587,,False
50,121591,,False
50,121595,,False
50,121598,,False
50,121611,,False
50,121618,,False
50,121626,,False
50,121655,,False
50,121656,,False
50,121672,,False
50,121696,,False
50,121700,,False
50,121703,,False
50,121707,,False
50,121708,,False
50,121712,,False
50,121715,,False
50,121718,,False
50,121724,,False
50,121730,,False
50,121743,,False
50,121751,,False
50,121764,,False
50,121768,,False
50,121775,,False
50,121778,,False
50,121783,,False
50,121786,,False
50,121792,,False
50,121796,,False
50,121799,,False
50,121809,,False
50,121814,,False
50,121817,,False
50,121838,,False
50,121848,,False
50,121854,,False
50,121855,,False
50,121861,,False
50,121865,,False
50,121869,,False
50,121872,,False
50,121880,,False
50,121920,,False
50,121922,,False
50,121924,,False
50,121926,,False
50,121927,,False
50,121944,,False
50,121954,,False
50,121961,,False
50,121966,,False
50,121980,,False
50,121991,,False
50,121994,,False
50,122001,,False
50,122005,,False
50,122009,,False
50,122023,,False
50,122028,,False
50,122048,,False
50,122067,,False
50,122094,,False
50,122097,,False
50,122103,,False
50,122114,,False
50,122133,,False
50,122141,,False
50,122146,,False
50,122151,,False
50,122157,,False
50,122170,,False
50,122177,,False
50,122206,,False
50,122230,,False
50,122244,,False
50,122255,,False
50,122257,,False
50,122262,,False
50,122265,,False
50,122270,,False
50,122273,,False
50,122277,,False
50,122282,,False
50,122294,,False
50,122313,,False
50,122323,,False
50,122324,,False
50,122336,,False
50,122343,,False
50,122358,,False
50,122373,,False
50,122390,,False
50,122392,,False
50,122402,,False
50,122405,,False
50,122409,,False
50,122410,,False
50,122413,,False
50,122428,,False
50,122445,,False
50,122457,,False
50,122458,,False
50,122490,,False
50,122498,,False
50,122502,,False
50,122522,,False
50,122524,,False
50,122526,,False
50,122532,,False
50,122535,,False
50,122546,,False
50,122550,,False
50,122554,,False
50,122559,,False
50,122562,,False
50,122563,,False
50,122567,,False
50,122589,,False
50,122593,,False
50,122602,,False
50,122609,,False
50,122612,,False
50,122615,,False
50,122625,,False
50,122627,,False
50,122647,,False
50,122651,,False
50,122658,,False
50,122671,,False
50,122674,,False
50,122676,,False
50,122685,,False
50,122694,,False
50,122704,,False
50,122708,,False
50,122720,,False
50,122729,,False
50,122745,,False
50,122779,,False
50,122798,,False
50,122801,,False
50,122805,,False
50,122818,,False
50,122820,,False
50,122833,,False
50,122839,,False
50,122845,,False
50,122862,,False
50,122868,,False
50,122897,,False
50,122899,,False
50,122900,,False
50,122909,,False
50,122920,,False
50,122941,,False
50,122942,,False
50,122957,,False
50,122972,,False
50,122974,,False
50,122981,,False
50,122984,,False
50,122987,,False
50,122996,,False
50,123010,,False
50,123020,,False
50,123025,,False
50,123034,,False
50,123038,,False
50,123054,,False
50,123076,,False
50,123086,,False
50,123095,,False
50,123110,,False
50,123117,,False
50,123122,,False
50,123149,,False
50,123155,,False
50,123185,,False
50,123199,,False
50,123201,,False
50,123209,,False
50,123214,,False
50,123237,,False
50,123239,,False
50,123251,,False
50,123254,,False
50,123270,,False
50,123294,,False
50,123296,,False
50,123301,,False
50,123308,,False
50,123310,,False
50,123316,,False
50,123355,,False
50,123369,,False
50,123380,,False
50,123385,,False
50,123392,,False
50,123396,,False
50,123397,,False
50,123405,,False
50,123423,,False
50,123427,,False
50,123442,,False
50,123446,,False
50,123448,,False
50,123454,,False
50,123455,,False
50,123456,,False
50,123464,,False
50,123466,,False
50,123503,,False
50,123504,,False
50,123524,,False
50,123525,,False
50,123532,,False
50,123546,,False
50,123550,,False
50,123565,,False
50,123568,,False
50,123572,,False
50,123587,,False
50,123600,,False
50,123611,,False
50,123613,,False
50,123616,,False
50,123624,,False
50,123633,,False
50,123643,,False
50,123644,,False
50,123648,,False
50,123653,,False
50,123661,,False
50,123677,,False
50,123679,,False
50,123704,,False
50,123710,,False
50,123712,,False
50,123723,,False
50,123728,,False
50,123742,,False
50,123748,,False
50,123749,,False
50,123754,,False
50,123758,,False
50,123761,,False
50,123763,,False
50,123767,,False
50,123771,,False
50,123775,,False
50,123778,,False
50,123781,,False
50,123789,,False
50,123791,,False
50,123797,,False
50,123800,,False
50,123802,,False
50,123809,,False
50,123811,,False
50,123823,,False
50,123843,,False
50,123847,,False
50,123851,,False
50,123864,,False
50,123875,,False
50,123878,,False
50,123886,,False
50,123890,,False
50,123903,,False
50,123914,,False
50,123919,,False
50,123927,,False
50,123945,,False
50,123953,,False
50,123958,,False
50,123986,,False
50,123993,,False
50,124001,,False
50,124011,,False
50,124015,,False
50,124028,,False
50,124029,,False
50,124035,,False
50,124042,,False
50,124046,,False
50,124060,,False
50,124070,,False
50,124080,,False
50,124083,,False
50,124090,,False
50,124098,,False
50,124101,,False
50,124107,,False
50,124109,,False
50,124112,,False
50,124121,,False
50,124131,,False
50,124136,,False
50,124146,,False
50,124151,,False
50,124155,,False
50,124159,,False
50,124163,,False
50,124165,,False
50,124168,,False
50,124172,,False
50,124177,,False
50,124180,,False
50,124181,,False
50,124192,,False
50,124205,,False
50,124216,,False
50,124227,,False
50,124229,,False
50,124241,,False
50,124259,,False
50,124274,,False
50,124277,,False
50,124278,,False
50,124290,,False
50,124297,,False
50,124306,,False
50,124319,,False
50,124328,,False
50,124350,,False
50,124351,,False
50,124356,,False
50,124358,,False
50,124365,,False
50,124372,,False
50,124379,,False
50,124398,,False
50,124403,,False
50,124410,,False
50,124411,,False
50,124428,,False
50,124429,,False
50,124441,,False
50,124444,,False
50,124445,,False
50,124459,,False
50,124462,,False
50,124478,,False
50,124480,,False
50,124487,,False
50,124500,,False
50,124526,,False
50,124528,,False
50,124531,,False
50,124537,,False
50,124542,,False
50,124548,,False
50,124553,,False
50,124556,,False
50,124559,,False
50,124566,,False
50,124569,,False
50,124619,,False
50,124620,,False
50,124624,,False
50,124626,,False
50,124646,,False
50,124652,,False
50,124654,,False
50,124656,,False
50,124662,,False
50,124663,,False
50,124673,,False
50,124678,,False
50,124690,,False
50,124702,,False
50,124708,,False
50,124743,,False
50,124747,,False
50,124754,,False
50,124760,,False
50,124784,,False
50,124791,,False
50,124796,,False
50,124801,,False
50,124803,,False
50,124811,,False
50,124813,,False
50,124816,,False
50,124819,,False
50,124820,,False
50,124822,,False
50,124823,,False
50,124826,,False
50,124830,,False
50,124837,,False
50,124858,,False
50,124862,,False
50,124868,,False
50,124872,,False
50,124879,,False
50,124886,,False
50,124897,,False
50,124899,,False
50,124902,,False
50,124948,,False
50,124951,,False
50,124952,,False
50,124956,,False
50,124970,,False
50,124982,,False
50,124996,,False
50,125001,,False
50,125014,,False
50,125015,,False
50,125018,,False
50,125031,,False
50,125042,,False
50,125044,,False
50,125045,,False
50,125048,,False
50,125051,,False
50,125059,,False
50,125066,,False
50,125067,,False
50,125084,,False
50,125095,,False
50,125098,,False
50,125104,,False
50,125108,,False
50,125112,,False
50,125116,,False
50,125118,,False
50,125119,,False
50,125156,,False
50,125160,,False
50,125196,,False
50,125201,,False
50,125215,,False
50,125222,,False
50,125231,,False
50,125233,,False
50,125237,,False
50,125238,,False
50,125251,,False
50,125252,,False
50,125262,,False
50,125263,,False
50,125272,,False
50,125284,,False
50,125285,,False
50,125296,,False
50,125303,,False
50,125305,,False
50,125317,,False
50,125341,,False
50,125382,,False
50,125399,,False
50,125404,,False
50,125409,,False
50,125411,,False
50,125413,,False
50,125416,,False
50,125422,,False
50,125430,,False
50,125432,,False
50,125454,,False
50,125461,,False
50,125467,,False
50,125475,,False
50,125488,,False
50,125492,,False
50,125497,,False
50,125501,,False
50,125511,,False
50,125513,,False
50,125524,,False
50,125529,,False
50,125539,,False
50,125562,,False
50,125576,,False
50,125595,,False
50,125615,,False
50,125639,,False
50,125652,,False
50,125653,,False
50,125661,,False
50,125668,,False
50,125671,,False
50,125672,,False
50,125674,,False
50,125684,,False
50,125686,,False
50,125689,,False
50,125695,,False
50,125712,,False
50,125766,,False
50,125772,,False
50,125783,,False
50,125785,,False
50,125791,,False
50,125795,,False
50,125798,,False
50,125823,,False
50,125825,,False
50,125848,,False
50,125858,,False
50,125871,,False
50,125873,,False
50,125878,,False
50,125883,,False
50,125895,,False
50,125899,,False
50,125902,,False
50,125905,,False
50,125914,,False
50,125918,,False
50,125921,,False
50,125924,,False
50,125927,,False
50,125938,,False
50,125943,,False
50,125944,,False
50,125948,,False
50,125964,,False
50,125968,,False
50,125974,,False
50,125975,,False
50,125976,,False
50,125994,,False
50,126005,,False
50,126014,,False
50,126016,,False
50,126021,,False
50,126025,,False
50,126028,,False
50,126032,,False
50,126037,,False
50,126040,,False
50,126044,,False
50,126053,,False
50,126064,,False
50,126070,,False
50,126074,,False
50,126077,,False
50,126081,,False
50,126085,,False
50,126092,,False
50,126093,,False
50,126106,,False
50,126118,,False
50,126124,,False
50,126136,,False
50,126168,,False
50,126171,,False
50,126174,,False
50,126188,,False
50,126193,,False
50,126197,,False
50,126209,,False
50,126215,,False
50,126224,,False
50,126230,,False
50,126255,,False
50,126260,,False
50,126269,,False
50,126279,,False
50,126284,,False
50,126295,,False
50,126314,,False
50,126318,,False
50,126327,,False
50,126335,,False
50,126354,,False
50,126356,,False
50,126366,,False
50,126379,,False
50,126388,,False
50,126394,,False
50,126404,,False
50,126429,,False
50,126439,,False
50,126441,,False
50,126466,,False
50,126468,,False
50,126474,,False
50,126476,,False
50,126487,,False
50,126502,,False
50,126516,,False
50,126522,,False
50,126527,,False
50,126528,,False
50,126530,,False
50,126542,,False
50,126547,,False
50,126553,,False
50,126554,,False
50,126559,,False
50,126567,,False
50,126568,,False
50,126571,,False
50,126589,,False
50,126590,,False
50,126597,,False
50,126611,,False
50,126613,,False
50,126618,,False
50,126623,,False
50,126628,,False
50,126632,,False
50,126636,,False
50,126640,,False
50,126644,,False
50,126648,,False
50,126649,,False
50,126662,,False
50,126664,,False
50,126666,,False
50,126671,,False
50,126713,,False
50,126718,,False
50,126721,,False
50,126745,,False
50,126750,,False
50,126763,,False
50,126776,,False
50,126782,,False
50,126800,,False
50,126808,,False
50,126814,,False
50,126823,,False
50,126825,,False
50,126869,,False
50,126871,,False
50,126878,,False
50,126879,,False
50,126910,,False
50,126914,,False
50,126922,,False
50,126928,,False
50,126938,,False
50,126940,,False
50,126944,,False
50,126950,,False
50,126957,,False
50,126959,,False
50,126963,,False
50,126982,,False
50,126986,,False
50,126987,,False
50,126992,,False
50,126999,,False
50,127003,,False
50,127004,,False
50,127007,,False
50,127016,,False
50,127028,,False
50,127032,,False
50,127035,,False
50,127040,,False
50,127047,,False
50,127054,,False
50,127063,,False
50,127067,,False
50,127072,,False
50,127076,,False
50,127084,,False
50,127086,,False
50,127095,,False
50,127104,,False
50,127111,,False
50,127113,,False
50,127121,,False
50,127160,,False
50,127162,,False
50,127165,,False
50,127171,,False
50,127196,,False
50,127197,,False
50,127198,,False
50,127201,,False
50,127211,,False
50,127229,,False
50,127232,,False
50,127247,,False
50,127254,,False
50,127276,,False
50,127300,,False
50,127305,,False
50,127309,,False
50,127311,,False
50,127312,,False
50,127316,,False
50,127321,,False
50,127330,,False
50,127334,,False
50,127336,,False
50,127337,,False
50,127353,,False
50,127374,,False
50,127377,,False
50,127378,,False
50,127380,,False
50,127385,,False
50,127396,,False
50,127413,,False
50,127420,,False
50,127421,,False
50,127426,,False
50,127435,,False
50,127438,,False
50,127451,,False
50,127452,,False
50,127454,,False
50,127466,,False
50,127474,,False
50,127483,,False
50,127496,,False
50,127497,,False
50,127501,,False
50,127508,,False
50,127511,,False
50,127519,,False
50,127522,,False
50,127523,,False
50,127527,,False
50,127542,,False
50,127552,,False
50,127556,,False
50,127562,,False
50,127569,,False
50,127576,,False
50,127583,,False
50,127589,,False
50,127595,,False
50,127600,,False
50,127604,,False
50,127614,,False
50,127615,,False
50,127617,,False
50,127620,,False
50,127625,,False
50,127629,,False
50,127631,,False
50,127646,,False
50,127656,,False
50,127683,,False
50,127690,,False
50,127691,,False
50,127714,,False
50,127716,,False
50,127726,,False
50,127740,,False
50,127745,,False
50,127749,,False
50,127755,,False
50,127761,,False
50,127764,,False
50,127784,,False
50,127786,,False
50,127789,,False
50,127794,,False
50,127802,,False
50,127815,,False
50,127816,,False
50,127830,,False
50,127840,,False
50,127844,,False
50,127849,,False
50,127856,,False
50,127861,,False
50,127883,,False
50,127887,,False
50,127888,,False
50,127890,,False
50,127899,,False
50,127903,,False
50,127918,,False
50,127925,,False
50,127932,,False
50,127951,,False
50,127954,,False
50,127957,,False
50,127967,,False
50,127972,,False
50,127974,,False
50,127977,,False
50,127996,,False
50,127999,,False
50,128004,,False
50,128006,,False
50,128013,,False
50,128022,,False
50,128032,,False
50,128033,,False
50,128035,,False
50,128042,,False
50,128056,,False
50,128065,,False
50,128073,,False
50,128086,,False
50,128099,,False
50,128101,,False
50,128102,,False
50,128106,,False
50,128110,,False
50,128118,,False
50,128124,,False
50,128126,,False
50,128147,,False
50,128161,,False
50,128166,,False
50,128173,,False
50,128185,,False
50,128211,,False
50,128220,,False
50,128224,,False
50,128225,,False
50,128241,,False
50,128247,,False
50,128255,,False
50,128282,,False
50,128298,,False
50,128299,,False
50,128308,,False
50,128314,,False
50,128322,,False
50,128326,,False
50,128338,,False
50,128344,,False
50,128345,,False
50,128347,,False
50,128354,,False
50,128368,,False
50,128379,,False
50,128387,,False
50,128389,,False
50,128394,,False
50,128398,,False
50,128402,,False
50,128412,,False
50,128416,,False
50,128426,,False
50,128427,,False
50,128431,,False
50,128447,,False
50,128475,,False
50,128482,,False
50,128485,,False
50,128544,,False
50,128548,,False
50,128553,,False
50,128554,,False
50,128555,,False
50,128558,,False
50,128559,,False
50,128562,,False
50,128567,,False
50,128571,,False
50,128579,,False
50,128590,,False
50,128592,,False
50,128597,,False
50,128603,,False
50,128607,,False
50,128608,,False
50,128622,,False
50,128630,,False
50,128635,,False
50,128664,,False
50,128682,,False
50,128692,,False
50,128698,,False
50,128701,,False
50,128713,,False
50,128720,,False
50,128741,,False
50,128749,,False
50,128750,,False
50,128761,,False
50,128768,,False
50,128774,,False
50,128783,,False
50,128802,,False
50,128804,,False
50,128813,,False
50,128823,,False
50,128824,,False
50,128826,,False
50,128834,,False
50,128836,,False
50,128853,,False
50,128854,,False
50,128870,,False
50,128884,,False
50,128886,,False
50,128888,,False
50,128899,,False
50,128905,,False
50,128911,,False
50,128920,,False
50,128929,,False
50,128931,,False
50,128933,,False
50,128938,,False
50,128939,,False
50,128941,,False
50,128968,,False
50,128974,,False
50,128981,,False
50,128989,,False
50,128997,,False
50,129005,,False
50,129006,,False
50,129015,,False
50,129022,,False
50,129031,,False
50,129039,,False
50,129048,,False
50,129061,,False
50,129062,,False
50,129063,,False
50,129064,,False
50,129069,,False
50,129079,,False
50,129082,,False
50,129102,,False
50,129121,,False
50,129123,,False
50,129129,,False
50,129132,,False
50,129140,,False
50,129160,,False
50,129178,,False
50,129186,,False
50,129189,,False
50,129200,,False
50,129203,,False
50,129213,,False
50,129215,,False
50,129216,,False
50,129229,,False
50,129250,,False
50,129261,,False
50,129270,,False
50,129274,,False
50,129275,,False
50,129294,,False
50,129299,,False
50,129300,,False
50,129309,,False
50,129317,,False
50,129323,,False
50,129324,,False
50,129336,,False
50,129344,,False
50,129350,,False
50,129352,,False
50,129354,,False
50,129361,,False
50,129368,,False
50,129371,,False
50,129372,,False
50,129377,,False
50,129398,,False
50,129405,,False
50,129408,,False
50,129411,,False
50,129423,,False
50,129424,,False
50,129426,,False
50,129429,,False
50,129441,,False
50,129460,,False
50,129464,,False
50,129468,,False
50,129470,,False
50,129475,,False
50,129506,,False
50,129508,,False
50,129527,,False
50,129548,,False
50,129557,,False
50,129558,,False
50,129572,,False
50,129573,,False
50,129579,,False
50,129588,,False
50,129610,,False
50,129611,,False
50,129623,,False
50,129636,,False
50,129639,,False
50,129642,,False
50,129644,,False
50,129646,,False
50,129653,,False
50,129657,,False
50,129667,,False
50,129678,,False
50,129710,,False
50,129711,,False
50,129725,,False
50,129736,,False
50,129784,,False
50,129785,,False
50,129799,,False
50,129801,,False
50,129807,,False
50,129808,,False
50,129813,,False
50,129828,,False
50,129834,,False
50,129842,,False
50,129867,,False
50,129873,,False
50,129875,,False
50,129886,,False
50,129895,,False
50,129899,,False
50,129910,,False
50,129922,,False
50,129927,,False
50,129946,,False
50,129956,,False
50,129957,,False
50,129960,,False
50,129968,,False
50,129973,,False
50,129996,,False
50,129999,,False
50,130016,,False
50,130022,,False
50,130031,,False
50,130048,,False
50,130049,,False
50,130051,,False
50,130053,,False
50,130066,,False
50,130072,,False
50,130074,,False
50,130078,,False
50,130079,,False
50,130086,,False
50,130090,,False
50,130098,,False
50,130100,,False
50,130112,,False
50,130113,,False
50,130119,,False
50,130125,,False
50,130129,,False
50,130135,,False
50,130136,,False
50,130147,,False
50,130168,,False
50,130170,,False
50,130176,,False
50,130186,,False
50,130189,,False
50,130197,,False
50,130199,,False
50,130212,,False
50,130228,,False
50,130235,,False
50,130279,,False
50,130285,,False
50,130287,,False
50,130297,,False
50,130315,,False
50,130316,,False
50,130319,,False
50,130335,,False
50,130353,,False
50,130366,,False
50,130372,,False
50,130387,,False
50,130391,,False
50,130392,,False
50,130398,,False
50,130411,,False
50,130414,,False
50,130416,,False
50,130422,,False
50,130423,,False
50,130425,,False
50,130430,,False
50,130435,,False
50,130439,,False
50,130442,,False
50,130479,,False
50,130482,,False
50,130485,,False
50,130486,,False
50,130493,,False
50,130508,,False
50,130509,,False
50,130518,,False
50,130519,,False
50,130553,,False
50,130585,,False
50,130592,,False
50,130597,,False
50,130603,,False
50,130607,,False
50,130610,,False
50,130618,,False
50,130622,,False
50,130637,,False
50,130638,,False
50,130639,,False
50,130641,,False
50,130644,,False
50,130663,,False
50,130673,,False
50,130677,,False
50,130679,,False
50,130684,,False
50,130693,,False
50,130705,,False
50,130717,,False
50,130725,,False
50,130728,,False
50,130731,,False
50,130733,,False
50,130736,,False
50,130750,,False
50,130756,,False
50,130759,,False
50,130762,,False
50,130778,,False
50,130780,,False
50,130784,,False
50,130790,,False
50,130793,,False
50,130795,,False
50,130797,,False
50,130798,,False
50,130813,,False
50,130826,,False
50,130840,,False
50,130848,,False
50,130892,,False
50,130894,,False
50,130902,,False
50,130904,,False
50,130906,,False
50,130918,,False
50,130923,,False
50,130924,,False
50,130925,,False
50,130942,,False
50,130946,,False
50,130957,,False
50,130961,,False
50,130966,,False
50,130975,,False
50,130982,,False
50,130995,,False
50,131004,,False
50,131011,,False
50,131041,,False
50,131045,,False
50,131051,,False
50,131055,,False
50,131058,,False
50,131060,,False
50,131071,,False
50,131073,,False
50,131081,,False
50,131083,,False
50,131084,,False
50,131089,,False
50,131091,,False
50,131096,,False
50,131098,,False
50,131105,,False
50,131127,,False
50,131129,,False
50,131137,,False
50,131138,,False
50,131140,,False
50,131152,,False
50,131155,,False
50,131158,,False
50,131160,,False
50,131162,,False
50,131172,,False
50,131175,,False
50,131184,,False
50,131188,,False
50,131195,,False
50,131203,,False
50,131208,,False
50,131210,,False
50,131211,,False
50,131213,,False
50,131214,,False
50,131215,,False
50,131217,,False
50,131227,,False
50,131231,,False
50,131235,,False
50,131243,,False
50,131244,,False
50,131256,,False
50,131261,,False
50,131282,,False
50,131295,,False
50,131305,,False
50,131307,,False
50,131323,,False
50,131340,,False
50,131363,,False
50,131375,,False
50,131381,,False
50,131385,,False
50,131387,,False
50,131392,,False
50,131411,,False
50,131413,,False
50,131414,,False
50,131416,,False
50,131422,,False
50,131429,,False
50,131437,,False
50,131440,,False
50,131445,,False
50,131448,,False
50,131474,,False
50,131476,,False
50,131479,,False
50,131485,,False
50,131486,,False
50,131496,,False
50,131500,,False
50,131503,,False
50,131508,,False
50,131510,,False
50,131512,,False
50,131519,,False
50,131528,,False
50,131531,,False
50,131533,,False
50,131536,,False
50,131569,,False
50,131572,,False
50,131576,,False
50,131579,,False
50,131581,,False
50,131587,,False
50,131588,,False
50,131597,,False
50,131603,,False
50,131606,,False
50,131659,,False
50,131660,,False
50,131668,,False
50,131672,,False
50,131678,,False
50,131679,,False
50,131680,,False
50,131707,,False
50,131709,,False
50,131713,,False
50,131716,,False
50,131719,,False
50,131733,,False
50,131737,,False
50,131742,,False
50,131746,,False
50,131752,,False
50,131764,,False
50,131765,,False
50,131775,,False
50,131776,,False
50,131777,,False
50,131778,,False
50,131779,,False
50,131781,,False
50,131783,,False
50,131799,,False
50,131805,,False
50,131822,,False
50,131828,,False
50,131830,,False
50,131835,,False
50,131849,,False
50,131859,,False
50,131866,,False
50,131869,,False
50,131887,,False
50,131900,,False
50,131910,,False
50,131912,,False
50,131915,,False
50,131921,,False
50,131924,,False
50,131936,,False
50,131938,,False
50,131949,,False
50,131952,,False
50,131960,,False
50,131975,,False
50,131977,,False
50,132004,,False
50,132016,,False
50,132029,,False
50,132060,,False
50,132065,,False
50,132066,,False
50,132069,,False
50,132074,,False
50,132091,,False
50,132096,,False
50,132097,,False
50,132098,,False
50,132107,,False
50,132119,,False
50,132120,,False
50,132124,,False
50,132138,,False
50,132141,,False
50,132149,,False
50,132150,,False
50,132154,,False
50,132159,,False
50,132170,,False
50,132186,,False
50,132216,,False
50,132224,,False
50,132238,,False
50,132255,,False
50,132279,,False
50,132292,,False
50,132294,,False
50,132300,,False
50,132301,,False
50,132311,,False
50,132314,,False
50,132325,,False
50,132337,,False
50,132345,,False
50,132369,,False
50,132375,,False
50,132378,,False
50,132381,,False
50,132384,,False
50,132387,,False
50,132389,,False
50,132402,,False
50,132405,,False
50,132406,,False
50,132419,,False
50,132431,,False
50,132436,,False
50,132439,,False
50,132445,,False
50,132448,,False
50,132460,,False
50,132468,,False
50,132472,,False
50,132477,,False
50,132481,,False
50,132484,,False
50,132486,,False
50,132512,,False
50,132513,,False
50,132520,,False
50,132529,,False
50,132530,,False
50,132532,,False
50,132542,,False
50,132548,,False
50,132561,,False
50,132565,,False
50,132576,,False
50,132581,,False
50,132583,,False
50,132598,,False
50,132603,,False
50,132604,,False
50,132607,,False
50,132610,,False
50,132628,,False
50,132630,,False
50,132632,,False
50,132637,,False
50,132639,,False
50,132648,,False
50,132657,,False
50,132663,,False
50,132671,,False
50,132672,,False
50,132683,,False
50,132684,,False
50,132692,,False
50,132694,,False
50,132710,,False
50,132714,,False
50,132715,,False
50,132716,,False
50,132718,,False
50,132727,,False
50,132732,,False
50,132745,,False
50,132749,,False
50,132752,,False
50,132763,,False
50,132773,,False
50,132774,,False
50,132777,,False
50,132791,,False
50,132792,,False
50,132800,,False
50,132802,,False
50,132809,,False
50,132810,,False
50,132816,,False
50,132822,,False
50,132823,,False
50,132830,,False
50,132832,,False
50,132851,,False
50,132867,,False
50,132875,,False
50,132882,,False
50,132898,,False
50,132907,,False
50,132917,,False
50,132944,,False
50,132950,,False
50,132958,,False
50,132979,,False
50,132990,,False
50,132995,,False
50,132998,,False
50,133010,,False
50,133013,,False
50,133018,,False
50,133036,,False
50,133049,,False
50,133069,,False
50,133075,,False
50,133076,,False
50,133079,,False
50,133085,,False
50,133090,,False
50,133091,,False
50,133095,,False
50,133098,,False
50,133105,,False
50,133108,,False
50,133120,,False
50,133140,,False
50,133156,,False
50,133165,,False
50,133172,,False
50,133177,,False
50,133191,,False
50,133195,,False
50,133210,,False
50,133216,,False
50,133217,,False
50,133218,,False
50,133220,,False
50,133230,,False
50,133232,,False
50,133239,,False
50,133242,,False
50,133256,,False
50,133266,,False
50,133272,,False
50,133278,,False
50,133281,,False
50,133292,,False
50,133324,,False
50,133326,,False
50,133341,,False
50,133353,,False
50,133355,,False
50,133363,,False
50,133366,,False
50,133380,,False
50,133381,,False
50,133389,,False
50,133406,,False
50,133437,,False
50,133443,,False
50,133450,,False
50,133482,,False
50,133490,,False
50,133503,,False
50,133507,,False
50,133525,,False
50,133531,,False
50,133550,,False
50,133556,,False
50,133578,,False
50,133586,,False
50,133589,,False
50,133593,,False
50,133609,,False
50,133618,,False
50,133620,,False
50,133621,,False
50,133623,,False
50,133626,,False
50,133629,,False
50,133632,,False
50,133634,,False
50,133652,,False
50,133666,,False
50,133674,,False
50,133679,,False
50,133693,,False
50,133695,,False
50,133697,,False
50,133723,,False
50,133728,,False
50,133730,,False
50,133739,,False
50,133742,,False
50,133747,,False
50,133749,,False
50,133755,,False
50,133760,,False
50,133767,,False
50,133775,,False
50,133779,,False
50,133780,,False
50,133781,,False
50,133784,,False
50,133786,,False
50,133788,,False
50,133798,,False
50,133803,,False
50,133806,,False
50,133814,,False
50,133817,,False
50,133836,,False
50,133838,,False
50,133843,,False
50,133850,,False
50,133851,,False
50,133871,,False
50,133877,,False
50,133881,,False
50,133883,,False
50,133895,,False
50,133904,,False
50,133915,,False
50,133942,,False
50,133954,,False
50,133987,,False
50,133990,,False
50,133992,,False
50,133996,,False
50,134001,,False
50,134013,,False
50,134015,,False
50,134025,,False
50,134039,,False
50,134045,,False
50,134046,,False
50,134049,,False
50,134060,,False
50,134069,,False
50,134074,,False
50,134079,,False
50,134093,,False
50,134122,,False
50,134140,,False
50,134142,,False
50,134146,,False
50,134148,,False
50,134157,,False
50,134159,,False
50,134182,,False
50,134185,,False
50,134188,,False
50,134211,,False
50,134229,,False
50,134236,,False
50,134240,,False
50,134268,,False
50,134285,,False
50,134287,,False
50,134288,,False
50,134306,,False
50,134311,,False
50,134314,,False
50,134317,,False
50,134320,,False
50,134322,,False
50,134337,,False
50,134343,,False
50,134349,,False
50,134350,,False
50,134363,,False
50,134364,,False
50,134366,,False
50,134393,,False
50,134395,,False
50,134417,,False
50,134425,,False
50,134432,,False
50,134444,,False
50,134461,,False
50,134470,,False
50,134471,,False
50,134490,,False
50,134491,,False
50,134492,,False
50,134515,,False
50,134516,,False
50,134522,,False
50,134525,,False
50,134534,,False
50,134540,,False
50,134545,,False
50,134565,,False
50,134571,,False
50,134579,,False
50,134582,,False
50,134587,,False
50,134593,,False
50,134607,,False
50,134634,,False
50,134658,,False
50,134663,,False
50,134666,,False
50,134689,,False
50,134691,,False
50,134694,,False
50,134698,,False
50,134700,,False
50,134703,,False
50,134707,,False
50,134712,,False
50,134717,,False
50,134721,,False
50,134729,,False
50,134743,,False
50,134752,,False
50,134754,,False
50,134762,,False
50,134767,,False
50,134770,,False
50,134775,,False
50,134779,,False
50,134780,,False
50,134782,,False
50,134787,,False
50,134788,,False
50,134798,,False
50,134801,,False
50,134803,,False
50,134804,,False
50,134830,,False
50,134837,,False
50,134839,,False
50,134844,,False
50,134871,,False
50,134889,,False
50,134894,,False
50,134896,,False
50,134903,,False
50,134910,,False
50,134917,,False
50,134942,,False
50,134950,,False
50,134954,,False
50,134972,,False
50,134985,,False
50,134993,,False
50,134998,,False
50,135000,,False
50,135014,,False
50,135022,,False
50,135027,,False
50,135038,,False
50,135041,,False
50,135042,,False
50,135044,,False
50,135048,,False
50,135061,,False
50,135068,,False
50,135083,,False
50,135089,,False
50,135094,,False
50,135115,,False
50,135120,,False
50,135125,,False
50,135134,,False
50,135158,,False
50,135170,,False
50,135188,,False
50,135194,,False
50,135202,,False
50,135227,,False
50,135231,,False
50,135235,,False
50,135249,,False
50,135266,,False
50,135283,,False
50,135287,,False
50,135301,,False
50,135323,,False
50,135330,,False
50,135348,,False
50,135353,,False
50,135355,,False
50,135360,,False
50,135367,,False
50,135371,,False
50,135391,,False
50,135410,,False
50,135418,,False
50,135426,,False
50,135429,,False
50,135433,,False
50,135445,,False
50,135481,,False
50,135496,,False
50,135498,,False
50,135509,,False
50,135512,,False
50,135516,,False
50,135520,,False
50,135525,,False
50,135531,,False
50,135537,,False
50,135548,,False
50,135554,,False
50,135556,,False
50,135565,,False
50,135566,,False
50,135572,,False
50,135575,,False
50,135584,,False
50,135589,,False
50,135594,,False
50,135603,,False
50,135615,,False
50,135628,,False
50,135645,,False
50,135672,,False
50,135683,,False
50,135689,,False
50,135697,,False
50,135705,,False
50,135735,,False
50,135758,,False
50,135763,,False
50,135775,,False
50,135777,,False
50,135784,,False
50,135788,,False
50,135789,,False
50,135791,,False
50,135794,,False
50,135798,,False
50,135821,,False
50,135834,,False
50,135836,,False
50,135838,,False
50,135839,,False
50,135842,,False
50,135849,,False
50,135865,,False
50,135870,,False
50,135885,,False
50,135893,,False
50,135894,,False
50,135917,,False
50,135921,,False
50,135926,,False
50,135936,,False
50,135946,,False
50,135951,,False
50,135954,,False
50,135972,,False
50,135977,,False
50,135978,,False
50,136006,,False
50,136008,,False
50,136011,,False
50,136018,,False
50,136034,,False
50,136061,,False
50,136066,,False
50,136072,,False
50,136078,,False
50,136079,,False
50,136091,,False
50,136103,,False
50,136110,,False
50,136111,,False
50,136122,,False
50,136128,,False
50,136131,,False
50,136133,,False
50,136138,,False
50,136141,,False
50,136149,,False
50,136151,,False
50,136166,,False
50,136181,,False
50,136185,,False
50,136196,,False
50,136199,,False
50,136207,,False
50,136213,,False
50,136221,,False
50,136226,,False
50,136230,,False
50,136237,,False
50,136247,,False
50,136250,,False
50,136251,,False
50,136263,,False
50,136274,,False
50,136284,,False
50,136288,,False
50,136290,,False
50,136291,,False
50,136293,,False
50,136294,,False
50,136297,,False
50,136304,,False
50,136315,,False
50,136319,,False
50,136322,,False
50,136332,,False
50,136342,,False
50,136352,,False
50,136354,,False
50,136365,,False
50,136367,,False
50,136368,,False
50,136377,,False
50,136379,,False
50,136386,,False
50,136393,,False
50,136395,,False
50,136401,,False
50,136405,,False
50,136408,,False
50,136412,,False
50,136413,,False
50,136419,,False
50,136449,,False
50,136456,,False
50,136459,,False
50,136460,,False
50,136476,,False
50,136479,,False
50,136511,,False
50,136513,,False
50,136522,,False
50,136523,,False
50,136525,,False
50,136529,,False
50,136532,,False
50,136549,,False
50,136556,,False
50,136574,,False
50,136578,,False
50,136593,,False
50,136597,,False
50,136599,,False
50,136620,,False
50,136623,,False
50,136633,,False
50,136636,,False
50,136643,,False
50,136647,,False
50,136652,,False
50,136655,,False
50,136657,,False
50,136682,,False
50,136702,,False
50,136705,,False
50,136713,,False
50,136740,,False
50,136746,,False
50,136760,,False
50,136765,,False
50,136767,,False
50,136776,,False
50,136778,,False
50,136780,,False
50,136785,,False
50,136803,,False
50,136819,,False
50,136831,,False
50,136833,,False
50,136836,,False
50,136839,,False
50,136843,,False
50,136850,,False
50,136859,,False
50,136868,,False
50,136881,,False
50,136889,,False
50,136891,,False
50,136895,,False
50,136902,,False
50,136905,,False
50,136907,,False
50,136926,,False
50,136932,,False
50,136935,,False
50,136952,,False
50,136957,,False
50,136958,,False
50,136959,,False
50,136965,,False
50,136967,,False
50,136977,,False
50,136979,,False
50,136983,,False
50,136993,,False
50,136995,,False
50,136996,,False
50,137004,,False
50,137017,,False
50,137026,,False
50,137027,,False
50,137037,,False
50,137042,,False
50,137051,,False
50,137066,,False
50,137067,,False
50,137084,,False
50,137088,,False
50,137092,,False
50,137108,,False
50,137120,,False
50,137129,,False
50,137131,,False
50,137134,,False
50,137141,,False
50,137146,,False
50,137155,,False
50,137180,,False
50,137193,,False
50,137200,,False
50,137201,,False
50,137205,,False
50,137206,,False
50,137225,,False
50,137239,,False
50,137258,,False
50,137262,,False
50,137266,,False
50,137285,,False
50,137291,,False
50,137297,,False
50,137302,,False
50,137314,,False
50,137321,,False
50,137328,,False
50,137337,,False
50,137339,,False
50,137354,,False
50,137358,,False
50,137359,,False
50,137366,,False
50,137389,,False
50,137390,,False
50,137394,,False
50,137409,,False
50,137413,,False
50,137430,,False
50,137435,,False
50,137444,,False
50,137449,,False
50,137454,,False
50,137456,,False
50,137471,,False
50,137472,,False
50,137492,,False
50,137497,,False
50,137507,,False
50,137516,,False
50,137519,,False
50,137543,,False
50,137545,,False
50,137547,,False
50,137554,,False
50,137559,,False
50,137560,,False
50,137563,,False
50,137565,,False
50,137573,,False
50,137580,,False
50,137583,,False
50,137593,,False
50,137603,,False
50,137610,,False
50,137621,,False
50,137631,,False
50,137644,,False
50,137656,,False
50,137657,,False
50,137661,,False
50,137671,,False
50,137677,,False
50,137691,,False
50,137695,,False
50,137697,,False
50,137699,,False
50,137701,,False
50,137709,,False
50,137710,,False
50,137719,,False
50,137739,,False
50,137761,,False
50,137765,,False
50,137779,,False
50,137780,,False
50,137794,,False
50,137807,,False
50,137809,,False
50,137825,,False
50,137827,,False
50,137833,,False
50,137873,,False
50,137877,,False
50,137889,,False
50,137892,,False
50,137900,,False
50,137907,,False
50,137911,,False
50,137919,,False
50,137935,,False
50,137943,,False
50,137947,,False
50,137954,,False
50,137958,,False
50,137968,,False
50,137980,,False
50,137983,,False
50,137985,,False
50,137996,,False
50,138009,,False
50,138013,,False
50,138016,,False
50,138017,,False
50,138025,,False
50,138027,,False
50,138031,,False
50,138035,,False
50,138038,,False
50,138058,,False
50,138064,,False
50,138071,,False
50,138094,,False
50,138098,,False
50,138117,,False
50,138121,,False
50,138146,,False
50,138148,,False
50,138162,,False
50,138167,,False
50,138185,,False
50,138194,,False
50,138200,,False
50,138205,,False
50,138210,,False
50,138213,,False
50,138239,,False
50,138260,,False
50,138272,,False
50,138273,,False
50,138276,,False
50,138288,,False
50,138292,,False
50,138295,,False
50,138315,,False
50,138324,,False
50,138328,,False
50,138329,,False
50,138333,,False
50,138344,,False
50,138350,,False
50,138355,,False
50,138358,,False
50,138360,,False
50,138365,,False
50,138384,,False
50,138392,,False
50,138395,,False
50,138398,,False
50,138406,,False
50,138409,,False
50,138415,,False
50,138433,,False
50,138437,,False
50,138455,,False
50,138457,,False
50,138459,,False
50,138468,,False
50,138487,,False
50,138491,,False
50,138499,,False
50,138511,,False
50,138530,,False
50,138531,,False
50,138540,,False
50,138543,,False
50,138550,,False
50,138552,,False
50,138554,,False
50,138559,,False
50,138585,,False
50,138587,,False
50,138596,,False
50,138616,,False
50,138646,,False
50,138648,,False
50,138657,,False
50,138659,,False
50,138662,,False
50,138666,,False
50,138680,,False
50,138705,,False
50,138720,,False
50,138721,,False
50,138722,,False
50,138725,,False
50,138726,,False
50,138727,,False
50,138737,,False
50,138739,,False
50,138767,,False
50,138772,,False
50,138774,,False
50,138786,,False
50,138794,,False
50,138796,,False
50,138799,,False
50,138800,,False
50,138814,,False
50,138819,,False
50,138823,,False
50,138827,,False
50,138832,,False
50,138834,,False
50,138845,,False
50,138851,,False
50,138860,,False
50,138873,,False
50,138877,,False
50,138884,,False
50,138891,,False
50,138893,,False
50,138895,,False
50,138897,,False
50,138916,,False
50,138949,,False
50,138950,,False
50,138951,,False
50,138981,,False
50,138998,,False
50,139002,,False
50,139005,,False
50,139008,,False
50,139010,,False
50,139029,,False
50,139040,,False
50,139048,,False
50,139063,,False
50,139065,,False
50,139067,,False
50,139072,,False
50,139095,,False
50,139103,,False
50,139105,,False
50,139120,,False
50,139121,,False
50,139125,,False
50,139136,,False
50,139144,,False
50,139152,,False
50,139153,,False
50,139166,,False
50,139167,,False
50,139170,,False
50,139172,,False
50,139174,,False
50,139194,,False
50,139216,,False
50,139225,,False
50,139233,,False
50,139253,,False
50,139266,,False
50,139270,,False
50,139271,,False
50,139277,,False
50,139291,,False
50,139292,,False
50,139293,,False
50,139298,,False
50,139304,,False
50,139311,,False
50,139314,,False
50,139328,,False
50,139330,,False
50,139333,,False
50,139336,,False
50,139346,,False
50,139350,,False
50,139354,,False
50,139357,,False
50,139360,,False
50,139368,,False
50,139387,,False
50,139396,,False
50,139410,,False
50,139411,,False
50,139419,,False
50,139424,,False
50,139431,,False
50,139432,,False
50,139434,,False
50,139435,,False
50,139442,,False
50,139443,,False
50,139469,,False
50,139471,,False
50,139490,,False
50,139492,,False
50,139495,,False
50,139522,,False
50,139526,,False
50,139538,,False
50,139552,,False
50,139559,,False
50,139562,,False
50,139564,,False
50,139572,,False
50,139576,,False
50,139579,,False
50,139580,,False
50,139585,,False
50,139590,,False
50,139596,,False
50,139599,,False
50,139604,,False
50,139605,,False
50,139615,,False
50,139635,,False
50,139646,,False
50,139655,,False
50,139658,,False
50,139665,,False
50,139672,,False
50,139704,,False
50,139705,,False
50,139706,,False
50,139711,,False
50,139716,,False
50,139720,,False
50,139734,,False
50,139749,,False
50,139785,,False
50,139798,,False
50,139811,,False
50,139812,,False
50,139816,,False
50,139817,,False
50,139819,,False
50,139849,,False
50,139851,,False
50,139860,,False
50,139871,,False
50,139887,,False
50,139891,,False
50,139896,,False
50,139914,,False
50,139918,,False
50,139923,,False
50,139926,,False
50,139935,,False
50,139944,,False
50,139947,,False
50,139956,,False
50,139970,,False
50,139983,,False
50,139984,,False
50,140009,,False
50,140014,,False
50,140017,,False
50,140020,,False
50,140028,,False
50,140031,,False
50,140055,,False
50,140069,,False
50,140071,,False
50,140075,,False
50,140079,,False
50,140084,,False
50,140099,,False
50,140111,,False
50,140121,,False
50,140142,,False
50,140144,,False
50,140148,,False
50,140155,,False
50,140167,,False
50,140171,,False
50,140178,,False
50,140190,,False
50,140194,,False
50,140200,,False
50,140249,,False
50,140257,,False
50,140276,,False
50,140318,,False
50,140336,,False
50,140342,,False
50,140363,,False
50,140381,,False
50,140390,,False
50,140392,,False
50,140420,,False
50,140425,,False
50,140426,,False
50,140435,,False
50,140445,,False
50,140446,,False
50,140449,,False
50,140451,,False
50,140460,,False
50,140467,,False
50,140478,,False
50,140487,,False
50,140496,,False
50,140506,,False
50,140512,,False
50,140514,,False
50,140519,,False
50,140528,,False
50,140544,,False
50,140546,,False
50,140557,,False
50,140558,,False
50,140568,,False
50,140571,,False
50,140579,,False
50,140580,,False
50,140582,,False
50,140588,,False
50,140599,,False
50,140603,,False
50,140611,,False
50,140635,,False
50,140653,,False
50,140660,,False
50,140661,,False
50,140681,,False
50,140684,,False
50,140694,,False
50,140707,,False
50,140729,,False
50,140734,,False
50,140742,,False
50,140744,,False
50,140746,,False
50,140756,,False
50,140762,,False
50,140767,,False
50,140775,,False
50,140780,,False
50,140789,,False
50,140795,,False
50,140797,,False
50,140798,,False
50,140805,,False
50,140810,,False
50,140820,,False
50,140824,,False
50,140835,,False
50,140847,,False
50,140853,,False
50,140856,,False
50,140882,,False
50,140894,,False
50,140903,,False
50,140906,,False
50,140908,,False
50,140919,,False
50,140924,,False
50,140929,,False
50,140930,,False
50,140933,,False
50,140955,,False
50,140958,,False
50,140963,,False
50,140972,,False
50,140974,,False
50,140978,,False
50,140984,,False
50,140986,,False
50,140987,,False
50,141007,,False
50,141008,,False
50,141019,,False
50,141022,,False
50,141025,,False
50,141029,,False
50,141038,,False
50,141050,,False
50,141051,,False
50,141059,,False
50,141081,,False
50,141084,,False
50,141103,,False
50,141131,,False
50,141132,,False
50,141137,,False
50,141141,,False
50,141158,,False
50,141162,,False
50,141170,,False
50,141183,,False
50,141203,,False
50,141211,,False
50,141218,,False
50,141224,,False
50,141230,,False
50,141245,,False
50,141247,,False
50,141258,,False
50,141261,,False
50,141271,,False
50,141278,,False
50,141280,,False
50,141281,,False
50,141285,,False
50,141287,,False
50,141305,,False
50,141307,,False
50,141313,,False
50,141318,,False
50,141334,,False
50,141339,,False
50,141341,,False
50,141345,,False
50,141352,,False
50,141356,,False
50,141360,,False
50,141372,,False
50,141375,,False
50,141378,,False
50,141383,,False
50,141385,,False
50,141387,,False
50,141392,,False
50,141395,,False
50,141406,,False
50,141407,,False
50,141420,,False
50,141422,,False
50,141426,,False
50,141427,,False
50,141452,,False
50,141464,,False
50,141474,,False
50,141478,,False
50,141489,,False
50,141491,,False
50,141499,,False
50,141512,,False
50,141526,,False
50,141533,,False
50,141534,,False
50,141538,,False
50,141539,,False
50,141541,,False
50,141546,,False
50,141553,,False
50,141565,,False
50,141584,,False
50,141587,,False
50,141603,,False
50,141616,,False
50,141621,,False
50,141624,,False
50,141625,,False
50,141642,,False
50,141648,,False
50,141662,,False
50,141663,,False
50,141674,,False
50,141682,,False
50,141687,,False
50,141700,,False
50,141721,,False
50,141755,,False
50,141764,,False
50,141773,,False
50,141795,,False
50,141796,,False
50,141810,,False
50,141817,,False
50,141820,,False
50,141829,,False
50,141839,,False
50,141842,,False
50,141847,,False
50,141862,,False
50,141870,,False
50,141881,,False
50,141896,,False
50,141913,,False
50,141918,,False
50,141919,,False
50,141926,,False
50,141928,,False
50,141935,,False
50,141961,,False
50,141964,,False
50,141972,,False
50,141975,,False
50,141978,,False
50,141983,,False
50,141989,,False
50,141998,,False
50,142000,,False
50,142003,,False
50,142004,,False
50,142016,,False
50,142021,,False
50,142025,,False
50,142031,,False
50,142036,,False
50,142048,,False
50,142051,,False
50,142055,,False
50,142066,,False
50,142068,,False
50,142071,,False
50,142079,,False
50,142081,,False
50,142086,,False
50,142088,,False
50,142091,,False
50,142110,,False
50,142113,,False
50,142118,,False
50,142129,,False
50,142138,,False
50,142141,,False
50,142144,,False
50,142154,,False
50,142177,,False
50,142179,,False
50,142183,,False
50,142214,,False
50,142229,,False
50,142230,,False
50,142232,,False
50,142249,,False
50,142257,,False
50,142265,,False
50,142270,,False
50,142271,,False
50,142277,,False
50,142286,,False
50,142292,,False
50,142307,,False
50,142313,,False
50,142319,,False
50,142326,,False
50,142340,,False
50,142355,,False
50,142362,,False
50,142366,,False
50,142368,,False
50,142378,,False
50,142381,,False
50,142384,,False
50,142397,,False
50,142400,,False
50,142406,,False
50,142412,,False
50,142421,,False
50,142435,,False
50,142436,,False
50,142449,,False
50,142459,,False
50,142464,,False
50,142475,,False
50,142485,,False
50,142486,,False
50,142494,,False
50,142503,,False
50,142516,,False
50,142517,,False
50,142530,,False
50,142533,,False
50,142545,,False
50,142564,,False
50,142579,,False
50,142585,,False
50,142601,,False
50,142605,,False
50,142615,,False
50,142630,,False
50,142678,,False
50,142689,,False
50,142696,,False
50,142706,,False
50,142712,,False
50,142730,,False
50,142738,,False
50,142745,,False
50,142747,,False
50,142752,,False
50,142753,,False
50,142761,,False
50,142768,,False
50,142783,,False
50,142788,,False
50,142803,,False
50,142822,,False
50,142824,,False
50,142828,,False
50,142837,,False
50,142841,,False
50,142854,,False
50,142855,,False
50,142858,,False
50,142861,,False
50,142876,,False
50,142878,,False
50,142897,,False
50,142908,,False
50,142909,,False
50,142910,,False
50,142916,,False
50,142931,,False
50,142947,,False
50,142957,,False
50,142961,,False
50,142987,,False
50,142998,,False
50,143001,,False
50,143003,,False
50,143012,,False
50,143020,,False
50,143035,,False
50,143038,,False
50,143042,,False
50,143053,,False
50,143065,,False
50,143073,,False
50,143078,,False
50,143081,,False
50,143084,,False
50,143097,,False
50,143111,,False
50,143114,,False
50,143138,,False
50,143141,,False
50,143142,,False
50,143152,,False
50,143165,,False
50,143168,,False
50,143173,,False
50,143189,,False
50,143192,,False
50,143205,,False
50,143209,,False
50,143211,,False
50,143212,,False
50,143214,,False
50,143218,,False
50,143221,,False
50,143227,,False
50,143234,,False
50,143237,,False
50,143242,,False
50,143253,,False
50,143261,,False
50,143275,,False
50,143283,,False
50,143291,,False
50,143294,,False
50,143295,,False
50,143313,,False
50,143331,,False
50,143342,,False
50,143357,,False
50,143362,,False
50,143379,,False
50,143384,,False
50,143391,,False
50,143398,,False
50,143401,,False
50,143407,,False
50,143409,,False
50,143414,,False
50,143419,,False
50,143421,,False
50,143427,,False
50,143437,,False
50,143438,,False
50,143454,,False
50,143475,,False
50,143476,,False
50,143486,,False
50,143489,,False
50,143493,,False
50,143511,,False
50,143524,,False
50,143530,,False
50,143536,,False
50,143544,,False
50,143567,,False
50,143574,,False
50,143583,,False
50,143591,,False
50,143606,,False
50,143608,,False
50,143609,,False
50,143628,,False
50,143645,,False
50,143647,,False
50,143648,,False
50,143653,,False
50,143657,,False
50,143685,,False
50,143687,,False
50,143697,,False
50,143708,,False
50,143709,,False
50,143720,,False
50,143723,,False
50,143735,,False
50,143736,,False
50,143745,,False
50,143754,,False
50,143770,,False
50,143794,,False
50,143795,,False
50,143810,,False
50,143825,,False
50,143834,,False
50,143845,,False
50,143847,,False
50,143848,,False
50,143849,,False
50,143863,,False
50,143871,,False
50,143897,,False
50,143899,,False
50,143901,,False
50,143902,,False
50,143912,,False
50,143923,,False
50,143965,,False
50,143967,,False
50,143988,,False
50,143990,,False
50,143996,,False
50,143999,,False
50,144005,,False
50,144012,,False
50,144018,,False
50,144051,,False
50,144060,,False
50,144066,,False
50,144071,,False
50,144079,,False
50,144085,,False
50,144086,,False
50,144094,,False
50,144096,,False
50,144103,,False
50,144127,,False
50,144132,,False
50,144135,,False
50,144153,,False
50,144170,,False
50,144180,,False
50,144220,,False
50,144231,,False
50,144241,,False
50,144261,,False
50,144276,,False
50,144280,,False
50,144284,,False
50,144298,,False
50,144311,,False
50,144322,,False
50,144330,,False
50,144338,,False
50,144344,,False
50,144350,,False
50,144356,,False
50,144369,,False
50,144370,,False
50,144377,,False
50,144378,,False
50,144389,,False
50,144395,,False
50,144398,,False
50,144401,,False
50,144412,,False
50,144420,,False
50,144440,,False
50,144447,,False
50,144451,,False
50,144472,,False
50,144473,,False
50,144477,,False
50,144500,,False
50,144502,,False
50,144513,,False
50,144522,,False
50,144525,,False
50,144528,,False
50,144530,,False
50,144550,,False
50,144556,,False
50,144560,,False
50,144562,,False
50,144568,,False
50,144572,,False
50,144578,,False
50,144582,,False
50,144585,,False
50,144589,,False
50,144599,,False
50,144602,,False
50,144604,,False
50,144606,,False
50,144620,,False
50,144658,,False
50,144662,,False
50,144669,,False
50,144672,,False
50,144697,,False
50,144714,,False
50,144718,,False
50,144737,,False
50,144742,,False
50,144743,,False
50,144745,,False
50,144749,,False
50,144761,,False
50,144768,,False
50,144775,,False
50,144788,,False
50,144794,,False
50,144799,,False
50,144808,,False
50,144817,,False
50,144854,,False
50,144856,,False
50,144868,,False
50,144871,,False
50,144880,,False
50,144890,,False
50,144894,,False
50,144896,,False
50,144906,,False
50,144909,,False
50,144912,,False
50,144914,,False
50,144933,,False
50,144939,,False
50,144941,,False
50,144943,,False
50,144945,,False
50,144951,,False
50,144963,,False
50,144970,,False
50,144973,,False
50,144980,,False
50,145000,,False
50,145003,,False
50,145006,,False
50,145010,,False
50,145014,,False
50,145024,,False
50,145026,,False
50,145057,,False
50,145065,,False
50,145071,,False
50,145073,,False
50,145080,,False
50,145091,,False
50,145095,,False
50,145124,,False
50,145132,,False
50,145134,,False
50,145149,,False
50,145177,,False
50,145180,,False
50,145193,,False
50,145205,,False
50,145206,,False
50,145211,,False
50,145219,,False
50,145227,,False
50,145239,,False
50,145240,,False
50,145253,,False
50,145288,,False
50,145302,,False
50,145306,,False
50,145309,,False
50,145320,,False
50,145333,,False
50,145335,,False
50,145336,,False
50,145340,,False
50,145349,,False
51,5,,False
51,15,,False
51,19,,False
51,24,,False
51,44,,False
51,47,,False
51,61,,False
51,87,,False
51,93,,False
51,95,,False
51,97,,False
51,99,,False
51,103,,False
51,118,,False
51,131,,False
51,141,,False
51,151,,False
51,165,,False
51,173,,False
51,183,,False
51,186,,False
51,209,,False
51,217,,False
51,220,,False
51,234,,False
51,236,,False
51,241,,False
51,248,,False
51,280,,False
51,286,,False
51,288,,False
51,290,,False
51,301,,False
51,316,,False
51,340,,False
51,342,,False
51,351,,False
51,356,,False
51,373,,False
51,387,,False
51,389,,False
51,391,,False
51,403,,False
51,412,,False
51,416,,False
51,429,,False
51,433,,False
51,450,,False
51,453,,False
51,456,,False
51,457,,False
51,462,,False
51,479,,False
51,483,,False
51,489,,False
51,493,,False
51,496,,False
51,502,,False
51,507,,False
51,508,,False
51,522,,False
51,526,,False
51,530,,False
51,547,,False
51,552,,False
51,554,,False
51,556,,False
51,561,,False
51,568,,False
51,573,,False
51,577,,False
51,581,,False
51,599,,False
51,617,,False
51,659,,False
51,668,,False
51,688,,False
51,700,,False
51,701,,False
51,702,,False
51,706,,False
51,710,,False
51,716,,False
51,729,,False
51,733,,False
51,735,,False
51,741,,False
51,743,,False
51,752,,False
51,758,,False
51,765,,False
51,772,,False
51,774,,False
51,780,,False
51,789,,False
51,792,,False
51,797,,False
51,831,,False
51,835,,False
51,838,,False
51,840,,False
51,850,,False
51,852,,False
51,857,,False
51,858,,False
51,860,,False
51,884,,False
51,889,,False
51,891,,False
51,899,,False
51,915,,False
51,916,,False
51,924,,False
51,932,,False
51,940,,False
51,948,,False
51,950,,False
51,951,,False
51,978,,False
51,979,,False
51,984,,False
51,987,,False
51,996,,False
51,999,,False
51,1003,,False
51,1004,,False
51,1019,,False
51,1024,,False
51,1025,,False
51,1027,,False
51,1028,,False
51,1031,,False
51,1043,,False
51,1050,,False
51,1051,,False
51,1053,,False
51,1054,,False
51,1056,,False
51,1078,,False
51,1082,,False
51,1087,,False
51,1098,,False
51,1100,,False
51,1102,,False
51,1117,,False
51,1123,,False
51,1133,,False
51,1161,,False
51,1162,,False
51,1180,,False
51,1193,,False
51,1196,,False
51,1211,,False
51,1213,,False
51,1241,,False
51,1249,,False
51,1254,,False
51,1260,,False
51,1262,,False
51,1279,,False
51,1296,,False
51,1299,,False
51,1328,,False
51,1331,,False
51,1338,,False
51,1343,,False
51,1348,,False
51,1351,,False
51,1355,,False
51,1367,,False
51,1377,,False
51,1379,,False
51,1384,,False
51,1393,,False
51,1395,,False
51,1397,,False
51,1402,,False
51,1403,,False
51,1417,,False
51,1425,,False
51,1439,,False
51,1463,,False
51,1470,,False
51,1476,,False
51,1478,,False
51,1484,,False
51,1486,,False
51,1489,,False
51,1491,,False
51,1497,,False
51,1502,,False
51,1519,,False
51,1525,,False
51,1554,,False
51,1557,,False
51,1565,,False
51,1574,,False
51,1577,,False
51,1583,,False
51,1610,,False
51,1619,,False
51,1630,,False
51,1635,,False
51,1640,,False
51,1645,,False
51,1680,,False
51,1698,,False
51,1706,,False
51,1712,,False
51,1725,,False
51,1745,,False
51,1751,,False
51,1756,,False
51,1762,,False
51,1766,,False
51,1768,,False
51,1782,,False
51,1791,,False
51,1797,,False
51,1801,,False
51,1807,,False
51,1823,,False
51,1826,,False
51,1829,,False
51,1832,,False
51,1836,,False
51,1837,,False
51,1840,,False
51,1846,,False
51,1849,,False
51,1861,,False
51,1870,,False
51,1871,,False
51,1879,,False
51,1881,,False
51,1882,,False
51,1890,,False
51,1894,,False
51,1896,,False
51,1903,,False
51,1906,,False
51,1909,,False
51,1910,,False
51,1920,,False
51,1924,,False
51,1926,,False
51,1931,,False
51,1941,,False
51,1962,,False
51,1967,,False
51,1970,,False
51,1985,,False
51,1991,,False
51,1998,,False
51,1999,,False
51,2005,,False
51,2006,,False
51,2017,,False
51,2036,,False
51,2051,,False
51,2064,,False
51,2066,,False
51,2070,,False
51,2080,,False
51,2090,,False
51,2096,,False
51,2097,,False
51,2107,,False
51,2109,,False
51,2115,,False
51,2117,,False
51,2122,,False
51,2130,,False
51,2132,,False
51,2133,,False
51,2152,,False
51,2155,,False
51,2176,,False
51,2178,,False
51,2191,,False
51,2196,,False
51,2199,,False
51,2201,,False
51,2205,,False
51,2213,,False
51,2214,,False
51,2215,,False
51,2222,,False
51,2237,,False
51,2243,,False
51,2261,,False
51,2278,,False
51,2282,,False
51,2290,,False
51,2297,,False
51,2302,,False
51,2315,,False
51,2324,,False
51,2328,,False
51,2329,,False
51,2334,,False
51,2347,,False
51,2355,,False
51,2368,,False
51,2369,,False
51,2371,,False
51,2375,,False
51,2376,,False
51,2382,,False
51,2389,,False
51,2392,,False
51,2394,,False
51,2398,,False
51,2400,,False
51,2406,,False
51,2412,,False
51,2419,,False
51,2456,,False
51,2466,,False
51,2475,,False
51,2481,,False
51,2482,,False
51,2483,,False
51,2514,,False
51,2515,,False
51,2517,,False
51,2518,,False
51,2520,,False
51,2525,,False
51,2526,,False
51,2531,,False
51,2545,,False
51,2560,,False
51,2566,,False
51,2572,,False
51,2573,,False
51,2582,,False
51,2604,,False
51,2609,,False
51,2611,,False
51,2621,,False
51,2625,,False
51,2631,,False
51,2639,,False
51,2641,,False
51,2642,,False
51,2649,,False
51,2651,,False
51,2658,,False
51,2668,,False
51,2671,,False
51,2672,,False
51,2677,,False
51,2680,,False
51,2712,,False
51,2713,,False
51,2727,,False
51,2735,,False
51,2747,,False
51,2765,,False
51,2829,,False
51,2830,,False
51,2839,,False
51,2841,,False
51,2847,,False
51,2864,,False
51,2876,,False
51,2879,,False
51,2888,,False
51,2892,,False
51,2893,,False
51,2895,,False
51,2896,,False
51,2901,,False
51,2903,,False
51,2908,,False
51,2910,,False
51,2921,,False
51,2928,,False
51,2938,,False
51,2952,,False
51,2961,,False
51,2987,,False
51,2996,,False
51,3004,,False
51,3019,,False
51,3023,,False
51,3028,,False
51,3031,,False
51,3038,,False
51,3049,,False
51,3056,,False
51,3062,,False
51,3063,,False
51,3067,,False
51,3076,,False
51,3079,,False
51,3085,,False
51,3086,,False
51,3119,,False
51,3121,,False
51,3125,,False
51,3133,,False
51,3137,,False
51,3149,,False
51,3151,,False
51,3165,,False
51,3177,,False
51,3192,,False
51,3193,,False
51,3195,,False
51,3202,,False
51,3204,,False
51,3210,,False
51,3212,,False
51,3213,,False
51,3218,,False
51,3233,,False
51,3247,,False
51,3253,,False
51,3257,,False
51,3292,,False
51,3298,,False
51,3306,,False
51,3311,,False
51,3313,,False
51,3323,,False
51,3327,,False
51,3334,,False
51,3337,,False
51,3340,,False
51,3344,,False
51,3346,,False
51,3370,,False
51,3388,,False
51,3393,,False
51,3395,,False
51,3398,,False
51,3431,,False
51,3441,,False
51,3448,,False
51,3455,,False
51,3459,,False
51,3463,,False
51,3466,,False
51,3475,,False
51,3489,,False
51,3494,,False
51,3498,,False
51,3517,,False
51,3523,,False
51,3529,,False
51,3539,,False
51,3540,,False
51,3553,,False
51,3559,,False
51,3568,,False
51,3569,,False
51,3571,,False
51,3576,,False
51,3590,,False
51,3602,,False
51,3610,,False
51,3611,,False
51,3618,,False
51,3624,,False
51,3634,,False
51,3678,,False
51,3694,,False
51,3696,,False
51,3702,,False
51,3706,,False
51,3720,,False
51,3723,,False
51,3727,,False
51,3729,,False
51,3733,,False
51,3748,,False
51,3749,,False
51,3756,,False
51,3773,,False
51,3774,,False
51,3788,,False
51,3791,,False
51,3797,,False
51,3805,,False
51,3815,,False
51,3821,,False
51,3834,,False
51,3840,,False
51,3844,,False
51,3851,,False
51,3860,,False
51,3867,,False
51,3881,,False
51,3883,,False
51,3889,,False
51,3893,,False
51,3895,,False
51,3908,,False
51,3909,,False
51,3931,,False
51,3947,,False
51,3951,,False
51,3956,,False
51,3971,,False
51,3979,,False
51,3985,,False
51,3995,,False
51,4006,,False
51,4010,,False
51,4011,,False
51,4016,,False
51,4017,,False
51,4031,,False
51,4042,,False
51,4048,,False
51,4050,,False
51,4057,,False
51,4067,,False
51,4077,,False
51,4083,,False
51,4087,,False
51,4097,,False
51,4100,,False
51,4103,,False
51,4107,,False
51,4108,,False
51,4110,,False
51,4113,,False
51,4127,,False
51,4129,,False
51,4141,,False
51,4148,,False
51,4149,,False
51,4152,,False
51,4156,,False
51,4157,,False
51,4162,,False
51,4163,,False
51,4165,,False
51,4168,,False
51,4170,,False
51,4178,,False
51,4194,,False
51,4200,,False
51,4208,,False
51,4214,,False
51,4246,,False
51,4250,,False
51,4273,,False
51,4274,,False
51,4276,,False
51,4284,,False
51,4287,,False
51,4291,,False
51,4292,,False
51,4300,,False
51,4314,,False
51,4320,,False
51,4333,,False
51,4336,,False
51,4348,,False
51,4355,,False
51,4357,,False
51,4360,,False
51,4381,,False
51,4399,,False
51,4401,,False
51,4404,,False
51,4409,,False
51,4430,,False
51,4434,,False
51,4450,,False
51,4457,,False
51,4464,,False
51,4472,,False
51,4491,,False
51,4493,,False
51,4498,,False
51,4506,,False
51,4522,,False
51,4524,,False
51,4526,,False
51,4535,,False
51,4542,,False
51,4554,,False
51,4558,,False
51,4572,,False
51,4575,,False
51,4582,,False
51,4586,,False
51,4591,,False
51,4595,,False
51,4598,,False
51,4607,,False
51,4616,,False
51,4634,,False
51,4635,,False
51,4637,,False
51,4647,,False
51,4652,,False
51,4663,,False
51,4674,,False
51,4683,,False
51,4686,,False
51,4706,,False
51,4709,,False
51,4716,,False
51,4726,,False
51,4733,,False
51,4739,,False
51,4748,,False
51,4753,,False
51,4761,,False
51,4766,,False
51,4772,,False
51,4773,,False
51,4788,,False
51,4793,,False
51,4795,,False
51,4802,,False
51,4803,,False
51,4806,,False
51,4809,,False
51,4820,,False
51,4833,,False
51,4845,,False
51,4846,,False
51,4861,,False
51,4871,,False
51,4875,,False
51,4897,,False
51,4899,,False
51,4900,,False
51,4906,,False
51,4907,,False
51,4908,,False
51,4913,,False
51,4926,,False
51,4972,,False
51,4981,,False
51,4982,,False
51,4986,,False
51,5008,,False
51,5010,,False
51,5013,,False
51,5015,,False
51,5019,,False
51,5024,,False
51,5035,,False
51,5042,,False
51,5043,,False
51,5046,,False
51,5057,,False
51,5070,,False
51,5077,,False
51,5091,,False
51,5102,,False
51,5106,,False
51,5108,,False
51,5115,,False
51,5123,,False
51,5124,,False
51,5129,,False
51,5132,,False
51,5142,,False
51,5150,,False
51,5152,,False
51,5158,,False
51,5159,,False
51,5161,,False
51,5173,,False
51,5176,,False
51,5186,,False
51,5190,,False
51,5194,,False
51,5195,,False
51,5209,,False
51,5211,,False
51,5216,,False
51,5218,,False
51,5219,,False
51,5228,,False
51,5242,,False
51,5253,,False
51,5270,,False
51,5291,,False
51,5292,,False
51,5295,,False
51,5303,,False
51,5310,,False
51,5313,,False
51,5317,,False
51,5322,,False
51,5325,,False
51,5327,,False
51,5330,,False
51,5347,,False
51,5349,,False
51,5351,,False
51,5370,,False
51,5412,,False
51,5423,,False
51,5424,,False
51,5426,,False
51,5432,,False
51,5437,,False
51,5452,,False
51,5454,,False
51,5459,,False
51,5461,,False
51,5471,,False
51,5473,,False
51,5502,,False
51,5541,,False
51,5545,,False
51,5547,,False
51,5549,,False
51,5554,,False
51,5563,,False
51,5569,,False
51,5610,,False
51,5611,,False
51,5619,,False
51,5620,,False
51,5629,,False
51,5633,,False
51,5641,,False
51,5642,,False
51,5649,,False
51,5653,,False
51,5661,,False
51,5663,,False
51,5666,,False
51,5672,,False
51,5673,,False
51,5677,,False
51,5717,,False
51,5721,,False
51,5736,,False
51,5746,,False
51,5757,,False
51,5761,,False
51,5774,,False
51,5781,,False
51,5787,,False
51,5792,,False
51,5799,,False
51,5802,,False
51,5806,,False
51,5807,,False
51,5816,,False
51,5823,,False
51,5832,,False
51,5839,,False
51,5844,,False
51,5854,,False
51,5855,,False
51,5871,,False
51,5886,,False
51,5887,,False
51,5890,,False
51,5894,,False
51,5900,,False
51,5910,,False
51,5919,,False
51,5923,,False
51,5929,,False
51,5932,,False
51,5935,,False
51,5938,,False
51,5940,,False
51,5948,,False
51,5950,,False
51,5953,,False
51,5959,,False
51,5966,,False
51,5971,,False
51,5981,,False
51,5985,,False
51,5991,,False
51,5996,,False
51,6001,,False
51,6006,,False
51,6012,,False
51,6014,,False
51,6019,,False
51,6023,,False
51,6031,,False
51,6032,,False
51,6043,,False
51,6066,,False
51,6076,,False
51,6079,,False
51,6094,,False
51,6099,,False
51,6102,,False
51,6105,,False
51,6106,,False
51,6109,,False
51,6113,,False
51,6115,,False
51,6132,,False
51,6143,,False
51,6156,,False
51,6162,,False
51,6167,,False
51,6170,,False
51,6171,,False
51,6175,,False
51,6198,,False
51,6203,,False
51,6232,,False
51,6251,,False
51,6260,,False
51,6262,,False
51,6276,,False
51,6285,,False
51,6295,,False
51,6299,,False
51,6306,,False
51,6334,,False
51,6343,,False
51,6354,,False
51,6362,,False
51,6363,,False
51,6366,,False
51,6367,,False
51,6380,,False
51,6383,,False
51,6389,,False
51,6390,,False
51,6400,,False
51,6403,,False
51,6422,,False
51,6438,,False
51,6441,,False
51,6451,,False
51,6457,,False
51,6458,,False
51,6481,,False
51,6502,,False
51,6509,,False
51,6511,,False
51,6515,,False
51,6517,,False
51,6527,,False
51,6539,,False
51,6550,,False
51,6572,,False
51,6577,,False
51,6582,,False
51,6584,,False
51,6590,,False
51,6591,,False
51,6598,,False
51,6606,,False
51,6612,,False
51,6617,,False
51,6620,,False
51,6628,,False
51,6641,,False
51,6652,,False
51,6674,,False
51,6676,,False
51,6684,,False
51,6685,,False
51,6690,,False
51,6700,,False
51,6710,,False
51,6712,,False
51,6728,,False
51,6729,,False
51,6741,,False
51,6745,,False
51,6753,,False
51,6760,,False
51,6761,,False
51,6769,,False
51,6770,,False
51,6775,,False
51,6780,,False
51,6784,,False
51,6787,,False
51,6803,,False
51,6809,,False
51,6811,,False
51,6812,,False
51,6817,,False
51,6819,,False
51,6840,,False
51,6841,,False
51,6845,,False
51,6853,,False
51,6867,,False
51,6882,,False
51,6888,,False
51,6898,,False
51,6944,,False
51,6973,,False
51,6985,,False
51,6988,,False
51,6993,,False
51,7007,,False
51,7015,,False
51,7026,,False
51,7040,,False
51,7048,,False
51,7078,,False
51,7082,,False
51,7093,,False
51,7097,,False
51,7102,,False
51,7104,,False
51,7119,,False
51,7122,,False
51,7128,,False
51,7133,,False
51,7135,,False
51,7146,,False
51,7148,,False
51,7149,,False
51,7155,,False
51,7158,,False
51,7171,,False
51,7174,,False
51,7182,,False
51,7184,,False
51,7185,,False
51,7187,,False
51,7194,,False
51,7200,,False
51,7202,,False
51,7205,,False
51,7217,,False
51,7226,,False
51,7229,,False
51,7231,,False
51,7238,,False
51,7244,,False
51,7246,,False
51,7249,,False
51,7250,,False
51,7252,,False
51,7257,,False
51,7261,,False
51,7268,,False
51,7275,,False
51,7292,,False
51,7304,,False
51,7305,,False
51,7308,,False
51,7320,,False
51,7325,,False
51,7326,,False
51,7334,,False
51,7341,,False
51,7373,,False
51,7376,,False
51,7380,,False
51,7381,,False
51,7388,,False
51,7398,,False
51,7405,,False
51,7408,,False
51,7421,,False
51,7426,,False
51,7427,,False
51,7430,,False
51,7441,,False
51,7454,,False
51,7464,,False
51,7469,,False
51,7471,,False
51,7478,,False
51,7484,,False
51,7494,,False
51,7508,,False
51,7509,,False
51,7513,,False
51,7516,,False
51,7522,,False
51,7542,,False
51,7552,,False
51,7559,,False
51,7590,,False
51,7610,,False
51,7629,,False
51,7634,,False
51,7641,,False
51,7647,,False
51,7663,,False
51,7666,,False
51,7675,,False
51,7697,,False
51,7701,,False
51,7710,,False
51,7714,,False
51,7723,,False
51,7749,,False
51,7775,,False
51,7798,,False
51,7806,,False
51,7820,,False
51,7821,,False
51,7823,,False
51,7831,,False
51,7879,,False
51,7894,,False
51,7900,,False
51,7907,,False
51,7917,,False
51,7927,,False
51,7929,,False
51,7930,,False
51,7943,,False
51,7974,,False
51,7992,,False
51,7996,,False
51,8000,,False
51,8006,,False
51,8010,,False
51,8015,,False
51,8033,,False
51,8073,,False
51,8084,,False
51,8088,,False
51,8123,,False
51,8127,,False
51,8135,,False
51,8144,,False
51,8147,,False
51,8154,,False
51,8155,,False
51,8171,,False
51,8176,,False
51,8178,,False
51,8186,,False
51,8187,,False
51,8190,,False
51,8192,,False
51,8199,,False
51,8231,,False
51,8235,,False
51,8253,,False
51,8255,,False
51,8264,,False
51,8274,,False
51,8275,,False
51,8285,,False
51,8297,,False
51,8299,,False
51,8312,,False
51,8316,,False
51,8318,,False
51,8322,,False
51,8325,,False
51,8337,,False
51,8344,,False
51,8348,,False
51,8354,,False
51,8358,,False
51,8373,,False
51,8375,,False
51,8376,,False
51,8384,,False
51,8392,,False
51,8402,,False
51,8403,,False
51,8404,,False
51,8424,,False
51,8426,,False
51,8436,,False
51,8440,,False
51,8441,,False
51,8452,,False
51,8463,,False
51,8469,,False
51,8476,,False
51,8487,,False
51,8492,,False
51,8495,,False
51,8496,,False
51,8508,,False
51,8516,,False
51,8518,,False
51,8530,,False
51,8533,,False
51,8538,,False
51,8549,,False
51,8561,,False
51,8567,,False
51,8576,,False
51,8580,,False
51,8587,,False
51,8588,,False
51,8592,,False
51,8600,,False
51,8608,,False
51,8611,,False
51,8619,,False
51,8622,,False
51,8623,,False
51,8641,,False
51,8650,,False
51,8655,,False
51,8673,,False
51,8674,,False
51,8681,,False
51,8695,,False
51,8696,,False
51,8704,,False
51,8706,,False
51,8709,,False
51,8736,,False
51,8740,,False
51,8753,,False
51,8756,,False
51,8769,,False
51,8783,,False
51,8790,,False
51,8791,,False
51,8799,,False
51,8804,,False
51,8805,,False
51,8811,,False
51,8812,,False
51,8816,,False
51,8828,,False
51,8835,,False
51,8863,,False
51,8869,,False
51,8877,,False
51,8897,,False
51,8900,,False
51,8906,,False
51,8919,,False
51,8928,,False
51,8930,,False
51,8940,,False
51,8941,,False
51,8953,,False
51,8974,,False
51,8975,,False
51,8991,,False
51,8994,,False
51,8995,,False
51,9006,,False
51,9009,,False
51,9014,,False
51,9026,,False
51,9039,,False
51,9056,,False
51,9058,,False
51,9060,,False
51,9068,,False
51,9071,,False
51,9087,,False
51,9093,,False
51,9122,,False
51,9126,,False
51,9135,,False
51,9147,,False
51,9155,,False
51,9163,,False
51,9164,,False
51,9168,,False
51,9180,,False
51,9188,,False
51,9191,,False
51,9206,,False
51,9213,,False
51,9225,,False
51,9230,,False
51,9233,,False
51,9240,,False
51,9244,,False
51,9255,,False
51,9256,,False
51,9266,,False
51,9270,,False
51,9275,,False
51,9277,,False
51,9287,,False
51,9298,,False
51,9299,,False
51,9305,,False
51,9318,,False
51,9330,,False
51,9333,,False
51,9339,,False
51,9351,,False
51,9354,,False
51,9366,,False
51,9368,,False
51,9372,,False
51,9376,,False
51,9381,,False
51,9397,,False
51,9398,,False
51,9413,,False
51,9414,,False
51,9424,,False
51,9427,,False
51,9455,,False
51,9464,,False
51,9466,,False
51,9473,,False
51,9483,,False
51,9484,,False
51,9485,,False
51,9491,,False
51,9496,,False
51,9501,,False
51,9502,,False
51,9505,,False
51,9508,,False
51,9514,,False
51,9519,,False
51,9523,,False
51,9530,,False
51,9531,,False
51,9550,,False
51,9552,,False
51,9557,,False
51,9570,,False
51,9581,,False
51,9593,,False
51,9600,,False
51,9601,,False
51,9607,,False
51,9620,,False
51,9627,,False
51,9642,,False
51,9647,,False
51,9661,,False
51,9662,,False
51,9666,,False
51,9676,,False
51,9678,,False
51,9682,,False
51,9698,,False
51,9701,,False
51,9704,,False
51,9724,,False
51,9769,,False
51,9782,,False
51,9788,,False
51,9804,,False
51,9815,,False
51,9817,,False
51,9821,,False
51,9840,,False
51,9844,,False
51,9847,,False
51,9859,,False
51,9874,,False
51,9876,,False
51,9893,,False
51,9901,,False
51,9909,,False
51,9914,,False
51,9923,,False
51,9952,,False
51,9961,,False
51,9971,,False
51,9989,,False
51,10000,,False
51,10003,,False
51,10021,,False
51,10026,,False
51,10056,,False
51,10064,,False
51,10082,,False
51,10083,,False
51,10095,,False
51,10105,,False
51,10110,,False
51,10117,,False
51,10123,,False
51,10140,,False
51,10142,,False
51,10150,,False
51,10158,,False
51,10163,,False
51,10166,,False
51,10179,,False
51,10197,,False
51,10201,,False
51,10206,,False
51,10211,,False
51,10214,,False
51,10229,,False
51,10253,,False
51,10258,,False
51,10261,,False
51,10265,,False
51,10273,,False
51,10277,,False
51,10281,,False
51,10284,,False
51,10292,,False
51,10297,,False
51,10304,,False
51,10308,,False
51,10316,,False
51,10323,,False
51,10324,,False
51,10339,,False
51,10369,,False
51,10370,,False
51,10380,,False
51,10392,,False
51,10394,,False
51,10398,,False
51,10404,,False
51,10405,,False
51,10419,,False
51,10444,,False
51,10448,,False
51,10451,,False
51,10459,,False
51,10462,,False
51,10470,,False
51,10476,,False
51,10483,,False
51,10485,,False
51,10490,,False
51,10491,,False
51,10496,,False
51,10501,,False
51,10510,,False
51,10516,,False
51,10518,,False
51,10531,,False
51,10545,,False
51,10550,,False
51,10553,,False
51,10557,,False
51,10569,,False
51,10575,,False
51,10587,,False
51,10591,,False
51,10593,,False
51,10605,,False
51,10607,,False
51,10612,,False
51,10614,,False
51,10621,,False
51,10628,,False
51,10648,,False
51,10660,,False
51,10661,,False
51,10675,,False
51,10676,,False
51,10690,,False
51,10695,,False
51,10705,,False
51,10717,,False
51,10723,,False
51,10729,,False
51,10746,,False
51,10752,,False
51,10761,,False
51,10769,,False
51,10771,,False
51,10779,,False
51,10794,,False
51,10799,,False
51,10803,,False
51,10806,,False
51,10808,,False
51,10813,,False
51,10827,,False
51,10831,,False
51,10835,,False
51,10837,,False
51,10841,,False
51,10845,,False
51,10851,,False
51,10856,,False
51,10858,,False
51,10865,,False
51,10868,,False
51,10870,,False
51,10876,,False
51,10881,,False
51,10887,,False
51,10892,,False
51,10896,,False
51,10899,,False
51,10903,,False
51,10921,,False
51,10926,,False
51,10928,,False
51,10930,,False
51,10938,,False
51,10942,,False
51,10947,,False
51,10952,,False
51,10958,,False
51,10969,,False
51,10995,,False
51,11000,,False
51,11003,,False
51,11006,,False
51,11027,,False
51,11030,,False
51,11032,,False
51,11033,,False
51,11049,,False
51,11063,,False
51,11078,,False
51,11088,,False
51,11092,,False
51,11093,,False
51,11102,,False
51,11106,,False
51,11113,,False
51,11116,,False
51,11126,,False
51,11136,,False
51,11137,,False
51,11150,,False
51,11155,,False
51,11183,,False
51,11184,,False
51,11191,,False
51,11201,,False
51,11214,,False
51,11216,,False
51,11218,,False
51,11220,,False
51,11223,,False
51,11226,,False
51,11228,,False
51,11237,,False
51,11242,,False
51,11244,,False
51,11247,,False
51,11249,,False
51,11254,,False
51,11256,,False
51,11259,,False
51,11267,,False
51,11276,,False
51,11287,,False
51,11290,,False
51,11309,,False
51,11324,,False
51,11329,,False
51,11353,,False
51,11362,,False
51,11369,,False
51,11390,,False
51,11417,,False
51,11419,,False
51,11422,,False
51,11432,,False
51,11440,,False
51,11442,,False
51,11453,,False
51,11473,,False
51,11477,,False
51,11490,,False
51,11497,,False
51,11499,,False
51,11507,,False
51,11509,,False
51,11517,,False
51,11518,,False
51,11524,,False
51,11547,,False
51,11554,,False
51,11555,,False
51,11558,,False
51,11579,,False
51,11580,,False
51,11583,,False
51,11595,,False
51,11608,,False
51,11618,,False
51,11625,,False
51,11635,,False
51,11636,,False
51,11644,,False
51,11645,,False
51,11647,,False
51,11651,,False
51,11668,,False
51,11675,,False
51,11703,,False
51,11711,,False
51,11733,,False
51,11736,,False
51,11737,,False
51,11745,,False
51,11754,,False
51,11766,,False
51,11798,,False
51,11809,,False
51,11813,,False
51,11814,,False
51,11820,,False
51,11841,,False
51,11842,,False
51,11845,,False
51,11852,,False
51,11856,,False
51,11863,,False
51,11872,,False
51,11882,,False
51,11889,,False
51,11895,,False
51,11899,,False
51,11905,,False
51,11906,,False
51,11910,,False
51,11916,,False
51,11922,,False
51,11936,,False
51,11946,,False
51,11957,,False
51,11963,,False
51,11971,,False
51,12019,,False
51,12022,,False
51,12029,,False
51,12031,,False
51,12035,,False
51,12060,,False
51,12075,,False
51,12089,,False
51,12101,,False
51,12119,,False
51,12125,,False
51,12139,,False
51,12145,,False
51,12147,,False
51,12148,,False
51,12160,,False
51,12167,,False
51,12174,,False
51,12180,,False
51,12183,,False
51,12187,,False
51,12198,,False
51,12202,,False
51,12204,,False
51,12215,,False
51,12217,,False
51,12224,,False
51,12226,,False
51,12238,,False
51,12250,,False
51,12256,,False
51,12268,,False
51,12271,,False
51,12286,,False
51,12299,,False
51,12306,,False
51,12309,,False
51,12310,,False
51,12325,,False
51,12327,,False
51,12330,,False
51,12334,,False
51,12335,,False
51,12336,,False
51,12342,,False
51,12349,,False
51,12353,,False
51,12359,,False
51,12361,,False
51,12363,,False
51,12376,,False
51,12380,,False
51,12381,,False
51,12387,,False
51,12413,,False
51,12426,,False
51,12436,,False
51,12445,,False
51,12451,,False
51,12455,,False
51,12469,,False
51,12470,,False
51,12476,,False
51,12479,,False
51,12481,,False
51,12487,,False
51,12510,,False
51,12520,,False
51,12525,,False
51,12532,,False
51,12534,,False
51,12539,,False
51,12544,,False
51,12547,,False
51,12557,,False
51,12578,,False
51,12584,,False
51,12597,,False
51,12598,,False
51,12607,,False
51,12611,,False
51,12614,,False
51,12634,,False
51,12636,,False
51,12642,,False
51,12645,,False
51,12658,,False
51,12666,,False
51,12669,,False
51,12674,,False
51,12681,,False
51,12687,,False
51,12693,,False
51,12702,,False
51,12712,,False
51,12717,,False
51,12718,,False
51,12724,,False
51,12750,,False
51,12754,,False
51,12756,,False
51,12759,,False
51,12779,,False
51,12788,,False
51,12795,,False
51,12810,,False
51,12816,,False
51,12821,,False
51,12846,,False
51,12850,,False
51,12855,,False
51,12864,,False
51,12869,,False
51,12895,,False
51,12900,,False
51,12902,,False
51,12908,,False
51,12909,,False
51,12916,,False
51,12940,,False
51,12947,,False
51,12948,,False
51,12955,,False
51,12965,,False
51,12969,,False
51,12980,,False
51,12982,,False
51,12984,,False
51,12992,,False
51,12994,,False
51,12997,,False
51,13009,,False
51,13025,,False
51,13041,,False
51,13060,,False
51,13069,,False
51,13071,,False
51,13079,,False
51,13081,,False
51,13092,,False
51,13099,,False
51,13110,,False
51,13115,,False
51,13132,,False
51,13144,,False
51,13147,,False
51,13159,,False
51,13170,,False
51,13175,,False
51,13198,,False
51,13200,,False
51,13204,,False
51,13221,,False
51,13223,,False
51,13239,,False
51,13257,,False
51,13258,,False
51,13261,,False
51,13262,,False
51,13265,,False
51,13267,,False
51,13270,,False
51,13275,,False
51,13281,,False
51,13283,,False
51,13289,,False
51,13292,,False
51,13309,,False
51,13311,,False
51,13318,,False
51,13329,,False
51,13334,,False
51,13339,,False
51,13342,,False
51,13344,,False
51,13353,,False
51,13366,,False
51,13407,,False
51,13408,,False
51,13419,,False
51,13424,,False
51,13426,,False
51,13429,,False
51,13436,,False
51,13442,,False
51,13450,,False
51,13463,,False
51,13467,,False
51,13491,,False
51,13494,,False
51,13505,,False
51,13513,,False
51,13516,,False
51,13521,,False
51,13525,,False
51,13527,,False
51,13533,,False
51,13534,,False
51,13544,,False
51,13546,,False
51,13560,,False
51,13579,,False
51,13583,,False
51,13596,,False
51,13598,,False
51,13605,,False
51,13608,,False
51,13610,,False
51,13627,,False
51,13647,,False
51,13660,,False
51,13673,,False
51,13674,,False
51,13680,,False
51,13687,,False
51,13695,,False
51,13699,,False
51,13706,,False
51,13708,,False
51,13715,,False
51,13722,,False
51,13730,,False
51,13742,,False
51,13744,,False
51,13755,,False
51,13757,,False
51,13777,,False
51,13778,,False
51,13782,,False
51,13808,,False
51,13809,,False
51,13813,,False
51,13841,,False
51,13844,,False
51,13854,,False
51,13855,,False
51,13858,,False
51,13863,,False
51,13865,,False
51,13870,,False
51,13877,,False
51,13881,,False
51,13883,,False
51,13890,,False
51,13896,,False
51,13902,,False
51,13910,,False
51,13921,,False
51,13928,,False
51,13935,,False
51,13937,,False
51,13941,,False
51,13945,,False
51,13949,,False
51,13954,,False
51,13955,,False
51,13974,,False
51,13977,,False
51,13980,,False
51,13990,,False
51,13999,,False
51,14015,,False
51,14023,,False
51,14032,,False
51,14050,,False
51,14055,,False
51,14058,,False
51,14060,,False
51,14062,,False
51,14069,,False
51,14075,,False
51,14077,,False
51,14082,,False
51,14088,,False
51,14098,,False
51,14102,,False
51,14112,,False
51,14124,,False
51,14133,,False
51,14139,,False
51,14145,,False
51,14155,,False
51,14159,,False
51,14164,,False
51,14172,,False
51,14187,,False
51,14191,,False
51,14205,,False
51,14211,,False
51,14228,,False
51,14240,,False
51,14242,,False
51,14244,,False
51,14268,,False
51,14295,,False
51,14299,,False
51,14305,,False
51,14307,,False
51,14308,,False
51,14309,,False
51,14313,,False
51,14314,,False
51,14321,,False
51,14323,,False
51,14325,,False
51,14328,,False
51,14329,,False
51,14335,,False
51,14349,,False
51,14357,,False
51,14369,,False
51,14370,,False
51,14377,,False
51,14394,,False
51,14397,,False
51,14406,,False
51,14407,,False
51,14414,,False
51,14427,,False
51,14435,,False
51,14440,,False
51,14454,,False
51,14460,,False
51,14467,,False
51,14470,,False
51,14485,,False
51,14488,,False
51,14495,,False
51,14502,,False
51,14512,,False
51,14524,,False
51,14527,,False
51,14536,,False
51,14539,,False
51,14568,,False
51,14574,,False
51,14587,,False
51,14595,,False
51,14627,,False
51,14647,,False
51,14648,,False
51,14663,,False
51,14690,,False
51,14694,,False
51,14696,,False
51,14697,,False
51,14713,,False
51,14714,,False
51,14723,,False
51,14727,,False
51,14739,,False
51,14770,,False
51,14771,,False
51,14778,,False
51,14786,,False
51,14793,,False
51,14797,,False
51,14802,,False
51,14804,,False
51,14813,,False
51,14825,,False
51,14832,,False
51,14845,,False
51,14869,,False
51,14872,,False
51,14898,,False
51,14900,,False
51,14903,,False
51,14914,,False
51,14923,,False
51,14932,,False
51,14941,,False
51,14943,,False
51,14945,,False
51,14946,,False
51,14955,,False
51,14956,,False
51,14975,,False
51,14977,,False
51,14978,,False
51,14984,,False
51,14987,,False
51,15000,,False
51,15005,,False
51,15019,,False
51,15033,,False
51,15044,,False
51,15048,,False
51,15049,,False
51,15050,,False
51,15052,,False
51,15063,,False
51,15066,,False
51,15068,,False
51,15079,,False
51,15115,,False
51,15118,,False
51,15129,,False
51,15143,,False
51,15147,,False
51,15155,,False
51,15157,,False
51,15167,,False
51,15171,,False
51,15177,,False
51,15180,,False
51,15181,,False
51,15194,,False
51,15195,,False
51,15197,,False
51,15199,,False
51,15223,,False
51,15231,,False
51,15247,,False
51,15265,,False
51,15271,,False
51,15274,,False
51,15277,,False
51,15285,,False
51,15290,,False
51,15292,,False
51,15298,,False
51,15311,,False
51,15317,,False
51,15326,,False
51,15328,,False
51,15366,,False
51,15377,,False
51,15385,,False
51,15393,,False
51,15403,,False
51,15420,,False
51,15433,,False
51,15439,,False
51,15470,,False
51,15478,,False
51,15491,,False
51,15503,,False
51,15516,,False
51,15521,,False
51,15522,,False
51,15524,,False
51,15528,,False
51,15538,,False
51,15548,,False
51,15554,,False
51,15557,,False
51,15559,,False
51,15592,,False
51,15607,,False
51,15609,,False
51,15638,,False
51,15659,,False
51,15663,,False
51,15666,,False
51,15667,,False
51,15674,,False
51,15680,,False
51,15687,,False
51,15692,,False
51,15693,,False
51,15720,,False
51,15723,,False
51,15731,,False
51,15732,,False
51,15747,,False
51,15756,,False
51,15761,,False
51,15783,,False
51,15791,,False
51,15799,,False
51,15801,,False
51,15812,,False
51,15844,,False
51,15849,,False
51,15850,,False
51,15856,,False
51,15866,,False
51,15873,,False
51,15887,,False
51,15901,,False
51,15908,,False
51,15909,,False
51,15912,,False
51,15920,,False
51,15923,,False
51,15931,,False
51,15933,,False
51,15935,,False
51,15941,,False
51,15947,,False
51,15949,,False
51,15950,,False
51,15979,,False
51,15983,,False
51,15990,,False
51,15994,,False
51,16009,,False
51,16016,,False
51,16030,,False
51,16031,,False
51,16034,,False
51,16038,,False
51,16043,,False
51,16049,,False
51,16058,,False
51,16060,,False
51,16065,,False
51,16083,,False
51,16088,,False
51,16094,,False
51,16097,,False
51,16115,,False
51,16131,,False
51,16142,,False
51,16152,,False
51,16153,,False
51,16166,,False
51,16167,,False
51,16176,,False
51,16177,,False
51,16183,,False
51,16185,,False
51,16186,,False
51,16193,,False
51,16215,,False
51,16217,,False
51,16220,,False
51,16231,,False
51,16233,,False
51,16242,,False
51,16256,,False
51,16277,,False
51,16282,,False
51,16283,,False
51,16291,,False
51,16294,,False
51,16308,,False
51,16317,,False
51,16337,,False
51,16400,,False
51,16404,,False
51,16409,,False
51,16411,,False
51,16414,,False
51,16423,,False
51,16446,,False
51,16448,,False
51,16452,,False
51,16457,,False
51,16459,,False
51,16461,,False
51,16463,,False
51,16468,,False
51,16490,,False
51,16496,,False
51,16504,,False
51,16506,,False
51,16507,,False
51,16514,,False
51,16532,,False
51,16533,,False
51,16537,,False
51,16548,,False
51,16552,,False
51,16560,,False
51,16564,,False
51,16571,,False
51,16582,,False
51,16592,,False
51,16601,,False
51,16604,,False
51,16608,,False
51,16610,,False
51,16614,,False
51,16621,,False
51,16631,,False
51,16633,,False
51,16649,,False
51,16651,,False
51,16655,,False
51,16665,,False
51,16668,,False
51,16670,,False
51,16678,,False
51,16680,,False
51,16686,,False
51,16689,,False
51,16697,,False
51,16703,,False
51,16704,,False
51,16705,,False
51,16709,,False
51,16720,,False
51,16728,,False
51,16729,,False
51,16730,,False
51,16742,,False
51,16746,,False
51,16766,,False
51,16769,,False
51,16773,,False
51,16776,,False
51,16798,,False
51,16814,,False
51,16833,,False
51,16836,,False
51,16837,,False
51,16857,,False
51,16861,,False
51,16866,,False
51,16869,,False
51,16877,,False
51,16888,,False
51,16903,,False
51,16907,,False
51,16909,,False
51,16920,,False
51,16941,,False
51,16965,,False
51,16966,,False
51,16996,,False
51,17002,,False
51,17004,,False
51,17005,,False
51,17012,,False
51,17021,,False
51,17024,,False
51,17027,,False
51,17028,,False
51,17049,,False
51,17051,,False
51,17061,,False
51,17065,,False
51,17076,,False
51,17081,,False
51,17089,,False
51,17090,,False
51,17102,,False
51,17122,,False
51,17123,,False
51,17130,,False
51,17136,,False
51,17146,,False
51,17148,,False
51,17153,,False
51,17166,,False
51,17186,,False
51,17193,,False
51,17206,,False
51,17216,,False
51,17217,,False
51,17230,,False
51,17246,,False
51,17247,,False
51,17249,,False
51,17251,,False
51,17256,,False
51,17258,,False
51,17265,,False
51,17269,,False
51,17272,,False
51,17290,,False
51,17293,,False
51,17315,,False
51,17316,,False
51,17319,,False
51,17320,,False
51,17324,,False
51,17329,,False
51,17344,,False
51,17353,,False
51,17372,,False
51,17397,,False
51,17416,,False
51,17421,,False
51,17428,,False
51,17438,,False
51,17442,,False
51,17448,,False
51,17453,,False
51,17466,,False
51,17505,,False
51,17509,,False
51,17522,,False
51,17533,,False
51,17534,,False
51,17538,,False
51,17544,,False
51,17558,,False
51,17560,,False
51,17568,,False
51,17572,,False
51,17576,,False
51,17586,,False
51,17606,,False
51,17607,,False
51,17609,,False
51,17610,,False
51,17611,,False
51,17616,,False
51,17630,,False
51,17632,,False
51,17643,,False
51,17645,,False
51,17656,,False
51,17659,,False
51,17662,,False
51,17666,,False
51,17683,,False
51,17684,,False
51,17711,,False
51,17724,,False
51,17754,,False
51,17756,,False
51,17766,,False
51,17773,,False
51,17778,,False
51,17780,,False
51,17800,,False
51,17810,,False
51,17812,,False
51,17815,,False
51,17818,,False
51,17847,,False
51,17860,,False
51,17874,,False
51,17877,,False
51,17889,,False
51,17897,,False
51,17898,,False
51,17933,,False
51,17934,,False
51,17962,,False
51,17965,,False
51,17992,,False
51,18006,,False
51,18009,,False
51,18024,,False
51,18037,,False
51,18044,,False
51,18046,,False
51,18054,,False
51,18079,,False
51,18083,,False
51,18089,,False
51,18094,,False
51,18109,,False
51,18111,,False
51,18113,,False
51,18114,,False
51,18115,,False
51,18123,,False
51,18124,,False
51,18137,,False
51,18147,,False
51,18150,,False
51,18157,,False
51,18163,,False
51,18170,,False
51,18173,,False
51,18182,,False
51,18199,,False
51,18200,,False
51,18222,,False
51,18232,,False
51,18234,,False
51,18244,,False
51,18259,,False
51,18260,,False
51,18266,,False
51,18270,,False
51,18271,,False
51,18292,,False
51,18295,,False
51,18300,,False
51,18307,,False
51,18321,,False
51,18324,,False
51,18332,,False
51,18336,,False
51,18338,,False
51,18348,,False
51,18356,,False
51,18357,,False
51,18358,,False
51,18361,,False
51,18390,,False
51,18410,,False
51,18423,,False
51,18433,,False
51,18439,,False
51,18452,,False
51,18454,,False
51,18466,,False
51,18481,,False
51,18496,,False
51,18503,,False
51,18505,,False
51,18514,,False
51,18517,,False
51,18518,,False
51,18525,,False
51,18532,,False
51,18540,,False
51,18553,,False
51,18559,,False
51,18585,,False
51,18593,,False
51,18600,,False
51,18601,,False
51,18616,,False
51,18622,,False
51,18638,,False
51,18643,,False
51,18644,,False
51,18664,,False
51,18665,,False
51,18666,,False
51,18670,,False
51,18679,,False
51,18680,,False
51,18690,,False
51,18703,,False
51,18714,,False
51,18719,,False
51,18723,,False
51,18729,,False
51,18732,,False
51,18737,,False
51,18744,,False
51,18770,,False
51,18773,,False
51,18781,,False
51,18783,,False
51,18796,,False
51,18800,,False
51,18801,,False
51,18802,,False
51,18803,,False
51,18813,,False
51,18816,,False
51,18823,,False
51,18831,,False
51,18837,,False
51,18867,,False
51,18871,,False
51,18874,,False
51,18876,,False
51,18883,,False
51,18890,,False
51,18891,,False
51,18904,,False
51,18907,,False
51,18917,,False
51,18929,,False
51,18930,,False
51,18940,,False
51,18951,,False
51,18973,,False
51,18984,,False
51,18985,,False
51,18989,,False
51,18994,,False
51,19005,,False
51,19012,,False
51,19020,,False
51,19024,,False
51,19026,,False
51,19032,,False
51,19035,,False
51,19036,,False
51,19042,,False
51,19045,,False
51,19056,,False
51,19063,,False
51,19067,,False
51,19080,,False
51,19082,,False
51,19089,,False
51,19096,,False
51,19100,,False
51,19111,,False
51,19112,,False
51,19125,,False
51,19126,,False
51,19140,,False
51,19157,,False
51,19164,,False
51,19172,,False
51,19178,,False
51,19180,,False
51,19190,,False
51,19213,,False
51,19220,,False
51,19225,,False
51,19243,,False
51,19252,,False
51,19254,,False
51,19258,,False
51,19274,,False
51,19282,,False
51,19292,,False
51,19303,,False
51,19304,,False
51,19311,,False
51,19315,,False
51,19319,,False
51,19333,,False
51,19337,,False
51,19341,,False
51,19363,,False
51,19370,,False
51,19373,,False
51,19374,,False
51,19377,,False
51,19395,,False
51,19401,,False
51,19414,,False
51,19423,,False
51,19424,,False
51,19428,,False
51,19435,,False
51,19443,,False
51,19452,,False
51,19465,,False
51,19470,,False
51,19473,,False
51,19474,,False
51,19478,,False
51,19492,,False
51,19495,,False
51,19496,,False
51,19498,,False
51,19502,,False
51,19514,,False
51,19523,,False
51,19526,,False
51,19533,,False
51,19540,,False
51,19543,,False
51,19548,,False
51,19554,,False
51,19556,,False
51,19564,,False
51,19566,,False
51,19574,,False
51,19583,,False
51,19597,,False
51,19612,,False
51,19623,,False
51,19631,,False
51,19633,,False
51,19636,,False
51,19646,,False
51,19647,,False
51,19651,,False
51,19653,,False
51,19659,,False
51,19661,,False
51,19672,,False
51,19688,,False
51,19711,,False
51,19716,,False
51,19739,,False
51,19751,,False
51,19753,,False
51,19769,,False
51,19778,,False
51,19788,,False
51,19790,,False
51,19796,,False
51,19809,,False
51,19810,,False
51,19811,,False
51,19818,,False
51,19821,,False
51,19824,,False
51,19828,,False
51,19836,,False
51,19849,,False
51,19852,,False
51,19856,,False
51,19862,,False
51,19875,,False
51,19877,,False
51,19878,,False
51,19881,,False
51,19915,,False
51,19922,,False
51,19933,,False
51,19942,,False
51,19948,,False
51,19952,,False
51,19964,,False
51,19976,,False
51,19984,,False
51,19991,,False
51,19995,,False
51,20000,,False
51,20002,,False
51,20005,,False
51,20009,,False
51,20023,,False
51,20031,,False
51,20032,,False
51,20057,,False
51,20064,,False
51,20072,,False
51,20078,,False
51,20083,,False
51,20084,,False
51,20090,,False
51,20093,,False
51,20095,,False
51,20101,,False
51,20117,,False
51,20128,,False
51,20130,,False
51,20132,,False
51,20136,,False
51,20147,,False
51,20155,,False
51,20156,,False
51,20165,,False
51,20167,,False
51,20173,,False
51,20177,,False
51,20180,,False
51,20181,,False
51,20184,,False
51,20190,,False
51,20191,,False
51,20221,,False
51,20222,,False
51,20226,,False
51,20236,,False
51,20238,,False
51,20240,,False
51,20244,,False
51,20259,,False
51,20264,,False
51,20275,,False
51,20289,,False
51,20294,,False
51,20296,,False
51,20298,,False
51,20304,,False
51,20312,,False
51,20316,,False
51,20326,,False
51,20331,,False
51,20337,,False
51,20341,,False
51,20344,,False
51,20351,,False
51,20361,,False
51,20371,,False
51,20383,,False
51,20407,,False
51,20423,,False
51,20446,,False
51,20459,,False
51,20462,,False
51,20463,,False
51,20469,,False
51,20481,,False
51,20482,,False
51,20485,,False
51,20503,,False
51,20504,,False
51,20509,,False
51,20519,,False
51,20525,,False
51,20540,,False
51,20554,,False
51,20563,,False
51,20568,,False
51,20570,,False
51,20572,,False
51,20578,,False
51,20605,,False
51,20609,,False
51,20624,,False
51,20628,,False
51,20630,,False
51,20641,,False
51,20651,,False
51,20656,,False
51,20666,,False
51,20675,,False
51,20695,,False
51,20696,,False
51,20699,,False
51,20708,,False
51,20711,,False
51,20712,,False
51,20714,,False
51,20727,,False
51,20743,,False
51,20752,,False
51,20756,,False
51,20770,,False
51,20774,,False
51,20778,,False
51,20782,,False
51,20787,,False
51,20796,,False
51,20815,,False
51,20828,,False
51,20829,,False
51,20837,,False
51,20844,,False
51,20847,,False
51,20856,,False
51,20861,,False
51,20873,,False
51,20879,,False
51,20884,,False
51,20885,,False
51,20887,,False
51,20902,,False
51,20905,,False
51,20906,,False
51,20917,,False
51,20923,,False
51,20927,,False
51,20937,,False
51,20947,,False
51,20962,,False
51,20974,,False
51,20976,,False
51,20994,,False
51,20995,,False
51,21001,,False
51,21003,,False
51,21006,,False
51,21009,,False
51,21010,,False
51,21021,,False
51,21024,,False
51,21030,,False
51,21033,,False
51,21040,,False
51,21043,,False
51,21044,,False
51,21050,,False
51,21057,,False
51,21064,,False
51,21069,,False
51,21074,,False
51,21078,,False
51,21107,,False
51,21114,,False
51,21137,,False
51,21145,,False
51,21153,,False
51,21154,,False
51,21156,,False
51,21159,,False
51,21162,,False
51,21168,,False
51,21182,,False
51,21199,,False
51,21240,,False
51,21244,,False
51,21261,,False
51,21268,,False
51,21276,,False
51,21279,,False
51,21288,,False
51,21294,,False
51,21304,,False
51,21318,,False
51,21328,,False
51,21346,,False
51,21350,,False
51,21351,,False
51,21353,,False
51,21359,,False
51,21361,,False
51,21364,,False
51,21373,,False
51,21383,,False
51,21392,,False
51,21411,,False
51,21413,,False
51,21420,,False
51,21422,,False
51,21426,,False
51,21431,,False
51,21433,,False
51,21439,,False
51,21466,,False
51,21469,,False
51,21471,,False
51,21475,,False
51,21483,,False
51,21495,,False
51,21502,,False
51,21505,,False
51,21508,,False
51,21522,,False
51,21528,,False
51,21561,,False
51,21563,,False
51,21566,,False
51,21568,,False
51,21582,,False
51,21587,,False
51,21602,,False
51,21607,,False
51,21612,,False
51,21617,,False
51,21627,,False
51,21635,,False
51,21646,,False
51,21649,,False
51,21654,,False
51,21675,,False
51,21677,,False
51,21680,,False
51,21690,,False
51,21728,,False
51,21732,,False
51,21735,,False
51,21743,,False
51,21749,,False
51,21752,,False
51,21754,,False
51,21760,,False
51,21767,,False
51,21770,,False
51,21806,,False
51,21807,,False
51,21819,,False
51,21823,,False
51,21837,,False
51,21838,,False
51,21843,,False
51,21846,,False
51,21848,,False
51,21861,,False
51,21871,,False
51,21873,,False
51,21880,,False
51,21881,,False
51,21883,,False
51,21888,,False
51,21893,,False
51,21898,,False
51,21912,,False
51,21916,,False
51,21922,,False
51,21926,,False
51,21929,,False
51,21940,,False
51,21956,,False
51,21976,,False
51,21983,,False
51,21986,,False
51,21987,,False
51,21989,,False
51,21995,,False
51,21999,,False
51,22001,,False
51,22007,,False
51,22012,,False
51,22024,,False
51,22033,,False
51,22039,,False
51,22040,,False
51,22042,,False
51,22053,,False
51,22060,,False
51,22090,,False
51,22096,,False
51,22101,,False
51,22105,,False
51,22108,,False
51,22124,,False
51,22131,,False
51,22133,,False
51,22145,,False
51,22157,,False
51,22159,,False
51,22164,,False
51,22170,,False
51,22182,,False
51,22210,,False
51,22211,,False
51,22215,,False
51,22219,,False
51,22220,,False
51,22233,,False
51,22235,,False
51,22255,,False
51,22260,,False
51,22266,,False
51,22272,,False
51,22273,,False
51,22276,,False
51,22282,,False
51,22284,,False
51,22293,,False
51,22315,,False
51,22317,,False
51,22319,,False
51,22321,,False
51,22325,,False
51,22329,,False
51,22343,,False
51,22345,,False
51,22349,,False
51,22352,,False
51,22360,,False
51,22363,,False
51,22366,,False
51,22372,,False
51,22380,,False
51,22405,,False
51,22412,,False
51,22415,,False
51,22419,,False
51,22425,,False
51,22426,,False
51,22430,,False
51,22443,,False
51,22461,,False
51,22464,,False
51,22470,,False
51,22471,,False
51,22473,,False
51,22479,,False
51,22496,,False
51,22502,,False
51,22505,,False
51,22519,,False
51,22527,,False
51,22530,,False
51,22539,,False
51,22542,,False
51,22555,,False
51,22556,,False
51,22561,,False
51,22563,,False
51,22564,,False
51,22575,,False
51,22581,,False
51,22582,,False
51,22584,,False
51,22593,,False
51,22601,,False
51,22612,,False
51,22613,,False
51,22615,,False
51,22620,,False
51,22625,,False
51,22628,,False
51,22633,,False
51,22638,,False
51,22647,,False
51,22650,,False
51,22653,,False
51,22671,,False
51,22673,,False
51,22679,,False
51,22685,,False
51,22690,,False
51,22691,,False
51,22698,,False
51,22705,,False
51,22718,,False
51,22731,,False
51,22736,,False
51,22738,,False
51,22743,,False
51,22745,,False
51,22747,,False
51,22753,,False
51,22761,,False
51,22768,,False
51,22769,,False
51,22772,,False
51,22780,,False
51,22799,,False
51,22804,,False
51,22807,,False
51,22813,,False
51,22814,,False
51,22817,,False
51,22834,,False
51,22839,,False
51,22857,,False
51,22863,,False
51,22864,,False
51,22867,,False
51,22868,,False
51,22870,,False
51,22881,,False
51,22886,,False
51,22906,,False
51,22911,,False
51,22913,,False
51,22918,,False
51,22919,,False
51,22944,,False
51,22952,,False
51,22957,,False
51,22968,,False
51,22974,,False
51,22990,,False
51,22997,,False
51,23000,,False
51,23019,,False
51,23025,,False
51,23048,,False
51,23071,,False
51,23074,,False
51,23087,,False
51,23089,,False
51,23091,,False
51,23100,,False
51,23111,,False
51,23115,,False
51,23117,,False
51,23128,,False
51,23138,,False
51,23145,,False
51,23156,,False
51,23157,,False
51,23165,,False
51,23167,,False
51,23179,,False
51,23187,,False
51,23197,,False
51,23201,,False
51,23203,,False
51,23214,,False
51,23215,,False
51,23220,,False
51,23229,,False
51,23235,,False
51,23237,,False
51,23240,,False
51,23247,,False
51,23262,,False
51,23295,,False
51,23298,,False
51,23301,,False
51,23306,,False
51,23321,,False
51,23322,,False
51,23338,,False
51,23356,,False
51,23360,,False
51,23361,,False
51,23364,,False
51,23372,,False
51,23377,,False
51,23384,,False
51,23392,,False
51,23402,,False
51,23409,,False
51,23420,,False
51,23421,,False
51,23424,,False
51,23434,,False
51,23436,,False
51,23449,,False
51,23460,,False
51,23463,,False
51,23471,,False
51,23478,,False
51,23491,,False
51,23509,,False
51,23519,,False
51,23535,,False
51,23537,,False
51,23540,,False
51,23550,,False
51,23557,,False
51,23558,,False
51,23560,,False
51,23564,,False
51,23574,,False
51,23588,,False
51,23611,,False
51,23617,,False
51,23626,,False
51,23634,,False
51,23636,,False
51,23641,,False
51,23650,,False
51,23662,,False
51,23674,,False
51,23682,,False
51,23684,,False
51,23697,,False
51,23699,,False
51,23706,,False
51,23709,,False
51,23712,,False
51,23718,,False
51,23723,,False
51,23736,,False
51,23745,,False
51,23753,,False
51,23799,,False
51,23806,,False
51,23808,,False
51,23816,,False
51,23827,,False
51,23836,,False
51,23838,,False
51,23842,,False
51,23860,,False
51,23862,,False
51,23869,,False
51,23875,,False
51,23877,,False
51,23882,,False
51,23899,,False
51,23910,,False
51,23924,,False
51,23927,,False
51,23933,,False
51,23948,,False
51,23955,,False
51,23957,,False
51,23988,,False
51,23989,,False
51,23995,,False
51,23997,,False
51,24004,,False
51,24011,,False
51,24015,,False
51,24022,,False
51,24028,,False
51,24031,,False
51,24039,,False
51,24044,,False
51,24057,,False
51,24067,,False
51,24072,,False
51,24075,,False
51,24078,,False
51,24087,,False
51,24091,,False
51,24102,,False
51,24106,,False
51,24143,,False
51,24147,,False
51,24161,,False
51,24171,,False
51,24182,,False
51,24203,,False
51,24217,,False
51,24218,,False
51,24249,,False
51,24258,,False
51,24264,,False
51,24269,,False
51,24270,,False
51,24287,,False
51,24292,,False
51,24295,,False
51,24297,,False
51,24305,,False
51,24307,,False
51,24319,,False
51,24322,,False
51,24330,,False
51,24338,,False
51,24347,,False
51,24349,,False
51,24354,,False
51,24375,,False
51,24380,,False
51,24385,,False
51,24409,,False
51,24413,,False
51,24415,,False
51,24426,,False
51,24452,,False
51,24454,,False
51,24458,,False
51,24462,,False
51,24467,,False
51,24476,,False
51,24486,,False
51,24488,,False
51,24495,,False
51,24547,,False
51,24554,,False
51,24556,,False
51,24573,,False
51,24587,,False
51,24588,,False
51,24590,,False
51,24601,,False
51,24603,,False
51,24605,,False
51,24612,,False
51,24623,,False
51,24624,,False
51,24634,,False
51,24636,,False
51,24644,,False
51,24652,,False
51,24654,,False
51,24675,,False
51,24678,,False
51,24686,,False
51,24701,,False
51,24703,,False
51,24713,,False
51,24718,,False
51,24722,,False
51,24729,,False
51,24733,,False
51,24735,,False
51,24751,,False
51,24769,,False
51,24771,,False
51,24812,,False
51,24817,,False
51,24836,,False
51,24846,,False
51,24857,,False
51,24862,,False
51,24883,,False
51,24886,,False
51,24888,,False
51,24893,,False
51,24894,,False
51,24895,,False
51,24908,,False
51,24916,,False
51,24918,,False
51,24933,,False
51,24938,,False
51,24947,,False
51,24949,,False
51,24959,,False
51,24970,,False
51,24971,,False
51,24983,,False
51,24985,,False
51,24996,,False
51,25005,,False
51,25006,,False
51,25012,,False
51,25013,,False
51,25024,,False
51,25027,,False
51,25033,,False
51,25036,,False
51,25037,,False
51,25048,,False
51,25052,,False
51,25062,,False
51,25064,,False
51,25066,,False
51,25070,,False
51,25078,,False
51,25079,,False
51,25081,,False
51,25094,,False
51,25106,,False
51,25108,,False
51,25109,,False
51,25127,,False
51,25135,,False
51,25147,,False
51,25153,,False
51,25168,,False
51,25191,,False
51,25203,,False
51,25205,,False
51,25210,,False
51,25213,,False
51,25214,,False
51,25220,,False
51,25221,,False
51,25232,,False
51,25235,,False
51,25237,,False
51,25244,,False
51,25248,,False
51,25254,,False
51,25265,,False
51,25274,,False
51,25280,,False
51,25282,,False
51,25286,,False
51,25295,,False
51,25302,,False
51,25305,,False
51,25316,,False
51,25330,,False
51,25350,,False
51,25362,,False
51,25364,,False
51,25367,,False
51,25372,,False
51,25385,,False
51,25394,,False
51,25396,,False
51,25411,,False
51,25433,,False
51,25443,,False
51,25455,,False
51,25457,,False
51,25461,,False
51,25483,,False
51,25486,,False
51,25493,,False
51,25547,,False
51,25566,,False
51,25569,,False
51,25570,,False
51,25585,,False
51,25590,,False
51,25619,,False
51,25624,,False
51,25625,,False
51,25637,,False
51,25653,,False
51,25656,,False
51,25661,,False
51,25666,,False
51,25679,,False
51,25686,,False
51,25691,,False
51,25692,,False
51,25698,,False
51,25709,,False
51,25712,,False
51,25728,,False
51,25730,,False
51,25759,,False
51,25762,,False
51,25765,,False
51,25773,,False
51,25775,,False
51,25786,,False
51,25797,,False
51,25806,,False
51,25810,,False
51,25813,,False
51,25822,,False
51,25832,,False
51,25843,,False
51,25874,,False
51,25884,,False
51,25898,,False
51,25902,,False
51,25903,,False
51,25920,,False
51,25928,,False
51,25929,,False
51,25930,,False
51,25932,,False
51,25933,,False
51,25965,,False
51,25968,,False
51,25975,,False
51,25976,,False
51,25994,,False
51,26004,,False
51,26006,,False
51,26025,,False
51,26028,,False
51,26040,,False
51,26041,,False
51,26044,,False
51,26048,,False
51,26056,,False
51,26060,,False
51,26061,,False
51,26062,,False
51,26066,,False
51,26069,,False
51,26081,,False
51,26096,,False
51,26108,,False
51,26119,,False
51,26122,,False
51,26124,,False
51,26125,,False
51,26132,,False
51,26135,,False
51,26145,,False
51,26149,,False
51,26152,,False
51,26160,,False
51,26169,,False
51,26178,,False
51,26179,,False
51,26182,,False
51,26184,,False
51,26190,,False
51,26194,,False
51,26208,,False
51,26213,,False
51,26214,,False
51,26219,,False
51,26224,,False
51,26226,,False
51,26245,,False
51,26247,,False
51,26255,,False
51,26256,,False
51,26261,,False
51,26271,,False
51,26276,,False
51,26288,,False
51,26295,,False
51,26296,,False
51,26298,,False
51,26304,,False
51,26324,,False
51,26326,,False
51,26333,,False
51,26335,,False
51,26343,,False
51,26345,,False
51,26355,,False
51,26357,,False
51,26359,,False
51,26363,,False
51,26380,,False
51,26402,,False
51,26415,,False
51,26417,,False
51,26419,,False
51,26420,,False
51,26422,,False
51,26426,,False
51,26427,,False
51,26436,,False
51,26451,,False
51,26474,,False
51,26478,,False
51,26488,,False
51,26492,,False
51,26518,,False
51,26523,,False
51,26525,,False
51,26527,,False
51,26544,,False
51,26559,,False
51,26574,,False
51,26581,,False
51,26591,,False
51,26594,,False
51,26595,,False
51,26606,,False
51,26608,,False
51,26609,,False
51,26612,,False
51,26620,,False
51,26625,,False
51,26626,,False
51,26630,,False
51,26631,,False
51,26640,,False
51,26654,,False
51,26657,,False
51,26669,,False
51,26679,,False
51,26689,,False
51,26692,,False
51,26706,,False
51,26713,,False
51,26717,,False
51,26725,,False
51,26737,,False
51,26746,,False
51,26748,,False
51,26749,,False
51,26750,,False
51,26771,,False
51,26781,,False
51,26787,,False
51,26806,,False
51,26826,,False
51,26829,,False
51,26844,,False
51,26852,,False
51,26854,,False
51,26864,,False
51,26876,,False
51,26889,,False
51,26899,,False
51,26900,,False
51,26911,,False
51,26913,,False
51,26918,,False
51,26920,,False
51,26929,,False
51,26939,,False
51,26940,,False
51,26963,,False
51,26965,,False
51,26967,,False
51,26975,,False
51,26983,,False
51,26989,,False
51,26990,,False
51,26997,,False
51,26999,,False
51,27010,,False
51,27014,,False
51,27017,,False
51,27024,,False
51,27026,,False
51,27055,,False
51,27066,,False
51,27091,,False
51,27092,,False
51,27104,,False
51,27108,,False
51,27111,,False
51,27142,,False
51,27155,,False
51,27158,,False
51,27160,,False
51,27164,,False
51,27174,,False
51,27184,,False
51,27186,,False
51,27199,,False
51,27216,,False
51,27224,,False
51,27240,,False
51,27241,,False
51,27245,,False
51,27249,,False
51,27264,,False
51,27268,,False
51,27269,,False
51,27280,,False
51,27288,,False
51,27294,,False
51,27314,,False
51,27323,,False
51,27332,,False
51,27337,,False
51,27345,,False
51,27350,,False
51,27352,,False
51,27363,,False
51,27366,,False
51,27372,,False
51,27405,,False
51,27425,,False
51,27428,,False
51,27430,,False
51,27442,,False
51,27448,,False
51,27464,,False
51,27470,,False
51,27475,,False
51,27478,,False
51,27499,,False
51,27503,,False
51,27512,,False
51,27513,,False
51,27515,,False
51,27522,,False
51,27532,,False
51,27537,,False
51,27548,,False
51,27560,,False
51,27561,,False
51,27574,,False
51,27580,,False
51,27600,,False
51,27619,,False
51,27620,,False
51,27621,,False
51,27627,,False
51,27629,,False
51,27633,,False
51,27651,,False
51,27653,,False
51,27657,,False
51,27659,,False
51,27663,,False
51,27668,,False
51,27673,,False
51,27684,,False
51,27690,,False
51,27697,,False
51,27700,,False
51,27729,,False
51,27744,,False
51,27759,,False
51,27762,,False
51,27766,,False
51,27773,,False
51,27782,,False
51,27790,,False
51,27802,,False
51,27808,,False
51,27818,,False
51,27822,,False
51,27825,,False
51,27837,,False
51,27847,,False
51,27859,,False
51,27863,,False
51,27883,,False
51,27885,,False
51,27903,,False
51,27911,,False
51,27919,,False
51,27959,,False
51,27965,,False
51,27969,,False
51,27986,,False
51,27997,,False
51,28013,,False
51,28015,,False
51,28016,,False
51,28040,,False
51,28053,,False
51,28056,,False
51,28064,,False
51,28073,,False
51,28076,,False
51,28088,,False
51,28094,,False
51,28099,,False
51,28107,,False
51,28113,,False
51,28120,,False
51,28121,,False
51,28130,,False
51,28133,,False
51,28154,,False
51,28161,,False
51,28164,,False
51,28173,,False
51,28177,,False
51,28180,,False
51,28184,,False
51,28187,,False
51,28188,,False
51,28191,,False
51,28204,,False
51,28213,,False
51,28217,,False
51,28222,,False
51,28242,,False
51,28245,,False
51,28250,,False
51,28255,,False
51,28257,,False
51,28259,,False
51,28260,,False
51,28262,,False
51,28275,,False
51,28281,,False
51,28306,,False
51,28308,,False
51,28311,,False
51,28313,,False
51,28316,,False
51,28335,,False
51,28340,,False
51,28345,,False
51,28349,,False
51,28373,,False
51,28379,,False
51,28383,,False
51,28401,,False
51,28431,,False
51,28441,,False
51,28453,,False
51,28454,,False
51,28459,,False
51,28484,,False
51,28495,,False
51,28502,,False
51,28518,,False
51,28524,,False
51,28532,,False
51,28535,,False
51,28554,,False
51,28561,,False
51,28570,,False
51,28571,,False
51,28575,,False
51,28590,,False
51,28597,,False
51,28599,,False
51,28602,,False
51,28610,,False
51,28613,,False
51,28623,,False
51,28630,,False
51,28632,,False
51,28638,,False
51,28647,,False
51,28657,,False
51,28667,,False
51,28669,,False
51,28670,,False
51,28677,,False
51,28688,,False
51,28691,,False
51,28692,,False
51,28708,,False
51,28714,,False
51,28716,,False
51,28722,,False
51,28725,,False
51,28728,,False
51,28729,,False
51,28735,,False
51,28738,,False
51,28739,,False
51,28747,,False
51,28757,,False
51,28779,,False
51,28788,,False
51,28796,,False
51,28798,,False
51,28801,,False
51,28806,,False
51,28813,,False
51,28817,,False
51,28821,,False
51,28835,,False
51,28836,,False
51,28880,,False
51,28898,,False
51,28920,,False
51,28939,,False
51,28943,,False
51,28947,,False
51,28952,,False
51,28955,,False
51,28962,,False
51,28969,,False
51,28975,,False
51,28989,,False
51,28990,,False
51,28993,,False
51,28997,,False
51,29009,,False
51,29022,,False
51,29025,,False
51,29036,,False
51,29038,,False
51,29059,,False
51,29065,,False
51,29071,,False
51,29075,,False
51,29077,,False
51,29081,,False
51,29087,,False
51,29088,,False
51,29096,,False
51,29148,,False
51,29156,,False
51,29159,,False
51,29170,,False
51,29174,,False
51,29179,,False
51,29181,,False
51,29183,,False
51,29198,,False
51,29203,,False
51,29204,,False
51,29208,,False
51,29219,,False
51,29221,,False
51,29225,,False
51,29235,,False
51,29240,,False
51,29242,,False
51,29243,,False
51,29244,,False
51,29246,,False
51,29252,,False
51,29259,,False
51,29265,,False
51,29272,,False
51,29273,,False
51,29274,,False
51,29278,,False
51,29282,,False
51,29285,,False
51,29288,,False
51,29290,,False
51,29303,,False
51,29305,,False
51,29310,,False
51,29313,,False
51,29314,,False
51,29322,,False
51,29327,,False
51,29331,,False
51,29337,,False
51,29344,,False
51,29350,,False
51,29353,,False
51,29358,,False
51,29359,,False
51,29365,,False
51,29387,,False
51,29389,,False
51,29411,,False
51,29422,,False
51,29429,,False
51,29432,,False
51,29436,,False
51,29445,,False
51,29452,,False
51,29473,,False
51,29475,,False
51,29485,,False
51,29487,,False
51,29502,,False
51,29510,,False
51,29520,,False
51,29528,,False
51,29531,,False
51,29537,,False
51,29550,,False
51,29568,,False
51,29581,,False
51,29584,,False
51,29598,,False
51,29599,,False
51,29614,,False
51,29619,,False
51,29629,,False
51,29645,,False
51,29653,,False
51,29656,,False
51,29657,,False
51,29658,,False
51,29667,,False
51,29669,,False
51,29677,,False
51,29679,,False
51,29690,,False
51,29701,,False
51,29706,,False
51,29713,,False
51,29722,,False
51,29725,,False
51,29734,,False
51,29739,,False
51,29761,,False
51,29762,,False
51,29768,,False
51,29773,,False
51,29780,,False
51,29790,,False
51,29795,,False
51,29807,,False
51,29811,,False
51,29816,,False
51,29836,,False
51,29841,,False
51,29845,,False
51,29859,,False
51,29885,,False
51,29887,,False
51,29901,,False
51,29902,,False
51,29913,,False
51,29945,,False
51,29946,,False
51,29950,,False
51,29951,,False
51,29967,,False
51,29973,,False
51,29974,,False
51,29985,,False
51,29993,,False
51,29996,,False
51,30009,,False
51,30011,,False
51,30015,,False
51,30021,,False
51,30029,,False
51,30042,,False
51,30056,,False
51,30067,,False
51,30070,,False
51,30072,,False
51,30076,,False
51,30089,,False
51,30094,,False
51,30100,,False
51,30105,,False
51,30109,,False
51,30124,,False
51,30129,,False
51,30132,,False
51,30133,,False
51,30140,,False
51,30163,,False
51,30175,,False
51,30196,,False
51,30212,,False
51,30213,,False
51,30215,,False
51,30237,,False
51,30240,,False
51,30251,,False
51,30267,,False
51,30280,,False
51,30283,,False
51,30317,,False
51,30319,,False
51,30323,,False
51,30324,,False
51,30339,,False
51,30352,,False
51,30357,,False
51,30366,,False
51,30368,,False
51,30372,,False
51,30379,,False
51,30390,,False
51,30393,,False
51,30401,,False
51,30405,,False
51,30408,,False
51,30421,,False
51,30422,,False
51,30426,,False
51,30427,,False
51,30436,,False
51,30439,,False
51,30466,,False
51,30473,,False
51,30475,,False
51,30479,,False
51,30481,,False
51,30490,,False
51,30512,,False
51,30515,,False
51,30520,,False
51,30533,,False
51,30538,,False
51,30542,,False
51,30552,,False
51,30553,,False
51,30587,,False
51,30589,,False
51,30594,,False
51,30596,,False
51,30608,,False
51,30620,,False
51,30625,,False
51,30626,,False
51,30628,,False
51,30632,,False
51,30641,,False
51,30646,,False
51,30653,,False
51,30656,,False
51,30669,,False
51,30674,,False
51,30682,,False
51,30691,,False
51,30701,,False
51,30706,,False
51,30713,,False
51,30715,,False
51,30719,,False
51,30733,,False
51,30736,,False
51,30739,,False
51,30752,,False
51,30754,,False
51,30761,,False
51,30765,,False
51,30767,,False
51,30774,,False
51,30775,,False
51,30791,,False
51,30798,,False
51,30799,,False
51,30802,,False
51,30806,,False
51,30813,,False
51,30814,,False
51,30817,,False
51,30819,,False
51,30831,,False
51,30859,,False
51,30885,,False
51,30889,,False
51,30892,,False
51,30894,,False
51,30906,,False
51,30910,,False
51,30918,,False
51,30927,,False
51,30946,,False
51,30948,,False
51,30954,,False
51,30957,,False
51,30960,,False
51,30964,,False
51,30984,,False
51,30986,,False
51,31017,,False
51,31024,,False
51,31025,,False
51,31031,,False
51,31046,,False
51,31049,,False
51,31054,,False
51,31060,,False
51,31062,,False
51,31066,,False
51,31070,,False
51,31074,,False
51,31077,,False
51,31100,,False
51,31104,,False
51,31112,,False
51,31113,,False
51,31119,,False
51,31127,,False
51,31133,,False
51,31137,,False
51,31144,,False
51,31148,,False
51,31149,,False
51,31157,,False
51,31159,,False
51,31171,,False
51,31174,,False
51,31185,,False
51,31196,,False
51,31208,,False
51,31220,,False
51,31262,,False
51,31279,,False
51,31296,,False
51,31321,,False
51,31332,,False
51,31336,,False
51,31350,,False
51,31362,,False
51,31369,,False
51,31378,,False
51,31388,,False
51,31389,,False
51,31397,,False
51,31407,,False
51,31409,,False
51,31410,,False
51,31414,,False
51,31417,,False
51,31426,,False
51,31436,,False
51,31445,,False
51,31457,,False
51,31469,,False
51,31479,,False
51,31502,,False
51,31517,,False
51,31518,,False
51,31519,,False
51,31527,,False
51,31535,,False
51,31550,,False
51,31552,,False
51,31556,,False
51,31565,,False
51,31577,,False
51,31578,,False
51,31581,,False
51,31587,,False
51,31594,,False
51,31608,,False
51,31620,,False
51,31649,,False
51,31657,,False
51,31659,,False
51,31667,,False
51,31670,,False
51,31684,,False
51,31694,,False
51,31696,,False
51,31699,,False
51,31706,,False
51,31710,,False
51,31714,,False
51,31720,,False
51,31721,,False
51,31727,,False
51,31737,,False
51,31741,,False
51,31750,,False
51,31757,,False
51,31760,,False
51,31775,,False
51,31776,,False
51,31782,,False
51,31784,,False
51,31794,,False
51,31800,,False
51,31801,,False
51,31811,,False
51,31814,,False
51,31825,,False
51,31827,,False
51,31828,,False
51,31838,,False
51,31843,,False
51,31849,,False
51,31856,,False
51,31859,,False
51,31867,,False
51,31868,,False
51,31869,,False
51,31882,,False
51,31896,,False
51,31898,,False
51,31912,,False
51,31924,,False
51,31928,,False
51,31939,,False
51,31940,,False
51,31942,,False
51,31943,,False
51,31945,,False
51,31966,,False
51,31968,,False
51,31988,,False
51,31992,,False
51,32002,,False
51,32019,,False
51,32021,,False
51,32032,,False
51,32037,,False
51,32041,,False
51,32043,,False
51,32047,,False
51,32058,,False
51,32065,,False
51,32090,,False
51,32093,,False
51,32097,,False
51,32116,,False
51,32128,,False
51,32129,,False
51,32134,,False
51,32142,,False
51,32150,,False
51,32182,,False
51,32184,,False
51,32186,,False
51,32193,,False
51,32194,,False
51,32199,,False
51,32203,,False
51,32204,,False
51,32211,,False
51,32215,,False
51,32233,,False
51,32244,,False
51,32255,,False
51,32257,,False
51,32262,,False
51,32273,,False
51,32275,,False
51,32278,,False
51,32287,,False
51,32298,,False
51,32300,,False
51,32304,,False
51,32310,,False
51,32313,,False
51,32314,,False
51,32325,,False
51,32328,,False
51,32329,,False
51,32349,,False
51,32353,,False
51,32360,,False
51,32361,,False
51,32364,,False
51,32366,,False
51,32369,,False
51,32381,,False
51,32399,,False
51,32405,,False
51,32410,,False
51,32413,,False
51,32428,,False
51,32434,,False
51,32441,,False
51,32464,,False
51,32472,,False
51,32475,,False
51,32481,,False
51,32485,,False
51,32496,,False
51,32499,,False
51,32508,,False
51,32538,,False
51,32551,,False
51,32552,,False
51,32565,,False
51,32567,,False
51,32572,,False
51,32578,,False
51,32579,,False
51,32583,,False
51,32589,,False
51,32593,,False
51,32595,,False
51,32607,,False
51,32613,,False
51,32618,,False
51,32621,,False
51,32625,,False
51,32632,,False
51,32638,,False
51,32647,,False
51,32659,,False
51,32685,,False
51,32693,,False
51,32695,,False
51,32700,,False
51,32714,,False
51,32715,,False
51,32724,,False
51,32736,,False
51,32740,,False
51,32743,,False
51,32751,,False
51,32761,,False
51,32765,,False
51,32770,,False
51,32776,,False
51,32777,,False
51,32783,,False
51,32800,,False
51,32801,,False
51,32810,,False
51,32828,,False
51,32831,,False
51,32840,,False
51,32841,,False
51,32844,,False
51,32852,,False
51,32855,,False
51,32865,,False
51,32869,,False
51,32871,,False
51,32876,,False
51,32880,,False
51,32885,,False
51,32905,,False
51,32906,,False
51,32944,,False
51,32946,,False
51,32949,,False
51,32960,,False
51,32980,,False
51,32985,,False
51,32995,,False
51,33000,,False
51,33007,,False
51,33013,,False
51,33014,,False
51,33022,,False
51,33023,,False
51,33035,,False
51,33039,,False
51,33049,,False
51,33051,,False
51,33062,,False
51,33064,,False
51,33071,,False
51,33083,,False
51,33099,,False
51,33102,,False
51,33107,,False
51,33121,,False
51,33129,,False
51,33132,,False
51,33138,,False
51,33141,,False
51,33143,,False
51,33146,,False
51,33149,,False
51,33156,,False
51,33157,,False
51,33159,,False
51,33168,,False
51,33184,,False
51,33188,,False
51,33190,,False
51,33192,,False
51,33201,,False
51,33206,,False
51,33213,,False
51,33215,,False
51,33250,,False
51,33252,,False
51,33260,,False
51,33262,,False
51,33277,,False
51,33280,,False
51,33286,,False
51,33292,,False
51,33307,,False
51,33329,,False
51,33330,,False
51,33341,,False
51,33343,,False
51,33352,,False
51,33363,,False
51,33378,,False
51,33382,,False
51,33397,,False
51,33403,,False
51,33427,,False
51,33440,,False
51,33454,,False
51,33458,,False
51,33486,,False
51,33504,,False
51,33506,,False
51,33511,,False
51,33517,,False
51,33523,,False
51,33537,,False
51,33555,,False
51,33565,,False
51,33568,,False
51,33586,,False
51,33597,,False
51,33603,,False
51,33612,,False
51,33617,,False
51,33642,,False
51,33646,,False
51,33655,,False
51,33657,,False
51,33659,,False
51,33662,,False
51,33666,,False
51,33667,,False
51,33672,,False
51,33701,,False
51,33713,,False
51,33716,,False
51,33726,,False
51,33735,,False
51,33751,,False
51,33809,,False
51,33821,,False
51,33832,,False
51,33833,,False
51,33860,,False
51,33871,,False
51,33873,,False
51,33876,,False
51,33889,,False
51,33898,,False
51,33916,,False
51,33920,,False
51,33927,,False
51,33933,,False
51,33940,,False
51,33952,,False
51,33972,,False
51,33974,,False
51,33976,,False
51,33977,,False
51,33986,,False
51,33989,,False
51,33990,,False
51,33991,,False
51,33998,,False
51,34003,,False
51,34007,,False
51,34013,,False
51,34022,,False
51,34023,,False
51,34038,,False
51,34040,,False
51,34042,,False
51,34045,,False
51,34047,,False
51,34062,,False
51,34065,,False
51,34066,,False
51,34081,,False
51,34090,,False
51,34093,,False
51,34099,,False
51,34103,,False
51,34107,,False
51,34108,,False
51,34127,,False
51,34134,,False
51,34155,,False
51,34160,,False
51,34164,,False
51,34166,,False
51,34174,,False
51,34179,,False
51,34181,,False
51,34183,,False
51,34191,,False
51,34203,,False
51,34204,,False
51,34224,,False
51,34237,,False
51,34239,,False
51,34264,,False
51,34272,,False
51,34276,,False
51,34278,,False
51,34281,,False
51,34283,,False
51,34297,,False
51,34299,,False
51,34306,,False
51,34320,,False
51,34321,,False
51,34323,,False
51,34336,,False
51,34343,,False
51,34353,,False
51,34354,,False
51,34361,,False
51,34366,,False
51,34368,,False
51,34382,,False
51,34397,,False
51,34402,,False
51,34424,,False
51,34436,,False
51,34445,,False
51,34453,,False
51,34469,,False
51,34483,,False
51,34498,,False
51,34501,,False
51,34507,,False
51,34510,,False
51,34535,,False
51,34538,,False
51,34540,,False
51,34549,,False
51,34565,,False
51,34574,,False
51,34608,,False
51,34613,,False
51,34618,,False
51,34621,,False
51,34626,,False
51,34636,,False
51,34650,,False
51,34662,,False
51,34673,,False
51,34676,,False
51,34682,,False
51,34698,,False
51,34701,,False
51,34706,,False
51,34713,,False
51,34717,,False
51,34720,,False
51,34733,,False
51,34750,,False
51,34751,,False
51,34758,,False
51,34764,,False
51,34782,,False
51,34784,,False
51,34790,,False
51,34793,,False
51,34798,,False
51,34806,,False
51,34824,,False
51,34827,,False
51,34838,,False
51,34839,,False
51,34843,,False
51,34848,,False
51,34868,,False
51,34878,,False
51,34883,,False
51,34920,,False
51,34925,,False
51,34929,,False
51,34934,,False
51,34950,,False
51,34959,,False
51,34977,,False
51,34985,,False
51,34990,,False
51,34997,,False
51,35009,,False
51,35010,,False
51,35020,,False
51,35026,,False
51,35028,,False
51,35032,,False
51,35040,,False
51,35044,,False
51,35049,,False
51,35051,,False
51,35059,,False
51,35066,,False
51,35067,,False
51,35070,,False
51,35076,,False
51,35082,,False
51,35092,,False
51,35110,,False
51,35133,,False
51,35136,,False
51,35137,,False
51,35139,,False
51,35143,,False
51,35164,,False
51,35175,,False
51,35196,,False
51,35197,,False
51,35204,,False
51,35210,,False
51,35213,,False
51,35251,,False
51,35261,,False
51,35264,,False
51,35276,,False
51,35278,,False
51,35294,,False
51,35299,,False
51,35302,,False
51,35304,,False
51,35311,,False
51,35325,,False
51,35338,,False
51,35348,,False
51,35356,,False
51,35359,,False
51,35365,,False
51,35383,,False
51,35385,,False
51,35388,,False
51,35390,,False
51,35393,,False
51,35397,,False
51,35401,,False
51,35417,,False
51,35429,,False
51,35444,,False
51,35449,,False
51,35451,,False
51,35456,,False
51,35461,,False
51,35465,,False
51,35478,,False
51,35490,,False
51,35494,,False
51,35509,,False
51,35559,,False
51,35564,,False
51,35580,,False
51,35585,,False
51,35603,,False
51,35610,,False
51,35621,,False
51,35634,,False
51,35635,,False
51,35644,,False
51,35656,,False
51,35658,,False
51,35663,,False
51,35665,,False
51,35668,,False
51,35680,,False
51,35686,,False
51,35689,,False
51,35690,,False
51,35693,,False
51,35705,,False
51,35722,,False
51,35746,,False
51,35766,,False
51,35769,,False
51,35773,,False
51,35795,,False
51,35807,,False
51,35810,,False
51,35812,,False
51,35817,,False
51,35823,,False
51,35825,,False
51,35831,,False
51,35834,,False
51,35835,,False
51,35837,,False
51,35850,,False
51,35861,,False
51,35864,,False
51,35867,,False
51,35885,,False
51,35887,,False
51,35889,,False
51,35899,,False
51,35914,,False
51,35922,,False
51,35938,,False
51,35955,,False
51,35956,,False
51,35959,,False
51,35961,,False
51,35965,,False
51,35969,,False
51,35980,,False
51,35997,,False
51,36000,,False
51,36005,,False
51,36007,,False
51,36013,,False
51,36014,,False
51,36018,,False
51,36021,,False
51,36022,,False
51,36023,,False
51,36025,,False
51,36028,,False
51,36048,,False
51,36070,,False
51,36071,,False
51,36080,,False
51,36092,,False
51,36093,,False
51,36096,,False
51,36100,,False
51,36122,,False
51,36124,,False
51,36125,,False
51,36139,,False
51,36160,,False
51,36164,,False
51,36175,,False
51,36180,,False
51,36195,,False
51,36212,,False
51,36218,,False
51,36220,,False
51,36222,,False
51,36223,,False
51,36246,,False
51,36261,,False
51,36267,,False
51,36273,,False
51,36285,,False
51,36298,,False
51,36312,,False
51,36315,,False
51,36331,,False
51,36335,,False
51,36336,,False
51,36337,,False
51,36347,,False
51,36352,,False
51,36360,,False
51,36362,,False
51,36375,,False
51,36385,,False
51,36390,,False
51,36391,,False
51,36410,,False
51,36426,,False
51,36434,,False
51,36451,,False
51,36461,,False
51,36478,,False
51,36501,,False
51,36502,,False
51,36503,,False
51,36522,,False
51,36524,,False
51,36528,,False
51,36529,,False
51,36533,,False
51,36534,,False
51,36536,,False
51,36544,,False
51,36548,,False
51,36573,,False
51,36575,,False
51,36581,,False
51,36583,,False
51,36587,,False
51,36589,,False
51,36595,,False
51,36600,,False
51,36611,,False
51,36621,,False
51,36623,,False
51,36630,,False
51,36634,,False
51,36651,,False
51,36658,,False
51,36667,,False
51,36675,,False
51,36697,,False
51,36706,,False
51,36707,,False
51,36719,,False
51,36725,,False
51,36729,,False
51,36733,,False
51,36738,,False
51,36741,,False
51,36746,,False
51,36755,,False
51,36758,,False
51,36759,,False
51,36762,,False
51,36764,,False
51,36765,,False
51,36772,,False
51,36779,,False
51,36785,,False
51,36800,,False
51,36810,,False
51,36811,,False
51,36814,,False
51,36818,,False
51,36821,,False
51,36828,,False
51,36833,,False
51,36848,,False
51,36858,,False
51,36860,,False
51,36861,,False
51,36863,,False
51,36868,,False
51,36884,,False
51,36885,,False
51,36896,,False
51,36899,,False
51,36911,,False
51,36920,,False
51,36939,,False
51,36969,,False
51,36979,,False
51,36998,,False
51,37008,,False
51,37016,,False
51,37028,,False
51,37042,,False
51,37047,,False
51,37050,,False
51,37060,,False
51,37061,,False
51,37062,,False
51,37080,,False
51,37087,,False
51,37099,,False
51,37113,,False
51,37116,,False
51,37123,,False
51,37131,,False
51,37133,,False
51,37137,,False
51,37138,,False
51,37140,,False
51,37152,,False
51,37159,,False
51,37168,,False
51,37172,,False
51,37177,,False
51,37184,,False
51,37186,,False
51,37190,,False
51,37198,,False
51,37199,,False
51,37206,,False
51,37211,,False
51,37215,,False
51,37225,,False
51,37231,,False
51,37256,,False
51,37276,,False
51,37279,,False
51,37281,,False
51,37284,,False
51,37285,,False
51,37299,,False
51,37327,,False
51,37332,,False
51,37339,,False
51,37358,,False
51,37370,,False
51,37383,,False
51,37384,,False
51,37392,,False
51,37400,,False
51,37405,,False
51,37412,,False
51,37417,,False
51,37420,,False
51,37427,,False
51,37428,,False
51,37439,,False
51,37444,,False
51,37457,,False
51,37465,,False
51,37467,,False
51,37473,,False
51,37475,,False
51,37479,,False
51,37488,,False
51,37498,,False
51,37506,,False
51,37513,,False
51,37519,,False
51,37522,,False
51,37526,,False
51,37528,,False
51,37532,,False
51,37538,,False
51,37543,,False
51,37547,,False
51,37550,,False
51,37553,,False
51,37555,,False
51,37561,,False
51,37575,,False
51,37592,,False
51,37601,,False
51,37605,,False
51,37612,,False
51,37617,,False
51,37630,,False
51,37632,,False
51,37642,,False
51,37648,,False
51,37652,,False
51,37668,,False
51,37672,,False
51,37682,,False
51,37688,,False
51,37696,,False
51,37715,,False
51,37722,,False
51,37725,,False
51,37728,,False
51,37730,,False
51,37731,,False
51,37732,,False
51,37745,,False
51,37759,,False
51,37763,,False
51,37771,,False
51,37772,,False
51,37773,,False
51,37777,,False
51,37783,,False
51,37807,,False
51,37810,,False
51,37812,,False
51,37815,,False
51,37822,,False
51,37835,,False
51,37838,,False
51,37847,,False
51,37860,,False
51,37863,,False
51,37873,,False
51,37883,,False
51,37891,,False
51,37896,,False
51,37908,,False
51,37913,,False
51,37916,,False
51,37919,,False
51,37920,,False
51,37926,,False
51,37936,,False
51,37944,,False
51,37951,,False
51,37954,,False
51,37998,,False
51,38007,,False
51,38011,,False
51,38023,,False
51,38025,,False
51,38030,,False
51,38032,,False
51,38035,,False
51,38036,,False
51,38039,,False
51,38041,,False
51,38053,,False
51,38062,,False
51,38070,,False
51,38079,,False
51,38080,,False
51,38084,,False
51,38087,,False
51,38106,,False
51,38125,,False
51,38151,,False
51,38157,,False
51,38159,,False
51,38160,,False
51,38182,,False
51,38186,,False
51,38193,,False
51,38199,,False
51,38210,,False
51,38219,,False
51,38220,,False
51,38234,,False
51,38243,,False
51,38260,,False
51,38265,,False
51,38267,,False
51,38273,,False
51,38274,,False
51,38276,,False
51,38277,,False
51,38286,,False
51,38291,,False
51,38313,,False
51,38317,,False
51,38328,,False
51,38333,,False
51,38339,,False
51,38353,,False
51,38355,,False
51,38380,,False
51,38392,,False
51,38411,,False
51,38416,,False
51,38419,,False
51,38423,,False
51,38425,,False
51,38432,,False
51,38442,,False
51,38450,,False
51,38455,,False
51,38472,,False
51,38483,,False
51,38501,,False
51,38504,,False
51,38505,,False
51,38507,,False
51,38512,,False
51,38514,,False
51,38520,,False
51,38523,,False
51,38539,,False
51,38546,,False
51,38577,,False
51,38590,,False
51,38605,,False
51,38608,,False
51,38618,,False
51,38629,,False
51,38640,,False
51,38656,,False
51,38696,,False
51,38712,,False
51,38719,,False
51,38721,,False
51,38733,,False
51,38734,,False
51,38744,,False
51,38753,,False
51,38758,,False
51,38762,,False
51,38770,,False
51,38782,,False
51,38788,,False
51,38802,,False
51,38803,,False
51,38838,,False
51,38841,,False
51,38847,,False
51,38856,,False
51,38860,,False
51,38869,,False
51,38880,,False
51,38890,,False
51,38905,,False
51,38918,,False
51,38929,,False
51,38930,,False
51,38932,,False
51,38939,,False
51,38949,,False
51,38954,,False
51,38973,,False
51,39002,,False
51,39012,,False
51,39026,,False
51,39028,,False
51,39031,,False
51,39042,,False
51,39044,,False
51,39045,,False
51,39053,,False
51,39057,,False
51,39061,,False
51,39069,,False
51,39080,,False
51,39082,,False
51,39086,,False
51,39088,,False
51,39092,,False
51,39095,,False
51,39106,,False
51,39108,,False
51,39109,,False
51,39116,,False
51,39126,,False
51,39127,,False
51,39129,,False
51,39134,,False
51,39141,,False
51,39146,,False
51,39158,,False
51,39166,,False
51,39171,,False
51,39182,,False
51,39203,,False
51,39219,,False
51,39226,,False
51,39245,,False
51,39257,,False
51,39259,,False
51,39283,,False
51,39289,,False
51,39295,,False
51,39303,,False
51,39309,,False
51,39310,,False
51,39320,,False
51,39325,,False
51,39327,,False
51,39339,,False
51,39340,,False
51,39346,,False
51,39368,,False
51,39374,,False
51,39375,,False
51,39404,,False
51,39419,,False
51,39424,,False
51,39429,,False
51,39431,,False
51,39432,,False
51,39440,,False
51,39445,,False
51,39448,,False
51,39450,,False
51,39457,,False
51,39466,,False
51,39467,,False
51,39468,,False
51,39472,,False
51,39475,,False
51,39480,,False
51,39489,,False
51,39492,,False
51,39494,,False
51,39497,,False
51,39502,,False
51,39504,,False
51,39524,,False
51,39535,,False
51,39540,,False
51,39541,,False
51,39568,,False
51,39580,,False
51,39622,,False
51,39625,,False
51,39636,,False
51,39657,,False
51,39664,,False
51,39671,,False
51,39697,,False
51,39701,,False
51,39715,,False
51,39718,,False
51,39739,,False
51,39745,,False
51,39749,,False
51,39750,,False
51,39751,,False
51,39752,,False
51,39759,,False
51,39760,,False
51,39765,,False
51,39774,,False
51,39784,,False
51,39794,,False
51,39806,,False
51,39808,,False
51,39811,,False
51,39816,,False
51,39817,,False
51,39848,,False
51,39861,,False
51,39869,,False
51,39887,,False
51,39904,,False
51,39905,,False
51,39922,,False
51,39931,,False
51,39935,,False
51,39945,,False
51,39951,,False
51,39957,,False
51,39966,,False
51,39969,,False
51,39972,,False
51,39986,,False
51,39991,,False
51,40005,,False
51,40011,,False
51,40020,,False
51,40039,,False
51,40042,,False
51,40050,,False
51,40070,,False
51,40091,,False
51,40104,,False
51,40105,,False
51,40113,,False
51,40122,,False
51,40129,,False
51,40130,,False
51,40137,,False
51,40142,,False
51,40147,,False
51,40153,,False
51,40155,,False
51,40157,,False
51,40158,,False
51,40161,,False
51,40165,,False
51,40166,,False
51,40185,,False
51,40198,,False
51,40213,,False
51,40220,,False
51,40229,,False
51,40241,,False
51,40242,,False
51,40247,,False
51,40265,,False
51,40272,,False
51,40279,,False
51,40283,,False
51,40289,,False
51,40300,,False
51,40304,,False
51,40310,,False
51,40328,,False
51,40331,,False
51,40336,,False
51,40339,,False
51,40340,,False
51,40362,,False
51,40364,,False
51,40392,,False
51,40412,,False
51,40416,,False
51,40421,,False
51,40428,,False
51,40429,,False
51,40441,,False
51,40453,,False
51,40458,,False
51,40461,,False
51,40463,,False
51,40467,,False
51,40469,,False
51,40474,,False
51,40476,,False
51,40483,,False
51,40486,,False
51,40488,,False
51,40496,,False
51,40502,,False
51,40505,,False
51,40522,,False
51,40523,,False
51,40526,,False
51,40539,,False
51,40552,,False
51,40563,,False
51,40567,,False
51,40583,,False
51,40586,,False
51,40588,,False
51,40590,,False
51,40596,,False
51,40615,,False
51,40618,,False
51,40622,,False
51,40629,,False
51,40630,,False
51,40639,,False
51,40654,,False
51,40665,,False
51,40668,,False
51,40684,,False
51,40685,,False
51,40686,,False
51,40690,,False
51,40697,,False
51,40701,,False
51,40712,,False
51,40721,,False
51,40725,,False
51,40729,,False
51,40748,,False
51,40755,,False
51,40759,,False
51,40777,,False
51,40785,,False
51,40791,,False
51,40794,,False
51,40796,,False
51,40798,,False
51,40808,,False
51,40814,,False
51,40825,,False
51,40828,,False
51,40834,,False
51,40838,,False
51,40849,,False
51,40851,,False
51,40874,,False
51,40893,,False
51,40896,,False
51,40898,,False
51,40900,,False
51,40906,,False
51,40918,,False
51,40922,,False
51,40932,,False
51,40935,,False
51,40950,,False
51,40951,,False
51,40958,,False
51,40962,,False
51,40964,,False
51,40971,,False
51,40979,,False
51,41001,,False
51,41002,,False
51,41008,,False
51,41010,,False
51,41035,,False
51,41038,,False
51,41041,,False
51,41050,,False
51,41073,,False
51,41078,,False
51,41083,,False
51,41095,,False
51,41122,,False
51,41123,,False
51,41129,,False
51,41135,,False
51,41138,,False
51,41142,,False
51,41146,,False
51,41157,,False
51,41159,,False
51,41163,,False
51,41174,,False
51,41176,,False
51,41177,,False
51,41187,,False
51,41189,,False
51,41209,,False
51,41214,,False
51,41215,,False
51,41219,,False
51,41223,,False
51,41226,,False
51,41236,,False
51,41240,,False
51,41265,,False
51,41270,,False
51,41276,,False
51,41282,,False
51,41287,,False
51,41296,,False
51,41302,,False
51,41309,,False
51,41313,,False
51,41321,,False
51,41324,,False
51,41344,,False
51,41361,,False
51,41370,,False
51,41373,,False
51,41375,,False
51,41376,,False
51,41394,,False
51,41395,,False
51,41397,,False
51,41406,,False
51,41414,,False
51,41444,,False
51,41452,,False
51,41453,,False
51,41462,,False
51,41463,,False
51,41473,,False
51,41475,,False
51,41478,,False
51,41494,,False
51,41509,,False
51,41510,,False
51,41515,,False
51,41539,,False
51,41544,,False
51,41551,,False
51,41557,,False
51,41566,,False
51,41569,,False
51,41576,,False
51,41580,,False
51,41591,,False
51,41595,,False
51,41597,,False
51,41603,,False
51,41608,,False
51,41626,,False
51,41627,,False
51,41633,,False
51,41641,,False
51,41653,,False
51,41657,,False
51,41660,,False
51,41670,,False
51,41689,,False
51,41723,,False
51,41731,,False
51,41733,,False
51,41741,,False
51,41742,,False
51,41763,,False
51,41767,,False
51,41773,,False
51,41788,,False
51,41792,,False
51,41804,,False
51,41810,,False
51,41813,,False
51,41816,,False
51,41834,,False
51,41852,,False
51,41856,,False
51,41860,,False
51,41876,,False
51,41877,,False
51,41883,,False
51,41904,,False
51,41919,,False
51,41922,,False
51,41925,,False
51,41936,,False
51,41947,,False
51,41952,,False
51,41964,,False
51,41968,,False
51,41976,,False
51,41991,,False
51,41996,,False
51,42013,,False
51,42017,,False
51,42030,,False
51,42031,,False
51,42039,,False
51,42048,,False
51,42051,,False
51,42056,,False
51,42073,,False
51,42080,,False
51,42081,,False
51,42086,,False
51,42089,,False
51,42090,,False
51,42095,,False
51,42102,,False
51,42105,,False
51,42109,,False
51,42118,,False
51,42122,,False
51,42124,,False
51,42128,,False
51,42146,,False
51,42154,,False
51,42165,,False
51,42178,,False
51,42196,,False
51,42204,,False
51,42208,,False
51,42211,,False
51,42221,,False
51,42222,,False
51,42227,,False
51,42255,,False
51,42266,,False
51,42275,,False
51,42297,,False
51,42303,,False
51,42316,,False
51,42317,,False
51,42326,,False
51,42332,,False
51,42336,,False
51,42348,,False
51,42351,,False
51,42364,,False
51,42365,,False
51,42371,,False
51,42381,,False
51,42383,,False
51,42392,,False
51,42402,,False
51,42414,,False
51,42418,,False
51,42430,,False
51,42451,,False
51,42469,,False
51,42482,,False
51,42487,,False
51,42492,,False
51,42500,,False
51,42501,,False
51,42523,,False
51,42530,,False
51,42534,,False
51,42549,,False
51,42555,,False
51,42558,,False
51,42565,,False
51,42567,,False
51,42589,,False
51,42591,,False
51,42594,,False
51,42605,,False
51,42618,,False
51,42619,,False
51,42640,,False
51,42657,,False
51,42671,,False
51,42674,,False
51,42679,,False
51,42680,,False
51,42684,,False
51,42712,,False
51,42738,,False
51,42740,,False
51,42746,,False
51,42752,,False
51,42758,,False
51,42768,,False
51,42770,,False
51,42779,,False
51,42784,,False
51,42820,,False
51,42822,,False
51,42828,,False
51,42830,,False
51,42834,,False
51,42838,,False
51,42856,,False
51,42868,,False
51,42873,,False
51,42886,,False
51,42890,,False
51,42910,,False
51,42923,,False
51,42924,,False
51,42940,,False
51,42944,,False
51,42948,,False
51,42951,,False
51,42955,,False
51,42957,,False
51,42969,,False
51,42985,,False
51,42995,,False
51,42999,,False
51,43004,,False
51,43009,,False
51,43012,,False
51,43017,,False
51,43018,,False
51,43030,,False
51,43039,,False
51,43040,,False
51,43046,,False
51,43070,,False
51,43073,,False
51,43078,,False
51,43081,,False
51,43098,,False
51,43106,,False
51,43112,,False
51,43114,,False
51,43115,,False
51,43129,,False
51,43145,,False
51,43153,,False
51,43155,,False
51,43175,,False
51,43176,,False
51,43180,,False
51,43183,,False
51,43190,,False
51,43195,,False
51,43204,,False
51,43207,,False
51,43210,,False
51,43220,,False
51,43228,,False
51,43234,,False
51,43249,,False
51,43267,,False
51,43273,,False
51,43274,,False
51,43283,,False
51,43291,,False
51,43296,,False
51,43301,,False
51,43302,,False
51,43330,,False
51,43331,,False
51,43338,,False
51,43340,,False
51,43341,,False
51,43350,,False
51,43357,,False
51,43360,,False
51,43363,,False
51,43364,,False
51,43370,,False
51,43374,,False
51,43387,,False
51,43394,,False
51,43396,,False
51,43399,,False
51,43412,,False
51,43420,,False
51,43443,,False
51,43444,,False
51,43452,,False
51,43469,,False
51,43474,,False
51,43476,,False
51,43483,,False
51,43496,,False
51,43505,,False
51,43509,,False
51,43510,,False
51,43511,,False
51,43514,,False
51,43531,,False
51,43533,,False
51,43543,,False
51,43569,,False
51,43572,,False
51,43576,,False
51,43579,,False
51,43587,,False
51,43594,,False
51,43598,,False
51,43611,,False
51,43644,,False
51,43654,,False
51,43658,,False
51,43660,,False
51,43681,,False
51,43709,,False
51,43720,,False
51,43722,,False
51,43731,,False
51,43747,,False
51,43759,,False
51,43762,,False
51,43799,,False
51,43809,,False
51,43816,,False
51,43834,,False
51,43839,,False
51,43841,,False
51,43860,,False
51,43863,,False
51,43866,,False
51,43872,,False
51,43877,,False
51,43880,,False
51,43886,,False
51,43908,,False
51,43915,,False
51,43916,,False
51,43923,,False
51,43937,,False
51,43941,,False
51,43946,,False
51,43950,,False
51,43974,,False
51,43984,,False
51,43987,,False
51,43990,,False
51,43997,,False
51,44003,,False
51,44005,,False
51,44022,,False
51,44040,,False
51,44049,,False
51,44057,,False
51,44060,,False
51,44094,,False
51,44095,,False
51,44096,,False
51,44103,,False
51,44105,,False
51,44106,,False
51,44110,,False
51,44128,,False
51,44147,,False
51,44166,,False
51,44179,,False
51,44188,,False
51,44192,,False
51,44193,,False
51,44194,,False
51,44197,,False
51,44201,,False
51,44207,,False
51,44208,,False
51,44212,,False
51,44222,,False
51,44236,,False
51,44243,,False
51,44250,,False
51,44251,,False
51,44264,,False
51,44277,,False
51,44303,,False
51,44304,,False
51,44311,,False
51,44339,,False
51,44344,,False
51,44349,,False
51,44355,,False
51,44369,,False
51,44377,,False
51,44379,,False
51,44385,,False
51,44387,,False
51,44389,,False
51,44393,,False
51,44396,,False
51,44400,,False
51,44405,,False
51,44449,,False
51,44466,,False
51,44469,,False
51,44473,,False
51,44483,,False
51,44485,,False
51,44489,,False
51,44494,,False
51,44541,,False
51,44565,,False
51,44566,,False
51,44568,,False
51,44569,,False
51,44572,,False
51,44580,,False
51,44585,,False
51,44587,,False
51,44601,,False
51,44602,,False
51,44605,,False
51,44607,,False
51,44610,,False
51,44615,,False
51,44638,,False
51,44642,,False
51,44648,,False
51,44667,,False
51,44670,,False
51,44692,,False
51,44695,,False
51,44703,,False
51,44706,,False
51,44714,,False
51,44720,,False
51,44732,,False
51,44736,,False
51,44744,,False
51,44747,,False
51,44749,,False
51,44755,,False
51,44761,,False
51,44765,,False
51,44775,,False
51,44788,,False
51,44789,,False
51,44796,,False
51,44801,,False
51,44805,,False
51,44808,,False
51,44812,,False
51,44818,,False
51,44819,,False
51,44828,,False
51,44844,,False
51,44854,,False
51,44861,,False
51,44868,,False
51,44875,,False
51,44880,,False
51,44882,,False
51,44886,,False
51,44890,,False
51,44891,,False
51,44906,,False
51,44909,,False
51,44913,,False
51,44918,,False
51,44920,,False
51,44940,,False
51,44964,,False
51,44965,,False
51,44968,,False
51,44983,,False
51,44989,,False
51,44991,,False
51,44994,,False
51,45004,,False
51,45006,,False
51,45010,,False
51,45012,,False
51,45021,,False
51,45023,,False
51,45031,,False
51,45047,,False
51,45054,,False
51,45069,,False
51,45071,,False
51,45083,,False
51,45085,,False
51,45092,,False
51,45100,,False
51,45116,,False
51,45123,,False
51,45130,,False
51,45137,,False
51,45148,,False
51,45152,,False
51,45170,,False
51,45185,,False
51,45203,,False
51,45204,,False
51,45209,,False
51,45233,,False
51,45235,,False
51,45241,,False
51,45246,,False
51,45256,,False
51,45258,,False
51,45260,,False
51,45269,,False
51,45272,,False
51,45273,,False
51,45285,,False
51,45291,,False
51,45301,,False
51,45315,,False
51,45317,,False
51,45332,,False
51,45344,,False
51,45358,,False
51,45361,,False
51,45368,,False
51,45374,,False
51,45379,,False
51,45392,,False
51,45394,,False
51,45401,,False
51,45408,,False
51,45411,,False
51,45429,,False
51,45430,,False
51,45431,,False
51,45442,,False
51,45443,,False
51,45472,,False
51,45482,,False
51,45488,,False
51,45493,,False
51,45503,,False
51,45505,,False
51,45510,,False
51,45523,,False
51,45538,,False
51,45541,,False
51,45542,,False
51,45549,,False
51,45578,,False
51,45581,,False
51,45594,,False
51,45601,,False
51,45604,,False
51,45637,,False
51,45643,,False
51,45656,,False
51,45665,,False
51,45666,,False
51,45682,,False
51,45687,,False
51,45695,,False
51,45699,,False
51,45715,,False
51,45716,,False
51,45720,,False
51,45740,,False
51,45742,,False
51,45780,,False
51,45791,,False
51,45792,,False
51,45795,,False
51,45806,,False
51,45819,,False
51,45823,,False
51,45836,,False
51,45844,,False
51,45848,,False
51,45851,,False
51,45853,,False
51,45857,,False
51,45869,,False
51,45896,,False
51,45899,,False
51,45933,,False
51,45934,,False
51,45940,,False
51,45946,,False
51,45952,,False
51,45956,,False
51,45958,,False
51,45960,,False
51,45973,,False
51,45981,,False
51,45982,,False
51,46003,,False
51,46018,,False
51,46060,,False
51,46067,,False
51,46081,,False
51,46082,,False
51,46088,,False
51,46109,,False
51,46122,,False
51,46126,,False
51,46127,,False
51,46143,,False
51,46160,,False
51,46170,,False
51,46180,,False
51,46184,,False
51,46185,,False
51,46192,,False
51,46198,,False
51,46213,,False
51,46215,,False
51,46218,,False
51,46225,,False
51,46250,,False
51,46253,,False
51,46254,,False
51,46272,,False
51,46274,,False
51,46299,,False
51,46303,,False
51,46327,,False
51,46340,,False
51,46345,,False
51,46352,,False
51,46420,,False
51,46421,,False
51,46430,,False
51,46431,,False
51,46434,,False
51,46443,,False
51,46450,,False
51,46462,,False
51,46467,,False
51,46481,,False
51,46483,,False
51,46497,,False
51,46498,,False
51,46507,,False
51,46508,,False
51,46513,,False
51,46516,,False
51,46524,,False
51,46527,,False
51,46536,,False
51,46539,,False
51,46541,,False
51,46549,,False
51,46554,,False
51,46563,,False
51,46566,,False
51,46582,,False
51,46589,,False
51,46600,,False
51,46609,,False
51,46620,,False
51,46646,,False
51,46647,,False
51,46653,,False
51,46654,,False
51,46655,,False
51,46681,,False
51,46704,,False
51,46706,,False
51,46708,,False
51,46715,,False
51,46723,,False
51,46747,,False
51,46758,,False
51,46760,,False
51,46777,,False
51,46780,,False
51,46783,,False
51,46791,,False
51,46792,,False
51,46804,,False
51,46814,,False
51,46823,,False
51,46835,,False
51,46857,,False
51,46860,,False
51,46866,,False
51,46880,,False
51,46896,,False
51,46901,,False
51,46906,,False
51,46911,,False
51,46917,,False
51,46920,,False
51,46923,,False
51,46926,,False
51,46928,,False
51,46948,,False
51,46949,,False
51,46952,,False
51,46965,,False
51,46973,,False
51,46978,,False
51,46986,,False
51,46987,,False
51,46993,,False
51,47003,,False
51,47004,,False
51,47005,,False
51,47013,,False
51,47027,,False
51,47034,,False
51,47043,,False
51,47051,,False
51,47055,,False
51,47067,,False
51,47069,,False
51,47070,,False
51,47072,,False
51,47078,,False
51,47104,,False
51,47111,,False
51,47119,,False
51,47121,,False
51,47123,,False
51,47129,,False
51,47131,,False
51,47142,,False
51,47152,,False
51,47158,,False
51,47179,,False
51,47188,,False
51,47189,,False
51,47206,,False
51,47213,,False
51,47214,,False
51,47217,,False
51,47227,,False
51,47230,,False
51,47234,,False
51,47242,,False
51,47263,,False
51,47268,,False
51,47272,,False
51,47281,,False
51,47288,,False
51,47298,,False
51,47324,,False
51,47330,,False
51,47348,,False
51,47353,,False
51,47359,,False
51,47369,,False
51,47375,,False
51,47383,,False
51,47390,,False
51,47397,,False
51,47407,,False
51,47409,,False
51,47412,,False
51,47414,,False
51,47440,,False
51,47449,,False
51,47458,,False
51,47478,,False
51,47481,,False
51,47484,,False
51,47499,,False
51,47509,,False
51,47526,,False
51,47529,,False
51,47531,,False
51,47536,,False
51,47544,,False
51,47550,,False
51,47551,,False
51,47568,,False
51,47575,,False
51,47584,,False
51,47587,,False
51,47593,,False
51,47599,,False
51,47603,,False
51,47605,,False
51,47607,,False
51,47618,,False
51,47623,,False
51,47633,,False
51,47636,,False
51,47648,,False
51,47650,,False
51,47659,,False
51,47677,,False
51,47679,,False
51,47682,,False
51,47685,,False
51,47687,,False
51,47693,,False
51,47722,,False
51,47744,,False
51,47751,,False
51,47754,,False
51,47756,,False
51,47759,,False
51,47771,,False
51,47783,,False
51,47784,,False
51,47788,,False
51,47792,,False
51,47801,,False
51,47804,,False
51,47809,,False
51,47811,,False
51,47815,,False
51,47823,,False
51,47860,,False
51,47862,,False
51,47863,,False
51,47870,,False
51,47872,,False
51,47884,,False
51,47885,,False
51,47891,,False
51,47900,,False
51,47902,,False
51,47903,,False
51,47909,,False
51,47932,,False
51,47961,,False
51,47971,,False
51,47976,,False
51,47981,,False
51,47988,,False
51,47989,,False
51,47993,,False
51,48011,,False
51,48013,,False
51,48040,,False
51,48046,,False
51,48047,,False
51,48050,,False
51,48053,,False
51,48061,,False
51,48067,,False
51,48072,,False
51,48077,,False
51,48088,,False
51,48095,,False
51,48116,,False
51,48123,,False
51,48128,,False
51,48130,,False
51,48135,,False
51,48140,,False
51,48143,,False
51,48150,,False
51,48173,,False
51,48177,,False
51,48195,,False
51,48199,,False
51,48202,,False
51,48206,,False
51,48210,,False
51,48211,,False
51,48218,,False
51,48242,,False
51,48252,,False
51,48261,,False
51,48268,,False
51,48274,,False
51,48293,,False
51,48294,,False
51,48307,,False
51,48308,,False
51,48322,,False
51,48337,,False
51,48351,,False
51,48352,,False
51,48361,,False
51,48376,,False
51,48388,,False
51,48391,,False
51,48397,,False
51,48401,,False
51,48425,,False
51,48429,,False
51,48433,,False
51,48438,,False
51,48458,,False
51,48460,,False
51,48463,,False
51,48465,,False
51,48475,,False
51,48477,,False
51,48491,,False
51,48500,,False
51,48507,,False
51,48515,,False
51,48532,,False
51,48544,,False
51,48555,,False
51,48557,,False
51,48567,,False
51,48573,,False
51,48577,,False
51,48586,,False
51,48594,,False
51,48606,,False
51,48614,,False
51,48618,,False
51,48627,,False
51,48642,,False
51,48659,,False
51,48661,,False
51,48664,,False
51,48667,,False
51,48684,,False
51,48688,,False
51,48699,,False
51,48700,,False
51,48708,,False
51,48713,,False
51,48716,,False
51,48727,,False
51,48732,,False
51,48744,,False
51,48762,,False
51,48778,,False
51,48780,,False
51,48781,,False
51,48797,,False
51,48822,,False
51,48827,,False
51,48842,,False
51,48845,,False
51,48868,,False
51,48876,,False
51,48880,,False
51,48881,,False
51,48890,,False
51,48892,,False
51,48893,,False
51,48909,,False
51,48912,,False
51,48914,,False
51,48917,,False
51,48934,,False
51,48948,,False
51,48956,,False
51,48963,,False
51,48975,,False
51,48984,,False
51,48992,,False
51,49019,,False
51,49022,,False
51,49023,,False
51,49029,,False
51,49061,,False
51,49062,,False
51,49065,,False
51,49073,,False
51,49079,,False
51,49090,,False
51,49096,,False
51,49117,,False
51,49123,,False
51,49126,,False
51,49127,,False
51,49130,,False
51,49135,,False
51,49138,,False
51,49144,,False
51,49147,,False
51,49148,,False
51,49152,,False
51,49165,,False
51,49182,,False
51,49207,,False
51,49212,,False
51,49215,,False
51,49224,,False
51,49227,,False
51,49232,,False
51,49233,,False
51,49236,,False
51,49239,,False
51,49255,,False
51,49260,,False
51,49278,,False
51,49280,,False
51,49304,,False
51,49333,,False
51,49345,,False
51,49347,,False
51,49352,,False
51,49358,,False
51,49360,,False
51,49366,,False
51,49372,,False
51,49377,,False
51,49388,,False
51,49393,,False
51,49424,,False
51,49429,,False
51,49447,,False
51,49452,,False
51,49458,,False
51,49459,,False
51,49483,,False
51,49488,,False
51,49494,,False
51,49496,,False
51,49498,,False
51,49500,,False
51,49504,,False
51,49507,,False
51,49510,,False
51,49518,,False
51,49519,,False
51,49533,,False
51,49538,,False
51,49547,,False
51,49554,,False
51,49560,,False
51,49566,,False
51,49568,,False
51,49569,,False
51,49574,,False
51,49576,,False
51,49600,,False
51,49609,,False
51,49631,,False
51,49666,,False
51,49672,,False
51,49680,,False
51,49682,,False
51,49687,,False
51,49715,,False
51,49736,,False
51,49744,,False
51,49748,,False
51,49751,,False
51,49762,,False
51,49765,,False
51,49768,,False
51,49769,,False
51,49771,,False
51,49776,,False
51,49782,,False
51,49790,,False
51,49821,,False
51,49822,,False
51,49826,,False
51,49838,,False
51,49839,,False
51,49846,,False
51,49862,,False
51,49865,,False
51,49872,,False
51,49875,,False
51,49885,,False
51,49898,,False
51,49934,,False
51,49954,,False
51,49959,,False
51,49965,,False
51,49967,,False
51,49971,,False
51,49974,,False
51,49982,,False
51,49984,,False
51,49996,,False
51,50000,,False
51,50002,,False
51,50010,,False
51,50018,,False
51,50021,,False
51,50030,,False
51,50047,,False
51,50048,,False
51,50059,,False
51,50069,,False
51,50080,,False
51,50082,,False
51,50088,,False
51,50096,,False
51,50100,,False
51,50105,,False
51,50108,,False
51,50114,,False
51,50128,,False
51,50130,,False
51,50137,,False
51,50141,,False
51,50144,,False
51,50158,,False
51,50163,,False
51,50167,,False
51,50170,,False
51,50180,,False
51,50182,,False
51,50183,,False
51,50185,,False
51,50195,,False
51,50202,,False
51,50203,,False
51,50209,,False
51,50227,,False
51,50229,,False
51,50243,,False
51,50258,,False
51,50259,,False
51,50260,,False
51,50263,,False
51,50272,,False
51,50287,,False
51,50290,,False
51,50303,,False
51,50313,,False
51,50318,,False
51,50322,,False
51,50329,,False
51,50330,,False
51,50339,,False
51,50348,,False
51,50361,,False
51,50367,,False
51,50369,,False
51,50370,,False
51,50372,,False
51,50374,,False
51,50379,,False
51,50384,,False
51,50387,,False
51,50395,,False
51,50399,,False
51,50413,,False
51,50416,,False
51,50421,,False
51,50424,,False
51,50430,,False
51,50437,,False
51,50440,,False
51,50455,,False
51,50463,,False
51,50475,,False
51,50483,,False
51,50485,,False
51,50487,,False
51,50494,,False
51,50501,,False
51,50505,,False
51,50516,,False
51,50522,,False
51,50526,,False
51,50537,,False
51,50548,,False
51,50563,,False
51,50572,,False
51,50583,,False
51,50596,,False
51,50604,,False
51,50607,,False
51,50609,,False
51,50628,,False
51,50629,,False
51,50631,,False
51,50641,,False
51,50643,,False
51,50644,,False
51,50649,,False
51,50658,,False
51,50659,,False
51,50661,,False
51,50662,,False
51,50666,,False
51,50679,,False
51,50688,,False
51,50691,,False
51,50697,,False
51,50699,,False
51,50703,,False
51,50715,,False
51,50719,,False
51,50721,,False
51,50728,,False
51,50754,,False
51,50756,,False
51,50761,,False
51,50764,,False
51,50775,,False
51,50776,,False
51,50787,,False
51,50793,,False
51,50803,,False
51,50805,,False
51,50819,,False
51,50822,,False
51,50830,,False
51,50841,,False
51,50854,,False
51,50858,,False
51,50869,,False
51,50874,,False
51,50883,,False
51,50885,,False
51,50890,,False
51,50891,,False
51,50895,,False
51,50909,,False
51,50916,,False
51,50924,,False
51,50933,,False
51,50939,,False
51,50941,,False
51,50943,,False
51,50952,,False
51,50956,,False
51,50968,,False
51,50969,,False
51,50975,,False
51,50981,,False
51,50992,,False
51,50995,,False
51,51016,,False
51,51023,,False
51,51029,,False
51,51035,,False
51,51039,,False
51,51040,,False
51,51060,,False
51,51083,,False
51,51096,,False
51,51100,,False
51,51101,,False
51,51108,,False
51,51112,,False
51,51124,,False
51,51126,,False
51,51127,,False
51,51136,,False
51,51151,,False
51,51162,,False
51,51165,,False
51,51168,,False
51,51174,,False
51,51181,,False
51,51185,,False
51,51190,,False
51,51201,,False
51,51206,,False
51,51208,,False
51,51209,,False
51,51212,,False
51,51217,,False
51,51222,,False
51,51251,,False
51,51270,,False
51,51286,,False
51,51298,,False
51,51303,,False
51,51311,,False
51,51313,,False
51,51336,,False
51,51351,,False
51,51359,,False
51,51363,,False
51,51370,,False
51,51414,,False
51,51436,,False
51,51437,,False
51,51440,,False
51,51452,,False
51,51469,,False
51,51481,,False
51,51489,,False
51,51491,,False
51,51493,,False
51,51503,,False
51,51505,,False
51,51513,,False
51,51519,,False
51,51520,,False
51,51526,,False
51,51532,,False
51,51534,,False
51,51535,,False
51,51547,,False
51,51560,,False
51,51565,,False
51,51573,,False
51,51599,,False
51,51611,,False
51,51621,,False
51,51623,,False
51,51625,,False
51,51628,,False
51,51638,,False
51,51642,,False
51,51648,,False
51,51655,,False
51,51656,,False
51,51673,,False
51,51684,,False
51,51697,,False
51,51708,,False
51,51720,,False
51,51727,,False
51,51733,,False
51,51738,,False
51,51739,,False
51,51751,,False
51,51769,,False
51,51777,,False
51,51806,,False
51,51821,,False
51,51832,,False
51,51840,,False
51,51842,,False
51,51846,,False
51,51849,,False
51,51854,,False
51,51857,,False
51,51862,,False
51,51869,,False
51,51873,,False
51,51885,,False
51,51893,,False
51,51894,,False
51,51917,,False
51,51955,,False
51,51965,,False
51,51967,,False
51,51974,,False
51,51984,,False
51,51996,,False
51,52023,,False
51,52024,,False
51,52025,,False
51,52036,,False
51,52072,,False
51,52082,,False
51,52088,,False
51,52097,,False
51,52106,,False
51,52126,,False
51,52134,,False
51,52158,,False
51,52165,,False
51,52185,,False
51,52199,,False
51,52203,,False
51,52210,,False
51,52214,,False
51,52233,,False
51,52234,,False
51,52240,,False
51,52243,,False
51,52256,,False
51,52259,,False
51,52265,,False
51,52266,,False
51,52276,,False
51,52291,,False
51,52299,,False
51,52302,,False
51,52304,,False
51,52316,,False
51,52331,,False
51,52337,,False
51,52346,,False
51,52352,,False
51,52354,,False
51,52368,,False
51,52373,,False
51,52387,,False
51,52404,,False
51,52413,,False
51,52415,,False
51,52432,,False
51,52453,,False
51,52456,,False
51,52472,,False
51,52486,,False
51,52499,,False
51,52508,,False
51,52514,,False
51,52516,,False
51,52560,,False
51,52562,,False
51,52563,,False
51,52569,,False
51,52572,,False
51,52574,,False
51,52580,,False
51,52621,,False
51,52631,,False
51,52656,,False
51,52665,,False
51,52681,,False
51,52683,,False
51,52720,,False
51,52721,,False
51,52734,,False
51,52737,,False
51,52756,,False
51,52774,,False
51,52778,,False
51,52781,,False
51,52786,,False
51,52805,,False
51,52816,,False
51,52834,,False
51,52843,,False
51,52844,,False
51,52856,,False
51,52859,,False
51,52881,,False
51,52886,,False
51,52902,,False
51,52908,,False
51,52909,,False
51,52914,,False
51,52916,,False
51,52920,,False
51,52928,,False
51,52933,,False
51,52935,,False
51,52950,,False
51,52954,,False
51,52955,,False
51,52960,,False
51,52969,,False
51,52973,,False
51,52986,,False
51,52990,,False
51,53002,,False
51,53003,,False
51,53030,,False
51,53040,,False
51,53058,,False
51,53070,,False
51,53075,,False
51,53091,,False
51,53098,,False
51,53109,,False
51,53116,,False
51,53118,,False
51,53120,,False
51,53143,,False
51,53150,,False
51,53151,,False
51,53152,,False
51,53153,,False
51,53158,,False
51,53160,,False
51,53174,,False
51,53175,,False
51,53183,,False
51,53199,,False
51,53202,,False
51,53207,,False
51,53214,,False
51,53232,,False
51,53246,,False
51,53253,,False
51,53264,,False
51,53285,,False
51,53298,,False
51,53315,,False
51,53316,,False
51,53318,,False
51,53324,,False
51,53349,,False
51,53366,,False
51,53371,,False
51,53399,,False
51,53412,,False
51,53414,,False
51,53419,,False
51,53422,,False
51,53426,,False
51,53431,,False
51,53439,,False
51,53447,,False
51,53459,,False
51,53461,,False
51,53465,,False
51,53466,,False
51,53470,,False
51,53471,,False
51,53475,,False
51,53480,,False
51,53487,,False
51,53491,,False
51,53495,,False
51,53503,,False
51,53508,,False
51,53510,,False
51,53511,,False
51,53525,,False
51,53545,,False
51,53546,,False
51,53569,,False
51,53593,,False
51,53595,,False
51,53596,,False
51,53605,,False
51,53606,,False
51,53610,,False
51,53630,,False
51,53631,,False
51,53634,,False
51,53644,,False
51,53646,,False
51,53651,,False
51,53657,,False
51,53666,,False
51,53668,,False
51,53673,,False
51,53674,,False
51,53676,,False
51,53683,,False
51,53694,,False
51,53695,,False
51,53711,,False
51,53717,,False
51,53718,,False
51,53735,,False
51,53741,,False
51,53748,,False
51,53806,,False
51,53816,,False
51,53845,,False
51,53876,,False
51,53884,,False
51,53912,,False
51,53928,,False
51,53932,,False
51,53933,,False
51,53935,,False
51,53940,,False
51,53942,,False
51,53945,,False
51,53965,,False
51,54020,,False
51,54021,,False
51,54039,,False
51,54046,,False
51,54051,,False
51,54053,,False
51,54060,,False
51,54082,,False
51,54086,,False
51,54089,,False
51,54091,,False
51,54098,,False
51,54099,,False
51,54103,,False
51,54108,,False
51,54116,,False
51,54120,,False
51,54124,,False
51,54136,,False
51,54137,,False
51,54147,,False
51,54152,,False
51,54157,,False
51,54171,,False
51,54178,,False
51,54184,,False
51,54195,,False
51,54200,,False
51,54201,,False
51,54204,,False
51,54206,,False
51,54220,,False
51,54221,,False
51,54236,,False
51,54243,,False
51,54247,,False
51,54260,,False
51,54264,,False
51,54287,,False
51,54299,,False
51,54313,,False
51,54321,,False
51,54325,,False
51,54326,,False
51,54329,,False
51,54336,,False
51,54337,,False
51,54366,,False
51,54384,,False
51,54385,,False
51,54387,,False
51,54388,,False
51,54391,,False
51,54392,,False
51,54394,,False
51,54405,,False
51,54408,,False
51,54413,,False
51,54421,,False
51,54425,,False
51,54437,,False
51,54446,,False
51,54460,,False
51,54462,,False
51,54480,,False
51,54485,,False
51,54487,,False
51,54489,,False
51,54501,,False
51,54519,,False
51,54520,,False
51,54527,,False
51,54529,,False
51,54533,,False
51,54543,,False
51,54554,,False
51,54557,,False
51,54565,,False
51,54566,,False
51,54570,,False
51,54573,,False
51,54575,,False
51,54592,,False
51,54596,,False
51,54597,,False
51,54599,,False
51,54605,,False
51,54610,,False
51,54623,,False
51,54628,,False
51,54641,,False
51,54642,,False
51,54649,,False
51,54650,,False
51,54673,,False
51,54680,,False
51,54683,,False
51,54688,,False
51,54689,,False
51,54698,,False
51,54702,,False
51,54703,,False
51,54712,,False
51,54715,,False
51,54717,,False
51,54727,,False
51,54729,,False
51,54735,,False
51,54748,,False
51,54752,,False
51,54761,,False
51,54784,,False
51,54789,,False
51,54810,,False
51,54821,,False
51,54823,,False
51,54825,,False
51,54826,,False
51,54834,,False
51,54841,,False
51,54845,,False
51,54847,,False
51,54857,,False
51,54859,,False
51,54867,,False
51,54869,,False
51,54874,,False
51,54883,,False
51,54896,,False
51,54900,,False
51,54919,,False
51,54934,,False
51,54935,,False
51,54944,,False
51,54962,,False
51,54981,,False
51,54985,,False
51,54986,,False
51,54992,,False
51,54999,,False
51,55005,,False
51,55006,,False
51,55009,,False
51,55024,,False
51,55030,,False
51,55045,,False
51,55046,,False
51,55053,,False
51,55060,,False
51,55075,,False
51,55080,,False
51,55103,,False
51,55114,,False
51,55117,,False
51,55119,,False
51,55143,,False
51,55147,,False
51,55152,,False
51,55153,,False
51,55158,,False
51,55160,,False
51,55163,,False
51,55169,,False
51,55174,,False
51,55179,,False
51,55185,,False
51,55195,,False
51,55222,,False
51,55232,,False
51,55236,,False
51,55249,,False
51,55262,,False
51,55279,,False
51,55285,,False
51,55288,,False
51,55292,,False
51,55297,,False
51,55309,,False
51,55311,,False
51,55315,,False
51,55336,,False
51,55356,,False
51,55362,,False
51,55367,,False
51,55376,,False
51,55383,,False
51,55384,,False
51,55385,,False
51,55390,,False
51,55403,,False
51,55407,,False
51,55408,,False
51,55411,,False
51,55419,,False
51,55421,,False
51,55422,,False
51,55442,,False
51,55447,,False
51,55457,,False
51,55464,,False
51,55469,,False
51,55478,,False
51,55479,,False
51,55495,,False
51,55514,,False
51,55523,,False
51,55543,,False
51,55559,,False
51,55562,,False
51,55565,,False
51,55600,,False
51,55602,,False
51,55603,,False
51,55608,,False
51,55610,,False
51,55613,,False
51,55620,,False
51,55624,,False
51,55629,,False
51,55637,,False
51,55653,,False
51,55655,,False
51,55656,,False
51,55657,,False
51,55661,,False
51,55674,,False
51,55688,,False
51,55689,,False
51,55695,,False
51,55703,,False
51,55711,,False
51,55717,,False
51,55725,,False
51,55730,,False
51,55731,,False
51,55733,,False
51,55741,,False
51,55777,,False
51,55782,,False
51,55783,,False
51,55796,,False
51,55797,,False
51,55811,,False
51,55816,,False
51,55818,,False
51,55836,,False
51,55838,,False
51,55848,,False
51,55868,,False
51,55879,,False
51,55889,,False
51,55918,,False
51,55958,,False
51,55960,,False
51,55964,,False
51,55968,,False
51,55971,,False
51,55974,,False
51,55975,,False
51,55986,,False
51,55991,,False
51,55995,,False
51,56003,,False
51,56005,,False
51,56011,,False
51,56027,,False
51,56067,,False
51,56076,,False
51,56080,,False
51,56083,,False
51,56085,,False
51,56100,,False
51,56110,,False
51,56124,,False
51,56125,,False
51,56130,,False
51,56139,,False
51,56158,,False
51,56159,,False
51,56165,,False
51,56166,,False
51,56182,,False
51,56185,,False
51,56188,,False
51,56190,,False
51,56194,,False
51,56202,,False
51,56203,,False
51,56219,,False
51,56221,,False
51,56237,,False
51,56243,,False
51,56244,,False
51,56271,,False
51,56278,,False
51,56292,,False
51,56320,,False
51,56329,,False
51,56352,,False
51,56377,,False
51,56383,,False
51,56389,,False
51,56394,,False
51,56401,,False
51,56406,,False
51,56425,,False
51,56426,,False
51,56427,,False
51,56435,,False
51,56442,,False
51,56463,,False
51,56504,,False
51,56530,,False
51,56535,,False
51,56552,,False
51,56566,,False
51,56571,,False
51,56586,,False
51,56591,,False
51,56593,,False
51,56601,,False
51,56602,,False
51,56607,,False
51,56610,,False
51,56615,,False
51,56621,,False
51,56623,,False
51,56645,,False
51,56653,,False
51,56658,,False
51,56659,,False
51,56664,,False
51,56672,,False
51,56685,,False
51,56686,,False
51,56692,,False
51,56698,,False
51,56701,,False
51,56704,,False
51,56705,,False
51,56717,,False
51,56726,,False
51,56732,,False
51,56737,,False
51,56741,,False
51,56744,,False
51,56754,,False
51,56768,,False
51,56794,,False
51,56808,,False
51,56815,,False
51,56825,,False
51,56826,,False
51,56829,,False
51,56843,,False
51,56847,,False
51,56850,,False
51,56857,,False
51,56859,,False
51,56862,,False
51,56870,,False
51,56871,,False
51,56882,,False
51,56899,,False
51,56901,,False
51,56908,,False
51,56914,,False
51,56923,,False
51,56924,,False
51,56925,,False
51,56930,,False
51,56934,,False
51,56964,,False
51,56971,,False
51,56990,,False
51,56995,,False
51,56997,,False
51,57003,,False
51,57005,,False
51,57006,,False
51,57010,,False
51,57012,,False
51,57021,,False
51,57032,,False
51,57044,,False
51,57061,,False
51,57082,,False
51,57083,,False
51,57091,,False
51,57094,,False
51,57103,,False
51,57105,,False
51,57127,,False
51,57132,,False
51,57143,,False
51,57154,,False
51,57156,,False
51,57158,,False
51,57165,,False
51,57172,,False
51,57192,,False
51,57196,,False
51,57212,,False
51,57226,,False
51,57242,,False
51,57267,,False
51,57271,,False
51,57287,,False
51,57289,,False
51,57292,,False
51,57298,,False
51,57304,,False
51,57305,,False
51,57314,,False
51,57325,,False
51,57346,,False
51,57361,,False
51,57370,,False
51,57377,,False
51,57380,,False
51,57394,,False
51,57407,,False
51,57415,,False
51,57436,,False
51,57438,,False
51,57449,,False
51,57461,,False
51,57463,,False
51,57473,,False
51,57476,,False
51,57491,,False
51,57504,,False
51,57513,,False
51,57517,,False
51,57527,,False
51,57528,,False
51,57536,,False
51,57544,,False
51,57570,,False
51,57573,,False
51,57583,,False
51,57584,,False
51,57598,,False
51,57604,,False
51,57607,,False
51,57608,,False
51,57625,,False
51,57632,,False
51,57641,,False
51,57646,,False
51,57647,,False
51,57650,,False
51,57652,,False
51,57656,,False
51,57661,,False
51,57672,,False
51,57677,,False
51,57696,,False
51,57699,,False
51,57702,,False
51,57730,,False
51,57733,,False
51,57736,,False
51,57751,,False
51,57770,,False
51,57780,,False
51,57782,,False
51,57786,,False
51,57790,,False
51,57796,,False
51,57798,,False
51,57804,,False
51,57813,,False
51,57819,,False
51,57840,,False
51,57841,,False
51,57865,,False
51,57886,,False
51,57898,,False
51,57902,,False
51,57904,,False
51,57911,,False
51,57916,,False
51,57918,,False
51,57937,,False
51,57945,,False
51,57972,,False
51,57983,,False
51,57998,,False
51,58004,,False
51,58009,,False
51,58016,,False
51,58023,,False
51,58024,,False
51,58032,,False
51,58057,,False
51,58063,,False
51,58067,,False
51,58070,,False
51,58077,,False
51,58079,,False
51,58103,,False
51,58110,,False
51,58117,,False
51,58119,,False
51,58128,,False
51,58130,,False
51,58140,,False
51,58145,,False
51,58150,,False
51,58153,,False
51,58154,,False
51,58158,,False
51,58161,,False
51,58163,,False
51,58172,,False
51,58177,,False
51,58179,,False
51,58181,,False
51,58190,,False
51,58195,,False
51,58196,,False
51,58202,,False
51,58211,,False
51,58212,,False
51,58215,,False
51,58219,,False
51,58221,,False
51,58224,,False
51,58242,,False
51,58246,,False
51,58248,,False
51,58255,,False
51,58257,,False
51,58260,,False
51,58263,,False
51,58269,,False
51,58275,,False
51,58280,,False
51,58290,,False
51,58295,,False
51,58296,,False
51,58300,,False
51,58312,,False
51,58318,,False
51,58319,,False
51,58323,,False
51,58329,,False
51,58338,,False
51,58339,,False
51,58360,,False
51,58361,,False
51,58382,,False
51,58385,,False
51,58411,,False
51,58422,,False
51,58429,,False
51,58432,,False
51,58434,,False
51,58448,,False
51,58450,,False
51,58463,,False
51,58466,,False
51,58467,,False
51,58469,,False
51,58473,,False
51,58476,,False
51,58482,,False
51,58486,,False
51,58487,,False
51,58489,,False
51,58501,,False
51,58512,,False
51,58514,,False
51,58523,,False
51,58537,,False
51,58555,,False
51,58556,,False
51,58560,,False
51,58561,,False
51,58562,,False
51,58565,,False
51,58566,,False
51,58576,,False
51,58579,,False
51,58593,,False
51,58607,,False
51,58615,,False
51,58621,,False
51,58622,,False
51,58641,,False
51,58656,,False
51,58666,,False
51,58667,,False
51,58696,,False
51,58699,,False
51,58713,,False
51,58719,,False
51,58732,,False
51,58734,,False
51,58741,,False
51,58747,,False
51,58755,,False
51,58773,,False
51,58783,,False
51,58784,,False
51,58787,,False
51,58788,,False
51,58789,,False
51,58790,,False
51,58791,,False
51,58794,,False
51,58797,,False
51,58804,,False
51,58823,,False
51,58837,,False
51,58840,,False
51,58851,,False
51,58853,,False
51,58878,,False
51,58881,,False
51,58897,,False
51,58916,,False
51,58922,,False
51,58944,,False
51,58957,,False
51,58964,,False
51,58977,,False
51,59003,,False
51,59009,,False
51,59023,,False
51,59035,,False
51,59039,,False
51,59044,,False
51,59050,,False
51,59052,,False
51,59055,,False
51,59056,,False
51,59063,,False
51,59091,,False
51,59101,,False
51,59110,,False
51,59117,,False
51,59123,,False
51,59131,,False
51,59141,,False
51,59147,,False
51,59148,,False
51,59151,,False
51,59158,,False
51,59168,,False
51,59176,,False
51,59209,,False
51,59224,,False
51,59225,,False
51,59231,,False
51,59232,,False
51,59237,,False
51,59252,,False
51,59278,,False
51,59290,,False
51,59294,,False
51,59297,,False
51,59299,,False
51,59306,,False
51,59319,,False
51,59329,,False
51,59344,,False
51,59348,,False
51,59365,,False
51,59378,,False
51,59386,,False
51,59388,,False
51,59389,,False
51,59390,,False
51,59393,,False
51,59396,,False
51,59399,,False
51,59400,,False
51,59404,,False
51,59405,,False
51,59413,,False
51,59422,,False
51,59432,,False
51,59437,,False
51,59444,,False
51,59465,,False
51,59468,,False
51,59470,,False
51,59472,,False
51,59477,,False
51,59493,,False
51,59504,,False
51,59512,,False
51,59515,,False
51,59529,,False
51,59534,,False
51,59536,,False
51,59541,,False
51,59550,,False
51,59559,,False
51,59561,,False
51,59563,,False
51,59565,,False
51,59568,,False
51,59581,,False
51,59592,,False
51,59595,,False
51,59607,,False
51,59615,,False
51,59623,,False
51,59624,,False
51,59628,,False
51,59631,,False
51,59635,,False
51,59646,,False
51,59648,,False
51,59671,,False
51,59676,,False
51,59678,,False
51,59685,,False
51,59687,,False
51,59694,,False
51,59699,,False
51,59713,,False
51,59730,,False
51,59751,,False
51,59753,,False
51,59754,,False
51,59758,,False
51,59759,,False
51,59766,,False
51,59775,,False
51,59777,,False
51,59783,,False
51,59787,,False
51,59821,,False
51,59828,,False
51,59831,,False
51,59853,,False
51,59857,,False
51,59859,,False
51,59860,,False
51,59872,,False
51,59879,,False
51,59885,,False
51,59887,,False
51,59891,,False
51,59905,,False
51,59910,,False
51,59913,,False
51,59915,,False
51,59920,,False
51,59924,,False
51,59935,,False
51,59936,,False
51,59937,,False
51,59939,,False
51,59947,,False
51,59969,,False
51,59989,,False
51,59990,,False
51,59992,,False
51,59995,,False
51,60000,,False
51,60001,,False
51,60020,,False
51,60022,,False
51,60028,,False
51,60029,,False
51,60044,,False
51,60048,,False
51,60050,,False
51,60055,,False
51,60059,,False
51,60061,,False
51,60069,,False
51,60084,,False
51,60091,,False
51,60096,,False
51,60100,,False
51,60107,,False
51,60110,,False
51,60118,,False
51,60119,,False
51,60129,,False
51,60131,,False
51,60135,,False
51,60159,,False
51,60162,,False
51,60166,,False
51,60168,,False
51,60178,,False
51,60193,,False
51,60205,,False
51,60210,,False
51,60239,,False
51,60248,,False
51,60267,,False
51,60268,,False
51,60272,,False
51,60282,,False
51,60292,,False
51,60303,,False
51,60306,,False
51,60317,,False
51,60319,,False
51,60325,,False
51,60326,,False
51,60332,,False
51,60338,,False
51,60346,,False
51,60354,,False
51,60362,,False
51,60371,,False
51,60376,,False
51,60379,,False
51,60386,,False
51,60387,,False
51,60403,,False
51,60419,,False
51,60443,,False
51,60446,,False
51,60457,,False
51,60464,,False
51,60475,,False
51,60479,,False
51,60503,,False
51,60509,,False
51,60512,,False
51,60518,,False
51,60523,,False
51,60528,,False
51,60532,,False
51,60536,,False
51,60545,,False
51,60547,,False
51,60553,,False
51,60561,,False
51,60563,,False
51,60572,,False
51,60574,,False
51,60583,,False
51,60596,,False
51,60599,,False
51,60602,,False
51,60616,,False
51,60619,,False
51,60620,,False
51,60649,,False
51,60664,,False
51,60667,,False
51,60674,,False
51,60686,,False
51,60711,,False
51,60743,,False
51,60764,,False
51,60780,,False
51,60793,,False
51,60799,,False
51,60826,,False
51,60828,,False
51,60833,,False
51,60839,,False
51,60841,,False
51,60847,,False
51,60852,,False
51,60859,,False
51,60883,,False
51,60888,,False
51,60905,,False
51,60919,,False
51,60927,,False
51,60928,,False
51,60940,,False
51,60954,,False
51,60968,,False
51,60970,,False
51,60972,,False
51,60975,,False
51,60980,,False
51,60992,,False
51,61009,,False
51,61014,,False
51,61017,,False
51,61021,,False
51,61029,,False
51,61030,,False
51,61068,,False
51,61071,,False
51,61072,,False
51,61075,,False
51,61078,,False
51,61080,,False
51,61084,,False
51,61104,,False
51,61111,,False
51,61151,,False
51,61171,,False
51,61196,,False
51,61200,,False
51,61206,,False
51,61210,,False
51,61217,,False
51,61218,,False
51,61219,,False
51,61220,,False
51,61230,,False
51,61241,,False
51,61257,,False
51,61258,,False
51,61267,,False
51,61289,,False
51,61295,,False
51,61300,,False
51,61306,,False
51,61309,,False
51,61312,,False
51,61324,,False
51,61329,,False
51,61332,,False
51,61338,,False
51,61340,,False
51,61357,,False
51,61361,,False
51,61362,,False
51,61370,,False
51,61373,,False
51,61381,,False
51,61382,,False
51,61390,,False
51,61391,,False
51,61410,,False
51,61420,,False
51,61432,,False
51,61448,,False
51,61451,,False
51,61452,,False
51,61454,,False
51,61456,,False
51,61458,,False
51,61472,,False
51,61474,,False
51,61488,,False
51,61489,,False
51,61497,,False
51,61507,,False
51,61512,,False
51,61528,,False
51,61530,,False
51,61537,,False
51,61543,,False
51,61556,,False
51,61568,,False
51,61579,,False
51,61591,,False
51,61594,,False
51,61595,,False
51,61610,,False
51,61611,,False
51,61621,,False
51,61622,,False
51,61656,,False
51,61666,,False
51,61678,,False
51,61682,,False
51,61687,,False
51,61691,,False
51,61715,,False
51,61726,,False
51,61733,,False
51,61753,,False
51,61757,,False
51,61760,,False
51,61762,,False
51,61773,,False
51,61776,,False
51,61777,,False
51,61783,,False
51,61795,,False
51,61805,,False
51,61807,,False
51,61809,,False
51,61815,,False
51,61820,,False
51,61822,,False
51,61823,,False
51,61826,,False
51,61831,,False
51,61842,,False
51,61844,,False
51,61848,,False
51,61850,,False
51,61853,,False
51,61854,,False
51,61871,,False
51,61875,,False
51,61880,,False
51,61890,,False
51,61893,,False
51,61895,,False
51,61910,,False
51,61911,,False
51,61917,,False
51,61925,,False
51,61941,,False
51,61947,,False
51,61963,,False
51,61975,,False
51,62005,,False
51,62018,,False
51,62026,,False
51,62039,,False
51,62041,,False
51,62058,,False
51,62060,,False
51,62078,,False
51,62090,,False
51,62120,,False
51,62125,,False
51,62149,,False
51,62161,,False
51,62164,,False
51,62173,,False
51,62189,,False
51,62195,,False
51,62197,,False
51,62198,,False
51,62207,,False
51,62210,,False
51,62216,,False
51,62222,,False
51,62231,,False
51,62238,,False
51,62244,,False
51,62245,,False
51,62252,,False
51,62263,,False
51,62265,,False
51,62266,,False
51,62273,,False
51,62277,,False
51,62304,,False
51,62307,,False
51,62329,,False
51,62330,,False
51,62336,,False
51,62345,,False
51,62353,,False
51,62354,,False
51,62377,,False
51,62406,,False
51,62411,,False
51,62423,,False
51,62425,,False
51,62428,,False
51,62436,,False
51,62460,,False
51,62462,,False
51,62466,,False
51,62472,,False
51,62473,,False
51,62476,,False
51,62478,,False
51,62498,,False
51,62501,,False
51,62504,,False
51,62507,,False
51,62516,,False
51,62524,,False
51,62531,,False
51,62533,,False
51,62535,,False
51,62539,,False
51,62541,,False
51,62546,,False
51,62548,,False
51,62551,,False
51,62562,,False
51,62572,,False
51,62573,,False
51,62578,,False
51,62581,,False
51,62582,,False
51,62583,,False
51,62597,,False
51,62603,,False
51,62606,,False
51,62610,,False
51,62613,,False
51,62618,,False
51,62638,,False
51,62645,,False
51,62657,,False
51,62684,,False
51,62685,,False
51,62694,,False
51,62697,,False
51,62698,,False
51,62700,,False
51,62702,,False
51,62714,,False
51,62721,,False
51,62723,,False
51,62729,,False
51,62730,,False
51,62733,,False
51,62736,,False
51,62740,,False
51,62753,,False
51,62757,,False
51,62760,,False
51,62770,,False
51,62776,,False
51,62798,,False
51,62809,,False
51,62813,,False
51,62817,,False
51,62822,,False
51,62829,,False
51,62835,,False
51,62842,,False
51,62847,,False
51,62858,,False
51,62859,,False
51,62864,,False
51,62870,,False
51,62875,,False
51,62880,,False
51,62882,,False
51,62887,,False
51,62898,,False
51,62900,,False
51,62901,,False
51,62906,,False
51,62922,,False
51,62926,,False
51,62936,,False
51,62938,,False
51,62944,,False
51,62950,,False
51,62953,,False
51,62958,,False
51,62959,,False
51,62973,,False
51,62982,,False
51,62994,,False
51,63002,,False
51,63005,,False
51,63010,,False
51,63034,,False
51,63044,,False
51,63052,,False
51,63064,,False
51,63077,,False
51,63092,,False
51,63095,,False
51,63098,,False
51,63102,,False
51,63112,,False
51,63137,,False
51,63140,,False
51,63145,,False
51,63147,,False
51,63163,,False
51,63177,,False
51,63178,,False
51,63183,,False
51,63188,,False
51,63200,,False
51,63208,,False
51,63211,,False
51,63221,,False
51,63231,,False
51,63238,,False
51,63251,,False
51,63258,,False
51,63263,,False
51,63277,,False
51,63284,,False
51,63289,,False
51,63292,,False
51,63297,,False
51,63298,,False
51,63312,,False
51,63320,,False
51,63323,,False
51,63329,,False
51,63338,,False
51,63349,,False
51,63350,,False
51,63352,,False
51,63355,,False
51,63365,,False
51,63369,,False
51,63371,,False
51,63377,,False
51,63393,,False
51,63395,,False
51,63403,,False
51,63405,,False
51,63409,,False
51,63411,,False
51,63416,,False
51,63423,,False
51,63438,,False
51,63439,,False
51,63448,,False
51,63449,,False
51,63453,,False
51,63474,,False
51,63476,,False
51,63482,,False
51,63491,,False
51,63499,,False
51,63508,,False
51,63511,,False
51,63522,,False
51,63523,,False
51,63526,,False
51,63530,,False
51,63535,,False
51,63544,,False
51,63545,,False
51,63562,,False
51,63563,,False
51,63566,,False
51,63571,,False
51,63573,,False
51,63594,,False
51,63600,,False
51,63602,,False
51,63611,,False
51,63637,,False
51,63648,,False
51,63654,,False
51,63660,,False
51,63664,,False
51,63670,,False
51,63675,,False
51,63680,,False
51,63681,,False
51,63684,,False
51,63688,,False
51,63691,,False
51,63712,,False
51,63713,,False
51,63718,,False
51,63719,,False
51,63725,,False
51,63743,,False
51,63751,,False
51,63753,,False
51,63758,,False
51,63765,,False
51,63768,,False
51,63770,,False
51,63773,,False
51,63780,,False
51,63791,,False
51,63794,,False
51,63808,,False
51,63823,,False
51,63835,,False
51,63837,,False
51,63849,,False
51,63852,,False
51,63867,,False
51,63878,,False
51,63883,,False
51,63887,,False
51,63894,,False
51,63900,,False
51,63909,,False
51,63944,,False
51,63964,,False
51,63966,,False
51,63973,,False
51,63975,,False
51,64036,,False
51,64044,,False
51,64047,,False
51,64065,,False
51,64069,,False
51,64079,,False
51,64089,,False
51,64115,,False
51,64136,,False
51,64144,,False
51,64145,,False
51,64152,,False
51,64161,,False
51,64175,,False
51,64183,,False
51,64206,,False
51,64223,,False
51,64238,,False
51,64251,,False
51,64254,,False
51,64265,,False
51,64296,,False
51,64304,,False
51,64310,,False
51,64317,,False
51,64326,,False
51,64339,,False
51,64344,,False
51,64365,,False
51,64367,,False
51,64380,,False
51,64384,,False
51,64386,,False
51,64398,,False
51,64401,,False
51,64404,,False
51,64409,,False
51,64425,,False
51,64431,,False
51,64442,,False
51,64445,,False
51,64447,,False
51,64453,,False
51,64466,,False
51,64467,,False
51,64476,,False
51,64482,,False
51,64484,,False
51,64490,,False
51,64504,,False
51,64508,,False
51,64518,,False
51,64546,,False
51,64548,,False
51,64552,,False
51,64554,,False
51,64557,,False
51,64567,,False
51,64601,,False
51,64613,,False
51,64626,,False
51,64635,,False
51,64640,,False
51,64652,,False
51,64668,,False
51,64683,,False
51,64706,,False
51,64722,,False
51,64723,,False
51,64738,,False
51,64750,,False
51,64754,,False
51,64757,,False
51,64763,,False
51,64796,,False
51,64805,,False
51,64817,,False
51,64828,,False
51,64842,,False
51,64859,,False
51,64864,,False
51,64868,,False
51,64876,,False
51,64886,,False
51,64889,,False
51,64897,,False
51,64908,,False
51,64923,,False
51,64927,,False
51,64984,,False
51,64996,,False
51,65015,,False
51,65017,,False
51,65031,,False
51,65033,,False
51,65034,,False
51,65050,,False
51,65052,,False
51,65061,,False
51,65071,,False
51,65079,,False
51,65104,,False
51,65105,,False
51,65111,,False
51,65113,,False
51,65128,,False
51,65143,,False
51,65157,,False
51,65164,,False
51,65165,,False
51,65166,,False
51,65172,,False
51,65242,,False
51,65255,,False
51,65261,,False
51,65276,,False
51,65285,,False
51,65291,,False
51,65304,,False
51,65306,,False
51,65332,,False
51,65347,,False
51,65355,,False
51,65383,,False
51,65387,,False
51,65392,,False
51,65413,,False
51,65417,,False
51,65418,,False
51,65425,,False
51,65437,,False
51,65440,,False
51,65441,,False
51,65450,,False
51,65461,,False
51,65471,,False
51,65478,,False
51,65480,,False
51,65493,,False
51,65498,,False
51,65501,,False
51,65509,,False
51,65517,,False
51,65539,,False
51,65546,,False
51,65551,,False
51,65557,,False
51,65560,,False
51,65570,,False
51,65578,,False
51,65579,,False
51,65583,,False
51,65586,,False
51,65592,,False
51,65596,,False
51,65601,,False
51,65608,,False
51,65627,,False
51,65632,,False
51,65639,,False
51,65643,,False
51,65658,,False
51,65677,,False
51,65702,,False
51,65730,,False
51,65735,,False
51,65758,,False
51,65764,,False
51,65778,,False
51,65780,,False
51,65782,,False
51,65783,,False
51,65794,,False
51,65800,,False
51,65817,,False
51,65823,,False
51,65824,,False
51,65828,,False
51,65835,,False
51,65836,,False
51,65858,,False
51,65861,,False
51,65864,,False
51,65871,,False
51,65875,,False
51,65883,,False
51,65893,,False
51,65904,,False
51,65918,,False
51,65935,,False
51,65953,,False
51,65955,,False
51,65968,,False
51,65974,,False
51,65976,,False
51,65980,,False
51,65992,,False
51,65995,,False
51,66000,,False
51,66004,,False
51,66013,,False
51,66021,,False
51,66025,,False
51,66026,,False
51,66029,,False
51,66034,,False
51,66037,,False
51,66043,,False
51,66049,,False
51,66059,,False
51,66062,,False
51,66066,,False
51,66074,,False
51,66119,,False
51,66126,,False
51,66133,,False
51,66137,,False
51,66140,,False
51,66143,,False
51,66144,,False
51,66153,,False
51,66168,,False
51,66177,,False
51,66179,,False
51,66181,,False
51,66185,,False
51,66203,,False
51,66204,,False
51,66211,,False
51,66229,,False
51,66237,,False
51,66243,,False
51,66249,,False
51,66251,,False
51,66256,,False
51,66258,,False
51,66265,,False
51,66274,,False
51,66281,,False
51,66291,,False
51,66296,,False
51,66304,,False
51,66305,,False
51,66307,,False
51,66321,,False
51,66333,,False
51,66342,,False
51,66349,,False
51,66356,,False
51,66358,,False
51,66364,,False
51,66375,,False
51,66400,,False
51,66401,,False
51,66410,,False
51,66428,,False
51,66430,,False
51,66462,,False
51,66465,,False
51,66466,,False
51,66470,,False
51,66472,,False
51,66484,,False
51,66492,,False
51,66507,,False
51,66524,,False
51,66537,,False
51,66543,,False
51,66544,,False
51,66547,,False
51,66558,,False
51,66563,,False
51,66566,,False
51,66570,,False
51,66579,,False
51,66588,,False
51,66599,,False
51,66617,,False
51,66619,,False
51,66628,,False
51,66629,,False
51,66632,,False
51,66639,,False
51,66655,,False
51,66660,,False
51,66664,,False
51,66676,,False
51,66679,,False
51,66685,,False
51,66695,,False
51,66706,,False
51,66712,,False
51,66725,,False
51,66743,,False
51,66747,,False
51,66749,,False
51,66755,,False
51,66770,,False
51,66789,,False
51,66804,,False
51,66813,,False
51,66838,,False
51,66843,,False
51,66862,,False
51,66868,,False
51,66880,,False
51,66883,,False
51,66887,,False
51,66890,,False
51,66900,,False
51,66905,,False
51,66909,,False
51,66912,,False
51,66918,,False
51,66926,,False
51,66933,,False
51,66950,,False
51,66958,,False
51,66959,,False
51,66962,,False
51,66984,,False
51,67003,,False
51,67004,,False
51,67011,,False
51,67015,,False
51,67018,,False
51,67021,,False
51,67022,,False
51,67026,,False
51,67032,,False
51,67034,,False
51,67041,,False
51,67045,,False
51,67051,,False
51,67052,,False
51,67053,,False
51,67062,,False
51,67070,,False
51,67079,,False
51,67080,,False
51,67114,,False
51,67116,,False
51,67119,,False
51,67126,,False
51,67129,,False
51,67140,,False
51,67146,,False
51,67152,,False
51,67156,,False
51,67164,,False
51,67172,,False
51,67177,,False
51,67186,,False
51,67190,,False
51,67195,,False
51,67203,,False
51,67206,,False
51,67214,,False
51,67243,,False
51,67249,,False
51,67254,,False
51,67255,,False
51,67257,,False
51,67261,,False
51,67267,,False
51,67272,,False
51,67275,,False
51,67280,,False
51,67288,,False
51,67319,,False
51,67325,,False
51,67331,,False
51,67334,,False
51,67338,,False
51,67361,,False
51,67375,,False
51,67432,,False
51,67441,,False
51,67453,,False
51,67461,,False
51,67467,,False
51,67472,,False
51,67476,,False
51,67497,,False
51,67510,,False
51,67511,,False
51,67516,,False
51,67517,,False
51,67522,,False
51,67534,,False
51,67536,,False
51,67538,,False
51,67540,,False
51,67548,,False
51,67557,,False
51,67577,,False
51,67582,,False
51,67586,,False
51,67588,,False
51,67596,,False
51,67600,,False
51,67609,,False
51,67633,,False
51,67637,,False
51,67642,,False
51,67647,,False
51,67660,,False
51,67662,,False
51,67665,,False
51,67669,,False
51,67678,,False
51,67685,,False
51,67705,,False
51,67709,,False
51,67713,,False
51,67718,,False
51,67731,,False
51,67734,,False
51,67744,,False
51,67749,,False
51,67759,,False
51,67765,,False
51,67769,,False
51,67774,,False
51,67775,,False
51,67781,,False
51,67783,,False
51,67793,,False
51,67795,,False
51,67827,,False
51,67835,,False
51,67855,,False
51,67860,,False
51,67863,,False
51,67867,,False
51,67885,,False
51,67886,,False
51,67898,,False
51,67902,,False
51,67907,,False
51,67914,,False
51,67936,,False
51,67939,,False
51,67962,,False
51,67980,,False
51,67985,,False
51,67991,,False
51,68005,,False
51,68014,,False
51,68031,,False
51,68039,,False
51,68046,,False
51,68051,,False
51,68056,,False
51,68059,,False
51,68083,,False
51,68090,,False
51,68092,,False
51,68099,,False
51,68102,,False
51,68112,,False
51,68114,,False
51,68119,,False
51,68129,,False
51,68154,,False
51,68155,,False
51,68162,,False
51,68164,,False
51,68170,,False
51,68184,,False
51,68186,,False
51,68192,,False
51,68193,,False
51,68227,,False
51,68237,,False
51,68243,,False
51,68251,,False
51,68260,,False
51,68288,,False
51,68292,,False
51,68295,,False
51,68311,,False
51,68325,,False
51,68326,,False
51,68333,,False
51,68340,,False
51,68342,,False
51,68351,,False
51,68353,,False
51,68359,,False
51,68363,,False
51,68377,,False
51,68378,,False
51,68385,,False
51,68395,,False
51,68406,,False
51,68407,,False
51,68417,,False
51,68443,,False
51,68449,,False
51,68456,,False
51,68469,,False
51,68473,,False
51,68475,,False
51,68481,,False
51,68486,,False
51,68503,,False
51,68506,,False
51,68510,,False
51,68516,,False
51,68522,,False
51,68527,,False
51,68537,,False
51,68539,,False
51,68548,,False
51,68561,,False
51,68563,,False
51,68575,,False
51,68602,,False
51,68606,,False
51,68613,,False
51,68615,,False
51,68616,,False
51,68618,,False
51,68622,,False
51,68624,,False
51,68632,,False
51,68640,,False
51,68643,,False
51,68644,,False
51,68660,,False
51,68666,,False
51,68669,,False
51,68677,,False
51,68683,,False
51,68693,,False
51,68697,,False
51,68700,,False
51,68720,,False
51,68724,,False
51,68741,,False
51,68742,,False
51,68759,,False
51,68760,,False
51,68770,,False
51,68777,,False
51,68784,,False
51,68787,,False
51,68792,,False
51,68795,,False
51,68806,,False
51,68810,,False
51,68831,,False
51,68840,,False
51,68846,,False
51,68861,,False
51,68865,,False
51,68874,,False
51,68886,,False
51,68888,,False
51,68891,,False
51,68896,,False
51,68902,,False
51,68907,,False
51,68917,,False
51,68924,,False
51,68932,,False
51,68949,,False
51,68950,,False
51,68955,,False
51,68956,,False
51,68963,,False
51,68965,,False
51,68973,,False
51,68976,,False
51,68993,,False
51,69002,,False
51,69004,,False
51,69024,,False
51,69033,,False
51,69037,,False
51,69046,,False
51,69051,,False
51,69073,,False
51,69076,,False
51,69086,,False
51,69088,,False
51,69089,,False
51,69091,,False
51,69116,,False
51,69124,,False
51,69131,,False
51,69168,,False
51,69171,,False
51,69178,,False
51,69180,,False
51,69198,,False
51,69202,,False
51,69207,,False
51,69213,,False
51,69218,,False
51,69255,,False
51,69265,,False
51,69271,,False
51,69276,,False
51,69277,,False
51,69282,,False
51,69284,,False
51,69290,,False
51,69292,,False
51,69297,,False
51,69320,,False
51,69323,,False
51,69341,,False
51,69348,,False
51,69352,,False
51,69361,,False
51,69367,,False
51,69371,,False
51,69375,,False
51,69386,,False
51,69394,,False
51,69424,,False
51,69426,,False
51,69429,,False
51,69432,,False
51,69435,,False
51,69442,,False
51,69446,,False
51,69456,,False
51,69467,,False
51,69473,,False
51,69474,,False
51,69485,,False
51,69486,,False
51,69489,,False
51,69497,,False
51,69523,,False
51,69525,,False
51,69531,,False
51,69532,,False
51,69553,,False
51,69559,,False
51,69561,,False
51,69577,,False
51,69600,,False
51,69612,,False
51,69618,,False
51,69623,,False
51,69630,,False
51,69631,,False
51,69638,,False
51,69644,,False
51,69654,,False
51,69660,,False
51,69665,,False
51,69673,,False
51,69688,,False
51,69693,,False
51,69713,,False
51,69739,,False
51,69741,,False
51,69747,,False
51,69749,,False
51,69760,,False
51,69761,,False
51,69774,,False
51,69781,,False
51,69823,,False
51,69828,,False
51,69848,,False
51,69858,,False
51,69866,,False
51,69871,,False
51,69878,,False
51,69891,,False
51,69894,,False
51,69896,,False
51,69905,,False
51,69911,,False
51,69916,,False
51,69919,,False
51,69932,,False
51,69935,,False
51,69940,,False
51,69946,,False
51,69959,,False
51,69961,,False
51,69967,,False
51,69975,,False
51,69983,,False
51,70022,,False
51,70034,,False
51,70035,,False
51,70046,,False
51,70048,,False
51,70052,,False
51,70055,,False
51,70058,,False
51,70060,,False
51,70069,,False
51,70077,,False
51,70096,,False
51,70101,,False
51,70114,,False
51,70117,,False
51,70121,,False
51,70126,,False
51,70131,,False
51,70149,,False
51,70152,,False
51,70153,,False
51,70154,,False
51,70157,,False
51,70163,,False
51,70181,,False
51,70192,,False
51,70208,,False
51,70219,,False
51,70245,,False
51,70253,,False
51,70261,,False
51,70269,,False
51,70282,,False
51,70302,,False
51,70319,,False
51,70322,,False
51,70325,,False
51,70343,,False
51,70345,,False
51,70358,,False
51,70362,,False
51,70370,,False
51,70373,,False
51,70375,,False
51,70388,,False
51,70395,,False
51,70405,,False
51,70413,,False
51,70414,,False
51,70419,,False
51,70436,,False
51,70437,,False
51,70452,,False
51,70459,,False
51,70471,,False
51,70473,,False
51,70476,,False
51,70488,,False
51,70534,,False
51,70542,,False
51,70544,,False
51,70548,,False
51,70567,,False
51,70582,,False
51,70590,,False
51,70599,,False
51,70605,,False
51,70622,,False
51,70630,,False
51,70662,,False
51,70663,,False
51,70672,,False
51,70677,,False
51,70678,,False
51,70679,,False
51,70682,,False
51,70691,,False
51,70704,,False
51,70707,,False
51,70714,,False
51,70722,,False
51,70730,,False
51,70744,,False
51,70757,,False
51,70774,,False
51,70776,,False
51,70777,,False
51,70784,,False
51,70789,,False
51,70806,,False
51,70811,,False
51,70824,,False
51,70828,,False
51,70829,,False
51,70846,,False
51,70858,,False
51,70872,,False
51,70875,,False
51,70883,,False
51,70885,,False
51,70904,,False
51,70912,,False
51,70916,,False
51,70949,,False
51,70952,,False
51,70961,,False
51,70962,,False
51,70968,,False
51,70969,,False
51,70979,,False
51,70981,,False
51,70993,,False
51,71016,,False
51,71021,,False
51,71036,,False
51,71039,,False
51,71049,,False
51,71051,,False
51,71054,,False
51,71063,,False
51,71076,,False
51,71081,,False
51,71095,,False
51,71108,,False
51,71113,,False
51,71120,,False
51,71125,,False
51,71133,,False
51,71139,,False
51,71142,,False
51,71182,,False
51,71190,,False
51,71192,,False
51,71200,,False
51,71241,,False
51,71243,,False
51,71246,,False
51,71255,,False
51,71257,,False
51,71264,,False
51,71274,,False
51,71282,,False
51,71285,,False
51,71294,,False
51,71324,,False
51,71335,,False
51,71340,,False
51,71341,,False
51,71352,,False
51,71362,,False
51,71387,,False
51,71400,,False
51,71407,,False
51,71409,,False
51,71415,,False
51,71418,,False
51,71421,,False
51,71423,,False
51,71442,,False
51,71446,,False
51,71447,,False
51,71459,,False
51,71461,,False
51,71466,,False
51,71471,,False
51,71483,,False
51,71486,,False
51,71494,,False
51,71506,,False
51,71507,,False
51,71525,,False
51,71527,,False
51,71536,,False
51,71551,,False
51,71557,,False
51,71561,,False
51,71570,,False
51,71578,,False
51,71587,,False
51,71591,,False
51,71597,,False
51,71605,,False
51,71610,,False
51,71612,,False
51,71614,,False
51,71618,,False
51,71626,,False
51,71629,,False
51,71630,,False
51,71641,,False
51,71645,,False
51,71655,,False
51,71659,,False
51,71664,,False
51,71667,,False
51,71670,,False
51,71680,,False
51,71681,,False
51,71696,,False
51,71708,,False
51,71711,,False
51,71713,,False
51,71716,,False
51,71722,,False
51,71725,,False
51,71728,,False
51,71734,,False
51,71738,,False
51,71741,,False
51,71761,,False
51,71770,,False
51,71780,,False
51,71799,,False
51,71802,,False
51,71808,,False
51,71809,,False
51,71817,,False
51,71832,,False
51,71856,,False
51,71862,,False
51,71873,,False
51,71895,,False
51,71897,,False
51,71910,,False
51,71911,,False
51,71918,,False
51,71920,,False
51,71923,,False
51,71924,,False
51,71926,,False
51,71927,,False
51,71940,,False
51,71945,,False
51,71956,,False
51,71974,,False
51,71979,,False
51,71988,,False
51,71990,,False
51,72001,,False
51,72006,,False
51,72009,,False
51,72014,,False
51,72015,,False
51,72029,,False
51,72039,,False
51,72052,,False
51,72055,,False
51,72064,,False
51,72067,,False
51,72087,,False
51,72090,,False
51,72092,,False
51,72104,,False
51,72111,,False
51,72113,,False
51,72130,,False
51,72132,,False
51,72146,,False
51,72162,,False
51,72169,,False
51,72176,,False
51,72183,,False
51,72194,,False
51,72207,,False
51,72212,,False
51,72214,,False
51,72216,,False
51,72227,,False
51,72238,,False
51,72244,,False
51,72250,,False
51,72253,,False
51,72263,,False
51,72271,,False
51,72272,,False
51,72281,,False
51,72288,,False
51,72297,,False
51,72301,,False
51,72305,,False
51,72317,,False
51,72325,,False
51,72330,,False
51,72335,,False
51,72341,,False
51,72344,,False
51,72348,,False
51,72363,,False
51,72365,,False
51,72372,,False
51,72383,,False
51,72391,,False
51,72393,,False
51,72395,,False
51,72400,,False
51,72403,,False
51,72405,,False
51,72424,,False
51,72433,,False
51,72440,,False
51,72442,,False
51,72444,,False
51,72445,,False
51,72450,,False
51,72491,,False
51,72496,,False
51,72504,,False
51,72512,,False
51,72519,,False
51,72529,,False
51,72536,,False
51,72537,,False
51,72545,,False
51,72555,,False
51,72556,,False
51,72562,,False
51,72566,,False
51,72569,,False
51,72572,,False
51,72583,,False
51,72602,,False
51,72614,,False
51,72618,,False
51,72620,,False
51,72624,,False
51,72636,,False
51,72651,,False
51,72660,,False
51,72661,,False
51,72669,,False
51,72675,,False
51,72690,,False
51,72696,,False
51,72704,,False
51,72707,,False
51,72710,,False
51,72712,,False
51,72716,,False
51,72726,,False
51,72727,,False
51,72733,,False
51,72739,,False
51,72742,,False
51,72745,,False
51,72748,,False
51,72767,,False
51,72768,,False
51,72777,,False
51,72810,,False
51,72812,,False
51,72820,,False
51,72824,,False
51,72838,,False
51,72842,,False
51,72846,,False
51,72854,,False
51,72859,,False
51,72862,,False
51,72866,,False
51,72896,,False
51,72902,,False
51,72910,,False
51,72930,,False
51,72934,,False
51,72936,,False
51,72938,,False
51,72947,,False
51,72955,,False
51,72962,,False
51,72967,,False
51,72969,,False
51,72971,,False
51,72980,,False
51,72997,,False
51,73000,,False
51,73009,,False
51,73012,,False
51,73018,,False
51,73033,,False
51,73055,,False
51,73057,,False
51,73058,,False
51,73069,,False
51,73071,,False
51,73073,,False
51,73077,,False
51,73078,,False
51,73091,,False
51,73112,,False
51,73116,,False
51,73125,,False
51,73133,,False
51,73136,,False
51,73137,,False
51,73145,,False
51,73160,,False
51,73162,,False
51,73175,,False
51,73178,,False
51,73205,,False
51,73208,,False
51,73236,,False
51,73240,,False
51,73258,,False
51,73274,,False
51,73278,,False
51,73303,,False
51,73304,,False
51,73308,,False
51,73309,,False
51,73316,,False
51,73317,,False
51,73318,,False
51,73322,,False
51,73324,,False
51,73326,,False
51,73331,,False
51,73333,,False
51,73338,,False
51,73346,,False
51,73357,,False
51,73362,,False
51,73366,,False
51,73372,,False
51,73388,,False
51,73390,,False
51,73395,,False
51,73399,,False
51,73401,,False
51,73408,,False
51,73413,,False
51,73419,,False
51,73424,,False
51,73426,,False
51,73427,,False
51,73431,,False
51,73459,,False
51,73469,,False
51,73474,,False
51,73491,,False
51,73510,,False
51,73513,,False
51,73527,,False
51,73529,,False
51,73536,,False
51,73557,,False
51,73581,,False
51,73582,,False
51,73583,,False
51,73591,,False
51,73609,,False
51,73619,,False
51,73632,,False
51,73635,,False
51,73650,,False
51,73661,,False
51,73667,,False
51,73689,,False
51,73696,,False
51,73706,,False
51,73713,,False
51,73717,,False
51,73748,,False
51,73750,,False
51,73755,,False
51,73759,,False
51,73768,,False
51,73777,,False
51,73780,,False
51,73814,,False
51,73847,,False
51,73851,,False
51,73861,,False
51,73862,,False
51,73872,,False
51,73895,,False
51,73903,,False
51,73904,,False
51,73906,,False
51,73922,,False
51,73925,,False
51,73929,,False
51,73930,,False
51,73939,,False
51,73940,,False
51,73942,,False
51,73962,,False
51,73968,,False
51,73982,,False
51,73987,,False
51,73995,,False
51,73996,,False
51,74009,,False
51,74011,,False
51,74014,,False
51,74029,,False
51,74032,,False
51,74036,,False
51,74052,,False
51,74069,,False
51,74113,,False
51,74115,,False
51,74122,,False
51,74123,,False
51,74141,,False
51,74151,,False
51,74165,,False
51,74168,,False
51,74172,,False
51,74174,,False
51,74180,,False
51,74189,,False
51,74199,,False
51,74202,,False
51,74209,,False
51,74226,,False
51,74231,,False
51,74238,,False
51,74240,,False
51,74247,,False
51,74249,,False
51,74259,,False
51,74261,,False
51,74265,,False
51,74267,,False
51,74270,,False
51,74272,,False
51,74279,,False
51,74281,,False
51,74285,,False
51,74301,,False
51,74311,,False
51,74312,,False
51,74315,,False
51,74320,,False
51,74324,,False
51,74330,,False
51,74331,,False
51,74335,,False
51,74344,,False
51,74345,,False
51,74353,,False
51,74356,,False
51,74358,,False
51,74373,,False
51,74386,,False
51,74395,,False
51,74406,,False
51,74413,,False
51,74416,,False
51,74427,,False
51,74437,,False
51,74467,,False
51,74473,,False
51,74484,,False
51,74490,,False
51,74504,,False
51,74509,,False
51,74519,,False
51,74530,,False
51,74541,,False
51,74552,,False
51,74561,,False
51,74573,,False
51,74574,,False
51,74576,,False
51,74583,,False
51,74586,,False
51,74604,,False
51,74606,,False
51,74625,,False
51,74629,,False
51,74635,,False
51,74651,,False
51,74656,,False
51,74671,,False
51,74678,,False
51,74679,,False
51,74684,,False
51,74695,,False
51,74722,,False
51,74723,,False
51,74747,,False
51,74762,,False
51,74763,,False
51,74774,,False
51,74787,,False
51,74801,,False
51,74826,,False
51,74842,,False
51,74845,,False
51,74846,,False
51,74852,,False
51,74859,,False
51,74864,,False
51,74873,,False
51,74890,,False
51,74900,,False
51,74907,,False
51,74916,,False
51,74932,,False
51,74945,,False
51,74959,,False
51,74978,,False
51,74984,,False
51,75002,,False
51,75010,,False
51,75013,,False
51,75019,,False
51,75025,,False
51,75028,,False
51,75033,,False
51,75038,,False
51,75051,,False
51,75075,,False
51,75093,,False
51,75094,,False
51,75101,,False
51,75113,,False
51,75119,,False
51,75120,,False
51,75125,,False
51,75127,,False
51,75128,,False
51,75129,,False
51,75136,,False
51,75137,,False
51,75141,,False
51,75146,,False
51,75156,,False
51,75171,,False
51,75178,,False
51,75182,,False
51,75191,,False
51,75196,,False
51,75198,,False
51,75213,,False
51,75225,,False
51,75227,,False
51,75229,,False
51,75230,,False
51,75245,,False
51,75268,,False
51,75273,,False
51,75280,,False
51,75296,,False
51,75303,,False
51,75310,,False
51,75312,,False
51,75313,,False
51,75314,,False
51,75324,,False
51,75325,,False
51,75330,,False
51,75335,,False
51,75347,,False
51,75355,,False
51,75361,,False
51,75366,,False
51,75373,,False
51,75380,,False
51,75384,,False
51,75392,,False
51,75397,,False
51,75401,,False
51,75404,,False
51,75406,,False
51,75410,,False
51,75431,,False
51,75434,,False
51,75438,,False
51,75443,,False
51,75450,,False
51,75451,,False
51,75459,,False
51,75472,,False
51,75476,,False
51,75477,,False
51,75484,,False
51,75485,,False
51,75487,,False
51,75498,,False
51,75503,,False
51,75517,,False
51,75519,,False
51,75522,,False
51,75531,,False
51,75541,,False
51,75552,,False
51,75555,,False
51,75559,,False
51,75565,,False
51,75567,,False
51,75571,,False
51,75572,,False
51,75575,,False
51,75576,,False
51,75589,,False
51,75592,,False
51,75611,,False
51,75623,,False
51,75626,,False
51,75657,,False
51,75664,,False
51,75671,,False
51,75675,,False
51,75684,,False
51,75687,,False
51,75695,,False
51,75716,,False
51,75722,,False
51,75735,,False
51,75756,,False
51,75764,,False
51,75776,,False
51,75777,,False
51,75793,,False
51,75799,,False
51,75801,,False
51,75804,,False
51,75807,,False
51,75816,,False
51,75817,,False
51,75822,,False
51,75826,,False
51,75832,,False
51,75833,,False
51,75834,,False
51,75840,,False
51,75846,,False
51,75850,,False
51,75851,,False
51,75877,,False
51,75886,,False
51,75898,,False
51,75902,,False
51,75930,,False
51,75962,,False
51,75964,,False
51,75971,,False
51,75983,,False
51,75989,,False
51,76004,,False
51,76008,,False
51,76013,,False
51,76015,,False
51,76016,,False
51,76024,,False
51,76032,,False
51,76035,,False
51,76037,,False
51,76052,,False
51,76063,,False
51,76067,,False
51,76068,,False
51,76072,,False
51,76082,,False
51,76094,,False
51,76105,,False
51,76117,,False
51,76155,,False
51,76159,,False
51,76163,,False
51,76166,,False
51,76173,,False
51,76183,,False
51,76188,,False
51,76197,,False
51,76201,,False
51,76207,,False
51,76221,,False
51,76238,,False
51,76247,,False
51,76248,,False
51,76251,,False
51,76254,,False
51,76261,,False
51,76263,,False
51,76264,,False
51,76299,,False
51,76315,,False
51,76337,,False
51,76342,,False
51,76364,,False
51,76368,,False
51,76375,,False
51,76377,,False
51,76378,,False
51,76384,,False
51,76385,,False
51,76390,,False
51,76409,,False
51,76414,,False
51,76432,,False
51,76434,,False
51,76436,,False
51,76457,,False
51,76468,,False
51,76475,,False
51,76479,,False
51,76495,,False
51,76497,,False
51,76515,,False
51,76518,,False
51,76523,,False
51,76528,,False
51,76533,,False
51,76537,,False
51,76541,,False
51,76552,,False
51,76567,,False
51,76579,,False
51,76587,,False
51,76590,,False
51,76596,,False
51,76603,,False
51,76618,,False
51,76621,,False
51,76623,,False
51,76631,,False
51,76643,,False
51,76645,,False
51,76652,,False
51,76657,,False
51,76667,,False
51,76674,,False
51,76678,,False
51,76681,,False
51,76698,,False
51,76703,,False
51,76708,,False
51,76711,,False
51,76725,,False
51,76727,,False
51,76731,,False
51,76748,,False
51,76756,,False
51,76760,,False
51,76763,,False
51,76779,,False
51,76790,,False
51,76797,,False
51,76804,,False
51,76808,,False
51,76815,,False
51,76826,,False
51,76831,,False
51,76843,,False
51,76860,,False
51,76862,,False
51,76864,,False
51,76866,,False
51,76867,,False
51,76878,,False
51,76883,,False
51,76899,,False
51,76903,,False
51,76918,,False
51,76946,,False
51,76960,,False
51,76996,,False
51,76997,,False
51,77001,,False
51,77003,,False
51,77008,,False
51,77051,,False
51,77058,,False
51,77075,,False
51,77077,,False
51,77089,,False
51,77091,,False
51,77099,,False
51,77108,,False
51,77117,,False
51,77118,,False
51,77125,,False
51,77136,,False
51,77137,,False
51,77146,,False
51,77184,,False
51,77190,,False
51,77205,,False
51,77206,,False
51,77210,,False
51,77257,,False
51,77271,,False
51,77276,,False
51,77279,,False
51,77282,,False
51,77290,,False
51,77310,,False
51,77316,,False
51,77339,,False
51,77351,,False
51,77365,,False
51,77385,,False
51,77401,,False
51,77416,,False
51,77419,,False
51,77424,,False
51,77434,,False
51,77439,,False
51,77440,,False
51,77441,,False
51,77445,,False
51,77446,,False
51,77452,,False
51,77455,,False
51,77465,,False
51,77474,,False
51,77475,,False
51,77482,,False
51,77487,,False
51,77507,,False
51,77510,,False
51,77519,,False
51,77526,,False
51,77530,,False
51,77531,,False
51,77535,,False
51,77550,,False
51,77553,,False
51,77555,,False
51,77562,,False
51,77575,,False
51,77576,,False
51,77581,,False
51,77592,,False
51,77600,,False
51,77601,,False
51,77605,,False
51,77610,,False
51,77612,,False
51,77613,,False
51,77615,,False
51,77624,,False
51,77626,,False
51,77627,,False
51,77629,,False
51,77633,,False
51,77650,,False
51,77653,,False
51,77663,,False
51,77669,,False
51,77683,,False
51,77714,,False
51,77718,,False
51,77721,,False
51,77733,,False
51,77739,,False
51,77766,,False
51,77773,,False
51,77778,,False
51,77789,,False
51,77801,,False
51,77809,,False
51,77821,,False
51,77828,,False
51,77830,,False
51,77831,,False
51,77841,,False
51,77845,,False
51,77851,,False
51,77852,,False
51,77853,,False
51,77882,,False
51,77892,,False
51,77903,,False
51,77909,,False
51,77923,,False
51,77925,,False
51,77926,,False
51,77957,,False
51,77960,,False
51,77969,,False
51,77983,,False
51,77996,,False
51,77998,,False
51,77999,,False
51,78002,,False
51,78004,,False
51,78007,,False
51,78016,,False
51,78021,,False
51,78025,,False
51,78032,,False
51,78044,,False
51,78051,,False
51,78060,,False
51,78064,,False
51,78069,,False
51,78071,,False
51,78073,,False
51,78092,,False
51,78101,,False
51,78117,,False
51,78136,,False
51,78157,,False
51,78186,,False
51,78191,,False
51,78192,,False
51,78196,,False
51,78217,,False
51,78224,,False
51,78227,,False
51,78230,,False
51,78234,,False
51,78273,,False
51,78275,,False
51,78307,,False
51,78316,,False
51,78331,,False
51,78337,,False
51,78343,,False
51,78349,,False
51,78386,,False
51,78401,,False
51,78419,,False
51,78425,,False
51,78429,,False
51,78431,,False
51,78436,,False
51,78456,,False
51,78465,,False
51,78475,,False
51,78478,,False
51,78481,,False
51,78482,,False
51,78483,,False
51,78498,,False
51,78504,,False
51,78517,,False
51,78521,,False
51,78529,,False
51,78535,,False
51,78555,,False
51,78564,,False
51,78583,,False
51,78618,,False
51,78628,,False
51,78639,,False
51,78643,,False
51,78647,,False
51,78649,,False
51,78683,,False
51,78685,,False
51,78694,,False
51,78698,,False
51,78702,,False
51,78718,,False
51,78763,,False
51,78771,,False
51,78775,,False
51,78779,,False
51,78795,,False
51,78801,,False
51,78807,,False
51,78831,,False
51,78835,,False
51,78841,,False
51,78846,,False
51,78852,,False
51,78865,,False
51,78885,,False
51,78886,,False
51,78894,,False
51,78902,,False
51,78908,,False
51,78916,,False
51,78921,,False
51,78923,,False
51,78926,,False
51,78931,,False
51,78932,,False
51,78948,,False
51,78956,,False
51,78961,,False
51,78978,,False
51,78996,,False
51,79002,,False
51,79015,,False
51,79039,,False
51,79067,,False
51,79069,,False
51,79074,,False
51,79080,,False
51,79085,,False
51,79086,,False
51,79088,,False
51,79091,,False
51,79108,,False
51,79117,,False
51,79126,,False
51,79139,,False
51,79152,,False
51,79155,,False
51,79158,,False
51,79160,,False
51,79174,,False
51,79177,,False
51,79185,,False
51,79195,,False
51,79200,,False
51,79211,,False
51,79212,,False
51,79218,,False
51,79221,,False
51,79225,,False
51,79229,,False
51,79230,,False
51,79240,,False
51,79249,,False
51,79254,,False
51,79266,,False
51,79269,,False
51,79282,,False
51,79283,,False
51,79290,,False
51,79295,,False
51,79304,,False
51,79306,,False
51,79308,,False
51,79311,,False
51,79315,,False
51,79341,,False
51,79356,,False
51,79374,,False
51,79382,,False
51,79383,,False
51,79401,,False
51,79405,,False
51,79406,,False
51,79416,,False
51,79420,,False
51,79422,,False
51,79433,,False
51,79442,,False
51,79448,,False
51,79464,,False
51,79488,,False
51,79497,,False
51,79498,,False
51,79500,,False
51,79504,,False
51,79524,,False
51,79526,,False
51,79532,,False
51,79535,,False
51,79548,,False
51,79551,,False
51,79554,,False
51,79561,,False
51,79584,,False
51,79594,,False
51,79598,,False
51,79601,,False
51,79606,,False
51,79608,,False
51,79614,,False
51,79616,,False
51,79624,,False
51,79636,,False
51,79638,,False
51,79642,,False
51,79646,,False
51,79658,,False
51,79659,,False
51,79662,,False
51,79670,,False
51,79676,,False
51,79680,,False
51,79682,,False
51,79699,,False
51,79702,,False
51,79707,,False
51,79713,,False
51,79719,,False
51,79720,,False
51,79724,,False
51,79727,,False
51,79737,,False
51,79743,,False
51,79745,,False
51,79750,,False
51,79752,,False
51,79762,,False
51,79767,,False
51,79773,,False
51,79775,,False
51,79777,,False
51,79783,,False
51,79792,,False
51,79808,,False
51,79815,,False
51,79818,,False
51,79824,,False
51,79829,,False
51,79839,,False
51,79851,,False
51,79861,,False
51,79894,,False
51,79905,,False
51,79915,,False
51,79919,,False
51,79925,,False
51,79949,,False
51,79953,,False
51,79961,,False
51,79973,,False
51,80006,,False
51,80023,,False
51,80041,,False
51,80056,,False
51,80070,,False
51,80071,,False
51,80072,,False
51,80085,,False
51,80090,,False
51,80095,,False
51,80102,,False
51,80108,,False
51,80129,,False
51,80140,,False
51,80145,,False
51,80155,,False
51,80167,,False
51,80189,,False
51,80197,,False
51,80204,,False
51,80206,,False
51,80212,,False
51,80237,,False
51,80247,,False
51,80258,,False
51,80263,,False
51,80282,,False
51,80283,,False
51,80287,,False
51,80291,,False
51,80292,,False
51,80299,,False
51,80302,,False
51,80311,,False
51,80322,,False
51,80329,,False
51,80362,,False
51,80365,,False
51,80368,,False
51,80373,,False
51,80377,,False
51,80390,,False
51,80394,,False
51,80402,,False
51,80409,,False
51,80413,,False
51,80426,,False
51,80427,,False
51,80431,,False
51,80432,,False
51,80435,,False
51,80438,,False
51,80448,,False
51,80451,,False
51,80452,,False
51,80455,,False
51,80458,,False
51,80463,,False
51,80472,,False
51,80478,,False
51,80486,,False
51,80494,,False
51,80498,,False
51,80522,,False
51,80524,,False
51,80528,,False
51,80529,,False
51,80535,,False
51,80551,,False
51,80554,,False
51,80557,,False
51,80560,,False
51,80562,,False
51,80570,,False
51,80574,,False
51,80575,,False
51,80596,,False
51,80603,,False
51,80604,,False
51,80613,,False
51,80617,,False
51,80632,,False
51,80636,,False
51,80642,,False
51,80643,,False
51,80653,,False
51,80659,,False
51,80669,,False
51,80670,,False
51,80672,,False
51,80683,,False
51,80688,,False
51,80703,,False
51,80713,,False
51,80718,,False
51,80733,,False
51,80750,,False
51,80753,,False
51,80754,,False
51,80764,,False
51,80785,,False
51,80787,,False
51,80791,,False
51,80804,,False
51,80806,,False
51,80828,,False
51,80831,,False
51,80832,,False
51,80839,,False
51,80848,,False
51,80854,,False
51,80879,,False
51,80885,,False
51,80892,,False
51,80896,,False
51,80897,,False
51,80901,,False
51,80903,,False
51,80908,,False
51,80956,,False
51,80962,,False
51,80983,,False
51,80991,,False
51,80993,,False
51,80995,,False
51,81013,,False
51,81018,,False
51,81021,,False
51,81030,,False
51,81046,,False
51,81050,,False
51,81066,,False
51,81080,,False
51,81085,,False
51,81091,,False
51,81099,,False
51,81102,,False
51,81104,,False
51,81118,,False
51,81126,,False
51,81127,,False
51,81139,,False
51,81145,,False
51,81181,,False
51,81190,,False
51,81196,,False
51,81197,,False
51,81199,,False
51,81200,,False
51,81201,,False
51,81208,,False
51,81210,,False
51,81211,,False
51,81220,,False
51,81232,,False
51,81236,,False
51,81249,,False
51,81250,,False
51,81258,,False
51,81259,,False
51,81260,,False
51,81266,,False
51,81280,,False
51,81282,,False
51,81297,,False
51,81300,,False
51,81301,,False
51,81305,,False
51,81321,,False
51,81322,,False
51,81326,,False
51,81331,,False
51,81352,,False
51,81363,,False
51,81374,,False
51,81380,,False
51,81387,,False
51,81400,,False
51,81406,,False
51,81409,,False
51,81416,,False
51,81430,,False
51,81435,,False
51,81437,,False
51,81438,,False
51,81445,,False
51,81448,,False
51,81460,,False
51,81465,,False
51,81467,,False
51,81473,,False
51,81474,,False
51,81479,,False
51,81485,,False
51,81490,,False
51,81492,,False
51,81495,,False
51,81498,,False
51,81503,,False
51,81505,,False
51,81525,,False
51,81530,,False
51,81532,,False
51,81533,,False
51,81539,,False
51,81542,,False
51,81551,,False
51,81557,,False
51,81558,,False
51,81576,,False
51,81594,,False
51,81607,,False
51,81609,,False
51,81623,,False
51,81631,,False
51,81638,,False
51,81640,,False
51,81647,,False
51,81656,,False
51,81657,,False
51,81659,,False
51,81691,,False
51,81700,,False
51,81702,,False
51,81712,,False
51,81718,,False
51,81737,,False
51,81741,,False
51,81745,,False
51,81748,,False
51,81762,,False
51,81773,,False
51,81774,,False
51,81780,,False
51,81787,,False
51,81802,,False
51,81807,,False
51,81810,,False
51,81828,,False
51,81839,,False
51,81842,,False
51,81846,,False
51,81847,,False
51,81848,,False
51,81852,,False
51,81855,,False
51,81876,,False
51,81885,,False
51,81907,,False
51,81917,,False
51,81926,,False
51,81945,,False
51,81956,,False
51,81963,,False
51,81970,,False
51,81974,,False
51,81975,,False
51,81978,,False
51,81984,,False
51,81986,,False
51,81987,,False
51,82001,,False
51,82002,,False
51,82006,,False
51,82010,,False
51,82011,,False
51,82017,,False
51,82020,,False
51,82023,,False
51,82024,,False
51,82040,,False
51,82050,,False
51,82054,,False
51,82067,,False
51,82070,,False
51,82090,,False
51,82096,,False
51,82097,,False
51,82111,,False
51,82122,,False
51,82139,,False
51,82150,,False
51,82158,,False
51,82159,,False
51,82166,,False
51,82174,,False
51,82197,,False
51,82206,,False
51,82221,,False
51,82222,,False
51,82224,,False
51,82227,,False
51,82236,,False
51,82237,,False
51,82242,,False
51,82243,,False
51,82257,,False
51,82258,,False
51,82274,,False
51,82276,,False
51,82281,,False
51,82287,,False
51,82307,,False
51,82321,,False
51,82324,,False
51,82331,,False
51,82342,,False
51,82347,,False
51,82352,,False
51,82358,,False
51,82364,,False
51,82371,,False
51,82379,,False
51,82383,,False
51,82384,,False
51,82391,,False
51,82392,,False
51,82398,,False
51,82401,,False
51,82413,,False
51,82419,,False
51,82428,,False
51,82429,,False
51,82433,,False
51,82450,,False
51,82457,,False
51,82458,,False
51,82461,,False
51,82464,,False
51,82492,,False
51,82511,,False
51,82517,,False
51,82520,,False
51,82528,,False
51,82535,,False
51,82536,,False
51,82553,,False
51,82573,,False
51,82587,,False
51,82589,,False
51,82590,,False
51,82600,,False
51,82605,,False
51,82622,,False
51,82628,,False
51,82633,,False
51,82635,,False
51,82650,,False
51,82653,,False
51,82672,,False
51,82698,,False
51,82709,,False
51,82710,,False
51,82717,,False
51,82728,,False
51,82735,,False
51,82743,,False
51,82760,,False
51,82772,,False
51,82780,,False
51,82786,,False
51,82804,,False
51,82808,,False
51,82818,,False
51,82823,,False
51,82825,,False
51,82836,,False
51,82842,,False
51,82850,,False
51,82852,,False
51,82855,,False
51,82857,,False
51,82862,,False
51,82865,,False
51,82866,,False
51,82868,,False
51,82870,,False
51,82871,,False
51,82873,,False
51,82875,,False
51,82877,,False
51,82881,,False
51,82901,,False
51,82903,,False
51,82905,,False
51,82911,,False
51,82925,,False
51,82943,,False
51,82951,,False
51,82956,,False
51,82958,,False
51,82960,,False
51,82969,,False
51,82970,,False
51,82976,,False
51,82977,,False
51,82978,,False
51,82985,,False
51,82991,,False
51,82993,,False
51,83006,,False
51,83011,,False
51,83015,,False
51,83019,,False
51,83022,,False
51,83040,,False
51,83045,,False
51,83052,,False
51,83070,,False
51,83083,,False
51,83111,,False
51,83116,,False
51,83140,,False
51,83141,,False
51,83147,,False
51,83181,,False
51,83182,,False
51,83186,,False
51,83193,,False
51,83199,,False
51,83206,,False
51,83208,,False
51,83213,,False
51,83223,,False
51,83234,,False
51,83235,,False
51,83237,,False
51,83243,,False
51,83250,,False
51,83263,,False
51,83283,,False
51,83302,,False
51,83304,,False
51,83306,,False
51,83319,,False
51,83320,,False
51,83335,,False
51,83341,,False
51,83346,,False
51,83358,,False
51,83359,,False
51,83372,,False
51,83381,,False
51,83385,,False
51,83391,,False
51,83395,,False
51,83407,,False
51,83417,,False
51,83423,,False
51,83427,,False
51,83431,,False
51,83437,,False
51,83446,,False
51,83458,,False
51,83469,,False
51,83485,,False
51,83499,,False
51,83503,,False
51,83505,,False
51,83508,,False
51,83512,,False
51,83536,,False
51,83543,,False
51,83546,,False
51,83550,,False
51,83553,,False
51,83559,,False
51,83562,,False
51,83563,,False
51,83577,,False
51,83580,,False
51,83588,,False
51,83610,,False
51,83618,,False
51,83635,,False
51,83644,,False
51,83646,,False
51,83653,,False
51,83663,,False
51,83666,,False
51,83674,,False
51,83675,,False
51,83694,,False
51,83702,,False
51,83713,,False
51,83734,,False
51,83737,,False
51,83745,,False
51,83754,,False
51,83756,,False
51,83763,,False
51,83766,,False
51,83773,,False
51,83786,,False
51,83790,,False
51,83794,,False
51,83798,,False
51,83800,,False
51,83809,,False
51,83821,,False
51,83824,,False
51,83830,,False
51,83849,,False
51,83852,,False
51,83873,,False
51,83882,,False
51,83884,,False
51,83885,,False
51,83887,,False
51,83890,,False
51,83898,,False
51,83901,,False
51,83913,,False
51,83931,,False
51,83934,,False
51,83935,,False
51,83950,,False
51,83978,,False
51,83986,,False
51,83991,,False
51,84006,,False
51,84019,,False
51,84026,,False
51,84027,,False
51,84041,,False
51,84048,,False
51,84052,,False
51,84057,,False
51,84065,,False
51,84070,,False
51,84082,,False
51,84083,,False
51,84085,,False
51,84089,,False
51,84090,,False
51,84093,,False
51,84095,,False
51,84096,,False
51,84098,,False
51,84115,,False
51,84121,,False
51,84125,,False
51,84129,,False
51,84131,,False
51,84164,,False
51,84165,,False
51,84167,,False
51,84177,,False
51,84185,,False
51,84193,,False
51,84195,,False
51,84201,,False
51,84202,,False
51,84224,,False
51,84227,,False
51,84229,,False
51,84240,,False
51,84246,,False
51,84252,,False
51,84256,,False
51,84266,,False
51,84272,,False
51,84274,,False
51,84276,,False
51,84280,,False
51,84284,,False
51,84289,,False
51,84293,,False
51,84296,,False
51,84299,,False
51,84302,,False
51,84303,,False
51,84309,,False
51,84317,,False
51,84326,,False
51,84334,,False
51,84336,,False
51,84342,,False
51,84348,,False
51,84352,,False
51,84355,,False
51,84363,,False
51,84373,,False
51,84377,,False
51,84393,,False
51,84434,,False
51,84437,,False
51,84441,,False
51,84450,,False
51,84452,,False
51,84453,,False
51,84478,,False
51,84483,,False
51,84488,,False
51,84490,,False
51,84503,,False
51,84516,,False
51,84532,,False
51,84542,,False
51,84549,,False
51,84568,,False
51,84594,,False
51,84610,,False
51,84612,,False
51,84614,,False
51,84618,,False
51,84636,,False
51,84657,,False
51,84658,,False
51,84662,,False
51,84665,,False
51,84668,,False
51,84670,,False
51,84673,,False
51,84681,,False
51,84701,,False
51,84713,,False
51,84721,,False
51,84728,,False
51,84733,,False
51,84738,,False
51,84775,,False
51,84780,,False
51,84781,,False
51,84782,,False
51,84784,,False
51,84786,,False
51,84787,,False
51,84791,,False
51,84794,,False
51,84796,,False
51,84802,,False
51,84817,,False
51,84820,,False
51,84826,,False
51,84830,,False
51,84832,,False
51,84835,,False
51,84837,,False
51,84842,,False
51,84843,,False
51,84871,,False
51,84884,,False
51,84888,,False
51,84899,,False
51,84902,,False
51,84904,,False
51,84905,,False
51,84910,,False
51,84916,,False
51,84932,,False
51,84946,,False
51,84950,,False
51,84962,,False
51,84968,,False
51,84971,,False
51,84998,,False
51,85001,,False
51,85002,,False
51,85010,,False
51,85027,,False
51,85037,,False
51,85044,,False
51,85045,,False
51,85055,,False
51,85061,,False
51,85069,,False
51,85070,,False
51,85078,,False
51,85079,,False
51,85085,,False
51,85096,,False
51,85099,,False
51,85101,,False
51,85103,,False
51,85109,,False
51,85111,,False
51,85117,,False
51,85136,,False
51,85138,,False
51,85145,,False
51,85147,,False
51,85167,,False
51,85175,,False
51,85194,,False
51,85199,,False
51,85210,,False
51,85211,,False
51,85231,,False
51,85233,,False
51,85235,,False
51,85238,,False
51,85246,,False
51,85248,,False
51,85276,,False
51,85280,,False
51,85300,,False
51,85302,,False
51,85308,,False
51,85312,,False
51,85319,,False
51,85328,,False
51,85330,,False
51,85355,,False
51,85358,,False
51,85364,,False
51,85402,,False
51,85411,,False
51,85416,,False
51,85448,,False
51,85453,,False
51,85466,,False
51,85474,,False
51,85475,,False
51,85490,,False
51,85493,,False
51,85500,,False
51,85513,,False
51,85523,,False
51,85539,,False
51,85557,,False
51,85565,,False
51,85590,,False
51,85603,,False
51,85627,,False
51,85646,,False
51,85649,,False
51,85651,,False
51,85656,,False
51,85657,,False
51,85661,,False
51,85666,,False
51,85668,,False
51,85673,,False
51,85684,,False
51,85688,,False
51,85703,,False
51,85708,,False
51,85727,,False
51,85735,,False
51,85740,,False
51,85748,,False
51,85757,,False
51,85759,,False
51,85762,,False
51,85767,,False
51,85780,,False
51,85782,,False
51,85794,,False
51,85798,,False
51,85800,,False
51,85811,,False
51,85816,,False
51,85824,,False
51,85839,,False
51,85850,,False
51,85851,,False
51,85859,,False
51,85867,,False
51,85909,,False
51,85918,,False
51,85934,,False
51,85937,,False
51,85942,,False
51,85943,,False
51,85954,,False
51,85965,,False
51,85999,,False
51,86001,,False
51,86016,,False
51,86020,,False
51,86036,,False
51,86045,,False
51,86056,,False
51,86058,,False
51,86066,,False
51,86086,,False
51,86099,,False
51,86116,,False
51,86129,,False
51,86145,,False
51,86159,,False
51,86164,,False
51,86169,,False
51,86180,,False
51,86185,,False
51,86188,,False
51,86190,,False
51,86194,,False
51,86196,,False
51,86198,,False
51,86214,,False
51,86217,,False
51,86222,,False
51,86264,,False
51,86269,,False
51,86275,,False
51,86277,,False
51,86295,,False
51,86299,,False
51,86312,,False
51,86330,,False
51,86331,,False
51,86334,,False
51,86344,,False
51,86352,,False
51,86359,,False
51,86366,,False
51,86383,,False
51,86397,,False
51,86420,,False
51,86426,,False
51,86428,,False
51,86432,,False
51,86439,,False
51,86442,,False
51,86446,,False
51,86463,,False
51,86466,,False
51,86469,,False
51,86471,,False
51,86477,,False
51,86490,,False
51,86500,,False
51,86534,,False
51,86535,,False
51,86540,,False
51,86546,,False
51,86550,,False
51,86553,,False
51,86568,,False
51,86578,,False
51,86596,,False
51,86608,,False
51,86612,,False
51,86617,,False
51,86627,,False
51,86635,,False
51,86638,,False
51,86655,,False
51,86658,,False
51,86683,,False
51,86690,,False
51,86691,,False
51,86694,,False
51,86696,,False
51,86698,,False
51,86702,,False
51,86704,,False
51,86712,,False
51,86716,,False
51,86723,,False
51,86740,,False
51,86745,,False
51,86748,,False
51,86753,,False
51,86762,,False
51,86771,,False
51,86777,,False
51,86790,,False
51,86791,,False
51,86796,,False
51,86800,,False
51,86801,,False
51,86802,,False
51,86804,,False
51,86813,,False
51,86825,,False
51,86843,,False
51,86846,,False
51,86876,,False
51,86884,,False
51,86892,,False
51,86907,,False
51,86909,,False
51,86915,,False
51,86937,,False
51,86942,,False
51,86946,,False
51,86947,,False
51,86949,,False
51,86962,,False
51,86969,,False
51,86973,,False
51,86979,,False
51,86986,,False
51,86987,,False
51,86988,,False
51,86995,,False
51,87011,,False
51,87034,,False
51,87062,,False
51,87068,,False
51,87069,,False
51,87076,,False
51,87089,,False
51,87090,,False
51,87098,,False
51,87099,,False
51,87105,,False
51,87108,,False
51,87119,,False
51,87122,,False
51,87125,,False
51,87129,,False
51,87151,,False
51,87152,,False
51,87157,,False
51,87161,,False
51,87168,,False
51,87175,,False
51,87178,,False
51,87191,,False
51,87200,,False
51,87201,,False
51,87214,,False
51,87215,,False
51,87221,,False
51,87230,,False
51,87250,,False
51,87262,,False
51,87264,,False
51,87266,,False
51,87289,,False
51,87296,,False
51,87311,,False
51,87322,,False
51,87323,,False
51,87325,,False
51,87329,,False
51,87340,,False
51,87346,,False
51,87349,,False
51,87362,,False
51,87364,,False
51,87368,,False
51,87372,,False
51,87373,,False
51,87375,,False
51,87379,,False
51,87393,,False
51,87397,,False
51,87405,,False
51,87409,,False
51,87410,,False
51,87417,,False
51,87434,,False
51,87458,,False
51,87473,,False
51,87475,,False
51,87480,,False
51,87486,,False
51,87492,,False
51,87509,,False
51,87513,,False
51,87514,,False
51,87522,,False
51,87540,,False
51,87553,,False
51,87566,,False
51,87570,,False
51,87576,,False
51,87583,,False
51,87585,,False
51,87618,,False
51,87631,,False
51,87648,,False
51,87667,,False
51,87672,,False
51,87677,,False
51,87686,,False
51,87693,,False
51,87694,,False
51,87707,,False
51,87730,,False
51,87753,,False
51,87759,,False
51,87767,,False
51,87772,,False
51,87776,,False
51,87779,,False
51,87784,,False
51,87791,,False
51,87800,,False
51,87803,,False
51,87808,,False
51,87813,,False
51,87818,,False
51,87829,,False
51,87830,,False
51,87847,,False
51,87882,,False
51,87888,,False
51,87901,,False
51,87904,,False
51,87909,,False
51,87916,,False
51,87923,,False
51,87929,,False
51,87933,,False
51,87935,,False
51,87942,,False
51,87943,,False
51,87945,,False
51,87946,,False
51,87952,,False
51,87954,,False
51,87963,,False
51,87969,,False
51,87970,,False
51,87972,,False
51,87975,,False
51,87976,,False
51,87978,,False
51,88006,,False
51,88024,,False
51,88028,,False
51,88050,,False
51,88063,,False
51,88071,,False
51,88073,,False
51,88074,,False
51,88078,,False
51,88088,,False
51,88103,,False
51,88115,,False
51,88134,,False
51,88137,,False
51,88142,,False
51,88155,,False
51,88160,,False
51,88163,,False
51,88179,,False
51,88184,,False
51,88192,,False
51,88196,,False
51,88199,,False
51,88208,,False
51,88240,,False
51,88270,,False
51,88271,,False
51,88275,,False
51,88283,,False
51,88284,,False
51,88310,,False
51,88330,,False
51,88333,,False
51,88338,,False
51,88339,,False
51,88349,,False
51,88350,,False
51,88353,,False
51,88368,,False
51,88381,,False
51,88382,,False
51,88399,,False
51,88404,,False
51,88410,,False
51,88430,,False
51,88436,,False
51,88447,,False
51,88450,,False
51,88467,,False
51,88473,,False
51,88478,,False
51,88497,,False
51,88500,,False
51,88502,,False
51,88503,,False
51,88504,,False
51,88520,,False
51,88534,,False
51,88538,,False
51,88540,,False
51,88541,,False
51,88544,,False
51,88549,,False
51,88557,,False
51,88566,,False
51,88567,,False
51,88595,,False
51,88622,,False
51,88625,,False
51,88629,,False
51,88640,,False
51,88658,,False
51,88662,,False
51,88666,,False
51,88673,,False
51,88678,,False
51,88694,,False
51,88699,,False
51,88700,,False
51,88706,,False
51,88717,,False
51,88721,,False
51,88728,,False
51,88732,,False
51,88742,,False
51,88743,,False
51,88744,,False
51,88753,,False
51,88757,,False
51,88760,,False
51,88761,,False
51,88768,,False
51,88773,,False
51,88784,,False
51,88796,,False
51,88800,,False
51,88840,,False
51,88853,,False
51,88860,,False
51,88862,,False
51,88864,,False
51,88865,,False
51,88866,,False
51,88872,,False
51,88874,,False
51,88888,,False
51,88903,,False
51,88905,,False
51,88907,,False
51,88908,,False
51,88912,,False
51,88915,,False
51,88922,,False
51,88923,,False
51,88924,,False
51,88926,,False
51,88930,,False
51,88937,,False
51,88950,,False
51,88969,,False
51,88970,,False
51,88971,,False
51,88977,,False
51,88978,,False
51,88980,,False
51,88981,,False
51,88984,,False
51,88986,,False
51,88998,,False
51,89003,,False
51,89015,,False
51,89028,,False
51,89041,,False
51,89047,,False
51,89063,,False
51,89066,,False
51,89069,,False
51,89077,,False
51,89093,,False
51,89100,,False
51,89106,,False
51,89109,,False
51,89116,,False
51,89124,,False
51,89149,,False
51,89157,,False
51,89164,,False
51,89166,,False
51,89167,,False
51,89172,,False
51,89201,,False
51,89208,,False
51,89220,,False
51,89232,,False
51,89245,,False
51,89251,,False
51,89269,,False
51,89277,,False
51,89279,,False
51,89294,,False
51,89299,,False
51,89308,,False
51,89315,,False
51,89324,,False
51,89329,,False
51,89337,,False
51,89342,,False
51,89349,,False
51,89363,,False
51,89368,,False
51,89378,,False
51,89383,,False
51,89389,,False
51,89399,,False
51,89411,,False
51,89419,,False
51,89447,,False
51,89456,,False
51,89463,,False
51,89465,,False
51,89467,,False
51,89480,,False
51,89488,,False
51,89490,,False
51,89491,,False
51,89493,,False
51,89498,,False
51,89502,,False
51,89510,,False
51,89514,,False
51,89517,,False
51,89521,,False
51,89525,,False
51,89536,,False
51,89545,,False
51,89547,,False
51,89558,,False
51,89566,,False
51,89575,,False
51,89577,,False
51,89581,,False
51,89585,,False
51,89604,,False
51,89609,,False
51,89613,,False
51,89620,,False
51,89629,,False
51,89649,,False
51,89655,,False
51,89657,,False
51,89663,,False
51,89669,,False
51,89675,,False
51,89681,,False
51,89683,,False
51,89692,,False
51,89694,,False
51,89699,,False
51,89718,,False
51,89725,,False
51,89729,,False
51,89730,,False
51,89731,,False
51,89740,,False
51,89742,,False
51,89745,,False
51,89749,,False
51,89752,,False
51,89754,,False
51,89786,,False
51,89788,,False
51,89794,,False
51,89806,,False
51,89822,,False
51,89828,,False
51,89854,,False
51,89867,,False
51,89868,,False
51,89870,,False
51,89878,,False
51,89881,,False
51,89891,,False
51,89892,,False
51,89900,,False
51,89902,,False
51,89913,,False
51,89937,,False
51,89939,,False
51,89943,,False
51,89963,,False
51,89967,,False
51,89973,,False
51,89982,,False
51,89985,,False
51,89988,,False
51,89996,,False
51,89998,,False
51,90000,,False
51,90005,,False
51,90010,,False
51,90015,,False
51,90020,,False
51,90038,,False
51,90041,,False
51,90049,,False
51,90060,,False
51,90061,,False
51,90068,,False
51,90069,,False
51,90071,,False
51,90073,,False
51,90075,,False
51,90086,,False
51,90094,,False
51,90101,,False
51,90104,,False
51,90117,,False
51,90131,,False
51,90134,,False
51,90135,,False
51,90149,,False
51,90150,,False
51,90156,,False
51,90157,,False
51,90172,,False
51,90175,,False
51,90178,,False
51,90193,,False
51,90196,,False
51,90199,,False
51,90220,,False
51,90221,,False
51,90223,,False
51,90237,,False
51,90241,,False
51,90243,,False
51,90259,,False
51,90260,,False
51,90269,,False
51,90270,,False
51,90271,,False
51,90273,,False
51,90275,,False
51,90277,,False
51,90279,,False
51,90282,,False
51,90284,,False
51,90287,,False
51,90300,,False
51,90307,,False
51,90308,,False
51,90314,,False
51,90319,,False
51,90320,,False
51,90325,,False
51,90335,,False
51,90337,,False
51,90344,,False
51,90353,,False
51,90384,,False
51,90391,,False
51,90394,,False
51,90396,,False
51,90400,,False
51,90403,,False
51,90405,,False
51,90408,,False
51,90420,,False
51,90455,,False
51,90456,,False
51,90485,,False
51,90504,,False
51,90515,,False
51,90518,,False
51,90523,,False
51,90532,,False
51,90541,,False
51,90549,,False
51,90552,,False
51,90555,,False
51,90557,,False
51,90559,,False
51,90560,,False
51,90571,,False
51,90580,,False
51,90590,,False
51,90615,,False
51,90617,,False
51,90618,,False
51,90626,,False
51,90633,,False
51,90651,,False
51,90658,,False
51,90661,,False
51,90663,,False
51,90671,,False
51,90687,,False
51,90701,,False
51,90714,,False
51,90721,,False
51,90733,,False
51,90745,,False
51,90755,,False
51,90759,,False
51,90766,,False
51,90777,,False
51,90781,,False
51,90788,,False
51,90799,,False
51,90805,,False
51,90816,,False
51,90829,,False
51,90837,,False
51,90846,,False
51,90848,,False
51,90853,,False
51,90863,,False
51,90865,,False
51,90903,,False
51,90916,,False
51,90919,,False
51,90922,,False
51,90931,,False
51,90940,,False
51,90949,,False
51,90960,,False
51,90976,,False
51,90979,,False
51,90993,,False
51,90996,,False
51,90999,,False
51,91020,,False
51,91028,,False
51,91034,,False
51,91041,,False
51,91051,,False
51,91060,,False
51,91064,,False
51,91068,,False
51,91075,,False
51,91091,,False
51,91096,,False
51,91099,,False
51,91131,,False
51,91139,,False
51,91156,,False
51,91161,,False
51,91168,,False
51,91177,,False
51,91181,,False
51,91182,,False
51,91191,,False
51,91213,,False
51,91217,,False
51,91218,,False
51,91220,,False
51,91222,,False
51,91223,,False
51,91239,,False
51,91253,,False
51,91256,,False
51,91258,,False
51,91277,,False
51,91278,,False
51,91295,,False
51,91314,,False
51,91318,,False
51,91322,,False
51,91328,,False
51,91334,,False
51,91343,,False
51,91347,,False
51,91351,,False
51,91363,,False
51,91371,,False
51,91374,,False
51,91389,,False
51,91394,,False
51,91396,,False
51,91399,,False
51,91407,,False
51,91439,,False
51,91462,,False
51,91463,,False
51,91471,,False
51,91485,,False
51,91486,,False
51,91492,,False
51,91494,,False
51,91495,,False
51,91503,,False
51,91506,,False
51,91528,,False
51,91537,,False
51,91556,,False
51,91565,,False
51,91575,,False
51,91579,,False
51,91585,,False
51,91590,,False
51,91601,,False
51,91612,,False
51,91616,,False
51,91624,,False
51,91625,,False
51,91627,,False
51,91635,,False
51,91650,,False
51,91655,,False
51,91662,,False
51,91664,,False
51,91690,,False
51,91702,,False
51,91704,,False
51,91705,,False
51,91714,,False
51,91729,,False
51,91730,,False
51,91739,,False
51,91741,,False
51,91746,,False
51,91756,,False
51,91757,,False
51,91759,,False
51,91763,,False
51,91772,,False
51,91776,,False
51,91784,,False
51,91790,,False
51,91798,,False
51,91803,,False
51,91809,,False
51,91823,,False
51,91827,,False
51,91834,,False
51,91836,,False
51,91844,,False
51,91848,,False
51,91854,,False
51,91864,,False
51,91876,,False
51,91881,,False
51,91891,,False
51,91908,,False
51,91917,,False
51,91920,,False
51,91926,,False
51,91928,,False
51,91941,,False
51,91972,,False
51,91978,,False
51,91983,,False
51,91990,,False
51,91995,,False
51,92006,,False
51,92026,,False
51,92044,,False
51,92048,,False
51,92049,,False
51,92055,,False
51,92076,,False
51,92093,,False
51,92104,,False
51,92113,,False
51,92116,,False
51,92142,,False
51,92166,,False
51,92171,,False
51,92183,,False
51,92185,,False
51,92188,,False
51,92189,,False
51,92191,,False
51,92198,,False
51,92202,,False
51,92220,,False
51,92225,,False
51,92232,,False
51,92237,,False
51,92238,,False
51,92243,,False
51,92244,,False
51,92249,,False
51,92252,,False
51,92263,,False
51,92273,,False
51,92274,,False
51,92284,,False
51,92285,,False
51,92286,,False
51,92310,,False
51,92317,,False
51,92318,,False
51,92332,,False
51,92336,,False
51,92339,,False
51,92342,,False
51,92345,,False
51,92363,,False
51,92367,,False
51,92372,,False
51,92376,,False
51,92379,,False
51,92392,,False
51,92405,,False
51,92409,,False
51,92440,,False
51,92444,,False
51,92487,,False
51,92503,,False
51,92506,,False
51,92520,,False
51,92522,,False
51,92525,,False
51,92535,,False
51,92541,,False
51,92556,,False
51,92558,,False
51,92564,,False
51,92568,,False
51,92580,,False
51,92583,,False
51,92588,,False
51,92602,,False
51,92603,,False
51,92609,,False
51,92615,,False
51,92636,,False
51,92645,,False
51,92648,,False
51,92661,,False
51,92671,,False
51,92677,,False
51,92732,,False
51,92741,,False
51,92753,,False
51,92764,,False
51,92780,,False
51,92784,,False
51,92787,,False
51,92792,,False
51,92794,,False
51,92804,,False
51,92806,,False
51,92811,,False
51,92821,,False
51,92841,,False
51,92848,,False
51,92885,,False
51,92896,,False
51,92917,,False
51,92920,,False
51,92925,,False
51,92944,,False
51,92955,,False
51,92964,,False
51,92965,,False
51,92974,,False
51,92978,,False
51,92985,,False
51,92987,,False
51,92988,,False
51,92997,,False
51,92999,,False
51,93000,,False
51,93008,,False
51,93015,,False
51,93018,,False
51,93038,,False
51,93050,,False
51,93063,,False
51,93069,,False
51,93079,,False
51,93081,,False
51,93082,,False
51,93089,,False
51,93094,,False
51,93111,,False
51,93116,,False
51,93119,,False
51,93121,,False
51,93136,,False
51,93144,,False
51,93154,,False
51,93161,,False
51,93165,,False
51,93177,,False
51,93191,,False
51,93192,,False
51,93196,,False
51,93199,,False
51,93207,,False
51,93209,,False
51,93215,,False
51,93221,,False
51,93229,,False
51,93239,,False
51,93241,,False
51,93244,,False
51,93255,,False
51,93256,,False
51,93262,,False
51,93286,,False
51,93295,,False
51,93321,,False
51,93331,,False
51,93334,,False
51,93341,,False
51,93342,,False
51,93363,,False
51,93368,,False
51,93369,,False
51,93379,,False
51,93394,,False
51,93400,,False
51,93426,,False
51,93436,,False
51,93444,,False
51,93447,,False
51,93461,,False
51,93485,,False
51,93490,,False
51,93506,,False
51,93509,,False
51,93512,,False
51,93516,,False
51,93517,,False
51,93533,,False
51,93534,,False
51,93536,,False
51,93538,,False
51,93542,,False
51,93555,,False
51,93560,,False
51,93563,,False
51,93575,,False
51,93583,,False
51,93586,,False
51,93588,,False
51,93604,,False
51,93618,,False
51,93627,,False
51,93637,,False
51,93644,,False
51,93670,,False
51,93679,,False
51,93683,,False
51,93686,,False
51,93687,,False
51,93691,,False
51,93694,,False
51,93696,,False
51,93698,,False
51,93703,,False
51,93707,,False
51,93731,,False
51,93733,,False
51,93737,,False
51,93746,,False
51,93759,,False
51,93761,,False
51,93765,,False
51,93770,,False
51,93775,,False
51,93781,,False
51,93793,,False
51,93814,,False
51,93819,,False
51,93832,,False
51,93839,,False
51,93848,,False
51,93849,,False
51,93859,,False
51,93865,,False
51,93867,,False
51,93872,,False
51,93873,,False
51,93876,,False
51,93882,,False
51,93895,,False
51,93898,,False
51,93909,,False
51,93915,,False
51,93916,,False
51,93929,,False
51,93934,,False
51,93941,,False
51,93948,,False
51,93951,,False
51,93954,,False
51,93957,,False
51,93962,,False
51,93965,,False
51,93966,,False
51,93967,,False
51,93971,,False
51,93972,,False
51,93976,,False
51,93979,,False
51,93993,,False
51,94002,,False
51,94019,,False
51,94039,,False
51,94044,,False
51,94049,,False
51,94059,,False
51,94060,,False
51,94064,,False
51,94085,,False
51,94087,,False
51,94092,,False
51,94102,,False
51,94114,,False
51,94119,,False
51,94123,,False
51,94136,,False
51,94137,,False
51,94146,,False
51,94156,,False
51,94184,,False
51,94190,,False
51,94206,,False
51,94218,,False
51,94223,,False
51,94226,,False
51,94231,,False
51,94236,,False
51,94241,,False
51,94254,,False
51,94258,,False
51,94265,,False
51,94268,,False
51,94273,,False
51,94282,,False
51,94292,,False
51,94293,,False
51,94302,,False
51,94329,,False
51,94340,,False
51,94352,,False
51,94359,,False
51,94361,,False
51,94365,,False
51,94379,,False
51,94382,,False
51,94387,,False
51,94389,,False
51,94397,,False
51,94400,,False
51,94402,,False
51,94409,,False
51,94412,,False
51,94417,,False
51,94427,,False
51,94431,,False
51,94433,,False
51,94435,,False
51,94444,,False
51,94448,,False
51,94457,,False
51,94461,,False
51,94462,,False
51,94464,,False
51,94466,,False
51,94480,,False
51,94482,,False
51,94484,,False
51,94494,,False
51,94503,,False
51,94505,,False
51,94513,,False
51,94534,,False
51,94535,,False
51,94538,,False
51,94545,,False
51,94563,,False
51,94567,,False
51,94569,,False
51,94581,,False
51,94591,,False
51,94609,,False
51,94624,,False
51,94630,,False
51,94650,,False
51,94654,,False
51,94657,,False
51,94661,,False
51,94683,,False
51,94687,,False
51,94693,,False
51,94704,,False
51,94708,,False
51,94719,,False
51,94730,,False
51,94737,,False
51,94739,,False
51,94740,,False
51,94750,,False
51,94758,,False
51,94775,,False
51,94784,,False
51,94785,,False
51,94786,,False
51,94796,,False
51,94810,,False
51,94814,,False
51,94828,,False
51,94838,,False
51,94841,,False
51,94855,,False
51,94870,,False
51,94874,,False
51,94882,,False
51,94886,,False
51,94887,,False
51,94889,,False
51,94895,,False
51,94904,,False
51,94907,,False
51,94914,,False
51,94926,,False
51,94932,,False
51,94933,,False
51,94935,,False
51,94975,,False
51,94991,,False
51,95006,,False
51,95008,,False
51,95022,,False
51,95024,,False
51,95028,,False
51,95034,,False
51,95037,,False
51,95043,,False
51,95053,,False
51,95066,,False
51,95069,,False
51,95077,,False
51,95090,,False
51,95095,,False
51,95102,,False
51,95103,,False
51,95111,,False
51,95121,,False
51,95124,,False
51,95132,,False
51,95139,,False
51,95144,,False
51,95155,,False
51,95169,,False
51,95182,,False
51,95183,,False
51,95191,,False
51,95199,,False
51,95217,,False
51,95219,,False
51,95220,,False
51,95225,,False
51,95229,,False
51,95249,,False
51,95255,,False
51,95257,,False
51,95258,,False
51,95261,,False
51,95262,,False
51,95263,,False
51,95280,,False
51,95290,,False
51,95296,,False
51,95304,,False
51,95312,,False
51,95323,,False
51,95331,,False
51,95337,,False
51,95361,,False
51,95362,,False
51,95363,,False
51,95379,,False
51,95380,,False
51,95402,,False
51,95437,,False
51,95447,,False
51,95451,,False
51,95457,,False
51,95460,,False
51,95474,,False
51,95489,,False
51,95520,,False
51,95531,,False
51,95536,,False
51,95540,,False
51,95544,,False
51,95554,,False
51,95567,,False
51,95571,,False
51,95574,,False
51,95577,,False
51,95589,,False
51,95599,,False
51,95609,,False
51,95612,,False
51,95632,,False
51,95637,,False
51,95643,,False
51,95658,,False
51,95664,,False
51,95676,,False
51,95690,,False
51,95691,,False
51,95692,,False
51,95725,,False
51,95737,,False
51,95738,,False
51,95739,,False
51,95748,,False
51,95753,,False
51,95761,,False
51,95765,,False
51,95770,,False
51,95778,,False
51,95789,,False
51,95798,,False
51,95811,,False
51,95813,,False
51,95827,,False
51,95838,,False
51,95839,,False
51,95847,,False
51,95850,,False
51,95853,,False
51,95857,,False
51,95864,,False
51,95873,,False
51,95875,,False
51,95886,,False
51,95900,,False
51,95905,,False
51,95907,,False
51,95911,,False
51,95921,,False
51,95924,,False
51,95929,,False
51,95931,,False
51,95939,,False
51,95945,,False
51,95970,,False
51,95979,,False
51,95982,,False
51,95987,,False
51,95991,,False
51,95993,,False
51,95998,,False
51,96010,,False
51,96023,,False
51,96026,,False
51,96055,,False
51,96061,,False
51,96067,,False
51,96072,,False
51,96078,,False
51,96081,,False
51,96089,,False
51,96098,,False
51,96103,,False
51,96106,,False
51,96110,,False
51,96114,,False
51,96117,,False
51,96120,,False
51,96132,,False
51,96133,,False
51,96145,,False
51,96148,,False
51,96157,,False
51,96160,,False
51,96163,,False
51,96172,,False
51,96182,,False
51,96185,,False
51,96186,,False
51,96191,,False
51,96199,,False
51,96200,,False
51,96201,,False
51,96203,,False
51,96208,,False
51,96217,,False
51,96220,,False
51,96226,,False
51,96232,,False
51,96234,,False
51,96236,,False
51,96249,,False
51,96252,,False
51,96262,,False
51,96263,,False
51,96275,,False
51,96285,,False
51,96287,,False
51,96293,,False
51,96297,,False
51,96314,,False
51,96321,,False
51,96340,,False
51,96342,,False
51,96344,,False
51,96347,,False
51,96348,,False
51,96362,,False
51,96364,,False
51,96373,,False
51,96374,,False
51,96403,,False
51,96416,,False
51,96434,,False
51,96441,,False
51,96445,,False
51,96449,,False
51,96455,,False
51,96461,,False
51,96478,,False
51,96479,,False
51,96487,,False
51,96494,,False
51,96505,,False
51,96510,,False
51,96528,,False
51,96532,,False
51,96539,,False
51,96548,,False
51,96560,,False
51,96578,,False
51,96584,,False
51,96589,,False
51,96600,,False
51,96610,,False
51,96621,,False
51,96627,,False
51,96643,,False
51,96653,,False
51,96659,,False
51,96662,,False
51,96668,,False
51,96687,,False
51,96697,,False
51,96705,,False
51,96719,,False
51,96721,,False
51,96722,,False
51,96727,,False
51,96731,,False
51,96737,,False
51,96753,,False
51,96760,,False
51,96766,,False
51,96769,,False
51,96774,,False
51,96781,,False
51,96794,,False
51,96798,,False
51,96799,,False
51,96804,,False
51,96818,,False
51,96832,,False
51,96839,,False
51,96842,,False
51,96847,,False
51,96849,,False
51,96856,,False
51,96865,,False
51,96869,,False
51,96881,,False
51,96885,,False
51,96888,,False
51,96906,,False
51,96912,,False
51,96917,,False
51,96933,,False
51,96949,,False
51,96960,,False
51,96966,,False
51,96991,,False
51,96993,,False
51,96995,,False
51,97000,,False
51,97002,,False
51,97007,,False
51,97009,,False
51,97016,,False
51,97017,,False
51,97026,,False
51,97028,,False
51,97031,,False
51,97033,,False
51,97040,,False
51,97046,,False
51,97054,,False
51,97067,,False
51,97080,,False
51,97083,,False
51,97084,,False
51,97094,,False
51,97097,,False
51,97101,,False
51,97128,,False
51,97137,,False
51,97159,,False
51,97162,,False
51,97165,,False
51,97169,,False
51,97176,,False
51,97192,,False
51,97194,,False
51,97204,,False
51,97209,,False
51,97217,,False
51,97218,,False
51,97238,,False
51,97252,,False
51,97258,,False
51,97269,,False
51,97284,,False
51,97296,,False
51,97311,,False
51,97318,,False
51,97319,,False
51,97326,,False
51,97334,,False
51,97341,,False
51,97344,,False
51,97362,,False
51,97374,,False
51,97404,,False
51,97409,,False
51,97410,,False
51,97411,,False
51,97426,,False
51,97428,,False
51,97431,,False
51,97434,,False
51,97436,,False
51,97437,,False
51,97445,,False
51,97448,,False
51,97449,,False
51,97453,,False
51,97456,,False
51,97457,,False
51,97459,,False
51,97472,,False
51,97479,,False
51,97524,,False
51,97533,,False
51,97538,,False
51,97543,,False
51,97548,,False
51,97555,,False
51,97566,,False
51,97569,,False
51,97576,,False
51,97589,,False
51,97591,,False
51,97604,,False
51,97608,,False
51,97612,,False
51,97626,,False
51,97629,,False
51,97642,,False
51,97646,,False
51,97654,,False
51,97659,,False
51,97662,,False
51,97663,,False
51,97675,,False
51,97679,,False
51,97689,,False
51,97698,,False
51,97705,,False
51,97715,,False
51,97718,,False
51,97729,,False
51,97730,,False
51,97733,,False
51,97737,,False
51,97740,,False
51,97747,,False
51,97772,,False
51,97815,,False
51,97818,,False
51,97824,,False
51,97826,,False
51,97827,,False
51,97829,,False
51,97832,,False
51,97837,,False
51,97843,,False
51,97865,,False
51,97874,,False
51,97877,,False
51,97880,,False
51,97889,,False
51,97890,,False
51,97911,,False
51,97919,,False
51,97921,,False
51,97927,,False
51,97930,,False
51,97931,,False
51,97936,,False
51,97937,,False
51,97950,,False
51,97958,,False
51,97962,,False
51,97977,,False
51,97983,,False
51,97986,,False
51,98005,,False
51,98015,,False
51,98016,,False
51,98027,,False
51,98038,,False
51,98048,,False
51,98074,,False
51,98077,,False
51,98092,,False
51,98097,,False
51,98098,,False
51,98107,,False
51,98121,,False
51,98128,,False
51,98147,,False
51,98157,,False
51,98183,,False
51,98187,,False
51,98191,,False
51,98220,,False
51,98227,,False
51,98232,,False
51,98233,,False
51,98248,,False
51,98254,,False
51,98270,,False
51,98277,,False
51,98302,,False
51,98322,,False
51,98327,,False
51,98331,,False
51,98339,,False
51,98350,,False
51,98359,,False
51,98370,,False
51,98371,,False
51,98389,,False
51,98391,,False
51,98394,,False
51,98413,,False
51,98431,,False
51,98434,,False
51,98441,,False
51,98445,,False
51,98449,,False
51,98454,,False
51,98464,,False
51,98466,,False
51,98467,,False
51,98472,,False
51,98478,,False
51,98489,,False
51,98491,,False
51,98507,,False
51,98526,,False
51,98538,,False
51,98542,,False
51,98550,,False
51,98564,,False
51,98565,,False
51,98573,,False
51,98574,,False
51,98587,,False
51,98610,,False
51,98613,,False
51,98627,,False
51,98628,,False
51,98629,,False
51,98631,,False
51,98633,,False
51,98637,,False
51,98642,,False
51,98665,,False
51,98666,,False
51,98667,,False
51,98668,,False
51,98686,,False
51,98698,,False
51,98703,,False
51,98714,,False
51,98718,,False
51,98724,,False
51,98727,,False
51,98732,,False
51,98743,,False
51,98750,,False
51,98758,,False
51,98783,,False
51,98792,,False
51,98799,,False
51,98809,,False
51,98829,,False
51,98831,,False
51,98836,,False
51,98839,,False
51,98851,,False
51,98852,,False
51,98858,,False
51,98866,,False
51,98868,,False
51,98872,,False
51,98878,,False
51,98880,,False
51,98895,,False
51,98914,,False
51,98931,,False
51,98933,,False
51,98940,,False
51,98944,,False
51,98945,,False
51,98962,,False
51,98966,,False
51,98978,,False
51,98980,,False
51,98992,,False
51,98997,,False
51,99010,,False
51,99035,,False
51,99055,,False
51,99056,,False
51,99063,,False
51,99080,,False
51,99088,,False
51,99090,,False
51,99094,,False
51,99101,,False
51,99107,,False
51,99111,,False
51,99119,,False
51,99122,,False
51,99157,,False
51,99174,,False
51,99179,,False
51,99191,,False
51,99196,,False
51,99204,,False
51,99210,,False
51,99214,,False
51,99227,,False
51,99233,,False
51,99236,,False
51,99240,,False
51,99246,,False
51,99252,,False
51,99263,,False
51,99264,,False
51,99266,,False
51,99271,,False
51,99276,,False
51,99288,,False
51,99301,,False
51,99309,,False
51,99321,,False
51,99322,,False
51,99325,,False
51,99340,,False
51,99343,,False
51,99346,,False
51,99365,,False
51,99372,,False
51,99390,,False
51,99396,,False
51,99399,,False
51,99401,,False
51,99410,,False
51,99415,,False
51,99423,,False
51,99436,,False
51,99450,,False
51,99453,,False
51,99456,,False
51,99465,,False
51,99482,,False
51,99497,,False
51,99507,,False
51,99510,,False
51,99511,,False
51,99514,,False
51,99516,,False
51,99521,,False
51,99529,,False
51,99536,,False
51,99537,,False
51,99540,,False
51,99544,,False
51,99550,,False
51,99558,,False
51,99560,,False
51,99567,,False
51,99573,,False
51,99591,,False
51,99599,,False
51,99602,,False
51,99604,,False
51,99618,,False
51,99629,,False
51,99635,,False
51,99648,,False
51,99655,,False
51,99663,,False
51,99665,,False
51,99670,,False
51,99675,,False
51,99703,,False
51,99714,,False
51,99727,,False
51,99728,,False
51,99744,,False
51,99750,,False
51,99752,,False
51,99763,,False
51,99764,,False
51,99767,,False
51,99776,,False
51,99778,,False
51,99781,,False
51,99791,,False
51,99819,,False
51,99821,,False
51,99830,,False
51,99848,,False
51,99850,,False
51,99852,,False
51,99855,,False
51,99863,,False
51,99864,,False
51,99869,,False
51,99870,,False
51,99884,,False
51,99922,,False
51,99931,,False
51,99933,,False
51,99936,,False
51,99954,,False
51,99962,,False
51,99986,,False
51,99988,,False
51,99990,,False
51,100006,,False
51,100007,,False
51,100014,,False
51,100022,,False
51,100033,,False
51,100059,,False
51,100062,,False
51,100063,,False
51,100066,,False
51,100114,,False
51,100126,,False
51,100129,,False
51,100146,,False
51,100147,,False
51,100153,,False
51,100170,,False
51,100177,,False
51,100179,,False
51,100185,,False
51,100205,,False
51,100208,,False
51,100210,,False
51,100222,,False
51,100228,,False
51,100229,,False
51,100237,,False
51,100245,,False
51,100247,,False
51,100261,,False
51,100264,,False
51,100269,,False
51,100282,,False
51,100285,,False
51,100310,,False
51,100314,,False
51,100321,,False
51,100328,,False
51,100330,,False
51,100346,,False
51,100352,,False
51,100358,,False
51,100359,,False
51,100398,,False
51,100403,,False
51,100405,,False
51,100413,,False
51,100415,,False
51,100429,,False
51,100456,,False
51,100484,,False
51,100487,,False
51,100504,,False
51,100508,,False
51,100519,,False
51,100523,,False
51,100528,,False
51,100539,,False
51,100546,,False
51,100547,,False
51,100559,,False
51,100579,,False
51,100582,,False
51,100585,,False
51,100608,,False
51,100611,,False
51,100613,,False
51,100622,,False
51,100632,,False
51,100633,,False
51,100643,,False
51,100650,,False
51,100654,,False
51,100660,,False
51,100673,,False
51,100680,,False
51,100685,,False
51,100686,,False
51,100715,,False
51,100717,,False
51,100742,,False
51,100754,,False
51,100759,,False
51,100761,,False
51,100763,,False
51,100766,,False
51,100770,,False
51,100774,,False
51,100782,,False
51,100784,,False
51,100789,,False
51,100794,,False
51,100800,,False
51,100812,,False
51,100815,,False
51,100818,,False
51,100831,,False
51,100838,,False
51,100848,,False
51,100860,,False
51,100873,,False
51,100887,,False
51,100896,,False
51,100898,,False
51,100904,,False
51,100924,,False
51,100929,,False
51,100931,,False
51,100939,,False
51,100948,,False
51,100952,,False
51,100955,,False
51,100959,,False
51,100965,,False
51,100967,,False
51,100974,,False
51,100984,,False
51,100996,,False
51,101002,,False
51,101013,,False
51,101028,,False
51,101035,,False
51,101045,,False
51,101046,,False
51,101049,,False
51,101058,,False
51,101066,,False
51,101068,,False
51,101071,,False
51,101074,,False
51,101083,,False
51,101101,,False
51,101109,,False
51,101128,,False
51,101132,,False
51,101140,,False
51,101160,,False
51,101163,,False
51,101170,,False
51,101182,,False
51,101188,,False
51,101205,,False
51,101219,,False
51,101238,,False
51,101239,,False
51,101259,,False
51,101265,,False
51,101269,,False
51,101274,,False
51,101282,,False
51,101299,,False
51,101304,,False
51,101344,,False
51,101358,,False
51,101363,,False
51,101366,,False
51,101380,,False
51,101384,,False
51,101395,,False
51,101409,,False
51,101415,,False
51,101418,,False
51,101425,,False
51,101429,,False
51,101449,,False
51,101465,,False
51,101468,,False
51,101477,,False
51,101486,,False
51,101488,,False
51,101499,,False
51,101505,,False
51,101510,,False
51,101516,,False
51,101518,,False
51,101520,,False
51,101526,,False
51,101529,,False
51,101543,,False
51,101551,,False
51,101565,,False
51,101566,,False
51,101571,,False
51,101584,,False
51,101599,,False
51,101601,,False
51,101604,,False
51,101615,,False
51,101622,,False
51,101627,,False
51,101628,,False
51,101646,,False
51,101656,,False
51,101658,,False
51,101667,,False
51,101682,,False
51,101693,,False
51,101694,,False
51,101706,,False
51,101709,,False
51,101718,,False
51,101720,,False
51,101727,,False
51,101731,,False
51,101739,,False
51,101741,,False
51,101744,,False
51,101747,,False
51,101749,,False
51,101751,,False
51,101766,,False
51,101770,,False
51,101771,,False
51,101779,,False
51,101788,,False
51,101794,,False
51,101797,,False
51,101824,,False
51,101826,,False
51,101840,,False
51,101846,,False
51,101850,,False
51,101853,,False
51,101863,,False
51,101864,,False
51,101872,,False
51,101892,,False
51,101901,,False
51,101904,,False
51,101909,,False
51,101920,,False
51,101940,,False
51,101950,,False
51,101954,,False
51,101960,,False
51,101977,,False
51,101982,,False
51,101987,,False
51,101989,,False
51,101995,,False
51,102004,,False
51,102010,,False
51,102030,,False
51,102036,,False
51,102040,,False
51,102047,,False
51,102048,,False
51,102049,,False
51,102057,,False
51,102062,,False
51,102064,,False
51,102066,,False
51,102080,,False
51,102084,,False
51,102093,,False
51,102105,,False
51,102114,,False
51,102124,,False
51,102128,,False
51,102130,,False
51,102131,,False
51,102136,,False
51,102141,,False
51,102142,,False
51,102151,,False
51,102158,,False
51,102162,,False
51,102171,,False
51,102175,,False
51,102200,,False
51,102201,,False
51,102218,,False
51,102226,,False
51,102230,,False
51,102233,,False
51,102235,,False
51,102239,,False
51,102272,,False
51,102287,,False
51,102291,,False
51,102296,,False
51,102306,,False
51,102315,,False
51,102316,,False
51,102347,,False
51,102350,,False
51,102366,,False
51,102382,,False
51,102396,,False
51,102397,,False
51,102416,,False
51,102435,,False
51,102440,,False
51,102443,,False
51,102453,,False
51,102456,,False
51,102457,,False
51,102461,,False
51,102482,,False
51,102489,,False
51,102490,,False
51,102500,,False
51,102503,,False
51,102514,,False
51,102515,,False
51,102518,,False
51,102523,,False
51,102525,,False
51,102531,,False
51,102540,,False
51,102544,,False
51,102551,,False
51,102556,,False
51,102563,,False
51,102564,,False
51,102569,,False
51,102574,,False
51,102576,,False
51,102595,,False
51,102613,,False
51,102618,,False
51,102634,,False
51,102645,,False
51,102653,,False
51,102663,,False
51,102667,,False
51,102687,,False
51,102691,,False
51,102695,,False
51,102703,,False
51,102704,,False
51,102706,,False
51,102711,,False
51,102713,,False
51,102721,,False
51,102726,,False
51,102729,,False
51,102743,,False
51,102744,,False
51,102750,,False
51,102754,,False
51,102762,,False
51,102764,,False
51,102784,,False
51,102793,,False
51,102797,,False
51,102799,,False
51,102803,,False
51,102808,,False
51,102814,,False
51,102830,,False
51,102837,,False
51,102843,,False
51,102845,,False
51,102863,,False
51,102876,,False
51,102885,,False
51,102887,,False
51,102897,,False
51,102908,,False
51,102910,,False
51,102912,,False
51,102913,,False
51,102914,,False
51,102927,,False
51,102929,,False
51,102936,,False
51,102976,,False
51,102978,,False
51,102984,,False
51,102995,,False
51,102999,,False
51,103003,,False
51,103009,,False
51,103018,,False
51,103044,,False
51,103052,,False
51,103059,,False
51,103067,,False
51,103083,,False
51,103094,,False
51,103100,,False
51,103108,,False
51,103112,,False
51,103114,,False
51,103117,,False
51,103129,,False
51,103134,,False
51,103145,,False
51,103148,,False
51,103183,,False
51,103187,,False
51,103200,,False
51,103204,,False
51,103224,,False
51,103226,,False
51,103228,,False
51,103232,,False
51,103257,,False
51,103266,,False
51,103271,,False
51,103273,,False
51,103283,,False
51,103292,,False
51,103293,,False
51,103305,,False
51,103309,,False
51,103322,,False
51,103329,,False
51,103336,,False
51,103348,,False
51,103351,,False
51,103354,,False
51,103357,,False
51,103359,,False
51,103361,,False
51,103366,,False
51,103373,,False
51,103375,,False
51,103380,,False
51,103383,,False
51,103387,,False
51,103391,,False
51,103406,,False
51,103424,,False
51,103428,,False
51,103430,,False
51,103436,,False
51,103438,,False
51,103441,,False
51,103446,,False
51,103453,,False
51,103455,,False
51,103469,,False
51,103476,,False
51,103480,,False
51,103494,,False
51,103507,,False
51,103510,,False
51,103529,,False
51,103537,,False
51,103555,,False
51,103559,,False
51,103568,,False
51,103575,,False
51,103583,,False
51,103590,,False
51,103596,,False
51,103605,,False
51,103613,,False
51,103617,,False
51,103644,,False
51,103647,,False
51,103650,,False
51,103652,,False
51,103671,,False
51,103684,,False
51,103685,,False
51,103686,,False
51,103688,,False
51,103691,,False
51,103704,,False
51,103710,,False
51,103726,,False
51,103729,,False
51,103735,,False
51,103737,,False
51,103761,,False
51,103763,,False
51,103776,,False
51,103785,,False
51,103792,,False
51,103795,,False
51,103824,,False
51,103842,,False
51,103854,,False
51,103868,,False
51,103869,,False
51,103881,,False
51,103883,,False
51,103886,,False
51,103891,,False
51,103907,,False
51,103910,,False
51,103912,,False
51,103926,,False
51,103932,,False
51,103937,,False
51,103940,,False
51,103947,,False
51,103951,,False
51,103962,,False
51,103964,,False
51,103966,,False
51,103992,,False
51,104000,,False
51,104016,,False
51,104018,,False
51,104026,,False
51,104029,,False
51,104056,,False
51,104062,,False
51,104073,,False
51,104076,,False
51,104078,,False
51,104103,,False
51,104111,,False
51,104132,,False
51,104144,,False
51,104170,,False
51,104174,,False
51,104183,,False
51,104186,,False
51,104201,,False
51,104206,,False
51,104222,,False
51,104231,,False
51,104240,,False
51,104267,,False
51,104268,,False
51,104274,,False
51,104297,,False
51,104308,,False
51,104309,,False
51,104318,,False
51,104319,,False
51,104355,,False
51,104364,,False
51,104373,,False
51,104376,,False
51,104377,,False
51,104391,,False
51,104393,,False
51,104394,,False
51,104401,,False
51,104407,,False
51,104422,,False
51,104424,,False
51,104426,,False
51,104431,,False
51,104441,,False
51,104445,,False
51,104447,,False
51,104456,,False
51,104459,,False
51,104475,,False
51,104481,,False
51,104492,,False
51,104495,,False
51,104500,,False
51,104522,,False
51,104525,,False
51,104549,,False
51,104557,,False
51,104559,,False
51,104563,,False
51,104565,,False
51,104575,,False
51,104578,,False
51,104599,,False
51,104606,,False
51,104616,,False
51,104623,,False
51,104642,,False
51,104646,,False
51,104650,,False
51,104655,,False
51,104667,,False
51,104670,,False
51,104699,,False
51,104705,,False
51,104716,,False
51,104727,,False
51,104761,,False
51,104780,,False
51,104844,,False
51,104859,,False
51,104860,,False
51,104866,,False
51,104867,,False
51,104873,,False
51,104875,,False
51,104884,,False
51,104910,,False
51,104919,,False
51,104921,,False
51,104942,,False
51,104950,,False
51,104958,,False
51,104962,,False
51,104964,,False
51,104976,,False
51,104986,,False
51,104989,,False
51,104993,,False
51,105006,,False
51,105011,,False
51,105027,,False
51,105029,,False
51,105040,,False
51,105052,,False
51,105061,,False
51,105064,,False
51,105083,,False
51,105092,,False
51,105096,,False
51,105103,,False
51,105111,,False
51,105113,,False
51,105121,,False
51,105127,,False
51,105128,,False
51,105131,,False
51,105146,,False
51,105163,,False
51,105164,,False
51,105166,,False
51,105172,,False
51,105175,,False
51,105176,,False
51,105177,,False
51,105186,,False
51,105187,,False
51,105192,,False
51,105194,,False
51,105203,,False
51,105207,,False
51,105219,,False
51,105232,,False
51,105248,,False
51,105271,,False
51,105277,,False
51,105302,,False
51,105306,,False
51,105311,,False
51,105319,,False
51,105322,,False
51,105336,,False
51,105341,,False
51,105372,,False
51,105373,,False
51,105377,,False
51,105385,,False
51,105388,,False
51,105401,,False
51,105406,,False
51,105409,,False
51,105414,,False
51,105421,,False
51,105428,,False
51,105431,,False
51,105447,,False
51,105456,,False
51,105464,,False
51,105465,,False
51,105478,,False
51,105483,,False
51,105485,,False
51,105488,,False
51,105506,,False
51,105534,,False
51,105543,,False
51,105549,,False
51,105558,,False
51,105572,,False
51,105583,,False
51,105585,,False
51,105614,,False
51,105623,,False
51,105625,,False
51,105635,,False
51,105637,,False
51,105649,,False
51,105650,,False
51,105653,,False
51,105655,,False
51,105666,,False
51,105673,,False
51,105680,,False
51,105689,,False
51,105696,,False
51,105699,,False
51,105708,,False
51,105709,,False
51,105711,,False
51,105722,,False
51,105724,,False
51,105730,,False
51,105732,,False
51,105733,,False
51,105742,,False
51,105746,,False
51,105750,,False
51,105758,,False
51,105770,,False
51,105773,,False
51,105774,,False
51,105778,,False
51,105796,,False
51,105804,,False
51,105817,,False
51,105826,,False
51,105833,,False
51,105845,,False
51,105847,,False
51,105853,,False
51,105856,,False
51,105898,,False
51,105904,,False
51,105906,,False
51,105914,,False
51,105932,,False
51,105939,,False
51,105955,,False
51,105965,,False
51,105969,,False
51,105976,,False
51,105999,,False
51,106003,,False
51,106006,,False
51,106019,,False
51,106021,,False
51,106023,,False
51,106039,,False
51,106042,,False
51,106045,,False
51,106069,,False
51,106099,,False
51,106101,,False
51,106103,,False
51,106110,,False
51,106116,,False
51,106122,,False
51,106132,,False
51,106143,,False
51,106155,,False
51,106177,,False
51,106187,,False
51,106192,,False
51,106193,,False
51,106234,,False
51,106238,,False
51,106260,,False
51,106261,,False
51,106262,,False
51,106273,,False
51,106277,,False
51,106280,,False
51,106284,,False
51,106299,,False
51,106311,,False
51,106317,,False
51,106337,,False
51,106350,,False
51,106355,,False
51,106359,,False
51,106364,,False
51,106369,,False
51,106372,,False
51,106375,,False
51,106377,,False
51,106381,,False
51,106392,,False
51,106398,,False
51,106436,,False
51,106438,,False
51,106462,,False
51,106463,,False
51,106470,,False
51,106473,,False
51,106474,,False
51,106477,,False
51,106478,,False
51,106490,,False
51,106493,,False
51,106503,,False
51,106513,,False
51,106535,,False
51,106537,,False
51,106542,,False
51,106549,,False
51,106559,,False
51,106561,,False
51,106564,,False
51,106572,,False
51,106578,,False
51,106583,,False
51,106593,,False
51,106603,,False
51,106604,,False
51,106621,,False
51,106632,,False
51,106638,,False
51,106644,,False
51,106650,,False
51,106658,,False
51,106663,,False
51,106676,,False
51,106685,,False
51,106688,,False
51,106701,,False
51,106702,,False
51,106705,,False
51,106708,,False
51,106710,,False
51,106712,,False
51,106718,,False
51,106721,,False
51,106725,,False
51,106728,,False
51,106736,,False
51,106742,,False
51,106765,,False
51,106771,,False
51,106780,,False
51,106793,,False
51,106799,,False
51,106802,,False
51,106806,,False
51,106816,,False
51,106821,,False
51,106824,,False
51,106827,,False
51,106846,,False
51,106853,,False
51,106860,,False
51,106869,,False
51,106883,,False
51,106889,,False
51,106905,,False
51,106911,,False
51,106912,,False
51,106914,,False
51,106933,,False
51,106961,,False
51,106969,,False
51,106977,,False
51,106978,,False
51,106981,,False
51,106986,,False
51,106987,,False
51,106998,,False
51,107005,,False
51,107032,,False
51,107035,,False
51,107040,,False
51,107045,,False
51,107046,,False
51,107051,,False
51,107054,,False
51,107067,,False
51,107076,,False
51,107080,,False
51,107092,,False
51,107095,,False
51,107104,,False
51,107110,,False
51,107113,,False
51,107114,,False
51,107119,,False
51,107132,,False
51,107133,,False
51,107140,,False
51,107147,,False
51,107163,,False
51,107167,,False
51,107200,,False
51,107202,,False
51,107206,,False
51,107215,,False
51,107216,,False
51,107245,,False
51,107252,,False
51,107261,,False
51,107267,,False
51,107268,,False
51,107270,,False
51,107273,,False
51,107290,,False
51,107294,,False
51,107301,,False
51,107309,,False
51,107321,,False
51,107323,,False
51,107331,,False
51,107342,,False
51,107356,,False
51,107361,,False
51,107375,,False
51,107384,,False
51,107386,,False
51,107395,,False
51,107401,,False
51,107412,,False
51,107417,,False
51,107431,,False
51,107433,,False
51,107446,,False
51,107448,,False
51,107452,,False
51,107462,,False
51,107467,,False
51,107473,,False
51,107487,,False
51,107493,,False
51,107496,,False
51,107512,,False
51,107516,,False
51,107522,,False
51,107527,,False
51,107530,,False
51,107533,,False
51,107537,,False
51,107543,,False
51,107544,,False
51,107548,,False
51,107552,,False
51,107555,,False
51,107561,,False
51,107563,,False
51,107571,,False
51,107578,,False
51,107608,,False
51,107616,,False
51,107622,,False
51,107627,,False
51,107629,,False
51,107636,,False
51,107648,,False
51,107655,,False
51,107664,,False
51,107671,,False
51,107681,,False
51,107686,,False
51,107691,,False
51,107696,,False
51,107709,,False
51,107710,,False
51,107712,,False
51,107724,,False
51,107729,,False
51,107741,,False
51,107752,,False
51,107758,,False
51,107764,,False
51,107767,,False
51,107793,,False
51,107799,,False
51,107812,,False
51,107813,,False
51,107815,,False
51,107816,,False
51,107821,,False
51,107832,,False
51,107848,,False
51,107865,,False
51,107867,,False
51,107874,,False
51,107875,,False
51,107876,,False
51,107887,,False
51,107888,,False
51,107912,,False
51,107915,,False
51,107918,,False
51,107919,,False
51,107922,,False
51,107924,,False
51,107925,,False
51,107929,,False
51,107939,,False
51,107942,,False
51,107951,,False
51,107953,,False
51,107959,,False
51,107970,,False
51,107978,,False
51,107990,,False
51,108006,,False
51,108007,,False
51,108019,,False
51,108023,,False
51,108028,,False
51,108034,,False
51,108069,,False
51,108070,,False
51,108074,,False
51,108082,,False
51,108098,,False
51,108134,,False
51,108152,,False
51,108161,,False
51,108162,,False
51,108166,,False
51,108168,,False
51,108188,,False
51,108190,,False
51,108192,,False
51,108196,,False
51,108209,,False
51,108213,,False
51,108214,,False
51,108224,,False
51,108235,,False
51,108242,,False
51,108248,,False
51,108253,,False
51,108255,,False
51,108262,,False
51,108280,,False
51,108291,,False
51,108294,,False
51,108299,,False
51,108321,,False
51,108328,,False
51,108335,,False
51,108344,,False
51,108349,,False
51,108352,,False
51,108359,,False
51,108372,,False
51,108379,,False
51,108405,,False
51,108415,,False
51,108422,,False
51,108454,,False
51,108455,,False
51,108478,,False
51,108485,,False
51,108486,,False
51,108506,,False
51,108512,,False
51,108516,,False
51,108526,,False
51,108528,,False
51,108537,,False
51,108552,,False
51,108553,,False
51,108568,,False
51,108591,,False
51,108615,,False
51,108625,,False
51,108637,,False
51,108646,,False
51,108647,,False
51,108649,,False
51,108654,,False
51,108668,,False
51,108671,,False
51,108678,,False
51,108691,,False
51,108706,,False
51,108707,,False
51,108716,,False
51,108718,,False
51,108724,,False
51,108730,,False
51,108732,,False
51,108736,,False
51,108753,,False
51,108768,,False
51,108777,,False
51,108782,,False
51,108785,,False
51,108798,,False
51,108831,,False
51,108834,,False
51,108836,,False
51,108848,,False
51,108863,,False
51,108865,,False
51,108867,,False
51,108878,,False
51,108880,,False
51,108894,,False
51,108895,,False
51,108900,,False
51,108901,,False
51,108908,,False
51,108916,,False
51,108928,,False
51,108932,,False
51,108933,,False
51,108943,,False
51,108945,,False
51,108951,,False
51,108957,,False
51,108979,,False
51,108980,,False
51,108996,,False
51,109003,,False
51,109025,,False
51,109043,,False
51,109046,,False
51,109047,,False
51,109065,,False
51,109072,,False
51,109090,,False
51,109092,,False
51,109095,,False
51,109111,,False
51,109118,,False
51,109119,,False
51,109155,,False
51,109174,,False
51,109178,,False
51,109185,,False
51,109190,,False
51,109192,,False
51,109197,,False
51,109206,,False
51,109226,,False
51,109236,,False
51,109237,,False
51,109239,,False
51,109256,,False
51,109258,,False
51,109268,,False
51,109281,,False
51,109291,,False
51,109302,,False
51,109303,,False
51,109315,,False
51,109320,,False
51,109325,,False
51,109334,,False
51,109344,,False
51,109358,,False
51,109368,,False
51,109379,,False
51,109388,,False
51,109397,,False
51,109400,,False
51,109404,,False
51,109405,,False
51,109415,,False
51,109426,,False
51,109427,,False
51,109438,,False
51,109439,,False
51,109441,,False
51,109450,,False
51,109452,,False
51,109455,,False
51,109461,,False
51,109468,,False
51,109469,,False
51,109485,,False
51,109499,,False
51,109510,,False
51,109514,,False
51,109538,,False
51,109546,,False
51,109550,,False
51,109552,,False
51,109556,,False
51,109562,,False
51,109565,,False
51,109573,,False
51,109576,,False
51,109578,,False
51,109579,,False
51,109581,,False
51,109584,,False
51,109600,,False
51,109601,,False
51,109614,,False
51,109622,,False
51,109672,,False
51,109682,,False
51,109684,,False
51,109692,,False
51,109693,,False
51,109699,,False
51,109706,,False
51,109729,,False
51,109736,,False
51,109738,,False
51,109747,,False
51,109753,,False
51,109759,,False
51,109765,,False
51,109791,,False
51,109800,,False
51,109806,,False
51,109808,,False
51,109848,,False
51,109852,,False
51,109862,,False
51,109865,,False
51,109877,,False
51,109881,,False
51,109887,,False
51,109912,,False
51,109920,,False
51,109926,,False
51,109934,,False
51,109941,,False
51,109948,,False
51,109950,,False
51,109951,,False
51,109956,,False
51,109966,,False
51,109973,,False
51,109981,,False
51,109987,,False
51,109998,,False
51,110005,,False
51,110012,,False
51,110013,,False
51,110020,,False
51,110022,,False
51,110027,,False
51,110029,,False
51,110036,,False
51,110047,,False
51,110049,,False
51,110052,,False
51,110066,,False
51,110067,,False
51,110068,,False
51,110073,,False
51,110083,,False
51,110084,,False
51,110089,,False
51,110092,,False
51,110113,,False
51,110115,,False
51,110137,,False
51,110139,,False
51,110157,,False
51,110172,,False
51,110176,,False
51,110183,,False
51,110224,,False
51,110236,,False
51,110237,,False
51,110244,,False
51,110248,,False
51,110252,,False
51,110254,,False
51,110257,,False
51,110262,,False
51,110271,,False
51,110284,,False
51,110287,,False
51,110290,,False
51,110292,,False
51,110305,,False
51,110306,,False
51,110321,,False
51,110322,,False
51,110324,,False
51,110325,,False
51,110326,,False
51,110349,,False
51,110353,,False
51,110364,,False
51,110366,,False
51,110374,,False
51,110376,,False
51,110378,,False
51,110391,,False
51,110408,,False
51,110414,,False
51,110415,,False
51,110424,,False
51,110460,,False
51,110463,,False
51,110465,,False
51,110470,,False
51,110473,,False
51,110477,,False
51,110484,,False
51,110494,,False
51,110501,,False
51,110510,,False
51,110513,,False
51,110522,,False
51,110528,,False
51,110529,,False
51,110544,,False
51,110550,,False
51,110552,,False
51,110565,,False
51,110580,,False
51,110585,,False
51,110587,,False
51,110588,,False
51,110589,,False
51,110612,,False
51,110615,,False
51,110619,,False
51,110631,,False
51,110635,,False
51,110638,,False
51,110642,,False
51,110643,,False
51,110656,,False
51,110663,,False
51,110667,,False
51,110686,,False
51,110691,,False
51,110692,,False
51,110693,,False
51,110705,,False
51,110725,,False
51,110731,,False
51,110739,,False
51,110752,,False
51,110754,,False
51,110755,,False
51,110760,,False
51,110770,,False
51,110783,,False
51,110786,,False
51,110789,,False
51,110797,,False
51,110799,,False
51,110814,,False
51,110815,,False
51,110825,,False
51,110835,,False
51,110837,,False
51,110842,,False
51,110854,,False
51,110876,,False
51,110892,,False
51,110901,,False
51,110908,,False
51,110921,,False
51,110929,,False
51,110942,,False
51,110964,,False
51,110965,,False
51,110973,,False
51,110996,,False
51,110999,,False
51,111000,,False
51,111002,,False
51,111010,,False
51,111012,,False
51,111032,,False
51,111039,,False
51,111059,,False
51,111071,,False
51,111073,,False
51,111075,,False
51,111083,,False
51,111090,,False
51,111094,,False
51,111098,,False
51,111105,,False
51,111106,,False
51,111110,,False
51,111127,,False
51,111131,,False
51,111161,,False
51,111195,,False
51,111196,,False
51,111203,,False
51,111206,,False
51,111217,,False
51,111218,,False
51,111224,,False
51,111232,,False
51,111250,,False
51,111259,,False
51,111267,,False
51,111298,,False
51,111321,,False
51,111331,,False
51,111346,,False
51,111355,,False
51,111362,,False
51,111398,,False
51,111403,,False
51,111409,,False
51,111457,,False
51,111460,,False
51,111462,,False
51,111472,,False
51,111512,,False
51,111536,,False
51,111541,,False
51,111543,,False
51,111550,,False
51,111568,,False
51,111576,,False
51,111588,,False
51,111590,,False
51,111597,,False
51,111601,,False
51,111603,,False
51,111609,,False
51,111622,,False
51,111632,,False
51,111635,,False
51,111636,,False
51,111640,,False
51,111654,,False
51,111665,,False
51,111668,,False
51,111677,,False
51,111682,,False
51,111693,,False
51,111694,,False
51,111705,,False
51,111710,,False
51,111718,,False
51,111725,,False
51,111728,,False
51,111743,,False
51,111750,,False
51,111767,,False
51,111769,,False
51,111771,,False
51,111782,,False
51,111783,,False
51,111784,,False
51,111794,,False
51,111798,,False
51,111814,,False
51,111815,,False
51,111820,,False
51,111829,,False
51,111832,,False
51,111836,,False
51,111844,,False
51,111848,,False
51,111862,,False
51,111872,,False
51,111884,,False
51,111894,,False
51,111901,,False
51,111902,,False
51,111908,,False
51,111926,,False
51,111931,,False
51,111940,,False
51,111943,,False
51,111957,,False
51,111959,,False
51,111972,,False
51,111973,,False
51,111975,,False
51,111980,,False
51,111985,,False
51,112002,,False
51,112007,,False
51,112009,,False
51,112024,,False
51,112026,,False
51,112034,,False
51,112038,,False
51,112040,,False
51,112071,,False
51,112080,,False
51,112081,,False
51,112085,,False
51,112087,,False
51,112090,,False
51,112091,,False
51,112096,,False
51,112100,,False
51,112101,,False
51,112114,,False
51,112130,,False
51,112136,,False
51,112141,,False
51,112144,,False
51,112147,,False
51,112154,,False
51,112157,,False
51,112161,,False
51,112163,,False
51,112178,,False
51,112195,,False
51,112220,,False
51,112223,,False
51,112237,,False
51,112240,,False
51,112243,,False
51,112261,,False
51,112269,,False
51,112273,,False
51,112277,,False
51,112281,,False
51,112287,,False
51,112294,,False
51,112305,,False
51,112330,,False
51,112331,,False
51,112364,,False
51,112367,,False
51,112377,,False
51,112380,,False
51,112382,,False
51,112386,,False
51,112389,,False
51,112396,,False
51,112406,,False
51,112410,,False
51,112421,,False
51,112427,,False
51,112437,,False
51,112444,,False
51,112445,,False
51,112447,,False
51,112455,,False
51,112460,,False
51,112463,,False
51,112469,,False
51,112475,,False
51,112497,,False
51,112501,,False
51,112506,,False
51,112508,,False
51,112509,,False
51,112519,,False
51,112522,,False
51,112561,,False
51,112575,,False
51,112579,,False
51,112597,,False
51,112617,,False
51,112640,,False
51,112644,,False
51,112650,,False
51,112655,,False
51,112676,,False
51,112680,,False
51,112683,,False
51,112714,,False
51,112721,,False
51,112725,,False
51,112726,,False
51,112739,,False
51,112754,,False
51,112771,,False
51,112772,,False
51,112775,,False
51,112776,,False
51,112780,,False
51,112784,,False
51,112793,,False
51,112800,,False
51,112805,,False
51,112812,,False
51,112842,,False
51,112845,,False
51,112852,,False
51,112858,,False
51,112860,,False
51,112869,,False
51,112881,,False
51,112887,,False
51,112889,,False
51,112916,,False
51,112921,,False
51,112924,,False
51,112932,,False
51,112935,,False
51,112942,,False
51,112944,,False
51,112946,,False
51,112951,,False
51,112955,,False
51,112958,,False
51,112975,,False
51,112976,,False
51,112991,,False
51,112999,,False
51,113001,,False
51,113004,,False
51,113007,,False
51,113040,,False
51,113057,,False
51,113059,,False
51,113060,,False
51,113073,,False
51,113081,,False
51,113083,,False
51,113085,,False
51,113091,,False
51,113102,,False
51,113110,,False
51,113119,,False
51,113120,,False
51,113128,,False
51,113130,,False
51,113139,,False
51,113143,,False
51,113162,,False
51,113173,,False
51,113180,,False
51,113182,,False
51,113189,,False
51,113191,,False
51,113201,,False
51,113230,,False
51,113258,,False
51,113262,,False
51,113268,,False
51,113270,,False
51,113272,,False
51,113273,,False
51,113274,,False
51,113279,,False
51,113281,,False
51,113294,,False
51,113307,,False
51,113321,,False
51,113342,,False
51,113361,,False
51,113369,,False
51,113373,,False
51,113383,,False
51,113399,,False
51,113407,,False
51,113413,,False
51,113419,,False
51,113434,,False
51,113460,,False
51,113484,,False
51,113489,,False
51,113495,,False
51,113502,,False
51,113515,,False
51,113516,,False
51,113520,,False
51,113523,,False
51,113527,,False
51,113533,,False
51,113540,,False
51,113548,,False
51,113560,,False
51,113561,,False
51,113570,,False
51,113583,,False
51,113587,,False
51,113597,,False
51,113604,,False
51,113608,,False
51,113609,,False
51,113618,,False
51,113620,,False
51,113627,,False
51,113631,,False
51,113640,,False
51,113646,,False
51,113648,,False
51,113669,,False
51,113673,,False
51,113693,,False
51,113695,,False
51,113702,,False
51,113719,,False
51,113725,,False
51,113726,,False
51,113728,,False
51,113749,,False
51,113758,,False
51,113761,,False
51,113776,,False
51,113794,,False
51,113799,,False
51,113812,,False
51,113822,,False
51,113823,,False
51,113830,,False
51,113835,,False
51,113838,,False
51,113843,,False
51,113870,,False
51,113873,,False
51,113878,,False
51,113892,,False
51,113895,,False
51,113897,,False
51,113903,,False
51,113920,,False
51,113925,,False
51,113933,,False
51,113941,,False
51,113945,,False
51,113946,,False
51,113957,,False
51,113981,,False
51,113985,,False
51,113989,,False
51,114000,,False
51,114017,,False
51,114028,,False
51,114033,,False
51,114036,,False
51,114044,,False
51,114059,,False
51,114067,,False
51,114071,,False
51,114078,,False
51,114082,,False
51,114088,,False
51,114110,,False
51,114122,,False
51,114126,,False
51,114133,,False
51,114139,,False
51,114140,,False
51,114144,,False
51,114147,,False
51,114151,,False
51,114157,,False
51,114158,,False
51,114162,,False
51,114170,,False
51,114199,,False
51,114226,,False
51,114227,,False
51,114229,,False
51,114232,,False
51,114241,,False
51,114246,,False
51,114248,,False
51,114253,,False
51,114257,,False
51,114261,,False
51,114271,,False
51,114278,,False
51,114287,,False
51,114291,,False
51,114295,,False
51,114300,,False
51,114305,,False
51,114314,,False
51,114323,,False
51,114325,,False
51,114327,,False
51,114329,,False
51,114331,,False
51,114333,,False
51,114346,,False
51,114347,,False
51,114368,,False
51,114371,,False
51,114373,,False
51,114378,,False
51,114383,,False
51,114392,,False
51,114440,,False
51,114442,,False
51,114447,,False
51,114457,,False
51,114465,,False
51,114476,,False
51,114482,,False
51,114485,,False
51,114489,,False
51,114502,,False
51,114505,,False
51,114507,,False
51,114530,,False
51,114534,,False
51,114536,,False
51,114540,,False
51,114545,,False
51,114547,,False
51,114553,,False
51,114560,,False
51,114565,,False
51,114573,,False
51,114585,,False
51,114589,,False
51,114604,,False
51,114607,,False
51,114615,,False
51,114620,,False
51,114627,,False
51,114628,,False
51,114633,,False
51,114645,,False
51,114675,,False
51,114678,,False
51,114689,,False
51,114719,,False
51,114723,,False
51,114735,,False
51,114753,,False
51,114758,,False
51,114768,,False
51,114777,,False
51,114778,,False
51,114788,,False
51,114801,,False
51,114814,,False
51,114819,,False
51,114821,,False
51,114835,,False
51,114857,,False
51,114867,,False
51,114873,,False
51,114875,,False
51,114899,,False
51,114903,,False
51,114905,,False
51,114919,,False
51,114925,,False
51,114933,,False
51,114937,,False
51,114938,,False
51,114953,,False
51,114957,,False
51,114960,,False
51,114963,,False
51,114982,,False
51,114983,,False
51,115005,,False
51,115017,,False
51,115019,,False
51,115024,,False
51,115026,,False
51,115036,,False
51,115055,,False
51,115065,,False
51,115067,,False
51,115069,,False
51,115076,,False
51,115080,,False
51,115096,,False
51,115099,,False
51,115100,,False
51,115101,,False
51,115104,,False
51,115107,,False
51,115113,,False
51,115127,,False
51,115129,,False
51,115130,,False
51,115131,,False
51,115136,,False
51,115141,,False
51,115146,,False
51,115153,,False
51,115156,,False
51,115168,,False
51,115175,,False
51,115176,,False
51,115192,,False
51,115195,,False
51,115198,,False
51,115205,,False
51,115213,,False
51,115230,,False
51,115234,,False
51,115241,,False
51,115246,,False
51,115248,,False
51,115253,,False
51,115255,,False
51,115259,,False
51,115282,,False
51,115286,,False
51,115310,,False
51,115312,,False
51,115320,,False
51,115334,,False
51,115342,,False
51,115344,,False
51,115355,,False
51,115372,,False
51,115386,,False
51,115392,,False
51,115397,,False
51,115402,,False
51,115407,,False
51,115423,,False
51,115429,,False
51,115437,,False
51,115443,,False
51,115464,,False
51,115479,,False
51,115497,,False
51,115507,,False
51,115510,,False
51,115511,,False
51,115529,,False
51,115533,,False
51,115540,,False
51,115543,,False
51,115545,,False
51,115556,,False
51,115560,,False
51,115577,,False
51,115592,,False
51,115595,,False
51,115600,,False
51,115609,,False
51,115611,,False
51,115627,,False
51,115648,,False
51,115654,,False
51,115677,,False
51,115681,,False
51,115688,,False
51,115693,,False
51,115702,,False
51,115714,,False
51,115729,,False
51,115752,,False
51,115758,,False
51,115761,,False
51,115767,,False
51,115796,,False
51,115798,,False
51,115800,,False
51,115820,,False
51,115831,,False
51,115834,,False
51,115850,,False
51,115855,,False
51,115857,,False
51,115858,,False
51,115862,,False
51,115864,,False
51,115870,,False
51,115875,,False
51,115882,,False
51,115889,,False
51,115902,,False
51,115939,,False
51,115948,,False
51,115960,,False
51,115962,,False
51,115985,,False
51,115989,,False
51,115995,,False
51,116002,,False
51,116016,,False
51,116023,,False
51,116045,,False
51,116055,,False
51,116077,,False
51,116093,,False
51,116101,,False
51,116110,,False
51,116117,,False
51,116123,,False
51,116129,,False
51,116130,,False
51,116133,,False
51,116136,,False
51,116139,,False
51,116145,,False
51,116147,,False
51,116152,,False
51,116154,,False
51,116158,,False
51,116161,,False
51,116169,,False
51,116180,,False
51,116196,,False
51,116200,,False
51,116203,,False
51,116209,,False
51,116222,,False
51,116234,,False
51,116254,,False
51,116296,,False
51,116332,,False
51,116345,,False
51,116353,,False
51,116365,,False
51,116368,,False
51,116370,,False
51,116407,,False
51,116416,,False
51,116421,,False
51,116433,,False
51,116439,,False
51,116483,,False
51,116491,,False
51,116496,,False
51,116498,,False
51,116506,,False
51,116517,,False
51,116520,,False
51,116529,,False
51,116532,,False
51,116534,,False
51,116537,,False
51,116539,,False
51,116555,,False
51,116564,,False
51,116566,,False
51,116569,,False
51,116571,,False
51,116576,,False
51,116580,,False
51,116586,,False
51,116590,,False
51,116600,,False
51,116604,,False
51,116623,,False
51,116626,,False
51,116631,,False
51,116644,,False
51,116646,,False
51,116651,,False
51,116669,,False
51,116674,,False
51,116682,,False
51,116687,,False
51,116690,,False
51,116704,,False
51,116705,,False
51,116711,,False
51,116713,,False
51,116723,,False
51,116736,,False
51,116738,,False
51,116743,,False
51,116746,,False
51,116749,,False
51,116750,,False
51,116754,,False
51,116766,,False
51,116771,,False
51,116780,,False
51,116806,,False
51,116824,,False
51,116841,,False
51,116853,,False
51,116863,,False
51,116868,,False
51,116871,,False
51,116879,,False
51,116886,,False
51,116887,,False
51,116893,,False
51,116894,,False
51,116899,,False
51,116924,,False
51,116932,,False
51,116940,,False
51,116943,,False
51,116944,,False
51,116946,,False
51,116947,,False
51,116971,,False
51,116972,,False
51,116976,,False
51,117015,,False
51,117022,,False
51,117024,,False
51,117027,,False
51,117044,,False
51,117049,,False
51,117050,,False
51,117053,,False
51,117061,,False
51,117065,,False
51,117070,,False
51,117104,,False
51,117112,,False
51,117114,,False
51,117130,,False
51,117159,,False
51,117163,,False
51,117173,,False
51,117202,,False
51,117208,,False
51,117210,,False
51,117211,,False
51,117214,,False
51,117236,,False
51,117255,,False
51,117273,,False
51,117284,,False
51,117288,,False
51,117291,,False
51,117300,,False
51,117308,,False
51,117318,,False
51,117322,,False
51,117324,,False
51,117330,,False
51,117358,,False
51,117370,,False
51,117374,,False
51,117383,,False
51,117409,,False
51,117427,,False
51,117441,,False
51,117442,,False
51,117445,,False
51,117456,,False
51,117460,,False
51,117474,,False
51,117490,,False
51,117499,,False
51,117502,,False
51,117508,,False
51,117527,,False
51,117531,,False
51,117534,,False
51,117539,,False
51,117546,,False
51,117560,,False
51,117580,,False
51,117586,,False
51,117595,,False
51,117599,,False
51,117600,,False
51,117607,,False
51,117628,,False
51,117630,,False
51,117643,,False
51,117653,,False
51,117664,,False
51,117669,,False
51,117675,,False
51,117682,,False
51,117685,,False
51,117702,,False
51,117706,,False
51,117711,,False
51,117725,,False
51,117731,,False
51,117733,,False
51,117739,,False
51,117741,,False
51,117748,,False
51,117757,,False
51,117758,,False
51,117773,,False
51,117783,,False
51,117785,,False
51,117789,,False
51,117790,,False
51,117792,,False
51,117808,,False
51,117816,,False
51,117831,,False
51,117866,,False
51,117877,,False
51,117880,,False
51,117900,,False
51,117901,,False
51,117926,,False
51,117931,,False
51,117939,,False
51,117942,,False
51,117957,,False
51,117959,,False
51,117963,,False
51,117971,,False
51,117972,,False
51,117989,,False
51,117996,,False
51,118019,,False
51,118028,,False
51,118032,,False
51,118051,,False
51,118053,,False
51,118063,,False
51,118078,,False
51,118079,,False
51,118081,,False
51,118084,,False
51,118085,,False
51,118088,,False
51,118098,,False
51,118100,,False
51,118103,,False
51,118108,,False
51,118118,,False
51,118121,,False
51,118128,,False
51,118129,,False
51,118134,,False
51,118147,,False
51,118156,,False
51,118162,,False
51,118172,,False
51,118180,,False
51,118181,,False
51,118198,,False
51,118212,,False
51,118221,,False
51,118224,,False
51,118232,,False
51,118283,,False
51,118286,,False
51,118295,,False
51,118337,,False
51,118341,,False
51,118354,,False
51,118356,,False
51,118360,,False
51,118376,,False
51,118380,,False
51,118384,,False
51,118411,,False
51,118421,,False
51,118451,,False
51,118452,,False
51,118456,,False
51,118458,,False
51,118459,,False
51,118465,,False
51,118471,,False
51,118477,,False
51,118479,,False
51,118501,,False
51,118509,,False
51,118511,,False
51,118531,,False
51,118535,,False
51,118552,,False
51,118556,,False
51,118558,,False
51,118575,,False
51,118577,,False
51,118583,,False
51,118604,,False
51,118616,,False
51,118618,,False
51,118621,,False
51,118627,,False
51,118630,,False
51,118636,,False
51,118639,,False
51,118643,,False
51,118651,,False
51,118659,,False
51,118660,,False
51,118667,,False
51,118671,,False
51,118690,,False
51,118691,,False
51,118700,,False
51,118716,,False
51,118720,,False
51,118723,,False
51,118731,,False
51,118739,,False
51,118743,,False
51,118749,,False
51,118766,,False
51,118783,,False
51,118785,,False
51,118799,,False
51,118803,,False
51,118817,,False
51,118846,,False
51,118850,,False
51,118853,,False
51,118854,,False
51,118859,,False
51,118860,,False
51,118867,,False
51,118873,,False
51,118879,,False
51,118888,,False
51,118893,,False
51,118900,,False
51,118928,,False
51,118934,,False
51,118935,,False
51,118948,,False
51,118962,,False
51,118999,,False
51,119010,,False
51,119011,,False
51,119013,,False
51,119018,,False
51,119022,,False
51,119024,,False
51,119026,,False
51,119048,,False
51,119053,,False
51,119056,,False
51,119062,,False
51,119070,,False
51,119093,,False
51,119108,,False
51,119112,,False
51,119121,,False
51,119132,,False
51,119139,,False
51,119171,,False
51,119185,,False
51,119187,,False
51,119200,,False
51,119201,,False
51,119207,,False
51,119208,,False
51,119211,,False
51,119214,,False
51,119226,,False
51,119234,,False
51,119240,,False
51,119246,,False
51,119252,,False
51,119257,,False
51,119262,,False
51,119263,,False
51,119268,,False
51,119269,,False
51,119279,,False
51,119300,,False
51,119305,,False
51,119313,,False
51,119317,,False
51,119321,,False
51,119327,,False
51,119329,,False
51,119336,,False
51,119340,,False
51,119343,,False
51,119352,,False
51,119356,,False
51,119370,,False
51,119425,,False
51,119450,,False
51,119465,,False
51,119473,,False
51,119475,,False
51,119480,,False
51,119497,,False
51,119498,,False
51,119507,,False
51,119524,,False
51,119578,,False
51,119580,,False
51,119586,,False
51,119601,,False
51,119605,,False
51,119609,,False
51,119612,,False
