run,entry,type,status
69,5,,False
69,10,,False
69,33,,False
69,34,,False
69,46,,False
69,47,,False
69,65,,False
69,73,,False
69,82,,False
69,85,,False
69,91,,False
69,103,,False
69,109,,False
69,111,,False
69,112,,False
69,113,,False
69,115,,False
69,122,,False
69,143,,False
69,146,,False
69,160,,False
69,167,,False
69,169,,False
69,182,,False
69,189,,False
69,192,,False
69,201,,False
69,208,,False
69,213,,False
69,216,,False
69,220,,False
69,223,,False
69,228,,False
69,229,,False
69,242,,False
69,248,,False
69,253,,False
69,273,,False
69,274,,False
69,288,,False
69,317,,False
69,318,,False
69,320,,False
69,327,,False
69,330,,False
69,338,,False
69,342,,False
69,362,,False
69,365,,False
69,372,,False
69,373,,False
69,374,,False
69,376,,False
69,393,,False
69,395,,False
69,406,,False
69,410,,False
69,416,,False
69,419,,False
69,431,,False
69,443,,False
69,448,,False
69,479,,False
69,488,,False
69,495,,False
69,505,,False
69,525,,False
69,527,,False
69,553,,False
69,560,,False
69,564,,False
69,565,,False
69,595,,False
69,605,,False
69,607,,False
69,619,,False
69,626,,False
69,630,,False
69,639,,False
69,653,,False
69,668,,False
69,673,,False
69,680,,False
69,693,,False
69,699,,False
69,700,,False
69,706,,False
69,714,,False
69,723,,False
69,739,,False
69,742,,False
69,743,,False
69,748,,False
69,750,,False
69,751,,False
69,754,,False
69,758,,False
69,776,,False
69,778,,False
69,779,,False
69,793,,False
69,797,,False
69,801,,False
69,804,,False
69,816,,False
69,818,,False
69,820,,False
69,823,,False
69,834,,False
69,837,,False
69,854,,False
69,859,,False
69,862,,False
69,864,,False
69,869,,False
69,880,,False
69,883,,False
69,895,,False
69,908,,False
69,920,,False
69,922,,False
69,924,,False
69,944,,False
69,946,,False
69,953,,False
69,955,,False
69,958,,False
69,967,,False
69,968,,False
69,974,,False
69,981,,False
69,985,,False
69,988,,False
69,1000,,False
69,1005,,False
69,1007,,False
69,1035,,False
69,1045,,False
69,1050,,False
69,1070,,False
69,1074,,False
69,1077,,False
69,1094,,False
69,1096,,False
69,1098,,False
69,1114,,False
69,1117,,False
69,1130,,False
69,1134,,False
69,1136,,False
69,1140,,False
69,1148,,False
69,1159,,False
69,1165,,False
69,1171,,False
69,1173,,False
69,1183,,False
69,1187,,False
69,1190,,False
69,1194,,False
69,1202,,False
69,1210,,False
69,1220,,False
69,1240,,False
69,1254,,False
69,1270,,False
69,1280,,False
69,1282,,False
69,1290,,False
69,1299,,False
69,1308,,False
69,1325,,False
69,1353,,False
69,1354,,False
69,1355,,False
69,1356,,False
69,1374,,False
69,1381,,False
69,1395,,False
69,1396,,False
69,1413,,False
69,1418,,False
69,1420,,False
69,1433,,False
69,1440,,False
69,1442,,False
69,1446,,False
69,1448,,False
69,1451,,False
69,1458,,False
69,1464,,False
69,1465,,False
69,1477,,False
69,1480,,False
69,1485,,False
69,1498,,False
69,1505,,False
69,1508,,False
69,1509,,False
69,1522,,False
69,1536,,False
69,1540,,False
69,1553,,False
69,1558,,False
69,1563,,False
69,1579,,False
69,1586,,False
69,1592,,False
69,1598,,False
69,1600,,False
69,1605,,False
69,1615,,False
69,1619,,False
69,1639,,False
69,1644,,False
69,1655,,False
69,1662,,False
69,1666,,False
69,1668,,False
69,1683,,False
69,1691,,False
69,1694,,False
69,1695,,False
69,1706,,False
69,1735,,False
69,1736,,False
69,1740,,False
69,1742,,False
69,1753,,False
69,1755,,False
69,1758,,False
69,1765,,False
69,1768,,False
69,1776,,False
69,1777,,False
69,1778,,False
69,1787,,False
69,1788,,False
69,1794,,False
69,1803,,False
69,1812,,False
69,1820,,False
69,1823,,False
69,1824,,False
69,1842,,False
69,1845,,False
69,1848,,False
69,1850,,False
69,1864,,False
69,1867,,False
69,1877,,False
69,1878,,False
69,1885,,False
69,1890,,False
69,1897,,False
69,1898,,False
69,1916,,False
69,1927,,False
69,1938,,False
69,1945,,False
69,1948,,False
69,1953,,False
69,1956,,False
69,1974,,False
69,1978,,False
69,1980,,False
69,2002,,False
69,2004,,False
69,2008,,False
69,2010,,False
69,2016,,False
69,2017,,False
69,2029,,False
69,2042,,False
69,2053,,False
69,2065,,False
69,2071,,False
69,2075,,False
69,2076,,False
69,2079,,False
69,2082,,False
69,2087,,False
69,2093,,False
69,2094,,False
69,2095,,False
69,2101,,False
69,2102,,False
69,2103,,False
69,2109,,False
69,2111,,False
69,2122,,False
69,2123,,False
69,2130,,False
69,2143,,False
69,2151,,False
69,2155,,False
69,2169,,False
69,2175,,False
69,2184,,False
69,2196,,False
69,2201,,False
69,2205,,False
69,2207,,False
69,2209,,False
69,2218,,False
69,2223,,False
69,2225,,False
69,2230,,False
69,2240,,False
69,2242,,False
69,2249,,False
69,2255,,False
69,2259,,False
69,2260,,False
69,2285,,False
69,2289,,False
69,2308,,False
69,2309,,False
69,2310,,False
69,2312,,False
69,2319,,False
69,2325,,False
69,2330,,False
69,2334,,False
69,2339,,False
69,2350,,False
69,2355,,False
69,2360,,False
69,2363,,False
69,2404,,False
69,2411,,False
69,2419,,False
69,2423,,False
69,2444,,False
69,2446,,False
69,2452,,False
69,2460,,False
69,2466,,False
69,2467,,False
69,2472,,False
69,2475,,False
69,2487,,False
69,2492,,False
69,2497,,False
69,2503,,False
69,2509,,False
69,2512,,False
69,2521,,False
69,2523,,False
69,2530,,False
69,2541,,False
69,2552,,False
69,2554,,False
69,2563,,False
69,2573,,False
69,2576,,False
69,2579,,False
69,2581,,False
69,2582,,False
69,2597,,False
69,2603,,False
69,2609,,False
69,2612,,False
69,2618,,False
69,2621,,False
69,2624,,False
69,2642,,False
69,2668,,False
69,2675,,False
69,2685,,False
69,2694,,False
69,2697,,False
69,2702,,False
69,2704,,False
69,2707,,False
69,2718,,False
69,2719,,False
69,2726,,False
69,2732,,False
69,2776,,False
69,2777,,False
69,2789,,False
69,2795,,False
69,2797,,False
69,2803,,False
69,2810,,False
69,2831,,False
69,2844,,False
69,2845,,False
69,2859,,False
69,2867,,False
69,2868,,False
69,2870,,False
69,2896,,False
69,2903,,False
69,2911,,False
69,2912,,False
69,2927,,False
69,2932,,False
69,2941,,False
69,2947,,False
69,2950,,False
69,2962,,False
69,2963,,False
69,2973,,False
69,2982,,False
69,2989,,False
69,2994,,False
69,2997,,False
69,3004,,False
69,3008,,False
69,3016,,False
69,3028,,False
69,3031,,False
69,3037,,False
69,3041,,False
69,3048,,False
69,3049,,False
69,3055,,False
69,3063,,False
69,3073,,False
69,3087,,False
69,3089,,False
69,3091,,False
69,3096,,False
69,3100,,False
69,3101,,False
69,3107,,False
69,3122,,False
69,3139,,False
69,3141,,False
69,3144,,False
69,3153,,False
69,3160,,False
69,3167,,False
69,3179,,False
69,3192,,False
69,3196,,False
69,3211,,False
69,3219,,False
69,3223,,False
69,3229,,False
69,3233,,False
69,3250,,False
69,3257,,False
69,3273,,False
69,3274,,False
69,3285,,False
69,3299,,False
69,3321,,False
69,3327,,False
69,3328,,False
69,3330,,False
69,3337,,False
69,3338,,False
69,3347,,False
69,3359,,False
69,3360,,False
69,3379,,False
69,3381,,False
69,3385,,False
69,3400,,False
69,3401,,False
69,3403,,False
69,3436,,False
69,3451,,False
69,3456,,False
69,3468,,False
69,3469,,False
69,3490,,False
69,3493,,False
69,3500,,False
69,3514,,False
69,3520,,False
69,3522,,False
69,3527,,False
69,3528,,False
69,3529,,False
69,3544,,False
69,3548,,False
69,3552,,False
69,3558,,False
69,3565,,False
69,3566,,False
69,3582,,False
69,3603,,False
69,3628,,False
69,3638,,False
69,3639,,False
69,3644,,False
69,3648,,False
69,3651,,False
69,3659,,False
69,3664,,False
69,3670,,False
69,3675,,False
69,3677,,False
69,3682,,False
69,3699,,False
69,3716,,False
69,3752,,False
69,3755,,False
69,3756,,False
69,3776,,False
69,3795,,False
69,3819,,False
69,3823,,False
69,3843,,False
69,3850,,False
69,3865,,False
69,3874,,False
69,3889,,False
69,3905,,False
69,3926,,False
69,3932,,False
69,3946,,False
69,3959,,False
69,3962,,False
69,3975,,False
69,3985,,False
69,3988,,False
69,3991,,False
69,4002,,False
69,4049,,False
69,4050,,False
69,4061,,False
69,4073,,False
69,4075,,False
69,4092,,False
69,4096,,False
69,4100,,False
69,4114,,False
69,4115,,False
69,4122,,False
69,4123,,False
69,4129,,False
69,4139,,False
69,4142,,False
69,4145,,False
69,4150,,False
69,4154,,False
69,4157,,False
69,4166,,False
69,4172,,False
69,4183,,False
69,4185,,False
69,4188,,False
69,4194,,False
69,4209,,False
69,4227,,False
69,4230,,False
69,4245,,False
69,4260,,False
69,4266,,False
69,4269,,False
69,4274,,False
69,4278,,False
69,4291,,False
69,4299,,False
69,4301,,False
69,4319,,False
69,4324,,False
69,4326,,False
69,4336,,False
69,4338,,False
69,4342,,False
69,4343,,False
69,4349,,False
69,4350,,False
69,4359,,False
69,4362,,False
69,4374,,False
69,4388,,False
69,4390,,False
69,4402,,False
69,4407,,False
69,4411,,False
69,4414,,False
69,4425,,False
69,4434,,False
69,4438,,False
69,4445,,False
69,4446,,False
69,4449,,False
69,4452,,False
69,4469,,False
69,4476,,False
69,4477,,False
69,4485,,False
69,4502,,False
69,4505,,False
69,4519,,False
69,4523,,False
69,4524,,False
69,4527,,False
69,4537,,False
69,4540,,False
69,4541,,False
69,4543,,False
69,4547,,False
69,4550,,False
69,4563,,False
69,4570,,False
69,4577,,False
69,4589,,False
69,4590,,False
69,4608,,False
69,4613,,False
69,4614,,False
69,4628,,False
69,4640,,False
69,4642,,False
69,4644,,False
69,4653,,False
69,4662,,False
69,4672,,False
69,4677,,False
69,4687,,False
69,4692,,False
69,4699,,False
69,4703,,False
69,4709,,False
69,4713,,False
69,4714,,False
69,4716,,False
69,4730,,False
69,4749,,False
69,4755,,False
69,4759,,False
69,4768,,False
69,4773,,False
69,4776,,False
69,4785,,False
69,4797,,False
69,4799,,False
69,4803,,False
69,4811,,False
69,4819,,False
69,4828,,False
69,4832,,False
69,4837,,False
69,4841,,False
69,4853,,False
69,4854,,False
69,4868,,False
69,4875,,False
69,4877,,False
69,4881,,False
69,4911,,False
69,4920,,False
69,4923,,False
69,4930,,False
69,4936,,False
69,4948,,False
69,4950,,False
69,4964,,False
69,4966,,False
69,4972,,False
69,4982,,False
69,4984,,False
69,4986,,False
69,4987,,False
69,4994,,False
69,4997,,False
69,5003,,False
69,5005,,False
69,5018,,False
69,5027,,False
69,5037,,False
69,5041,,False
69,5051,,False
69,5052,,False
69,5062,,False
69,5064,,False
69,5069,,False
69,5076,,False
69,5077,,False
69,5084,,False
69,5096,,False
69,5099,,False
69,5100,,False
69,5115,,False
69,5116,,False
69,5124,,False
69,5132,,False
69,5135,,False
69,5149,,False
69,5161,,False
69,5167,,False
69,5171,,False
69,5180,,False
69,5188,,False
69,5189,,False
69,5207,,False
69,5212,,False
69,5214,,False
69,5231,,False
69,5236,,False
69,5241,,False
69,5244,,False
69,5261,,False
69,5275,,False
69,5290,,False
69,5294,,False
69,5299,,False
69,5302,,False
69,5305,,False
69,5310,,False
69,5320,,False
69,5331,,False
69,5333,,False
69,5334,,False
69,5339,,False
69,5365,,False
69,5376,,False
69,5378,,False
69,5388,,False
69,5390,,False
69,5400,,False
69,5406,,False
69,5413,,False
69,5423,,False
69,5429,,False
69,5431,,False
69,5441,,False
69,5442,,False
69,5452,,False
69,5454,,False
69,5458,,False
69,5459,,False
69,5460,,False
69,5464,,False
69,5487,,False
69,5492,,False
69,5493,,False
69,5497,,False
69,5498,,False
69,5499,,False
69,5528,,False
69,5529,,False
69,5534,,False
69,5542,,False
69,5558,,False
69,5568,,False
69,5586,,False
69,5594,,False
69,5596,,False
69,5604,,False
69,5607,,False
69,5608,,False
69,5609,,False
69,5610,,False
69,5619,,False
69,5631,,False
69,5632,,False
69,5637,,False
69,5639,,False
69,5641,,False
69,5656,,False
69,5673,,False
69,5681,,False
69,5683,,False
69,5696,,False
69,5700,,False
69,5708,,False
69,5721,,False
69,5728,,False
69,5741,,False
69,5745,,False
69,5754,,False
69,5756,,False
69,5758,,False
69,5780,,False
69,5794,,False
69,5795,,False
69,5803,,False
69,5807,,False
69,5810,,False
69,5812,,False
69,5819,,False
69,5830,,False
69,5831,,False
69,5848,,False
69,5852,,False
69,5862,,False
69,5863,,False
69,5864,,False
69,5879,,False
69,5918,,False
69,5920,,False
69,5933,,False
69,5936,,False
69,5937,,False
69,5938,,False
69,5941,,False
69,5943,,False
69,5948,,False
69,5963,,False
69,5975,,False
69,5982,,False
69,5996,,False
69,6000,,False
69,6003,,False
69,6012,,False
69,6023,,False
69,6027,,False
69,6032,,False
69,6035,,False
69,6037,,False
69,6042,,False
69,6046,,False
69,6049,,False
69,6063,,False
69,6070,,False
69,6072,,False
69,6081,,False
69,6087,,False
69,6090,,False
69,6094,,False
69,6097,,False
69,6102,,False
69,6105,,False
69,6109,,False
69,6124,,False
69,6135,,False
69,6138,,False
69,6159,,False
69,6168,,False
69,6176,,False
69,6204,,False
69,6226,,False
69,6230,,False
69,6245,,False
69,6246,,False
69,6248,,False
69,6252,,False
69,6258,,False
69,6263,,False
69,6272,,False
69,6276,,False
69,6278,,False
69,6284,,False
69,6312,,False
69,6326,,False
69,6333,,False
69,6336,,False
69,6341,,False
69,6355,,False
69,6361,,False
69,6365,,False
69,6372,,False
69,6391,,False
69,6394,,False
69,6402,,False
69,6404,,False
69,6411,,False
69,6420,,False
69,6426,,False
69,6427,,False
69,6432,,False
69,6435,,False
69,6440,,False
69,6447,,False
69,6458,,False
69,6462,,False
69,6485,,False
69,6486,,False
69,6489,,False
69,6492,,False
69,6513,,False
69,6515,,False
69,6519,,False
69,6520,,False
69,6536,,False
69,6550,,False
69,6557,,False
69,6575,,False
69,6578,,False
69,6603,,False
69,6613,,False
69,6619,,False
69,6622,,False
69,6630,,False
69,6635,,False
69,6639,,False
69,6653,,False
69,6656,,False
69,6658,,False
69,6663,,False
69,6691,,False
69,6701,,False
69,6709,,False
69,6710,,False
69,6716,,False
69,6736,,False
69,6738,,False
69,6746,,False
69,6753,,False
69,6754,,False
69,6758,,False
69,6766,,False
69,6800,,False
69,6812,,False
69,6823,,False
69,6826,,False
69,6827,,False
69,6829,,False
69,6838,,False
69,6842,,False
69,6849,,False
69,6850,,False
69,6852,,False
69,6856,,False
69,6857,,False
69,6863,,False
69,6864,,False
69,6885,,False
69,6891,,False
69,6894,,False
69,6904,,False
69,6921,,False
69,6928,,False
69,6934,,False
69,6937,,False
69,6939,,False
69,6943,,False
69,6961,,False
69,6962,,False
69,6967,,False
69,6974,,False
69,6976,,False
69,6977,,False
69,6978,,False
69,6988,,False
69,6991,,False
69,6994,,False
69,6996,,False
69,7005,,False
69,7012,,False
69,7013,,False
69,7022,,False
69,7043,,False
69,7052,,False
69,7053,,False
69,7058,,False
69,7061,,False
69,7071,,False
69,7096,,False
69,7109,,False
69,7131,,False
69,7132,,False
69,7135,,False
69,7142,,False
69,7146,,False
69,7154,,False
69,7156,,False
69,7162,,False
69,7164,,False
69,7166,,False
69,7173,,False
69,7176,,False
69,7181,,False
69,7185,,False
69,7199,,False
69,7217,,False
69,7220,,False
69,7222,,False
69,7231,,False
69,7235,,False
69,7236,,False
69,7239,,False
69,7240,,False
69,7251,,False
69,7258,,False
69,7261,,False
69,7264,,False
69,7265,,False
69,7279,,False
69,7286,,False
69,7292,,False
69,7304,,False
69,7307,,False
69,7309,,False
69,7317,,False
69,7327,,False
69,7328,,False
69,7336,,False
69,7340,,False
69,7341,,False
69,7348,,False
69,7360,,False
69,7361,,False
69,7378,,False
69,7401,,False
69,7406,,False
69,7417,,False
69,7422,,False
69,7429,,False
69,7434,,False
69,7438,,False
69,7440,,False
69,7447,,False
69,7448,,False
69,7462,,False
69,7477,,False
69,7483,,False
69,7487,,False
69,7492,,False
69,7499,,False
69,7515,,False
69,7516,,False
69,7549,,False
69,7565,,False
69,7568,,False
69,7581,,False
69,7611,,False
69,7613,,False
69,7645,,False
69,7653,,False
69,7662,,False
69,7683,,False
69,7689,,False
69,7698,,False
69,7699,,False
69,7707,,False
69,7713,,False
69,7716,,False
69,7720,,False
69,7733,,False
69,7737,,False
69,7738,,False
69,7747,,False
69,7770,,False
69,7772,,False
69,7778,,False
69,7783,,False
69,7786,,False
69,7791,,False
69,7803,,False
69,7814,,False
69,7832,,False
69,7841,,False
69,7843,,False
69,7844,,False
69,7864,,False
69,7865,,False
69,7869,,False
69,7885,,False
69,7887,,False
69,7894,,False
69,7904,,False
69,7914,,False
69,7917,,False
69,7932,,False
69,7950,,False
69,7953,,False
69,7956,,False
69,7970,,False
69,7973,,False
69,7984,,False
69,7999,,False
69,8002,,False
69,8010,,False
69,8039,,False
69,8042,,False
69,8044,,False
69,8090,,False
69,8119,,False
69,8120,,False
69,8123,,False
69,8127,,False
69,8130,,False
69,8160,,False
69,8161,,False
69,8168,,False
69,8170,,False
69,8181,,False
69,8182,,False
69,8185,,False
69,8188,,False
69,8189,,False
69,8214,,False
69,8215,,False
69,8238,,False
69,8247,,False
69,8249,,False
69,8281,,False
69,8300,,False
69,8309,,False
69,8321,,False
69,8322,,False
69,8334,,False
69,8340,,False
69,8341,,False
69,8344,,False
69,8360,,False
69,8366,,False
69,8371,,False
69,8383,,False
69,8391,,False
69,8396,,False
69,8403,,False
69,8412,,False
69,8434,,False
69,8435,,False
69,8442,,False
69,8447,,False
69,8456,,False
69,8466,,False
69,8470,,False
69,8482,,False
69,8484,,False
69,8490,,False
69,8500,,False
69,8503,,False
69,8505,,False
69,8521,,False
69,8522,,False
69,8523,,False
69,8543,,False
69,8546,,False
69,8565,,False
69,8570,,False
69,8572,,False
69,8592,,False
69,8599,,False
69,8610,,False
69,8614,,False
69,8618,,False
69,8620,,False
69,8628,,False
69,8633,,False
69,8636,,False
69,8644,,False
69,8646,,False
69,8647,,False
69,8648,,False
69,8652,,False
69,8663,,False
69,8667,,False
69,8686,,False
69,8692,,False
69,8697,,False
69,8705,,False
69,8709,,False
69,8710,,False
69,8713,,False
69,8720,,False
69,8721,,False
69,8727,,False
69,8734,,False
69,8739,,False
69,8772,,False
69,8773,,False
69,8774,,False
69,8781,,False
69,8796,,False
69,8800,,False
69,8809,,False
69,8814,,False
69,8822,,False
69,8832,,False
69,8835,,False
69,8840,,False
69,8848,,False
69,8867,,False
69,8871,,False
69,8877,,False
69,8881,,False
69,8887,,False
69,8893,,False
69,8898,,False
69,8905,,False
69,8911,,False
69,8914,,False
69,8917,,False
69,8923,,False
69,8929,,False
69,8936,,False
69,8938,,False
69,8951,,False
69,8953,,False
69,8975,,False
69,8982,,False
69,8983,,False
69,8986,,False
69,8989,,False
69,8992,,False
69,9013,,False
69,9027,,False
69,9033,,False
69,9038,,False
69,9040,,False
69,9041,,False
69,9053,,False
69,9054,,False
69,9060,,False
69,9067,,False
69,9080,,False
69,9099,,False
69,9101,,False
69,9114,,False
69,9118,,False
69,9125,,False
69,9137,,False
69,9143,,False
69,9162,,False
69,9164,,False
69,9181,,False
69,9182,,False
69,9185,,False
69,9186,,False
69,9188,,False
69,9190,,False
69,9191,,False
69,9192,,False
69,9193,,False
69,9204,,False
69,9207,,False
69,9213,,False
69,9216,,False
69,9218,,False
69,9220,,False
69,9223,,False
69,9229,,False
69,9231,,False
69,9250,,False
69,9253,,False
69,9254,,False
69,9264,,False
69,9268,,False
69,9281,,False
69,9293,,False
69,9301,,False
69,9303,,False
69,9307,,False
69,9328,,False
69,9334,,False
69,9337,,False
69,9355,,False
69,9359,,False
69,9361,,False
69,9366,,False
69,9370,,False
69,9396,,False
69,9407,,False
69,9410,,False
69,9414,,False
69,9417,,False
69,9421,,False
69,9425,,False
69,9426,,False
69,9442,,False
69,9444,,False
69,9448,,False
69,9449,,False
69,9453,,False
69,9454,,False
69,9464,,False
69,9468,,False
69,9471,,False
69,9482,,False
69,9483,,False
69,9486,,False
69,9488,,False
69,9493,,False
69,9502,,False
69,9526,,False
69,9537,,False
69,9538,,False
69,9561,,False
69,9562,,False
69,9574,,False
69,9591,,False
69,9602,,False
69,9625,,False
69,9628,,False
69,9645,,False
69,9661,,False
69,9662,,False
69,9665,,False
69,9667,,False
69,9676,,False
69,9678,,False
69,9689,,False
69,9699,,False
69,9715,,False
69,9717,,False
69,9721,,False
69,9733,,False
69,9737,,False
69,9750,,False
69,9759,,False
69,9761,,False
69,9762,,False
69,9763,,False
69,9764,,False
69,9774,,False
69,9778,,False
69,9789,,False
69,9790,,False
69,9794,,False
69,9799,,False
69,9823,,False
69,9824,,False
69,9830,,False
69,9845,,False
69,9851,,False
69,9866,,False
69,9869,,False
69,9871,,False
69,9879,,False
69,9886,,False
69,9895,,False
69,9898,,False
69,9904,,False
69,9905,,False
69,9929,,False
69,9934,,False
69,9939,,False
69,9944,,False
69,9946,,False
69,9950,,False
69,9953,,False
69,9957,,False
69,9969,,False
69,9973,,False
69,9978,,False
69,9985,,False
69,9993,,False
69,9998,,False
69,10029,,False
69,10033,,False
69,10035,,False
69,10040,,False
69,10058,,False
69,10059,,False
69,10065,,False
69,10066,,False
69,10070,,False
69,10079,,False
69,10082,,False
69,10091,,False
69,10094,,False
69,10105,,False
69,10108,,False
69,10116,,False
69,10126,,False
69,10128,,False
69,10129,,False
69,10132,,False
69,10140,,False
69,10146,,False
69,10152,,False
69,10161,,False
69,10169,,False
69,10220,,False
69,10224,,False
69,10228,,False
69,10244,,False
69,10246,,False
69,10248,,False
69,10255,,False
69,10257,,False
69,10265,,False
69,10271,,False
69,10273,,False
69,10299,,False
69,10323,,False
69,10331,,False
69,10339,,False
69,10354,,False
69,10357,,False
69,10359,,False
69,10368,,False
69,10400,,False
69,10402,,False
69,10403,,False
69,10410,,False
69,10413,,False
69,10418,,False
69,10420,,False
69,10430,,False
69,10443,,False
69,10445,,False
69,10448,,False
69,10454,,False
69,10459,,False
69,10464,,False
69,10468,,False
69,10469,,False
69,10475,,False
69,10484,,False
69,10485,,False
69,10500,,False
69,10508,,False
69,10512,,False
69,10524,,False
69,10548,,False
69,10549,,False
69,10574,,False
69,10577,,False
69,10580,,False
69,10584,,False
69,10597,,False
69,10599,,False
69,10615,,False
69,10625,,False
69,10627,,False
69,10633,,False
69,10657,,False
69,10668,,False
69,10669,,False
69,10678,,False
69,10694,,False
69,10697,,False
69,10700,,False
69,10703,,False
69,10726,,False
69,10739,,False
69,10758,,False
69,10759,,False
69,10770,,False
69,10777,,False
69,10778,,False
69,10797,,False
69,10801,,False
69,10803,,False
69,10807,,False
69,10809,,False
69,10817,,False
69,10828,,False
69,10829,,False
69,10832,,False
69,10835,,False
69,10847,,False
69,10858,,False
69,10865,,False
69,10866,,False
69,10875,,False
69,10885,,False
69,10886,,False
69,10887,,False
69,10893,,False
69,10894,,False
69,10899,,False
69,10906,,False
69,10908,,False
69,10916,,False
69,10931,,False
69,10949,,False
69,10953,,False
69,10958,,False
69,10966,,False
69,10976,,False
69,10977,,False
69,10982,,False
69,10985,,False
69,11003,,False
69,11004,,False
69,11008,,False
69,11018,,False
69,11021,,False
69,11028,,False
69,11055,,False
69,11069,,False
69,11074,,False
69,11077,,False
69,11091,,False
69,11098,,False
69,11100,,False
69,11101,,False
69,11102,,False
69,11116,,False
69,11120,,False
69,11129,,False
69,11134,,False
69,11137,,False
69,11148,,False
69,11152,,False
69,11154,,False
69,11163,,False
69,11198,,False
69,11203,,False
69,11205,,False
69,11216,,False
69,11223,,False
69,11226,,False
69,11237,,False
69,11247,,False
69,11248,,False
69,11254,,False
69,11255,,False
69,11258,,False
69,11295,,False
69,11306,,False
69,11309,,False
69,11314,,False
69,11317,,False
69,11319,,False
69,11322,,False
69,11323,,False
69,11328,,False
69,11331,,False
69,11337,,False
69,11340,,False
69,11343,,False
69,11345,,False
69,11346,,False
69,11348,,False
69,11362,,False
69,11364,,False
69,11383,,False
69,11396,,False
69,11410,,False
69,11423,,False
69,11427,,False
69,11430,,False
69,11435,,False
69,11436,,False
69,11438,,False
69,11447,,False
69,11456,,False
69,11463,,False
69,11474,,False
69,11480,,False
69,11491,,False
69,11502,,False
69,11503,,False
69,11506,,False
69,11510,,False
69,11514,,False
69,11516,,False
69,11519,,False
69,11527,,False
69,11555,,False
69,11566,,False
69,11572,,False
69,11581,,False
69,11584,,False
69,11588,,False
69,11590,,False
69,11608,,False
69,11625,,False
69,11626,,False
69,11629,,False
69,11633,,False
69,11636,,False
69,11640,,False
69,11646,,False
69,11661,,False
69,11675,,False
69,11683,,False
69,11688,,False
69,11692,,False
69,11702,,False
69,11706,,False
69,11707,,False
69,11711,,False
69,11730,,False
69,11737,,False
69,11743,,False
69,11744,,False
69,11755,,False
69,11757,,False
69,11767,,False
69,11773,,False
69,11776,,False
69,11784,,False
69,11790,,False
69,11800,,False
69,11804,,False
69,11808,,False
69,11810,,False
69,11812,,False
69,11817,,False
69,11820,,False
69,11821,,False
69,11843,,False
69,11855,,False
69,11859,,False
69,11865,,False
69,11871,,False
69,11876,,False
69,11877,,False
69,11882,,False
69,11888,,False
69,11901,,False
69,11905,,False
69,11909,,False
69,11920,,False
69,11931,,False
69,11937,,False
69,11941,,False
69,11964,,False
69,11966,,False
69,11969,,False
69,11972,,False
69,11975,,False
69,11992,,False
69,12001,,False
69,12002,,False
69,12035,,False
69,12041,,False
69,12044,,False
69,12047,,False
69,12051,,False
69,12081,,False
69,12092,,False
69,12095,,False
69,12100,,False
69,12114,,False
69,12121,,False
69,12136,,False
69,12137,,False
69,12147,,False
69,12149,,False
69,12155,,False
69,12157,,False
69,12164,,False
69,12172,,False
69,12178,,False
69,12209,,False
69,12210,,False
69,12216,,False
69,12217,,False
69,12222,,False
69,12242,,False
69,12243,,False
69,12247,,False
69,12253,,False
69,12270,,False
69,12285,,False
69,12289,,False
69,12296,,False
69,12305,,False
69,12316,,False
69,12343,,False
69,12344,,False
69,12358,,False
69,12359,,False
69,12376,,False
69,12385,,False
69,12406,,False
69,12407,,False
69,12412,,False
69,12417,,False
69,12425,,False
69,12443,,False
69,12447,,False
69,12449,,False
69,12490,,False
69,12496,,False
69,12497,,False
69,12512,,False
69,12513,,False
69,12517,,False
69,12538,,False
69,12546,,False
69,12549,,False
69,12553,,False
69,12556,,False
69,12558,,False
69,12580,,False
69,12583,,False
69,12589,,False
69,12591,,False
69,12599,,False
69,12600,,False
69,12605,,False
69,12614,,False
69,12615,,False
69,12624,,False
69,12644,,False
69,12661,,False
69,12678,,False
69,12682,,False
69,12683,,False
69,12693,,False
69,12701,,False
69,12702,,False
69,12717,,False
69,12724,,False
69,12727,,False
69,12755,,False
69,12763,,False
69,12772,,False
69,12788,,False
69,12791,,False
69,12796,,False
69,12801,,False
69,12814,,False
69,12821,,False
69,12829,,False
69,12831,,False
69,12834,,False
69,12836,,False
69,12841,,False
69,12852,,False
69,12858,,False
69,12869,,False
69,12877,,False
69,12879,,False
69,12882,,False
69,12884,,False
69,12889,,False
69,12896,,False
69,12899,,False
69,12913,,False
69,12920,,False
69,12931,,False
69,12939,,False
69,12944,,False
69,12947,,False
69,12950,,False
69,12954,,False
69,12961,,False
69,12979,,False
69,12984,,False
69,12993,,False
69,13010,,False
69,13011,,False
69,13015,,False
69,13021,,False
69,13025,,False
69,13032,,False
69,13033,,False
69,13061,,False
69,13066,,False
69,13073,,False
69,13084,,False
69,13085,,False
69,13089,,False
69,13090,,False
69,13095,,False
69,13126,,False
69,13127,,False
69,13142,,False
69,13148,,False
69,13153,,False
69,13166,,False
69,13194,,False
69,13213,,False
69,13214,,False
69,13225,,False
69,13235,,False
69,13238,,False
69,13243,,False
69,13252,,False
69,13267,,False
69,13270,,False
69,13272,,False
69,13274,,False
69,13276,,False
69,13277,,False
69,13284,,False
69,13294,,False
69,13300,,False
69,13301,,False
69,13306,,False
69,13327,,False
69,13340,,False
69,13342,,False
69,13348,,False
69,13351,,False
69,13358,,False
69,13362,,False
69,13363,,False
69,13382,,False
69,13383,,False
69,13398,,False
69,13403,,False
69,13416,,False
69,13417,,False
69,13423,,False
69,13426,,False
69,13440,,False
69,13443,,False
69,13454,,False
69,13455,,False
69,13461,,False
69,13462,,False
69,13464,,False
69,13467,,False
69,13477,,False
69,13497,,False
69,13499,,False
69,13501,,False
69,13505,,False
69,13508,,False
69,13523,,False
69,13524,,False
69,13525,,False
69,13530,,False
69,13541,,False
69,13556,,False
69,13580,,False
69,13583,,False
69,13592,,False
69,13598,,False
69,13616,,False
69,13621,,False
69,13622,,False
69,13627,,False
69,13640,,False
69,13658,,False
69,13664,,False
69,13666,,False
69,13668,,False
69,13672,,False
69,13689,,False
69,13698,,False
69,13699,,False
69,13701,,False
69,13707,,False
69,13717,,False
69,13718,,False
69,13728,,False
69,13733,,False
69,13749,,False
69,13779,,False
69,13794,,False
69,13819,,False
69,13827,,False
69,13838,,False
69,13841,,False
69,13859,,False
69,13861,,False
69,13881,,False
69,13907,,False
69,13908,,False
69,13910,,False
69,13921,,False
69,13923,,False
69,13930,,False
69,13931,,False
69,13934,,False
69,13943,,False
69,13955,,False
69,13967,,False
69,13980,,False
69,13988,,False
69,13991,,False
69,14004,,False
69,14014,,False
69,14043,,False
69,14046,,False
69,14050,,False
69,14060,,False
69,14069,,False
69,14076,,False
69,14082,,False
69,14088,,False
69,14098,,False
69,14121,,False
69,14124,,False
69,14125,,False
69,14137,,False
69,14139,,False
69,14140,,False
69,14164,,False
69,14171,,False
69,14187,,False
69,14192,,False
69,14198,,False
69,14206,,False
69,14208,,False
69,14234,,False
69,14241,,False
69,14242,,False
69,14249,,False
69,14250,,False
69,14259,,False
69,14310,,False
69,14318,,False
69,14325,,False
69,14363,,False
69,14364,,False
69,14365,,False
69,14377,,False
69,14378,,False
69,14381,,False
69,14392,,False
69,14418,,False
69,14420,,False
69,14429,,False
69,14441,,False
69,14442,,False
69,14447,,False
69,14448,,False
69,14472,,False
69,14482,,False
69,14483,,False
69,14487,,False
69,14511,,False
69,14512,,False
69,14522,,False
69,14524,,False
69,14533,,False
69,14541,,False
69,14542,,False
69,14554,,False
69,14556,,False
69,14561,,False
69,14566,,False
69,14573,,False
69,14597,,False
69,14599,,False
69,14604,,False
69,14607,,False
69,14618,,False
69,14629,,False
69,14643,,False
69,14646,,False
69,14652,,False
69,14653,,False
69,14655,,False
69,14671,,False
69,14675,,False
69,14680,,False
69,14682,,False
69,14685,,False
69,14693,,False
69,14695,,False
69,14703,,False
69,14707,,False
69,14711,,False
69,14714,,False
69,14717,,False
69,14722,,False
69,14737,,False
69,14764,,False
69,14765,,False
69,14782,,False
69,14786,,False
69,14794,,False
69,14795,,False
69,14797,,False
69,14810,,False
69,14812,,False
69,14816,,False
69,14818,,False
69,14820,,False
69,14822,,False
69,14826,,False
69,14832,,False
69,14839,,False
69,14850,,False
69,14868,,False
69,14872,,False
69,14875,,False
69,14881,,False
69,14905,,False
69,14907,,False
69,14913,,False
69,14922,,False
69,14929,,False
69,14931,,False
69,14936,,False
69,14942,,False
69,14946,,False
69,14952,,False
69,14956,,False
69,14970,,False
69,14974,,False
69,14982,,False
69,14983,,False
69,15001,,False
69,15016,,False
69,15025,,False
69,15027,,False
69,15033,,False
69,15039,,False
69,15043,,False
69,15048,,False
69,15064,,False
69,15079,,False
69,15090,,False
69,15092,,False
69,15102,,False
69,15105,,False
69,15106,,False
69,15112,,False
69,15118,,False
69,15121,,False
69,15129,,False
69,15134,,False
69,15135,,False
69,15137,,False
69,15138,,False
69,15142,,False
69,15150,,False
69,15189,,False
69,15195,,False
69,15198,,False
69,15203,,False
69,15206,,False
69,15207,,False
69,15224,,False
69,15226,,False
69,15237,,False
69,15238,,False
69,15240,,False
69,15251,,False
69,15254,,False
69,15264,,False
69,15275,,False
69,15280,,False
69,15294,,False
69,15296,,False
69,15310,,False
69,15313,,False
69,15316,,False
69,15327,,False
69,15338,,False
69,15343,,False
69,15346,,False
69,15347,,False
69,15356,,False
69,15364,,False
69,15370,,False
69,15380,,False
69,15391,,False
69,15402,,False
69,15407,,False
69,15409,,False
69,15417,,False
69,15432,,False
69,15450,,False
69,15454,,False
69,15457,,False
69,15467,,False
69,15478,,False
69,15480,,False
69,15488,,False
69,15489,,False
69,15509,,False
69,15512,,False
69,15519,,False
69,15524,,False
69,15538,,False
69,15542,,False
69,15545,,False
69,15554,,False
69,15557,,False
69,15563,,False
69,15577,,False
69,15579,,False
69,15581,,False
69,15588,,False
69,15603,,False
69,15610,,False
69,15611,,False
69,15616,,False
69,15653,,False
69,15659,,False
69,15662,,False
69,15668,,False
69,15670,,False
69,15672,,False
69,15684,,False
69,15692,,False
69,15700,,False
69,15717,,False
69,15733,,False
69,15736,,False
69,15750,,False
69,15763,,False
69,15766,,False
69,15779,,False
69,15783,,False
69,15790,,False
69,15809,,False
69,15812,,False
69,15816,,False
69,15819,,False
69,15823,,False
69,15828,,False
69,15842,,False
69,15855,,False
69,15859,,False
69,15865,,False
69,15870,,False
69,15871,,False
69,15873,,False
69,15877,,False
69,15906,,False
69,15907,,False
69,15920,,False
69,15922,,False
69,15924,,False
69,15937,,False
69,15944,,False
69,15947,,False
69,15950,,False
69,15960,,False
69,15967,,False
69,15973,,False
69,15974,,False
69,15978,,False
69,15992,,False
69,15996,,False
69,16003,,False
69,16009,,False
69,16025,,False
69,16041,,False
69,16059,,False
69,16073,,False
69,16086,,False
69,16088,,False
69,16105,,False
69,16108,,False
69,16112,,False
69,16128,,False
69,16146,,False
69,16148,,False
69,16160,,False
69,16167,,False
69,16168,,False
69,16169,,False
69,16181,,False
69,16182,,False
69,16184,,False
69,16186,,False
69,16191,,False
69,16201,,False
69,16208,,False
69,16209,,False
69,16214,,False
69,16219,,False
69,16221,,False
69,16223,,False
69,16224,,False
69,16230,,False
69,16234,,False
69,16236,,False
69,16246,,False
69,16250,,False
69,16264,,False
69,16267,,False
69,16269,,False
69,16272,,False
69,16275,,False
69,16280,,False
69,16292,,False
69,16307,,False
69,16313,,False
69,16321,,False
69,16324,,False
69,16345,,False
69,16366,,False
69,16368,,False
69,16370,,False
69,16372,,False
69,16380,,False
69,16389,,False
69,16395,,False
69,16417,,False
69,16418,,False
69,16425,,False
69,16434,,False
69,16438,,False
69,16449,,False
69,16461,,False
69,16483,,False
69,16484,,False
69,16488,,False
69,16494,,False
69,16495,,False
69,16501,,False
69,16517,,False
69,16522,,False
69,16532,,False
69,16545,,False
69,16548,,False
69,16552,,False
69,16576,,False
69,16582,,False
69,16586,,False
69,16587,,False
69,16621,,False
69,16626,,False
69,16630,,False
69,16641,,False
69,16642,,False
69,16645,,False
69,16647,,False
69,16654,,False
69,16657,,False
69,16674,,False
69,16681,,False
69,16687,,False
69,16695,,False
69,16696,,False
69,16712,,False
69,16715,,False
69,16717,,False
69,16721,,False
69,16723,,False
69,16727,,False
69,16730,,False
69,16735,,False
69,16750,,False
69,16753,,False
69,16757,,False
69,16764,,False
69,16765,,False
69,16766,,False
69,16769,,False
69,16775,,False
69,16796,,False
69,16802,,False
69,16811,,False
69,16822,,False
69,16823,,False
69,16847,,False
69,16851,,False
69,16853,,False
69,16866,,False
69,16869,,False
69,16870,,False
69,16876,,False
69,16878,,False
69,16882,,False
69,16889,,False
69,16892,,False
69,16919,,False
69,16920,,False
69,16933,,False
69,16944,,False
69,16948,,False
69,16958,,False
69,16965,,False
69,16975,,False
69,16988,,False
69,16991,,False
69,16994,,False
69,17012,,False
69,17013,,False
69,17026,,False
69,17033,,False
69,17043,,False
69,17045,,False
69,17049,,False
69,17054,,False
69,17073,,False
69,17076,,False
69,17079,,False
69,17086,,False
69,17091,,False
69,17142,,False
69,17143,,False
69,17154,,False
69,17161,,False
69,17162,,False
69,17168,,False
69,17171,,False
69,17178,,False
69,17182,,False
69,17210,,False
69,17214,,False
69,17215,,False
69,17220,,False
69,17223,,False
69,17237,,False
69,17239,,False
69,17241,,False
69,17243,,False
69,17257,,False
69,17259,,False
69,17262,,False
69,17277,,False
69,17287,,False
69,17297,,False
69,17303,,False
69,17324,,False
69,17325,,False
69,17339,,False
69,17345,,False
69,17349,,False
69,17352,,False
69,17360,,False
69,17363,,False
69,17364,,False
69,17377,,False
69,17381,,False
69,17385,,False
69,17396,,False
69,17397,,False
69,17423,,False
69,17442,,False
69,17445,,False
69,17447,,False
69,17454,,False
69,17467,,False
69,17472,,False
69,17477,,False
69,17483,,False
69,17495,,False
69,17496,,False
69,17502,,False
69,17515,,False
69,17518,,False
69,17526,,False
69,17528,,False
69,17535,,False
69,17536,,False
69,17561,,False
69,17568,,False
69,17574,,False
69,17578,,False
69,17586,,False
69,17610,,False
69,17616,,False
69,17620,,False
69,17623,,False
69,17641,,False
69,17647,,False
69,17651,,False
69,17658,,False
69,17660,,False
69,17666,,False
69,17672,,False
69,17681,,False
69,17689,,False
69,17701,,False
69,17706,,False
69,17709,,False
69,17712,,False
69,17719,,False
69,17723,,False
69,17748,,False
69,17771,,False
69,17783,,False
69,17784,,False
69,17798,,False
69,17802,,False
69,17825,,False
69,17830,,False
69,17831,,False
69,17846,,False
69,17848,,False
69,17853,,False
69,17861,,False
69,17866,,False
69,17871,,False
69,17875,,False
69,17877,,False
69,17888,,False
69,17912,,False
69,17924,,False
69,17928,,False
69,17930,,False
69,17944,,False
69,17950,,False
69,17954,,False
69,17960,,False
69,17967,,False
69,17982,,False
69,18005,,False
69,18015,,False
69,18032,,False
69,18036,,False
69,18039,,False
69,18044,,False
69,18048,,False
69,18051,,False
69,18061,,False
69,18073,,False
69,18074,,False
69,18090,,False
69,18099,,False
69,18104,,False
69,18117,,False
69,18118,,False
69,18128,,False
69,18136,,False
69,18142,,False
69,18143,,False
69,18145,,False
69,18154,,False
69,18161,,False
69,18164,,False
69,18178,,False
69,18189,,False
69,18202,,False
69,18208,,False
69,18210,,False
69,18258,,False
69,18263,,False
69,18272,,False
69,18310,,False
69,18315,,False
69,18329,,False
69,18334,,False
69,18342,,False
69,18351,,False
69,18353,,False
69,18362,,False
69,18368,,False
69,18380,,False
69,18386,,False
69,18402,,False
69,18424,,False
69,18444,,False
69,18459,,False
69,18460,,False
69,18471,,False
69,18478,,False
69,18483,,False
69,18487,,False
69,18498,,False
69,18510,,False
69,18522,,False
69,18527,,False
69,18539,,False
69,18558,,False
69,18560,,False
69,18565,,False
69,18567,,False
69,18576,,False
69,18599,,False
69,18627,,False
69,18629,,False
69,18635,,False
69,18636,,False
69,18642,,False
69,18664,,False
69,18669,,False
69,18677,,False
69,18678,,False
69,18679,,False
69,18681,,False
69,18707,,False
69,18709,,False
69,18715,,False
69,18726,,False
69,18732,,False
69,18735,,False
69,18741,,False
69,18755,,False
69,18768,,False
69,18775,,False
69,18794,,False
69,18795,,False
69,18805,,False
69,18808,,False
69,18811,,False
69,18824,,False
69,18825,,False
69,18827,,False
69,18831,,False
69,18838,,False
69,18846,,False
69,18861,,False
69,18862,,False
69,18864,,False
69,18873,,False
69,18885,,False
69,18891,,False
69,18892,,False
69,18897,,False
69,18911,,False
69,18916,,False
69,18928,,False
69,18932,,False
69,18939,,False
69,18944,,False
69,18945,,False
69,18946,,False
69,18953,,False
69,18956,,False
69,18959,,False
69,18977,,False
69,18986,,False
69,19003,,False
69,19008,,False
69,19015,,False
69,19019,,False
69,19026,,False
69,19033,,False
69,19035,,False
69,19038,,False
69,19049,,False
69,19056,,False
69,19070,,False
69,19072,,False
69,19086,,False
69,19090,,False
69,19124,,False
69,19152,,False
69,19159,,False
69,19162,,False
69,19179,,False
69,19184,,False
69,19193,,False
69,19197,,False
69,19207,,False
69,19220,,False
69,19229,,False
69,19242,,False
69,19256,,False
69,19267,,False
69,19268,,False
69,19282,,False
69,19295,,False
69,19297,,False
69,19315,,False
69,19330,,False
69,19338,,False
69,19342,,False
69,19349,,False
69,19362,,False
69,19363,,False
69,19372,,False
69,19388,,False
69,19414,,False
69,19430,,False
69,19433,,False
69,19436,,False
69,19480,,False
69,19483,,False
69,19497,,False
69,19500,,False
69,19512,,False
69,19515,,False
69,19521,,False
69,19523,,False
69,19530,,False
69,19531,,False
69,19535,,False
69,19536,,False
69,19538,,False
69,19548,,False
69,19552,,False
69,19562,,False
69,19571,,False
69,19572,,False
69,19586,,False
69,19603,,False
69,19606,,False
69,19607,,False
69,19622,,False
69,19632,,False
69,19633,,False
69,19634,,False
69,19636,,False
69,19642,,False
69,19647,,False
69,19653,,False
69,19656,,False
69,19664,,False
69,19675,,False
69,19687,,False
69,19689,,False
69,19699,,False
69,19706,,False
69,19709,,False
69,19720,,False
69,19730,,False
69,19739,,False
69,19743,,False
69,19746,,False
69,19749,,False
69,19762,,False
69,19781,,False
69,19785,,False
69,19789,,False
69,19798,,False
69,19821,,False
69,19826,,False
69,19830,,False
69,19835,,False
69,19839,,False
69,19842,,False
69,19851,,False
69,19853,,False
69,19866,,False
69,19870,,False
69,19888,,False
69,19896,,False
69,19905,,False
69,19910,,False
69,19914,,False
69,19917,,False
69,19930,,False
69,19934,,False
69,19946,,False
69,19949,,False
69,19958,,False
69,19976,,False
69,19978,,False
69,19994,,False
69,20002,,False
69,20003,,False
69,20005,,False
69,20012,,False
69,20014,,False
69,20017,,False
69,20021,,False
69,20024,,False
69,20026,,False
69,20029,,False
69,20032,,False
69,20041,,False
69,20046,,False
69,20055,,False
69,20057,,False
69,20091,,False
69,20104,,False
69,20112,,False
69,20113,,False
69,20139,,False
69,20140,,False
69,20146,,False
69,20148,,False
69,20150,,False
69,20151,,False
69,20168,,False
69,20178,,False
69,20182,,False
69,20190,,False
69,20196,,False
69,20197,,False
69,20200,,False
69,20204,,False
69,20207,,False
69,20208,,False
69,20209,,False
69,20221,,False
69,20225,,False
69,20226,,False
69,20235,,False
69,20242,,False
69,20249,,False
69,20251,,False
69,20271,,False
69,20281,,False
69,20293,,False
69,20300,,False
69,20303,,False
69,20306,,False
69,20309,,False
69,20311,,False
69,20312,,False
69,20314,,False
69,20317,,False
69,20320,,False
69,20328,,False
69,20334,,False
69,20340,,False
69,20342,,False
69,20349,,False
69,20361,,False
69,20362,,False
69,20365,,False
69,20369,,False
69,20389,,False
69,20399,,False
69,20415,,False
69,20418,,False
69,20422,,False
69,20425,,False
69,20440,,False
69,20444,,False
69,20446,,False
69,20451,,False
69,20452,,False
69,20464,,False
69,20475,,False
69,20476,,False
69,20485,,False
69,20505,,False
69,20508,,False
69,20528,,False
69,20542,,False
69,20560,,False
69,20577,,False
69,20579,,False
69,20581,,False
69,20599,,False
69,20603,,False
69,20611,,False
69,20615,,False
69,20633,,False
69,20649,,False
69,20654,,False
69,20659,,False
69,20660,,False
69,20681,,False
69,20689,,False
69,20695,,False
69,20697,,False
69,20702,,False
69,20710,,False
69,20712,,False
69,20720,,False
69,20729,,False
69,20747,,False
69,20752,,False
69,20753,,False
69,20754,,False
69,20762,,False
69,20766,,False
69,20772,,False
69,20782,,False
69,20784,,False
69,20796,,False
69,20801,,False
69,20805,,False
69,20824,,False
69,20828,,False
69,20838,,False
69,20840,,False
69,20841,,False
69,20844,,False
69,20852,,False
69,20856,,False
69,20858,,False
69,20865,,False
69,20871,,False
69,20878,,False
69,20884,,False
69,20892,,False
69,20893,,False
69,20897,,False
69,20902,,False
69,20908,,False
69,20918,,False
69,20921,,False
69,20935,,False
69,20944,,False
69,20962,,False
69,20964,,False
69,20966,,False
69,20970,,False
69,20972,,False
69,20980,,False
69,20984,,False
69,20997,,False
69,21000,,False
69,21015,,False
69,21037,,False
69,21063,,False
69,21069,,False
69,21075,,False
69,21077,,False
69,21083,,False
69,21090,,False
69,21095,,False
69,21098,,False
69,21103,,False
69,21109,,False
69,21131,,False
69,21135,,False
69,21145,,False
69,21147,,False
69,21158,,False
69,21162,,False
69,21178,,False
69,21204,,False
69,21210,,False
69,21217,,False
69,21236,,False
69,21240,,False
69,21247,,False
69,21252,,False
69,21259,,False
69,21279,,False
69,21290,,False
69,21307,,False
69,21312,,False
69,21314,,False
69,21339,,False
69,21375,,False
69,21382,,False
69,21383,,False
69,21385,,False
69,21393,,False
69,21400,,False
69,21416,,False
69,21441,,False
69,21456,,False
69,21457,,False
69,21461,,False
69,21464,,False
69,21468,,False
69,21473,,False
69,21487,,False
69,21490,,False
69,21491,,False
69,21492,,False
69,21497,,False
69,21507,,False
69,21512,,False
69,21556,,False
69,21571,,False
69,21574,,False
69,21576,,False
69,21586,,False
69,21595,,False
69,21598,,False
69,21619,,False
69,21639,,False
69,21648,,False
69,21653,,False
69,21657,,False
69,21678,,False
69,21683,,False
69,21705,,False
69,21710,,False
69,21728,,False
69,21739,,False
69,21742,,False
69,21760,,False
69,21767,,False
69,21773,,False
69,21796,,False
69,21820,,False
69,21821,,False
69,21822,,False
69,21824,,False
69,21840,,False
69,21847,,False
69,21851,,False
69,21854,,False
69,21857,,False
69,21858,,False
69,21871,,False
69,21872,,False
69,21880,,False
69,21883,,False
69,21884,,False
69,21887,,False
69,21890,,False
69,21891,,False
69,21911,,False
69,21933,,False
69,21945,,False
69,21966,,False
69,21975,,False
69,21978,,False
69,21987,,False
69,21988,,False
69,21989,,False
69,21994,,False
69,21995,,False
69,21998,,False
69,22000,,False
69,22001,,False
69,22021,,False
69,22027,,False
69,22030,,False
69,22052,,False
69,22066,,False
69,22070,,False
69,22102,,False
69,22114,,False
69,22123,,False
69,22126,,False
69,22132,,False
69,22148,,False
69,22168,,False
69,22174,,False
69,22187,,False
69,22219,,False
69,22223,,False
69,22228,,False
69,22249,,False
69,22264,,False
69,22265,,False
69,22272,,False
69,22273,,False
69,22275,,False
69,22296,,False
69,22305,,False
69,22311,,False
69,22315,,False
69,22316,,False
69,22322,,False
69,22325,,False
69,22335,,False
69,22340,,False
69,22348,,False
69,22356,,False
69,22361,,False
69,22368,,False
69,22380,,False
69,22399,,False
69,22404,,False
69,22405,,False
69,22420,,False
69,22422,,False
69,22423,,False
69,22426,,False
69,22431,,False
69,22444,,False
69,22451,,False
69,22455,,False
69,22462,,False
69,22469,,False
69,22471,,False
69,22472,,False
69,22476,,False
69,22509,,False
69,22514,,False
69,22515,,False
69,22548,,False
69,22558,,False
69,22568,,False
69,22590,,False
69,22593,,False
69,22604,,False
69,22617,,False
69,22619,,False
69,22635,,False
69,22639,,False
69,22642,,False
69,22645,,False
69,22660,,False
69,22668,,False
69,22670,,False
69,22702,,False
69,22711,,False
69,22713,,False
69,22724,,False
69,22725,,False
69,22728,,False
69,22739,,False
69,22740,,False
69,22742,,False
69,22757,,False
69,22762,,False
69,22773,,False
69,22774,,False
69,22775,,False
69,22783,,False
69,22784,,False
69,22786,,False
69,22804,,False
69,22805,,False
69,22813,,False
69,22817,,False
69,22823,,False
69,22825,,False
69,22850,,False
69,22857,,False
69,22865,,False
69,22878,,False
69,22890,,False
69,22898,,False
69,22899,,False
69,22919,,False
69,22926,,False
69,22932,,False
69,22944,,False
69,22945,,False
69,22949,,False
69,22953,,False
69,22955,,False
69,22956,,False
69,22974,,False
69,22982,,False
69,22983,,False
69,22985,,False
69,22992,,False
69,22999,,False
69,23013,,False
69,23016,,False
69,23022,,False
69,23025,,False
69,23026,,False
69,23041,,False
69,23051,,False
69,23076,,False
69,23088,,False
69,23094,,False
69,23100,,False
69,23126,,False
69,23130,,False
69,23138,,False
69,23142,,False
69,23143,,False
69,23155,,False
69,23157,,False
69,23165,,False
69,23169,,False
69,23186,,False
69,23193,,False
69,23200,,False
69,23210,,False
69,23227,,False
69,23236,,False
69,23245,,False
69,23247,,False
69,23248,,False
69,23261,,False
69,23264,,False
69,23271,,False
69,23272,,False
69,23275,,False
69,23276,,False
69,23280,,False
69,23297,,False
69,23326,,False
69,23334,,False
69,23336,,False
69,23339,,False
69,23357,,False
69,23370,,False
69,23375,,False
69,23381,,False
69,23392,,False
69,23393,,False
69,23399,,False
69,23431,,False
69,23433,,False
69,23448,,False
69,23449,,False
69,23457,,False
69,23479,,False
69,23481,,False
69,23485,,False
69,23488,,False
69,23498,,False
69,23508,,False
69,23509,,False
69,23518,,False
69,23519,,False
69,23553,,False
69,23567,,False
69,23572,,False
69,23581,,False
69,23607,,False
69,23612,,False
69,23619,,False
69,23622,,False
69,23628,,False
69,23635,,False
69,23637,,False
69,23644,,False
69,23672,,False
69,23674,,False
69,23686,,False
69,23687,,False
69,23695,,False
69,23703,,False
69,23705,,False
69,23714,,False
69,23716,,False
69,23719,,False
69,23720,,False
69,23730,,False
69,23734,,False
69,23735,,False
69,23742,,False
69,23746,,False
69,23754,,False
69,23771,,False
69,23777,,False
69,23780,,False
69,23782,,False
69,23792,,False
69,23793,,False
69,23796,,False
69,23797,,False
69,23803,,False
69,23816,,False
69,23821,,False
69,23823,,False
69,23842,,False
69,23850,,False
69,23860,,False
69,23865,,False
69,23869,,False
69,23878,,False
69,23883,,False
69,23887,,False
69,23892,,False
69,23894,,False
69,23897,,False
69,23899,,False
69,23907,,False
69,23911,,False
69,23915,,False
69,23924,,False
69,23926,,False
69,23934,,False
69,23941,,False
69,23953,,False
69,23957,,False
69,23960,,False
69,23963,,False
69,23965,,False
69,23971,,False
69,23972,,False
69,23979,,False
69,24002,,False
69,24004,,False
69,24012,,False
69,24025,,False
69,24028,,False
69,24034,,False
69,24045,,False
69,24065,,False
69,24066,,False
69,24073,,False
69,24083,,False
69,24097,,False
69,24120,,False
69,24124,,False
69,24130,,False
69,24137,,False
69,24146,,False
69,24158,,False
69,24164,,False
69,24170,,False
69,24175,,False
69,24187,,False
69,24200,,False
69,24220,,False
69,24227,,False
69,24231,,False
69,24232,,False
69,24242,,False
69,24254,,False
69,24255,,False
69,24258,,False
69,24263,,False
69,24268,,False
69,24271,,False
69,24283,,False
69,24286,,False
69,24296,,False
69,24299,,False
69,24301,,False
69,24316,,False
69,24333,,False
69,24348,,False
69,24354,,False
69,24363,,False
69,24377,,False
69,24384,,False
69,24390,,False
69,24398,,False
69,24405,,False
69,24422,,False
69,24433,,False
69,24434,,False
69,24443,,False
69,24449,,False
69,24469,,False
69,24471,,False
69,24478,,False
69,24492,,False
69,24495,,False
69,24503,,False
69,24505,,False
69,24511,,False
69,24518,,False
69,24521,,False
69,24545,,False
69,24552,,False
69,24555,,False
69,24562,,False
69,24564,,False
69,24578,,False
69,24582,,False
69,24583,,False
69,24591,,False
69,24599,,False
69,24609,,False
69,24615,,False
69,24621,,False
69,24628,,False
69,24629,,False
69,24666,,False
69,24668,,False
69,24691,,False
69,24698,,False
69,24702,,False
69,24710,,False
69,24715,,False
69,24721,,False
69,24723,,False
69,24740,,False
69,24757,,False
69,24776,,False
69,24788,,False
69,24789,,False
69,24792,,False
69,24801,,False
69,24804,,False
69,24818,,False
69,24822,,False
69,24834,,False
69,24836,,False
69,24858,,False
69,24860,,False
69,24866,,False
69,24871,,False
69,24879,,False
69,24880,,False
69,24909,,False
69,24914,,False
69,24923,,False
69,24925,,False
69,24928,,False
69,24934,,False
69,24954,,False
69,25000,,False
69,25004,,False
69,25009,,False
69,25014,,False
69,25044,,False
69,25060,,False
69,25070,,False
69,25073,,False
69,25078,,False
69,25081,,False
69,25093,,False
69,25104,,False
69,25113,,False
69,25114,,False
69,25123,,False
69,25127,,False
69,25128,,False
69,25133,,False
69,25139,,False
69,25141,,False
69,25178,,False
69,25188,,False
69,25197,,False
69,25199,,False
69,25210,,False
69,25214,,False
69,25222,,False
69,25224,,False
69,25227,,False
69,25230,,False
69,25240,,False
69,25248,,False
69,25258,,False
69,25262,,False
69,25271,,False
69,25306,,False
69,25319,,False
69,25349,,False
69,25354,,False
69,25363,,False
69,25370,,False
69,25377,,False
69,25379,,False
69,25385,,False
69,25386,,False
69,25390,,False
69,25396,,False
69,25398,,False
69,25406,,False
69,25407,,False
69,25421,,False
69,25444,,False
69,25448,,False
69,25456,,False
69,25468,,False
69,25469,,False
69,25473,,False
69,25479,,False
69,25480,,False
69,25483,,False
69,25491,,False
69,25495,,False
69,25505,,False
69,25510,,False
69,25513,,False
69,25514,,False
69,25519,,False
69,25520,,False
69,25544,,False
69,25549,,False
69,25562,,False
69,25565,,False
69,25567,,False
69,25580,,False
69,25588,,False
69,25591,,False
69,25605,,False
69,25627,,False
69,25641,,False
69,25644,,False
69,25658,,False
69,25678,,False
69,25689,,False
69,25700,,False
69,25703,,False
69,25706,,False
69,25708,,False
69,25717,,False
69,25722,,False
69,25745,,False
69,25753,,False
69,25763,,False
69,25779,,False
69,25784,,False
69,25792,,False
69,25801,,False
69,25802,,False
69,25808,,False
69,25810,,False
69,25830,,False
69,25835,,False
69,25844,,False
69,25854,,False
69,25877,,False
69,25883,,False
69,25887,,False
69,25891,,False
69,25903,,False
69,25914,,False
69,25918,,False
69,25922,,False
69,25927,,False
69,25955,,False
69,25957,,False
69,25958,,False
69,25978,,False
69,25986,,False
69,25991,,False
69,25999,,False
69,26002,,False
69,26006,,False
69,26029,,False
69,26042,,False
69,26049,,False
69,26054,,False
69,26066,,False
69,26067,,False
69,26073,,False
69,26082,,False
69,26090,,False
69,26094,,False
69,26107,,False
69,26111,,False
69,26114,,False
69,26117,,False
69,26120,,False
69,26121,,False
69,26131,,False
69,26136,,False
69,26143,,False
69,26146,,False
69,26160,,False
69,26175,,False
69,26176,,False
69,26186,,False
69,26189,,False
69,26191,,False
69,26196,,False
69,26200,,False
69,26234,,False
69,26239,,False
69,26242,,False
69,26247,,False
69,26256,,False
69,26258,,False
69,26267,,False
69,26268,,False
69,26272,,False
69,26279,,False
69,26287,,False
69,26289,,False
69,26291,,False
69,26307,,False
69,26309,,False
69,26315,,False
69,26318,,False
69,26337,,False
69,26344,,False
69,26346,,False
69,26359,,False
69,26363,,False
69,26371,,False
69,26375,,False
69,26378,,False
69,26389,,False
69,26395,,False
69,26403,,False
69,26404,,False
69,26414,,False
69,26425,,False
69,26432,,False
69,26441,,False
69,26443,,False
69,26444,,False
69,26452,,False
69,26461,,False
69,26475,,False
69,26481,,False
69,26482,,False
69,26489,,False
69,26498,,False
69,26504,,False
69,26506,,False
69,26514,,False
69,26515,,False
69,26521,,False
69,26535,,False
69,26551,,False
69,26561,,False
69,26562,,False
69,26564,,False
69,26566,,False
69,26572,,False
69,26582,,False
69,26591,,False
69,26592,,False
69,26597,,False
69,26608,,False
69,26611,,False
69,26636,,False
69,26637,,False
69,26641,,False
69,26661,,False
69,26677,,False
69,26679,,False
69,26705,,False
69,26730,,False
69,26761,,False
69,26763,,False
69,26770,,False
69,26785,,False
69,26799,,False
69,26810,,False
69,26811,,False
69,26816,,False
69,26820,,False
69,26823,,False
69,26828,,False
69,26845,,False
69,26861,,False
69,26868,,False
69,26869,,False
69,26871,,False
69,26878,,False
69,26886,,False
69,26887,,False
69,26890,,False
69,26893,,False
69,26898,,False
69,26901,,False
69,26905,,False
69,26910,,False
69,26916,,False
69,26921,,False
69,26941,,False
69,26946,,False
69,26949,,False
69,26952,,False
69,26960,,False
69,26964,,False
69,26965,,False
69,26981,,False
69,26989,,False
69,26996,,False
69,27005,,False
69,27012,,False
69,27015,,False
69,27022,,False
69,27025,,False
69,27029,,False
69,27031,,False
69,27036,,False
69,27037,,False
69,27045,,False
69,27048,,False
69,27055,,False
69,27056,,False
69,27067,,False
69,27096,,False
69,27102,,False
69,27112,,False
69,27139,,False
69,27142,,False
69,27150,,False
69,27152,,False
69,27174,,False
69,27187,,False
69,27200,,False
69,27201,,False
69,27214,,False
69,27226,,False
69,27235,,False
69,27241,,False
69,27249,,False
69,27255,,False
69,27261,,False
69,27265,,False
69,27293,,False
69,27302,,False
69,27304,,False
69,27315,,False
69,27316,,False
69,27333,,False
69,27338,,False
69,27345,,False
69,27354,,False
69,27357,,False
69,27362,,False
69,27363,,False
69,27378,,False
69,27385,,False
69,27389,,False
69,27395,,False
69,27398,,False
69,27402,,False
69,27404,,False
69,27409,,False
69,27415,,False
69,27428,,False
69,27440,,False
69,27473,,False
69,27478,,False
69,27487,,False
69,27490,,False
69,27517,,False
69,27518,,False
69,27522,,False
69,27544,,False
69,27547,,False
69,27558,,False
69,27579,,False
69,27580,,False
69,27584,,False
69,27588,,False
69,27596,,False
69,27603,,False
69,27612,,False
69,27627,,False
69,27630,,False
69,27668,,False
69,27669,,False
69,27680,,False
69,27684,,False
69,27692,,False
69,27694,,False
69,27698,,False
69,27702,,False
69,27710,,False
69,27712,,False
69,27717,,False
69,27730,,False
69,27733,,False
69,27736,,False
69,27737,,False
69,27746,,False
69,27760,,False
69,27785,,False
69,27787,,False
69,27789,,False
69,27790,,False
69,27793,,False
69,27794,,False
69,27802,,False
69,27806,,False
69,27827,,False
69,27828,,False
69,27831,,False
69,27832,,False
69,27833,,False
69,27841,,False
69,27846,,False
69,27855,,False
69,27868,,False
69,27876,,False
69,27882,,False
69,27897,,False
69,27898,,False
69,27903,,False
69,27913,,False
69,27940,,False
69,27944,,False
69,27952,,False
69,27960,,False
69,27970,,False
69,27972,,False
69,27979,,False
69,27983,,False
69,27984,,False
69,27987,,False
69,28024,,False
69,28029,,False
69,28033,,False
69,28043,,False
69,28044,,False
69,28046,,False
69,28057,,False
69,28058,,False
69,28060,,False
69,28061,,False
69,28067,,False
69,28070,,False
69,28076,,False
69,28078,,False
69,28085,,False
69,28092,,False
69,28100,,False
69,28105,,False
69,28108,,False
69,28111,,False
69,28113,,False
69,28115,,False
69,28123,,False
69,28126,,False
69,28129,,False
69,28138,,False
69,28141,,False
69,28143,,False
69,28144,,False
69,28148,,False
69,28149,,False
69,28152,,False
69,28158,,False
69,28159,,False
69,28160,,False
69,28162,,False
69,28165,,False
69,28166,,False
69,28168,,False
69,28170,,False
69,28171,,False
69,28175,,False
69,28179,,False
69,28182,,False
69,28187,,False
69,28188,,False
69,28194,,False
69,28199,,False
69,28202,,False
69,28209,,False
69,28214,,False
69,28215,,False
69,28217,,False
69,28218,,False
69,28222,,False
69,28223,,False
69,28225,,False
69,28226,,False
69,28233,,False
69,28240,,False
69,28244,,False
69,28245,,False
69,28254,,False
69,28256,,False
69,28260,,False
69,28262,,False
69,28263,,False
69,28265,,False
69,28267,,False
69,28270,,False
69,28272,,False
69,28285,,False
69,28287,,False
69,28291,,False
69,28292,,False
69,28294,,False
69,28298,,False
69,28299,,False
69,28300,,False
69,28301,,False
69,28305,,False
69,28307,,False
69,28308,,False
69,28310,,False
69,28311,,False
69,28314,,False
69,28317,,False
69,28319,,False
69,28321,,False
69,28328,,False
69,28337,,False
69,28339,,False
69,28341,,False
69,28343,,False
69,28346,,False
69,28347,,False
69,28350,,False
69,28356,,False
69,28357,,False
69,28358,,False
69,28361,,False
69,28365,,False
69,28370,,False
69,28371,,False
69,28375,,False
69,28377,,False
69,28386,,False
69,28389,,False
69,28397,,False
69,28407,,False
69,28408,,False
69,28411,,False
69,28412,,False
69,28415,,False
69,28417,,False
69,28419,,False
69,28424,,False
69,28427,,False
69,28429,,False
69,28435,,False
69,28447,,False
69,28452,,False
69,28470,,False
69,28473,,False
69,28475,,False
69,28479,,False
69,28485,,False
69,28489,,False
69,28495,,False
69,28499,,False
69,28508,,False
69,28514,,False
69,28515,,False
69,28527,,False
69,28529,,False
69,28530,,False
69,28531,,False
69,28537,,False
69,28543,,False
69,28544,,False
69,28551,,False
69,28559,,False
69,28560,,False
69,28561,,False
69,28562,,False
69,28566,,False
69,28572,,False
69,28574,,False
69,28577,,False
69,28578,,False
69,28580,,False
69,28584,,False
69,28586,,False
69,28587,,False
69,28589,,False
69,28596,,False
69,28607,,False
69,28613,,False
69,28616,,False
69,28618,,False
69,28623,,False
69,28624,,False
69,28626,,False
69,28631,,False
69,28637,,False
69,28640,,False
69,28644,,False
69,28647,,False
69,28649,,False
69,28651,,False
69,28652,,False
69,28655,,False
69,28661,,False
69,28662,,False
69,28664,,False
69,28678,,False
69,28681,,False
69,28683,,False
69,28689,,False
69,28694,,False
69,28695,,False
69,28700,,False
69,28701,,False
69,28709,,False
69,28711,,False
69,28721,,False
69,28723,,False
69,28725,,False
69,28729,,False
69,28734,,False
69,28736,,False
69,28738,,False
69,28750,,False
69,28752,,False
69,28753,,False
69,28762,,False
69,28765,,False
69,28796,,False
69,28801,,False
69,28802,,False
69,28809,,False
69,28811,,False
69,28814,,False
69,28832,,False
69,28838,,False
69,28839,,False
69,28840,,False
69,28843,,False
69,28847,,False
69,28849,,False
69,28852,,False
69,28853,,False
69,28856,,False
69,28872,,False
69,28877,,False
69,28897,,False
69,28899,,False
69,28901,,False
69,28907,,False
69,28910,,False
69,28938,,False
69,28946,,False
69,28952,,False
69,28955,,False
69,28957,,False
69,28969,,False
69,28973,,False
69,28975,,False
69,28979,,False
69,28986,,False
69,28991,,False
69,29006,,False
69,29012,,False
69,29025,,False
69,29041,,False
69,29054,,False
69,29055,,False
69,29058,,False
69,29070,,False
69,29075,,False
69,29080,,False
69,29083,,False
69,29116,,False
69,29117,,False
69,29125,,False
69,29159,,False
69,29160,,False
69,29164,,False
69,29167,,False
69,29182,,False
69,29192,,False
69,29203,,False
69,29204,,False
69,29212,,False
69,29228,,False
69,29239,,False
69,29240,,False
69,29243,,False
69,29255,,False
69,29258,,False
69,29260,,False
69,29262,,False
69,29263,,False
69,29279,,False
69,29282,,False
69,29290,,False
69,29294,,False
69,29304,,False
69,29310,,False
69,29314,,False
69,29330,,False
69,29337,,False
69,29346,,False
69,29348,,False
69,29351,,False
69,29357,,False
69,29369,,False
69,29371,,False
69,29373,,False
69,29385,,False
69,29397,,False
69,29408,,False
69,29428,,False
69,29430,,False
69,29454,,False
69,29455,,False
69,29466,,False
69,29468,,False
69,29477,,False
69,29484,,False
69,29496,,False
69,29500,,False
69,29503,,False
69,29512,,False
69,29529,,False
69,29541,,False
69,29548,,False
69,29554,,False
69,29557,,False
69,29565,,False
69,29568,,False
69,29584,,False
69,29592,,False
69,29610,,False
69,29613,,False
69,29616,,False
69,29625,,False
69,29638,,False
69,29640,,False
69,29644,,False
69,29647,,False
69,29656,,False
69,29669,,False
69,29694,,False
69,29706,,False
69,29711,,False
69,29725,,False
69,29727,,False
69,29729,,False
69,29732,,False
69,29735,,False
69,29736,,False
69,29738,,False
69,29746,,False
69,29753,,False
69,29772,,False
69,29774,,False
69,29776,,False
69,29785,,False
69,29786,,False
69,29789,,False
69,29792,,False
69,29800,,False
69,29811,,False
69,29816,,False
69,29817,,False
69,29820,,False
69,29823,,False
69,29859,,False
69,29869,,False
69,29875,,False
69,29877,,False
69,29889,,False
69,29904,,False
69,29909,,False
69,29910,,False
69,29922,,False
69,29925,,False
69,29942,,False
69,29943,,False
69,29958,,False
69,29961,,False
69,29962,,False
69,29964,,False
69,29988,,False
69,29999,,False
69,30004,,False
69,30008,,False
69,30024,,False
69,30038,,False
69,30045,,False
69,30049,,False
69,30062,,False
69,30064,,False
69,30068,,False
69,30070,,False
69,30073,,False
69,30095,,False
69,30098,,False
69,30099,,False
69,30135,,False
69,30150,,False
69,30152,,False
69,30171,,False
69,30179,,False
69,30185,,False
69,30195,,False
69,30204,,False
69,30212,,False
69,30218,,False
69,30220,,False
69,30225,,False
69,30237,,False
69,30240,,False
69,30248,,False
69,30253,,False
69,30254,,False
69,30258,,False
69,30266,,False
69,30270,,False
69,30289,,False
69,30291,,False
69,30292,,False
69,30304,,False
69,30315,,False
69,30319,,False
69,30332,,False
69,30344,,False
69,30348,,False
69,30352,,False
69,30372,,False
69,30373,,False
69,30375,,False
69,30396,,False
69,30399,,False
69,30416,,False
69,30421,,False
69,30424,,False
69,30434,,False
69,30446,,False
69,30450,,False
69,30466,,False
69,30468,,False
69,30470,,False
69,30502,,False
69,30520,,False
69,30521,,False
69,30540,,False
69,30547,,False
69,30556,,False
69,30574,,False
69,30581,,False
69,30594,,False
69,30598,,False
69,30612,,False
69,30618,,False
69,30631,,False
69,30646,,False
69,30647,,False
69,30652,,False
69,30654,,False
69,30662,,False
69,30685,,False
69,30697,,False
69,30698,,False
69,30700,,False
69,30703,,False
69,30714,,False
69,30723,,False
69,30731,,False
69,30732,,False
69,30737,,False
69,30747,,False
69,30749,,False
69,30754,,False
69,30775,,False
69,30780,,False
69,30782,,False
69,30786,,False
69,30796,,False
69,30801,,False
69,30807,,False
69,30817,,False
69,30828,,False
69,30831,,False
69,30849,,False
69,30853,,False
69,30857,,False
69,30864,,False
69,30869,,False
69,30872,,False
69,30875,,False
69,30883,,False
69,30888,,False
69,30889,,False
69,30894,,False
69,30911,,False
69,30916,,False
69,30927,,False
69,30935,,False
69,30944,,False
69,30945,,False
69,30950,,False
69,30953,,False
69,30965,,False
69,30966,,False
69,30975,,False
69,30979,,False
69,30981,,False
69,30991,,False
69,31004,,False
69,31010,,False
69,31011,,False
69,31019,,False
69,31033,,False
69,31036,,False
69,31038,,False
69,31044,,False
69,31050,,False
69,31060,,False
69,31065,,False
69,31070,,False
69,31089,,False
69,31103,,False
69,31104,,False
69,31108,,False
69,31127,,False
69,31128,,False
69,31139,,False
69,31140,,False
69,31153,,False
69,31181,,False
69,31183,,False
69,31185,,False
69,31204,,False
69,31209,,False
69,31223,,False
69,31231,,False
69,31238,,False
69,31249,,False
69,31250,,False
69,31252,,False
69,31256,,False
69,31258,,False
69,31260,,False
69,31268,,False
69,31282,,False
69,31285,,False
69,31292,,False
69,31300,,False
69,31304,,False
69,31308,,False
69,31311,,False
69,31332,,False
69,31367,,False
69,31372,,False
69,31374,,False
69,31376,,False
69,31380,,False
69,31401,,False
69,31414,,False
69,31419,,False
69,31420,,False
69,31431,,False
69,31437,,False
69,31440,,False
69,31449,,False
69,31463,,False
69,31470,,False
69,31476,,False
69,31478,,False
69,31487,,False
69,31492,,False
69,31504,,False
69,31512,,False
69,31520,,False
69,31529,,False
69,31533,,False
69,31535,,False
69,31561,,False
69,31563,,False
69,31568,,False
69,31572,,False
69,31573,,False
69,31574,,False
69,31582,,False
69,31584,,False
69,31590,,False
69,31592,,False
69,31594,,False
69,31612,,False
69,31620,,False
69,31626,,False
69,31627,,False
69,31630,,False
69,31641,,False
69,31643,,False
69,31655,,False
69,31656,,False
69,31663,,False
69,31671,,False
69,31674,,False
69,31678,,False
69,31681,,False
69,31684,,False
69,31687,,False
69,31694,,False
69,31711,,False
69,31715,,False
69,31721,,False
69,31737,,False
69,31749,,False
69,31752,,False
69,31760,,False
69,31768,,False
69,31791,,False
69,31796,,False
69,31801,,False
69,31802,,False
69,31811,,False
69,31814,,False
69,31843,,False
69,31849,,False
69,31851,,False
69,31863,,False
69,31874,,False
69,31880,,False
69,31884,,False
69,31886,,False
69,31890,,False
69,31897,,False
69,31906,,False
69,31918,,False
69,31920,,False
69,31923,,False
69,31925,,False
69,31926,,False
69,31929,,False
69,31935,,False
69,31937,,False
69,31945,,False
69,31948,,False
69,31952,,False
69,31953,,False
69,31955,,False
69,31961,,False
69,31969,,False
69,32009,,False
69,32011,,False
69,32015,,False
69,32019,,False
69,32026,,False
69,32043,,False
69,32050,,False
69,32062,,False
69,32063,,False
69,32067,,False
69,32095,,False
69,32101,,False
69,32103,,False
69,32112,,False
69,32125,,False
69,32134,,False
69,32137,,False
69,32149,,False
69,32153,,False
69,32158,,False
69,32163,,False
69,32185,,False
69,32195,,False
69,32201,,False
69,32205,,False
69,32212,,False
69,32213,,False
69,32216,,False
69,32217,,False
69,32230,,False
69,32235,,False
69,32236,,False
69,32243,,False
69,32250,,False
69,32253,,False
69,32256,,False
69,32259,,False
69,32263,,False
69,32267,,False
69,32283,,False
69,32288,,False
69,32289,,False
69,32290,,False
69,32297,,False
69,32303,,False
69,32324,,False
69,32326,,False
69,32330,,False
69,32335,,False
69,32340,,False
69,32341,,False
69,32350,,False
69,32355,,False
69,32364,,False
69,32367,,False
69,32369,,False
69,32376,,False
69,32381,,False
69,32401,,False
69,32418,,False
69,32428,,False
69,32429,,False
69,32447,,False
69,32455,,False
69,32461,,False
69,32462,,False
69,32486,,False
69,32488,,False
69,32493,,False
69,32505,,False
69,32513,,False
69,32516,,False
69,32517,,False
69,32518,,False
69,32524,,False
69,32526,,False
69,32532,,False
69,32538,,False
69,32539,,False
69,32540,,False
69,32557,,False
69,32560,,False
69,32567,,False
69,32570,,False
69,32577,,False
69,32592,,False
69,32601,,False
69,32604,,False
69,32606,,False
69,32610,,False
69,32616,,False
69,32621,,False
69,32635,,False
69,32636,,False
69,32650,,False
69,32653,,False
69,32656,,False
69,32657,,False
69,32671,,False
69,32672,,False
69,32676,,False
69,32683,,False
69,32693,,False
69,32695,,False
69,32711,,False
69,32712,,False
69,32721,,False
69,32731,,False
69,32741,,False
69,32747,,False
69,32750,,False
69,32752,,False
69,32757,,False
69,32764,,False
69,32769,,False
69,32785,,False
69,32800,,False
69,32803,,False
69,32810,,False
69,32811,,False
69,32820,,False
69,32823,,False
69,32826,,False
69,32833,,False
69,32843,,False
69,32851,,False
69,32859,,False
69,32868,,False
69,32880,,False
69,32886,,False
69,32900,,False
69,32909,,False
69,32910,,False
69,32913,,False
69,32927,,False
69,32934,,False
69,32948,,False
69,32952,,False
69,32955,,False
69,32965,,False
69,32966,,False
69,32972,,False
69,32984,,False
69,32987,,False
69,32990,,False
69,33001,,False
69,33014,,False
69,33030,,False
69,33036,,False
69,33044,,False
69,33049,,False
69,33073,,False
69,33080,,False
69,33103,,False
69,33105,,False
69,33110,,False
69,33132,,False
69,33139,,False
69,33142,,False
69,33176,,False
69,33178,,False
69,33194,,False
69,33202,,False
69,33207,,False
69,33208,,False
69,33214,,False
69,33216,,False
69,33228,,False
69,33231,,False
69,33233,,False
69,33237,,False
69,33244,,False
69,33250,,False
69,33256,,False
69,33270,,False
69,33276,,False
69,33279,,False
69,33282,,False
69,33287,,False
69,33289,,False
69,33301,,False
69,33305,,False
69,33306,,False
69,33307,,False
69,33310,,False
69,33319,,False
69,33323,,False
69,33334,,False
69,33335,,False
69,33338,,False
69,33344,,False
69,33355,,False
69,33356,,False
69,33359,,False
69,33365,,False
69,33366,,False
69,33375,,False
69,33376,,False
69,33378,,False
69,33381,,False
69,33393,,False
69,33395,,False
69,33401,,False
69,33407,,False
69,33410,,False
69,33413,,False
69,33414,,False
69,33420,,False
69,33425,,False
69,33443,,False
69,33452,,False
69,33453,,False
69,33462,,False
69,33467,,False
69,33475,,False
69,33484,,False
69,33491,,False
69,33512,,False
69,33518,,False
69,33565,,False
69,33566,,False
69,33577,,False
69,33582,,False
69,33583,,False
69,33590,,False
69,33591,,False
69,33595,,False
69,33600,,False
69,33611,,False
69,33617,,False
69,33632,,False
69,33643,,False
69,33652,,False
69,33653,,False
69,33655,,False
69,33656,,False
69,33673,,False
69,33684,,False
69,33694,,False
69,33696,,False
69,33698,,False
69,33719,,False
69,33724,,False
69,33727,,False
69,33729,,False
69,33744,,False
69,33749,,False
69,33751,,False
69,33777,,False
69,33791,,False
69,33792,,False
69,33834,,False
69,33838,,False
69,33845,,False
69,33875,,False
69,33877,,False
69,33886,,False
69,33909,,False
69,33910,,False
69,33912,,False
69,33926,,False
69,33930,,False
69,33933,,False
69,33937,,False
69,33939,,False
69,33941,,False
69,33948,,False
69,33951,,False
69,33955,,False
69,33959,,False
69,33966,,False
69,33984,,False
69,33986,,False
69,33994,,False
69,33996,,False
69,33998,,False
69,34015,,False
69,34016,,False
69,34020,,False
69,34022,,False
69,34040,,False
69,34046,,False
69,34058,,False
69,34062,,False
69,34066,,False
69,34071,,False
69,34073,,False
69,34084,,False
69,34090,,False
69,34094,,False
69,34095,,False
69,34097,,False
69,34098,,False
69,34100,,False
69,34119,,False
69,34135,,False
69,34140,,False
69,34141,,False
69,34150,,False
69,34156,,False
69,34164,,False
69,34167,,False
69,34168,,False
69,34191,,False
69,34200,,False
69,34208,,False
69,34211,,False
69,34218,,False
69,34225,,False
69,34226,,False
69,34228,,False
69,34232,,False
69,34245,,False
69,34247,,False
69,34263,,False
69,34266,,False
69,34271,,False
69,34281,,False
69,34282,,False
69,34291,,False
69,34296,,False
69,34302,,False
69,34314,,False
69,34324,,False
69,34327,,False
69,34332,,False
69,34345,,False
69,34353,,False
69,34359,,False
69,34372,,False
69,34376,,False
69,34377,,False
69,34400,,False
69,34405,,False
69,34407,,False
69,34414,,False
69,34436,,False
69,34453,,False
69,34456,,False
69,34476,,False
69,34477,,False
69,34483,,False
69,34485,,False
69,34494,,False
69,34497,,False
69,34518,,False
69,34527,,False
69,34528,,False
69,34531,,False
69,34539,,False
69,34554,,False
69,34556,,False
69,34566,,False
69,34567,,False
69,34572,,False
69,34577,,False
69,34595,,False
69,34684,,False
69,34696,,False
69,34697,,False
69,34698,,False
69,34703,,False
69,34707,,False
69,34710,,False
69,34711,,False
69,34714,,False
69,34721,,False
69,34732,,False
69,34737,,False
69,34742,,False
69,34754,,False
69,34757,,False
69,34767,,False
69,34772,,False
69,34780,,False
69,34787,,False
69,34790,,False
69,34794,,False
69,34814,,False
69,34817,,False
69,34855,,False
69,34874,,False
69,34893,,False
69,34914,,False
69,34933,,False
69,34938,,False
69,34944,,False
69,34960,,False
69,34963,,False
69,34964,,False
69,34967,,False
69,34974,,False
69,34981,,False
69,34989,,False
69,35006,,False
69,35019,,False
69,35022,,False
69,35028,,False
69,35040,,False
69,35048,,False
69,35050,,False
69,35066,,False
69,35070,,False
69,35076,,False
69,35084,,False
69,35102,,False
69,35112,,False
69,35121,,False
69,35125,,False
69,35142,,False
69,35153,,False
69,35157,,False
69,35159,,False
69,35176,,False
69,35182,,False
69,35183,,False
69,35186,,False
69,35190,,False
69,35197,,False
69,35202,,False
69,35213,,False
69,35218,,False
69,35219,,False
69,35239,,False
69,35242,,False
69,35249,,False
69,35256,,False
69,35257,,False
69,35264,,False
69,35267,,False
69,35272,,False
69,35302,,False
69,35323,,False
69,35324,,False
69,35327,,False
69,35331,,False
69,35333,,False
69,35334,,False
69,35336,,False
69,35345,,False
69,35355,,False
69,35364,,False
69,35367,,False
69,35378,,False
69,35391,,False
69,35392,,False
69,35394,,False
69,35412,,False
69,35415,,False
69,35418,,False
69,35422,,False
69,35428,,False
69,35430,,False
69,35444,,False
69,35446,,False
69,35447,,False
69,35457,,False
69,35464,,False
69,35468,,False
69,35475,,False
69,35493,,False
69,35494,,False
69,35497,,False
69,35503,,False
69,35520,,False
69,35530,,False
69,35536,,False
69,35537,,False
69,35549,,False
69,35550,,False
69,35556,,False
69,35562,,False
69,35589,,False
69,35592,,False
69,35618,,False
69,35622,,False
69,35633,,False
69,35636,,False
69,35641,,False
69,35645,,False
69,35647,,False
69,35657,,False
69,35665,,False
69,35668,,False
69,35670,,False
69,35678,,False
69,35690,,False
69,35693,,False
69,35697,,False
69,35698,,False
69,35702,,False
69,35705,,False
69,35716,,False
69,35731,,False
69,35754,,False
69,35764,,False
69,35795,,False
69,35803,,False
69,35807,,False
69,35820,,False
69,35838,,False
69,35855,,False
69,35859,,False
69,35871,,False
69,35873,,False
69,35877,,False
69,35889,,False
69,35891,,False
69,35897,,False
69,35899,,False
69,35915,,False
69,35927,,False
69,35952,,False
69,35957,,False
69,35958,,False
69,35974,,False
69,35981,,False
69,35986,,False
69,35990,,False
69,35994,,False
69,35999,,False
69,36017,,False
69,36025,,False
69,36026,,False
69,36032,,False
69,36036,,False
69,36042,,False
69,36046,,False
69,36057,,False
69,36059,,False
69,36062,,False
69,36072,,False
69,36075,,False
69,36080,,False
69,36084,,False
69,36087,,False
69,36088,,False
69,36092,,False
69,36097,,False
69,36112,,False
69,36116,,False
69,36121,,False
69,36125,,False
69,36126,,False
69,36127,,False
69,36144,,False
69,36153,,False
69,36159,,False
69,36161,,False
69,36180,,False
69,36182,,False
69,36192,,False
69,36196,,False
69,36207,,False
69,36214,,False
69,36219,,False
69,36222,,False
69,36230,,False
69,36231,,False
69,36240,,False
69,36252,,False
69,36276,,False
69,36279,,False
69,36285,,False
69,36293,,False
69,36306,,False
69,36309,,False
69,36314,,False
69,36317,,False
69,36326,,False
69,36331,,False
69,36347,,False
69,36351,,False
69,36356,,False
69,36368,,False
69,36370,,False
69,36373,,False
69,36375,,False
69,36376,,False
69,36385,,False
69,36391,,False
69,36402,,False
69,36405,,False
69,36425,,False
69,36443,,False
69,36457,,False
69,36471,,False
69,36477,,False
69,36495,,False
69,36497,,False
69,36511,,False
69,36520,,False
69,36550,,False
69,36551,,False
69,36555,,False
69,36567,,False
69,36568,,False
69,36579,,False
69,36581,,False
69,36582,,False
69,36596,,False
69,36607,,False
69,36621,,False
69,36645,,False
69,36647,,False
69,36648,,False
69,36655,,False
69,36659,,False
69,36675,,False
69,36681,,False
69,36685,,False
69,36697,,False
69,36710,,False
69,36712,,False
69,36715,,False
69,36727,,False
69,36736,,False
69,36743,,False
69,36750,,False
69,36771,,False
69,36772,,False
69,36777,,False
69,36787,,False
69,36788,,False
69,36790,,False
69,36794,,False
69,36800,,False
69,36813,,False
69,36814,,False
69,36816,,False
69,36824,,False
69,36827,,False
69,36837,,False
69,36841,,False
69,36842,,False
69,36846,,False
69,36849,,False
69,36850,,False
69,36858,,False
69,36862,,False
69,36866,,False
69,36898,,False
69,36907,,False
69,36926,,False
69,36928,,False
69,36944,,False
69,36948,,False
69,36958,,False
69,36965,,False
69,36989,,False
69,36995,,False
69,37009,,False
69,37021,,False
69,37037,,False
69,37046,,False
69,37050,,False
69,37064,,False
69,37068,,False
69,37072,,False
69,37076,,False
69,37079,,False
69,37095,,False
69,37102,,False
69,37107,,False
69,37112,,False
69,37119,,False
69,37121,,False
69,37128,,False
69,37130,,False
69,37133,,False
69,37149,,False
69,37176,,False
69,37185,,False
69,37186,,False
69,37189,,False
69,37193,,False
69,37196,,False
69,37205,,False
69,37209,,False
69,37217,,False
69,37221,,False
69,37238,,False
69,37240,,False
69,37245,,False
69,37246,,False
69,37248,,False
69,37271,,False
69,37276,,False
69,37280,,False
69,37284,,False
69,37295,,False
69,37315,,False
69,37316,,False
69,37326,,False
69,37328,,False
69,37336,,False
69,37337,,False
69,37352,,False
69,37358,,False
69,37362,,False
69,37363,,False
69,37365,,False
69,37396,,False
69,37400,,False
69,37404,,False
69,37416,,False
69,37427,,False
69,37430,,False
69,37432,,False
69,37435,,False
69,37464,,False
69,37467,,False
69,37472,,False
69,37489,,False
69,37491,,False
69,37500,,False
69,37501,,False
69,37503,,False
69,37524,,False
69,37552,,False
69,37561,,False
69,37564,,False
69,37567,,False
69,37585,,False
69,37596,,False
69,37597,,False
69,37606,,False
69,37612,,False
69,37629,,False
69,37635,,False
69,37639,,False
69,37659,,False
69,37661,,False
69,37664,,False
69,37682,,False
69,37684,,False
69,37696,,False
69,37707,,False
69,37714,,False
69,37733,,False
69,37741,,False
69,37746,,False
69,37755,,False
69,37765,,False
69,37770,,False
69,37782,,False
69,37793,,False
69,37794,,False
69,37795,,False
69,37803,,False
69,37812,,False
69,37829,,False
69,37834,,False
69,37846,,False
69,37847,,False
69,37852,,False
69,37856,,False
69,37858,,False
69,37868,,False
69,37871,,False
69,37876,,False
69,37884,,False
69,37888,,False
69,37893,,False
69,37894,,False
69,37896,,False
69,37897,,False
69,37904,,False
69,37906,,False
69,37910,,False
69,37917,,False
69,37945,,False
69,37946,,False
69,37960,,False
69,37963,,False
69,37971,,False
69,37972,,False
69,37973,,False
69,37977,,False
69,37992,,False
69,38001,,False
69,38016,,False
69,38018,,False
69,38029,,False
69,38030,,False
69,38040,,False
69,38044,,False
69,38045,,False
69,38057,,False
69,38066,,False
69,38068,,False
69,38071,,False
69,38082,,False
69,38095,,False
69,38104,,False
69,38113,,False
69,38118,,False
69,38123,,False
69,38136,,False
69,38142,,False
69,38154,,False
69,38161,,False
69,38175,,False
69,38177,,False
69,38182,,False
69,38183,,False
69,38188,,False
69,38196,,False
69,38203,,False
69,38213,,False
69,38218,,False
69,38231,,False
69,38241,,False
69,38251,,False
69,38255,,False
69,38258,,False
69,38267,,False
69,38273,,False
69,38289,,False
69,38297,,False
69,38300,,False
69,38323,,False
69,38326,,False
69,38328,,False
69,38339,,False
69,38345,,False
69,38354,,False
69,38362,,False
69,38370,,False
69,38375,,False
69,38376,,False
69,38378,,False
69,38431,,False
69,38438,,False
69,38442,,False
69,38444,,False
69,38449,,False
69,38453,,False
69,38460,,False
69,38462,,False
69,38464,,False
69,38466,,False
69,38477,,False
69,38486,,False
69,38489,,False
69,38494,,False
69,38502,,False
69,38505,,False
69,38509,,False
69,38527,,False
69,38530,,False
69,38538,,False
69,38549,,False
69,38552,,False
69,38556,,False
69,38565,,False
69,38567,,False
69,38585,,False
69,38594,,False
69,38606,,False
69,38616,,False
69,38625,,False
69,38636,,False
69,38640,,False
69,38652,,False
69,38659,,False
69,38673,,False
69,38682,,False
69,38695,,False
69,38704,,False
69,38706,,False
69,38715,,False
69,38720,,False
69,38736,,False
69,38742,,False
69,38744,,False
69,38755,,False
69,38769,,False
69,38770,,False
69,38778,,False
69,38815,,False
69,38820,,False
69,38823,,False
69,38844,,False
69,38846,,False
69,38877,,False
69,38883,,False
69,38889,,False
69,38908,,False
69,38915,,False
69,38920,,False
69,38931,,False
69,38942,,False
69,38950,,False
69,38953,,False
69,38954,,False
69,38960,,False
69,38974,,False
69,38978,,False
69,38981,,False
69,38987,,False
69,39007,,False
69,39016,,False
69,39019,,False
69,39023,,False
69,39024,,False
69,39028,,False
69,39029,,False
69,39044,,False
69,39049,,False
69,39057,,False
69,39058,,False
69,39063,,False
69,39065,,False
69,39068,,False
69,39071,,False
69,39093,,False
69,39104,,False
69,39119,,False
69,39136,,False
69,39137,,False
69,39149,,False
69,39153,,False
69,39155,,False
69,39158,,False
69,39162,,False
69,39165,,False
69,39173,,False
69,39174,,False
69,39180,,False
69,39183,,False
69,39194,,False
69,39205,,False
69,39208,,False
69,39244,,False
69,39252,,False
69,39262,,False
69,39264,,False
69,39267,,False
69,39278,,False
69,39291,,False
69,39304,,False
69,39308,,False
69,39312,,False
69,39327,,False
69,39348,,False
69,39363,,False
69,39379,,False
69,39391,,False
69,39400,,False
69,39403,,False
69,39409,,False
69,39411,,False
69,39420,,False
69,39425,,False
69,39433,,False
69,39438,,False
69,39452,,False
69,39456,,False
69,39461,,False
69,39465,,False
69,39478,,False
69,39479,,False
69,39480,,False
69,39483,,False
69,39484,,False
69,39493,,False
69,39494,,False
69,39505,,False
69,39511,,False
69,39515,,False
69,39539,,False
69,39545,,False
69,39553,,False
69,39555,,False
69,39566,,False
69,39578,,False
69,39586,,False
69,39599,,False
69,39609,,False
69,39615,,False
69,39628,,False
69,39630,,False
69,39644,,False
69,39669,,False
69,39678,,False
69,39686,,False
69,39692,,False
69,39706,,False
69,39711,,False
69,39713,,False
69,39726,,False
69,39762,,False
69,39772,,False
69,39773,,False
69,39782,,False
69,39783,,False
69,39798,,False
69,39809,,False
69,39816,,False
69,39822,,False
69,39838,,False
69,39840,,False
69,39841,,False
69,39851,,False
69,39862,,False
69,39873,,False
69,39875,,False
69,39886,,False
69,39887,,False
69,39889,,False
69,39896,,False
69,39911,,False
69,39925,,False
69,39926,,False
69,39939,,False
69,39942,,False
69,39955,,False
69,39960,,False
69,39966,,False
69,39982,,False
69,39985,,False
69,39992,,False
69,40002,,False
69,40017,,False
69,40022,,False
69,40034,,False
69,40035,,False
69,40036,,False
69,40038,,False
69,40041,,False
69,40051,,False
69,40059,,False
69,40062,,False
69,40063,,False
69,40065,,False
69,40080,,False
69,40091,,False
69,40105,,False
69,40113,,False
69,40136,,False
69,40148,,False
69,40150,,False
69,40155,,False
69,40160,,False
69,40165,,False
69,40171,,False
69,40172,,False
69,40180,,False
69,40181,,False
69,40183,,False
69,40187,,False
69,40190,,False
69,40196,,False
69,40230,,False
69,40232,,False
69,40236,,False
69,40240,,False
69,40248,,False
69,40257,,False
69,40266,,False
69,40268,,False
69,40296,,False
69,40302,,False
69,40303,,False
69,40308,,False
69,40323,,False
69,40324,,False
69,40330,,False
69,40335,,False
69,40336,,False
69,40343,,False
69,40348,,False
69,40353,,False
69,40373,,False
69,40374,,False
69,40377,,False
69,40385,,False
69,40388,,False
69,40402,,False
69,40405,,False
69,40407,,False
69,40420,,False
69,40424,,False
69,40432,,False
69,40440,,False
69,40448,,False
69,40450,,False
69,40456,,False
69,40460,,False
69,40461,,False
69,40462,,False
69,40466,,False
69,40471,,False
69,40472,,False
69,40488,,False
69,40489,,False
69,40515,,False
69,40519,,False
69,40520,,False
69,40522,,False
69,40523,,False
69,40529,,False
69,40540,,False
69,40543,,False
69,40550,,False
69,40570,,False
69,40576,,False
69,40579,,False
69,40583,,False
69,40586,,False
69,40599,,False
69,40600,,False
69,40608,,False
69,40622,,False
69,40645,,False
69,40655,,False
69,40670,,False
69,40690,,False
69,40691,,False
69,40711,,False
69,40713,,False
69,40716,,False
69,40722,,False
69,40759,,False
69,40777,,False
69,40780,,False
69,40781,,False
69,40799,,False
69,40800,,False
69,40804,,False
69,40807,,False
69,40808,,False
69,40815,,False
69,40816,,False
69,40818,,False
69,40819,,False
69,40830,,False
69,40853,,False
69,40864,,False
69,40868,,False
69,40869,,False
69,40874,,False
69,40876,,False
69,40877,,False
69,40881,,False
69,40882,,False
69,40888,,False
69,40893,,False
69,40894,,False
69,40916,,False
69,40927,,False
69,40933,,False
69,40934,,False
69,40935,,False
69,40940,,False
69,40946,,False
69,40950,,False
69,40973,,False
69,40978,,False
69,40985,,False
69,40995,,False
69,41006,,False
69,41007,,False
69,41012,,False
69,41031,,False
69,41045,,False
69,41047,,False
69,41059,,False
69,41061,,False
69,41065,,False
69,41084,,False
69,41104,,False
69,41109,,False
69,41121,,False
69,41125,,False
69,41129,,False
69,41130,,False
69,41145,,False
69,41174,,False
69,41175,,False
69,41194,,False
69,41197,,False
69,41207,,False
69,41232,,False
69,41236,,False
69,41242,,False
69,41243,,False
69,41250,,False
69,41266,,False
69,41272,,False
69,41279,,False
69,41282,,False
69,41286,,False
69,41292,,False
69,41294,,False
69,41300,,False
69,41302,,False
69,41307,,False
69,41312,,False
69,41319,,False
69,41322,,False
69,41324,,False
69,41333,,False
69,41336,,False
69,41380,,False
69,41387,,False
69,41392,,False
69,41394,,False
69,41396,,False
69,41402,,False
69,41404,,False
69,41412,,False
69,41426,,False
69,41429,,False
69,41435,,False
69,41437,,False
69,41461,,False
69,41470,,False
69,41473,,False
69,41474,,False
69,41475,,False
69,41486,,False
69,41489,,False
69,41491,,False
69,41502,,False
69,41512,,False
69,41513,,False
69,41538,,False
69,41539,,False
69,41561,,False
69,41562,,False
69,41582,,False
69,41587,,False
69,41593,,False
69,41605,,False
69,41611,,False
69,41616,,False
69,41617,,False
69,41623,,False
69,41630,,False
69,41631,,False
69,41643,,False
69,41652,,False
69,41659,,False
69,41668,,False
69,41674,,False
69,41680,,False
69,41682,,False
69,41685,,False
69,41698,,False
69,41709,,False
69,41719,,False
69,41733,,False
69,41747,,False
69,41766,,False
69,41775,,False
69,41778,,False
69,41779,,False
69,41784,,False
69,41819,,False
69,41822,,False
69,41828,,False
69,41829,,False
69,41830,,False
69,41837,,False
69,41839,,False
69,41845,,False
69,41861,,False
69,41875,,False
69,41876,,False
69,41885,,False
69,41890,,False
69,41906,,False
69,41918,,False
69,41929,,False
69,41940,,False
69,41945,,False
69,41948,,False
69,41950,,False
69,41952,,False
69,41957,,False
69,41967,,False
69,41975,,False
69,41982,,False
69,41993,,False
69,41995,,False
69,41997,,False
69,42005,,False
69,42009,,False
69,42014,,False
69,42045,,False
69,42050,,False
69,42053,,False
69,42060,,False
69,42062,,False
69,42064,,False
69,42065,,False
69,42081,,False
69,42090,,False
69,42102,,False
69,42116,,False
69,42117,,False
69,42121,,False
69,42128,,False
69,42136,,False
69,42152,,False
69,42155,,False
69,42159,,False
69,42174,,False
69,42191,,False
69,42198,,False
69,42199,,False
69,42207,,False
69,42210,,False
69,42233,,False
69,42235,,False
69,42258,,False
69,42261,,False
69,42283,,False
69,42286,,False
69,42287,,False
69,42288,,False
69,42290,,False
69,42325,,False
69,42329,,False
69,42337,,False
69,42339,,False
69,42354,,False
69,42370,,False
69,42374,,False
69,42379,,False
69,42389,,False
69,42390,,False
69,42403,,False
69,42409,,False
69,42427,,False
69,42428,,False
69,42439,,False
69,42446,,False
69,42452,,False
69,42456,,False
69,42462,,False
69,42470,,False
69,42471,,False
69,42488,,False
69,42494,,False
69,42496,,False
69,42503,,False
69,42504,,False
69,42507,,False
69,42513,,False
69,42524,,False
69,42525,,False
69,42526,,False
69,42529,,False
69,42533,,False
69,42534,,False
69,42535,,False
69,42544,,False
69,42563,,False
69,42573,,False
69,42579,,False
69,42584,,False
69,42594,,False
69,42595,,False
69,42603,,False
69,42606,,False
69,42608,,False
69,42630,,False
69,42642,,False
69,42659,,False
69,42692,,False
69,42699,,False
69,42706,,False
69,42710,,False
69,42715,,False
69,42726,,False
69,42732,,False
69,42737,,False
69,42743,,False
69,42749,,False
69,42785,,False
69,42787,,False
69,42812,,False
69,42819,,False
69,42826,,False
69,42832,,False
69,42834,,False
69,42850,,False
69,42883,,False
69,42895,,False
69,42901,,False
69,42912,,False
69,42916,,False
69,42919,,False
69,42929,,False
69,42932,,False
69,42934,,False
69,42937,,False
69,42951,,False
69,42958,,False
69,42961,,False
69,42970,,False
69,42976,,False
69,42987,,False
69,42989,,False
69,42993,,False
69,42998,,False
69,43015,,False
69,43018,,False
69,43021,,False
69,43030,,False
69,43031,,False
69,43032,,False
69,43034,,False
69,43043,,False
69,43053,,False
69,43057,,False
69,43058,,False
69,43086,,False
69,43102,,False
69,43112,,False
69,43124,,False
69,43130,,False
69,43139,,False
69,43153,,False
69,43154,,False
69,43163,,False
69,43164,,False
69,43166,,False
69,43175,,False
69,43188,,False
69,43190,,False
69,43200,,False
69,43201,,False
69,43214,,False
69,43220,,False
69,43226,,False
69,43227,,False
69,43245,,False
69,43256,,False
69,43262,,False
69,43276,,False
69,43281,,False
69,43284,,False
69,43296,,False
69,43298,,False
69,43300,,False
69,43303,,False
69,43308,,False
69,43309,,False
69,43310,,False
69,43312,,False
69,43313,,False
69,43329,,False
69,43341,,False
69,43342,,False
69,43348,,False
69,43355,,False
69,43358,,False
69,43362,,False
69,43363,,False
69,43373,,False
69,43374,,False
69,43383,,False
69,43391,,False
69,43405,,False
69,43408,,False
69,43410,,False
69,43428,,False
69,43430,,False
69,43439,,False
69,43441,,False
69,43476,,False
69,43483,,False
69,43495,,False
69,43512,,False
69,43519,,False
69,43523,,False
69,43530,,False
69,43531,,False
69,43534,,False
69,43542,,False
69,43545,,False
69,43551,,False
69,43552,,False
69,43554,,False
69,43559,,False
69,43562,,False
69,43572,,False
69,43582,,False
69,43584,,False
69,43585,,False
69,43588,,False
69,43607,,False
69,43612,,False
69,43613,,False
69,43620,,False
69,43626,,False
69,43631,,False
69,43644,,False
69,43648,,False
69,43653,,False
69,43657,,False
69,43677,,False
69,43678,,False
69,43692,,False
69,43693,,False
69,43698,,False
69,43702,,False
69,43704,,False
69,43712,,False
69,43725,,False
69,43730,,False
69,43731,,False
69,43744,,False
69,43747,,False
69,43761,,False
69,43764,,False
69,43766,,False
69,43767,,False
69,43770,,False
69,43772,,False
69,43780,,False
69,43784,,False
69,43785,,False
69,43788,,False
69,43802,,False
69,43807,,False
69,43827,,False
69,43833,,False
69,43843,,False
69,43846,,False
69,43853,,False
69,43860,,False
69,43861,,False
69,43888,,False
69,43912,,False
69,43915,,False
69,43932,,False
69,43934,,False
69,43948,,False
69,43955,,False
69,43958,,False
69,43963,,False
69,43964,,False
69,43966,,False
69,43967,,False
69,43989,,False
69,44032,,False
69,44035,,False
69,44052,,False
69,44058,,False
69,44059,,False
69,44061,,False
69,44078,,False
69,44083,,False
69,44087,,False
69,44126,,False
69,44128,,False
69,44132,,False
69,44153,,False
69,44171,,False
69,44185,,False
69,44187,,False
69,44190,,False
69,44199,,False
69,44204,,False
69,44214,,False
69,44215,,False
69,44219,,False
69,44221,,False
69,44224,,False
69,44228,,False
69,44233,,False
69,44236,,False
69,44246,,False
69,44247,,False
69,44250,,False
69,44254,,False
69,44258,,False
69,44269,,False
69,44270,,False
69,44313,,False
69,44319,,False
69,44324,,False
69,44327,,False
69,44333,,False
69,44341,,False
69,44348,,False
69,44358,,False
69,44367,,False
69,44379,,False
69,44384,,False
69,44386,,False
69,44389,,False
69,44391,,False
69,44395,,False
69,44399,,False
69,44401,,False
69,44413,,False
69,44420,,False
69,44422,,False
69,44425,,False
69,44435,,False
69,44440,,False
69,44450,,False
69,44454,,False
69,44481,,False
69,44492,,False
69,44499,,False
69,44503,,False
69,44519,,False
69,44523,,False
69,44529,,False
69,44546,,False
69,44551,,False
69,44554,,False
69,44569,,False
69,44576,,False
69,44577,,False
69,44585,,False
69,44589,,False
69,44608,,False
69,44624,,False
69,44627,,False
69,44630,,False
69,44650,,False
69,44674,,False
69,44684,,False
69,44703,,False
69,44711,,False
69,44725,,False
69,44734,,False
69,44735,,False
69,44741,,False
69,44743,,False
69,44749,,False
69,44758,,False
69,44764,,False
69,44769,,False
69,44770,,False
69,44779,,False
69,44780,,False
69,44782,,False
69,44808,,False
69,44815,,False
69,44817,,False
69,44827,,False
69,44834,,False
69,44835,,False
69,44848,,False
69,44892,,False
69,44899,,False
69,44902,,False
69,44907,,False
69,44931,,False
69,44932,,False
69,44941,,False
69,44944,,False
69,44945,,False
69,44948,,False
69,44955,,False
69,44964,,False
69,44968,,False
69,44970,,False
69,44977,,False
69,44983,,False
69,44991,,False
69,44994,,False
69,45015,,False
69,45018,,False
69,45021,,False
69,45030,,False
69,45031,,False
69,45045,,False
69,45070,,False
69,45073,,False
69,45089,,False
69,45112,,False
69,45136,,False
69,45139,,False
69,45144,,False
69,45146,,False
69,45150,,False
69,45154,,False
69,45160,,False
69,45164,,False
69,45169,,False
69,45172,,False
69,45208,,False
69,45218,,False
69,45225,,False
69,45228,,False
69,45242,,False
69,45248,,False
69,45252,,False
69,45282,,False
69,45293,,False
69,45297,,False
69,45309,,False
69,45315,,False
69,45319,,False
69,45335,,False
69,45341,,False
69,45347,,False
69,45349,,False
69,45358,,False
69,45368,,False
69,45370,,False
69,45393,,False
69,45396,,False
69,45408,,False
69,45418,,False
69,45419,,False
69,45427,,False
69,45451,,False
69,45462,,False
69,45469,,False
69,45470,,False
69,45483,,False
69,45492,,False
69,45494,,False
69,45495,,False
69,45497,,False
69,45500,,False
69,45501,,False
69,45502,,False
69,45513,,False
69,45514,,False
69,45516,,False
69,45527,,False
69,45529,,False
69,45532,,False
69,45534,,False
69,45548,,False
69,45549,,False
69,45568,,False
69,45575,,False
69,45578,,False
69,45586,,False
69,45601,,False
69,45606,,False
69,45616,,False
69,45620,,False
69,45628,,False
69,45630,,False
69,45636,,False
69,45640,,False
69,45646,,False
69,45647,,False
69,45661,,False
69,45671,,False
69,45694,,False
69,45714,,False
69,45743,,False
69,45757,,False
69,45769,,False
69,45779,,False
69,45784,,False
69,45786,,False
69,45790,,False
69,45801,,False
69,45802,,False
69,45804,,False
69,45814,,False
69,45830,,False
69,45838,,False
69,45846,,False
69,45852,,False
69,45855,,False
69,45857,,False
69,45860,,False
69,45861,,False
69,45868,,False
69,45874,,False
69,45878,,False
69,45892,,False
69,45893,,False
69,45898,,False
69,45906,,False
69,45907,,False
69,45919,,False
69,45932,,False
69,45953,,False
69,45959,,False
69,45960,,False
69,45968,,False
69,45974,,False
69,45981,,False
69,45990,,False
69,46000,,False
69,46010,,False
69,46017,,False
69,46020,,False
69,46022,,False
69,46025,,False
69,46027,,False
69,46028,,False
69,46030,,False
69,46045,,False
69,46072,,False
69,46082,,False
69,46085,,False
69,46092,,False
69,46112,,False
69,46122,,False
69,46124,,False
69,46135,,False
69,46138,,False
69,46149,,False
69,46166,,False
69,46176,,False
69,46183,,False
69,46196,,False
69,46208,,False
69,46220,,False
69,46256,,False
69,46260,,False
69,46263,,False
69,46264,,False
69,46267,,False
69,46284,,False
69,46285,,False
69,46289,,False
69,46305,,False
69,46309,,False
69,46311,,False
69,46318,,False
69,46320,,False
69,46332,,False
69,46338,,False
69,46347,,False
69,46353,,False
69,46355,,False
69,46356,,False
69,46384,,False
69,46404,,False
69,46421,,False
69,46428,,False
69,46429,,False
69,46435,,False
69,46436,,False
69,46437,,False
69,46454,,False
69,46455,,False
69,46469,,False
69,46476,,False
69,46477,,False
69,46482,,False
69,46504,,False
69,46512,,False
69,46514,,False
69,46515,,False
69,46521,,False
69,46527,,False
69,46545,,False
69,46558,,False
69,46560,,False
69,46571,,False
69,46586,,False
69,46588,,False
69,46592,,False
69,46595,,False
69,46600,,False
69,46602,,False
69,46610,,False
69,46614,,False
69,46618,,False
69,46620,,False
69,46621,,False
69,46637,,False
69,46649,,False
69,46689,,False
69,46696,,False
69,46697,,False
69,46706,,False
69,46707,,False
69,46713,,False
69,46715,,False
69,46721,,False
69,46722,,False
69,46724,,False
69,46746,,False
69,46751,,False
69,46759,,False
69,46761,,False
69,46763,,False
69,46765,,False
69,46768,,False
69,46770,,False
69,46777,,False
69,46781,,False
69,46785,,False
69,46789,,False
69,46797,,False
69,46798,,False
69,46820,,False
69,46826,,False
69,46834,,False
69,46855,,False
69,46862,,False
69,46886,,False
69,46888,,False
69,46890,,False
69,46912,,False
69,46926,,False
69,46931,,False
69,46932,,False
69,46933,,False
69,46940,,False
69,46944,,False
69,46952,,False
69,46954,,False
69,46965,,False
69,46967,,False
69,46991,,False
69,46998,,False
69,47006,,False
69,47009,,False
69,47018,,False
69,47019,,False
69,47025,,False
69,47048,,False
69,47051,,False
69,47054,,False
69,47100,,False
69,47106,,False
69,47111,,False
69,47134,,False
69,47135,,False
69,47148,,False
69,47152,,False
69,47153,,False
69,47155,,False
69,47156,,False
69,47167,,False
69,47168,,False
69,47185,,False
69,47193,,False
69,47198,,False
69,47203,,False
69,47205,,False
69,47209,,False
69,47224,,False
69,47228,,False
69,47229,,False
69,47235,,False
69,47236,,False
69,47245,,False
69,47253,,False
69,47262,,False
69,47265,,False
69,47269,,False
69,47274,,False
69,47302,,False
69,47305,,False
69,47314,,False
69,47317,,False
69,47321,,False
69,47322,,False
69,47329,,False
69,47351,,False
69,47353,,False
69,47366,,False
69,47368,,False
69,47373,,False
69,47374,,False
69,47385,,False
69,47393,,False
69,47394,,False
69,47400,,False
69,47405,,False
69,47407,,False
69,47414,,False
69,47425,,False
69,47432,,False
69,47434,,False
69,47439,,False
69,47441,,False
69,47469,,False
69,47473,,False
69,47477,,False
69,47488,,False
69,47503,,False
69,47513,,False
69,47514,,False
69,47516,,False
69,47529,,False
69,47550,,False
69,47566,,False
69,47570,,False
69,47580,,False
69,47584,,False
69,47589,,False
69,47592,,False
69,47594,,False
69,47595,,False
69,47600,,False
69,47601,,False
69,47606,,False
69,47617,,False
69,47619,,False
69,47630,,False
69,47642,,False
69,47645,,False
69,47648,,False
69,47651,,False
69,47662,,False
69,47670,,False
69,47681,,False
69,47693,,False
69,47698,,False
69,47700,,False
69,47703,,False
69,47708,,False
69,47712,,False
69,47715,,False
69,47740,,False
69,47757,,False
69,47760,,False
69,47761,,False
69,47780,,False
69,47782,,False
69,47792,,False
69,47798,,False
69,47800,,False
69,47806,,False
69,47812,,False
69,47816,,False
69,47827,,False
69,47829,,False
69,47834,,False
69,47836,,False
69,47867,,False
69,47869,,False
69,47870,,False
69,47881,,False
69,47882,,False
69,47893,,False
69,47896,,False
69,47920,,False
69,47934,,False
69,47937,,False
69,47941,,False
69,47970,,False
69,47977,,False
69,47980,,False
69,47984,,False
69,47989,,False
69,47990,,False
69,47994,,False
69,48005,,False
69,48007,,False
69,48013,,False
69,48014,,False
69,48020,,False
69,48029,,False
69,48035,,False
69,48041,,False
69,48048,,False
69,48052,,False
69,48059,,False
69,48067,,False
69,48072,,False
69,48079,,False
69,48080,,False
69,48086,,False
69,48108,,False
69,48109,,False
69,48131,,False
69,48138,,False
69,48140,,False
69,48148,,False
69,48150,,False
69,48155,,False
69,48160,,False
69,48167,,False
69,48171,,False
69,48183,,False
69,48186,,False
69,48193,,False
69,48202,,False
69,48203,,False
69,48205,,False
69,48206,,False
69,48208,,False
69,48225,,False
69,48248,,False
69,48251,,False
69,48264,,False
69,48274,,False
69,48289,,False
69,48290,,False
69,48314,,False
69,48321,,False
69,48324,,False
69,48335,,False
69,48341,,False
69,48351,,False
69,48361,,False
69,48378,,False
69,48379,,False
69,48381,,False
69,48385,,False
69,48386,,False
69,48388,,False
69,48393,,False
69,48396,,False
69,48398,,False
69,48405,,False
69,48407,,False
69,48410,,False
69,48412,,False
69,48428,,False
69,48438,,False
69,48441,,False
69,48450,,False
69,48454,,False
69,48459,,False
69,48463,,False
69,48468,,False
69,48482,,False
69,48488,,False
69,48490,,False
69,48491,,False
69,48496,,False
69,48497,,False
69,48514,,False
69,48515,,False
69,48528,,False
69,48531,,False
69,48540,,False
69,48552,,False
69,48553,,False
69,48558,,False
69,48561,,False
69,48562,,False
69,48572,,False
69,48581,,False
69,48604,,False
69,48611,,False
69,48618,,False
69,48624,,False
69,48635,,False
69,48637,,False
69,48641,,False
69,48656,,False
69,48658,,False
69,48679,,False
69,48694,,False
69,48697,,False
69,48708,,False
69,48710,,False
69,48716,,False
69,48746,,False
69,48748,,False
69,48760,,False
69,48764,,False
69,48778,,False
69,48780,,False
69,48782,,False
69,48793,,False
69,48799,,False
69,48809,,False
69,48828,,False
69,48847,,False
69,48852,,False
69,48858,,False
69,48861,,False
69,48873,,False
69,48884,,False
69,48895,,False
69,48897,,False
69,48936,,False
69,48951,,False
69,48977,,False
69,48982,,False
69,48986,,False
69,48988,,False
69,48998,,False
69,48999,,False
69,49005,,False
69,49008,,False
69,49026,,False
69,49035,,False
69,49038,,False
69,49060,,False
69,49065,,False
69,49074,,False
69,49082,,False
69,49092,,False
69,49095,,False
69,49104,,False
69,49108,,False
69,49118,,False
69,49124,,False
69,49133,,False
69,49142,,False
69,49149,,False
69,49156,,False
69,49167,,False
69,49171,,False
69,49175,,False
69,49183,,False
69,49188,,False
69,49194,,False
69,49198,,False
69,49200,,False
69,49204,,False
69,49210,,False
69,49227,,False
69,49228,,False
69,49243,,False
69,49245,,False
69,49249,,False
69,49250,,False
69,49253,,False
69,49261,,False
69,49269,,False
69,49274,,False
69,49281,,False
69,49283,,False
69,49297,,False
69,49298,,False
69,49302,,False
69,49304,,False
69,49309,,False
69,49312,,False
69,49324,,False
69,49327,,False
69,49328,,False
69,49351,,False
69,49352,,False
69,49359,,False
69,49364,,False
69,49375,,False
69,49377,,False
69,49392,,False
69,49404,,False
69,49416,,False
69,49426,,False
69,49432,,False
69,49434,,False
69,49436,,False
69,49449,,False
69,49460,,False
69,49463,,False
69,49465,,False
69,49466,,False
69,49471,,False
69,49476,,False
69,49484,,False
69,49487,,False
69,49500,,False
69,49503,,False
69,49506,,False
69,49515,,False
69,49522,,False
69,49529,,False
69,49539,,False
69,49540,,False
69,49543,,False
69,49546,,False
69,49553,,False
69,49557,,False
69,49564,,False
69,49570,,False
69,49572,,False
69,49582,,False
69,49591,,False
69,49604,,False
69,49617,,False
69,49624,,False
69,49644,,False
69,49655,,False
69,49671,,False
69,49680,,False
69,49686,,False
69,49698,,False
69,49713,,False
69,49723,,False
69,49724,,False
69,49725,,False
69,49732,,False
69,49750,,False
69,49754,,False
69,49760,,False
69,49766,,False
69,49773,,False
69,49781,,False
69,49782,,False
69,49802,,False
69,49809,,False
69,49818,,False
69,49821,,False
69,49826,,False
69,49828,,False
69,49831,,False
69,49850,,False
69,49852,,False
69,49856,,False
69,49882,,False
69,49902,,False
69,49912,,False
69,49921,,False
69,49923,,False
69,49927,,False
69,49934,,False
69,49956,,False
69,49960,,False
69,49962,,False
69,49963,,False
69,49965,,False
69,49966,,False
69,49968,,False
69,49984,,False
69,49987,,False
69,49989,,False
69,49995,,False
69,50001,,False
69,50033,,False
69,50034,,False
69,50037,,False
69,50040,,False
69,50044,,False
69,50046,,False
69,50048,,False
69,50065,,False
69,50072,,False
69,50075,,False
69,50076,,False
69,50081,,False
69,50085,,False
69,50096,,False
69,50102,,False
69,50103,,False
69,50116,,False
69,50118,,False
69,50119,,False
69,50123,,False
69,50126,,False
69,50127,,False
69,50144,,False
69,50151,,False
69,50159,,False
69,50165,,False
69,50177,,False
69,50184,,False
69,50198,,False
69,50202,,False
69,50208,,False
69,50209,,False
69,50210,,False
69,50221,,False
69,50231,,False
69,50234,,False
69,50245,,False
69,50246,,False
69,50262,,False
69,50264,,False
69,50269,,False
69,50272,,False
69,50275,,False
69,50292,,False
69,50294,,False
69,50326,,False
69,50333,,False
69,50334,,False
69,50340,,False
69,50349,,False
69,50353,,False
69,50358,,False
69,50373,,False
69,50374,,False
69,50377,,False
69,50384,,False
69,50388,,False
69,50390,,False
69,50394,,False
69,50421,,False
69,50442,,False
69,50444,,False
69,50445,,False
69,50456,,False
69,50464,,False
69,50470,,False
69,50494,,False
69,50503,,False
69,50506,,False
69,50514,,False
69,50515,,False
69,50518,,False
69,50522,,False
69,50541,,False
69,50544,,False
69,50545,,False
69,50557,,False
69,50581,,False
69,50586,,False
69,50593,,False
69,50599,,False
69,50603,,False
69,50612,,False
69,50620,,False
69,50623,,False
69,50631,,False
69,50639,,False
69,50643,,False
69,50654,,False
69,50666,,False
69,50673,,False
69,50675,,False
69,50678,,False
69,50703,,False
69,50705,,False
69,50707,,False
69,50708,,False
69,50709,,False
69,50710,,False
69,50713,,False
69,50714,,False
69,50718,,False
69,50719,,False
69,50727,,False
69,50757,,False
69,50772,,False
69,50778,,False
69,50785,,False
69,50796,,False
69,50808,,False
69,50823,,False
69,50847,,False
69,50850,,False
69,50857,,False
69,50864,,False
69,50867,,False
69,50872,,False
69,50882,,False
69,50886,,False
69,50903,,False
69,50904,,False
69,50906,,False
69,50928,,False
69,50940,,False
69,50947,,False
69,50956,,False
69,50970,,False
69,50972,,False
69,50979,,False
69,50988,,False
69,50993,,False
69,51002,,False
69,51011,,False
69,51026,,False
69,51028,,False
69,51031,,False
69,51033,,False
69,51036,,False
69,51040,,False
69,51048,,False
69,51067,,False
69,51069,,False
69,51078,,False
69,51099,,False
69,51100,,False
69,51105,,False
69,51107,,False
69,51117,,False
69,51131,,False
69,51135,,False
69,51151,,False
69,51159,,False
69,51161,,False
69,51162,,False
69,51165,,False
69,51172,,False
69,51174,,False
69,51186,,False
69,51187,,False
69,51189,,False
69,51211,,False
69,51213,,False
69,51218,,False
69,51238,,False
69,51259,,False
69,51265,,False
69,51268,,False
69,51279,,False
69,51290,,False
69,51300,,False
69,51309,,False
69,51310,,False
69,51317,,False
69,51318,,False
69,51321,,False
69,51322,,False
69,51339,,False
69,51340,,False
69,51341,,False
69,51343,,False
69,51346,,False
69,51350,,False
69,51352,,False
69,51371,,False
69,51372,,False
69,51391,,False
69,51392,,False
69,51408,,False
69,51419,,False
69,51423,,False
69,51428,,False
69,51431,,False
69,51435,,False
69,51442,,False
69,51449,,False
69,51455,,False
69,51460,,False
69,51462,,False
69,51465,,False
69,51474,,False
69,51491,,False
69,51502,,False
69,51505,,False
69,51511,,False
69,51514,,False
69,51528,,False
69,51553,,False
69,51554,,False
69,51557,,False
69,51560,,False
69,51563,,False
69,51568,,False
69,51582,,False
69,51595,,False
69,51607,,False
69,51617,,False
69,51619,,False
69,51627,,False
69,51633,,False
69,51642,,False
69,51643,,False
69,51653,,False
69,51655,,False
69,51661,,False
69,51663,,False
69,51665,,False
69,51667,,False
69,51672,,False
69,51682,,False
69,51683,,False
69,51688,,False
69,51693,,False
69,51701,,False
69,51718,,False
69,51721,,False
69,51722,,False
69,51727,,False
69,51734,,False
69,51744,,False
69,51749,,False
69,51757,,False
69,51764,,False
69,51769,,False
69,51776,,False
69,51794,,False
69,51797,,False
69,51798,,False
69,51801,,False
69,51812,,False
69,51827,,False
69,51830,,False
69,51843,,False
69,51845,,False
69,51848,,False
69,51860,,False
69,51864,,False
69,51865,,False
69,51871,,False
69,51873,,False
69,51878,,False
69,51883,,False
69,51889,,False
69,51890,,False
69,51897,,False
69,51902,,False
69,51912,,False
69,51922,,False
69,51924,,False
69,51925,,False
69,51928,,False
69,51936,,False
69,51940,,False
69,51948,,False
69,51963,,False
69,51971,,False
69,51976,,False
69,51981,,False
69,51985,,False
69,51987,,False
69,51993,,False
69,51994,,False
69,51999,,False
69,52009,,False
69,52012,,False
69,52014,,False
69,52019,,False
69,52021,,False
69,52039,,False
69,52046,,False
69,52047,,False
69,52059,,False
69,52074,,False
69,52076,,False
69,52085,,False
69,52088,,False
69,52092,,False
69,52094,,False
69,52095,,False
69,52106,,False
69,52109,,False
69,52113,,False
69,52114,,False
69,52118,,False
69,52126,,False
69,52127,,False
69,52148,,False
69,52149,,False
69,52154,,False
69,52157,,False
69,52162,,False
69,52163,,False
69,52165,,False
69,52182,,False
69,52185,,False
69,52187,,False
69,52204,,False
69,52206,,False
69,52216,,False
69,52235,,False
69,52263,,False
69,52269,,False
69,52285,,False
69,52294,,False
69,52296,,False
69,52297,,False
69,52300,,False
69,52304,,False
69,52329,,False
69,52330,,False
69,52339,,False
69,52342,,False
69,52362,,False
69,52374,,False
69,52379,,False
69,52385,,False
69,52393,,False
69,52410,,False
69,52417,,False
69,52418,,False
69,52429,,False
69,52438,,False
69,52445,,False
69,52449,,False
69,52453,,False
69,52456,,False
69,52457,,False
69,52459,,False
69,52465,,False
69,52468,,False
69,52470,,False
69,52472,,False
69,52493,,False
69,52497,,False
69,52501,,False
69,52507,,False
69,52510,,False
69,52516,,False
69,52527,,False
69,52530,,False
69,52535,,False
69,52545,,False
69,52551,,False
69,52552,,False
69,52568,,False
69,52578,,False
69,52590,,False
69,52591,,False
69,52601,,False
69,52603,,False
69,52609,,False
69,52618,,False
69,52629,,False
69,52630,,False
69,52644,,False
69,52645,,False
69,52651,,False
69,52663,,False
69,52665,,False
69,52669,,False
69,52671,,False
69,52675,,False
69,52687,,False
69,52692,,False
69,52693,,False
69,52695,,False
69,52707,,False
69,52712,,False
69,52716,,False
69,52718,,False
69,52719,,False
69,52736,,False
69,52743,,False
69,52745,,False
69,52746,,False
69,52754,,False
69,52756,,False
69,52765,,False
69,52767,,False
69,52769,,False
69,52770,,False
69,52773,,False
69,52776,,False
69,52780,,False
69,52783,,False
69,52786,,False
69,52788,,False
69,52790,,False
69,52791,,False
69,52795,,False
69,52814,,False
69,52824,,False
69,52830,,False
69,52834,,False
69,52846,,False
69,52868,,False
69,52870,,False
69,52873,,False
69,52879,,False
69,52885,,False
69,52909,,False
69,52912,,False
69,52925,,False
69,52927,,False
69,52931,,False
69,52935,,False
69,52938,,False
69,52939,,False
69,52947,,False
69,52987,,False
69,52996,,False
69,52999,,False
69,53006,,False
69,53009,,False
69,53010,,False
69,53014,,False
69,53018,,False
69,53021,,False
69,53026,,False
69,53034,,False
69,53042,,False
69,53082,,False
69,53087,,False
69,53101,,False
69,53106,,False
69,53111,,False
69,53118,,False
69,53132,,False
69,53134,,False
69,53137,,False
69,53156,,False
69,53157,,False
69,53159,,False
69,53168,,False
69,53174,,False
69,53183,,False
69,53190,,False
69,53201,,False
69,53209,,False
69,53216,,False
69,53220,,False
69,53243,,False
69,53249,,False
69,53257,,False
69,53260,,False
69,53267,,False
69,53283,,False
69,53298,,False
69,53299,,False
69,53310,,False
69,53317,,False
69,53336,,False
69,53356,,False
69,53360,,False
69,53365,,False
69,53376,,False
69,53384,,False
69,53393,,False
69,53401,,False
69,53418,,False
69,53427,,False
69,53435,,False
69,53443,,False
69,53452,,False
69,53454,,False
69,53455,,False
69,53458,,False
69,53462,,False
69,53464,,False
69,53468,,False
69,53489,,False
69,53498,,False
69,53510,,False
69,53511,,False
69,53517,,False
69,53528,,False
69,53540,,False
69,53555,,False
69,53568,,False
69,53569,,False
69,53571,,False
69,53580,,False
69,53591,,False
69,53596,,False
69,53600,,False
69,53609,,False
69,53612,,False
69,53625,,False
69,53627,,False
69,53629,,False
69,53632,,False
69,53653,,False
69,53656,,False
69,53663,,False
69,53687,,False
69,53703,,False
69,53706,,False
69,53711,,False
69,53746,,False
69,53783,,False
69,53786,,False
69,53801,,False
69,53806,,False
69,53808,,False
69,53811,,False
69,53820,,False
69,53831,,False
69,53838,,False
69,53841,,False
69,53842,,False
69,53845,,False
69,53846,,False
69,53848,,False
69,53863,,False
69,53868,,False
69,53874,,False
69,53877,,False
69,53890,,False
69,53897,,False
69,53920,,False
69,53923,,False
69,53931,,False
69,53942,,False
69,53943,,False
69,53946,,False
69,53948,,False
69,53951,,False
69,53952,,False
69,53955,,False
69,53960,,False
69,53964,,False
69,53975,,False
69,53981,,False
69,53990,,False
69,54010,,False
69,54015,,False
69,54025,,False
69,54026,,False
69,54069,,False
69,54070,,False
69,54079,,False
69,54099,,False
69,54112,,False
69,54116,,False
69,54117,,False
69,54127,,False
69,54138,,False
69,54140,,False
69,54149,,False
69,54151,,False
69,54171,,False
69,54177,,False
69,54184,,False
69,54186,,False
69,54187,,False
69,54210,,False
69,54212,,False
69,54214,,False
69,54219,,False
69,54221,,False
69,54222,,False
69,54225,,False
69,54229,,False
69,54236,,False
69,54246,,False
69,54250,,False
69,54257,,False
69,54272,,False
69,54275,,False
69,54279,,False
69,54280,,False
69,54297,,False
69,54303,,False
69,54311,,False
69,54313,,False
69,54325,,False
69,54331,,False
69,54332,,False
69,54335,,False
69,54336,,False
69,54358,,False
69,54359,,False
69,54370,,False
69,54372,,False
69,54374,,False
69,54379,,False
69,54383,,False
69,54388,,False
69,54409,,False
69,54413,,False
69,54422,,False
69,54427,,False
69,54428,,False
69,54436,,False
69,54450,,False
69,54460,,False
69,54464,,False
69,54501,,False
69,54502,,False
69,54512,,False
69,54523,,False
69,54528,,False
69,54541,,False
69,54547,,False
69,54555,,False
69,54560,,False
69,54582,,False
69,54586,,False
69,54617,,False
69,54628,,False
69,54633,,False
69,54637,,False
69,54640,,False
69,54653,,False
69,54660,,False
69,54679,,False
69,54682,,False
69,54694,,False
69,54702,,False
69,54706,,False
69,54710,,False
69,54725,,False
69,54737,,False
69,54741,,False
69,54746,,False
69,54759,,False
69,54772,,False
69,54780,,False
69,54783,,False
69,54793,,False
69,54802,,False
69,54810,,False
69,54817,,False
69,54822,,False
69,54834,,False
69,54879,,False
69,54889,,False
69,54898,,False
69,54900,,False
69,54916,,False
69,54920,,False
69,54933,,False
69,54939,,False
69,54952,,False
69,54960,,False
69,54964,,False
69,54968,,False
69,54973,,False
69,54979,,False
69,54986,,False
69,54992,,False
69,54998,,False
69,55003,,False
69,55011,,False
69,55017,,False
69,55029,,False
69,55044,,False
69,55051,,False
69,55057,,False
69,55080,,False
69,55081,,False
69,55094,,False
69,55095,,False
69,55142,,False
69,55166,,False
69,55177,,False
69,55183,,False
69,55186,,False
69,55189,,False
69,55198,,False
69,55202,,False
69,55209,,False
69,55221,,False
69,55222,,False
69,55235,,False
69,55243,,False
69,55247,,False
69,55248,,False
69,55261,,False
69,55266,,False
69,55272,,False
69,55274,,False
69,55283,,False
69,55291,,False
69,55292,,False
69,55323,,False
69,55326,,False
69,55344,,False
69,55345,,False
69,55347,,False
69,55352,,False
69,55358,,False
69,55362,,False
69,55375,,False
69,55377,,False
69,55382,,False
69,55388,,False
69,55404,,False
69,55407,,False
69,55411,,False
69,55414,,False
69,55442,,False
69,55462,,False
69,55468,,False
69,55469,,False
69,55483,,False
69,55484,,False
69,55504,,False
69,55512,,False
69,55513,,False
69,55517,,False
69,55523,,False
69,55531,,False
69,55536,,False
69,55538,,False
69,55540,,False
69,55541,,False
69,55549,,False
69,55556,,False
69,55560,,False
69,55563,,False
69,55567,,False
69,55572,,False
69,55573,,False
69,55582,,False
69,55585,,False
69,55592,,False
69,55597,,False
69,55607,,False
69,55608,,False
69,55611,,False
69,55615,,False
69,55616,,False
69,55628,,False
69,55645,,False
69,55658,,False
69,55664,,False
69,55669,,False
69,55671,,False
69,55685,,False
69,55700,,False
69,55704,,False
69,55731,,False
69,55732,,False
69,55733,,False
69,55736,,False
69,55746,,False
69,55755,,False
69,55756,,False
69,55770,,False
69,55774,,False
69,55781,,False
69,55791,,False
69,55798,,False
69,55809,,False
69,55811,,False
69,55814,,False
69,55835,,False
69,55838,,False
69,55863,,False
69,55864,,False
69,55869,,False
69,55885,,False
69,55894,,False
69,55897,,False
69,55900,,False
69,55912,,False
69,55924,,False
69,55928,,False
69,55941,,False
69,55957,,False
69,55961,,False
69,55963,,False
69,55967,,False
69,55974,,False
69,55979,,False
69,56021,,False
69,56024,,False
69,56036,,False
69,56038,,False
69,56044,,False
69,56047,,False
69,56053,,False
69,56059,,False
69,56086,,False
69,56088,,False
69,56100,,False
69,56114,,False
69,56126,,False
69,56129,,False
69,56140,,False
69,56144,,False
69,56153,,False
69,56156,,False
69,56160,,False
69,56169,,False
69,56175,,False
69,56180,,False
69,56185,,False
69,56192,,False
69,56199,,False
69,56203,,False
69,56208,,False
69,56210,,False
69,56211,,False
69,56217,,False
69,56224,,False
69,56225,,False
69,56232,,False
69,56233,,False
69,56246,,False
69,56247,,False
69,56263,,False
69,56267,,False
69,56270,,False
69,56280,,False
69,56289,,False
69,56298,,False
69,56305,,False
69,56308,,False
69,56317,,False
69,56335,,False
69,56336,,False
69,56339,,False
69,56347,,False
69,56351,,False
69,56365,,False
69,56371,,False
69,56377,,False
69,56379,,False
69,56382,,False
69,56405,,False
69,56418,,False
69,56424,,False
69,56426,,False
69,56443,,False
69,56444,,False
69,56449,,False
69,56453,,False
69,56457,,False
69,56465,,False
69,56468,,False
69,56477,,False
69,56479,,False
69,56490,,False
69,56495,,False
69,56500,,False
69,56505,,False
69,56515,,False
69,56519,,False
69,56529,,False
69,56538,,False
69,56543,,False
69,56553,,False
69,56554,,False
69,56556,,False
69,56571,,False
69,56589,,False
69,56590,,False
69,56594,,False
69,56619,,False
69,56623,,False
69,56624,,False
69,56630,,False
69,56643,,False
69,56652,,False
69,56656,,False
69,56660,,False
69,56685,,False
69,56711,,False
69,56720,,False
69,56734,,False
69,56736,,False
69,56745,,False
69,56747,,False
69,56754,,False
69,56756,,False
69,56761,,False
69,56766,,False
69,56769,,False
69,56794,,False
69,56800,,False
69,56803,,False
69,56821,,False
69,56861,,False
69,56864,,False
69,56875,,False
69,56905,,False
69,56918,,False
69,56921,,False
69,56927,,False
69,56942,,False
69,56945,,False
69,56965,,False
69,56975,,False
69,56997,,False
69,57001,,False
69,57002,,False
69,57016,,False
69,57039,,False
69,57043,,False
69,57046,,False
69,57049,,False
69,57056,,False
69,57064,,False
69,57068,,False
69,57074,,False
69,57075,,False
69,57085,,False
69,57100,,False
69,57108,,False
69,57115,,False
69,57122,,False
69,57137,,False
69,57144,,False
69,57147,,False
69,57154,,False
69,57155,,False
69,57165,,False
69,57167,,False
69,57176,,False
69,57188,,False
69,57194,,False
69,57203,,False
69,57209,,False
69,57214,,False
69,57229,,False
69,57233,,False
69,57234,,False
69,57249,,False
69,57251,,False
69,57254,,False
69,57257,,False
69,57260,,False
69,57269,,False
69,57282,,False
69,57290,,False
69,57296,,False
69,57302,,False
69,57306,,False
69,57309,,False
69,57312,,False
69,57342,,False
69,57347,,False
69,57372,,False
69,57374,,False
69,57376,,False
69,57377,,False
69,57378,,False
69,57384,,False
69,57387,,False
69,57397,,False
69,57401,,False
69,57403,,False
69,57411,,False
69,57418,,False
69,57432,,False
69,57435,,False
69,57444,,False
69,57449,,False
69,57450,,False
69,57455,,False
69,57467,,False
69,57468,,False
69,57471,,False
69,57478,,False
69,57481,,False
69,57487,,False
69,57496,,False
69,57497,,False
69,57500,,False
69,57502,,False
69,57514,,False
69,57516,,False
69,57521,,False
69,57538,,False
69,57541,,False
69,57542,,False
69,57544,,False
69,57552,,False
69,57559,,False
69,57570,,False
69,57582,,False
69,57586,,False
69,57590,,False
69,57608,,False
69,57612,,False
69,57629,,False
69,57637,,False
69,57650,,False
69,57652,,False
69,57658,,False
69,57665,,False
69,57668,,False
69,57677,,False
69,57682,,False
69,57685,,False
69,57691,,False
69,57707,,False
69,57713,,False
69,57720,,False
69,57721,,False
69,57724,,False
69,57725,,False
69,57738,,False
69,57739,,False
69,57742,,False
69,57752,,False
69,57760,,False
69,57764,,False
69,57766,,False
69,57769,,False
69,57786,,False
69,57795,,False
69,57798,,False
69,57813,,False
69,57820,,False
69,57827,,False
69,57840,,False
69,57855,,False
69,57861,,False
69,57887,,False
69,57888,,False
69,57895,,False
69,57897,,False
69,57900,,False
69,57903,,False
69,57931,,False
69,57933,,False
69,57946,,False
69,57950,,False
69,57974,,False
69,57978,,False
69,57980,,False
69,57981,,False
69,57983,,False
69,57988,,False
69,57996,,False
69,57998,,False
69,58007,,False
69,58009,,False
69,58032,,False
69,58039,,False
69,58042,,False
69,58049,,False
69,58064,,False
69,58098,,False
69,58099,,False
69,58106,,False
69,58110,,False
69,58116,,False
69,58120,,False
69,58122,,False
69,58125,,False
69,58133,,False
69,58137,,False
69,58143,,False
69,58152,,False
69,58154,,False
69,58191,,False
69,58196,,False
69,58205,,False
69,58209,,False
69,58212,,False
69,58219,,False
69,58234,,False
69,58235,,False
69,58245,,False
69,58252,,False
69,58254,,False
69,58258,,False
69,58260,,False
69,58267,,False
69,58281,,False
69,58285,,False
69,58299,,False
69,58333,,False
69,58334,,False
69,58337,,False
69,58340,,False
69,58341,,False
69,58357,,False
69,58360,,False
69,58363,,False
69,58368,,False
69,58373,,False
69,58379,,False
69,58386,,False
69,58393,,False
69,58395,,False
69,58399,,False
69,58401,,False
69,58405,,False
69,58410,,False
69,58418,,False
69,58420,,False
69,58425,,False
69,58432,,False
69,58435,,False
69,58452,,False
69,58473,,False
69,58489,,False
69,58508,,False
69,58519,,False
69,58524,,False
69,58540,,False
69,58546,,False
69,58549,,False
69,58554,,False
69,58557,,False
69,58593,,False
69,58600,,False
69,58601,,False
69,58612,,False
69,58627,,False
69,58638,,False
69,58639,,False
69,58644,,False
69,58647,,False
69,58655,,False
69,58656,,False
69,58662,,False
69,58663,,False
69,58667,,False
69,58672,,False
69,58678,,False
69,58686,,False
69,58687,,False
69,58688,,False
69,58691,,False
69,58694,,False
69,58697,,False
69,58710,,False
69,58723,,False
69,58725,,False
69,58729,,False
69,58735,,False
69,58738,,False
69,58758,,False
69,58760,,False
69,58761,,False
69,58762,,False
69,58772,,False
69,58777,,False
69,58802,,False
69,58806,,False
69,58810,,False
69,58812,,False
69,58820,,False
69,58826,,False
69,58830,,False
69,58835,,False
69,58843,,False
69,58851,,False
69,58863,,False
69,58867,,False
69,58871,,False
69,58873,,False
69,58885,,False
69,58887,,False
69,58891,,False
69,58899,,False
69,58900,,False
69,58902,,False
69,58903,,False
69,58904,,False
69,58905,,False
69,58911,,False
69,58914,,False
69,58918,,False
69,58935,,False
69,58937,,False
69,58938,,False
69,58942,,False
69,58943,,False
69,58957,,False
69,58968,,False
69,58976,,False
69,58977,,False
69,58979,,False
69,58997,,False
69,59000,,False
69,59002,,False
69,59005,,False
69,59009,,False
69,59018,,False
69,59019,,False
69,59021,,False
69,59034,,False
69,59047,,False
69,59052,,False
69,59070,,False
69,59075,,False
69,59081,,False
69,59085,,False
69,59089,,False
69,59097,,False
69,59101,,False
69,59107,,False
69,59117,,False
69,59123,,False
69,59142,,False
69,59169,,False
69,59176,,False
69,59181,,False
69,59196,,False
69,59205,,False
69,59207,,False
69,59217,,False
69,59232,,False
69,59240,,False
69,59245,,False
69,59251,,False
69,59255,,False
69,59263,,False
69,59265,,False
69,59275,,False
69,59278,,False
69,59281,,False
69,59285,,False
69,59295,,False
69,59305,,False
69,59315,,False
69,59325,,False
69,59344,,False
69,59345,,False
69,59346,,False
69,59360,,False
69,59371,,False
69,59399,,False
69,59401,,False
69,59409,,False
69,59413,,False
69,59438,,False
69,59443,,False
69,59447,,False
69,59462,,False
69,59478,,False
69,59482,,False
69,59485,,False
69,59494,,False
69,59517,,False
69,59522,,False
69,59523,,False
69,59524,,False
69,59543,,False
69,59544,,False
69,59556,,False
69,59558,,False
69,59568,,False
69,59587,,False
69,59591,,False
69,59595,,False
69,59597,,False
69,59625,,False
69,59632,,False
69,59633,,False
69,59634,,False
69,59637,,False
69,59644,,False
69,59650,,False
69,59655,,False
69,59673,,False
69,59675,,False
69,59685,,False
69,59688,,False
69,59709,,False
69,59710,,False
69,59712,,False
69,59723,,False
69,59725,,False
69,59740,,False
69,59742,,False
69,59747,,False
69,59755,,False
69,59773,,False
69,59774,,False
69,59795,,False
69,59800,,False
69,59802,,False
69,59810,,False
69,59811,,False
69,59812,,False
69,59817,,False
69,59829,,False
69,59832,,False
69,59859,,False
69,59874,,False
69,59876,,False
69,59877,,False
69,59883,,False
69,59887,,False
69,59888,,False
69,59889,,False
69,59892,,False
69,59900,,False
69,59906,,False
69,59922,,False
69,59923,,False
69,59936,,False
69,59955,,False
69,59966,,False
69,59989,,False
69,60007,,False
69,60008,,False
69,60030,,False
69,60034,,False
69,60042,,False
69,60046,,False
69,60049,,False
69,60056,,False
69,60076,,False
69,60080,,False
69,60084,,False
69,60087,,False
69,60089,,False
69,60090,,False
69,60095,,False
69,60106,,False
69,60123,,False
69,60133,,False
69,60136,,False
69,60160,,False
69,60164,,False
69,60165,,False
69,60166,,False
69,60178,,False
69,60182,,False
69,60185,,False
69,60202,,False
69,60209,,False
69,60210,,False
69,60213,,False
69,60216,,False
69,60223,,False
69,60245,,False
69,60257,,False
69,60264,,False
69,60285,,False
69,60291,,False
69,60297,,False
69,60306,,False
69,60308,,False
69,60321,,False
69,60334,,False
69,60346,,False
69,60376,,False
69,60383,,False
69,60385,,False
69,60393,,False
69,60402,,False
69,60404,,False
69,60405,,False
69,60411,,False
69,60422,,False
69,60428,,False
69,60432,,False
69,60434,,False
69,60451,,False
69,60467,,False
69,60468,,False
69,60489,,False
69,60493,,False
69,60496,,False
69,60507,,False
69,60526,,False
69,60531,,False
69,60539,,False
69,60547,,False
69,60548,,False
69,60567,,False
69,60587,,False
69,60599,,False
69,60606,,False
69,60607,,False
69,60610,,False
69,60612,,False
69,60616,,False
69,60625,,False
69,60647,,False
69,60656,,False
69,60657,,False
69,60662,,False
69,60663,,False
69,60666,,False
69,60680,,False
69,60693,,False
69,60695,,False
69,60698,,False
69,60709,,False
69,60717,,False
69,60720,,False
69,60731,,False
69,60732,,False
69,60733,,False
69,60737,,False
69,60759,,False
69,60770,,False
69,60775,,False
69,60776,,False
69,60778,,False
69,60780,,False
69,60784,,False
69,60795,,False
69,60808,,False
69,60811,,False
69,60819,,False
69,60820,,False
69,60825,,False
69,60826,,False
69,60830,,False
69,60831,,False
69,60832,,False
69,60833,,False
69,60837,,False
69,60841,,False
69,60843,,False
69,60844,,False
69,60845,,False
69,60847,,False
69,60855,,False
69,60864,,False
69,60876,,False
69,60883,,False
69,60887,,False
69,60893,,False
69,60897,,False
69,60903,,False
69,60907,,False
69,60908,,False
69,60914,,False
69,60939,,False
69,60946,,False
69,60950,,False
69,60963,,False
69,60966,,False
69,60968,,False
69,60976,,False
69,60983,,False
69,60987,,False
69,60991,,False
69,60995,,False
69,61002,,False
69,61003,,False
69,61004,,False
69,61011,,False
69,61022,,False
69,61039,,False
69,61053,,False
69,61055,,False
69,61064,,False
69,61075,,False
69,61079,,False
69,61084,,False
69,61085,,False
69,61086,,False
69,61091,,False
69,61102,,False
69,61105,,False
69,61111,,False
69,61114,,False
69,61117,,False
69,61127,,False
69,61141,,False
69,61158,,False
69,61159,,False
69,61168,,False
69,61173,,False
69,61183,,False
69,61189,,False
69,61195,,False
69,61197,,False
69,61199,,False
69,61204,,False
69,61205,,False
69,61213,,False
69,61214,,False
69,61232,,False
69,61233,,False
69,61236,,False
69,61238,,False
69,61242,,False
69,61248,,False
69,61253,,False
69,61276,,False
69,61289,,False
69,61319,,False
69,61320,,False
69,61322,,False
69,61332,,False
69,61333,,False
69,61343,,False
69,61368,,False
69,61383,,False
69,61401,,False
69,61403,,False
69,61412,,False
69,61415,,False
69,61441,,False
69,61443,,False
69,61447,,False
69,61450,,False
69,61460,,False
69,61463,,False
69,61466,,False
69,61473,,False
69,61476,,False
69,61482,,False
69,61500,,False
69,61502,,False
69,61504,,False
69,61507,,False
69,61508,,False
69,61530,,False
69,61534,,False
69,61550,,False
69,61557,,False
69,61561,,False
69,61564,,False
69,61567,,False
69,61581,,False
69,61582,,False
69,61585,,False
69,61587,,False
69,61598,,False
69,61605,,False
69,61606,,False
69,61618,,False
69,61622,,False
69,61623,,False
69,61625,,False
69,61628,,False
69,61652,,False
69,61657,,False
69,61671,,False
69,61673,,False
69,61678,,False
69,61705,,False
69,61707,,False
69,61713,,False
69,61715,,False
69,61725,,False
69,61734,,False
69,61762,,False
69,61766,,False
69,61773,,False
69,61792,,False
69,61797,,False
69,61808,,False
69,61819,,False
69,61822,,False
69,61841,,False
69,61845,,False
69,61850,,False
69,61852,,False
69,61899,,False
69,61904,,False
69,61918,,False
69,61921,,False
69,61923,,False
69,61932,,False
69,61935,,False
69,61937,,False
69,61938,,False
69,61942,,False
69,61943,,False
69,61962,,False
69,61969,,False
69,61983,,False
69,61998,,False
69,62022,,False
69,62037,,False
69,62040,,False
69,62060,,False
69,62063,,False
69,62065,,False
69,62067,,False
69,62073,,False
69,62084,,False
69,62086,,False
69,62089,,False
69,62090,,False
69,62094,,False
69,62095,,False
69,62106,,False
69,62108,,False
69,62110,,False
69,62111,,False
69,62125,,False
69,62138,,False
69,62150,,False
69,62153,,False
69,62166,,False
69,62176,,False
69,62180,,False
69,62187,,False
69,62189,,False
69,62191,,False
69,62201,,False
69,62202,,False
69,62208,,False
69,62220,,False
69,62246,,False
69,62248,,False
69,62249,,False
69,62262,,False
69,62277,,False
69,62281,,False
69,62282,,False
69,62283,,False
69,62291,,False
69,62303,,False
69,62306,,False
69,62311,,False
69,62312,,False
69,62328,,False
69,62329,,False
69,62333,,False
69,62335,,False
69,62344,,False
69,62353,,False
69,62359,,False
69,62362,,False
69,62385,,False
69,62387,,False
69,62389,,False
69,62406,,False
69,62419,,False
69,62424,,False
69,62430,,False
69,62434,,False
69,62444,,False
69,62447,,False
69,62455,,False
69,62470,,False
69,62471,,False
69,62476,,False
69,62491,,False
69,62494,,False
69,62509,,False
69,62516,,False
69,62521,,False
69,62524,,False
69,62537,,False
69,62546,,False
69,62558,,False
69,62564,,False
69,62585,,False
69,62591,,False
69,62599,,False
69,62604,,False
69,62621,,False
69,62624,,False
69,62626,,False
69,62633,,False
69,62644,,False
69,62658,,False
69,62660,,False
69,62662,,False
69,62666,,False
69,62667,,False
69,62668,,False
69,62672,,False
69,62674,,False
69,62682,,False
69,62687,,False
69,62708,,False
69,62710,,False
69,62715,,False
69,62752,,False
69,62755,,False
69,62771,,False
69,62785,,False
69,62791,,False
69,62797,,False
69,62814,,False
69,62817,,False
69,62819,,False
69,62826,,False
69,62829,,False
69,62838,,False
69,62852,,False
69,62854,,False
69,62860,,False
69,62866,,False
69,62868,,False
69,62880,,False
69,62887,,False
69,62895,,False
69,62901,,False
69,62913,,False
69,62916,,False
69,62924,,False
69,62940,,False
69,62966,,False
69,62970,,False
69,62972,,False
69,62980,,False
69,62985,,False
69,62987,,False
69,62993,,False
69,63012,,False
69,63016,,False
69,63020,,False
69,63026,,False
69,63040,,False
69,63067,,False
69,63068,,False
69,63082,,False
69,63089,,False
69,63093,,False
69,63107,,False
69,63126,,False
69,63170,,False
69,63174,,False
69,63176,,False
69,63177,,False
69,63184,,False
69,63218,,False
69,63245,,False
69,63248,,False
69,63261,,False
69,63266,,False
69,63276,,False
69,63280,,False
69,63285,,False
69,63295,,False
69,63296,,False
69,63298,,False
69,63301,,False
69,63308,,False
69,63315,,False
69,63317,,False
69,63318,,False
69,63321,,False
69,63328,,False
69,63333,,False
69,63334,,False
69,63338,,False
69,63358,,False
69,63378,,False
69,63387,,False
69,63414,,False
69,63418,,False
69,63420,,False
69,63432,,False
69,63441,,False
69,63442,,False
69,63449,,False
69,63470,,False
69,63481,,False
69,63494,,False
69,63505,,False
69,63506,,False
69,63518,,False
69,63535,,False
69,63537,,False
69,63539,,False
69,63545,,False
69,63546,,False
69,63550,,False
69,63560,,False
69,63576,,False
69,63577,,False
69,63578,,False
69,63585,,False
69,63595,,False
69,63604,,False
69,63615,,False
69,63647,,False
69,63660,,False
69,63668,,False
69,63676,,False
69,63680,,False
69,63682,,False
69,63702,,False
69,63704,,False
69,63709,,False
69,63710,,False
69,63713,,False
69,63722,,False
69,63734,,False
69,63738,,False
69,63749,,False
69,63751,,False
69,63758,,False
69,63764,,False
69,63768,,False
69,63772,,False
69,63780,,False
69,63785,,False
69,63787,,False
69,63791,,False
69,63806,,False
69,63814,,False
69,63815,,False
69,63831,,False
69,63834,,False
69,63847,,False
69,63859,,False
69,63862,,False
69,63867,,False
69,63877,,False
69,63889,,False
69,63890,,False
69,63898,,False
69,63900,,False
69,63909,,False
69,63910,,False
69,63911,,False
69,63913,,False
69,63939,,False
69,63944,,False
69,63955,,False
69,63971,,False
69,63976,,False
69,63979,,False
69,63994,,False
69,64002,,False
69,64003,,False
69,64010,,False
69,64015,,False
69,64019,,False
69,64023,,False
69,64027,,False
69,64039,,False
69,64043,,False
69,64047,,False
69,64052,,False
69,64054,,False
69,64078,,False
69,64084,,False
69,64086,,False
69,64103,,False
69,64129,,False
69,64140,,False
69,64152,,False
69,64159,,False
69,64172,,False
69,64175,,False
69,64182,,False
69,64184,,False
69,64187,,False
69,64196,,False
69,64234,,False
69,64238,,False
69,64270,,False
69,64274,,False
69,64288,,False
69,64301,,False
69,64304,,False
69,64314,,False
69,64319,,False
69,64323,,False
69,64332,,False
69,64333,,False
69,64341,,False
69,64343,,False
69,64356,,False
69,64361,,False
69,64371,,False
69,64394,,False
69,64407,,False
69,64438,,False
69,64442,,False
69,64445,,False
69,64450,,False
69,64460,,False
69,64468,,False
69,64471,,False
69,64473,,False
69,64477,,False
69,64490,,False
69,64496,,False
69,64499,,False
69,64529,,False
69,64549,,False
69,64555,,False
69,64559,,False
69,64566,,False
69,64583,,False
69,64586,,False
69,64592,,False
69,64595,,False
69,64618,,False
69,64626,,False
69,64630,,False
69,64631,,False
69,64636,,False
69,64637,,False
69,64641,,False
69,64648,,False
69,64662,,False
69,64670,,False
69,64676,,False
69,64679,,False
69,64682,,False
69,64684,,False
69,64696,,False
69,64704,,False
69,64711,,False
69,64714,,False
69,64720,,False
69,64736,,False
69,64748,,False
69,64756,,False
69,64757,,False
69,64760,,False
69,64796,,False
69,64803,,False
69,64812,,False
69,64824,,False
69,64828,,False
69,64838,,False
69,64846,,False
69,64850,,False
69,64852,,False
69,64862,,False
69,64867,,False
69,64874,,False
69,64877,,False
69,64881,,False
69,64892,,False
69,64893,,False
69,64896,,False
69,64897,,False
69,64903,,False
69,64908,,False
69,64913,,False
69,64920,,False
69,64945,,False
69,64946,,False
69,64957,,False
69,64958,,False
69,64961,,False
69,64969,,False
69,64981,,False
69,64987,,False
69,64993,,False
69,64995,,False
69,65014,,False
69,65025,,False
69,65031,,False
69,65034,,False
69,65035,,False
69,65053,,False
69,65056,,False
69,65061,,False
69,65080,,False
69,65083,,False
69,65086,,False
69,65090,,False
69,65094,,False
69,65110,,False
69,65115,,False
69,65122,,False
69,65124,,False
69,65141,,False
69,65148,,False
69,65158,,False
69,65169,,False
69,65178,,False
69,65186,,False
69,65189,,False
69,65198,,False
69,65209,,False
69,65212,,False
69,65214,,False
69,65216,,False
69,65224,,False
69,65232,,False
69,65238,,False
69,65240,,False
69,65242,,False
69,65260,,False
69,65264,,False
69,65272,,False
69,65279,,False
69,65283,,False
69,65293,,False
69,65299,,False
69,65305,,False
69,65314,,False
69,65321,,False
69,65328,,False
69,65364,,False
69,65365,,False
69,65400,,False
69,65419,,False
69,65422,,False
69,65426,,False
69,65427,,False
69,65438,,False
69,65443,,False
69,65451,,False
69,65459,,False
69,65464,,False
69,65480,,False
69,65510,,False
69,65523,,False
69,65524,,False
69,65530,,False
69,65532,,False
69,65533,,False
69,65539,,False
69,65565,,False
69,65576,,False
69,65582,,False
69,65583,,False
69,65586,,False
69,65610,,False
69,65615,,False
69,65618,,False
69,65631,,False
69,65640,,False
69,65652,,False
69,65655,,False
69,65671,,False
69,65679,,False
69,65680,,False
69,65684,,False
69,65689,,False
69,65696,,False
69,65699,,False
69,65709,,False
69,65714,,False
69,65717,,False
69,65746,,False
69,65760,,False
69,65763,,False
69,65768,,False
69,65770,,False
69,65780,,False
69,65782,,False
69,65786,,False
69,65792,,False
69,65803,,False
69,65826,,False
69,65831,,False
69,65844,,False
69,65845,,False
69,65851,,False
69,65852,,False
69,65856,,False
69,65869,,False
69,65871,,False
69,65874,,False
69,65879,,False
69,65882,,False
69,65886,,False
69,65891,,False
69,65894,,False
69,65900,,False
69,65905,,False
69,65915,,False
69,65916,,False
69,65920,,False
69,65927,,False
69,65930,,False
69,65943,,False
69,65953,,False
69,65956,,False
69,65964,,False
69,65971,,False
69,65976,,False
69,65977,,False
69,65987,,False
69,65990,,False
69,65997,,False
69,66007,,False
69,66010,,False
69,66022,,False
69,66031,,False
69,66033,,False
69,66043,,False
69,66045,,False
69,66051,,False
69,66062,,False
69,66067,,False
69,66068,,False
69,66079,,False
69,66082,,False
69,66084,,False
69,66087,,False
69,66091,,False
69,66117,,False
69,66119,,False
69,66120,,False
69,66122,,False
69,66124,,False
69,66131,,False
69,66132,,False
69,66139,,False
69,66141,,False
69,66144,,False
69,66156,,False
69,66177,,False
69,66181,,False
69,66184,,False
69,66195,,False
69,66202,,False
69,66215,,False
69,66219,,False
69,66227,,False
69,66230,,False
69,66240,,False
69,66245,,False
69,66253,,False
69,66260,,False
69,66263,,False
69,66271,,False
69,66274,,False
69,66281,,False
69,66285,,False
69,66295,,False
69,66302,,False
69,66316,,False
69,66317,,False
69,66333,,False
69,66335,,False
69,66348,,False
69,66352,,False
69,66363,,False
69,66364,,False
69,66389,,False
69,66419,,False
69,66422,,False
69,66430,,False
69,66437,,False
69,66443,,False
69,66448,,False
69,66451,,False
69,66461,,False
69,66474,,False
69,66480,,False
69,66485,,False
69,66490,,False
69,66498,,False
69,66504,,False
69,66508,,False
69,66515,,False
69,66537,,False
69,66540,,False
69,66541,,False
69,66550,,False
69,66551,,False
69,66552,,False
69,66557,,False
69,66558,,False
69,66562,,False
69,66569,,False
69,66571,,False
69,66576,,False
69,66588,,False
69,66622,,False
69,66624,,False
69,66633,,False
69,66637,,False
69,66645,,False
69,66648,,False
69,66656,,False
69,66657,,False
69,66660,,False
69,66688,,False
69,66690,,False
69,66695,,False
69,66697,,False
69,66704,,False
69,66709,,False
69,66717,,False
69,66722,,False
69,66736,,False
69,66740,,False
69,66744,,False
69,66750,,False
69,66754,,False
69,66764,,False
69,66776,,False
69,66786,,False
69,66797,,False
69,66812,,False
69,66821,,False
69,66823,,False
69,66833,,False
69,66838,,False
69,66847,,False
69,66859,,False
69,66867,,False
69,66882,,False
69,66887,,False
69,66895,,False
69,66904,,False
69,66905,,False
69,66922,,False
69,66926,,False
69,66931,,False
69,66964,,False
69,66972,,False
69,66984,,False
69,66988,,False
69,66990,,False
69,66993,,False
69,67009,,False
69,67010,,False
69,67037,,False
69,67041,,False
69,67067,,False
69,67070,,False
69,67071,,False
69,67076,,False
69,67081,,False
69,67084,,False
69,67088,,False
69,67099,,False
69,67103,,False
69,67111,,False
69,67116,,False
69,67120,,False
69,67121,,False
69,67125,,False
69,67127,,False
69,67128,,False
69,67142,,False
69,67154,,False
69,67157,,False
69,67163,,False
69,67176,,False
69,67181,,False
69,67185,,False
69,67186,,False
69,67190,,False
69,67206,,False
69,67219,,False
69,67226,,False
69,67227,,False
69,67241,,False
69,67251,,False
69,67258,,False
69,67261,,False
69,67267,,False
69,67271,,False
69,67279,,False
69,67290,,False
69,67297,,False
69,67305,,False
69,67318,,False
69,67321,,False
69,67323,,False
69,67328,,False
69,67335,,False
69,67340,,False
69,67343,,False
69,67346,,False
69,67348,,False
69,67353,,False
69,67361,,False
69,67371,,False
69,67372,,False
69,67379,,False
69,67387,,False
69,67388,,False
69,67389,,False
69,67402,,False
69,67403,,False
69,67407,,False
69,67419,,False
69,67428,,False
69,67435,,False
69,67437,,False
69,67439,,False
69,67441,,False
69,67444,,False
69,67446,,False
69,67448,,False
69,67452,,False
69,67458,,False
69,67460,,False
69,67473,,False
69,67484,,False
69,67494,,False
69,67500,,False
69,67505,,False
69,67511,,False
69,67515,,False
69,67527,,False
69,67529,,False
69,67536,,False
69,67542,,False
69,67548,,False
69,67555,,False
69,67556,,False
69,67565,,False
69,67567,,False
69,67577,,False
69,67608,,False
69,67610,,False
69,67661,,False
69,67662,,False
69,67677,,False
69,67680,,False
69,67692,,False
69,67693,,False
69,67700,,False
69,67703,,False
69,67716,,False
69,67718,,False
69,67725,,False
69,67733,,False
69,67734,,False
69,67736,,False
69,67738,,False
69,67740,,False
69,67759,,False
69,67776,,False
69,67780,,False
69,67796,,False
69,67799,,False
69,67807,,False
69,67819,,False
69,67828,,False
69,67836,,False
69,67840,,False
69,67846,,False
69,67852,,False
69,67863,,False
69,67867,,False
69,67895,,False
69,67906,,False
69,67912,,False
69,67917,,False
69,67920,,False
69,67936,,False
69,67938,,False
69,67941,,False
69,67954,,False
69,67955,,False
69,67959,,False
69,67964,,False
69,67977,,False
69,67990,,False
69,67997,,False
69,68000,,False
69,68005,,False
69,68014,,False
69,68036,,False
69,68044,,False
69,68046,,False
69,68059,,False
69,68068,,False
69,68069,,False
69,68079,,False
69,68099,,False
69,68102,,False
69,68112,,False
69,68122,,False
69,68139,,False
69,68165,,False
69,68166,,False
69,68178,,False
69,68179,,False
69,68183,,False
69,68185,,False
69,68186,,False
69,68188,,False
69,68214,,False
69,68248,,False
69,68250,,False
69,68254,,False
69,68260,,False
69,68269,,False
69,68282,,False
69,68297,,False
69,68298,,False
69,68305,,False
69,68309,,False
69,68316,,False
69,68321,,False
69,68322,,False
69,68328,,False
69,68331,,False
69,68340,,False
69,68342,,False
69,68354,,False
69,68356,,False
69,68359,,False
69,68368,,False
69,68384,,False
69,68385,,False
69,68390,,False
69,68398,,False
69,68401,,False
69,68406,,False
69,68416,,False
69,68425,,False
69,68426,,False
69,68430,,False
69,68448,,False
69,68452,,False
69,68454,,False
69,68465,,False
69,68472,,False
69,68488,,False
69,68494,,False
69,68498,,False
69,68499,,False
69,68500,,False
69,68517,,False
69,68524,,False
69,68534,,False
69,68551,,False
69,68563,,False
69,68567,,False
69,68597,,False
69,68598,,False
69,68615,,False
69,68617,,False
69,68634,,False
69,68644,,False
69,68646,,False
69,68652,,False
69,68656,,False
69,68666,,False
69,68685,,False
69,68715,,False
69,68723,,False
69,68725,,False
69,68727,,False
69,68749,,False
69,68774,,False
69,68777,,False
69,68789,,False
69,68791,,False
69,68817,,False
69,68851,,False
69,68867,,False
69,68868,,False
69,68870,,False
69,68876,,False
69,68879,,False
69,68881,,False
69,68888,,False
69,68903,,False
69,68906,,False
69,68946,,False
69,68950,,False
69,68955,,False
69,68964,,False
69,68968,,False
69,68970,,False
69,68971,,False
69,68977,,False
69,68991,,False
69,69031,,False
69,69033,,False
69,69036,,False
69,69045,,False
69,69050,,False
69,69062,,False
69,69069,,False
69,69071,,False
69,69081,,False
69,69099,,False
69,69104,,False
69,69105,,False
69,69110,,False
69,69111,,False
69,69145,,False
69,69148,,False
69,69158,,False
69,69159,,False
69,69170,,False
69,69177,,False
69,69181,,False
69,69192,,False
69,69203,,False
69,69210,,False
69,69211,,False
69,69213,,False
69,69219,,False
69,69223,,False
69,69228,,False
69,69232,,False
69,69236,,False
69,69244,,False
69,69249,,False
69,69269,,False
69,69275,,False
69,69277,,False
69,69278,,False
69,69303,,False
69,69307,,False
69,69327,,False
69,69329,,False
69,69336,,False
69,69340,,False
69,69348,,False
69,69351,,False
69,69357,,False
69,69361,,False
69,69366,,False
69,69376,,False
69,69387,,False
69,69404,,False
69,69406,,False
69,69409,,False
69,69411,,False
69,69415,,False
69,69418,,False
69,69419,,False
69,69426,,False
69,69437,,False
69,69448,,False
69,69454,,False
69,69459,,False
69,69464,,False
69,69466,,False
69,69475,,False
69,69478,,False
69,69496,,False
69,69504,,False
69,69508,,False
69,69512,,False
69,69522,,False
69,69523,,False
69,69552,,False
69,69563,,False
69,69564,,False
69,69577,,False
69,69597,,False
69,69599,,False
69,69604,,False
69,69634,,False
69,69636,,False
69,69640,,False
69,69654,,False
69,69659,,False
69,69661,,False
69,69663,,False
69,69664,,False
69,69676,,False
69,69678,,False
69,69690,,False
69,69693,,False
69,69695,,False
69,69697,,False
69,69701,,False
69,69705,,False
69,69710,,False
69,69718,,False
69,69719,,False
69,69722,,False
69,69723,,False
69,69731,,False
69,69761,,False
69,69771,,False
69,69772,,False
69,69784,,False
69,69790,,False
69,69802,,False
69,69807,,False
69,69808,,False
69,69812,,False
69,69840,,False
69,69844,,False
69,69845,,False
69,69849,,False
69,69853,,False
69,69855,,False
69,69859,,False
69,69870,,False
69,69882,,False
69,69901,,False
69,69915,,False
69,69916,,False
69,69925,,False
69,69945,,False
69,69959,,False
69,69968,,False
69,69973,,False
69,69975,,False
69,69976,,False
69,69978,,False
69,69985,,False
69,69987,,False
69,69995,,False
69,69998,,False
69,70003,,False
69,70011,,False
69,70033,,False
69,70037,,False
69,70042,,False
69,70045,,False
69,70047,,False
69,70049,,False
69,70084,,False
69,70095,,False
69,70105,,False
69,70127,,False
69,70134,,False
69,70136,,False
69,70137,,False
69,70142,,False
69,70145,,False
69,70146,,False
69,70158,,False
69,70162,,False
69,70169,,False
69,70172,,False
69,70190,,False
69,70192,,False
69,70193,,False
69,70200,,False
69,70201,,False
69,70210,,False
69,70222,,False
69,70232,,False
69,70248,,False
69,70251,,False
69,70263,,False
69,70264,,False
69,70267,,False
69,70290,,False
69,70303,,False
69,70307,,False
69,70312,,False
69,70315,,False
69,70317,,False
69,70319,,False
69,70320,,False
69,70323,,False
69,70330,,False
69,70331,,False
69,70332,,False
69,70335,,False
69,70342,,False
69,70353,,False
69,70356,,False
69,70377,,False
69,70384,,False
69,70389,,False
69,70391,,False
69,70406,,False
69,70413,,False
69,70414,,False
69,70416,,False
69,70420,,False
69,70423,,False
69,70428,,False
69,70437,,False
69,70459,,False
69,70469,,False
69,70473,,False
69,70474,,False
69,70502,,False
69,70504,,False
69,70505,,False
69,70518,,False
69,70521,,False
69,70550,,False
69,70563,,False
69,70567,,False
69,70574,,False
69,70590,,False
69,70614,,False
69,70618,,False
69,70629,,False
69,70648,,False
69,70649,,False
69,70653,,False
69,70659,,False
69,70668,,False
69,70674,,False
69,70685,,False
69,70686,,False
69,70696,,False
69,70700,,False
69,70702,,False
69,70707,,False
69,70713,,False
69,70727,,False
69,70728,,False
69,70732,,False
69,70736,,False
69,70737,,False
69,70748,,False
69,70771,,False
69,70778,,False
69,70793,,False
69,70796,,False
69,70804,,False
69,70809,,False
69,70831,,False
69,70863,,False
69,70865,,False
69,70886,,False
69,70892,,False
69,70898,,False
69,70926,,False
69,70935,,False
69,70937,,False
69,70938,,False
69,70943,,False
69,70949,,False
69,70976,,False
69,70981,,False
69,70987,,False
69,70991,,False
69,71030,,False
69,71037,,False
69,71042,,False
69,71068,,False
69,71075,,False
69,71086,,False
69,71090,,False
69,71103,,False
69,71113,,False
69,71118,,False
69,71130,,False
69,71138,,False
69,71141,,False
69,71157,,False
69,71161,,False
69,71169,,False
69,71171,,False
69,71183,,False
69,71184,,False
69,71202,,False
69,71227,,False
69,71251,,False
69,71254,,False
69,71256,,False
69,71258,,False
69,71262,,False
69,71269,,False
69,71277,,False
69,71280,,False
69,71286,,False
69,71289,,False
69,71295,,False
69,71300,,False
69,71305,,False
69,71307,,False
69,71317,,False
69,71327,,False
69,71339,,False
69,71359,,False
69,71364,,False
69,71375,,False
69,71382,,False
69,71391,,False
69,71392,,False
69,71414,,False
69,71420,,False
69,71437,,False
69,71441,,False
69,71447,,False
69,71448,,False
69,71454,,False
69,71456,,False
69,71457,,False
69,71462,,False
69,71473,,False
69,71474,,False
69,71477,,False
69,71482,,False
69,71499,,False
69,71504,,False
69,71518,,False
69,71523,,False
69,71526,,False
69,71539,,False
69,71548,,False
69,71561,,False
69,71564,,False
69,71567,,False
69,71582,,False
69,71583,,False
69,71600,,False
69,71601,,False
69,71606,,False
69,71613,,False
69,71654,,False
69,71657,,False
69,71669,,False
69,71691,,False
69,71700,,False
69,71717,,False
69,71725,,False
69,71726,,False
69,71732,,False
69,71739,,False
69,71742,,False
69,71757,,False
69,71767,,False
69,71770,,False
69,71790,,False
69,71801,,False
69,71802,,False
69,71818,,False
69,71826,,False
69,71841,,False
69,71849,,False
69,71852,,False
69,71862,,False
69,71870,,False
69,71871,,False
69,71888,,False
69,71891,,False
69,71895,,False
69,71911,,False
69,71919,,False
69,71921,,False
69,71928,,False
69,71931,,False
69,71935,,False
69,71945,,False
69,71952,,False
69,71953,,False
69,71958,,False
69,71969,,False
69,71976,,False
69,71977,,False
69,71984,,False
69,71985,,False
69,72008,,False
69,72010,,False
69,72031,,False
69,72033,,False
69,72034,,False
69,72036,,False
69,72044,,False
69,72057,,False
69,72062,,False
69,72072,,False
69,72085,,False
69,72093,,False
69,72095,,False
69,72098,,False
69,72116,,False
69,72119,,False
69,72133,,False
69,72134,,False
69,72151,,False
69,72152,,False
69,72160,,False
69,72171,,False
69,72174,,False
69,72175,,False
69,72180,,False
69,72186,,False
69,72190,,False
69,72191,,False
69,72197,,False
69,72198,,False
69,72199,,False
69,72208,,False
69,72212,,False
69,72221,,False
69,72223,,False
69,72231,,False
69,72247,,False
69,72262,,False
69,72269,,False
69,72273,,False
69,72278,,False
69,72292,,False
69,72297,,False
69,72298,,False
69,72302,,False
69,72308,,False
69,72311,,False
69,72324,,False
69,72334,,False
69,72341,,False
69,72344,,False
69,72352,,False
69,72356,,False
69,72361,,False
69,72371,,False
69,72377,,False
69,72381,,False
69,72384,,False
69,72396,,False
69,72397,,False
69,72404,,False
69,72408,,False
69,72409,,False
69,72413,,False
69,72418,,False
69,72420,,False
69,72423,,False
69,72435,,False
69,72460,,False
69,72473,,False
69,72479,,False
69,72481,,False
69,72483,,False
69,72492,,False
69,72495,,False
69,72500,,False
69,72503,,False
69,72507,,False
69,72508,,False
69,72510,,False
69,72514,,False
69,72518,,False
69,72523,,False
69,72528,,False
69,72529,,False
69,72541,,False
69,72555,,False
69,72562,,False
69,72566,,False
69,72572,,False
69,72578,,False
69,72583,,False
69,72588,,False
69,72590,,False
69,72596,,False
69,72604,,False
69,72615,,False
69,72616,,False
69,72618,,False
69,72631,,False
69,72635,,False
69,72640,,False
69,72648,,False
69,72660,,False
69,72662,,False
69,72681,,False
69,72715,,False
69,72717,,False
69,72723,,False
69,72724,,False
69,72728,,False
69,72760,,False
69,72766,,False
69,72768,,False
69,72775,,False
69,72784,,False
69,72788,,False
69,72801,,False
69,72810,,False
69,72860,,False
69,72864,,False
69,72876,,False
69,72885,,False
69,72894,,False
69,72906,,False
69,72917,,False
69,72924,,False
69,72933,,False
69,72937,,False
69,72938,,False
69,72948,,False
69,72955,,False
69,72969,,False
69,72970,,False
69,72973,,False
69,72975,,False
69,72976,,False
69,72985,,False
69,72995,,False
69,73004,,False
69,73018,,False
69,73019,,False
69,73035,,False
69,73037,,False
69,73048,,False
69,73053,,False
69,73062,,False
69,73070,,False
69,73071,,False
69,73084,,False
69,73087,,False
69,73091,,False
69,73092,,False
69,73108,,False
69,73126,,False
69,73130,,False
69,73131,,False
69,73133,,False
69,73136,,False
69,73139,,False
69,73153,,False
69,73188,,False
69,73190,,False
69,73202,,False
69,73206,,False
69,73211,,False
69,73223,,False
69,73228,,False
69,73234,,False
69,73246,,False
69,73253,,False
69,73255,,False
69,73258,,False
69,73268,,False
69,73269,,False
69,73270,,False
69,73273,,False
69,73276,,False
69,73277,,False
69,73282,,False
69,73288,,False
69,73291,,False
69,73292,,False
69,73300,,False
69,73305,,False
69,73309,,False
69,73316,,False
69,73324,,False
69,73328,,False
69,73329,,False
69,73340,,False
69,73343,,False
69,73345,,False
69,73351,,False
69,73354,,False
69,73362,,False
69,73363,,False
69,73364,,False
69,73376,,False
69,73386,,False
69,73389,,False
69,73392,,False
69,73402,,False
69,73403,,False
69,73409,,False
69,73413,,False
69,73428,,False
69,73430,,False
69,73446,,False
69,73453,,False
69,73461,,False
69,73475,,False
69,73483,,False
69,73489,,False
69,73495,,False
69,73511,,False
69,73519,,False
69,73522,,False
69,73524,,False
69,73540,,False
69,73551,,False
69,73553,,False
69,73559,,False
69,73562,,False
69,73563,,False
69,73567,,False
69,73576,,False
69,73585,,False
69,73586,,False
69,73600,,False
69,73602,,False
69,73610,,False
69,73631,,False
69,73637,,False
69,73648,,False
69,73655,,False
69,73667,,False
69,73670,,False
69,73676,,False
69,73685,,False
69,73689,,False
69,73699,,False
69,73701,,False
69,73702,,False
69,73712,,False
69,73733,,False
69,73738,,False
69,73754,,False
69,73764,,False
69,73771,,False
69,73778,,False
69,73805,,False
69,73807,,False
69,73808,,False
69,73816,,False
69,73825,,False
69,73833,,False
69,73838,,False
69,73850,,False
69,73861,,False
69,73872,,False
69,73877,,False
69,73879,,False
69,73898,,False
69,73901,,False
69,73905,,False
69,73909,,False
69,73911,,False
69,73917,,False
69,73922,,False
69,73924,,False
69,73932,,False
69,73937,,False
69,73946,,False
69,73950,,False
69,73955,,False
69,73973,,False
69,73977,,False
69,73983,,False
69,73992,,False
69,73995,,False
69,73996,,False
69,74002,,False
69,74012,,False
69,74017,,False
69,74022,,False
69,74032,,False
69,74052,,False
69,74061,,False
69,74078,,False
69,74089,,False
69,74090,,False
69,74095,,False
69,74099,,False
69,74106,,False
69,74107,,False
69,74108,,False
69,74114,,False
69,74126,,False
69,74127,,False
69,74134,,False
69,74137,,False
69,74138,,False
69,74139,,False
69,74144,,False
69,74146,,False
69,74154,,False
69,74162,,False
69,74187,,False
69,74196,,False
69,74197,,False
69,74206,,False
69,74209,,False
69,74232,,False
69,74258,,False
69,74267,,False
69,74281,,False
69,74285,,False
69,74287,,False
69,74309,,False
69,74310,,False
69,74312,,False
69,74339,,False
69,74353,,False
69,74355,,False
69,74360,,False
69,74368,,False
69,74370,,False
69,74375,,False
69,74389,,False
69,74393,,False
69,74397,,False
69,74404,,False
69,74407,,False
69,74413,,False
69,74416,,False
69,74421,,False
69,74425,,False
69,74426,,False
69,74429,,False
69,74430,,False
69,74433,,False
69,74454,,False
69,74460,,False
69,74466,,False
69,74467,,False
69,74469,,False
69,74476,,False
69,74478,,False
69,74482,,False
69,74484,,False
69,74486,,False
69,74492,,False
69,74495,,False
69,74499,,False
69,74502,,False
69,74503,,False
69,74505,,False
69,74507,,False
69,74512,,False
69,74523,,False
69,74533,,False
69,74535,,False
69,74539,,False
69,74549,,False
69,74555,,False
69,74565,,False
69,74568,,False
69,74579,,False
69,74581,,False
69,74647,,False
69,74648,,False
69,74657,,False
69,74659,,False
69,74660,,False
69,74663,,False
69,74668,,False
69,74670,,False
69,74674,,False
69,74676,,False
69,74679,,False
69,74681,,False
69,74698,,False
69,74706,,False
69,74716,,False
69,74717,,False
69,74719,,False
69,74725,,False
69,74729,,False
69,74735,,False
69,74753,,False
69,74754,,False
69,74756,,False
69,74760,,False
69,74765,,False
69,74767,,False
69,74768,,False
69,74777,,False
69,74779,,False
69,74785,,False
69,74789,,False
69,74791,,False
69,74793,,False
69,74804,,False
69,74810,,False
69,74811,,False
69,74818,,False
69,74820,,False
69,74826,,False
69,74829,,False
69,74830,,False
69,74839,,False
69,74844,,False
69,74845,,False
69,74859,,False
69,74867,,False
69,74880,,False
69,74888,,False
69,74902,,False
69,74904,,False
69,74914,,False
69,74923,,False
69,74926,,False
69,74934,,False
69,74940,,False
69,74945,,False
69,74964,,False
69,74967,,False
69,74971,,False
69,74978,,False
69,74986,,False
69,75002,,False
69,75010,,False
69,75019,,False
69,75029,,False
69,75030,,False
69,75032,,False
69,75050,,False
69,75053,,False
69,75057,,False
69,75059,,False
69,75062,,False
69,75065,,False
69,75069,,False
69,75072,,False
69,75078,,False
69,75084,,False
69,75093,,False
69,75095,,False
69,75104,,False
69,75114,,False
69,75129,,False
69,75138,,False
69,75154,,False
69,75166,,False
69,75187,,False
69,75212,,False
69,75228,,False
69,75234,,False
69,75250,,False
69,75251,,False
69,75257,,False
69,75262,,False
69,75270,,False
69,75273,,False
69,75279,,False
69,75289,,False
69,75310,,False
69,75312,,False
69,75322,,False
69,75339,,False
69,75346,,False
69,75349,,False
69,75354,,False
69,75357,,False
69,75364,,False
69,75365,,False
69,75370,,False
69,75380,,False
69,75381,,False
69,75386,,False
69,75392,,False
69,75394,,False
69,75396,,False
69,75408,,False
69,75415,,False
69,75417,,False
69,75418,,False
69,75426,,False
69,75436,,False
69,75449,,False
69,75453,,False
69,75461,,False
69,75465,,False
69,75470,,False
69,75475,,False
69,75485,,False
69,75494,,False
69,75498,,False
69,75505,,False
69,75513,,False
69,75530,,False
69,75538,,False
69,75546,,False
69,75549,,False
69,75558,,False
69,75574,,False
69,75587,,False
69,75601,,False
69,75608,,False
69,75615,,False
69,75616,,False
69,75670,,False
69,75678,,False
69,75693,,False
69,75696,,False
69,75700,,False
69,75701,,False
69,75713,,False
69,75735,,False
69,75751,,False
69,75752,,False
69,75754,,False
69,75756,,False
69,75767,,False
69,75768,,False
69,75780,,False
69,75782,,False
69,75792,,False
69,75804,,False
69,75805,,False
69,75807,,False
69,75811,,False
69,75815,,False
69,75827,,False
69,75830,,False
69,75831,,False
69,75835,,False
69,75837,,False
69,75855,,False
69,75863,,False
69,75878,,False
69,75888,,False
69,75901,,False
69,75903,,False
69,75911,,False
69,75913,,False
69,75919,,False
69,75925,,False
69,75936,,False
69,75945,,False
69,75949,,False
69,75960,,False
69,75971,,False
69,75972,,False
69,75977,,False
69,75978,,False
69,75985,,False
69,75993,,False
69,75998,,False
69,75999,,False
69,76011,,False
69,76031,,False
69,76034,,False
69,76038,,False
69,76041,,False
69,76046,,False
69,76053,,False
69,76058,,False
69,76061,,False
69,76068,,False
69,76072,,False
69,76076,,False
69,76090,,False
69,76092,,False
69,76107,,False
69,76128,,False
69,76133,,False
69,76137,,False
69,76140,,False
69,76145,,False
69,76146,,False
69,76152,,False
69,76154,,False
69,76156,,False
69,76168,,False
69,76182,,False
69,76183,,False
69,76187,,False
69,76188,,False
69,76191,,False
69,76193,,False
69,76203,,False
69,76204,,False
69,76219,,False
69,76222,,False
69,76252,,False
69,76263,,False
69,76277,,False
69,76279,,False
69,76281,,False
69,76300,,False
69,76303,,False
69,76307,,False
69,76337,,False
69,76338,,False
69,76341,,False
69,76343,,False
69,76349,,False
69,76356,,False
69,76365,,False
69,76370,,False
69,76372,,False
69,76373,,False
69,76374,,False
69,76378,,False
69,76390,,False
69,76399,,False
69,76402,,False
69,76408,,False
69,76441,,False
69,76447,,False
69,76458,,False
69,76463,,False
69,76467,,False
69,76474,,False
69,76485,,False
69,76492,,False
69,76495,,False
69,76497,,False
69,76503,,False
69,76504,,False
69,76522,,False
69,76523,,False
69,76538,,False
69,76540,,False
69,76543,,False
69,76561,,False
69,76568,,False
69,76569,,False
69,76577,,False
69,76578,,False
69,76580,,False
69,76581,,False
69,76608,,False
69,76610,,False
69,76613,,False
69,76618,,False
69,76624,,False
69,76627,,False
69,76662,,False
69,76665,,False
69,76668,,False
69,76680,,False
69,76681,,False
69,76686,,False
69,76689,,False
69,76695,,False
69,76709,,False
69,76713,,False
69,76719,,False
69,76727,,False
69,76728,,False
69,76732,,False
69,76739,,False
69,76749,,False
69,76760,,False
69,76793,,False
69,76799,,False
69,76803,,False
69,76810,,False
69,76812,,False
69,76823,,False
69,76827,,False
69,76830,,False
69,76837,,False
69,76853,,False
69,76854,,False
69,76865,,False
69,76867,,False
69,76875,,False
69,76876,,False
69,76879,,False
69,76883,,False
69,76918,,False
69,76919,,False
69,76921,,False
69,76928,,False
69,76931,,False
69,76964,,False
69,76981,,False
69,76984,,False
69,76990,,False
69,77003,,False
69,77007,,False
69,77016,,False
69,77035,,False
69,77038,,False
69,77047,,False
69,77050,,False
69,77058,,False
69,77066,,False
69,77073,,False
69,77076,,False
69,77086,,False
69,77090,,False
69,77093,,False
69,77100,,False
69,77109,,False
69,77113,,False
69,77124,,False
69,77125,,False
69,77140,,False
69,77153,,False
69,77181,,False
69,77193,,False
69,77223,,False
69,77228,,False
69,77246,,False
69,77253,,False
69,77262,,False
69,77264,,False
69,77274,,False
69,77275,,False
69,77287,,False
69,77288,,False
69,77296,,False
69,77297,,False
69,77300,,False
69,77313,,False
69,77314,,False
69,77327,,False
69,77340,,False
69,77349,,False
69,77368,,False
69,77371,,False
69,77376,,False
69,77385,,False
69,77395,,False
69,77400,,False
69,77410,,False
69,77411,,False
69,77419,,False
69,77425,,False
69,77428,,False
69,77431,,False
69,77433,,False
69,77463,,False
69,77466,,False
69,77475,,False
69,77485,,False
69,77486,,False
69,77494,,False
69,77502,,False
69,77505,,False
69,77522,,False
69,77523,,False
69,77525,,False
69,77529,,False
69,77532,,False
69,77533,,False
69,77543,,False
69,77547,,False
69,77565,,False
69,77569,,False
69,77595,,False
69,77597,,False
69,77624,,False
69,77647,,False
69,77655,,False
69,77657,,False
69,77659,,False
69,77663,,False
69,77671,,False
69,77674,,False
69,77678,,False
69,77686,,False
69,77688,,False
69,77699,,False
69,77709,,False
69,77715,,False
69,77723,,False
69,77746,,False
69,77747,,False
69,77751,,False
69,77756,,False
69,77760,,False
69,77770,,False
69,77778,,False
69,77793,,False
69,77794,,False
69,77802,,False
69,77804,,False
69,77814,,False
69,77819,,False
69,77823,,False
69,77828,,False
69,77836,,False
69,77852,,False
69,77858,,False
69,77868,,False
69,77874,,False
69,77876,,False
69,77879,,False
69,77904,,False
69,77913,,False
69,77919,,False
69,77926,,False
69,77936,,False
69,77938,,False
69,77942,,False
69,77947,,False
69,77949,,False
69,77956,,False
69,77966,,False
69,77984,,False
69,77996,,False
69,78002,,False
69,78004,,False
69,78006,,False
69,78008,,False
69,78020,,False
69,78023,,False
69,78024,,False
69,78029,,False
69,78043,,False
69,78048,,False
69,78052,,False
69,78054,,False
69,78060,,False
69,78068,,False
69,78085,,False
69,78086,,False
69,78099,,False
69,78104,,False
69,78111,,False
69,78112,,False
69,78134,,False
69,78142,,False
69,78144,,False
69,78145,,False
69,78151,,False
69,78163,,False
69,78165,,False
69,78180,,False
69,78183,,False
69,78188,,False
69,78191,,False
69,78206,,False
69,78224,,False
69,78247,,False
69,78250,,False
69,78252,,False
69,78258,,False
69,78276,,False
69,78283,,False
69,78286,,False
69,78289,,False
69,78290,,False
69,78294,,False
69,78307,,False
69,78317,,False
69,78330,,False
69,78332,,False
69,78357,,False
69,78361,,False
69,78364,,False
69,78366,,False
69,78382,,False
69,78383,,False
69,78386,,False
69,78390,,False
69,78396,,False
69,78404,,False
69,78416,,False
69,78420,,False
69,78433,,False
69,78442,,False
69,78444,,False
69,78447,,False
69,78448,,False
69,78460,,False
69,78464,,False
69,78473,,False
69,78487,,False
69,78497,,False
69,78502,,False
69,78505,,False
69,78533,,False
69,78545,,False
69,78546,,False
69,78548,,False
69,78555,,False
69,78563,,False
69,78565,,False
69,78583,,False
69,78587,,False
69,78599,,False
69,78604,,False
69,78616,,False
69,78618,,False
69,78633,,False
69,78638,,False
69,78641,,False
69,78642,,False
69,78653,,False
69,78654,,False
69,78668,,False
69,78669,,False
69,78678,,False
69,78690,,False
69,78691,,False
69,78694,,False
69,78705,,False
69,78711,,False
69,78739,,False
69,78749,,False
69,78757,,False
69,78761,,False
69,78764,,False
69,78766,,False
69,78770,,False
69,78773,,False
69,78774,,False
69,78777,,False
69,78779,,False
69,78781,,False
69,78792,,False
69,78793,,False
69,78796,,False
69,78800,,False
69,78802,,False
69,78812,,False
69,78813,,False
69,78831,,False
69,78839,,False
69,78843,,False
69,78854,,False
69,78863,,False
69,78885,,False
69,78891,,False
69,78893,,False
69,78897,,False
69,78898,,False
69,78899,,False
69,78917,,False
69,78934,,False
69,78935,,False
69,78948,,False
69,78956,,False
69,78964,,False
69,78966,,False
69,78972,,False
69,78982,,False
69,78990,,False
69,78994,,False
69,78995,,False
69,79006,,False
69,79012,,False
69,79014,,False
69,79017,,False
69,79020,,False
69,79025,,False
69,79026,,False
69,79027,,False
69,79051,,False
69,79065,,False
69,79071,,False
69,79072,,False
69,79079,,False
69,79088,,False
69,79107,,False
69,79108,,False
69,79113,,False
69,79116,,False
69,79132,,False
69,79134,,False
69,79138,,False
69,79149,,False
69,79153,,False
69,79154,,False
69,79176,,False
69,79185,,False
69,79191,,False
69,79206,,False
69,79227,,False
69,79239,,False
69,79245,,False
69,79251,,False
69,79256,,False
69,79260,,False
69,79264,,False
69,79276,,False
69,79280,,False
69,79287,,False
69,79289,,False
69,79293,,False
69,79302,,False
69,79312,,False
69,79319,,False
69,79323,,False
69,79325,,False
69,79337,,False
69,79343,,False
69,79350,,False
69,79361,,False
69,79364,,False
69,79366,,False
69,79380,,False
69,79382,,False
69,79390,,False
69,79392,,False
69,79404,,False
69,79421,,False
69,79422,,False
69,79425,,False
69,79427,,False
69,79428,,False
69,79430,,False
69,79434,,False
69,79437,,False
69,79438,,False
69,79441,,False
69,79455,,False
69,79456,,False
69,79461,,False
69,79483,,False
69,79492,,False
69,79516,,False
69,79521,,False
69,79523,,False
69,79527,,False
69,79535,,False
69,79538,,False
69,79544,,False
69,79545,,False
69,79546,,False
69,79555,,False
69,79563,,False
69,79565,,False
69,79567,,False
69,79575,,False
69,79585,,False
69,79587,,False
69,79596,,False
69,79607,,False
69,79608,,False
69,79611,,False
69,79620,,False
69,79622,,False
69,79623,,False
69,79625,,False
69,79639,,False
69,79641,,False
69,79647,,False
69,79659,,False
69,79661,,False
69,79667,,False
69,79670,,False
69,79690,,False
69,79705,,False
69,79716,,False
69,79720,,False
69,79725,,False
69,79735,,False
69,79737,,False
69,79750,,False
69,79755,,False
69,79762,,False
69,79767,,False
69,79772,,False
69,79781,,False
69,79786,,False
69,79801,,False
69,79802,,False
69,79804,,False
69,79810,,False
69,79814,,False
69,79818,,False
69,79851,,False
69,79856,,False
69,79859,,False
69,79867,,False
69,79876,,False
69,79889,,False
69,79895,,False
69,79898,,False
69,79903,,False
69,79908,,False
69,79914,,False
69,79917,,False
69,79930,,False
69,79938,,False
69,79942,,False
69,79943,,False
69,79946,,False
69,79971,,False
69,79975,,False
69,79984,,False
69,79990,,False
69,79996,,False
69,80006,,False
69,80007,,False
69,80010,,False
69,80016,,False
69,80019,,False
69,80023,,False
69,80024,,False
69,80028,,False
69,80052,,False
69,80054,,False
69,80055,,False
69,80058,,False
69,80066,,False
69,80071,,False
69,80078,,False
69,80079,,False
69,80083,,False
69,80107,,False
69,80111,,False
69,80116,,False
69,80120,,False
69,80147,,False
69,80153,,False
69,80170,,False
69,80180,,False
69,80184,,False
69,80185,,False
69,80191,,False
69,80192,,False
69,80202,,False
69,80214,,False
69,80221,,False
69,80236,,False
69,80237,,False
69,80240,,False
69,80242,,False
69,80247,,False
69,80252,,False
69,80255,,False
69,80263,,False
69,80264,,False
69,80265,,False
69,80271,,False
69,80278,,False
69,80284,,False
69,80289,,False
69,80292,,False
69,80294,,False
69,80310,,False
69,80317,,False
69,80329,,False
69,80358,,False
69,80369,,False
69,80389,,False
69,80399,,False
69,80401,,False
69,80409,,False
69,80430,,False
69,80432,,False
69,80433,,False
69,80443,,False
69,80450,,False
69,80463,,False
69,80490,,False
69,80508,,False
69,80510,,False
69,80513,,False
69,80522,,False
69,80525,,False
69,80529,,False
69,80530,,False
69,80533,,False
69,80537,,False
69,80540,,False
69,80552,,False
69,80554,,False
69,80569,,False
69,80577,,False
69,80585,,False
69,80587,,False
69,80603,,False
69,80605,,False
69,80617,,False
69,80620,,False
69,80623,,False
69,80626,,False
69,80633,,False
69,80660,,False
69,80665,,False
69,80673,,False
69,80689,,False
69,80692,,False
69,80713,,False
69,80715,,False
69,80730,,False
69,80734,,False
69,80746,,False
69,80751,,False
69,80756,,False
69,80758,,False
69,80766,,False
69,80778,,False
69,80782,,False
69,80798,,False
69,80802,,False
69,80821,,False
69,80822,,False
69,80826,,False
69,80838,,False
69,80839,,False
69,80853,,False
69,80856,,False
69,80858,,False
69,80862,,False
69,80866,,False
69,80874,,False
69,80879,,False
69,80893,,False
69,80911,,False
69,80914,,False
69,80917,,False
69,80922,,False
69,80924,,False
69,80931,,False
69,80935,,False
69,80945,,False
69,80975,,False
69,80977,,False
69,80979,,False
69,80984,,False
69,80986,,False
69,80988,,False
69,80989,,False
69,80994,,False
69,80995,,False
69,81001,,False
69,81007,,False
69,81009,,False
69,81025,,False
69,81029,,False
69,81038,,False
69,81042,,False
69,81046,,False
69,81050,,False
69,81051,,False
69,81054,,False
69,81058,,False
69,81059,,False
69,81063,,False
69,81076,,False
69,81080,,False
69,81089,,False
69,81092,,False
69,81101,,False
69,81102,,False
69,81103,,False
69,81113,,False
69,81123,,False
69,81128,,False
69,81142,,False
69,81146,,False
69,81160,,False
69,81169,,False
69,81175,,False
69,81189,,False
69,81196,,False
69,81199,,False
69,81209,,False
69,81213,,False
69,81219,,False
69,81224,,False
69,81242,,False
69,81243,,False
69,81246,,False
69,81253,,False
69,81254,,False
69,81261,,False
69,81265,,False
69,81284,,False
69,81291,,False
69,81320,,False
69,81321,,False
69,81323,,False
69,81329,,False
69,81332,,False
69,81333,,False
69,81351,,False
69,81355,,False
69,81356,,False
69,81365,,False
69,81371,,False
69,81374,,False
69,81406,,False
69,81409,,False
69,81416,,False
69,81419,,False
69,81427,,False
69,81442,,False
69,81446,,False
69,81469,,False
69,81472,,False
69,81483,,False
69,81492,,False
69,81502,,False
69,81504,,False
69,81516,,False
69,81520,,False
69,81527,,False
69,81531,,False
69,81535,,False
69,81540,,False
69,81555,,False
69,81563,,False
69,81569,,False
69,81585,,False
69,81589,,False
69,81591,,False
69,81593,,False
69,81594,,False
69,81599,,False
69,81613,,False
69,81615,,False
69,81623,,False
69,81626,,False
69,81635,,False
69,81646,,False
69,81674,,False
69,81690,,False
69,81693,,False
69,81698,,False
69,81702,,False
69,81706,,False
69,81712,,False
69,81723,,False
69,81729,,False
69,81730,,False
69,81735,,False
69,81738,,False
69,81739,,False
69,81745,,False
69,81751,,False
69,81784,,False
69,81790,,False
69,81794,,False
69,81797,,False
69,81799,,False
69,81804,,False
69,81826,,False
69,81831,,False
69,81844,,False
69,81851,,False
69,81854,,False
69,81861,,False
69,81865,,False
69,81877,,False
69,81882,,False
69,81892,,False
69,81938,,False
69,81945,,False
69,81973,,False
69,81978,,False
69,81987,,False
69,81997,,False
69,81999,,False
69,82004,,False
69,82011,,False
69,82022,,False
69,82024,,False
69,82025,,False
69,82037,,False
69,82055,,False
69,82059,,False
69,82067,,False
69,82068,,False
69,82069,,False
69,82083,,False
69,82093,,False
69,82114,,False
69,82115,,False
69,82122,,False
69,82125,,False
69,82130,,False
69,82131,,False
69,82134,,False
69,82147,,False
69,82151,,False
69,82160,,False
69,82177,,False
69,82179,,False
69,82180,,False
69,82184,,False
69,82185,,False
69,82189,,False
69,82191,,False
69,82193,,False
69,82203,,False
69,82205,,False
69,82211,,False
69,82227,,False
69,82234,,False
69,82239,,False
69,82243,,False
69,82245,,False
69,82253,,False
69,82264,,False
69,82268,,False
69,82277,,False
69,82285,,False
69,82304,,False
69,82306,,False
69,82308,,False
69,82311,,False
69,82335,,False
69,82340,,False
69,82356,,False
69,82363,,False
69,82368,,False
69,82370,,False
69,82375,,False
69,82377,,False
69,82388,,False
69,82391,,False
69,82397,,False
69,82410,,False
69,82416,,False
69,82418,,False
69,82438,,False
69,82447,,False
69,82448,,False
69,82450,,False
69,82451,,False
69,82453,,False
69,82458,,False
69,82473,,False
69,82480,,False
69,82482,,False
69,82489,,False
69,82496,,False
69,82515,,False
69,82546,,False
69,82549,,False
69,82557,,False
69,82573,,False
69,82579,,False
69,82587,,False
69,82597,,False
69,82609,,False
69,82612,,False
69,82631,,False
69,82647,,False
69,82664,,False
69,82669,,False
69,82674,,False
69,82677,,False
69,82686,,False
69,82688,,False
69,82689,,False
69,82692,,False
69,82694,,False
69,82702,,False
69,82708,,False
69,82714,,False
69,82725,,False
69,82730,,False
69,82732,,False
69,82738,,False
69,82739,,False
69,82744,,False
69,82755,,False
69,82764,,False
69,82775,,False
69,82779,,False
69,82784,,False
69,82786,,False
69,82787,,False
69,82799,,False
69,82805,,False
69,82806,,False
69,82815,,False
69,82824,,False
69,82838,,False
69,82853,,False
69,82856,,False
69,82861,,False
69,82863,,False
69,82877,,False
69,82881,,False
69,82887,,False
69,82891,,False
69,82892,,False
69,82923,,False
69,82944,,False
69,82958,,False
69,82966,,False
69,82967,,False
69,82978,,False
69,82979,,False
69,82993,,False
69,82999,,False
69,83000,,False
69,83004,,False
69,83009,,False
69,83013,,False
69,83014,,False
69,83018,,False
69,83037,,False
69,83043,,False
69,83063,,False
69,83064,,False
69,83065,,False
69,83068,,False
69,83082,,False
69,83092,,False
69,83093,,False
69,83099,,False
69,83110,,False
69,83121,,False
69,83132,,False
69,83136,,False
69,83139,,False
69,83147,,False
69,83162,,False
69,83166,,False
69,83168,,False
69,83171,,False
69,83172,,False
69,83184,,False
69,83186,,False
69,83199,,False
69,83215,,False
69,83218,,False
69,83236,,False
69,83248,,False
69,83272,,False
69,83305,,False
69,83312,,False
69,83329,,False
69,83330,,False
69,83335,,False
69,83336,,False
69,83338,,False
69,83355,,False
69,83365,,False
69,83372,,False
69,83376,,False
69,83379,,False
69,83388,,False
69,83395,,False
69,83398,,False
69,83406,,False
69,83407,,False
69,83409,,False
69,83410,,False
69,83411,,False
69,83422,,False
69,83423,,False
69,83429,,False
69,83435,,False
69,83436,,False
69,83441,,False
69,83456,,False
69,83458,,False
69,83481,,False
69,83484,,False
69,83488,,False
69,83494,,False
69,83498,,False
69,83507,,False
69,83509,,False
69,83517,,False
69,83528,,False
69,83532,,False
69,83536,,False
69,83541,,False
69,83547,,False
69,83551,,False
69,83553,,False
69,83557,,False
69,83566,,False
69,83577,,False
69,83578,,False
69,83580,,False
69,83581,,False
69,83591,,False
69,83598,,False
69,83618,,False
69,83621,,False
69,83633,,False
69,83636,,False
69,83638,,False
69,83645,,False
69,83648,,False
69,83659,,False
69,83671,,False
69,83672,,False
69,83678,,False
69,83684,,False
69,83686,,False
69,83691,,False
69,83694,,False
69,83698,,False
69,83703,,False
69,83715,,False
69,83716,,False
69,83721,,False
69,83723,,False
69,83724,,False
69,83730,,False
69,83739,,False
69,83740,,False
69,83745,,False
69,83752,,False
69,83755,,False
69,83757,,False
69,83773,,False
69,83791,,False
69,83827,,False
69,83833,,False
69,83834,,False
69,83846,,False
69,83860,,False
69,83862,,False
69,83869,,False
69,83870,,False
69,83873,,False
69,83874,,False
69,83876,,False
69,83877,,False
69,83886,,False
69,83891,,False
69,83902,,False
69,83903,,False
69,83915,,False
69,83933,,False
69,83940,,False
69,83953,,False
69,83961,,False
69,83974,,False
69,83980,,False
69,84009,,False
69,84012,,False
69,84025,,False
69,84045,,False
69,84058,,False
69,84091,,False
69,84099,,False
69,84100,,False
69,84118,,False
69,84127,,False
69,84131,,False
69,84132,,False
69,84157,,False
69,84166,,False
69,84168,,False
69,84171,,False
69,84175,,False
69,84180,,False
69,84188,,False
69,84208,,False
69,84212,,False
69,84215,,False
69,84216,,False
69,84224,,False
69,84228,,False
69,84231,,False
69,84235,,False
69,84237,,False
69,84238,,False
69,84240,,False
69,84243,,False
69,84244,,False
69,84253,,False
69,84257,,False
69,84263,,False
69,84267,,False
69,84269,,False
69,84276,,False
69,84280,,False
69,84284,,False
69,84287,,False
69,84290,,False
69,84293,,False
69,84298,,False
69,84300,,False
69,84312,,False
69,84314,,False
69,84326,,False
69,84337,,False
69,84343,,False
69,84344,,False
69,84351,,False
69,84355,,False
69,84358,,False
69,84364,,False
69,84365,,False
69,84381,,False
69,84382,,False
69,84385,,False
69,84394,,False
69,84399,,False
69,84414,,False
69,84426,,False
69,84438,,False
69,84453,,False
69,84464,,False
69,84466,,False
69,84468,,False
69,84471,,False
69,84500,,False
69,84517,,False
69,84521,,False
69,84523,,False
69,84527,,False
69,84528,,False
69,84537,,False
69,84538,,False
69,84539,,False
69,84563,,False
69,84572,,False
69,84577,,False
69,84586,,False
69,84595,,False
69,84598,,False
69,84615,,False
69,84616,,False
69,84618,,False
69,84622,,False
69,84648,,False
69,84659,,False
69,84676,,False
69,84680,,False
69,84681,,False
69,84683,,False
69,84726,,False
69,84730,,False
69,84745,,False
69,84779,,False
69,84784,,False
69,84787,,False
69,84794,,False
69,84802,,False
69,84805,,False
69,84813,,False
69,84820,,False
69,84822,,False
69,84833,,False
69,84839,,False
69,84844,,False
69,84847,,False
69,84867,,False
69,84873,,False
69,84882,,False
69,84896,,False
69,84905,,False
69,84916,,False
69,84920,,False
69,84926,,False
69,84935,,False
69,84940,,False
69,84963,,False
69,84966,,False
69,84983,,False
69,84990,,False
69,84993,,False
69,84995,,False
69,85002,,False
69,85013,,False
69,85026,,False
69,85029,,False
69,85041,,False
69,85045,,False
69,85049,,False
69,85056,,False
69,85060,,False
69,85064,,False
69,85081,,False
69,85082,,False
69,85088,,False
69,85108,,False
69,85121,,False
69,85123,,False
69,85127,,False
69,85130,,False
69,85143,,False
69,85147,,False
69,85151,,False
69,85153,,False
69,85154,,False
69,85156,,False
69,85160,,False
69,85163,,False
69,85164,,False
69,85169,,False
69,85179,,False
69,85187,,False
69,85188,,False
69,85189,,False
69,85200,,False
69,85202,,False
69,85208,,False
69,85212,,False
69,85217,,False
69,85226,,False
69,85241,,False
69,85256,,False
69,85259,,False
69,85272,,False
69,85302,,False
69,85305,,False
69,85307,,False
69,85315,,False
69,85317,,False
69,85324,,False
69,85325,,False
69,85330,,False
69,85344,,False
69,85358,,False
69,85369,,False
69,85376,,False
69,85387,,False
69,85394,,False
69,85412,,False
69,85419,,False
69,85434,,False
69,85453,,False
69,85455,,False
69,85479,,False
69,85490,,False
69,85498,,False
69,85500,,False
69,85504,,False
69,85507,,False
69,85511,,False
69,85513,,False
69,85515,,False
69,85520,,False
69,85523,,False
69,85524,,False
69,85528,,False
69,85529,,False
69,85533,,False
69,85560,,False
69,85577,,False
69,85582,,False
69,85584,,False
69,85596,,False
69,85597,,False
69,85598,,False
69,85615,,False
69,85625,,False
69,85649,,False
69,85678,,False
69,85682,,False
69,85689,,False
69,85690,,False
69,85713,,False
69,85722,,False
69,85726,,False
69,85729,,False
69,85730,,False
69,85731,,False
69,85745,,False
69,85746,,False
69,85758,,False
69,85762,,False
69,85769,,False
69,85776,,False
69,85785,,False
69,85802,,False
69,85826,,False
69,85830,,False
69,85831,,False
69,85841,,False
69,85871,,False
69,85905,,False
69,85906,,False
69,85908,,False
69,85931,,False
69,85944,,False
69,85954,,False
69,85959,,False
69,85976,,False
69,85992,,False
69,85995,,False
69,85997,,False
69,86005,,False
69,86007,,False
69,86019,,False
69,86022,,False
69,86026,,False
69,86031,,False
69,86037,,False
69,86046,,False
69,86048,,False
69,86052,,False
69,86061,,False
69,86069,,False
69,86074,,False
69,86084,,False
69,86089,,False
69,86097,,False
69,86104,,False
69,86114,,False
69,86115,,False
69,86122,,False
69,86123,,False
69,86130,,False
69,86137,,False
69,86152,,False
69,86154,,False
69,86164,,False
69,86185,,False
69,86186,,False
69,86192,,False
69,86193,,False
69,86203,,False
69,86205,,False
69,86217,,False
69,86228,,False
69,86239,,False
69,86255,,False
69,86267,,False
69,86269,,False
69,86274,,False
69,86289,,False
69,86304,,False
69,86307,,False
69,86321,,False
69,86331,,False
69,86336,,False
69,86347,,False
69,86355,,False
69,86364,,False
69,86366,,False
69,86372,,False
69,86388,,False
69,86390,,False
69,86403,,False
69,86414,,False
69,86415,,False
69,86422,,False
69,86431,,False
69,86435,,False
69,86437,,False
69,86438,,False
69,86443,,False
69,86444,,False
69,86460,,False
69,86465,,False
69,86473,,False
69,86482,,False
69,86488,,False
69,86489,,False
69,86495,,False
69,86497,,False
69,86505,,False
69,86512,,False
69,86525,,False
69,86539,,False
69,86550,,False
69,86556,,False
69,86558,,False
69,86561,,False
69,86564,,False
69,86565,,False
69,86567,,False
69,86574,,False
69,86576,,False
69,86579,,False
69,86596,,False
69,86597,,False
69,86601,,False
69,86643,,False
69,86658,,False
69,86660,,False
69,86662,,False
69,86668,,False
69,86670,,False
69,86674,,False
69,86677,,False
69,86679,,False
69,86689,,False
69,86712,,False
69,86715,,False
69,86725,,False
69,86733,,False
69,86737,,False
69,86738,,False
69,86749,,False
69,86750,,False
69,86753,,False
69,86756,,False
69,86758,,False
69,86781,,False
69,86802,,False
69,86815,,False
69,86829,,False
69,86831,,False
69,86833,,False
69,86843,,False
69,86854,,False
69,86878,,False
69,86881,,False
69,86893,,False
69,86903,,False
69,86918,,False
69,86935,,False
69,86937,,False
69,86941,,False
69,86955,,False
69,86957,,False
69,86964,,False
69,86999,,False
69,87000,,False
69,87005,,False
69,87022,,False
69,87037,,False
69,87045,,False
69,87053,,False
69,87057,,False
69,87064,,False
69,87070,,False
69,87079,,False
69,87081,,False
69,87083,,False
69,87091,,False
69,87095,,False
69,87097,,False
69,87100,,False
69,87101,,False
69,87111,,False
69,87113,,False
69,87116,,False
69,87141,,False
69,87142,,False
69,87152,,False
69,87169,,False
69,87179,,False
69,87198,,False
69,87203,,False
69,87215,,False
69,87222,,False
69,87227,,False
69,87230,,False
69,87231,,False
69,87255,,False
69,87256,,False
69,87276,,False
69,87290,,False
69,87291,,False
69,87293,,False
69,87296,,False
69,87299,,False
69,87300,,False
69,87306,,False
69,87318,,False
69,87326,,False
69,87328,,False
69,87345,,False
69,87359,,False
69,87370,,False
69,87382,,False
69,87383,,False
69,87391,,False
69,87394,,False
69,87409,,False
69,87416,,False
69,87421,,False
69,87422,,False
69,87436,,False
69,87446,,False
69,87455,,False
69,87460,,False
69,87461,,False
69,87467,,False
69,87470,,False
69,87484,,False
69,87485,,False
69,87491,,False
69,87497,,False
69,87502,,False
69,87503,,False
69,87505,,False
69,87509,,False
69,87520,,False
69,87521,,False
69,87538,,False
69,87542,,False
69,87543,,False
69,87547,,False
69,87552,,False
69,87554,,False
69,87559,,False
69,87564,,False
69,87573,,False
69,87577,,False
69,87581,,False
69,87584,,False
69,87588,,False
69,87600,,False
69,87609,,False
69,87610,,False
69,87615,,False
69,87619,,False
69,87628,,False
69,87630,,False
69,87633,,False
69,87638,,False
69,87653,,False
69,87657,,False
69,87658,,False
69,87662,,False
69,87664,,False
69,87678,,False
69,87684,,False
69,87692,,False
69,87694,,False
69,87703,,False
69,87712,,False
69,87714,,False
69,87729,,False
69,87738,,False
69,87740,,False
69,87753,,False
69,87756,,False
69,87759,,False
69,87766,,False
69,87778,,False
69,87785,,False
69,87800,,False
69,87818,,False
69,87824,,False
69,87825,,False
69,87829,,False
69,87850,,False
69,87855,,False
69,87857,,False
69,87868,,False
69,87873,,False
69,87876,,False
69,87888,,False
69,87892,,False
69,87898,,False
69,87900,,False
69,87901,,False
69,87908,,False
69,87916,,False
69,87918,,False
69,87919,,False
69,87921,,False
69,87922,,False
69,87935,,False
69,87940,,False
69,87942,,False
69,87951,,False
69,87988,,False
69,87989,,False
69,87993,,False
69,87995,,False
69,87998,,False
69,87999,,False
69,88001,,False
69,88018,,False
69,88024,,False
69,88029,,False
69,88045,,False
69,88054,,False
69,88068,,False
69,88076,,False
69,88087,,False
69,88096,,False
69,88098,,False
69,88111,,False
69,88123,,False
69,88135,,False
69,88140,,False
69,88158,,False
69,88160,,False
69,88165,,False
69,88173,,False
69,88180,,False
69,88188,,False
69,88195,,False
69,88196,,False
69,88206,,False
69,88231,,False
69,88234,,False
69,88237,,False
69,88248,,False
69,88256,,False
69,88262,,False
69,88268,,False
69,88276,,False
69,88280,,False
69,88282,,False
69,88287,,False
69,88289,,False
69,88290,,False
69,88311,,False
69,88317,,False
69,88322,,False
69,88334,,False
69,88336,,False
69,88340,,False
69,88343,,False
69,88354,,False
69,88358,,False
69,88367,,False
69,88369,,False
69,88376,,False
69,88378,,False
69,88385,,False
69,88388,,False
69,88397,,False
69,88401,,False
69,88404,,False
69,88407,,False
69,88416,,False
69,88424,,False
69,88425,,False
69,88432,,False
69,88435,,False
69,88443,,False
69,88455,,False
69,88458,,False
69,88465,,False
69,88468,,False
69,88476,,False
69,88479,,False
69,88481,,False
69,88491,,False
69,88507,,False
69,88520,,False
69,88527,,False
69,88542,,False
69,88549,,False
69,88555,,False
69,88569,,False
69,88577,,False
69,88580,,False
69,88588,,False
69,88591,,False
69,88601,,False
69,88605,,False
69,88608,,False
69,88615,,False
69,88623,,False
69,88625,,False
69,88626,,False
69,88634,,False
69,88669,,False
69,88684,,False
69,88686,,False
69,88689,,False
69,88695,,False
69,88697,,False
69,88701,,False
69,88710,,False
69,88725,,False
69,88739,,False
69,88763,,False
69,88764,,False
69,88773,,False
69,88778,,False
69,88780,,False
69,88781,,False
69,88783,,False
69,88789,,False
69,88791,,False
69,88794,,False
69,88796,,False
69,88821,,False
69,88834,,False
69,88839,,False
69,88847,,False
69,88851,,False
69,88867,,False
69,88877,,False
69,88878,,False
69,88881,,False
69,88889,,False
69,88899,,False
69,88915,,False
69,88919,,False
69,88921,,False
69,88923,,False
69,88925,,False
69,88939,,False
69,88945,,False
69,88962,,False
69,88966,,False
69,88969,,False
69,88974,,False
69,88977,,False
69,89006,,False
69,89020,,False
69,89024,,False
69,89029,,False
69,89032,,False
69,89047,,False
69,89048,,False
69,89052,,False
69,89061,,False
69,89062,,False
69,89070,,False
69,89075,,False
69,89094,,False
69,89095,,False
69,89107,,False
69,89113,,False
69,89115,,False
69,89126,,False
69,89132,,False
69,89133,,False
69,89143,,False
69,89154,,False
69,89161,,False
69,89165,,False
69,89169,,False
69,89173,,False
69,89186,,False
69,89190,,False
69,89201,,False
69,89209,,False
69,89219,,False
69,89221,,False
69,89236,,False
69,89240,,False
69,89248,,False
69,89251,,False
69,89252,,False
69,89263,,False
69,89264,,False
69,89270,,False
69,89271,,False
69,89282,,False
69,89294,,False
69,89310,,False
69,89324,,False
69,89326,,False
69,89336,,False
69,89339,,False
69,89355,,False
69,89362,,False
69,89368,,False
69,89369,,False
69,89378,,False
69,89405,,False
69,89411,,False
69,89429,,False
69,89432,,False
69,89444,,False
69,89447,,False
69,89458,,False
69,89462,,False
69,89471,,False
69,89477,,False
69,89483,,False
69,89485,,False
69,89486,,False
69,89490,,False
69,89505,,False
69,89512,,False
69,89514,,False
69,89534,,False
69,89538,,False
69,89543,,False
69,89547,,False
69,89552,,False
69,89562,,False
69,89565,,False
69,89573,,False
69,89579,,False
69,89593,,False
69,89595,,False
69,89603,,False
69,89605,,False
69,89624,,False
69,89625,,False
69,89626,,False
69,89628,,False
69,89638,,False
69,89642,,False
69,89648,,False
69,89661,,False
69,89668,,False
69,89673,,False
69,89682,,False
69,89688,,False
69,89702,,False
69,89704,,False
69,89706,,False
69,89714,,False
69,89745,,False
69,89747,,False
69,89755,,False
69,89757,,False
69,89767,,False
69,89770,,False
69,89787,,False
69,89788,,False
69,89789,,False
69,89806,,False
69,89822,,False
69,89824,,False
69,89826,,False
69,89830,,False
69,89831,,False
69,89835,,False
69,89839,,False
69,89841,,False
69,89871,,False
69,89876,,False
69,89901,,False
69,89909,,False
69,89912,,False
69,89915,,False
69,89936,,False
69,89942,,False
69,89957,,False
69,89959,,False
69,89960,,False
69,89967,,False
69,89980,,False
69,89985,,False
69,89989,,False
69,90001,,False
69,90002,,False
69,90009,,False
69,90010,,False
69,90018,,False
69,90019,,False
69,90053,,False
69,90055,,False
69,90057,,False
69,90058,,False
69,90063,,False
69,90069,,False
69,90071,,False
69,90076,,False
69,90083,,False
69,90084,,False
69,90091,,False
69,90093,,False
69,90106,,False
69,90130,,False
69,90131,,False
69,90137,,False
69,90140,,False
69,90146,,False
69,90161,,False
69,90164,,False
69,90180,,False
69,90196,,False
69,90203,,False
69,90224,,False
69,90235,,False
69,90242,,False
69,90251,,False
69,90271,,False
69,90290,,False
69,90295,,False
69,90327,,False
69,90355,,False
69,90374,,False
69,90380,,False
69,90383,,False
69,90391,,False
69,90394,,False
69,90400,,False
69,90403,,False
69,90416,,False
69,90418,,False
69,90419,,False
69,90420,,False
69,90424,,False
69,90428,,False
69,90433,,False
69,90435,,False
69,90439,,False
69,90447,,False
69,90448,,False
69,90453,,False
69,90458,,False
69,90466,,False
69,90479,,False
69,90482,,False
69,90484,,False
69,90487,,False
69,90504,,False
69,90515,,False
69,90524,,False
69,90525,,False
69,90531,,False
69,90539,,False
69,90541,,False
69,90543,,False
69,90547,,False
69,90549,,False
69,90560,,False
69,90566,,False
69,90590,,False
69,90609,,False
69,90617,,False
69,90619,,False
69,90643,,False
69,90649,,False
69,90654,,False
69,90675,,False
69,90687,,False
69,90691,,False
69,90704,,False
69,90706,,False
69,90711,,False
69,90716,,False
69,90728,,False
69,90734,,False
69,90743,,False
69,90756,,False
69,90762,,False
69,90768,,False
69,90769,,False
69,90778,,False
69,90789,,False
69,90790,,False
69,90800,,False
69,90814,,False
69,90816,,False
69,90822,,False
69,90832,,False
69,90842,,False
69,90851,,False
69,90863,,False
69,90869,,False
69,90870,,False
69,90882,,False
69,90888,,False
69,90897,,False
69,90904,,False
69,90909,,False
69,90911,,False
69,90912,,False
69,90919,,False
69,90921,,False
69,90927,,False
69,90932,,False
69,90936,,False
69,90955,,False
69,90956,,False
69,90964,,False
69,90970,,False
69,90983,,False
69,90995,,False
69,90998,,False
69,91001,,False
69,91012,,False
69,91014,,False
69,91017,,False
69,91018,,False
69,91028,,False
69,91066,,False
69,91075,,False
69,91084,,False
69,91086,,False
69,91088,,False
69,91093,,False
69,91094,,False
69,91100,,False
69,91103,,False
69,91119,,False
69,91123,,False
69,91145,,False
69,91150,,False
69,91158,,False
69,91169,,False
69,91175,,False
69,91178,,False
69,91179,,False
69,91182,,False
69,91189,,False
69,91194,,False
69,91200,,False
69,91210,,False
69,91211,,False
69,91217,,False
69,91220,,False
69,91223,,False
69,91226,,False
69,91238,,False
69,91241,,False
69,91245,,False
69,91259,,False
69,91262,,False
69,91267,,False
69,91295,,False
69,91304,,False
69,91309,,False
69,91316,,False
69,91318,,False
69,91338,,False
69,91340,,False
69,91342,,False
69,91365,,False
69,91374,,False
69,91376,,False
69,91384,,False
69,91388,,False
69,91393,,False
69,91421,,False
69,91422,,False
69,91423,,False
69,91428,,False
69,91456,,False
69,91461,,False
69,91463,,False
69,91476,,False
69,91479,,False
69,91480,,False
69,91488,,False
69,91494,,False
69,91500,,False
69,91506,,False
69,91519,,False
69,91530,,False
69,91539,,False
69,91556,,False
69,91558,,False
69,91565,,False
69,91567,,False
69,91571,,False
69,91578,,False
69,91579,,False
69,91582,,False
69,91585,,False
69,91597,,False
69,91610,,False
69,91612,,False
69,91614,,False
69,91616,,False
69,91618,,False
69,91629,,False
69,91644,,False
69,91658,,False
69,91662,,False
69,91663,,False
69,91665,,False
69,91669,,False
69,91676,,False
69,91692,,False
69,91718,,False
69,91731,,False
69,91740,,False
69,91743,,False
69,91761,,False
69,91768,,False
69,91771,,False
69,91791,,False
69,91795,,False
69,91806,,False
69,91823,,False
69,91826,,False
69,91828,,False
69,91832,,False
69,91847,,False
69,91875,,False
69,91879,,False
69,91889,,False
69,91896,,False
69,91904,,False
69,91938,,False
69,91956,,False
69,91958,,False
69,91976,,False
69,91983,,False
69,91993,,False
69,91998,,False
69,92001,,False
69,92015,,False
69,92018,,False
69,92023,,False
69,92035,,False
69,92037,,False
69,92038,,False
69,92050,,False
69,92054,,False
69,92086,,False
69,92093,,False
69,92108,,False
69,92111,,False
69,92113,,False
69,92114,,False
69,92116,,False
69,92122,,False
69,92123,,False
69,92142,,False
69,92154,,False
69,92157,,False
69,92162,,False
69,92196,,False
69,92200,,False
69,92225,,False
69,92233,,False
69,92239,,False
69,92247,,False
69,92254,,False
69,92261,,False
69,92278,,False
69,92283,,False
69,92284,,False
69,92285,,False
69,92288,,False
69,92293,,False
69,92300,,False
69,92314,,False
69,92328,,False
69,92345,,False
69,92365,,False
69,92366,,False
69,92377,,False
69,92384,,False
69,92385,,False
69,92399,,False
69,92407,,False
69,92425,,False
69,92437,,False
69,92440,,False
69,92445,,False
69,92453,,False
69,92456,,False
69,92457,,False
69,92458,,False
69,92468,,False
69,92471,,False
69,92478,,False
69,92486,,False
69,92493,,False
69,92500,,False
69,92503,,False
69,92521,,False
69,92538,,False
69,92539,,False
69,92556,,False
69,92564,,False
69,92570,,False
69,92575,,False
69,92581,,False
69,92606,,False
69,92609,,False
69,92612,,False
69,92622,,False
69,92632,,False
69,92634,,False
69,92635,,False
69,92639,,False
69,92653,,False
69,92678,,False
69,92686,,False
69,92705,,False
69,92706,,False
69,92736,,False
69,92744,,False
69,92750,,False
69,92759,,False
69,92767,,False
69,92771,,False
69,92780,,False
69,92793,,False
69,92795,,False
69,92803,,False
69,92804,,False
69,92807,,False
69,92813,,False
69,92815,,False
69,92818,,False
69,92838,,False
69,92848,,False
69,92874,,False
69,92891,,False
69,92896,,False
69,92905,,False
69,92906,,False
69,92929,,False
69,92932,,False
69,92944,,False
69,92952,,False
69,92953,,False
69,92956,,False
69,92970,,False
69,92971,,False
69,92978,,False
69,92982,,False
69,93002,,False
69,93012,,False
69,93015,,False
69,93027,,False
69,93040,,False
69,93046,,False
69,93051,,False
69,93060,,False
69,93073,,False
69,93074,,False
69,93079,,False
69,93081,,False
69,93092,,False
69,93099,,False
69,93100,,False
69,93105,,False
69,93106,,False
69,93116,,False
69,93121,,False
69,93127,,False
69,93137,,False
69,93161,,False
69,93170,,False
69,93173,,False
69,93190,,False
69,93193,,False
69,93196,,False
69,93205,,False
69,93206,,False
69,93207,,False
69,93231,,False
69,93234,,False
69,93238,,False
69,93252,,False
69,93254,,False
69,93256,,False
69,93259,,False
69,93260,,False
69,93267,,False
69,93270,,False
69,93271,,False
69,93276,,False
69,93284,,False
69,93295,,False
69,93297,,False
69,93303,,False
69,93306,,False
69,93310,,False
69,93314,,False
69,93315,,False
69,93323,,False
69,93338,,False
69,93349,,False
69,93358,,False
69,93367,,False
69,93374,,False
69,93379,,False
69,93383,,False
69,93390,,False
69,93391,,False
69,93392,,False
69,93416,,False
69,93419,,False
69,93423,,False
69,93431,,False
69,93434,,False
69,93448,,False
69,93461,,False
69,93462,,False
69,93463,,False
69,93466,,False
69,93474,,False
69,93494,,False
69,93495,,False
69,93501,,False
69,93506,,False
69,93507,,False
69,93508,,False
69,93511,,False
69,93525,,False
69,93554,,False
69,93555,,False
69,93561,,False
69,93566,,False
69,93569,,False
69,93583,,False
69,93591,,False
69,93598,,False
69,93616,,False
69,93617,,False
69,93625,,False
69,93644,,False
69,93647,,False
69,93660,,False
69,93667,,False
69,93685,,False
69,93694,,False
69,93697,,False
69,93699,,False
69,93712,,False
69,93717,,False
69,93735,,False
69,93736,,False
69,93737,,False
69,93746,,False
69,93751,,False
69,93755,,False
69,93762,,False
69,93764,,False
69,93771,,False
69,93783,,False
69,93785,,False
69,93790,,False
69,93796,,False
69,93812,,False
69,93821,,False
69,93836,,False
69,93845,,False
69,93847,,False
69,93857,,False
69,93863,,False
69,93867,,False
69,93884,,False
69,93886,,False
69,93889,,False
69,93891,,False
69,93897,,False
69,93920,,False
69,93926,,False
69,93933,,False
69,93943,,False
69,93947,,False
69,93955,,False
69,93970,,False
69,93972,,False
69,93973,,False
69,93975,,False
69,93977,,False
69,93986,,False
69,94005,,False
69,94016,,False
69,94019,,False
69,94030,,False
69,94032,,False
69,94039,,False
69,94044,,False
69,94069,,False
69,94090,,False
69,94091,,False
69,94094,,False
69,94095,,False
69,94099,,False
69,94102,,False
69,94109,,False
69,94111,,False
69,94112,,False
69,94113,,False
69,94120,,False
69,94122,,False
69,94137,,False
69,94141,,False
69,94165,,False
69,94170,,False
69,94178,,False
69,94183,,False
69,94184,,False
69,94190,,False
69,94192,,False
69,94194,,False
69,94233,,False
69,94234,,False
69,94237,,False
69,94249,,False
69,94253,,False
69,94258,,False
69,94262,,False
69,94266,,False
69,94281,,False
69,94286,,False
69,94293,,False
69,94303,,False
69,94313,,False
69,94323,,False
69,94326,,False
69,94335,,False
69,94339,,False
69,94344,,False
69,94348,,False
69,94355,,False
69,94375,,False
69,94380,,False
69,94389,,False
69,94390,,False
69,94391,,False
69,94392,,False
69,94399,,False
69,94406,,False
69,94412,,False
69,94419,,False
69,94425,,False
69,94434,,False
69,94457,,False
69,94459,,False
69,94475,,False
69,94482,,False
69,94500,,False
69,94512,,False
69,94524,,False
69,94528,,False
69,94530,,False
69,94538,,False
69,94545,,False
69,94553,,False
69,94554,,False
69,94576,,False
69,94578,,False
69,94581,,False
69,94590,,False
69,94598,,False
69,94614,,False
69,94616,,False
69,94632,,False
69,94634,,False
69,94636,,False
69,94637,,False
69,94640,,False
69,94641,,False
69,94645,,False
69,94652,,False
69,94660,,False
69,94663,,False
69,94673,,False
69,94689,,False
69,94695,,False
69,94701,,False
69,94713,,False
69,94716,,False
69,94737,,False
69,94741,,False
69,94745,,False
69,94749,,False
69,94750,,False
69,94756,,False
69,94759,,False
69,94763,,False
69,94766,,False
69,94781,,False
69,94802,,False
69,94812,,False
69,94815,,False
69,94838,,False
69,94842,,False
69,94858,,False
69,94863,,False
69,94870,,False
69,94872,,False
69,94873,,False
69,94882,,False
69,94883,,False
69,94889,,False
69,94894,,False
69,94901,,False
69,94911,,False
69,94913,,False
69,94917,,False
69,94920,,False
69,94938,,False
69,94943,,False
69,94953,,False
69,94975,,False
69,94977,,False
69,94978,,False
69,94982,,False
69,94984,,False
69,94988,,False
69,94991,,False
69,94995,,False
69,94998,,False
69,95004,,False
69,95015,,False
69,95024,,False
69,95027,,False
69,95031,,False
69,95033,,False
69,95034,,False
69,95041,,False
69,95045,,False
69,95051,,False
69,95058,,False
69,95066,,False
69,95077,,False
69,95100,,False
69,95108,,False
69,95118,,False
69,95119,,False
69,95135,,False
69,95136,,False
69,95141,,False
69,95144,,False
69,95162,,False
69,95164,,False
69,95165,,False
69,95166,,False
69,95174,,False
69,95185,,False
69,95197,,False
69,95216,,False
69,95242,,False
69,95244,,False
69,95247,,False
69,95254,,False
69,95258,,False
69,95259,,False
69,95273,,False
69,95283,,False
69,95293,,False
69,95295,,False
69,95312,,False
69,95313,,False
69,95332,,False
69,95343,,False
69,95346,,False
69,95348,,False
69,95351,,False
69,95369,,False
69,95374,,False
69,95375,,False
69,95379,,False
69,95400,,False
69,95403,,False
69,95417,,False
69,95426,,False
69,95439,,False
69,95465,,False
69,95471,,False
69,95479,,False
69,95480,,False
69,95484,,False
69,95487,,False
69,95493,,False
69,95494,,False
69,95503,,False
69,95515,,False
69,95538,,False
69,95545,,False
69,95550,,False
69,95551,,False
69,95568,,False
69,95574,,False
69,95581,,False
69,95589,,False
69,95591,,False
69,95600,,False
69,95613,,False
69,95617,,False
69,95620,,False
69,95629,,False
69,95632,,False
69,95638,,False
69,95646,,False
69,95650,,False
69,95652,,False
69,95668,,False
69,95669,,False
69,95671,,False
69,95681,,False
69,95682,,False
69,95685,,False
69,95687,,False
69,95693,,False
69,95700,,False
69,95708,,False
69,95733,,False
69,95741,,False
69,95753,,False
69,95757,,False
69,95763,,False
69,95765,,False
69,95767,,False
69,95780,,False
69,95798,,False
69,95812,,False
69,95814,,False
69,95822,,False
69,95824,,False
69,95837,,False
69,95848,,False
69,95849,,False
69,95864,,False
69,95874,,False
69,95880,,False
69,95892,,False
69,95917,,False
69,95934,,False
69,95945,,False
69,95948,,False
69,95949,,False
69,95954,,False
69,95957,,False
69,95970,,False
69,95973,,False
69,95975,,False
69,95977,,False
69,95986,,False
69,95990,,False
69,96006,,False
69,96009,,False
69,96010,,False
69,96022,,False
69,96024,,False
69,96025,,False
69,96057,,False
69,96060,,False
69,96062,,False
69,96069,,False
69,96075,,False
69,96082,,False
69,96088,,False
69,96092,,False
69,96096,,False
69,96102,,False
69,96105,,False
69,96107,,False
69,96112,,False
69,96113,,False
69,96115,,False
69,96116,,False
69,96118,,False
69,96133,,False
69,96134,,False
69,96138,,False
69,96141,,False
69,96157,,False
69,96162,,False
69,96169,,False
69,96194,,False
69,96195,,False
69,96215,,False
69,96216,,False
69,96220,,False
69,96232,,False
69,96233,,False
69,96238,,False
69,96251,,False
69,96255,,False
69,96266,,False
69,96269,,False
69,96270,,False
69,96276,,False
69,96304,,False
69,96337,,False
69,96343,,False
69,96350,,False
69,96352,,False
69,96368,,False
69,96392,,False
69,96393,,False
69,96405,,False
69,96406,,False
69,96409,,False
69,96412,,False
69,96419,,False
69,96427,,False
69,96430,,False
69,96436,,False
69,96437,,False
69,96451,,False
69,96453,,False
69,96461,,False
69,96477,,False
69,96484,,False
69,96493,,False
69,96499,,False
69,96501,,False
69,96502,,False
69,96517,,False
69,96519,,False
69,96538,,False
69,96559,,False
69,96565,,False
69,96567,,False
69,96568,,False
69,96576,,False
69,96579,,False
69,96582,,False
69,96586,,False
69,96592,,False
69,96598,,False
69,96621,,False
69,96626,,False
69,96629,,False
69,96649,,False
69,96668,,False
69,96674,,False
69,96679,,False
69,96681,,False
69,96689,,False
69,96699,,False
69,96705,,False
69,96708,,False
69,96713,,False
69,96717,,False
69,96731,,False
69,96752,,False
69,96763,,False
69,96774,,False
69,96777,,False
69,96780,,False
69,96786,,False
69,96789,,False
69,96793,,False
69,96814,,False
69,96841,,False
69,96845,,False
69,96848,,False
69,96859,,False
69,96870,,False
69,96884,,False
69,96894,,False
69,96898,,False
69,96902,,False
69,96904,,False
69,96928,,False
69,96930,,False
69,96931,,False
69,96937,,False
69,96943,,False
69,96944,,False
69,96960,,False
69,96961,,False
69,96970,,False
69,97005,,False
69,97008,,False
69,97009,,False
69,97011,,False
69,97020,,False
69,97037,,False
69,97050,,False
69,97058,,False
69,97059,,False
69,97061,,False
69,97062,,False
69,97066,,False
69,97072,,False
69,97080,,False
69,97081,,False
69,97098,,False
69,97107,,False
69,97112,,False
69,97123,,False
69,97144,,False
69,97145,,False
69,97162,,False
69,97163,,False
69,97165,,False
69,97167,,False
69,97171,,False
69,97175,,False
69,97186,,False
69,97210,,False
69,97215,,False
69,97218,,False
69,97223,,False
69,97225,,False
69,97226,,False
69,97227,,False
69,97256,,False
69,97264,,False
69,97270,,False
69,97279,,False
69,97297,,False
69,97309,,False
69,97320,,False
69,97326,,False
69,97329,,False
69,97340,,False
69,97343,,False
69,97344,,False
69,97361,,False
69,97364,,False
69,97367,,False
69,97383,,False
69,97399,,False
69,97408,,False
69,97426,,False
69,97440,,False
69,97443,,False
69,97446,,False
69,97448,,False
69,97492,,False
69,97507,,False
69,97512,,False
69,97532,,False
69,97542,,False
69,97543,,False
69,97545,,False
69,97557,,False
69,97558,,False
69,97560,,False
69,97566,,False
69,97575,,False
69,97578,,False
69,97579,,False
69,97589,,False
69,97598,,False
69,97606,,False
69,97611,,False
69,97615,,False
69,97623,,False
69,97636,,False
69,97670,,False
69,97673,,False
69,97684,,False
69,97692,,False
69,97695,,False
69,97700,,False
69,97706,,False
69,97715,,False
69,97736,,False
69,97738,,False
69,97746,,False
69,97752,,False
69,97758,,False
69,97766,,False
69,97781,,False
69,97785,,False
69,97788,,False
69,97794,,False
69,97796,,False
69,97806,,False
69,97815,,False
69,97817,,False
69,97827,,False
69,97830,,False
69,97831,,False
69,97838,,False
69,97840,,False
69,97841,,False
69,97843,,False
69,97847,,False
69,97856,,False
69,97868,,False
69,97879,,False
69,97880,,False
69,97891,,False
69,97902,,False
69,97905,,False
69,97921,,False
69,97925,,False
69,97942,,False
69,97947,,False
69,97956,,False
69,97962,,False
69,97964,,False
69,97970,,False
69,97979,,False
69,97981,,False
69,97991,,False
69,97999,,False
69,98008,,False
69,98014,,False
69,98015,,False
69,98020,,False
69,98024,,False
69,98036,,False
69,98038,,False
69,98047,,False
69,98057,,False
69,98066,,False
69,98070,,False
69,98083,,False
69,98086,,False
69,98100,,False
69,98112,,False
69,98113,,False
69,98125,,False
69,98128,,False
69,98130,,False
69,98145,,False
69,98155,,False
69,98158,,False
69,98162,,False
69,98182,,False
69,98183,,False
69,98189,,False
69,98190,,False
69,98201,,False
69,98202,,False
69,98236,,False
69,98255,,False
69,98258,,False
69,98259,,False
69,98264,,False
69,98270,,False
69,98279,,False
69,98291,,False
69,98310,,False
69,98324,,False
69,98326,,False
69,98330,,False
69,98331,,False
69,98333,,False
69,98338,,False
69,98354,,False
69,98366,,False
69,98392,,False
69,98395,,False
69,98402,,False
69,98414,,False
69,98426,,False
69,98429,,False
69,98430,,False
69,98433,,False
69,98438,,False
69,98455,,False
69,98460,,False
69,98465,,False
69,98474,,False
69,98479,,False
69,98482,,False
69,98491,,False
69,98500,,False
69,98505,,False
69,98511,,False
69,98514,,False
69,98519,,False
69,98524,,False
69,98526,,False
69,98529,,False
69,98530,,False
69,98544,,False
69,98556,,False
69,98563,,False
69,98564,,False
69,98588,,False
69,98592,,False
69,98604,,False
69,98609,,False
69,98611,,False
69,98617,,False
69,98627,,False
69,98628,,False
69,98647,,False
69,98653,,False
69,98684,,False
69,98696,,False
69,98699,,False
69,98711,,False
69,98716,,False
69,98717,,False
69,98731,,False
69,98738,,False
69,98739,,False
69,98743,,False
69,98756,,False
69,98758,,False
69,98765,,False
69,98780,,False
69,98781,,False
69,98796,,False
69,98806,,False
69,98808,,False
69,98814,,False
69,98827,,False
69,98829,,False
69,98841,,False
69,98852,,False
69,98857,,False
69,98867,,False
69,98870,,False
69,98890,,False
69,98900,,False
69,98908,,False
69,98911,,False
69,98914,,False
69,98915,,False
69,98916,,False
69,98923,,False
69,98925,,False
69,98927,,False
69,98932,,False
69,98937,,False
69,98940,,False
69,98941,,False
69,98943,,False
69,98949,,False
69,98978,,False
69,98980,,False
69,98984,,False
69,99010,,False
69,99017,,False
69,99036,,False
69,99045,,False
69,99049,,False
69,99059,,False
69,99063,,False
69,99075,,False
69,99082,,False
69,99087,,False
69,99102,,False
69,99114,,False
69,99116,,False
69,99118,,False
69,99126,,False
69,99134,,False
69,99136,,False
69,99146,,False
69,99164,,False
69,99170,,False
69,99186,,False
69,99187,,False
69,99198,,False
69,99200,,False
69,99215,,False
69,99223,,False
69,99231,,False
69,99232,,False
69,99244,,False
69,99246,,False
69,99255,,False
69,99259,,False
69,99262,,False
69,99264,,False
69,99272,,False
69,99289,,False
69,99309,,False
69,99310,,False
69,99313,,False
69,99333,,False
69,99334,,False
69,99337,,False
69,99338,,False
69,99349,,False
69,99357,,False
69,99363,,False
69,99369,,False
69,99381,,False
69,99383,,False
69,99386,,False
69,99396,,False
69,99409,,False
69,99421,,False
69,99423,,False
69,99439,,False
69,99442,,False
69,99450,,False
69,99457,,False
69,99465,,False
69,99467,,False
69,99473,,False
69,99479,,False
69,99481,,False
69,99496,,False
69,99524,,False
69,99539,,False
69,99546,,False
69,99554,,False
69,99568,,False
69,99575,,False
69,99578,,False
69,99584,,False
69,99590,,False
69,99597,,False
69,99614,,False
69,99632,,False
69,99644,,False
69,99650,,False
69,99653,,False
69,99659,,False
69,99668,,False
69,99672,,False
69,99697,,False
69,99703,,False
69,99715,,False
69,99721,,False
69,99731,,False
69,99739,,False
69,99745,,False
69,99754,,False
69,99790,,False
69,99791,,False
69,99793,,False
69,99817,,False
69,99820,,False
69,99822,,False
69,99839,,False
69,99846,,False
69,99859,,False
69,99872,,False
69,99876,,False
69,99880,,False
69,99881,,False
69,99909,,False
69,99912,,False
69,99941,,False
69,99945,,False
69,99949,,False
69,99951,,False
69,99953,,False
69,99956,,False
69,99964,,False
69,99984,,False
69,99986,,False
69,99990,,False
69,99992,,False
69,100000,,False
69,100003,,False
69,100006,,False
69,100030,,False
69,100034,,False
69,100042,,False
69,100043,,False
69,100046,,False
69,100050,,False
69,100058,,False
69,100060,,False
69,100071,,False
69,100080,,False
69,100094,,False
69,100095,,False
69,100099,,False
69,100117,,False
69,100131,,False
69,100141,,False
69,100146,,False
69,100157,,False
69,100159,,False
69,100166,,False
69,100169,,False
69,100171,,False
69,100181,,False
69,100205,,False
69,100207,,False
69,100208,,False
69,100218,,False
69,100220,,False
69,100224,,False
69,100229,,False
69,100243,,False
69,100245,,False
69,100256,,False
69,100272,,False
69,100275,,False
69,100281,,False
69,100308,,False
69,100327,,False
69,100330,,False
69,100339,,False
69,100346,,False
69,100348,,False
69,100351,,False
69,100356,,False
69,100362,,False
69,100365,,False
69,100376,,False
69,100378,,False
69,100380,,False
69,100389,,False
69,100392,,False
69,100407,,False
69,100424,,False
69,100427,,False
69,100435,,False
69,100444,,False
69,100447,,False
69,100449,,False
69,100454,,False
69,100456,,False
69,100458,,False
69,100483,,False
69,100504,,False
69,100505,,False
69,100508,,False
69,100512,,False
69,100517,,False
69,100519,,False
69,100530,,False
69,100531,,False
69,100545,,False
69,100551,,False
69,100553,,False
69,100563,,False
69,100576,,False
69,100577,,False
69,100579,,False
69,100580,,False
69,100588,,False
69,100592,,False
69,100594,,False
69,100602,,False
69,100606,,False
69,100612,,False
69,100615,,False
69,100618,,False
69,100623,,False
69,100633,,False
69,100639,,False
69,100646,,False
69,100654,,False
69,100660,,False
69,100662,,False
69,100663,,False
69,100674,,False
69,100685,,False
69,100689,,False
69,100696,,False
69,100723,,False
69,100725,,False
69,100731,,False
69,100737,,False
69,100739,,False
69,100741,,False
69,100749,,False
69,100750,,False
69,100753,,False
69,100758,,False
69,100777,,False
69,100783,,False
69,100787,,False
69,100795,,False
69,100798,,False
69,100799,,False
69,100804,,False
69,100811,,False
69,100812,,False
69,100820,,False
69,100823,,False
69,100826,,False
69,100838,,False
69,100860,,False
69,100861,,False
69,100862,,False
69,100875,,False
69,100883,,False
69,100888,,False
69,100906,,False
69,100907,,False
69,100912,,False
69,100916,,False
69,100924,,False
69,100935,,False
69,100942,,False
69,100950,,False
69,100952,,False
69,100960,,False
69,100966,,False
69,100974,,False
69,100988,,False
69,100995,,False
69,101001,,False
69,101006,,False
69,101010,,False
69,101018,,False
69,101019,,False
69,101026,,False
69,101043,,False
69,101044,,False
69,101049,,False
69,101050,,False
69,101051,,False
69,101053,,False
69,101054,,False
69,101057,,False
69,101065,,False
69,101067,,False
69,101073,,False
69,101075,,False
69,101093,,False
69,101109,,False
69,101112,,False
69,101122,,False
69,101123,,False
69,101127,,False
69,101145,,False
69,101179,,False
69,101180,,False
69,101191,,False
69,101197,,False
69,101201,,False
69,101206,,False
69,101210,,False
69,101213,,False
69,101217,,False
69,101219,,False
69,101223,,False
69,101230,,False
69,101233,,False
69,101235,,False
69,101236,,False
69,101241,,False
69,101246,,False
69,101248,,False
69,101263,,False
69,101281,,False
69,101282,,False
69,101285,,False
69,101287,,False
69,101289,,False
69,101290,,False
69,101291,,False
69,101293,,False
69,101305,,False
69,101306,,False
69,101310,,False
69,101313,,False
69,101314,,False
69,101319,,False
69,101329,,False
69,101337,,False
69,101346,,False
69,101349,,False
69,101358,,False
69,101375,,False
69,101387,,False
69,101400,,False
69,101412,,False
69,101418,,False
69,101435,,False
69,101444,,False
69,101447,,False
69,101450,,False
69,101455,,False
69,101458,,False
69,101479,,False
69,101485,,False
69,101500,,False
69,101513,,False
69,101515,,False
69,101523,,False
69,101529,,False
69,101534,,False
69,101549,,False
69,101553,,False
69,101559,,False
69,101563,,False
69,101565,,False
69,101577,,False
69,101586,,False
69,101626,,False
69,101630,,False
69,101634,,False
69,101635,,False
69,101645,,False
69,101649,,False
69,101659,,False
69,101662,,False
69,101663,,False
69,101665,,False
69,101666,,False
69,101675,,False
69,101678,,False
69,101687,,False
69,101699,,False
69,101705,,False
69,101716,,False
69,101719,,False
69,101737,,False
69,101740,,False
69,101741,,False
69,101752,,False
69,101753,,False
69,101763,,False
69,101773,,False
69,101805,,False
69,101807,,False
69,101819,,False
69,101821,,False
69,101832,,False
69,101835,,False
69,101837,,False
69,101844,,False
69,101889,,False
69,101899,,False
69,101904,,False
69,101906,,False
69,101912,,False
69,101916,,False
69,101917,,False
69,101920,,False
69,101927,,False
69,101929,,False
69,101939,,False
69,101962,,False
69,101993,,False
69,101999,,False
69,102016,,False
69,102023,,False
69,102028,,False
69,102034,,False
69,102035,,False
69,102037,,False
69,102044,,False
69,102050,,False
69,102058,,False
69,102071,,False
69,102072,,False
69,102074,,False
69,102078,,False
69,102095,,False
69,102099,,False
69,102103,,False
69,102104,,False
69,102113,,False
69,102125,,False
69,102129,,False
69,102132,,False
69,102133,,False
69,102139,,False
69,102142,,False
69,102169,,False
69,102177,,False
69,102193,,False
69,102195,,False
69,102201,,False
69,102214,,False
69,102230,,False
69,102240,,False
69,102245,,False
69,102253,,False
69,102267,,False
69,102270,,False
69,102271,,False
69,102276,,False
69,102280,,False
69,102321,,False
69,102336,,False
69,102342,,False
69,102347,,False
69,102374,,False
69,102379,,False
69,102382,,False
69,102384,,False
69,102386,,False
69,102391,,False
69,102394,,False
69,102420,,False
69,102422,,False
69,102425,,False
69,102427,,False
69,102439,,False
69,102443,,False
69,102462,,False
69,102467,,False
69,102472,,False
69,102481,,False
69,102484,,False
69,102493,,False
69,102498,,False
69,102510,,False
69,102519,,False
69,102539,,False
69,102579,,False
69,102582,,False
69,102608,,False
69,102619,,False
69,102620,,False
69,102629,,False
69,102630,,False
69,102637,,False
69,102640,,False
69,102648,,False
69,102676,,False
69,102689,,False
69,102701,,False
69,102715,,False
69,102718,,False
69,102751,,False
69,102760,,False
69,102765,,False
69,102768,,False
69,102788,,False
69,102813,,False
69,102814,,False
69,102840,,False
69,102846,,False
69,102847,,False
69,102850,,False
69,102852,,False
69,102855,,False
69,102859,,False
69,102881,,False
69,102886,,False
69,102895,,False
69,102896,,False
69,102903,,False
69,102933,,False
69,102954,,False
69,102957,,False
69,102958,,False
69,102960,,False
69,102968,,False
69,102982,,False
69,102984,,False
69,103005,,False
69,103025,,False
69,103032,,False
69,103033,,False
69,103036,,False
69,103040,,False
69,103043,,False
69,103049,,False
69,103050,,False
69,103054,,False
69,103059,,False
69,103066,,False
69,103079,,False
69,103092,,False
69,103093,,False
69,103100,,False
69,103124,,False
69,103144,,False
69,103149,,False
69,103152,,False
69,103154,,False
69,103160,,False
69,103172,,False
69,103177,,False
69,103186,,False
69,103187,,False
69,103192,,False
69,103200,,False
69,103209,,False
69,103221,,False
69,103228,,False
69,103263,,False
69,103265,,False
69,103273,,False
69,103287,,False
69,103288,,False
69,103291,,False
69,103301,,False
69,103314,,False
69,103321,,False
69,103325,,False
69,103350,,False
69,103357,,False
69,103359,,False
69,103364,,False
69,103367,,False
69,103377,,False
69,103382,,False
69,103400,,False
69,103401,,False
69,103407,,False
69,103441,,False
69,103443,,False
69,103450,,False
69,103457,,False
69,103458,,False
69,103460,,False
69,103476,,False
69,103491,,False
69,103493,,False
69,103494,,False
69,103496,,False
69,103505,,False
69,103512,,False
69,103521,,False
69,103531,,False
69,103536,,False
69,103539,,False
69,103543,,False
69,103547,,False
69,103569,,False
69,103584,,False
69,103604,,False
69,103615,,False
69,103617,,False
69,103665,,False
69,103670,,False
69,103671,,False
69,103697,,False
69,103703,,False
69,103707,,False
69,103708,,False
69,103724,,False
69,103729,,False
69,103734,,False
69,103740,,False
69,103742,,False
69,103754,,False
69,103805,,False
69,103809,,False
69,103812,,False
69,103820,,False
69,103832,,False
69,103837,,False
69,103839,,False
69,103851,,False
69,103852,,False
69,103858,,False
69,103863,,False
69,103869,,False
69,103881,,False
69,103882,,False
69,103890,,False
69,103902,,False
69,103921,,False
69,103924,,False
69,103940,,False
69,103946,,False
69,103949,,False
69,103952,,False
69,103954,,False
69,103957,,False
69,103959,,False
69,103963,,False
69,103965,,False
69,103975,,False
69,103976,,False
69,103979,,False
69,103993,,False
69,103997,,False
69,104006,,False
69,104013,,False
69,104030,,False
69,104040,,False
69,104052,,False
69,104053,,False
69,104068,,False
69,104078,,False
69,104081,,False
69,104084,,False
69,104089,,False
69,104106,,False
69,104110,,False
69,104114,,False
69,104116,,False
69,104131,,False
69,104142,,False
69,104144,,False
69,104154,,False
69,104157,,False
69,104163,,False
69,104172,,False
69,104181,,False
69,104192,,False
69,104195,,False
69,104203,,False
69,104210,,False
69,104219,,False
69,104220,,False
69,104240,,False
69,104280,,False
69,104289,,False
69,104301,,False
69,104303,,False
69,104328,,False
69,104342,,False
69,104347,,False
69,104356,,False
69,104358,,False
69,104360,,False
69,104370,,False
69,104397,,False
69,104405,,False
69,104423,,False
69,104433,,False
69,104442,,False
69,104446,,False
69,104452,,False
69,104463,,False
69,104466,,False
69,104485,,False
69,104487,,False
69,104488,,False
69,104492,,False
69,104510,,False
69,104514,,False
69,104522,,False
69,104526,,False
69,104540,,False
69,104542,,False
69,104548,,False
69,104565,,False
69,104569,,False
69,104570,,False
69,104588,,False
69,104595,,False
69,104627,,False
69,104658,,False
69,104660,,False
69,104682,,False
69,104683,,False
69,104686,,False
69,104700,,False
69,104702,,False
69,104726,,False
69,104735,,False
69,104746,,False
69,104747,,False
69,104767,,False
69,104771,,False
69,104776,,False
69,104785,,False
69,104799,,False
69,104805,,False
69,104811,,False
69,104829,,False
69,104860,,False
69,104868,,False
69,104871,,False
69,104874,,False
69,104888,,False
69,104902,,False
69,104903,,False
69,104909,,False
69,104918,,False
69,104923,,False
69,104927,,False
69,104945,,False
69,104951,,False
69,104968,,False
69,104971,,False
69,104977,,False
69,104986,,False
69,104987,,False
69,104991,,False
69,105004,,False
69,105006,,False
69,105007,,False
69,105009,,False
69,105029,,False
69,105031,,False
69,105033,,False
69,105043,,False
69,105046,,False
69,105051,,False
69,105054,,False
69,105062,,False
69,105077,,False
69,105078,,False
69,105082,,False
69,105085,,False
69,105086,,False
69,105095,,False
69,105097,,False
69,105103,,False
69,105106,,False
69,105109,,False
69,105115,,False
69,105117,,False
69,105122,,False
69,105123,,False
69,105126,,False
69,105129,,False
69,105135,,False
69,105136,,False
69,105152,,False
69,105166,,False
69,105167,,False
69,105170,,False
69,105175,,False
69,105181,,False
69,105191,,False
69,105194,,False
69,105203,,False
69,105215,,False
69,105217,,False
69,105224,,False
69,105230,,False
69,105246,,False
69,105262,,False
69,105268,,False
69,105287,,False
69,105290,,False
69,105296,,False
69,105300,,False
69,105311,,False
69,105312,,False
69,105318,,False
69,105319,,False
69,105320,,False
69,105327,,False
69,105334,,False
69,105357,,False
69,105361,,False
69,105372,,False
69,105383,,False
69,105386,,False
69,105392,,False
69,105403,,False
69,105417,,False
69,105422,,False
69,105426,,False
69,105432,,False
69,105455,,False
69,105461,,False
69,105469,,False
69,105477,,False
69,105478,,False
69,105480,,False
69,105483,,False
69,105498,,False
69,105506,,False
69,105511,,False
69,105513,,False
69,105528,,False
69,105530,,False
69,105531,,False
69,105537,,False
69,105544,,False
69,105547,,False
69,105553,,False
69,105568,,False
69,105569,,False
69,105571,,False
69,105575,,False
69,105576,,False
69,105597,,False
69,105620,,False
69,105624,,False
69,105633,,False
69,105635,,False
69,105643,,False
69,105654,,False
69,105672,,False
69,105676,,False
69,105682,,False
69,105684,,False
69,105687,,False
69,105688,,False
69,105692,,False
69,105709,,False
69,105720,,False
69,105731,,False
69,105732,,False
69,105743,,False
69,105749,,False
69,105762,,False
69,105763,,False
69,105764,,False
69,105766,,False
69,105769,,False
69,105773,,False
69,105799,,False
69,105800,,False
69,105821,,False
69,105823,,False
69,105826,,False
69,105831,,False
69,105834,,False
69,105836,,False
69,105841,,False
69,105848,,False
69,105861,,False
69,105863,,False
69,105867,,False
69,105871,,False
69,105878,,False
69,105883,,False
69,105887,,False
69,105895,,False
69,105927,,False
69,105931,,False
69,105950,,False
69,105955,,False
69,105956,,False
69,105963,,False
69,105969,,False
69,105974,,False
69,105987,,False
69,105988,,False
69,105989,,False
69,105992,,False
69,106007,,False
69,106013,,False
69,106040,,False
69,106057,,False
69,106061,,False
69,106074,,False
69,106077,,False
69,106081,,False
69,106091,,False
69,106094,,False
69,106105,,False
69,106106,,False
69,106125,,False
69,106136,,False
69,106144,,False
69,106145,,False
69,106148,,False
69,106150,,False
69,106156,,False
69,106159,,False
69,106161,,False
69,106166,,False
69,106186,,False
69,106198,,False
69,106201,,False
69,106204,,False
69,106205,,False
69,106210,,False
69,106222,,False
69,106227,,False
69,106240,,False
69,106245,,False
69,106249,,False
69,106260,,False
69,106265,,False
69,106268,,False
69,106271,,False
69,106278,,False
69,106304,,False
69,106306,,False
69,106307,,False
69,106317,,False
69,106326,,False
69,106331,,False
69,106332,,False
69,106345,,False
69,106346,,False
69,106362,,False
69,106378,,False
69,106383,,False
69,106393,,False
69,106399,,False
69,106406,,False
69,106411,,False
69,106436,,False
69,106439,,False
69,106443,,False
69,106446,,False
69,106451,,False
69,106453,,False
69,106476,,False
69,106479,,False
69,106486,,False
69,106489,,False
69,106493,,False
69,106500,,False
69,106501,,False
69,106506,,False
69,106518,,False
69,106529,,False
69,106532,,False
69,106534,,False
69,106538,,False
69,106542,,False
69,106544,,False
69,106560,,False
69,106563,,False
69,106564,,False
69,106569,,False
69,106575,,False
69,106582,,False
69,106587,,False
69,106592,,False
69,106595,,False
69,106602,,False
69,106604,,False
69,106607,,False
69,106608,,False
69,106633,,False
69,106638,,False
69,106640,,False
69,106642,,False
69,106661,,False
69,106664,,False
69,106669,,False
69,106675,,False
69,106686,,False
69,106691,,False
69,106699,,False
69,106706,,False
69,106709,,False
69,106717,,False
69,106719,,False
69,106723,,False
69,106736,,False
69,106745,,False
69,106748,,False
69,106755,,False
69,106757,,False
69,106765,,False
69,106775,,False
69,106781,,False
69,106787,,False
69,106792,,False
69,106798,,False
69,106802,,False
69,106811,,False
69,106815,,False
69,106817,,False
69,106820,,False
69,106833,,False
69,106837,,False
69,106846,,False
69,106849,,False
69,106852,,False
69,106854,,False
69,106880,,False
69,106888,,False
69,106892,,False
69,106897,,False
69,106899,,False
69,106901,,False
69,106902,,False
69,106914,,False
69,106920,,False
69,106922,,False
69,106923,,False
69,106933,,False
69,106948,,False
69,106959,,False
69,106960,,False
69,106971,,False
69,106974,,False
69,106986,,False
69,106991,,False
69,106992,,False
69,107007,,False
69,107024,,False
69,107026,,False
69,107032,,False
69,107045,,False
69,107050,,False
69,107051,,False
69,107058,,False
69,107063,,False
69,107079,,False
69,107091,,False
69,107096,,False
69,107098,,False
69,107109,,False
69,107118,,False
69,107123,,False
69,107124,,False
69,107132,,False
69,107137,,False
69,107146,,False
69,107147,,False
69,107149,,False
69,107156,,False
69,107165,,False
69,107170,,False
69,107171,,False
69,107182,,False
69,107183,,False
69,107186,,False
69,107188,,False
69,107191,,False
69,107201,,False
69,107213,,False
69,107225,,False
69,107233,,False
69,107247,,False
69,107260,,False
69,107267,,False
69,107277,,False
69,107278,,False
69,107286,,False
69,107288,,False
69,107293,,False
69,107298,,False
69,107313,,False
69,107331,,False
69,107349,,False
69,107354,,False
69,107356,,False
69,107368,,False
69,107377,,False
69,107379,,False
69,107381,,False
69,107382,,False
69,107386,,False
69,107389,,False
69,107420,,False
69,107429,,False
69,107443,,False
69,107464,,False
69,107469,,False
69,107483,,False
69,107535,,False
69,107546,,False
69,107554,,False
69,107568,,False
69,107571,,False
69,107580,,False
69,107585,,False
69,107588,,False
69,107591,,False
69,107602,,False
69,107624,,False
69,107626,,False
69,107637,,False
69,107645,,False
69,107651,,False
69,107664,,False
69,107667,,False
69,107675,,False
69,107685,,False
69,107687,,False
69,107695,,False
69,107700,,False
69,107707,,False
69,107712,,False
69,107727,,False
69,107731,,False
69,107742,,False
69,107771,,False
69,107773,,False
69,107777,,False
69,107791,,False
69,107796,,False
69,107818,,False
69,107825,,False
69,107841,,False
69,107843,,False
69,107852,,False
69,107855,,False
69,107856,,False
69,107866,,False
69,107867,,False
69,107872,,False
69,107876,,False
69,107881,,False
69,107884,,False
69,107887,,False
69,107896,,False
69,107907,,False
69,107913,,False
69,107914,,False
69,107917,,False
69,107923,,False
69,107925,,False
69,107933,,False
69,107935,,False
69,107936,,False
69,107952,,False
69,107966,,False
69,107972,,False
69,107980,,False
69,107988,,False
69,108004,,False
69,108014,,False
69,108015,,False
69,108018,,False
69,108028,,False
69,108038,,False
69,108044,,False
69,108047,,False
69,108071,,False
69,108075,,False
69,108081,,False
69,108095,,False
69,108096,,False
69,108102,,False
69,108135,,False
69,108140,,False
69,108141,,False
69,108146,,False
69,108159,,False
69,108165,,False
69,108170,,False
69,108177,,False
69,108184,,False
69,108188,,False
69,108189,,False
69,108190,,False
69,108192,,False
69,108203,,False
69,108206,,False
69,108212,,False
69,108215,,False
69,108217,,False
69,108219,,False
69,108231,,False
69,108234,,False
69,108246,,False
69,108255,,False
69,108269,,False
69,108280,,False
69,108282,,False
69,108284,,False
69,108287,,False
69,108308,,False
69,108316,,False
69,108317,,False
69,108329,,False
69,108332,,False
69,108340,,False
69,108346,,False
69,108349,,False
69,108352,,False
69,108366,,False
69,108376,,False
69,108381,,False
69,108389,,False
69,108391,,False
69,108415,,False
69,108433,,False
69,108434,,False
69,108440,,False
69,108442,,False
69,108451,,False
69,108452,,False
69,108456,,False
69,108459,,False
69,108462,,False
69,108465,,False
69,108469,,False
69,108482,,False
69,108484,,False
69,108492,,False
69,108497,,False
69,108502,,False
69,108517,,False
69,108522,,False
69,108523,,False
69,108526,,False
69,108531,,False
69,108544,,False
69,108548,,False
69,108550,,False
69,108554,,False
69,108556,,False
69,108560,,False
69,108562,,False
69,108564,,False
69,108570,,False
69,108584,,False
69,108596,,False
69,108623,,False
69,108628,,False
69,108637,,False
69,108640,,False
69,108644,,False
69,108661,,False
69,108667,,False
69,108673,,False
69,108683,,False
69,108688,,False
69,108691,,False
69,108697,,False
69,108705,,False
69,108730,,False
69,108731,,False
69,108744,,False
69,108756,,False
69,108765,,False
69,108767,,False
69,108769,,False
69,108778,,False
69,108789,,False
69,108800,,False
69,108802,,False
69,108808,,False
69,108809,,False
69,108824,,False
69,108828,,False
69,108831,,False
69,108839,,False
69,108857,,False
69,108866,,False
69,108867,,False
69,108869,,False
69,108878,,False
69,108879,,False
69,108892,,False
69,108900,,False
69,108901,,False
69,108905,,False
69,108908,,False
69,108924,,False
69,108925,,False
69,108926,,False
69,108949,,False
69,108952,,False
69,108954,,False
69,108956,,False
69,108970,,False
69,108986,,False
69,109007,,False
69,109010,,False
69,109023,,False
69,109028,,False
69,109062,,False
69,109082,,False
69,109084,,False
69,109085,,False
69,109101,,False
69,109123,,False
69,109147,,False
69,109150,,False
69,109170,,False
69,109176,,False
69,109179,,False
69,109207,,False
69,109215,,False
69,109219,,False
69,109239,,False
69,109248,,False
69,109254,,False
69,109255,,False
69,109268,,False
69,109278,,False
69,109291,,False
69,109301,,False
69,109302,,False
69,109309,,False
69,109320,,False
69,109328,,False
69,109341,,False
69,109344,,False
69,109345,,False
69,109347,,False
69,109357,,False
69,109382,,False
69,109389,,False
69,109395,,False
69,109397,,False
69,109401,,False
69,109419,,False
69,109421,,False
69,109424,,False
69,109434,,False
69,109456,,False
69,109463,,False
69,109469,,False
69,109474,,False
69,109478,,False
69,109486,,False
69,109488,,False
69,109492,,False
69,109495,,False
69,109500,,False
69,109501,,False
69,109504,,False
69,109509,,False
69,109514,,False
69,109528,,False
69,109529,,False
69,109538,,False
69,109555,,False
69,109556,,False
69,109560,,False
69,109574,,False
69,109587,,False
69,109596,,False
69,109600,,False
69,109601,,False
69,109616,,False
69,109617,,False
69,109619,,False
69,109628,,False
69,109639,,False
69,109640,,False
69,109643,,False
69,109647,,False
69,109654,,False
69,109658,,False
69,109659,,False
69,109670,,False
69,109674,,False
69,109676,,False
69,109680,,False
69,109690,,False
69,109693,,False
69,109697,,False
69,109698,,False
69,109704,,False
69,109709,,False
69,109718,,False
69,109721,,False
69,109727,,False
69,109730,,False
69,109743,,False
69,109749,,False
69,109758,,False
69,109762,,False
69,109766,,False
69,109775,,False
69,109801,,False
69,109805,,False
69,109811,,False
69,109814,,False
69,109835,,False
69,109838,,False
69,109865,,False
69,109871,,False
69,109872,,False
69,109875,,False
69,109876,,False
69,109887,,False
69,109896,,False
69,109910,,False
69,109912,,False
69,109914,,False
69,109924,,False
69,109934,,False
69,109936,,False
69,109948,,False
69,109961,,False
69,109965,,False
69,109979,,False
69,109982,,False
69,109983,,False
69,109988,,False
69,110003,,False
69,110008,,False
69,110015,,False
69,110017,,False
69,110022,,False
69,110039,,False
69,110040,,False
69,110042,,False
69,110064,,False
69,110071,,False
69,110076,,False
69,110093,,False
69,110099,,False
69,110100,,False
69,110101,,False
69,110102,,False
69,110109,,False
69,110113,,False
69,110120,,False
69,110122,,False
69,110149,,False
69,110151,,False
69,110163,,False
69,110164,,False
69,110166,,False
69,110169,,False
69,110173,,False
69,110176,,False
69,110177,,False
69,110178,,False
69,110187,,False
69,110188,,False
69,110196,,False
69,110197,,False
69,110207,,False
69,110214,,False
69,110223,,False
69,110234,,False
69,110239,,False
69,110244,,False
69,110246,,False
69,110249,,False
69,110282,,False
69,110285,,False
69,110287,,False
69,110304,,False
69,110307,,False
69,110309,,False
69,110310,,False
69,110315,,False
69,110323,,False
69,110324,,False
69,110328,,False
69,110330,,False
69,110334,,False
69,110374,,False
69,110382,,False
69,110390,,False
69,110401,,False
69,110407,,False
69,110409,,False
69,110411,,False
69,110429,,False
69,110433,,False
69,110439,,False
69,110444,,False
69,110462,,False
69,110463,,False
69,110485,,False
69,110494,,False
69,110498,,False
69,110509,,False
69,110512,,False
69,110513,,False
69,110514,,False
69,110517,,False
69,110521,,False
69,110524,,False
69,110529,,False
69,110534,,False
69,110537,,False
69,110544,,False
69,110545,,False
69,110577,,False
69,110583,,False
69,110590,,False
69,110597,,False
69,110613,,False
69,110616,,False
69,110620,,False
69,110623,,False
69,110634,,False
69,110643,,False
69,110647,,False
69,110649,,False
69,110655,,False
69,110661,,False
69,110662,,False
69,110666,,False
69,110672,,False
69,110680,,False
69,110705,,False
69,110720,,False
69,110725,,False
69,110734,,False
69,110745,,False
69,110749,,False
69,110756,,False
69,110758,,False
69,110764,,False
69,110772,,False
69,110798,,False
69,110805,,False
69,110806,,False
69,110807,,False
69,110810,,False
69,110819,,False
69,110829,,False
69,110832,,False
69,110833,,False
69,110840,,False
69,110851,,False
69,110856,,False
69,110866,,False
69,110867,,False
69,110872,,False
69,110888,,False
69,110897,,False
69,110903,,False
69,110906,,False
69,110912,,False
69,110914,,False
69,110918,,False
69,110925,,False
69,110947,,False
69,110950,,False
69,110951,,False
69,110955,,False
69,110957,,False
69,110959,,False
69,110963,,False
69,110965,,False
69,110978,,False
69,110980,,False
69,110981,,False
69,110985,,False
69,110996,,False
69,111009,,False
69,111014,,False
69,111015,,False
69,111018,,False
69,111022,,False
69,111025,,False
69,111027,,False
69,111028,,False
69,111045,,False
69,111047,,False
69,111055,,False
69,111056,,False
69,111079,,False
69,111081,,False
69,111082,,False
69,111093,,False
69,111097,,False
69,111113,,False
69,111120,,False
69,111121,,False
69,111143,,False
69,111149,,False
69,111152,,False
69,111167,,False
69,111169,,False
69,111175,,False
69,111181,,False
69,111186,,False
69,111187,,False
69,111192,,False
69,111194,,False
69,111202,,False
69,111208,,False
69,111212,,False
69,111219,,False
69,111221,,False
69,111227,,False
69,111239,,False
69,111269,,False
69,111275,,False
69,111287,,False
69,111300,,False
69,111319,,False
69,111325,,False
69,111328,,False
69,111333,,False
69,111341,,False
69,111345,,False
69,111348,,False
69,111359,,False
69,111363,,False
69,111384,,False
69,111395,,False
69,111396,,False
69,111402,,False
69,111407,,False
69,111416,,False
69,111430,,False
69,111433,,False
69,111436,,False
69,111454,,False
69,111462,,False
69,111467,,False
69,111481,,False
69,111483,,False
69,111485,,False
69,111496,,False
69,111499,,False
69,111506,,False
69,111518,,False
69,111525,,False
69,111530,,False
69,111532,,False
69,111539,,False
69,111543,,False
69,111544,,False
69,111549,,False
69,111556,,False
69,111576,,False
69,111577,,False
69,111588,,False
69,111615,,False
69,111647,,False
69,111652,,False
69,111672,,False
69,111679,,False
69,111686,,False
69,111692,,False
69,111694,,False
69,111695,,False
69,111702,,False
69,111703,,False
69,111716,,False
69,111724,,False
69,111736,,False
69,111745,,False
69,111748,,False
69,111756,,False
69,111766,,False
69,111778,,False
69,111808,,False
69,111812,,False
69,111814,,False
69,111825,,False
69,111829,,False
69,111841,,False
69,111850,,False
69,111853,,False
69,111864,,False
69,111867,,False
69,111872,,False
69,111876,,False
69,111882,,False
69,111892,,False
69,111901,,False
69,111916,,False
69,111921,,False
69,111923,,False
69,111940,,False
69,111949,,False
69,111950,,False
69,111959,,False
69,111962,,False
69,111967,,False
69,111968,,False
69,111976,,False
69,111983,,False
69,111999,,False
69,112001,,False
69,112006,,False
69,112011,,False
69,112012,,False
69,112020,,False
69,112029,,False
69,112032,,False
69,112036,,False
69,112045,,False
69,112056,,False
69,112065,,False
69,112086,,False
69,112089,,False
69,112108,,False
69,112137,,False
69,112149,,False
69,112158,,False
69,112167,,False
69,112174,,False
69,112182,,False
69,112190,,False
69,112191,,False
69,112198,,False
69,112201,,False
69,112214,,False
69,112217,,False
69,112218,,False
69,112222,,False
69,112228,,False
69,112248,,False
69,112249,,False
69,112257,,False
69,112277,,False
69,112280,,False
69,112294,,False
69,112297,,False
69,112298,,False
69,112300,,False
69,112305,,False
69,112310,,False
69,112322,,False
69,112342,,False
69,112344,,False
69,112348,,False
69,112351,,False
69,112352,,False
69,112356,,False
69,112357,,False
69,112366,,False
69,112373,,False
69,112383,,False
69,112387,,False
69,112395,,False
69,112402,,False
69,112403,,False
69,112405,,False
69,112412,,False
69,112417,,False
69,112419,,False
69,112430,,False
69,112433,,False
69,112450,,False
69,112467,,False
69,112469,,False
69,112489,,False
69,112497,,False
69,112501,,False
69,112508,,False
69,112537,,False
69,112543,,False
69,112547,,False
69,112558,,False
69,112568,,False
69,112570,,False
69,112586,,False
69,112588,,False
69,112594,,False
69,112609,,False
69,112612,,False
69,112620,,False
69,112643,,False
69,112647,,False
69,112659,,False
69,112661,,False
69,112665,,False
69,112667,,False
69,112676,,False
69,112689,,False
69,112691,,False
69,112695,,False
69,112699,,False
69,112703,,False
69,112705,,False
69,112711,,False
69,112712,,False
69,112735,,False
69,112738,,False
69,112740,,False
69,112750,,False
69,112757,,False
69,112762,,False
69,112771,,False
69,112775,,False
69,112786,,False
69,112787,,False
69,112790,,False
69,112802,,False
69,112806,,False
69,112814,,False
69,112819,,False
69,112827,,False
69,112843,,False
69,112852,,False
69,112860,,False
69,112870,,False
69,112888,,False
69,112894,,False
69,112934,,False
69,112935,,False
69,112952,,False
69,112961,,False
69,112995,,False
69,113005,,False
69,113011,,False
69,113020,,False
69,113022,,False
69,113024,,False
69,113038,,False
69,113052,,False
69,113061,,False
69,113080,,False
69,113084,,False
69,113101,,False
69,113103,,False
69,113116,,False
69,113123,,False
69,113132,,False
69,113138,,False
69,113139,,False
69,113147,,False
69,113167,,False
69,113168,,False
69,113169,,False
69,113174,,False
69,113176,,False
69,113189,,False
69,113192,,False
69,113202,,False
69,113209,,False
69,113233,,False
69,113237,,False
69,113242,,False
69,113251,,False
69,113252,,False
69,113260,,False
69,113268,,False
69,113274,,False
69,113288,,False
69,113289,,False
69,113308,,False
69,113309,,False
69,113312,,False
69,113317,,False
69,113320,,False
69,113338,,False
69,113341,,False
69,113343,,False
69,113344,,False
69,113350,,False
69,113351,,False
69,113362,,False
69,113369,,False
69,113378,,False
69,113380,,False
69,113382,,False
69,113383,,False
69,113384,,False
69,113389,,False
69,113394,,False
69,113407,,False
69,113419,,False
69,113420,,False
69,113424,,False
69,113432,,False
69,113435,,False
69,113442,,False
69,113445,,False
69,113455,,False
69,113472,,False
69,113483,,False
69,113487,,False
69,113492,,False
69,113494,,False
69,113501,,False
69,113506,,False
69,113509,,False
69,113513,,False
69,113534,,False
69,113536,,False
69,113541,,False
69,113546,,False
69,113551,,False
69,113557,,False
69,113566,,False
69,113568,,False
69,113573,,False
69,113575,,False
69,113576,,False
69,113581,,False
69,113591,,False
69,113604,,False
69,113607,,False
69,113612,,False
69,113617,,False
69,113628,,False
69,113630,,False
69,113643,,False
69,113644,,False
69,113646,,False
69,113650,,False
69,113651,,False
69,113657,,False
69,113660,,False
69,113662,,False
69,113668,,False
69,113671,,False
69,113679,,False
69,113689,,False
69,113692,,False
69,113696,,False
69,113706,,False
69,113722,,False
69,113780,,False
69,113793,,False
69,113801,,False
69,113803,,False
69,113807,,False
69,113810,,False
69,113812,,False
69,113828,,False
69,113830,,False
69,113831,,False
69,113844,,False
69,113847,,False
69,113851,,False
69,113869,,False
69,113874,,False
69,113876,,False
69,113888,,False
69,113891,,False
69,113894,,False
69,113897,,False
69,113901,,False
69,113912,,False
69,113924,,False
69,113927,,False
69,113932,,False
69,113933,,False
69,113941,,False
69,113944,,False
69,113981,,False
69,114002,,False
69,114012,,False
69,114035,,False
69,114037,,False
69,114039,,False
69,114040,,False
69,114048,,False
69,114053,,False
69,114066,,False
69,114076,,False
69,114078,,False
69,114092,,False
69,114093,,False
69,114098,,False
69,114105,,False
69,114111,,False
69,114130,,False
69,114134,,False
69,114137,,False
69,114143,,False
69,114146,,False
69,114165,,False
69,114169,,False
69,114170,,False
69,114177,,False
69,114180,,False
69,114181,,False
69,114182,,False
69,114188,,False
69,114192,,False
69,114202,,False
69,114211,,False
69,114215,,False
69,114244,,False
69,114261,,False
69,114264,,False
69,114270,,False
69,114276,,False
69,114280,,False
69,114283,,False
69,114284,,False
69,114286,,False
69,114296,,False
69,114305,,False
69,114309,,False
69,114319,,False
69,114322,,False
69,114325,,False
69,114334,,False
69,114337,,False
69,114341,,False
69,114352,,False
69,114356,,False
69,114357,,False
69,114371,,False
69,114377,,False
69,114379,,False
69,114392,,False
69,114395,,False
69,114416,,False
69,114424,,False
69,114427,,False
69,114444,,False
69,114445,,False
69,114449,,False
69,114467,,False
69,114482,,False
69,114498,,False
69,114507,,False
69,114517,,False
69,114522,,False
69,114523,,False
69,114525,,False
69,114529,,False
69,114530,,False
69,114532,,False
69,114544,,False
69,114545,,False
69,114547,,False
69,114554,,False
69,114576,,False
69,114579,,False
69,114583,,False
69,114584,,False
69,114589,,False
69,114600,,False
69,114604,,False
69,114611,,False
69,114619,,False
69,114620,,False
69,114622,,False
69,114651,,False
69,114652,,False
69,114664,,False
69,114671,,False
69,114684,,False
69,114690,,False
69,114697,,False
69,114705,,False
69,114715,,False
69,114719,,False
69,114730,,False
69,114731,,False
69,114750,,False
69,114761,,False
69,114789,,False
69,114798,,False
69,114800,,False
69,114806,,False
69,114821,,False
69,114832,,False
69,114857,,False
69,114861,,False
69,114862,,False
69,114875,,False
69,114876,,False
69,114883,,False
69,114899,,False
69,114911,,False
69,114927,,False
69,114948,,False
69,114951,,False
69,114952,,False
69,114959,,False
69,114971,,False
69,114981,,False
69,114985,,False
69,114988,,False
69,114991,,False
69,115010,,False
69,115013,,False
69,115017,,False
69,115031,,False
69,115048,,False
69,115051,,False
69,115054,,False
69,115067,,False
69,115071,,False
69,115080,,False
69,115093,,False
69,115099,,False
69,115122,,False
69,115126,,False
69,115128,,False
69,115129,,False
69,115130,,False
69,115135,,False
69,115146,,False
69,115159,,False
69,115163,,False
69,115176,,False
69,115180,,False
69,115185,,False
69,115188,,False
69,115202,,False
69,115203,,False
69,115206,,False
69,115209,,False
69,115221,,False
69,115225,,False
69,115260,,False
69,115266,,False
69,115278,,False
69,115280,,False
69,115286,,False
69,115287,,False
69,115289,,False
69,115291,,False
69,115307,,False
69,115322,,False
69,115330,,False
69,115344,,False
69,115345,,False
69,115348,,False
69,115355,,False
69,115362,,False
69,115371,,False
69,115373,,False
69,115375,,False
69,115383,,False
69,115385,,False
69,115405,,False
69,115419,,False
69,115432,,False
69,115434,,False
69,115437,,False
69,115442,,False
69,115446,,False
69,115476,,False
69,115485,,False
69,115522,,False
69,115530,,False
69,115531,,False
69,115538,,False
69,115543,,False
69,115545,,False
69,115552,,False
69,115559,,False
69,115567,,False
69,115570,,False
69,115572,,False
69,115574,,False
69,115595,,False
69,115598,,False
69,115606,,False
69,115614,,False
69,115619,,False
69,115625,,False
69,115629,,False
69,115634,,False
69,115636,,False
69,115649,,False
69,115652,,False
69,115653,,False
69,115654,,False
69,115657,,False
69,115660,,False
69,115665,,False
69,115668,,False
69,115670,,False
69,115677,,False
69,115681,,False
69,115685,,False
69,115690,,False
69,115696,,False
69,115699,,False
69,115704,,False
69,115723,,False
69,115728,,False
69,115736,,False
69,115744,,False
69,115747,,False
69,115750,,False
69,115753,,False
69,115761,,False
69,115764,,False
69,115771,,False
69,115772,,False
69,115779,,False
69,115792,,False
69,115799,,False
69,115803,,False
69,115809,,False
69,115816,,False
69,115828,,False
69,115832,,False
69,115849,,False
69,115861,,False
69,115867,,False
69,115870,,False
69,115871,,False
69,115877,,False
69,115887,,False
69,115888,,False
69,115894,,False
69,115896,,False
69,115903,,False
69,115907,,False
69,115914,,False
69,115920,,False
69,115942,,False
69,115945,,False
69,115950,,False
69,115955,,False
69,115972,,False
69,115988,,False
69,116001,,False
69,116006,,False
69,116013,,False
69,116022,,False
69,116030,,False
69,116032,,False
69,116036,,False
69,116046,,False
69,116052,,False
69,116073,,False
69,116081,,False
69,116085,,False
69,116103,,False
69,116117,,False
69,116121,,False
69,116129,,False
69,116132,,False
69,116143,,False
69,116153,,False
69,116159,,False
69,116164,,False
69,116208,,False
69,116212,,False
69,116223,,False
69,116238,,False
69,116242,,False
69,116247,,False
69,116252,,False
69,116254,,False
69,116260,,False
69,116274,,False
69,116294,,False
69,116296,,False
69,116298,,False
69,116305,,False
69,116320,,False
69,116325,,False
69,116334,,False
69,116337,,False
69,116350,,False
69,116359,,False
69,116372,,False
69,116378,,False
69,116381,,False
69,116395,,False
69,116400,,False
69,116401,,False
69,116404,,False
69,116409,,False
69,116411,,False
69,116414,,False
69,116433,,False
69,116434,,False
69,116436,,False
69,116453,,False
69,116456,,False
69,116462,,False
69,116466,,False
69,116469,,False
69,116473,,False
69,116476,,False
69,116484,,False
69,116492,,False
69,116495,,False
69,116500,,False
69,116505,,False
69,116507,,False
69,116524,,False
69,116525,,False
69,116529,,False
69,116531,,False
69,116546,,False
69,116547,,False
69,116554,,False
69,116564,,False
69,116566,,False
69,116572,,False
69,116589,,False
69,116604,,False
69,116606,,False
69,116608,,False
69,116617,,False
69,116619,,False
69,116623,,False
69,116637,,False
69,116644,,False
69,116649,,False
69,116652,,False
69,116657,,False
69,116682,,False
69,116685,,False
69,116689,,False
69,116705,,False
69,116729,,False
69,116741,,False
69,116747,,False
69,116752,,False
69,116759,,False
69,116768,,False
69,116791,,False
69,116799,,False
69,116807,,False
69,116815,,False
69,116821,,False
69,116834,,False
69,116837,,False
69,116843,,False
69,116848,,False
69,116849,,False
69,116886,,False
69,116910,,False
69,116912,,False
69,116916,,False
69,116931,,False
69,116940,,False
69,116946,,False
69,116966,,False
69,116972,,False
69,116984,,False
69,116988,,False
69,116992,,False
69,117009,,False
69,117028,,False
69,117030,,False
69,117036,,False
69,117047,,False
69,117048,,False
69,117064,,False
69,117072,,False
69,117097,,False
69,117100,,False
69,117112,,False
69,117113,,False
69,117126,,False
69,117130,,False
69,117136,,False
69,117139,,False
69,117142,,False
69,117155,,False
69,117161,,False
69,117184,,False
69,117190,,False
69,117191,,False
69,117198,,False
69,117212,,False
69,117213,,False
69,117229,,False
69,117235,,False
69,117241,,False
69,117255,,False
69,117281,,False
69,117286,,False
69,117287,,False
69,117302,,False
69,117310,,False
69,117321,,False
69,117322,,False
69,117328,,False
69,117330,,False
69,117333,,False
69,117336,,False
69,117346,,False
69,117358,,False
69,117360,,False
69,117377,,False
69,117399,,False
69,117400,,False
69,117414,,False
69,117430,,False
69,117434,,False
69,117441,,False
69,117454,,False
69,117456,,False
69,117463,,False
69,117469,,False
69,117480,,False
69,117486,,False
69,117493,,False
69,117501,,False
69,117522,,False
69,117531,,False
69,117535,,False
69,117541,,False
69,117542,,False
69,117560,,False
69,117564,,False
69,117574,,False
69,117575,,False
69,117580,,False
69,117581,,False
69,117586,,False
69,117590,,False
69,117591,,False
69,117593,,False
69,117607,,False
69,117615,,False
69,117622,,False
69,117625,,False
69,117626,,False
69,117633,,False
69,117641,,False
69,117648,,False
69,117653,,False
69,117656,,False
69,117682,,False
69,117687,,False
69,117692,,False
69,117694,,False
69,117696,,False
69,117707,,False
69,117710,,False
69,117721,,False
69,117729,,False
69,117758,,False
69,117765,,False
69,117769,,False
69,117788,,False
69,117795,,False
69,117796,,False
69,117803,,False
69,117804,,False
69,117810,,False
69,117837,,False
69,117839,,False
69,117847,,False
69,117848,,False
69,117872,,False
69,117876,,False
69,117886,,False
69,117887,,False
69,117890,,False
69,117903,,False
69,117911,,False
69,117923,,False
69,117933,,False
69,117934,,False
69,117937,,False
69,117946,,False
69,117961,,False
69,117977,,False
69,117980,,False
69,117982,,False
69,117996,,False
69,118000,,False
69,118001,,False
69,118002,,False
69,118006,,False
69,118007,,False
69,118010,,False
69,118024,,False
69,118025,,False
69,118027,,False
69,118030,,False
69,118037,,False
69,118042,,False
69,118044,,False
69,118051,,False
69,118052,,False
69,118063,,False
69,118067,,False
69,118076,,False
69,118080,,False
69,118083,,False
69,118087,,False
69,118094,,False
69,118098,,False
69,118101,,False
69,118123,,False
69,118126,,False
69,118129,,False
69,118130,,False
69,118133,,False
69,118149,,False
69,118163,,False
69,118164,,False
69,118170,,False
69,118175,,False
69,118197,,False
69,118198,,False
69,118207,,False
69,118221,,False
69,118222,,False
69,118234,,False
69,118238,,False
69,118247,,False
69,118261,,False
69,118267,,False
69,118270,,False
69,118275,,False
69,118282,,False
69,118284,,False
69,118286,,False
69,118287,,False
69,118297,,False
69,118309,,False
69,118313,,False
69,118320,,False
69,118322,,False
69,118327,,False
69,118333,,False
69,118354,,False
69,118356,,False
69,118369,,False
69,118370,,False
69,118379,,False
69,118380,,False
69,118381,,False
69,118393,,False
69,118394,,False
69,118405,,False
69,118408,,False
69,118411,,False
69,118412,,False
69,118415,,False
69,118416,,False
69,118421,,False
69,118432,,False
69,118436,,False
69,118437,,False
69,118441,,False
69,118445,,False
69,118446,,False
69,118454,,False
69,118475,,False
69,118485,,False
69,118497,,False
69,118505,,False
69,118518,,False
69,118535,,False
69,118538,,False
69,118543,,False
69,118562,,False
69,118563,,False
69,118564,,False
69,118568,,False
69,118571,,False
69,118575,,False
69,118586,,False
69,118598,,False
69,118609,,False
69,118612,,False
69,118624,,False
69,118654,,False
69,118660,,False
69,118662,,False
69,118669,,False
69,118680,,False
69,118683,,False
69,118686,,False
69,118695,,False
69,118698,,False
69,118707,,False
69,118712,,False
69,118730,,False
69,118740,,False
69,118746,,False
69,118751,,False
69,118752,,False
69,118755,,False
69,118785,,False
69,118799,,False
69,118805,,False
69,118813,,False
69,118815,,False
69,118821,,False
69,118838,,False
69,118840,,False
69,118848,,False
69,118850,,False
69,118856,,False
69,118860,,False
69,118873,,False
69,118882,,False
69,118892,,False
69,118904,,False
69,118907,,False
69,118910,,False
69,118911,,False
69,118914,,False
69,118921,,False
69,118938,,False
69,118939,,False
69,118943,,False
69,118951,,False
69,118962,,False
69,118967,,False
69,118973,,False
69,118981,,False
69,118984,,False
69,118989,,False
69,118990,,False
69,118993,,False
69,118994,,False
69,118998,,False
69,119001,,False
69,119005,,False
69,119026,,False
69,119029,,False
69,119032,,False
69,119034,,False
69,119042,,False
69,119045,,False
69,119053,,False
69,119060,,False
69,119061,,False
69,119085,,False
69,119094,,False
69,119097,,False
69,119126,,False
69,119139,,False
69,119164,,False
69,119168,,False
69,119170,,False
69,119174,,False
69,119177,,False
69,119184,,False
69,119193,,False
69,119194,,False
69,119202,,False
69,119212,,False
69,119226,,False
69,119230,,False
69,119240,,False
69,119242,,False
69,119245,,False
69,119249,,False
69,119259,,False
69,119262,,False
69,119269,,False
69,119271,,False
69,119274,,False
69,119290,,False
69,119295,,False
69,119300,,False
69,119303,,False
69,119305,,False
69,119308,,False
69,119317,,False
69,119318,,False
69,119350,,False
69,119357,,False
69,119387,,False
69,119388,,False
69,119399,,False
69,119408,,False
69,119416,,False
69,119421,,False
69,119426,,False
69,119427,,False
69,119430,,False
69,119449,,False
69,119457,,False
69,119460,,False
69,119467,,False
69,119472,,False
69,119485,,False
69,119502,,False
69,119524,,False
69,119531,,False
69,119559,,False
69,119565,,False
69,119573,,False
69,119584,,False
69,119592,,False
69,119598,,False
69,119606,,False
69,119610,,False
69,119617,,False
69,119623,,False
69,119645,,False
69,119647,,False
69,119655,,False
69,119666,,False
69,119668,,False
69,119673,,False
69,119678,,False
69,119681,,False
69,119684,,False
69,119689,,False
69,119695,,False
69,119700,,False
69,119722,,False
69,119725,,False
69,119730,,False
69,119731,,False
69,119740,,False
69,119744,,False
69,119750,,False
69,119755,,False
69,119757,,False
69,119761,,False
69,119778,,False
69,119782,,False
69,119785,,False
69,119808,,False
69,119813,,False
69,119817,,False
69,119820,,False
69,119825,,False
69,119826,,False
69,119835,,False
69,119847,,False
69,119848,,False
69,119849,,False
69,119853,,False
69,119859,,False
69,119861,,False
69,119868,,False
69,119876,,False
69,119878,,False
69,119881,,False
69,119891,,False
69,119904,,False
69,119907,,False
69,119912,,False
69,119938,,False
69,119948,,False
69,119952,,False
69,119958,,False
69,119959,,False
69,119960,,False
69,119961,,False
69,119986,,False
69,119989,,False
69,119991,,False
69,120002,,False
69,120006,,False
69,120025,,False
69,120030,,False
69,120031,,False
69,120039,,False
69,120045,,False
69,120049,,False
69,120058,,False
69,120067,,False
69,120073,,False
69,120076,,False
69,120082,,False
69,120085,,False
69,120086,,False
69,120104,,False
69,120108,,False
69,120120,,False
69,120122,,False
69,120124,,False
69,120154,,False
69,120170,,False
69,120175,,False
69,120185,,False
69,120187,,False
69,120206,,False
69,120216,,False
69,120228,,False
69,120260,,False
69,120271,,False
69,120277,,False
69,120288,,False
69,120289,,False
69,120292,,False
69,120298,,False
69,120320,,False
69,120322,,False
69,120326,,False
69,120342,,False
69,120344,,False
69,120359,,False
69,120383,,False
69,120387,,False
69,120390,,False
69,120393,,False
69,120397,,False
69,120398,,False
69,120399,,False
69,120404,,False
69,120418,,False
69,120426,,False
69,120427,,False
69,120437,,False
69,120446,,False
69,120455,,False
69,120458,,False
69,120464,,False
69,120465,,False
69,120472,,False
69,120476,,False
69,120481,,False
69,120483,,False
69,120499,,False
69,120519,,False
69,120527,,False
69,120531,,False
69,120535,,False
69,120544,,False
69,120553,,False
69,120557,,False
69,120569,,False
69,120578,,False
69,120589,,False
69,120594,,False
69,120597,,False
69,120605,,False
69,120608,,False
69,120613,,False
69,120626,,False
69,120631,,False
69,120635,,False
69,120639,,False
69,120646,,False
69,120659,,False
69,120664,,False
69,120669,,False
69,120684,,False
69,120686,,False
69,120705,,False
69,120727,,False
69,120736,,False
69,120739,,False
69,120748,,False
69,120751,,False
69,120753,,False
69,120761,,False
69,120793,,False
69,120798,,False
69,120805,,False
69,120808,,False
69,120818,,False
69,120824,,False
69,120832,,False
69,120852,,False
69,120853,,False
69,120856,,False
69,120859,,False
69,120866,,False
69,120868,,False
69,120871,,False
69,120874,,False
69,120878,,False
69,120884,,False
69,120885,,False
69,120892,,False
69,120894,,False
69,120905,,False
69,120910,,False
69,120911,,False
69,120917,,False
69,120929,,False
69,120954,,False
69,120957,,False
69,120960,,False
69,120966,,False
69,120967,,False
69,120970,,False
69,120975,,False
69,120998,,False
69,121001,,False
69,121007,,False
69,121014,,False
69,121026,,False
69,121027,,False
69,121039,,False
69,121053,,False
69,121064,,False
69,121065,,False
69,121066,,False
69,121068,,False
69,121079,,False
69,121088,,False
69,121110,,False
69,121114,,False
69,121140,,False
69,121142,,False
69,121149,,False
69,121151,,False
69,121160,,False
69,121162,,False
69,121187,,False
69,121199,,False
69,121205,,False
69,121224,,False
69,121225,,False
69,121236,,False
69,121244,,False
69,121248,,False
69,121253,,False
69,121260,,False
69,121269,,False
69,121272,,False
69,121274,,False
69,121287,,False
69,121297,,False
69,121305,,False
69,121307,,False
69,121310,,False
69,121312,,False
69,121326,,False
69,121346,,False
69,121350,,False
69,121371,,False
69,121387,,False
69,121404,,False
69,121405,,False
69,121410,,False
69,121421,,False
69,121431,,False
69,121434,,False
69,121441,,False
69,121443,,False
69,121445,,False
69,121447,,False
69,121450,,False
69,121466,,False
69,121468,,False
69,121469,,False
69,121470,,False
69,121483,,False
69,121490,,False
69,121491,,False
69,121499,,False
69,121511,,False
69,121521,,False
69,121522,,False
69,121525,,False
69,121533,,False
69,121536,,False
69,121539,,False
69,121543,,False
69,121546,,False
69,121549,,False
69,121565,,False
69,121569,,False
69,121599,,False
69,121605,,False
69,121613,,False
69,121615,,False
69,121616,,False
69,121619,,False
69,121622,,False
69,121629,,False
69,121635,,False
69,121652,,False
69,121664,,False
69,121678,,False
69,121679,,False
69,121684,,False
69,121685,,False
69,121692,,False
69,121697,,False
69,121700,,False
69,121706,,False
69,121713,,False
69,121718,,False
69,121721,,False
69,121737,,False
69,121748,,False
69,121750,,False
69,121763,,False
69,121766,,False
69,121772,,False
69,121782,,False
69,121805,,False
69,121808,,False
69,121811,,False
69,121820,,False
69,121821,,False
69,121835,,False
69,121837,,False
69,121841,,False
69,121852,,False
69,121854,,False
69,121857,,False
69,121859,,False
69,121880,,False
69,121889,,False
69,121922,,False
69,121931,,False
69,121958,,False
69,121980,,False
69,121984,,False
69,121991,,False
69,122004,,False
69,122011,,False
69,122013,,False
69,122023,,False
69,122028,,False
69,122037,,False
69,122046,,False
69,122070,,False
69,122088,,False
69,122092,,False
69,122120,,False
69,122122,,False
69,122132,,False
69,122136,,False
69,122138,,False
69,122149,,False
69,122151,,False
69,122152,,False
69,122168,,False
69,122197,,False
69,122199,,False
69,122202,,False
69,122217,,False
69,122226,,False
69,122241,,False
69,122250,,False
69,122260,,False
69,122262,,False
69,122280,,False
69,122284,,False
69,122294,,False
69,122310,,False
69,122313,,False
69,122321,,False
69,122333,,False
69,122345,,False
69,122349,,False
69,122358,,False
69,122369,,False
69,122385,,False
69,122390,,False
69,122391,,False
69,122397,,False
69,122407,,False
69,122429,,False
69,122432,,False
69,122440,,False
69,122442,,False
69,122447,,False
69,122468,,False
69,122476,,False
69,122478,,False
69,122479,,False
69,122487,,False
69,122494,,False
69,122496,,False
69,122498,,False
69,122504,,False
69,122531,,False
69,122535,,False
69,122539,,False
69,122540,,False
69,122546,,False
69,122555,,False
69,122559,,False
69,122564,,False
69,122577,,False
69,122587,,False
69,122607,,False
69,122609,,False
69,122612,,False
69,122616,,False
69,122627,,False
69,122633,,False
69,122648,,False
69,122658,,False
69,122673,,False
69,122675,,False
69,122689,,False
69,122696,,False
69,122732,,False
69,122737,,False
69,122740,,False
69,122744,,False
69,122746,,False
69,122761,,False
69,122773,,False
69,122775,,False
69,122787,,False
69,122806,,False
69,122807,,False
69,122818,,False
69,122837,,False
69,122840,,False
69,122844,,False
69,122845,,False
69,122848,,False
69,122852,,False
69,122853,,False
69,122860,,False
69,122880,,False
69,122916,,False
69,122923,,False
69,122928,,False
69,122939,,False
69,122949,,False
69,122952,,False
69,122960,,False
69,122991,,False
69,123001,,False
69,123005,,False
69,123008,,False
69,123011,,False
69,123012,,False
69,123025,,False
69,123038,,False
69,123044,,False
69,123056,,False
69,123072,,False
69,123075,,False
69,123079,,False
69,123082,,False
69,123087,,False
69,123092,,False
69,123093,,False
69,123094,,False
69,123103,,False
69,123106,,False
69,123121,,False
69,123122,,False
69,123123,,False
69,123128,,False
69,123130,,False
69,123131,,False
69,123144,,False
69,123146,,False
69,123153,,False
69,123155,,False
69,123156,,False
69,123161,,False
69,123178,,False
69,123192,,False
69,123214,,False
69,123216,,False
69,123217,,False
69,123219,,False
69,123234,,False
69,123241,,False
69,123251,,False
69,123279,,False
69,123283,,False
69,123320,,False
69,123328,,False
69,123334,,False
69,123344,,False
69,123347,,False
69,123366,,False
69,123374,,False
69,123384,,False
69,123398,,False
69,123406,,False
69,123422,,False
69,123440,,False
69,123447,,False
69,123453,,False
69,123461,,False
69,123462,,False
69,123468,,False
69,123469,,False
69,123492,,False
69,123498,,False
69,123499,,False
69,123513,,False
69,123515,,False
69,123517,,False
69,123537,,False
69,123540,,False
69,123541,,False
69,123543,,False
69,123549,,False
69,123552,,False
69,123554,,False
69,123566,,False
69,123574,,False
69,123586,,False
69,123593,,False
69,123598,,False
69,123601,,False
69,123602,,False
69,123604,,False
69,123608,,False
69,123609,,False
69,123612,,False
69,123619,,False
69,123620,,False
69,123621,,False
69,123632,,False
69,123634,,False
69,123641,,False
69,123653,,False
69,123663,,False
69,123666,,False
69,123682,,False
69,123690,,False
69,123692,,False
69,123700,,False
69,123705,,False
69,123706,,False
69,123708,,False
69,123709,,False
69,123726,,False
69,123731,,False
69,123733,,False
69,123739,,False
69,123746,,False
69,123750,,False
69,123754,,False
69,123774,,False
69,123780,,False
69,123785,,False
69,123789,,False
69,123792,,False
69,123804,,False
69,123811,,False
69,123812,,False
69,123822,,False
69,123837,,False
69,123841,,False
69,123854,,False
69,123859,,False
69,123870,,False
69,123873,,False
69,123876,,False
69,123883,,False
69,123888,,False
69,123891,,False
69,123895,,False
69,123903,,False
69,123906,,False
69,123913,,False
69,123915,,False
69,123918,,False
69,123943,,False
69,123948,,False
69,123951,,False
69,123965,,False
69,123966,,False
69,123967,,False
69,123971,,False
69,123982,,False
69,123991,,False
69,124001,,False
69,124007,,False
69,124010,,False
69,124017,,False
69,124020,,False
69,124024,,False
69,124033,,False
69,124038,,False
69,124050,,False
69,124057,,False
69,124064,,False
69,124078,,False
69,124098,,False
69,124111,,False
69,124139,,False
69,124140,,False
69,124147,,False
69,124158,,False
69,124161,,False
69,124166,,False
69,124169,,False
69,124170,,False
69,124175,,False
69,124184,,False
69,124190,,False
69,124193,,False
69,124230,,False
69,124260,,False
69,124262,,False
69,124263,,False
69,124271,,False
69,124282,,False
69,124284,,False
69,124298,,False
69,124303,,False
69,124314,,False
69,124315,,False
69,124328,,False
69,124332,,False
69,124334,,False
69,124359,,False
69,124375,,False
69,124381,,False
69,124388,,False
69,124401,,False
69,124406,,False
69,124412,,False
69,124420,,False
69,124422,,False
69,124424,,False
69,124429,,False
69,124444,,False
69,124446,,False
69,124448,,False
69,124460,,False
69,124474,,False
69,124478,,False
69,124495,,False
69,124498,,False
69,124500,,False
69,124505,,False
69,124516,,False
69,124520,,False
69,124521,,False
69,124555,,False
69,124560,,False
69,124564,,False
69,124580,,False
69,124584,,False
69,124586,,False
69,124595,,False
69,124605,,False
69,124608,,False
69,124615,,False
69,124617,,False
69,124624,,False
69,124627,,False
69,124629,,False
69,124638,,False
69,124657,,False
69,124658,,False
69,124672,,False
69,124673,,False
69,124693,,False
69,124702,,False
69,124727,,False
69,124730,,False
69,124732,,False
69,124734,,False
69,124737,,False
69,124752,,False
69,124771,,False
69,124776,,False
69,124778,,False
69,124780,,False
69,124785,,False
69,124792,,False
69,124797,,False
69,124805,,False
69,124821,,False
69,124828,,False
69,124829,,False
69,124840,,False
69,124847,,False
69,124856,,False
69,124874,,False
69,124875,,False
69,124884,,False
69,124885,,False
69,124921,,False
69,124937,,False
69,124938,,False
69,124947,,False
69,124948,,False
69,124951,,False
69,124968,,False
69,124969,,False
69,124979,,False
69,124980,,False
69,124983,,False
69,124991,,False
69,124994,,False
69,125003,,False
69,125007,,False
69,125009,,False
69,125013,,False
69,125014,,False
69,125017,,False
69,125020,,False
69,125027,,False
69,125028,,False
69,125031,,False
69,125035,,False
69,125042,,False
69,125047,,False
69,125050,,False
69,125067,,False
69,125070,,False
69,125082,,False
69,125088,,False
69,125092,,False
69,125117,,False
69,125142,,False
69,125179,,False
69,125190,,False
69,125195,,False
69,125204,,False
69,125214,,False
69,125223,,False
69,125228,,False
69,125231,,False
69,125233,,False
69,125238,,False
69,125258,,False
69,125261,,False
69,125280,,False
69,125287,,False
69,125291,,False
69,125294,,False
69,125297,,False
69,125310,,False
69,125316,,False
69,125318,,False
69,125326,,False
69,125328,,False
69,125334,,False
69,125346,,False
69,125363,,False
69,125367,,False
69,125389,,False
69,125390,,False
69,125393,,False
69,125425,,False
69,125440,,False
69,125452,,False
69,125453,,False
69,125461,,False
69,125464,,False
69,125465,,False
69,125482,,False
69,125503,,False
69,125513,,False
69,125518,,False
69,125519,,False
69,125530,,False
69,125535,,False
69,125556,,False
69,125560,,False
69,125573,,False
69,125585,,False
69,125586,,False
69,125592,,False
69,125605,,False
69,125609,,False
69,125610,,False
69,125640,,False
69,125672,,False
69,125677,,False
69,125695,,False
69,125701,,False
69,125708,,False
69,125714,,False
69,125722,,False
69,125724,,False
69,125735,,False
69,125736,,False
69,125741,,False
69,125747,,False
69,125757,,False
69,125768,,False
69,125775,,False
69,125780,,False
69,125794,,False
69,125799,,False
69,125817,,False
69,125818,,False
69,125827,,False
69,125840,,False
69,125844,,False
69,125856,,False
69,125857,,False
69,125863,,False
69,125872,,False
69,125882,,False
69,125883,,False
69,125888,,False
69,125889,,False
69,125894,,False
69,125897,,False
69,125904,,False
69,125906,,False
69,125907,,False
69,125917,,False
69,125926,,False
69,125928,,False
69,125930,,False
69,125946,,False
69,125956,,False
69,125971,,False
69,125984,,False
69,125988,,False
69,125990,,False
69,125994,,False
69,126002,,False
69,126008,,False
69,126014,,False
69,126025,,False
69,126028,,False
69,126040,,False
69,126051,,False
69,126058,,False
69,126059,,False
69,126061,,False
69,126075,,False
69,126077,,False
69,126095,,False
69,126098,,False
69,126100,,False
69,126113,,False
69,126115,,False
69,126120,,False
69,126125,,False
69,126126,,False
69,126128,,False
69,126129,,False
69,126142,,False
69,126146,,False
69,126190,,False
69,126196,,False
69,126202,,False
69,126203,,False
69,126214,,False
69,126221,,False
69,126227,,False
69,126234,,False
69,126249,,False
69,126250,,False
69,126265,,False
69,126299,,False
69,126317,,False
69,126320,,False
69,126322,,False
69,126344,,False
69,126353,,False
69,126358,,False
69,126363,,False
69,126365,,False
69,126372,,False
69,126373,,False
69,126384,,False
69,126387,,False
69,126388,,False
69,126393,,False
69,126396,,False
69,126415,,False
69,126416,,False
69,126421,,False
69,126429,,False
69,126432,,False
69,126435,,False
69,126440,,False
69,126443,,False
69,126449,,False
69,126464,,False
69,126469,,False
69,126476,,False
69,126477,,False
69,126482,,False
69,126494,,False
69,126499,,False
69,126510,,False
69,126520,,False
69,126530,,False
69,126541,,False
69,126544,,False
69,126548,,False
69,126550,,False
69,126552,,False
69,126578,,False
69,126593,,False
69,126601,,False
69,126606,,False
69,126613,,False
69,126630,,False
69,126633,,False
69,126641,,False
69,126644,,False
69,126655,,False
69,126659,,False
69,126666,,False
69,126668,,False
69,126683,,False
69,126684,,False
69,126692,,False
69,126698,,False
69,126714,,False
69,126721,,False
69,126738,,False
69,126744,,False
69,126749,,False
69,126752,,False
69,126754,,False
69,126762,,False
69,126773,,False
69,126789,,False
69,126794,,False
69,126795,,False
69,126798,,False
69,126803,,False
69,126807,,False
69,126808,,False
69,126816,,False
69,126819,,False
69,126824,,False
69,126827,,False
69,126829,,False
69,126844,,False
69,126849,,False
69,126850,,False
69,126872,,False
69,126879,,False
69,126894,,False
69,126899,,False
69,126902,,False
69,126904,,False
69,126914,,False
69,126916,,False
69,126919,,False
69,126922,,False
69,126934,,False
69,126940,,False
69,126954,,False
69,126971,,False
69,126973,,False
69,126980,,False
69,127009,,False
69,127016,,False
69,127022,,False
69,127034,,False
69,127038,,False
69,127039,,False
69,127041,,False
69,127048,,False
69,127050,,False
69,127053,,False
69,127057,,False
69,127059,,False
69,127066,,False
69,127078,,False
69,127084,,False
69,127110,,False
69,127116,,False
69,127117,,False
69,127118,,False
69,127121,,False
69,127123,,False
69,127129,,False
69,127138,,False
69,127147,,False
69,127151,,False
69,127159,,False
69,127172,,False
69,127174,,False
69,127194,,False
69,127210,,False
69,127219,,False
69,127221,,False
69,127227,,False
69,127230,,False
69,127263,,False
69,127268,,False
69,127280,,False
69,127288,,False
69,127295,,False
69,127321,,False
69,127322,,False
69,127330,,False
69,127338,,False
69,127339,,False
69,127350,,False
69,127351,,False
69,127352,,False
69,127355,,False
69,127357,,False
69,127362,,False
69,127365,,False
69,127368,,False
69,127378,,False
69,127380,,False
69,127384,,False
69,127386,,False
69,127392,,False
69,127411,,False
69,127417,,False
69,127419,,False
69,127422,,False
69,127439,,False
69,127446,,False
69,127451,,False
69,127462,,False
69,127469,,False
69,127479,,False
69,127486,,False
69,127490,,False
69,127493,,False
69,127494,,False
69,127496,,False
69,127503,,False
69,127506,,False
69,127513,,False
69,127521,,False
69,127524,,False
69,127525,,False
69,127529,,False
69,127535,,False
69,127546,,False
69,127552,,False
69,127556,,False
69,127562,,False
69,127564,,False
69,127580,,False
69,127582,,False
69,127589,,False
69,127599,,False
69,127621,,False
69,127622,,False
69,127637,,False
69,127642,,False
69,127645,,False
69,127658,,False
69,127659,,False
69,127674,,False
69,127680,,False
69,127690,,False
69,127695,,False
69,127696,,False
69,127700,,False
69,127704,,False
69,127707,,False
69,127710,,False
69,127714,,False
69,127717,,False
69,127725,,False
69,127727,,False
69,127730,,False
69,127746,,False
69,127751,,False
69,127752,,False
69,127755,,False
69,127760,,False
69,127766,,False
69,127767,,False
69,127773,,False
69,127784,,False
69,127803,,False
69,127808,,False
69,127821,,False
69,127828,,False
69,127865,,False
69,127868,,False
69,127873,,False
69,127878,,False
69,127879,,False
69,127882,,False
69,127883,,False
69,127890,,False
69,127895,,False
69,127898,,False
69,127908,,False
69,127930,,False
69,127956,,False
69,127970,,False
69,127982,,False
69,127996,,False
69,127999,,False
69,128000,,False
69,128009,,False
69,128017,,False
69,128019,,False
69,128029,,False
69,128033,,False
69,128038,,False
69,128041,,False
69,128042,,False
69,128055,,False
69,128059,,False
69,128070,,False
69,128078,,False
69,128079,,False
69,128082,,False
69,128083,,False
69,128094,,False
69,128098,,False
69,128131,,False
69,128146,,False
69,128148,,False
69,128176,,False
69,128180,,False
69,128182,,False
69,128183,,False
69,128191,,False
69,128204,,False
69,128220,,False
69,128239,,False
69,128240,,False
69,128250,,False
69,128252,,False
69,128255,,False
69,128261,,False
69,128267,,False
69,128280,,False
69,128285,,False
69,128294,,False
69,128295,,False
69,128296,,False
69,128302,,False
69,128303,,False
69,128306,,False
69,128312,,False
69,128318,,False
69,128320,,False
69,128328,,False
69,128334,,False
69,128350,,False
69,128356,,False
69,128357,,False
69,128359,,False
69,128363,,False
69,128365,,False
69,128369,,False
69,128372,,False
69,128374,,False
69,128375,,False
69,128378,,False
69,128392,,False
69,128393,,False
69,128394,,False
69,128399,,False
69,128409,,False
69,128413,,False
69,128416,,False
69,128421,,False
69,128425,,False
69,128443,,False
69,128444,,False
69,128466,,False
69,128471,,False
69,128485,,False
69,128486,,False
69,128490,,False
69,128496,,False
69,128508,,False
69,128516,,False
69,128520,,False
69,128523,,False
69,128541,,False
69,128560,,False
69,128579,,False
69,128580,,False
69,128588,,False
69,128591,,False
69,128598,,False
69,128605,,False
69,128639,,False
69,128656,,False
69,128660,,False
69,128673,,False
69,128682,,False
69,128709,,False
69,128717,,False
69,128753,,False
69,128754,,False
69,128758,,False
69,128774,,False
69,128777,,False
69,128780,,False
69,128800,,False
69,128802,,False
69,128814,,False
69,128827,,False
69,128829,,False
69,128831,,False
69,128832,,False
69,128836,,False
69,128837,,False
69,128839,,False
69,128852,,False
69,128858,,False
69,128861,,False
69,128865,,False
69,128876,,False
69,128877,,False
69,128892,,False
69,128893,,False
69,128902,,False
69,128917,,False
69,128939,,False
69,128949,,False
69,128951,,False
69,128971,,False
69,128977,,False
69,128987,,False
69,128990,,False
69,129006,,False
69,129007,,False
69,129045,,False
69,129047,,False
69,129048,,False
69,129050,,False
69,129067,,False
69,129077,,False
69,129085,,False
69,129087,,False
69,129090,,False
69,129096,,False
69,129109,,False
69,129133,,False
69,129149,,False
69,129152,,False
69,129156,,False
69,129172,,False
69,129176,,False
69,129190,,False
69,129194,,False
69,129200,,False
69,129212,,False
69,129238,,False
69,129240,,False
69,129241,,False
69,129243,,False
69,129245,,False
69,129260,,False
69,129268,,False
69,129282,,False
69,129293,,False
69,129297,,False
69,129300,,False
69,129301,,False
69,129319,,False
69,129324,,False
69,129329,,False
69,129330,,False
69,129331,,False
69,129337,,False
69,129344,,False
69,129345,,False
69,129346,,False
69,129350,,False
69,129354,,False
69,129364,,False
69,129366,,False
69,129368,,False
69,129377,,False
69,129378,,False
69,129420,,False
69,129429,,False
69,129431,,False
69,129432,,False
69,129465,,False
69,129470,,False
69,129476,,False
69,129477,,False
69,129497,,False
69,129506,,False
69,129514,,False
69,129516,,False
69,129518,,False
69,129539,,False
69,129552,,False
69,129562,,False
69,129564,,False
69,129573,,False
69,129583,,False
69,129588,,False
69,129592,,False
69,129605,,False
69,129612,,False
69,129620,,False
69,129625,,False
69,129637,,False
69,129638,,False
69,129654,,False
69,129658,,False
69,129660,,False
69,129663,,False
69,129679,,False
69,129690,,False
69,129698,,False
69,129700,,False
69,129703,,False
69,129704,,False
69,129708,,False
69,129711,,False
69,129714,,False
69,129717,,False
69,129736,,False
69,129737,,False
69,129738,,False
69,129744,,False
69,129745,,False
69,129746,,False
69,129754,,False
69,129755,,False
69,129758,,False
69,129762,,False
69,129783,,False
69,129790,,False
69,129797,,False
69,129806,,False
69,129820,,False
69,129823,,False
69,129846,,False
69,129849,,False
69,129850,,False
69,129856,,False
69,129859,,False
69,129860,,False
69,129865,,False
69,129872,,False
69,129877,,False
69,129878,,False
69,129885,,False
69,129886,,False
69,129894,,False
69,129902,,False
69,129910,,False
69,129916,,False
69,129926,,False
69,129936,,False
69,129940,,False
69,129944,,False
69,129946,,False
69,129947,,False
69,129955,,False
69,129960,,False
69,129967,,False
69,129979,,False
69,130007,,False
69,130008,,False
69,130010,,False
69,130014,,False
69,130030,,False
69,130037,,False
69,130043,,False
69,130056,,False
69,130057,,False
69,130067,,False
69,130069,,False
69,130074,,False
69,130078,,False
69,130085,,False
69,130094,,False
69,130109,,False
69,130117,,False
69,130123,,False
69,130124,,False
69,130126,,False
69,130129,,False
69,130134,,False
69,130151,,False
69,130152,,False
69,130153,,False
69,130157,,False
69,130161,,False
69,130162,,False
69,130180,,False
69,130182,,False
69,130185,,False
69,130195,,False
69,130199,,False
69,130216,,False
69,130226,,False
69,130229,,False
69,130250,,False
69,130255,,False
69,130263,,False
69,130267,,False
69,130274,,False
69,130288,,False
69,130289,,False
69,130310,,False
69,130313,,False
69,130323,,False
69,130326,,False
69,130329,,False
69,130340,,False
69,130352,,False
69,130354,,False
69,130357,,False
69,130359,,False
69,130367,,False
69,130368,,False
69,130375,,False
69,130385,,False
69,130396,,False
69,130440,,False
69,130442,,False
69,130443,,False
69,130448,,False
69,130457,,False
69,130458,,False
69,130468,,False
69,130469,,False
69,130470,,False
69,130472,,False
69,130474,,False
69,130484,,False
69,130487,,False
69,130490,,False
69,130498,,False
69,130499,,False
69,130506,,False
69,130508,,False
69,130511,,False
69,130515,,False
69,130522,,False
69,130523,,False
69,130535,,False
69,130538,,False
69,130548,,False
69,130550,,False
69,130551,,False
69,130561,,False
69,130569,,False
69,130579,,False
69,130584,,False
69,130598,,False
69,130601,,False
69,130618,,False
69,130631,,False
69,130636,,False
69,130639,,False
69,130644,,False
69,130651,,False
69,130653,,False
69,130655,,False
69,130658,,False
69,130659,,False
69,130665,,False
69,130666,,False
69,130679,,False
69,130680,,False
69,130689,,False
69,130701,,False
69,130715,,False
69,130720,,False
69,130727,,False
69,130743,,False
69,130772,,False
69,130775,,False
69,130776,,False
69,130777,,False
69,130792,,False
69,130794,,False
69,130800,,False
69,130804,,False
69,130808,,False
69,130815,,False
69,130819,,False
69,130824,,False
69,130838,,False
69,130857,,False
69,130858,,False
69,130867,,False
69,130868,,False
69,130873,,False
69,130881,,False
69,130882,,False
69,130887,,False
69,130913,,False
69,130914,,False
69,130923,,False
69,130924,,False
69,130936,,False
69,130942,,False
69,130943,,False
69,130961,,False
69,130970,,False
69,130972,,False
69,130984,,False
69,130986,,False
69,130993,,False
69,131002,,False
69,131003,,False
69,131009,,False
69,131011,,False
69,131017,,False
69,131035,,False
69,131042,,False
69,131045,,False
69,131047,,False
69,131050,,False
69,131057,,False
69,131059,,False
69,131060,,False
69,131078,,False
69,131109,,False
69,131110,,False
69,131113,,False
69,131117,,False
69,131126,,False
69,131133,,False
69,131140,,False
69,131147,,False
69,131164,,False
69,131167,,False
69,131168,,False
69,131171,,False
69,131176,,False
69,131199,,False
69,131218,,False
69,131220,,False
69,131226,,False
69,131238,,False
69,131248,,False
69,131260,,False
69,131289,,False
69,131293,,False
69,131294,,False
69,131309,,False
69,131319,,False
69,131323,,False
69,131325,,False
69,131335,,False
69,131339,,False
69,131341,,False
69,131343,,False
69,131347,,False
69,131353,,False
69,131358,,False
69,131362,,False
69,131373,,False
69,131391,,False
69,131402,,False
69,131404,,False
69,131411,,False
69,131422,,False
69,131428,,False
69,131430,,False
69,131438,,False
69,131439,,False
69,131443,,False
69,131448,,False
69,131449,,False
69,131457,,False
69,131460,,False
69,131462,,False
69,131482,,False
69,131501,,False
69,131505,,False
69,131523,,False
69,131529,,False
69,131534,,False
69,131549,,False
69,131556,,False
69,131561,,False
69,131576,,False
69,131586,,False
69,131596,,False
69,131618,,False
69,131629,,False
69,131659,,False
69,131663,,False
69,131666,,False
69,131667,,False
69,131669,,False
69,131698,,False
69,131701,,False
69,131716,,False
69,131744,,False
69,131759,,False
69,131764,,False
69,131770,,False
69,131799,,False
69,131805,,False
69,131812,,False
69,131818,,False
69,131821,,False
69,131824,,False
69,131833,,False
69,131834,,False
69,131838,,False
69,131841,,False
69,131876,,False
69,131878,,False
69,131879,,False
69,131884,,False
69,131898,,False
69,131902,,False
69,131907,,False
69,131911,,False
69,131916,,False
69,131923,,False
69,131926,,False
69,131932,,False
69,131938,,False
69,131946,,False
69,131949,,False
69,131957,,False
69,131979,,False
69,131987,,False
69,131995,,False
69,132000,,False
69,132001,,False
69,132015,,False
69,132017,,False
69,132020,,False
69,132025,,False
69,132026,,False
69,132047,,False
69,132059,,False
69,132063,,False
69,132080,,False
69,132082,,False
69,132083,,False
69,132084,,False
69,132101,,False
69,132105,,False
69,132121,,False
69,132123,,False
69,132143,,False
69,132146,,False
69,132153,,False
69,132176,,False
69,132188,,False
69,132196,,False
69,132215,,False
69,132222,,False
69,132234,,False
69,132242,,False
69,132245,,False
69,132252,,False
69,132254,,False
69,132256,,False
69,132265,,False
69,132269,,False
69,132270,,False
69,132279,,False
69,132283,,False
69,132297,,False
69,132299,,False
69,132323,,False
69,132332,,False
69,132336,,False
69,132337,,False
69,132340,,False
69,132342,,False
69,132352,,False
69,132362,,False
69,132372,,False
69,132387,,False
69,132388,,False
69,132393,,False
69,132397,,False
69,132400,,False
69,132406,,False
69,132413,,False
69,132414,,False
69,132432,,False
69,132449,,False
69,132456,,False
69,132465,,False
69,132483,,False
69,132489,,False
69,132495,,False
69,132499,,False
69,132518,,False
69,132521,,False
69,132539,,False
69,132540,,False
69,132541,,False
69,132542,,False
69,132546,,False
69,132564,,False
69,132586,,False
69,132588,,False
69,132591,,False
69,132594,,False
69,132595,,False
69,132596,,False
69,132598,,False
69,132601,,False
69,132604,,False
69,132615,,False
69,132621,,False
69,132622,,False
69,132625,,False
69,132627,,False
69,132638,,False
69,132647,,False
69,132653,,False
69,132656,,False
69,132670,,False
69,132710,,False
69,132721,,False
69,132733,,False
69,132740,,False
69,132753,,False
69,132756,,False
69,132761,,False
69,132762,,False
69,132791,,False
69,132793,,False
69,132799,,False
69,132800,,False
69,132807,,False
69,132812,,False
69,132835,,False
69,132850,,False
69,132854,,False
69,132856,,False
69,132875,,False
69,132885,,False
69,132894,,False
69,132898,,False
69,132911,,False
69,132912,,False
69,132916,,False
69,132921,,False
69,132923,,False
69,132943,,False
69,132945,,False
69,132948,,False
69,132962,,False
69,132979,,False
69,132994,,False
69,133000,,False
69,133005,,False
69,133010,,False
69,133025,,False
69,133026,,False
69,133040,,False
69,133045,,False
69,133047,,False
69,133073,,False
69,133076,,False
69,133084,,False
69,133088,,False
69,133089,,False
69,133122,,False
69,133123,,False
69,133127,,False
69,133137,,False
69,133149,,False
69,133153,,False
69,133162,,False
69,133189,,False
69,133194,,False
69,133228,,False
69,133254,,False
69,133272,,False
69,133277,,False
69,133287,,False
69,133290,,False
69,133295,,False
69,133298,,False
69,133300,,False
69,133312,,False
69,133314,,False
69,133315,,False
69,133345,,False
69,133357,,False
69,133361,,False
69,133363,,False
69,133413,,False
69,133417,,False
69,133421,,False
69,133439,,False
69,133468,,False
69,133487,,False
69,133497,,False
69,133528,,False
69,133532,,False
69,133540,,False
69,133541,,False
69,133545,,False
69,133556,,False
69,133561,,False
69,133571,,False
69,133578,,False
69,133583,,False
69,133595,,False
69,133599,,False
69,133602,,False
69,133612,,False
69,133620,,False
69,133624,,False
69,133627,,False
69,133635,,False
69,133638,,False
69,133641,,False
69,133651,,False
69,133652,,False
69,133661,,False
69,133663,,False
69,133681,,False
69,133693,,False
69,133714,,False
69,133718,,False
69,133724,,False
69,133734,,False
69,133736,,False
69,133738,,False
69,133753,,False
69,133758,,False
69,133765,,False
69,133769,,False
69,133775,,False
69,133782,,False
69,133783,,False
69,133784,,False
69,133786,,False
69,133798,,False
69,133799,,False
69,133800,,False
69,133801,,False
69,133803,,False
69,133812,,False
69,133837,,False
69,133838,,False
69,133843,,False
69,133849,,False
69,133856,,False
69,133870,,False
69,133882,,False
69,133883,,False
69,133892,,False
69,133893,,False
69,133899,,False
69,133904,,False
69,133905,,False
69,133913,,False
69,133922,,False
69,133924,,False
69,133925,,False
69,133935,,False
69,133950,,False
69,133952,,False
69,133964,,False
69,133988,,False
69,133998,,False
69,134000,,False
69,134018,,False
69,134021,,False
69,134025,,False
69,134032,,False
69,134037,,False
69,134055,,False
69,134057,,False
69,134062,,False
69,134065,,False
69,134075,,False
69,134087,,False
69,134088,,False
69,134119,,False
69,134133,,False
69,134137,,False
69,134141,,False
69,134154,,False
69,134167,,False
69,134179,,False
69,134182,,False
69,134189,,False
69,134194,,False
69,134208,,False
69,134216,,False
69,134217,,False
69,134222,,False
69,134223,,False
69,134235,,False
69,134241,,False
69,134249,,False
69,134250,,False
69,134253,,False
69,134258,,False
69,134264,,False
69,134282,,False
69,134296,,False
69,134314,,False
69,134320,,False
69,134327,,False
69,134329,,False
69,134332,,False
69,134337,,False
69,134342,,False
69,134343,,False
69,134360,,False
69,134376,,False
69,134382,,False
69,134387,,False
69,134399,,False
69,134402,,False
69,134412,,False
69,134415,,False
69,134428,,False
69,134436,,False
69,134441,,False
69,134455,,False
69,134457,,False
69,134459,,False
69,134463,,False
69,134474,,False
69,134503,,False
69,134508,,False
69,134511,,False
69,134514,,False
69,134515,,False
69,134517,,False
69,134518,,False
69,134521,,False
69,134546,,False
69,134547,,False
69,134552,,False
69,134554,,False
69,134567,,False
69,134568,,False
69,134572,,False
69,134574,,False
69,134594,,False
69,134595,,False
69,134602,,False
69,134603,,False
69,134609,,False
69,134628,,False
69,134633,,False
69,134634,,False
69,134641,,False
69,134684,,False
69,134690,,False
69,134698,,False
69,134703,,False
69,134706,,False
69,134737,,False
69,134748,,False
69,134749,,False
69,134764,,False
69,134770,,False
69,134772,,False
69,134776,,False
69,134778,,False
69,134787,,False
69,134791,,False
69,134792,,False
69,134795,,False
69,134799,,False
69,134814,,False
69,134827,,False
69,134836,,False
69,134845,,False
69,134852,,False
69,134871,,False
69,134873,,False
69,134888,,False
69,134926,,False
69,134929,,False
69,134932,,False
69,134933,,False
69,134940,,False
69,134943,,False
69,134950,,False
69,134956,,False
69,134962,,False
69,134968,,False
69,134972,,False
69,134974,,False
69,134981,,False
69,134994,,False
69,135006,,False
69,135016,,False
69,135017,,False
69,135019,,False
69,135023,,False
69,135027,,False
69,135034,,False
69,135055,,False
69,135056,,False
69,135066,,False
69,135080,,False
69,135081,,False
69,135087,,False
69,135093,,False
69,135094,,False
69,135105,,False
69,135110,,False
69,135112,,False
69,135131,,False
69,135132,,False
69,135139,,False
69,135141,,False
69,135142,,False
69,135150,,False
69,135153,,False
69,135176,,False
69,135178,,False
69,135188,,False
69,135190,,False
69,135195,,False
69,135202,,False
69,135203,,False
69,135207,,False
69,135231,,False
69,135237,,False
69,135246,,False
69,135249,,False
69,135254,,False
69,135265,,False
69,135282,,False
69,135298,,False
69,135327,,False
69,135336,,False
69,135340,,False
69,135355,,False
69,135356,,False
69,135368,,False
69,135371,,False
69,135372,,False
69,135378,,False
69,135381,,False
69,135382,,False
69,135387,,False
69,135399,,False
69,135406,,False
69,135451,,False
69,135455,,False
69,135462,,False
69,135465,,False
69,135474,,False
69,135478,,False
69,135481,,False
69,135485,,False
69,135496,,False
69,135498,,False
69,135502,,False
69,135507,,False
69,135512,,False
69,135513,,False
69,135514,,False
69,135549,,False
69,135552,,False
69,135561,,False
69,135571,,False
69,135572,,False
69,135573,,False
69,135583,,False
69,135584,,False
69,135587,,False
69,135593,,False
69,135599,,False
69,135613,,False
69,135618,,False
69,135619,,False
69,135622,,False
69,135643,,False
69,135645,,False
69,135648,,False
69,135656,,False
69,135683,,False
69,135690,,False
69,135691,,False
69,135693,,False
69,135712,,False
69,135715,,False
69,135726,,False
69,135735,,False
69,135740,,False
69,135746,,False
69,135748,,False
69,135760,,False
69,135769,,False
69,135806,,False
69,135831,,False
69,135835,,False
69,135838,,False
69,135859,,False
69,135868,,False
69,135870,,False
69,135872,,False
69,135883,,False
69,135888,,False
69,135894,,False
69,135899,,False
69,135903,,False
69,135904,,False
69,135912,,False
69,135929,,False
69,135962,,False
69,135971,,False
69,135976,,False
69,135989,,False
69,135992,,False
69,135994,,False
69,135998,,False
69,136011,,False
69,136022,,False
69,136027,,False
69,136030,,False
69,136044,,False
69,136046,,False
69,136050,,False
69,136054,,False
69,136063,,False
69,136070,,False
69,136072,,False
69,136092,,False
69,136093,,False
69,136103,,False
69,136107,,False
69,136115,,False
69,136118,,False
69,136124,,False
69,136128,,False
69,136129,,False
69,136134,,False
69,136147,,False
69,136156,,False
69,136165,,False
69,136167,,False
69,136172,,False
69,136181,,False
69,136186,,False
69,136194,,False
69,136198,,False
69,136215,,False
69,136229,,False
69,136232,,False
69,136241,,False
69,136249,,False
69,136254,,False
69,136255,,False
69,136265,,False
69,136267,,False
69,136280,,False
69,136294,,False
69,136307,,False
69,136315,,False
69,136324,,False
69,136334,,False
69,136342,,False
69,136348,,False
69,136364,,False
69,136371,,False
69,136374,,False
69,136379,,False
69,136389,,False
69,136394,,False
69,136412,,False
69,136414,,False
69,136423,,False
69,136434,,False
69,136436,,False
69,136438,,False
69,136445,,False
69,136463,,False
69,136464,,False
69,136473,,False
69,136481,,False
69,136484,,False
69,136496,,False
69,136497,,False
69,136505,,False
69,136508,,False
69,136509,,False
69,136527,,False
69,136529,,False
69,136533,,False
69,136538,,False
69,136539,,False
69,136540,,False
69,136542,,False
69,136548,,False
69,136554,,False
69,136566,,False
69,136567,,False
69,136573,,False
69,136574,,False
69,136592,,False
69,136594,,False
69,136595,,False
69,136597,,False
69,136603,,False
69,136611,,False
69,136660,,False
69,136672,,False
69,136685,,False
69,136693,,False
69,136697,,False
69,136709,,False
69,136715,,False
69,136727,,False
69,136732,,False
69,136734,,False
69,136740,,False
69,136761,,False
69,136769,,False
69,136779,,False
69,136782,,False
69,136799,,False
69,136801,,False
69,136819,,False
69,136821,,False
69,136823,,False
69,136826,,False
69,136846,,False
69,136859,,False
69,136881,,False
69,136892,,False
69,136894,,False
69,136912,,False
69,136915,,False
69,136931,,False
69,136934,,False
69,136942,,False
69,136949,,False
69,136976,,False
69,136978,,False
69,136986,,False
69,136992,,False
69,137001,,False
69,137005,,False
69,137007,,False
69,137011,,False
69,137014,,False
69,137022,,False
69,137027,,False
69,137028,,False
69,137039,,False
69,137044,,False
69,137051,,False
69,137062,,False
69,137070,,False
69,137073,,False
69,137077,,False
69,137098,,False
69,137102,,False
69,137104,,False
69,137105,,False
69,137108,,False
69,137115,,False
69,137123,,False
69,137132,,False
69,137145,,False
69,137188,,False
69,137198,,False
69,137206,,False
69,137216,,False
69,137220,,False
69,137221,,False
69,137225,,False
69,137234,,False
69,137239,,False
69,137254,,False
69,137263,,False
69,137264,,False
69,137280,,False
69,137297,,False
69,137302,,False
69,137304,,False
69,137311,,False
69,137313,,False
69,137318,,False
69,137321,,False
69,137327,,False
69,137337,,False
69,137339,,False
69,137345,,False
69,137353,,False
69,137358,,False
69,137360,,False
69,137376,,False
69,137378,,False
69,137401,,False
69,137405,,False
69,137410,,False
69,137416,,False
69,137425,,False
69,137426,,False
69,137429,,False
69,137450,,False
69,137451,,False
69,137468,,False
69,137475,,False
69,137505,,False
69,137510,,False
69,137511,,False
69,137514,,False
69,137521,,False
69,137537,,False
69,137577,,False
69,137578,,False
69,137595,,False
69,137606,,False
69,137610,,False
69,137629,,False
69,137630,,False
69,137642,,False
69,137644,,False
69,137651,,False
69,137655,,False
69,137662,,False
69,137664,,False
69,137677,,False
69,137685,,False
69,137686,,False
69,137697,,False
69,137698,,False
69,137699,,False
69,137728,,False
69,137740,,False
69,137743,,False
69,137746,,False
69,137755,,False
69,137756,,False
69,137770,,False
69,137772,,False
69,137785,,False
69,137792,,False
69,137797,,False
69,137800,,False
69,137805,,False
69,137807,,False
69,137813,,False
69,137818,,False
69,137825,,False
69,137826,,False
69,137836,,False
69,137843,,False
69,137844,,False
69,137849,,False
69,137862,,False
69,137865,,False
69,137878,,False
69,137881,,False
69,137889,,False
69,137895,,False
69,137897,,False
69,137905,,False
69,137933,,False
69,137934,,False
69,137949,,False
69,137954,,False
69,137957,,False
69,137968,,False
69,137972,,False
69,137973,,False
69,137981,,False
69,137988,,False
69,138003,,False
69,138004,,False
69,138019,,False
69,138022,,False
69,138025,,False
69,138026,,False
69,138030,,False
69,138064,,False
69,138067,,False
69,138072,,False
69,138081,,False
69,138089,,False
69,138096,,False
69,138101,,False
69,138105,,False
69,138112,,False
69,138130,,False
69,138138,,False
69,138146,,False
69,138165,,False
69,138169,,False
69,138170,,False
69,138172,,False
69,138177,,False
69,138187,,False
69,138193,,False
69,138202,,False
69,138208,,False
69,138219,,False
69,138225,,False
69,138226,,False
69,138231,,False
69,138232,,False
69,138233,,False
69,138240,,False
69,138266,,False
69,138276,,False
69,138277,,False
69,138282,,False
69,138296,,False
69,138313,,False
69,138330,,False
69,138332,,False
69,138334,,False
69,138342,,False
69,138343,,False
69,138354,,False
69,138356,,False
69,138360,,False
69,138370,,False
69,138378,,False
69,138389,,False
69,138391,,False
69,138392,,False
69,138398,,False
69,138399,,False
69,138413,,False
69,138422,,False
69,138424,,False
69,138429,,False
69,138435,,False
69,138457,,False
69,138471,,False
69,138487,,False
69,138491,,False
69,138500,,False
69,138501,,False
69,138506,,False
69,138507,,False
69,138522,,False
69,138537,,False
69,138553,,False
69,138558,,False
69,138569,,False
69,138585,,False
69,138593,,False
69,138597,,False
69,138599,,False
69,138601,,False
69,138607,,False
69,138609,,False
69,138632,,False
69,138637,,False
69,138643,,False
69,138649,,False
69,138652,,False
69,138665,,False
69,138669,,False
69,138671,,False
69,138690,,False
69,138702,,False
69,138703,,False
69,138709,,False
69,138721,,False
69,138734,,False
69,138744,,False
69,138747,,False
69,138751,,False
69,138771,,False
69,138773,,False
69,138782,,False
69,138789,,False
69,138794,,False
69,138795,,False
69,138798,,False
69,138801,,False
69,138810,,False
69,138812,,False
69,138824,,False
69,138827,,False
69,138838,,False
69,138859,,False
69,138863,,False
69,138864,,False
69,138871,,False
69,138874,,False
69,138884,,False
69,138886,,False
69,138890,,False
69,138897,,False
69,138901,,False
69,138908,,False
69,138920,,False
69,138943,,False
69,138955,,False
69,138959,,False
69,138962,,False
69,138971,,False
69,138983,,False
69,138994,,False
69,138997,,False
69,139004,,False
69,139011,,False
69,139014,,False
69,139015,,False
69,139019,,False
69,139045,,False
69,139049,,False
69,139050,,False
69,139062,,False
69,139067,,False
69,139076,,False
69,139079,,False
69,139080,,False
69,139084,,False
69,139090,,False
69,139094,,False
69,139098,,False
69,139101,,False
69,139119,,False
69,139125,,False
69,139126,,False
69,139128,,False
69,139137,,False
69,139153,,False
69,139163,,False
69,139169,,False
69,139175,,False
69,139179,,False
69,139181,,False
69,139182,,False
69,139188,,False
69,139189,,False
69,139193,,False
69,139198,,False
69,139207,,False
69,139209,,False
69,139217,,False
69,139220,,False
69,139221,,False
69,139251,,False
69,139259,,False
69,139269,,False
69,139289,,False
69,139307,,False
69,139318,,False
69,139333,,False
69,139340,,False
69,139353,,False
69,139366,,False
69,139368,,False
69,139372,,False
69,139377,,False
69,139383,,False
69,139388,,False
69,139419,,False
69,139423,,False
69,139427,,False
69,139429,,False
69,139436,,False
69,139439,,False
69,139452,,False
69,139465,,False
69,139486,,False
69,139499,,False
69,139504,,False
69,139508,,False
69,139523,,False
69,139524,,False
69,139526,,False
69,139529,,False
69,139538,,False
69,139551,,False
69,139554,,False
69,139556,,False
69,139561,,False
69,139565,,False
69,139574,,False
69,139588,,False
69,139607,,False
69,139610,,False
69,139615,,False
69,139622,,False
69,139641,,False
69,139643,,False
69,139654,,False
69,139666,,False
69,139670,,False
69,139678,,False
69,139685,,False
69,139686,,False
69,139696,,False
69,139702,,False
69,139719,,False
69,139725,,False
69,139735,,False
69,139737,,False
69,139748,,False
69,139761,,False
69,139767,,False
69,139768,,False
69,139769,,False
69,139780,,False
69,139786,,False
69,139800,,False
69,139811,,False
69,139820,,False
69,139828,,False
69,139837,,False
69,139848,,False
69,139852,,False
69,139854,,False
69,139862,,False
69,139871,,False
69,139875,,False
69,139886,,False
69,139897,,False
69,139898,,False
69,139902,,False
69,139904,,False
69,139926,,False
69,139929,,False
69,139934,,False
69,139936,,False
69,139939,,False
69,139942,,False
69,139954,,False
69,139956,,False
69,139970,,False
69,139978,,False
69,139986,,False
69,140011,,False
69,140020,,False
69,140030,,False
69,140033,,False
69,140044,,False
69,140048,,False
69,140051,,False
69,140054,,False
69,140059,,False
69,140062,,False
69,140064,,False
69,140076,,False
69,140077,,False
69,140078,,False
69,140088,,False
69,140114,,False
69,140125,,False
69,140128,,False
69,140156,,False
69,140195,,False
69,140196,,False
69,140197,,False
69,140204,,False
69,140211,,False
69,140224,,False
69,140232,,False
69,140241,,False
69,140243,,False
69,140252,,False
69,140253,,False
69,140255,,False
69,140265,,False
69,140269,,False
69,140281,,False
69,140285,,False
69,140290,,False
69,140296,,False
69,140297,,False
69,140300,,False
69,140304,,False
69,140318,,False
69,140325,,False
69,140326,,False
69,140334,,False
69,140335,,False
69,140361,,False
69,140363,,False
69,140364,,False
69,140390,,False
69,140395,,False
69,140399,,False
69,140408,,False
69,140423,,False
69,140447,,False
69,140457,,False
69,140463,,False
69,140475,,False
69,140480,,False
69,140486,,False
69,140513,,False
69,140524,,False
69,140535,,False
69,140549,,False
69,140568,,False
69,140579,,False
69,140586,,False
69,140590,,False
69,140617,,False
69,140619,,False
69,140623,,False
69,140628,,False
69,140633,,False
69,140638,,False
69,140645,,False
69,140648,,False
69,140649,,False
69,140655,,False
69,140663,,False
69,140669,,False
69,140671,,False
69,140677,,False
69,140695,,False
69,140704,,False
69,140712,,False
69,140731,,False
69,140745,,False
69,140754,,False
69,140759,,False
69,140761,,False
69,140765,,False
69,140767,,False
69,140770,,False
69,140777,,False
69,140785,,False
69,140793,,False
69,140794,,False
69,140806,,False
69,140814,,False
69,140820,,False
69,140828,,False
69,140833,,False
69,140836,,False
69,140850,,False
69,140861,,False
69,140865,,False
69,140867,,False
69,140870,,False
69,140873,,False
69,140875,,False
69,140876,,False
69,140889,,False
69,140891,,False
69,140900,,False
69,140902,,False
69,140935,,False
69,140954,,False
69,140959,,False
69,140963,,False
69,140989,,False
69,140990,,False
69,140992,,False
69,141021,,False
69,141035,,False
69,141038,,False
69,141058,,False
69,141063,,False
69,141065,,False
69,141066,,False
69,141075,,False
69,141082,,False
69,141103,,False
69,141140,,False
69,141154,,False
69,141158,,False
69,141163,,False
69,141174,,False
69,141176,,False
69,141184,,False
69,141188,,False
69,141189,,False
69,141214,,False
69,141220,,False
69,141225,,False
69,141226,,False
69,141242,,False
69,141254,,False
69,141299,,False
69,141302,,False
69,141309,,False
69,141312,,False
69,141313,,False
69,141325,,False
69,141340,,False
69,141343,,False
69,141351,,False
69,141353,,False
69,141363,,False
69,141376,,False
69,141381,,False
69,141384,,False
69,141388,,False
69,141394,,False
69,141406,,False
69,141410,,False
69,141412,,False
69,141420,,False
69,141437,,False
69,141442,,False
69,141446,,False
69,141449,,False
69,141452,,False
69,141453,,False
69,141498,,False
69,141500,,False
69,141502,,False
69,141505,,False
69,141511,,False
69,141525,,False
69,141534,,False
69,141539,,False
69,141548,,False
69,141556,,False
69,141598,,False
69,141615,,False
69,141626,,False
69,141635,,False
69,141661,,False
69,141671,,False
69,141674,,False
69,141675,,False
69,141678,,False
69,141694,,False
69,141695,,False
69,141696,,False
69,141699,,False
69,141702,,False
69,141713,,False
69,141726,,False
69,141736,,False
69,141744,,False
69,141751,,False
69,141756,,False
69,141760,,False
69,141763,,False
69,141771,,False
69,141776,,False
69,141781,,False
69,141786,,False
69,141794,,False
69,141806,,False
69,141812,,False
69,141815,,False
69,141818,,False
69,141821,,False
69,141825,,False
69,141831,,False
69,141834,,False
69,141835,,False
69,141842,,False
69,141847,,False
69,141853,,False
69,141860,,False
69,141862,,False
69,141863,,False
69,141868,,False
69,141882,,False
69,141887,,False
69,141893,,False
69,141896,,False
69,141904,,False
69,141923,,False
69,141927,,False
69,141934,,False
69,141943,,False
69,141948,,False
69,141949,,False
69,141958,,False
69,141968,,False
69,141981,,False
69,142006,,False
69,142008,,False
69,142027,,False
69,142029,,False
69,142030,,False
69,142034,,False
69,142036,,False
69,142046,,False
69,142049,,False
69,142055,,False
69,142061,,False
69,142068,,False
69,142071,,False
69,142083,,False
69,142114,,False
69,142119,,False
69,142131,,False
69,142137,,False
69,142148,,False
69,142153,,False
69,142164,,False
69,142187,,False
69,142192,,False
69,142198,,False
69,142199,,False
69,142210,,False
69,142215,,False
69,142221,,False
69,142228,,False
69,142234,,False
69,142276,,False
69,142278,,False
69,142286,,False
69,142287,,False
69,142289,,False
69,142298,,False
69,142311,,False
69,142312,,False
69,142319,,False
69,142321,,False
69,142323,,False
69,142325,,False
69,142343,,False
69,142344,,False
69,142352,,False
69,142359,,False
69,142364,,False
69,142371,,False
69,142380,,False
69,142401,,False
69,142406,,False
69,142413,,False
69,142421,,False
69,142434,,False
69,142453,,False
69,142464,,False
69,142479,,False
69,142483,,False
69,142485,,False
69,142491,,False
69,142510,,False
69,142513,,False
69,142519,,False
69,142520,,False
69,142534,,False
69,142539,,False
69,142543,,False
69,142547,,False
69,142553,,False
69,142560,,False
69,142565,,False
69,142596,,False
69,142597,,False
69,142599,,False
69,142604,,False
69,142607,,False
69,142635,,False
69,142636,,False
69,142640,,False
69,142651,,False
69,142656,,False
69,142658,,False
69,142670,,False
69,142687,,False
69,142689,,False
69,142695,,False
69,142700,,False
69,142705,,False
69,142706,,False
69,142712,,False
69,142731,,False
69,142741,,False
69,142745,,False
69,142749,,False
69,142752,,False
69,142753,,False
69,142761,,False
69,142763,,False
69,142768,,False
69,142778,,False
69,142780,,False
69,142783,,False
69,142793,,False
69,142794,,False
69,142797,,False
69,142803,,False
69,142812,,False
69,142820,,False
69,142823,,False
69,142824,,False
69,142841,,False
69,142844,,False
69,142850,,False
69,142859,,False
69,142868,,False
69,142880,,False
69,142881,,False
69,142889,,False
69,142890,,False
69,142905,,False
69,142912,,False
69,142917,,False
69,142934,,False
69,142935,,False
69,142938,,False
69,142941,,False
69,142953,,False
69,142956,,False
69,142992,,False
69,143005,,False
69,143012,,False
69,143022,,False
69,143042,,False
69,143045,,False
69,143054,,False
69,143055,,False
69,143059,,False
69,143071,,False
69,143080,,False
69,143083,,False
69,143086,,False
69,143089,,False
69,143097,,False
69,143098,,False
69,143101,,False
69,143105,,False
69,143109,,False
69,143110,,False
69,143116,,False
69,143130,,False
69,143143,,False
69,143145,,False
69,143149,,False
69,143153,,False
69,143180,,False
69,143181,,False
69,143183,,False
69,143186,,False
69,143194,,False
69,143199,,False
69,143234,,False
69,143243,,False
69,143247,,False
69,143249,,False
69,143255,,False
69,143270,,False
69,143272,,False
69,143278,,False
69,143292,,False
69,143297,,False
69,143302,,False
69,143303,,False
69,143322,,False
69,143324,,False
69,143330,,False
69,143341,,False
69,143348,,False
69,143359,,False
69,143368,,False
69,143380,,False
69,143382,,False
69,143390,,False
69,143402,,False
69,143405,,False
69,143406,,False
69,143407,,False
69,143414,,False
69,143423,,False
69,143433,,False
69,143438,,False
69,143445,,False
69,143455,,False
69,143465,,False
69,143477,,False
69,143481,,False
69,143487,,False
69,143490,,False
69,143496,,False
69,143498,,False
69,143500,,False
69,143521,,False
69,143526,,False
69,143527,,False
69,143537,,False
69,143565,,False
69,143576,,False
69,143582,,False
69,143588,,False
69,143594,,False
69,143598,,False
69,143604,,False
69,143619,,False
69,143620,,False
69,143623,,False
69,143633,,False
69,143651,,False
69,143661,,False
69,143663,,False
69,143670,,False
69,143676,,False
69,143677,,False
69,143680,,False
69,143683,,False
69,143692,,False
69,143695,,False
69,143707,,False
69,143718,,False
69,143731,,False
69,143738,,False
69,143745,,False
69,143753,,False
69,143769,,False
69,143785,,False
69,143791,,False
69,143796,,False
69,143805,,False
69,143809,,False
69,143813,,False
69,143823,,False
69,143825,,False
69,143830,,False
69,143831,,False
69,143838,,False
69,143854,,False
69,143859,,False
69,143885,,False
69,143896,,False
69,143907,,False
69,143915,,False
69,143921,,False
69,143949,,False
69,143954,,False
69,143961,,False
69,143979,,False
69,143982,,False
69,143989,,False
69,144002,,False
69,144004,,False
69,144005,,False
69,144009,,False
69,144012,,False
69,144013,,False
69,144018,,False
69,144022,,False
69,144023,,False
69,144025,,False
69,144036,,False
69,144037,,False
69,144041,,False
69,144042,,False
69,144052,,False
69,144060,,False
69,144062,,False
69,144069,,False
69,144087,,False
69,144094,,False
69,144100,,False
69,144102,,False
69,144106,,False
69,144111,,False
69,144127,,False
69,144130,,False
69,144133,,False
69,144136,,False
69,144141,,False
69,144154,,False
69,144155,,False
69,144163,,False
69,144176,,False
69,144179,,False
69,144184,,False
69,144199,,False
69,144217,,False
69,144235,,False
69,144252,,False
69,144253,,False
69,144265,,False
69,144271,,False
69,144276,,False
69,144280,,False
69,144290,,False
69,144291,,False
69,144315,,False
69,144318,,False
69,144319,,False
69,144330,,False
69,144334,,False
69,144335,,False
69,144345,,False
69,144356,,False
69,144379,,False
69,144384,,False
69,144398,,False
69,144410,,False
69,144411,,False
69,144419,,False
69,144429,,False
69,144434,,False
69,144448,,False
69,144453,,False
69,144456,,False
69,144464,,False
69,144465,,False
69,144471,,False
69,144479,,False
69,144483,,False
69,144493,,False
69,144501,,False
69,144505,,False
69,144516,,False
69,144527,,False
69,144531,,False
69,144546,,False
69,144550,,False
69,144554,,False
69,144577,,False
69,144617,,False
69,144628,,False
69,144651,,False
69,144665,,False
69,144669,,False
69,144682,,False
69,144686,,False
69,144687,,False
69,144694,,False
69,144699,,False
69,144704,,False
69,144709,,False
69,144713,,False
69,144718,,False
69,144730,,False
69,144731,,False
69,144736,,False
69,144742,,False
69,144762,,False
69,144778,,False
69,144782,,False
69,144790,,False
69,144795,,False
69,144801,,False
69,144807,,False
69,144813,,False
69,144816,,False
69,144817,,False
69,144823,,False
69,144825,,False
69,144830,,False
69,144832,,False
69,144836,,False
69,144848,,False
69,144849,,False
69,144852,,False
69,144853,,False
69,144861,,False
69,144871,,False
69,144875,,False
69,144876,,False
69,144881,,False
69,144892,,False
69,144902,,False
69,144910,,False
69,144914,,False
69,144924,,False
69,144925,,False
69,144935,,False
69,144939,,False
69,144946,,False
69,144953,,False
69,144961,,False
69,144964,,False
69,144967,,False
69,144982,,False
69,144985,,False
69,145004,,False
69,145006,,False
69,145008,,False
69,145010,,False
69,145012,,False
69,145013,,False
69,145016,,False
69,145025,,False
69,145028,,False
69,145039,,False
69,145050,,False
69,145056,,False
69,145060,,False
69,145068,,False
69,145080,,False
69,145097,,False
69,145100,,False
69,145109,,False
69,145121,,False
69,145134,,False
69,145139,,False
69,145147,,False
69,145150,,False
69,145183,,False
69,145186,,False
69,145194,,False
69,145195,,False
69,145196,,False
69,145197,,False
69,145201,,False
69,145216,,False
69,145218,,False
69,145234,,False
69,145236,,False
69,145252,,False
69,145256,,False
69,145257,,False
69,145269,,False
69,145277,,False
69,145281,,False
69,145291,,False
69,145304,,False
69,145307,,False
69,145322,,False
69,145327,,False
69,145329,,False
69,145330,,False
69,145336,,False
69,145340,,False
69,145342,,False
69,145343,,False
69,145345,,False
69,145346,,False
69,145358,,False
69,145371,,False
69,145372,,False
69,145386,,False
69,145408,,False
69,145438,,False
69,145467,,False
69,145470,,False
69,145484,,False
69,145489,,False
69,145492,,False
69,145495,,False
69,145496,,False
69,145507,,False
69,145526,,False
69,145536,,False
69,145538,,False
69,145539,,False
69,145543,,False
69,145552,,False
69,145560,,False
69,145572,,False
69,145603,,False
69,145605,,False
69,145618,,False
69,145624,,False
69,145626,,False
69,145630,,False
69,145655,,False
69,145665,,False
69,145683,,False
69,145689,,False
69,145696,,False
69,145697,,False
69,145702,,False
69,145703,,False
69,145712,,False
69,145714,,False
69,145720,,False
69,145727,,False
69,145734,,False
69,145741,,False
69,145760,,False
69,145768,,False
69,145788,,False
69,145792,,False
69,145806,,False
69,145808,,False
69,145809,,False
69,145814,,False
69,145815,,False
69,145828,,False
69,145852,,False
69,145870,,False
69,145877,,False
69,145883,,False
69,145886,,False
69,145894,,False
69,145896,,False
69,145902,,False
69,145908,,False
69,145910,,False
69,145922,,False
69,145923,,False
69,145939,,False
69,145942,,False
69,145946,,False
69,145966,,False
69,145968,,False
69,145970,,False
69,145977,,False
69,145982,,False
69,145990,,False
69,146007,,False
69,146013,,False
69,146023,,False
69,146034,,False
69,146035,,False
69,146039,,False
69,146041,,False
69,146054,,False
69,146064,,False
69,146066,,False
69,146073,,False
69,146080,,False
69,146085,,False
69,146086,,False
69,146088,,False
69,146100,,False
69,146104,,False
69,146106,,False
69,146107,,False
69,146111,,False
69,146126,,False
69,146127,,False
69,146147,,False
69,146150,,False
69,146164,,False
69,146193,,False
69,146212,,False
69,146215,,False
69,146230,,False
69,146237,,False
69,146245,,False
69,146247,,False
69,146250,,False
69,146251,,False
69,146253,,False
69,146258,,False
69,146259,,False
69,146262,,False
69,146263,,False
69,146269,,False
69,146279,,False
69,146280,,False
69,146291,,False
69,146293,,False
69,146295,,False
69,146324,,False
69,146348,,False
69,146354,,False
69,146356,,False
69,146360,,False
69,146371,,False
69,146387,,False
69,146388,,False
69,146389,,False
69,146392,,False
69,146397,,False
69,146411,,False
69,146417,,False
69,146418,,False
69,146426,,False
69,146428,,False
69,146432,,False
69,146447,,False
69,146459,,False
69,146471,,False
69,146478,,False
69,146481,,False
69,146496,,False
69,146498,,False
69,146508,,False
69,146510,,False
69,146531,,False
69,146532,,False
69,146538,,False
69,146541,,False
69,146544,,False
69,146550,,False
69,146556,,False
69,146557,,False
69,146599,,False
69,146613,,False
69,146666,,False
69,146678,,False
69,146685,,False
69,146687,,False
69,146697,,False
69,146701,,False
69,146702,,False
69,146720,,False
69,146725,,False
69,146729,,False
69,146735,,False
69,146737,,False
69,146742,,False
69,146750,,False
69,146762,,False
69,146769,,False
69,146773,,False
69,146781,,False
69,146782,,False
69,146783,,False
69,146792,,False
69,146798,,False
69,146816,,False
69,146828,,False
69,146845,,False
69,146847,,False
69,146870,,False
69,146883,,False
69,146910,,False
69,146915,,False
69,146918,,False
69,146922,,False
69,146923,,False
69,146940,,False
69,146942,,False
69,146945,,False
69,146948,,False
69,146954,,False
69,146959,,False
69,146968,,False
69,146971,,False
69,146975,,False
69,146980,,False
69,146983,,False
69,146984,,False
69,146987,,False
69,146994,,False
69,146998,,False
69,147005,,False
69,147011,,False
69,147023,,False
69,147035,,False
69,147038,,False
69,147049,,False
69,147058,,False
69,147069,,False
69,147080,,False
69,147101,,False
69,147105,,False
69,147107,,False
69,147115,,False
69,147123,,False
69,147135,,False
69,147137,,False
69,147142,,False
69,147147,,False
69,147149,,False
69,147170,,False
69,147189,,False
69,147190,,False
69,147209,,False
69,147229,,False
69,147240,,False
69,147242,,False
69,147252,,False
69,147257,,False
69,147261,,False
69,147270,,False
69,147276,,False
69,147277,,False
69,147289,,False
69,147314,,False
69,147338,,False
69,147340,,False
69,147343,,False
69,147351,,False
69,147358,,False
69,147368,,False
69,147375,,False
69,147383,,False
69,147397,,False
69,147401,,False
69,147412,,False
69,147414,,False
69,147415,,False
69,147418,,False
69,147427,,False
69,147432,,False
69,147433,,False
69,147444,,False
69,147476,,False
69,147478,,False
69,147487,,False
69,147488,,False
69,147502,,False
69,147521,,False
69,147522,,False
69,147528,,False
69,147535,,False
69,147542,,False
69,147549,,False
69,147555,,False
69,147556,,False
69,147561,,False
69,147564,,False
69,147577,,False
69,147586,,False
69,147598,,False
69,147609,,False
69,147610,,False
69,147611,,False
69,147613,,False
69,147627,,False
69,147634,,False
69,147636,,False
69,147643,,False
69,147655,,False
69,147660,,False
69,147662,,False
69,147667,,False
69,147675,,False
69,147689,,False
69,147691,,False
69,147692,,False
69,147698,,False
69,147710,,False
69,147727,,False
69,147729,,False
69,147738,,False
69,147751,,False
69,147753,,False
69,147762,,False
69,147766,,False
69,147768,,False
69,147774,,False
69,147779,,False
69,147788,,False
69,147807,,False
69,147812,,False
69,147830,,False
69,147831,,False
69,147833,,False
69,147842,,False
69,147843,,False
69,147851,,False
69,147854,,False
69,147857,,False
69,147874,,False
69,147875,,False
69,147876,,False
69,147878,,False
69,147895,,False
69,147902,,False
69,147904,,False
69,147916,,False
69,147928,,False
69,147934,,False
69,147936,,False
69,147943,,False
69,147944,,False
69,147945,,False
69,147956,,False
69,147970,,False
69,147983,,False
69,147991,,False
69,147996,,False
69,147997,,False
69,147998,,False
69,148000,,False
69,148004,,False
69,148010,,False
69,148018,,False
69,148033,,False
69,148043,,False
69,148047,,False
69,148053,,False
69,148062,,False
69,148073,,False
69,148097,,False
69,148111,,False
69,148115,,False
69,148118,,False
69,148119,,False
69,148121,,False
69,148122,,False
69,148124,,False
69,148125,,False
69,148131,,False
69,148134,,False
69,148145,,False
69,148157,,False
69,148159,,False
69,148161,,False
69,148168,,False
69,148169,,False
69,148173,,False
69,148176,,False
69,148187,,False
69,148195,,False
69,148197,,False
69,148209,,False
69,148211,,False
69,148218,,False
69,148229,,False
69,148234,,False
69,148242,,False
69,148244,,False
69,148255,,False
69,148273,,False
69,148285,,False
69,148288,,False
69,148296,,False
69,148317,,False
69,148320,,False
69,148330,,False
69,148357,,False
69,148359,,False
69,148368,,False
69,148371,,False
69,148372,,False
69,148381,,False
69,148384,,False
69,148394,,False
69,148395,,False
69,148401,,False
69,148411,,False
69,148415,,False
69,148433,,False
69,148440,,False
69,148446,,False
69,148483,,False
69,148485,,False
69,148487,,False
69,148510,,False
69,148512,,False
69,148518,,False
69,148539,,False
69,148542,,False
69,148551,,False
69,148566,,False
69,148578,,False
69,148581,,False
69,148582,,False
69,148584,,False
69,148604,,False
69,148606,,False
69,148607,,False
69,148618,,False
69,148631,,False
69,148634,,False
69,148645,,False
69,148649,,False
69,148651,,False
69,148691,,False
69,148694,,False
69,148707,,False
69,148713,,False
69,148716,,False
69,148722,,False
69,148727,,False
69,148733,,False
69,148740,,False
69,148742,,False
69,148753,,False
69,148757,,False
69,148763,,False
69,148769,,False
69,148776,,False
69,148781,,False
69,148793,,False
69,148799,,False
69,148820,,False
69,148823,,False
69,148838,,False
69,148841,,False
69,148846,,False
69,148849,,False
69,148885,,False
69,148891,,False
69,148892,,False
69,148897,,False
69,148905,,False
69,148918,,False
69,148920,,False
69,148929,,False
69,148930,,False
69,148944,,False
69,148946,,False
69,148998,,False
69,148999,,False
69,149004,,False
69,149005,,False
69,149008,,False
69,149010,,False
69,149023,,False
69,149029,,False
69,149035,,False
69,149048,,False
69,149095,,False
69,149100,,False
69,149106,,False
69,149109,,False
69,149111,,False
69,149121,,False
69,149128,,False
69,149132,,False
69,149136,,False
69,149142,,False
69,149145,,False
69,149155,,False
69,149156,,False
69,149157,,False
69,149160,,False
69,149172,,False
69,149180,,False
69,149191,,False
69,149206,,False
69,149215,,False
69,149228,,False
69,149233,,False
69,149245,,False
69,149247,,False
69,149277,,False
69,149292,,False
69,149312,,False
69,149321,,False
69,149322,,False
69,149332,,False
69,149338,,False
69,149341,,False
69,149353,,False
69,149358,,False
69,149376,,False
69,149377,,False
69,149384,,False
69,149401,,False
69,149402,,False
69,149405,,False
69,149418,,False
69,149445,,False
69,149454,,False
69,149460,,False
69,149464,,False
69,149480,,False
69,149483,,False
69,149497,,False
69,149502,,False
69,149512,,False
69,149514,,False
69,149531,,False
69,149546,,False
69,149551,,False
69,149562,,False
69,149567,,False
69,149569,,False
69,149575,,False
69,149586,,False
69,149594,,False
69,149596,,False
69,149603,,False
69,149605,,False
69,149609,,False
69,149621,,False
69,149629,,False
69,149638,,False
69,149647,,False
69,149652,,False
69,149654,,False
69,149669,,False
69,149671,,False
69,149676,,False
69,149685,,False
69,149691,,False
69,149703,,False
69,149706,,False
69,149725,,False
69,149734,,False
69,149738,,False
69,149747,,False
69,149756,,False
69,149762,,False
69,149764,,False
69,149768,,False
69,149773,,False
69,149778,,False
69,149785,,False
69,149794,,False
69,149807,,False
69,149810,,False
69,149812,,False
69,149826,,False
69,149831,,False
69,149836,,False
69,149846,,False
69,149850,,False
69,149853,,False
69,149860,,False
69,149863,,False
69,149865,,False
69,149891,,False
69,149892,,False
69,149901,,False
69,149905,,False
69,149907,,False
69,149912,,False
69,149914,,False
69,149917,,False
69,149918,,False
69,149925,,False
69,149934,,False
69,149937,,False
69,149942,,False
69,149943,,False
69,149953,,False
69,149956,,False
69,149960,,False
69,149965,,False
69,149968,,False
69,149969,,False
69,149976,,False
69,149980,,False
69,149989,,False
69,149990,,False
69,149992,,False
69,149999,,False
69,150010,,False
69,150012,,False
69,150021,,False
69,150026,,False
69,150027,,False
69,150030,,False
69,150038,,False
69,150042,,False
69,150048,,False
69,150050,,False
69,150058,,False
69,150064,,False
69,150068,,False
69,150079,,False
69,150084,,False
69,150092,,False
69,150096,,False
69,150103,,False
69,150105,,False
69,150112,,False
69,150125,,False
69,150141,,False
69,150143,,False
69,150150,,False
69,150163,,False
69,150167,,False
69,150176,,False
69,150181,,False
69,150192,,False
69,150199,,False
69,150201,,False
69,150203,,False
69,150206,,False
69,150212,,False
69,150216,,False
69,150220,,False
69,150242,,False
69,150245,,False
69,150256,,False
69,150264,,False
69,150270,,False
69,150306,,False
69,150316,,False
69,150342,,False
69,150348,,False
69,150358,,False
69,150367,,False
69,150372,,False
69,150373,,False
69,150376,,False
69,150382,,False
69,150385,,False
69,150388,,False
69,150395,,False
69,150408,,False
69,150413,,False
69,150418,,False
69,150422,,False
69,150425,,False
69,150436,,False
69,150441,,False
69,150445,,False
69,150450,,False
69,150459,,False
69,150461,,False
69,150466,,False
69,150467,,False
69,150474,,False
69,150478,,False
69,150489,,False
69,150504,,False
69,150506,,False
69,150512,,False
69,150513,,False
69,150516,,False
69,150519,,False
69,150524,,False
69,150545,,False
69,150567,,False
69,150583,,False
69,150585,,False
69,150591,,False
69,150598,,False
69,150601,,False
69,150605,,False
69,150610,,False
69,150611,,False
69,150613,,False
69,150635,,False
69,150639,,False
69,150644,,False
69,150649,,False
69,150655,,False
69,150659,,False
69,150673,,False
69,150674,,False
69,150676,,False
69,150680,,False
69,150689,,False
69,150698,,False
69,150703,,False
69,150704,,False
69,150708,,False
69,150714,,False
69,150737,,False
69,150746,,False
69,150749,,False
69,150753,,False
69,150764,,False
69,150768,,False
69,150771,,False
69,150790,,False
69,150795,,False
69,150797,,False
69,150799,,False
69,150821,,False
69,150822,,False
69,150826,,False
69,150838,,False
69,150846,,False
69,150852,,False
69,150858,,False
69,150860,,False
69,150872,,False
69,150887,,False
69,150906,,False
69,150909,,False
69,150914,,False
69,150920,,False
69,150927,,False
69,150935,,False
69,150938,,False
69,150946,,False
69,150947,,False
69,150956,,False
69,150962,,False
69,150969,,False
69,150972,,False
69,150991,,False
69,151002,,False
69,151004,,False
69,151015,,False
69,151023,,False
69,151028,,False
69,151045,,False
69,151046,,False
69,151049,,False
69,151052,,False
69,151054,,False
69,151061,,False
69,151063,,False
69,151070,,False
69,151075,,False
69,151077,,False
69,151079,,False
69,151084,,False
69,151085,,False
69,151101,,False
69,151136,,False
69,151147,,False
69,151151,,False
69,151160,,False
69,151175,,False
69,151176,,False
69,151184,,False
69,151205,,False
69,151212,,False
69,151213,,False
69,151220,,False
69,151227,,False
69,151229,,False
69,151231,,False
69,151236,,False
69,151249,,False
69,151270,,False
69,151278,,False
69,151291,,False
69,151308,,False
69,151313,,False
69,151317,,False
69,151331,,False
69,151333,,False
69,151344,,False
69,151350,,False
69,151374,,False
69,151375,,False
69,151378,,False
69,151379,,False
69,151381,,False
69,151383,,False
69,151385,,False
69,151392,,False
69,151402,,False
69,151416,,False
69,151422,,False
69,151442,,False
69,151444,,False
69,151452,,False
69,151481,,False
69,151502,,False
69,151515,,False
69,151523,,False
69,151525,,False
69,151528,,False
69,151529,,False
69,151537,,False
69,151541,,False
69,151543,,False
69,151545,,False
69,151550,,False
69,151581,,False
69,151583,,False
69,151588,,False
69,151593,,False
69,151600,,False
69,151602,,False
69,151613,,False
69,151628,,False
69,151638,,False
69,151647,,False
69,151648,,False
69,151654,,False
69,151665,,False
69,151671,,False
69,151672,,False
69,151676,,False
69,151677,,False
69,151699,,False
69,151701,,False
69,151709,,False
69,151717,,False
69,151725,,False
69,151737,,False
69,151743,,False
69,151761,,False
69,151781,,False
69,151782,,False
69,151787,,False
69,151798,,False
69,151805,,False
69,151812,,False
69,151819,,False
69,151832,,False
69,151836,,False
69,151838,,False
69,151853,,False
69,151856,,False
69,151872,,False
69,151874,,False
69,151875,,False
69,151877,,False
69,151880,,False
69,151897,,False
69,151905,,False
69,151917,,False
69,151933,,False
69,151939,,False
69,151942,,False
69,151945,,False
69,151960,,False
69,151965,,False
69,152003,,False
69,152009,,False
69,152012,,False
69,152015,,False
69,152030,,False
69,152035,,False
69,152043,,False
69,152047,,False
69,152062,,False
69,152073,,False
69,152090,,False
69,152094,,False
69,152099,,False
69,152101,,False
69,152103,,False
69,152108,,False
69,152128,,False
69,152129,,False
69,152132,,False
69,152143,,False
69,152145,,False
69,152161,,False
69,152169,,False
69,152188,,False
69,152206,,False
69,152207,,False
69,152214,,False
69,152215,,False
69,152239,,False
69,152240,,False
69,152246,,False
69,152247,,False
69,152252,,False
69,152268,,False
69,152272,,False
69,152274,,False
69,152279,,False
69,152284,,False
69,152287,,False
69,152290,,False
69,152299,,False
69,152309,,False
69,152316,,False
69,152323,,False
69,152330,,False
69,152334,,False
69,152341,,False
69,152353,,False
69,152359,,False
69,152360,,False
69,152361,,False
69,152366,,False
69,152371,,False
69,152383,,False
69,152386,,False
69,152389,,False
69,152402,,False
69,152410,,False
69,152445,,False
69,152448,,False
69,152453,,False
69,152458,,False
69,152463,,False
69,152469,,False
69,152473,,False
69,152475,,False
69,152478,,False
69,152489,,False
69,152492,,False
69,152500,,False
69,152510,,False
69,152514,,False
69,152519,,False
69,152522,,False
69,152524,,False
69,152525,,False
69,152532,,False
69,152536,,False
69,152544,,False
69,152545,,False
69,152549,,False
69,152550,,False
69,152552,,False
69,152564,,False
69,152568,,False
69,152587,,False
69,152589,,False
69,152598,,False
69,152603,,False
69,152604,,False
69,152606,,False
69,152615,,False
69,152621,,False
69,152634,,False
69,152640,,False
69,152654,,False
69,152658,,False
69,152665,,False
69,152671,,False
69,152673,,False
69,152693,,False
69,152702,,False
69,152712,,False
69,152713,,False
69,152720,,False
69,152737,,False
69,152756,,False
69,152764,,False
69,152773,,False
69,152774,,False
69,152781,,False
69,152785,,False
69,152810,,False
69,152812,,False
69,152822,,False
69,152825,,False
69,152836,,False
69,152852,,False
69,152881,,False
69,152882,,False
69,152889,,False
69,152909,,False
69,152916,,False
69,152936,,False
69,152939,,False
69,152942,,False
69,152943,,False
69,152954,,False
69,152955,,False
69,152973,,False
69,152993,,False
69,152995,,False
69,153008,,False
69,153019,,False
69,153020,,False
69,153024,,False
69,153025,,False
69,153028,,False
69,153037,,False
69,153041,,False
69,153045,,False
69,153046,,False
69,153054,,False
69,153074,,False
69,153094,,False
69,153109,,False
69,153130,,False
69,153134,,False
69,153144,,False
69,153148,,False
69,153151,,False
69,153158,,False
69,153166,,False
69,153177,,False
69,153185,,False
69,153196,,False
69,153205,,False
69,153214,,False
69,153217,,False
69,153221,,False
69,153243,,False
69,153246,,False
69,153254,,False
69,153256,,False
69,153261,,False
69,153273,,False
69,153295,,False
69,153297,,False
69,153300,,False
69,153302,,False
69,153303,,False
69,153308,,False
69,153314,,False
69,153315,,False
69,153316,,False
69,153319,,False
69,153330,,False
69,153334,,False
69,153337,,False
69,153346,,False
69,153349,,False
69,153361,,False
69,153370,,False
69,153395,,False
69,153397,,False
69,153399,,False
69,153415,,False
69,153417,,False
69,153420,,False
69,153426,,False
69,153431,,False
69,153437,,False
69,153444,,False
69,153446,,False
69,153459,,False
69,153462,,False
69,153463,,False
69,153474,,False
69,153478,,False
69,153484,,False
69,153489,,False
69,153501,,False
69,153510,,False
69,153512,,False
69,153514,,False
69,153518,,False
69,153521,,False
69,153528,,False
69,153535,,False
69,153536,,False
69,153540,,False
69,153542,,False
69,153557,,False
69,153558,,False
69,153587,,False
69,153591,,False
69,153600,,False
69,153604,,False
69,153610,,False
69,153624,,False
69,153629,,False
69,153630,,False
69,153631,,False
69,153632,,False
69,153638,,False
69,153639,,False
69,153642,,False
69,153657,,False
69,153672,,False
69,153678,,False
69,153690,,False
69,153699,,False
69,153718,,False
69,153738,,False
69,153745,,False
69,153752,,False
69,153764,,False
69,153767,,False
69,153770,,False
69,153774,,False
69,153780,,False
69,153802,,False
69,153807,,False
69,153817,,False
69,153826,,False
69,153830,,False
69,153859,,False
69,153863,,False
69,153864,,False
69,153865,,False
69,153868,,False
69,153874,,False
69,153884,,False
69,153903,,False
69,153911,,False
69,153913,,False
69,153921,,False
69,153922,,False
69,153937,,False
69,153946,,False
69,153951,,False
69,153968,,False
69,153983,,False
69,153999,,False
69,154057,,False
69,154060,,False
69,154064,,False
69,154070,,False
69,154072,,False
69,154074,,False
69,154085,,False
69,154086,,False
69,154091,,False
69,154102,,False
69,154104,,False
69,154150,,False
69,154155,,False
69,154158,,False
69,154160,,False
69,154177,,False
69,154182,,False
69,154192,,False
69,154202,,False
69,154204,,False
69,154210,,False
69,154213,,False
69,154218,,False
69,154223,,False
69,154233,,False
69,154237,,False
69,154239,,False
69,154240,,False
69,154248,,False
69,154249,,False
69,154252,,False
69,154269,,False
69,154274,,False
69,154279,,False
69,154282,,False
69,154284,,False
69,154291,,False
69,154297,,False
69,154302,,False
69,154307,,False
69,154314,,False
69,154326,,False
69,154336,,False
69,154344,,False
69,154347,,False
69,154352,,False
69,154356,,False
69,154359,,False
69,154361,,False
69,154396,,False
69,154401,,False
69,154407,,False
69,154416,,False
69,154417,,False
69,154423,,False
69,154431,,False
69,154436,,False
69,154439,,False
69,154459,,False
69,154460,,False
69,154464,,False
69,154477,,False
69,154484,,False
69,154486,,False
69,154518,,False
69,154523,,False
69,154530,,False
69,154550,,False
69,154556,,False
69,154563,,False
69,154568,,False
69,154569,,False
69,154576,,False
69,154585,,False
69,154592,,False
69,154613,,False
69,154623,,False
69,154627,,False
69,154648,,False
69,154659,,False
69,154674,,False
69,154677,,False
69,154680,,False
69,154687,,False
69,154694,,False
69,154713,,False
69,154722,,False
69,154726,,False
69,154727,,False
69,154733,,False
69,154735,,False
69,154747,,False
69,154749,,False
69,154758,,False
69,154759,,False
69,154764,,False
69,154774,,False
69,154777,,False
69,154792,,False
69,154794,,False
69,154810,,False
69,154816,,False
69,154823,,False
69,154843,,False
69,154847,,False
69,154848,,False
69,154860,,False
69,154862,,False
69,154869,,False
69,154872,,False
69,154873,,False
69,154880,,False
69,154885,,False
69,154902,,False
69,154908,,False
69,154919,,False
69,154925,,False
69,154935,,False
69,154938,,False
69,154948,,False
69,154949,,False
69,154950,,False
69,154952,,False
69,154954,,False
69,154962,,False
69,154985,,False
69,154991,,False
69,154996,,False
69,155009,,False
69,155010,,False
69,155012,,False
69,155036,,False
69,155038,,False
69,155043,,False
69,155048,,False
69,155051,,False
69,155052,,False
69,155069,,False
69,155072,,False
69,155075,,False
69,155087,,False
69,155088,,False
69,155089,,False
69,155092,,False
69,155096,,False
69,155109,,False
69,155113,,False
69,155121,,False
69,155123,,False
69,155124,,False
69,155125,,False
69,155128,,False
69,155133,,False
69,155146,,False
69,155162,,False
69,155178,,False
69,155180,,False
69,155181,,False
69,155186,,False
69,155198,,False
69,155202,,False
69,155205,,False
69,155209,,False
69,155241,,False
69,155245,,False
69,155246,,False
69,155251,,False
69,155257,,False
69,155260,,False
69,155261,,False
69,155273,,False
69,155286,,False
69,155294,,False
69,155297,,False
69,155301,,False
69,155316,,False
69,155324,,False
69,155329,,False
69,155335,,False
69,155337,,False
69,155343,,False
69,155363,,False
69,155373,,False
69,155380,,False
69,155382,,False
69,155386,,False
69,155387,,False
69,155388,,False
69,155400,,False
69,155407,,False
69,155409,,False
69,155418,,False
69,155419,,False
69,155422,,False
69,155436,,False
69,155437,,False
69,155442,,False
69,155451,,False
69,155462,,False
69,155477,,False
69,155481,,False
69,155483,,False
69,155489,,False
69,155490,,False
69,155520,,False
69,155529,,False
69,155532,,False
69,155541,,False
69,155542,,False
69,155546,,False
69,155585,,False
69,155589,,False
69,155592,,False
69,155606,,False
69,155619,,False
69,155621,,False
69,155626,,False
69,155627,,False
69,155630,,False
69,155638,,False
69,155646,,False
69,155649,,False
69,155660,,False
69,155663,,False
69,155669,,False
69,155697,,False
69,155704,,False
69,155735,,False
69,155740,,False
69,155750,,False
69,155771,,False
69,155777,,False
69,155780,,False
69,155782,,False
69,155783,,False
69,155802,,False
69,155810,,False
69,155813,,False
69,155816,,False
69,155838,,False
69,155848,,False
69,155849,,False
69,155854,,False
69,155859,,False
69,155870,,False
69,155874,,False
69,155881,,False
69,155890,,False
69,155940,,False
69,155955,,False
69,155958,,False
69,155967,,False
69,155977,,False
69,155978,,False
69,155980,,False
69,155981,,False
69,155985,,False
69,155992,,False
69,156007,,False
69,156013,,False
69,156016,,False
69,156019,,False
69,156025,,False
69,156045,,False
69,156075,,False
69,156099,,False
69,156106,,False
69,156109,,False
69,156112,,False
69,156126,,False
69,156139,,False
69,156142,,False
69,156161,,False
69,156200,,False
69,156204,,False
69,156209,,False
69,156217,,False
69,156224,,False
69,156226,,False
69,156229,,False
69,156230,,False
69,156232,,False
69,156239,,False
69,156250,,False
69,156263,,False
69,156265,,False
69,156269,,False
69,156272,,False
69,156289,,False
69,156294,,False
69,156303,,False
69,156305,,False
69,156310,,False
69,156319,,False
69,156328,,False
69,156335,,False
69,156342,,False
69,156352,,False
69,156367,,False
69,156368,,False
69,156373,,False
69,156381,,False
69,156382,,False
69,156387,,False
69,156396,,False
69,156403,,False
69,156450,,False
69,156458,,False
69,156464,,False
69,156484,,False
69,156486,,False
69,156500,,False
69,156511,,False
69,156512,,False
69,156527,,False
69,156545,,False
69,156546,,False
69,156551,,False
69,156555,,False
69,156576,,False
69,156588,,False
69,156604,,False
69,156607,,False
69,156611,,False
69,156613,,False
69,156624,,False
69,156626,,False
69,156641,,False
69,156653,,False
69,156661,,False
69,156664,,False
69,156674,,False
69,156712,,False
69,156716,,False
69,156719,,False
69,156724,,False
69,156728,,False
69,156753,,False
69,156759,,False
69,156762,,False
69,156765,,False
69,156766,,False
69,156767,,False
69,156791,,False
69,156792,,False
69,156809,,False
69,156812,,False
69,156826,,False
69,156834,,False
69,156838,,False
69,156856,,False
69,156859,,False
69,156863,,False
69,156868,,False
69,156871,,False
69,156872,,False
69,156887,,False
69,156888,,False
69,156892,,False
69,156894,,False
69,156916,,False
69,156921,,False
69,156922,,False
69,156941,,False
69,156942,,False
69,156947,,False
69,156949,,False
69,156955,,False
69,156961,,False
69,156972,,False
69,156981,,False
69,156983,,False
69,156985,,False
69,156992,,False
69,156994,,False
69,156996,,False
69,156998,,False
69,157003,,False
69,157009,,False
69,157013,,False
69,157020,,False
69,157035,,False
69,157038,,False
69,157050,,False
69,157054,,False
69,157056,,False
69,157065,,False
69,157066,,False
69,157077,,False
69,157080,,False
69,157084,,False
69,157085,,False
69,157089,,False
69,157094,,False
69,157108,,False
69,157112,,False
69,157125,,False
69,157129,,False
69,157146,,False
69,157166,,False
69,157170,,False
69,157175,,False
69,157193,,False
69,157195,,False
69,157206,,False
69,157209,,False
69,157217,,False
69,157220,,False
69,157223,,False
69,157231,,False
69,157238,,False
69,157242,,False
69,157247,,False
69,157248,,False
69,157259,,False
69,157261,,False
69,157265,,False
69,157269,,False
69,157273,,False
69,157277,,False
69,157282,,False
69,157288,,False
69,157291,,False
69,157293,,False
69,157298,,False
69,157307,,False
69,157310,,False
69,157331,,False
69,157339,,False
69,157340,,False
69,157349,,False
69,157355,,False
69,157356,,False
69,157363,,False
69,157366,,False
69,157367,,False
69,157370,,False
69,157375,,False
69,157381,,False
69,157388,,False
69,157395,,False
69,157399,,False
69,157405,,False
69,157406,,False
69,157414,,False
69,157423,,False
69,157426,,False
69,157429,,False
69,157432,,False
69,157439,,False
69,157447,,False
69,157448,,False
69,157470,,False
69,157479,,False
69,157480,,False
69,157481,,False
69,157482,,False
69,157486,,False
69,157493,,False
69,157497,,False
69,157498,,False
69,157515,,False
69,157522,,False
69,157523,,False
69,157524,,False
69,157543,,False
69,157545,,False
69,157553,,False
69,157556,,False
69,157562,,False
69,157566,,False
69,157567,,False
69,157585,,False
69,157589,,False
69,157593,,False
69,157608,,False
69,157613,,False
69,157616,,False
69,157634,,False
69,157643,,False
69,157659,,False
69,157667,,False
69,157674,,False
69,157675,,False
69,157680,,False
69,157693,,False
69,157697,,False
69,157709,,False
69,157710,,False
69,157712,,False
69,157714,,False
69,157722,,False
69,157728,,False
69,157737,,False
69,157740,,False
69,157743,,False
69,157747,,False
69,157760,,False
69,157762,,False
69,157773,,False
69,157775,,False
69,157779,,False
69,157803,,False
69,157816,,False
69,157830,,False
69,157831,,False
69,157834,,False
69,157838,,False
69,157855,,False
69,157862,,False
69,157874,,False
69,157879,,False
69,157890,,False
69,157891,,False
69,157899,,False
69,157909,,False
69,157926,,False
69,157951,,False
69,157962,,False
69,157982,,False
69,157983,,False
69,157985,,False
69,157989,,False
69,157992,,False
69,157998,,False
69,158001,,False
69,158003,,False
69,158013,,False
69,158020,,False
69,158025,,False
69,158027,,False
69,158032,,False
69,158036,,False
69,158043,,False
69,158044,,False
69,158057,,False
69,158061,,False
69,158062,,False
69,158067,,False
69,158069,,False
69,158074,,False
69,158086,,False
69,158091,,False
69,158094,,False
69,158106,,False
69,158114,,False
69,158119,,False
69,158129,,False
69,158138,,False
69,158148,,False
69,158149,,False
69,158151,,False
69,158152,,False
69,158158,,False
69,158182,,False
69,158183,,False
69,158190,,False
69,158201,,False
69,158205,,False
69,158207,,False
69,158222,,False
69,158224,,False
69,158225,,False
69,158227,,False
69,158239,,False
69,158259,,False
69,158262,,False
69,158266,,False
69,158271,,False
69,158279,,False
69,158281,,False
69,158290,,False
69,158295,,False
69,158303,,False
69,158304,,False
69,158308,,False
69,158310,,False
69,158313,,False
69,158314,,False
69,158322,,False
69,158326,,False
69,158327,,False
69,158333,,False
69,158346,,False
69,158349,,False
69,158353,,False
69,158356,,False
69,158361,,False
69,158395,,False
69,158404,,False
69,158410,,False
69,158416,,False
69,158421,,False
69,158424,,False
69,158425,,False
69,158429,,False
69,158436,,False
69,158449,,False
69,158451,,False
69,158456,,False
69,158465,,False
69,158514,,False
69,158528,,False
69,158534,,False
69,158552,,False
69,158555,,False
69,158558,,False
69,158568,,False
69,158571,,False
69,158590,,False
69,158592,,False
69,158602,,False
69,158608,,False
69,158616,,False
69,158620,,False
69,158621,,False
69,158660,,False
69,158662,,False
69,158664,,False
69,158674,,False
69,158694,,False
69,158705,,False
69,158709,,False
69,158713,,False
69,158717,,False
69,158722,,False
69,158725,,False
69,158729,,False
69,158745,,False
69,158767,,False
69,158774,,False
69,158776,,False
69,158788,,False
69,158798,,False
69,158803,,False
69,158807,,False
69,158812,,False
69,158834,,False
69,158843,,False
69,158848,,False
69,158849,,False
69,158851,,False
69,158857,,False
69,158860,,False
69,158865,,False
69,158877,,False
69,158879,,False
69,158881,,False
69,158902,,False
69,158904,,False
69,158909,,False
69,158914,,False
69,158915,,False
69,158920,,False
69,158924,,False
69,158930,,False
69,158932,,False
69,158935,,False
69,158946,,False
69,158971,,False
69,158982,,False
69,158983,,False
69,158989,,False
69,158995,,False
69,158996,,False
69,159022,,False
69,159024,,False
69,159030,,False
69,159031,,False
69,159047,,False
69,159051,,False
69,159052,,False
69,159054,,False
69,159059,,False
69,159064,,False
69,159091,,False
69,159092,,False
69,159099,,False
69,159111,,False
69,159112,,False
69,159113,,False
69,159116,,False
69,159118,,False
69,159134,,False
69,159146,,False
69,159155,,False
69,159158,,False
69,159185,,False
69,159187,,False
69,159218,,False
69,159222,,False
69,159237,,False
69,159239,,False
69,159243,,False
69,159244,,False
69,159251,,False
69,159253,,False
69,159257,,False
69,159260,,False
69,159272,,False
69,159283,,False
69,159293,,False
69,159300,,False
69,159302,,False
69,159307,,False
69,159320,,False
69,159334,,False
69,159340,,False
69,159345,,False
69,159347,,False
69,159373,,False
69,159381,,False
69,159382,,False
69,159384,,False
69,159386,,False
69,159388,,False
69,159397,,False
69,159405,,False
69,159411,,False
69,159415,,False
69,159420,,False
69,159430,,False
69,159440,,False
69,159450,,False
69,159456,,False
69,159457,,False
69,159467,,False
69,159469,,False
69,159475,,False
69,159476,,False
69,159481,,False
69,159482,,False
69,159493,,False
69,159515,,False
69,159533,,False
69,159547,,False
69,159550,,False
69,159551,,False
69,159557,,False
69,159565,,False
69,159568,,False
69,159579,,False
69,159587,,False
69,159589,,False
69,159590,,False
69,159598,,False
69,159600,,False
69,159603,,False
69,159604,,False
69,159619,,False
69,159626,,False
69,159629,,False
69,159638,,False
69,159641,,False
69,159653,,False
69,159662,,False
69,159665,,False
69,159676,,False
69,159684,,False
69,159685,,False
69,159687,,False
69,159691,,False
69,159703,,False
69,159709,,False
69,159742,,False
69,159743,,False
69,159753,,False
69,159765,,False
69,159778,,False
69,159789,,False
69,159791,,False
69,159804,,False
69,159817,,False
69,159818,,False
69,159833,,False
69,159835,,False
69,159848,,False
69,159873,,False
69,159882,,False
69,159892,,False
69,159894,,False
69,159902,,False
69,159903,,False
69,159907,,False
69,159910,,False
69,159911,,False
69,159919,,False
69,159928,,False
69,159932,,False
69,159936,,False
69,159939,,False
69,159944,,False
69,159977,,False
69,159978,,False
69,159990,,False
69,159991,,False
69,159998,,False
69,160001,,False
69,160007,,False
69,160010,,False
69,160016,,False
69,160019,,False
69,160055,,False
69,160058,,False
69,160060,,False
69,160069,,False
69,160087,,False
69,160095,,False
69,160104,,False
69,160119,,False
69,160123,,False
69,160129,,False
69,160135,,False
69,160138,,False
69,160176,,False
69,160183,,False
69,160187,,False
69,160198,,False
69,160206,,False
69,160208,,False
69,160209,,False
69,160213,,False
69,160223,,False
69,160225,,False
69,160232,,False
69,160265,,False
69,160267,,False
69,160273,,False
69,160285,,False
69,160286,,False
69,160287,,False
69,160288,,False
69,160293,,False
69,160298,,False
69,160316,,False
69,160341,,False
69,160351,,False
69,160360,,False
69,160365,,False
69,160367,,False
69,160385,,False
69,160396,,False
69,160404,,False
69,160411,,False
69,160415,,False
69,160417,,False
69,160421,,False
69,160428,,False
69,160431,,False
69,160447,,False
69,160463,,False
69,160464,,False
69,160469,,False
69,160475,,False
69,160484,,False
69,160519,,False
69,160523,,False
69,160524,,False
69,160529,,False
69,160538,,False
69,160541,,False
69,160547,,False
69,160561,,False
69,160568,,False
69,160589,,False
69,160601,,False
69,160607,,False
69,160610,,False
69,160611,,False
69,160624,,False
69,160631,,False
69,160636,,False
69,160642,,False
69,160644,,False
69,160648,,False
69,160655,,False
69,160660,,False
69,160672,,False
69,160679,,False
69,160683,,False
69,160713,,False
69,160714,,False
69,160723,,False
69,160724,,False
69,160725,,False
69,160732,,False
69,160735,,False
69,160738,,False
69,160756,,False
69,160764,,False
69,160768,,False
69,160769,,False
69,160775,,False
69,160787,,False
69,160790,,False
69,160806,,False
69,160809,,False
69,160820,,False
69,160821,,False
69,160825,,False
69,160828,,False
69,160851,,False
69,160853,,False
69,160858,,False
69,160868,,False
69,160870,,False
69,160881,,False
69,160888,,False
69,160901,,False
69,160914,,False
69,160920,,False
69,160924,,False
69,160930,,False
69,160932,,False
69,160937,,False
69,160938,,False
69,160941,,False
69,160942,,False
69,160953,,False
69,160975,,False
69,160984,,False
69,160994,,False
69,160995,,False
69,161001,,False
69,161010,,False
69,161024,,False
69,161042,,False
69,161049,,False
69,161050,,False
69,161053,,False
69,161056,,False
69,161057,,False
69,161060,,False
69,161062,,False
69,161065,,False
69,161087,,False
69,161089,,False
69,161092,,False
69,161094,,False
69,161099,,False
69,161120,,False
69,161130,,False
69,161136,,False
69,161160,,False
69,161174,,False
69,161177,,False
69,161206,,False
69,161216,,False
69,161219,,False
69,161220,,False
69,161231,,False
69,161246,,False
69,161249,,False
69,161251,,False
69,161261,,False
69,161287,,False
69,161289,,False
69,161298,,False
69,161305,,False
69,161314,,False
69,161319,,False
69,161343,,False
69,161345,,False
69,161351,,False
69,161354,,False
69,161363,,False
69,161370,,False
69,161373,,False
69,161380,,False
69,161390,,False
69,161403,,False
69,161404,,False
69,161407,,False
69,161417,,False
69,161429,,False
69,161444,,False
69,161447,,False
69,161458,,False
69,161464,,False
69,161469,,False
69,161470,,False
69,161471,,False
69,161473,,False
69,161482,,False
69,161485,,False
69,161494,,False
69,161495,,False
69,161499,,False
69,161507,,False
69,161517,,False
69,161518,,False
69,161533,,False
69,161540,,False
69,161542,,False
69,161551,,False
69,161565,,False
69,161566,,False
69,161577,,False
69,161596,,False
69,161606,,False
69,161611,,False
69,161637,,False
69,161642,,False
69,161684,,False
69,161688,,False
69,161708,,False
69,161724,,False
69,161725,,False
69,161736,,False
69,161761,,False
69,161773,,False
69,161778,,False
69,161785,,False
69,161790,,False
69,161815,,False
69,161816,,False
69,161821,,False
69,161828,,False
69,161831,,False
69,161835,,False
69,161840,,False
69,161844,,False
69,161845,,False
69,161851,,False
69,161872,,False
69,161881,,False
69,161885,,False
69,161890,,False
69,161893,,False
69,161906,,False
69,161923,,False
69,161926,,False
69,161936,,False
69,161937,,False
69,161951,,False
69,161955,,False
69,161964,,False
69,161966,,False
69,161972,,False
69,161974,,False
69,161980,,False
69,161984,,False
69,161985,,False
69,162002,,False
69,162021,,False
69,162023,,False
69,162033,,False
69,162040,,False
69,162042,,False
69,162047,,False
69,162049,,False
69,162067,,False
69,162075,,False
69,162079,,False
69,162091,,False
69,162094,,False
69,162113,,False
69,162116,,False
69,162119,,False
69,162126,,False
69,162135,,False
69,162148,,False
69,162154,,False
69,162156,,False
69,162169,,False
69,162174,,False
69,162177,,False
69,162183,,False
69,162215,,False
69,162216,,False
69,162228,,False
69,162237,,False
69,162251,,False
69,162252,,False
69,162269,,False
69,162270,,False
69,162280,,False
69,162283,,False
69,162291,,False
69,162301,,False
69,162307,,False
69,162308,,False
69,162309,,False
69,162315,,False
69,162323,,False
69,162349,,False
69,162350,,False
69,162357,,False
69,162362,,False
69,162369,,False
69,162382,,False
69,162386,,False
69,162387,,False
69,162392,,False
69,162399,,False
69,162402,,False
69,162409,,False
69,162443,,False
69,162446,,False
69,162452,,False
69,162470,,False
69,162473,,False
69,162476,,False
69,162477,,False
69,162495,,False
69,162502,,False
69,162505,,False
69,162513,,False
69,162515,,False
69,162540,,False
69,162547,,False
69,162559,,False
69,162593,,False
69,162606,,False
69,162612,,False
69,162624,,False
69,162639,,False
69,162643,,False
69,162651,,False
69,162655,,False
69,162656,,False
69,162663,,False
69,162681,,False
69,162686,,False
69,162700,,False
69,162719,,False
69,162720,,False
69,162749,,False
69,162750,,False
69,162752,,False
69,162759,,False
69,162770,,False
69,162775,,False
69,162780,,False
69,162781,,False
69,162812,,False
69,162819,,False
69,162820,,False
69,162821,,False
69,162825,,False
69,162832,,False
69,162842,,False
69,162854,,False
69,162855,,False
69,162868,,False
69,162870,,False
69,162875,,False
69,162878,,False
69,162881,,False
69,162884,,False
69,162888,,False
69,162899,,False
69,162900,,False
69,162915,,False
69,162921,,False
69,162927,,False
69,162930,,False
69,162931,,False
69,162937,,False
69,162939,,False
69,162947,,False
69,162972,,False
69,162984,,False
69,162987,,False
69,162989,,False
69,162995,,False
69,162996,,False
69,163002,,False
69,163003,,False
69,163014,,False
69,163023,,False
69,163029,,False
69,163037,,False
69,163038,,False
69,163055,,False
69,163075,,False
69,163083,,False
69,163114,,False
69,163119,,False
69,163122,,False
69,163128,,False
69,163132,,False
69,163139,,False
69,163142,,False
69,163158,,False
69,163162,,False
69,163169,,False
69,163174,,False
69,163188,,False
69,163203,,False
69,163204,,False
69,163206,,False
69,163210,,False
69,163211,,False
69,163242,,False
69,163254,,False
69,163256,,False
69,163269,,False
69,163291,,False
69,163309,,False
69,163314,,False
69,163330,,False
69,163337,,False
69,163342,,False
69,163356,,False
69,163359,,False
69,163369,,False
69,163397,,False
69,163408,,False
69,163420,,False
69,163439,,False
69,163440,,False
69,163451,,False
69,163452,,False
69,163459,,False
69,163460,,False
69,163478,,False
69,163485,,False
69,163494,,False
69,163507,,False
69,163538,,False
69,163541,,False
69,163551,,False
69,163552,,False
69,163567,,False
69,163577,,False
69,163607,,False
69,163612,,False
69,163620,,False
69,163624,,False
69,163630,,False
69,163633,,False
69,163643,,False
69,163666,,False
69,163668,,False
69,163674,,False
69,163677,,False
69,163678,,False
69,163681,,False
69,163695,,False
69,163696,,False
69,163710,,False
69,163711,,False
69,163722,,False
69,163727,,False
69,163734,,False
69,163738,,False
69,163744,,False
69,163770,,False
69,163777,,False
69,163780,,False
69,163787,,False
69,163795,,False
69,163803,,False
69,163809,,False
69,163811,,False
69,163825,,False
69,163829,,False
69,163832,,False
69,163841,,False
69,163846,,False
69,163849,,False
69,163883,,False
69,163916,,False
69,163926,,False
69,163942,,False
69,163949,,False
69,163953,,False
69,163955,,False
69,163957,,False
69,163969,,False
69,163980,,False
69,164019,,False
69,164037,,False
69,164040,,False
69,164051,,False
69,164052,,False
69,164061,,False
69,164067,,False
69,164091,,False
69,164097,,False
69,164105,,False
69,164115,,False
69,164117,,False
69,164145,,False
69,164158,,False
69,164166,,False
69,164169,,False
69,164179,,False
69,164213,,False
69,164220,,False
69,164224,,False
69,164225,,False
69,164228,,False
69,164238,,False
69,164245,,False
69,164252,,False
69,164265,,False
69,164271,,False
69,164272,,False
69,164278,,False
69,164282,,False
69,164283,,False
69,164285,,False
69,164296,,False
69,164308,,False
69,164310,,False
69,164311,,False
69,164330,,False
69,164350,,False
69,164352,,False
69,164356,,False
69,164364,,False
69,164370,,False
69,164391,,False
69,164398,,False
69,164405,,False
69,164427,,False
69,164439,,False
69,164476,,False
69,164477,,False
69,164486,,False
69,164488,,False
69,164500,,False
69,164509,,False
69,164542,,False
69,164553,,False
69,164569,,False
69,164570,,False
69,164576,,False
69,164577,,False
69,164580,,False
69,164582,,False
69,164584,,False
69,164592,,False
69,164598,,False
69,164599,,False
69,164625,,False
69,164641,,False
69,164645,,False
69,164663,,False
69,164677,,False
69,164681,,False
69,164702,,False
69,164707,,False
69,164731,,False
69,164736,,False
69,164748,,False
69,164749,,False
69,164766,,False
69,164781,,False
69,164782,,False
69,164784,,False
69,164809,,False
69,164812,,False
69,164815,,False
69,164819,,False
69,164824,,False
69,164829,,False
69,164834,,False
69,164836,,False
69,164838,,False
69,164856,,False
69,164861,,False
69,164867,,False
69,164873,,False
69,164875,,False
69,164883,,False
69,164884,,False
69,164905,,False
69,164915,,False
69,164921,,False
69,164925,,False
69,164928,,False
69,164934,,False
69,164936,,False
69,164949,,False
69,164955,,False
69,164978,,False
69,164986,,False
69,164992,,False
69,164993,,False
69,164994,,False
69,164997,,False
69,165006,,False
69,165017,,False
69,165027,,False
69,165031,,False
69,165040,,False
69,165049,,False
69,165065,,False
69,165076,,False
69,165079,,False
69,165099,,False
69,165106,,False
69,165111,,False
69,165121,,False
69,165134,,False
69,165139,,False
69,165163,,False
69,165169,,False
69,165196,,False
69,165200,,False
69,165205,,False
69,165208,,False
69,165209,,False
69,165222,,False
69,165225,,False
69,165227,,False
69,165241,,False
69,165267,,False
69,165275,,False
69,165279,,False
69,165284,,False
69,165306,,False
69,165311,,False
69,165324,,False
69,165333,,False
69,165341,,False
69,165343,,False
69,165353,,False
69,165355,,False
69,165367,,False
69,165368,,False
69,165370,,False
69,165375,,False
69,165391,,False
69,165393,,False
69,165397,,False
69,165417,,False
69,165427,,False
69,165430,,False
69,165431,,False
69,165443,,False
69,165446,,False
69,165453,,False
69,165475,,False
69,165478,,False
69,165483,,False
69,165495,,False
69,165499,,False
69,165507,,False
69,165517,,False
69,165533,,False
69,165540,,False
69,165549,,False
69,165558,,False
69,165565,,False
69,165586,,False
69,165588,,False
69,165590,,False
69,165612,,False
69,165617,,False
69,165623,,False
69,165625,,False
69,165641,,False
69,165670,,False
69,165683,,False
69,165689,,False
69,165690,,False
69,165695,,False
69,165720,,False
69,165726,,False
69,165745,,False
69,165747,,False
69,165756,,False
69,165759,,False
69,165766,,False
69,165801,,False
69,165805,,False
69,165817,,False
69,165828,,False
69,165856,,False
69,165862,,False
69,165866,,False
69,165874,,False
69,165893,,False
69,165894,,False
69,165896,,False
69,165901,,False
69,165904,,False
69,165907,,False
69,165916,,False
69,165922,,False
69,165924,,False
69,165933,,False
69,165956,,False
69,165975,,False
69,165978,,False
69,165979,,False
69,165992,,False
69,166008,,False
69,166009,,False
69,166029,,False
69,166034,,False
69,166039,,False
69,166043,,False
69,166050,,False
69,166056,,False
69,166062,,False
69,166064,,False
69,166069,,False
69,166075,,False
69,166077,,False
69,166093,,False
69,166100,,False
69,166102,,False
69,166113,,False
69,166120,,False
69,166132,,False
69,166134,,False
69,166138,,False
69,166142,,False
69,166146,,False
69,166169,,False
69,166177,,False
69,166179,,False
69,166181,,False
69,166182,,False
69,166183,,False
69,166191,,False
69,166200,,False
69,166212,,False
69,166233,,False
69,166240,,False
69,166241,,False
69,166250,,False
69,166262,,False
69,166264,,False
69,166279,,False
69,166292,,False
69,166331,,False
69,166336,,False
69,166337,,False
69,166339,,False
69,166342,,False
69,166343,,False
69,166351,,False
69,166362,,False
69,166368,,False
69,166374,,False
69,166375,,False
69,166379,,False
69,166384,,False
69,166389,,False
69,166394,,False
69,166424,,False
69,166429,,False
69,166450,,False
69,166460,,False
69,166465,,False
69,166474,,False
69,166478,,False
69,166480,,False
69,166482,,False
69,166485,,False
69,166486,,False
69,166488,,False
69,166491,,False
69,166512,,False
69,166531,,False
69,166535,,False
69,166536,,False
69,166569,,False
69,166579,,False
69,166582,,False
69,166584,,False
69,166588,,False
69,166604,,False
69,166610,,False
69,166615,,False
69,166638,,False
69,166643,,False
69,166646,,False
69,166651,,False
69,166665,,False
69,166666,,False
69,166672,,False
69,166677,,False
69,166684,,False
69,166690,,False
69,166697,,False
69,166712,,False
69,166718,,False
69,166724,,False
69,166753,,False
69,166755,,False
69,166759,,False
69,166774,,False
69,166783,,False
69,166807,,False
69,166814,,False
69,166815,,False
69,166834,,False
69,166858,,False
69,166863,,False
69,166866,,False
69,166868,,False
69,166875,,False
69,166880,,False
69,166882,,False
69,166884,,False
69,166897,,False
69,166907,,False
69,166911,,False
69,166912,,False
69,166916,,False
69,166921,,False
69,166922,,False
69,166925,,False
69,166926,,False
69,166929,,False
69,166938,,False
69,166939,,False
69,166942,,False
69,166943,,False
69,166947,,False
69,166949,,False
69,166950,,False
69,166971,,False
69,166978,,False
69,166987,,False
69,166990,,False
69,166992,,False
69,167001,,False
69,167004,,False
69,167007,,False
69,167008,,False
69,167013,,False
69,167018,,False
69,167023,,False
69,167028,,False
69,167030,,False
69,167047,,False
69,167052,,False
69,167060,,False
69,167062,,False
69,167065,,False
69,167069,,False
69,167071,,False
69,167076,,False
69,167086,,False
69,167093,,False
69,167101,,False
69,167111,,False
69,167114,,False
69,167116,,False
69,167117,,False
69,167133,,False
69,167140,,False
69,167143,,False
69,167144,,False
69,167148,,False
69,167156,,False
69,167168,,False
69,167179,,False
69,167188,,False
69,167194,,False
69,167208,,False
69,167219,,False
69,167238,,False
69,167239,,False
69,167243,,False
69,167254,,False
69,167266,,False
69,167267,,False
69,167292,,False
69,167293,,False
69,167295,,False
69,167307,,False
69,167321,,False
69,167328,,False
69,167332,,False
69,167333,,False
69,167335,,False
69,167342,,False
69,167345,,False
69,167366,,False
69,167374,,False
69,167386,,False
69,167392,,False
69,167394,,False
69,167410,,False
69,167412,,False
69,167415,,False
69,167426,,False
69,167439,,False
69,167449,,False
69,167476,,False
69,167479,,False
69,167484,,False
69,167503,,False
69,167507,,False
69,167520,,False
69,167530,,False
69,167541,,False
69,167543,,False
69,167550,,False
69,167578,,False
69,167581,,False
69,167588,,False
69,167597,,False
69,167608,,False
69,167617,,False
69,167623,,False
69,167654,,False
69,167659,,False
69,167660,,False
69,167681,,False
69,167683,,False
69,167685,,False
69,167697,,False
69,167714,,False
69,167716,,False
69,167722,,False
69,167728,,False
69,167732,,False
69,167733,,False
69,167736,,False
69,167743,,False
69,167761,,False
69,167765,,False
69,167768,,False
69,167774,,False
69,167775,,False
69,167780,,False
69,167784,,False
69,167795,,False
69,167807,,False
69,167811,,False
69,167816,,False
69,167823,,False
69,167859,,False
69,167861,,False
69,167863,,False
69,167872,,False
69,167874,,False
69,167878,,False
69,167886,,False
69,167899,,False
69,167902,,False
69,167907,,False
69,167908,,False
69,167914,,False
69,167920,,False
69,167922,,False
69,167925,,False
69,167928,,False
69,167930,,False
69,167932,,False
69,167958,,False
69,167962,,False
69,167979,,False
69,167987,,False
69,167997,,False
69,167998,,False
69,168000,,False
69,168010,,False
69,168035,,False
69,168037,,False
69,168039,,False
69,168053,,False
69,168061,,False
69,168072,,False
69,168083,,False
69,168084,,False
69,168098,,False
69,168100,,False
69,168105,,False
69,168110,,False
69,168116,,False
69,168117,,False
69,168119,,False
69,168123,,False
69,168124,,False
69,168141,,False
69,168158,,False
69,168165,,False
69,168170,,False
69,168172,,False
69,168173,,False
69,168183,,False
69,168185,,False
69,168195,,False
69,168201,,False
69,168202,,False
69,168204,,False
69,168210,,False
69,168211,,False
69,168216,,False
69,168220,,False
69,168224,,False
69,168229,,False
69,168241,,False
69,168243,,False
69,168259,,False
69,168265,,False
69,168269,,False
69,168287,,False
69,168303,,False
69,168316,,False
69,168320,,False
69,168323,,False
69,168329,,False
69,168331,,False
69,168334,,False
69,168335,,False
69,168344,,False
69,168349,,False
69,168353,,False
69,168356,,False
69,168364,,False
69,168368,,False
69,168369,,False
69,168373,,False
69,168379,,False
69,168387,,False
69,168416,,False
69,168425,,False
69,168441,,False
69,168461,,False
69,168465,,False
69,168478,,False
69,168490,,False
69,168494,,False
69,168499,,False
69,168506,,False
69,168527,,False
69,168530,,False
69,168535,,False
69,168536,,False
69,168560,,False
69,168564,,False
69,168578,,False
69,168589,,False
69,168592,,False
69,168594,,False
69,168598,,False
69,168610,,False
69,168617,,False
69,168628,,False
69,168634,,False
69,168650,,False
69,168654,,False
69,168656,,False
69,168659,,False
69,168661,,False
69,168663,,False
69,168669,,False
69,168679,,False
69,168682,,False
69,168687,,False
69,168707,,False
69,168724,,False
69,168733,,False
69,168766,,False
69,168767,,False
69,168775,,False
69,168776,,False
69,168792,,False
69,168826,,False
69,168830,,False
69,168833,,False
69,168838,,False
69,168848,,False
69,168852,,False
69,168865,,False
69,168871,,False
69,168874,,False
69,168877,,False
69,168897,,False
69,168899,,False
69,168912,,False
69,168913,,False
69,168916,,False
69,168928,,False
69,168942,,False
69,168943,,False
69,168952,,False
69,168960,,False
69,168962,,False
69,168976,,False
69,168988,,False
69,168996,,False
69,169002,,False
69,169004,,False
69,169008,,False
69,169009,,False
69,169018,,False
69,169023,,False
69,169024,,False
69,169043,,False
69,169067,,False
69,169070,,False
69,169084,,False
69,169091,,False
69,169094,,False
69,169101,,False
69,169109,,False
69,169117,,False
69,169120,,False
69,169123,,False
69,169127,,False
69,169144,,False
69,169146,,False
69,169164,,False
69,169166,,False
69,169167,,False
69,169172,,False
69,169179,,False
69,169185,,False
69,169188,,False
69,169192,,False
69,169195,,False
69,169201,,False
69,169212,,False
69,169213,,False
69,169234,,False
69,169241,,False
69,169256,,False
69,169263,,False
69,169266,,False
69,169279,,False
69,169286,,False
69,169292,,False
69,169294,,False
69,169295,,False
69,169306,,False
69,169314,,False
69,169322,,False
69,169326,,False
69,169354,,False
69,169363,,False
69,169369,,False
69,169378,,False
69,169383,,False
69,169384,,False
69,169390,,False
69,169392,,False
69,169399,,False
69,169402,,False
69,169409,,False
69,169421,,False
69,169436,,False
69,169441,,False
69,169446,,False
69,169448,,False
69,169458,,False
69,169467,,False
69,169482,,False
69,169500,,False
69,169504,,False
69,169519,,False
69,169523,,False
69,169527,,False
69,169528,,False
69,169535,,False
69,169540,,False
69,169549,,False
69,169559,,False
69,169560,,False
69,169569,,False
69,169571,,False
69,169574,,False
69,169591,,False
69,169613,,False
69,169614,,False
69,169620,,False
69,169641,,False
69,169649,,False
69,169653,,False
69,169675,,False
69,169679,,False
69,169686,,False
69,169697,,False
69,169703,,False
69,169705,,False
69,169718,,False
69,169719,,False
69,169736,,False
69,169739,,False
69,169741,,False
69,169760,,False
69,169764,,False
69,169777,,False
69,169785,,False
69,169791,,False
69,169799,,False
69,169811,,False
69,169822,,False
69,169854,,False
69,169859,,False
69,169876,,False
69,169890,,False
69,169897,,False
69,169903,,False
69,169907,,False
69,169912,,False
69,169914,,False
69,169934,,False
69,169935,,False
69,169940,,False
69,169941,,False
69,169945,,False
69,169947,,False
69,169957,,False
69,169972,,False
69,169973,,False
69,169986,,False
69,170007,,False
69,170021,,False
69,170022,,False
69,170024,,False
69,170028,,False
69,170029,,False
69,170072,,False
69,170075,,False
69,170099,,False
69,170101,,False
69,170114,,False
69,170116,,False
69,170121,,False
69,170125,,False
69,170131,,False
69,170138,,False
69,170144,,False
69,170150,,False
69,170178,,False
69,170184,,False
69,170191,,False
69,170200,,False
69,170218,,False
69,170226,,False
69,170231,,False
69,170236,,False
69,170242,,False
69,170267,,False
69,170268,,False
69,170269,,False
69,170278,,False
69,170285,,False
69,170286,,False
69,170288,,False
69,170303,,False
69,170371,,False
69,170383,,False
69,170393,,False
69,170397,,False
69,170403,,False
69,170406,,False
69,170417,,False
69,170425,,False
69,170428,,False
69,170459,,False
69,170467,,False
69,170470,,False
69,170473,,False
69,170480,,False
69,170483,,False
69,170503,,False
69,170574,,False
69,170582,,False
69,170592,,False
69,170593,,False
69,170604,,False
69,170609,,False
69,170628,,False
69,170654,,False
69,170668,,False
69,170670,,False
69,170677,,False
69,170678,,False
69,170689,,False
69,170695,,False
69,170700,,False
69,170705,,False
69,170714,,False
69,170721,,False
69,170722,,False
69,170725,,False
69,170726,,False
69,170733,,False
69,170756,,False
69,170760,,False
69,170764,,False
69,170768,,False
69,170780,,False
69,170789,,False
69,170801,,False
69,170812,,False
69,170813,,False
69,170821,,False
69,170832,,False
69,170839,,False
69,170847,,False
69,170897,,False
69,170902,,False
69,170909,,False
69,170915,,False
69,170928,,False
69,170932,,False
69,170942,,False
69,170952,,False
69,170961,,False
69,170962,,False
69,170969,,False
69,170970,,False
69,170979,,False
69,170980,,False
69,170983,,False
69,170984,,False
69,171002,,False
69,171005,,False
69,171014,,False
69,171017,,False
69,171020,,False
69,171026,,False
69,171033,,False
69,171045,,False
69,171048,,False
69,171051,,False
69,171068,,False
69,171090,,False
69,171091,,False
69,171095,,False
69,171097,,False
69,171105,,False
69,171115,,False
69,171145,,False
69,171146,,False
69,171178,,False
69,171185,,False
69,171201,,False
69,171204,,False
69,171209,,False
69,171210,,False
69,171215,,False
69,171221,,False
69,171227,,False
69,171244,,False
69,171250,,False
69,171254,,False
69,171262,,False
69,171271,,False
69,171276,,False
69,171278,,False
69,171283,,False
69,171287,,False
69,171289,,False
69,171292,,False
69,171300,,False
69,171303,,False
69,171319,,False
69,171344,,False
69,171348,,False
69,171351,,False
69,171355,,False
69,171362,,False
69,171370,,False
69,171387,,False
69,171396,,False
69,171398,,False
69,171407,,False
69,171414,,False
69,171418,,False
69,171428,,False
69,171429,,False
69,171431,,False
69,171438,,False
69,171440,,False
69,171441,,False
69,171445,,False
69,171457,,False
69,171465,,False
69,171468,,False
69,171472,,False
69,171478,,False
69,171484,,False
69,171501,,False
69,171504,,False
69,171508,,False
69,171511,,False
69,171521,,False
69,171527,,False
69,171577,,False
69,171578,,False
69,171585,,False
69,171587,,False
69,171588,,False
69,171589,,False
69,171595,,False
69,171619,,False
69,171622,,False
69,171651,,False
69,171657,,False
69,171659,,False
69,171669,,False
69,171673,,False
69,171680,,False
69,171681,,False
69,171684,,False
69,171686,,False
69,171687,,False
69,171703,,False
69,171714,,False
69,171727,,False
69,171729,,False
69,171737,,False
69,171738,,False
69,171751,,False
69,171762,,False
69,171782,,False
69,171792,,False
69,171796,,False
69,171798,,False
69,171799,,False
69,171806,,False
69,171819,,False
69,171821,,False
69,171834,,False
69,171837,,False
69,171838,,False
69,171840,,False
69,171841,,False
69,171858,,False
69,171869,,False
69,171893,,False
69,171903,,False
69,171911,,False
69,171926,,False
69,171929,,False
69,171934,,False
69,171955,,False
69,171961,,False
69,171976,,False
69,171984,,False
69,171986,,False
69,172012,,False
69,172014,,False
69,172024,,False
69,172025,,False
69,172027,,False
69,172029,,False
69,172032,,False
69,172038,,False
69,172044,,False
69,172045,,False
69,172055,,False
69,172058,,False
69,172064,,False
69,172070,,False
69,172079,,False
69,172087,,False
69,172093,,False
69,172097,,False
69,172107,,False
69,172110,,False
69,172118,,False
69,172119,,False
69,172155,,False
69,172156,,False
69,172157,,False
69,172162,,False
69,172173,,False
69,172176,,False
69,172182,,False
69,172190,,False
69,172206,,False
69,172213,,False
69,172226,,False
69,172232,,False
69,172235,,False
69,172247,,False
69,172258,,False
69,172268,,False
69,172269,,False
69,172278,,False
69,172282,,False
69,172284,,False
69,172291,,False
69,172300,,False
69,172301,,False
69,172305,,False
69,172307,,False
69,172318,,False
69,172323,,False
69,172332,,False
69,172340,,False
69,172343,,False
69,172348,,False
69,172359,,False
69,172364,,False
69,172367,,False
69,172372,,False
69,172383,,False
69,172387,,False
69,172390,,False
69,172394,,False
69,172411,,False
69,172414,,False
69,172426,,False
69,172427,,False
69,172444,,False
69,172458,,False
69,172463,,False
69,172465,,False
69,172468,,False
69,172495,,False
69,172509,,False
69,172519,,False
69,172523,,False
69,172547,,False
69,172555,,False
69,172562,,False
69,172581,,False
69,172583,,False
69,172596,,False
69,172600,,False
69,172602,,False
69,172607,,False
69,172614,,False
69,172616,,False
69,172619,,False
69,172626,,False
69,172633,,False
69,172651,,False
69,172656,,False
69,172658,,False
69,172666,,False
69,172672,,False
69,172673,,False
69,172683,,False
69,172684,,False
69,172687,,False
69,172691,,False
69,172694,,False
69,172699,,False
69,172710,,False
69,172714,,False
69,172722,,False
69,172740,,False
69,172745,,False
69,172746,,False
69,172748,,False
69,172750,,False
69,172759,,False
69,172761,,False
69,172772,,False
69,172777,,False
69,172785,,False
69,172787,,False
69,172790,,False
69,172797,,False
69,172798,,False
69,172799,,False
69,172805,,False
69,172806,,False
69,172820,,False
69,172824,,False
69,172827,,False
69,172843,,False
69,172847,,False
69,172852,,False
69,172856,,False
69,172859,,False
69,172862,,False
69,172864,,False
69,172872,,False
69,172876,,False
69,172878,,False
69,172881,,False
69,172882,,False
69,172893,,False
69,172897,,False
69,172898,,False
69,172902,,False
69,172913,,False
69,172923,,False
69,172925,,False
69,172929,,False
69,172955,,False
69,172956,,False
69,172970,,False
69,172971,,False
69,172973,,False
69,172984,,False
69,172987,,False
69,172988,,False
69,173007,,False
69,173017,,False
69,173041,,False
69,173050,,False
69,173054,,False
69,173056,,False
69,173067,,False
69,173075,,False
69,173079,,False
69,173083,,False
69,173084,,False
69,173091,,False
69,173098,,False
69,173110,,False
69,173115,,False
69,173126,,False
69,173135,,False
69,173138,,False
69,173147,,False
69,173151,,False
69,173161,,False
69,173165,,False
69,173168,,False
69,173181,,False
69,173189,,False
69,173194,,False
69,173204,,False
69,173210,,False
69,173215,,False
69,173217,,False
69,173218,,False
69,173225,,False
69,173228,,False
69,173245,,False
69,173254,,False
69,173265,,False
69,173274,,False
69,173278,,False
69,173284,,False
69,173299,,False
69,173301,,False
69,173316,,False
69,173321,,False
69,173328,,False
69,173333,,False
69,173350,,False
69,173367,,False
69,173375,,False
69,173376,,False
69,173378,,False
69,173379,,False
69,173386,,False
69,173393,,False
69,173407,,False
69,173414,,False
69,173415,,False
69,173416,,False
69,173429,,False
69,173469,,False
69,173481,,False
69,173482,,False
69,173489,,False
69,173504,,False
69,173510,,False
69,173516,,False
69,173519,,False
69,173521,,False
69,173524,,False
69,173532,,False
69,173536,,False
69,173546,,False
69,173548,,False
69,173550,,False
69,173551,,False
69,173565,,False
69,173572,,False
69,173575,,False
69,173578,,False
69,173580,,False
69,173581,,False
69,173591,,False
69,173594,,False
69,173606,,False
69,173610,,False
69,173618,,False
69,173626,,False
69,173630,,False
69,173640,,False
69,173643,,False
69,173645,,False
69,173667,,False
69,173673,,False
69,173677,,False
69,173678,,False
69,173679,,False
69,173685,,False
69,173690,,False
69,173692,,False
69,173699,,False
69,173707,,False
69,173708,,False
69,173711,,False
69,173713,,False
69,173722,,False
69,173724,,False
69,173731,,False
69,173752,,False
69,173758,,False
69,173780,,False
69,173796,,False
69,173801,,False
69,173802,,False
69,173822,,False
69,173826,,False
69,173827,,False
69,173834,,False
69,173835,,False
69,173844,,False
69,173845,,False
69,173847,,False
69,173850,,False
69,173853,,False
69,173854,,False
69,173864,,False
69,173871,,False
69,173877,,False
69,173882,,False
69,173886,,False
69,173907,,False
69,173911,,False
69,173929,,False
69,173931,,False
69,173933,,False
69,173934,,False
69,173936,,False
69,173938,,False
69,173939,,False
69,173944,,False
69,173945,,False
69,173954,,False
69,173958,,False
69,173965,,False
69,173966,,False
69,173973,,False
69,173976,,False
69,173983,,False
69,173989,,False
69,173997,,False
69,173999,,False
69,174007,,False
69,174012,,False
69,174021,,False
69,174023,,False
69,174024,,False
69,174027,,False
69,174030,,False
69,174031,,False
69,174041,,False
69,174042,,False
69,174060,,False
69,174064,,False
69,174066,,False
69,174071,,False
69,174095,,False
69,174115,,False
69,174117,,False
69,174122,,False
69,174124,,False
69,174127,,False
69,174136,,False
69,174142,,False
69,174143,,False
69,174147,,False
69,174149,,False
69,174150,,False
69,174158,,False
69,174162,,False
69,174168,,False
69,174179,,False
69,174191,,False
69,174196,,False
69,174213,,False
69,174217,,False
69,174224,,False
69,174238,,False
69,174241,,False
69,174245,,False
69,174268,,False
69,174273,,False
69,174275,,False
69,174290,,False
69,174295,,False
69,174306,,False
69,174313,,False
69,174319,,False
69,174320,,False
69,174322,,False
69,174327,,False
69,174330,,False
69,174334,,False
69,174336,,False
69,174338,,False
69,174339,,False
69,174347,,False
69,174348,,False
69,174370,,False
69,174375,,False
69,174381,,False
69,174393,,False
69,174394,,False
69,174428,,False
69,174433,,False
69,174434,,False
69,174439,,False
69,174448,,False
69,174453,,False
69,174469,,False
69,174491,,False
69,174498,,False
69,174540,,False
69,174542,,False
69,174543,,False
69,174566,,False
69,174571,,False
69,174572,,False
69,174575,,False
69,174582,,False
69,174586,,False
69,174596,,False
69,174608,,False
69,174609,,False
69,174620,,False
69,174634,,False
69,174638,,False
69,174642,,False
69,174643,,False
69,174649,,False
69,174652,,False
69,174655,,False
69,174658,,False
69,174665,,False
69,174667,,False
69,174687,,False
69,174697,,False
69,174699,,False
69,174703,,False
69,174705,,False
69,174712,,False
69,174724,,False
69,174728,,False
69,174730,,False
69,174756,,False
69,174758,,False
69,174759,,False
69,174762,,False
69,174764,,False
69,174767,,False
69,174775,,False
69,174782,,False
69,174810,,False
69,174811,,False
69,174826,,False
69,174831,,False
69,174839,,False
69,174844,,False
69,174847,,False
69,174857,,False
69,174858,,False
69,174866,,False
69,174868,,False
69,174905,,False
69,174907,,False
69,174917,,False
69,174919,,False
69,174921,,False
69,174923,,False
69,174926,,False
69,174927,,False
69,174929,,False
69,174934,,False
69,174937,,False
69,174941,,False
69,174945,,False
69,174948,,False
69,174959,,False
69,174963,,False
69,174964,,False
69,174986,,False
69,174989,,False
69,174993,,False
69,174996,,False
69,174999,,False
69,175004,,False
69,175013,,False
69,175022,,False
69,175027,,False
69,175044,,False
69,175049,,False
69,175055,,False
69,175058,,False
69,175065,,False
69,175070,,False
69,175076,,False
69,175077,,False
69,175087,,False
69,175091,,False
69,175099,,False
69,175101,,False
69,175108,,False
69,175111,,False
69,175122,,False
69,175127,,False
69,175128,,False
69,175130,,False
69,175131,,False
69,175132,,False
69,175136,,False
69,175140,,False
69,175148,,False
69,175149,,False
69,175165,,False
69,175169,,False
69,175178,,False
69,175180,,False
69,175199,,False
69,175201,,False
69,175208,,False
69,175212,,False
69,175215,,False
69,175223,,False
69,175255,,False
69,175280,,False
69,175284,,False
69,175296,,False
69,175302,,False
69,175303,,False
69,175306,,False
69,175327,,False
69,175330,,False
69,175342,,False
69,175347,,False
69,175349,,False
69,175353,,False
69,175357,,False
69,175358,,False
69,175360,,False
69,175368,,False
69,175371,,False
69,175375,,False
69,175395,,False
69,175410,,False
69,175414,,False
69,175418,,False
69,175421,,False
69,175426,,False
69,175428,,False
69,175437,,False
69,175441,,False
69,175461,,False
69,175465,,False
69,175476,,False
69,175492,,False
69,175513,,False
69,175524,,False
69,175533,,False
69,175535,,False
69,175571,,False
69,175578,,False
69,175580,,False
69,175595,,False
69,175608,,False
69,175610,,False
69,175618,,False
69,175637,,False
69,175645,,False
69,175653,,False
69,175657,,False
69,175661,,False
69,175662,,False
69,175674,,False
69,175678,,False
69,175687,,False
69,175693,,False
69,175694,,False
69,175696,,False
69,175704,,False
69,175709,,False
69,175713,,False
69,175723,,False
69,175725,,False
69,175741,,False
69,175744,,False
69,175750,,False
69,175753,,False
69,175757,,False
69,175758,,False
69,175764,,False
69,175765,,False
69,175770,,False
69,175789,,False
69,175799,,False
69,175811,,False
69,175814,,False
69,175864,,False
69,175867,,False
69,175890,,False
69,175902,,False
69,175905,,False
69,175919,,False
69,175924,,False
69,175926,,False
69,175941,,False
69,175943,,False
69,175945,,False
69,175949,,False
69,175950,,False
69,175955,,False
69,175963,,False
69,175977,,False
69,175985,,False
69,175988,,False
69,175990,,False
69,176010,,False
69,176017,,False
69,176040,,False
69,176045,,False
69,176066,,False
69,176072,,False
69,176074,,False
69,176081,,False
69,176082,,False
69,176084,,False
69,176094,,False
69,176113,,False
69,176116,,False
69,176117,,False
69,176148,,False
69,176151,,False
69,176161,,False
69,176164,,False
69,176180,,False
69,176183,,False
69,176205,,False
69,176213,,False
69,176222,,False
69,176240,,False
69,176242,,False
69,176257,,False
69,176270,,False
69,176271,,False
69,176276,,False
69,176279,,False
69,176280,,False
69,176283,,False
69,176287,,False
69,176293,,False
69,176294,,False
69,176316,,False
69,176329,,False
69,176337,,False
69,176344,,False
69,176358,,False
69,176364,,False
69,176367,,False
69,176373,,False
69,176377,,False
69,176379,,False
69,176387,,False
69,176401,,False
69,176402,,False
69,176405,,False
69,176410,,False
69,176422,,False
69,176453,,False
69,176471,,False
69,176479,,False
69,176483,,False
69,176494,,False
69,176504,,False
69,176516,,False
69,176525,,False
69,176535,,False
69,176540,,False
69,176553,,False
69,176569,,False
69,176575,,False
69,176594,,False
69,176599,,False
69,176601,,False
69,176611,,False
69,176615,,False
69,176616,,False
69,176639,,False
69,176648,,False
69,176649,,False
69,176653,,False
69,176660,,False
69,176663,,False
69,176668,,False
69,176669,,False
69,176671,,False
69,176672,,False
69,176691,,False
69,176695,,False
69,176704,,False
69,176706,,False
69,176711,,False
69,176719,,False
69,176722,,False
69,176724,,False
69,176740,,False
69,176741,,False
69,176743,,False
69,176748,,False
69,176750,,False
69,176751,,False
69,176754,,False
69,176763,,False
69,176766,,False
69,176778,,False
69,176783,,False
69,176786,,False
69,176788,,False
69,176805,,False
69,176814,,False
69,176830,,False
69,176837,,False
69,176840,,False
69,176841,,False
69,176848,,False
69,176856,,False
69,176857,,False
69,176867,,False
69,176873,,False
69,176877,,False
69,176881,,False
69,176883,,False
69,176885,,False
69,176897,,False
69,176903,,False
69,176906,,False
69,176915,,False
69,176923,,False
69,176933,,False
69,176950,,False
69,176955,,False
69,176956,,False
69,176958,,False
69,176971,,False
69,176976,,False
69,176985,,False
69,176991,,False
69,176993,,False
69,177004,,False
69,177012,,False
69,177014,,False
69,177019,,False
69,177027,,False
69,177031,,False
69,177039,,False
69,177040,,False
69,177050,,False
69,177059,,False
69,177072,,False
69,177078,,False
69,177088,,False
69,177092,,False
69,177105,,False
69,177127,,False
69,177130,,False
69,177138,,False
69,177139,,False
69,177149,,False
69,177150,,False
69,177153,,False
69,177161,,False
69,177169,,False
69,177173,,False
69,177175,,False
69,177178,,False
69,177190,,False
69,177191,,False
69,177205,,False
69,177218,,False
69,177222,,False
69,177237,,False
69,177246,,False
69,177259,,False
69,177264,,False
69,177268,,False
69,177276,,False
69,177277,,False
69,177278,,False
69,177284,,False
69,177285,,False
69,177287,,False
69,177297,,False
69,177303,,False
69,177316,,False
69,177318,,False
69,177320,,False
69,177324,,False
69,177330,,False
69,177335,,False
69,177351,,False
69,177359,,False
69,177390,,False
69,177392,,False
69,177418,,False
69,177421,,False
69,177430,,False
69,177431,,False
69,177436,,False
69,177437,,False
69,177466,,False
69,177473,,False
69,177487,,False
69,177493,,False
69,177518,,False
69,177533,,False
69,177537,,False
69,177542,,False
69,177548,,False
69,177549,,False
69,177558,,False
69,177564,,False
69,177565,,False
69,177572,,False
69,177576,,False
69,177588,,False
69,177589,,False
69,177590,,False
69,177613,,False
69,177626,,False
69,177633,,False
69,177642,,False
69,177654,,False
69,177658,,False
69,177666,,False
69,177675,,False
69,177689,,False
69,177706,,False
69,177708,,False
69,177710,,False
69,177711,,False
69,177720,,False
69,177721,,False
69,177728,,False
69,177748,,False
69,177756,,False
69,177761,,False
69,177764,,False
69,177765,,False
69,177774,,False
69,177787,,False
69,177795,,False
69,177796,,False
69,177800,,False
69,177812,,False
69,177813,,False
69,177827,,False
69,177831,,False
69,177833,,False
69,177851,,False
69,177857,,False
69,177863,,False
69,177866,,False
69,177893,,False
69,177910,,False
69,177918,,False
69,177923,,False
69,177928,,False
69,177930,,False
69,177936,,False
69,177945,,False
69,177962,,False
69,177980,,False
69,177981,,False
69,178000,,False
69,178024,,False
69,178025,,False
69,178032,,False
69,178038,,False
69,178042,,False
69,178047,,False
69,178049,,False
69,178057,,False
69,178063,,False
69,178069,,False
69,178072,,False
69,178089,,False
69,178090,,False
69,178097,,False
69,178122,,False
69,178129,,False
69,178146,,False
69,178149,,False
69,178172,,False
69,178176,,False
69,178184,,False
69,178190,,False
69,178208,,False
69,178218,,False
69,178219,,False
69,178225,,False
69,178229,,False
69,178238,,False
69,178240,,False
69,178243,,False
69,178262,,False
69,178276,,False
69,178280,,False
69,178281,,False
69,178284,,False
69,178285,,False
69,178287,,False
69,178288,,False
69,178293,,False
69,178296,,False
69,178305,,False
69,178325,,False
69,178327,,False
69,178330,,False
69,178339,,False
69,178344,,False
69,178351,,False
69,178358,,False
69,178361,,False
69,178374,,False
69,178381,,False
69,178383,,False
69,178388,,False
69,178391,,False
69,178396,,False
69,178407,,False
69,178416,,False
69,178422,,False
69,178423,,False
69,178426,,False
69,178431,,False
69,178446,,False
69,178448,,False
69,178462,,False
69,178463,,False
69,178469,,False
69,178471,,False
69,178474,,False
69,178475,,False
69,178482,,False
69,178484,,False
69,178494,,False
69,178506,,False
69,178508,,False
69,178516,,False
69,178526,,False
69,178527,,False
69,178532,,False
69,178541,,False
69,178559,,False
69,178568,,False
69,178571,,False
69,178572,,False
69,178579,,False
69,178586,,False
69,178599,,False
69,178605,,False
69,178636,,False
69,178638,,False
69,178653,,False
69,178656,,False
69,178659,,False
69,178660,,False
69,178664,,False
69,178668,,False
69,178670,,False
69,178671,,False
69,178689,,False
69,178706,,False
69,178734,,False
69,178748,,False
69,178761,,False
69,178766,,False
69,178775,,False
69,178783,,False
69,178786,,False
69,178798,,False
69,178816,,False
69,178821,,False
69,178851,,False
69,178858,,False
69,178865,,False
69,178869,,False
69,178877,,False
69,178883,,False
69,178886,,False
69,178891,,False
69,178895,,False
69,178911,,False
69,178917,,False
69,178923,,False
69,178924,,False
69,178930,,False
69,178934,,False
69,178936,,False
69,178940,,False
69,178951,,False
69,178959,,False
69,178971,,False
69,178974,,False
69,178977,,False
69,178978,,False
69,178981,,False
69,178984,,False
69,178987,,False
69,178999,,False
69,179000,,False
69,179002,,False
69,179010,,False
69,179019,,False
69,179023,,False
69,179042,,False
69,179047,,False
69,179049,,False
69,179057,,False
69,179067,,False
69,179071,,False
69,179103,,False
69,179108,,False
69,179126,,False
69,179134,,False
69,179142,,False
69,179159,,False
69,179162,,False
69,179163,,False
69,179166,,False
69,179174,,False
69,179178,,False
69,179183,,False
69,179185,,False
69,179192,,False
69,179201,,False
69,179208,,False
69,179213,,False
69,179216,,False
69,179217,,False
69,179218,,False
69,179219,,False
69,179223,,False
69,179225,,False
69,179233,,False
69,179238,,False
69,179258,,False
69,179259,,False
69,179260,,False
69,179268,,False
69,179270,,False
69,179283,,False
69,179291,,False
69,179317,,False
69,179336,,False
69,179344,,False
69,179350,,False
69,179353,,False
69,179359,,False
69,179362,,False
69,179374,,False
69,179377,,False
69,179379,,False
69,179395,,False
69,179398,,False
69,179402,,False
69,179405,,False
69,179406,,False
69,179412,,False
69,179427,,False
69,179429,,False
69,179430,,False
69,179443,,False
69,179454,,False
69,179455,,False
69,179468,,False
69,179470,,False
69,179480,,False
69,179487,,False
69,179493,,False
69,179498,,False
69,179500,,False
69,179502,,False
69,179508,,False
69,179513,,False
69,179528,,False
69,179534,,False
69,179549,,False
69,179578,,False
69,179591,,False
69,179601,,False
69,179606,,False
69,179616,,False
69,179637,,False
69,179638,,False
69,179641,,False
69,179642,,False
69,179647,,False
69,179653,,False
69,179686,,False
69,179696,,False
69,179701,,False
69,179711,,False
69,179716,,False
69,179717,,False
69,179742,,False
69,179743,,False
69,179761,,False
69,179776,,False
69,179779,,False
69,179789,,False
69,179792,,False
69,179797,,False
69,179798,,False
69,179809,,False
69,179822,,False
69,179827,,False
69,179833,,False
69,179845,,False
69,179847,,False
69,179853,,False
69,179863,,False
69,179864,,False
69,179871,,False
69,179880,,False
69,179884,,False
69,179887,,False
69,179889,,False
69,179923,,False
69,179931,,False
69,179947,,False
69,179950,,False
69,179963,,False
69,179969,,False
69,179972,,False
69,179977,,False
69,179979,,False
69,179982,,False
69,179984,,False
69,179985,,False
69,179991,,False
69,180004,,False
69,180005,,False
69,180010,,False
69,180011,,False
69,180014,,False
69,180029,,False
69,180045,,False
69,180049,,False
69,180062,,False
69,180076,,False
69,180080,,False
69,180086,,False
69,180087,,False
69,180091,,False
69,180093,,False
69,180095,,False
69,180096,,False
69,180099,,False
69,180107,,False
69,180116,,False
69,180117,,False
69,180136,,False
69,180154,,False
69,180176,,False
69,180179,,False
69,180195,,False
69,180196,,False
69,180207,,False
69,180216,,False
69,180220,,False
69,180231,,False
69,180240,,False
69,180242,,False
69,180243,,False
69,180246,,False
69,180249,,False
69,180312,,False
69,180320,,False
69,180323,,False
69,180325,,False
69,180327,,False
69,180342,,False
69,180344,,False
69,180346,,False
69,180359,,False
69,180360,,False
69,180377,,False
69,180378,,False
69,180381,,False
69,180395,,False
69,180419,,False
69,180420,,False
69,180439,,False
69,180447,,False
69,180449,,False
69,180456,,False
69,180458,,False
69,180468,,False
69,180485,,False
69,180488,,False
69,180498,,False
69,180506,,False
69,180513,,False
69,180519,,False
69,180529,,False
69,180535,,False
69,180551,,False
69,180558,,False
69,180563,,False
69,180606,,False
69,180613,,False
69,180621,,False
69,180625,,False
69,180633,,False
69,180636,,False
69,180643,,False
69,180644,,False
69,180646,,False
69,180665,,False
69,180667,,False
69,180672,,False
69,180681,,False
69,180687,,False
69,180693,,False
69,180702,,False
69,180703,,False
69,180724,,False
69,180728,,False
69,180745,,False
69,180757,,False
69,180758,,False
69,180760,,False
69,180762,,False
69,180779,,False
69,180807,,False
69,180809,,False
69,180821,,False
69,180829,,False
69,180830,,False
69,180838,,False
69,180840,,False
69,180844,,False
69,180855,,False
69,180861,,False
69,180869,,False
69,180872,,False
69,180874,,False
69,180876,,False
69,180879,,False
69,180880,,False
69,180884,,False
69,180911,,False
69,180924,,False
69,180927,,False
69,180933,,False
69,180936,,False
69,180945,,False
69,180958,,False
69,180973,,False
69,180983,,False
69,181019,,False
69,181030,,False
69,181031,,False
69,181044,,False
69,181076,,False
69,181079,,False
69,181090,,False
69,181097,,False
69,181106,,False
69,181109,,False
69,181111,,False
69,181146,,False
69,181152,,False
69,181154,,False
69,181164,,False
69,181167,,False
69,181170,,False
69,181175,,False
69,181186,,False
69,181189,,False
69,181194,,False
69,181198,,False
69,181219,,False
69,181243,,False
69,181258,,False
69,181261,,False
69,181270,,False
69,181272,,False
69,181278,,False
69,181285,,False
69,181290,,False
69,181301,,False
69,181303,,False
69,181313,,False
69,181314,,False
69,181330,,False
69,181336,,False
69,181341,,False
69,181372,,False
69,181384,,False
69,181387,,False
69,181399,,False
69,181405,,False
69,181409,,False
69,181413,,False
69,181421,,False
69,181433,,False
69,181456,,False
69,181457,,False
69,181466,,False
69,181481,,False
69,181484,,False
69,181490,,False
69,181494,,False
69,181498,,False
69,181509,,False
69,181522,,False
69,181532,,False
69,181534,,False
69,181545,,False
69,181557,,False
69,181565,,False
69,181572,,False
69,181584,,False
69,181586,,False
69,181587,,False
69,181593,,False
69,181600,,False
69,181606,,False
69,181610,,False
69,181617,,False
69,181623,,False
69,181627,,False
69,181644,,False
69,181654,,False
69,181657,,False
69,181674,,False
69,181679,,False
69,181695,,False
69,181703,,False
69,181706,,False
69,181712,,False
69,181715,,False
69,181716,,False
69,181717,,False
69,181723,,False
69,181726,,False
69,181738,,False
69,181741,,False
69,181760,,False
69,181779,,False
69,181795,,False
69,181797,,False
69,181798,,False
69,181807,,False
69,181808,,False
69,181812,,False
69,181818,,False
69,181822,,False
69,181835,,False
69,181841,,False
69,181842,,False
69,181855,,False
69,181872,,False
69,181880,,False
69,181882,,False
69,181885,,False
69,181890,,False
69,181911,,False
69,181931,,False
69,181932,,False
69,181939,,False
69,181943,,False
69,181945,,False
69,181957,,False
69,181980,,False
69,182025,,False
69,182037,,False
69,182041,,False
69,182051,,False
69,182058,,False
69,182063,,False
69,182066,,False
69,182070,,False
69,182080,,False
69,182102,,False
69,182116,,False
69,182166,,False
69,182170,,False
69,182190,,False
69,182194,,False
69,182199,,False
69,182200,,False
69,182208,,False
69,182226,,False
69,182244,,False
69,182258,,False
69,182279,,False
69,182289,,False
69,182303,,False
69,182306,,False
69,182347,,False
69,182364,,False
69,182370,,False
69,182385,,False
69,182387,,False
69,182389,,False
69,182397,,False
69,182398,,False
69,182407,,False
69,182411,,False
69,182425,,False
69,182428,,False
69,182436,,False
69,182451,,False
69,182452,,False
69,182463,,False
69,182469,,False
69,182500,,False
69,182509,,False
69,182514,,False
69,182516,,False
69,182536,,False
69,182537,,False
69,182554,,False
69,182580,,False
69,182582,,False
69,182588,,False
69,182592,,False
69,182600,,False
69,182602,,False
69,182605,,False
69,182612,,False
69,182616,,False
69,182619,,False
69,182626,,False
69,182630,,False
69,182633,,False
69,182648,,False
69,182661,,False
69,182677,,False
69,182684,,False
69,182687,,False
69,182695,,False
69,182700,,False
69,182705,,False
69,182734,,False
69,182756,,False
69,182771,,False
69,182782,,False
69,182787,,False
69,182790,,False
69,182796,,False
69,182800,,False
69,182824,,False
69,182836,,False
69,182841,,False
69,182842,,False
69,182849,,False
69,182861,,False
69,182862,,False
69,182874,,False
69,182886,,False
69,182888,,False
69,182897,,False
69,182900,,False
69,182910,,False
69,182915,,False
69,182922,,False
69,182927,,False
69,182947,,False
69,182956,,False
69,182966,,False
69,182968,,False
69,182973,,False
69,182989,,False
69,182994,,False
69,182995,,False
69,183007,,False
69,183022,,False
69,183024,,False
69,183034,,False
69,183042,,False
69,183047,,False
69,183053,,False
69,183079,,False
69,183094,,False
69,183095,,False
69,183100,,False
69,183103,,False
69,183117,,False
69,183121,,False
69,183126,,False
69,183130,,False
69,183133,,False
69,183136,,False
69,183138,,False
69,183141,,False
69,183146,,False
69,183156,,False
69,183163,,False
69,183165,,False
69,183166,,False
69,183167,,False
69,183170,,False
69,183173,,False
69,183183,,False
69,183191,,False
69,183205,,False
69,183210,,False
69,183216,,False
69,183225,,False
69,183228,,False
69,183249,,False
69,183260,,False
69,183282,,False
69,183299,,False
69,183312,,False
69,183315,,False
69,183316,,False
69,183320,,False
69,183326,,False
69,183332,,False
69,183345,,False
69,183358,,False
69,183366,,False
69,183377,,False
69,183389,,False
69,183406,,False
69,183415,,False
69,183430,,False
69,183436,,False
69,183441,,False
69,183450,,False
69,183453,,False
69,183458,,False
69,183481,,False
69,183482,,False
69,183486,,False
69,183490,,False
69,183493,,False
69,183504,,False
69,183518,,False
69,183520,,False
69,183529,,False
69,183530,,False
69,183534,,False
69,183541,,False
69,183554,,False
69,183560,,False
69,183582,,False
69,183592,,False
69,183603,,False
69,183613,,False
69,183614,,False
69,183626,,False
69,183642,,False
69,183649,,False
69,183660,,False
69,183666,,False
69,183685,,False
69,183689,,False
69,183704,,False
69,183711,,False
69,183715,,False
69,183720,,False
69,183722,,False
69,183729,,False
69,183734,,False
69,183738,,False
69,183740,,False
69,183744,,False
69,183771,,False
69,183791,,False
69,183792,,False
69,183796,,False
69,183802,,False
69,183820,,False
69,183821,,False
69,183831,,False
69,183863,,False
69,183869,,False
69,183874,,False
69,183881,,False
69,183886,,False
69,183893,,False
69,183898,,False
69,183904,,False
69,183905,,False
69,183906,,False
69,183909,,False
69,183911,,False
69,183916,,False
69,183924,,False
69,183931,,False
69,183934,,False
69,183943,,False
69,183966,,False
69,183971,,False
69,183974,,False
69,183986,,False
69,183995,,False
69,183998,,False
69,184003,,False
69,184010,,False
69,184013,,False
69,184027,,False
69,184038,,False
69,184050,,False
69,184052,,False
69,184054,,False
69,184056,,False
69,184059,,False
69,184073,,False
69,184077,,False
69,184080,,False
69,184082,,False
69,184084,,False
69,184088,,False
69,184096,,False
69,184098,,False
69,184116,,False
69,184118,,False
69,184122,,False
69,184132,,False
69,184144,,False
69,184146,,False
69,184151,,False
69,184153,,False
69,184155,,False
69,184171,,False
69,184174,,False
69,184181,,False
69,184186,,False
69,184193,,False
69,184196,,False
69,184197,,False
69,184206,,False
69,184208,,False
69,184212,,False
69,184230,,False
69,184232,,False
69,184238,,False
69,184243,,False
69,184253,,False
69,184262,,False
69,184271,,False
69,184285,,False
69,184295,,False
69,184297,,False
69,184300,,False
69,184306,,False
69,184307,,False
69,184321,,False
69,184332,,False
69,184336,,False
69,184338,,False
69,184340,,False
69,184348,,False
69,184351,,False
69,184375,,False
69,184384,,False
69,184420,,False
69,184433,,False
69,184450,,False
69,184453,,False
69,184472,,False
69,184483,,False
69,184487,,False
69,184493,,False
69,184497,,False
69,184502,,False
69,184503,,False
69,184508,,False
69,184509,,False
69,184514,,False
69,184519,,False
69,184526,,False
69,184546,,False
69,184549,,False
69,184559,,False
69,184563,,False
69,184578,,False
69,184582,,False
69,184585,,False
69,184608,,False
69,184615,,False
69,184618,,False
69,184621,,False
69,184627,,False
69,184630,,False
69,184632,,False
69,184639,,False
69,184647,,False
69,184658,,False
69,184664,,False
69,184671,,False
69,184681,,False
69,184691,,False
69,184697,,False
69,184698,,False
69,184711,,False
69,184742,,False
69,184746,,False
69,184747,,False
69,184753,,False
69,184754,,False
69,184774,,False
69,184777,,False
69,184796,,False
69,184797,,False
69,184806,,False
69,184807,,False
69,184814,,False
69,184819,,False
69,184827,,False
69,184831,,False
69,184858,,False
69,184876,,False
69,184877,,False
69,184878,,False
69,184883,,False
69,184886,,False
69,184891,,False
69,184898,,False
69,184907,,False
69,184913,,False
69,184915,,False
69,184921,,False
69,184927,,False
69,184928,,False
69,184944,,False
69,184949,,False
69,184961,,False
69,184986,,False
69,184989,,False
69,184997,,False
69,185020,,False
69,185024,,False
69,185029,,False
69,185032,,False
69,185033,,False
69,185044,,False
69,185045,,False
69,185047,,False
69,185053,,False
69,185069,,False
69,185077,,False
69,185088,,False
69,185103,,False
69,185105,,False
69,185110,,False
69,185125,,False
69,185133,,False
69,185148,,False
69,185149,,False
69,185150,,False
69,185156,,False
69,185157,,False
69,185178,,False
69,185186,,False
69,185188,,False
69,185203,,False
69,185218,,False
69,185235,,False
69,185237,,False
69,185238,,False
69,185257,,False
69,185258,,False
69,185265,,False
69,185272,,False
69,185298,,False
69,185299,,False
69,185313,,False
69,185327,,False
69,185331,,False
69,185342,,False
69,185376,,False
69,185391,,False
69,185395,,False
69,185397,,False
69,185401,,False
69,185413,,False
69,185414,,False
69,185416,,False
69,185423,,False
69,185429,,False
69,185432,,False
69,185461,,False
69,185475,,False
69,185497,,False
69,185514,,False
69,185524,,False
69,185527,,False
69,185534,,False
69,185543,,False
69,185548,,False
69,185551,,False
69,185553,,False
69,185564,,False
69,185584,,False
69,185596,,False
69,185597,,False
69,185601,,False
69,185605,,False
69,185609,,False
69,185618,,False
69,185626,,False
69,185630,,False
69,185635,,False
69,185644,,False
69,185651,,False
69,185654,,False
69,185674,,False
69,185675,,False
69,185688,,False
69,185693,,False
69,185701,,False
69,185718,,False
69,185729,,False
69,185737,,False
69,185742,,False
69,185750,,False
69,185762,,False
69,185763,,False
69,185783,,False
69,185790,,False
69,185807,,False
69,185810,,False
69,185811,,False
69,185817,,False
69,185821,,False
69,185831,,False
69,185833,,False
69,185840,,False
69,185850,,False
69,185854,,False
69,185863,,False
69,185885,,False
69,185893,,False
69,185897,,False
69,185899,,False
69,185910,,False
69,185914,,False
69,185917,,False
69,185921,,False
69,185926,,False
69,185928,,False
69,185935,,False
69,185942,,False
69,185948,,False
69,185955,,False
69,185984,,False
69,185987,,False
69,185988,,False
69,185989,,False
69,185991,,False
69,185992,,False
69,186012,,False
69,186023,,False
69,186029,,False
69,186033,,False
69,186045,,False
69,186052,,False
69,186056,,False
69,186058,,False
69,186064,,False
69,186078,,False
69,186082,,False
69,186085,,False
69,186087,,False
69,186094,,False
69,186099,,False
69,186103,,False
69,186107,,False
69,186119,,False
69,186133,,False
69,186134,,False
69,186145,,False
69,186147,,False
69,186152,,False
69,186158,,False
69,186164,,False
69,186167,,False
69,186174,,False
69,186180,,False
69,186185,,False
69,186191,,False
69,186202,,False
69,186205,,False
69,186220,,False
69,186221,,False
69,186227,,False
69,186241,,False
69,186254,,False
69,186260,,False
69,186261,,False
69,186288,,False
69,186292,,False
69,186301,,False
69,186308,,False
69,186320,,False
69,186322,,False
69,186325,,False
69,186331,,False
69,186344,,False
69,186346,,False
69,186354,,False
69,186361,,False
69,186363,,False
69,186366,,False
69,186368,,False
69,186371,,False
69,186372,,False
69,186379,,False
69,186386,,False
69,186388,,False
69,186400,,False
69,186417,,False
69,186422,,False
69,186425,,False
69,186436,,False
69,186437,,False
69,186438,,False
69,186445,,False
69,186447,,False
69,186452,,False
69,186464,,False
69,186473,,False
69,186478,,False
69,186497,,False
69,186498,,False
69,186502,,False
69,186512,,False
69,186529,,False
69,186533,,False
69,186536,,False
69,186537,,False
69,186561,,False
69,186567,,False
69,186572,,False
69,186574,,False
69,186581,,False
69,186589,,False
69,186610,,False
69,186613,,False
69,186622,,False
69,186624,,False
69,186635,,False
69,186637,,False
69,186640,,False
69,186651,,False
69,186659,,False
69,186670,,False
69,186695,,False
69,186698,,False
69,186710,,False
69,186717,,False
69,186725,,False
69,186743,,False
69,186749,,False
69,186776,,False
69,186795,,False
69,186803,,False
69,186809,,False
69,186822,,False
69,186824,,False
69,186828,,False
69,186836,,False
69,186840,,False
69,186846,,False
69,186854,,False
69,186857,,False
69,186871,,False
69,186873,,False
69,186884,,False
69,186889,,False
69,186895,,False
69,186898,,False
69,186902,,False
69,186904,,False
69,186908,,False
69,186910,,False
69,186911,,False
69,186915,,False
69,186920,,False
69,186933,,False
69,186951,,False
69,186959,,False
69,186964,,False
69,186970,,False
69,186973,,False
69,186975,,False
69,186977,,False
69,186984,,False
69,187005,,False
69,187008,,False
69,187009,,False
69,187017,,False
69,187018,,False
69,187026,,False
69,187028,,False
69,187034,,False
69,187036,,False
69,187055,,False
69,187070,,False
69,187076,,False
69,187077,,False
69,187081,,False
69,187082,,False
69,187084,,False
69,187098,,False
69,187100,,False
69,187108,,False
69,187113,,False
69,187114,,False
69,187123,,False
69,187126,,False
69,187129,,False
69,187133,,False
69,187135,,False
69,187137,,False
69,187140,,False
69,187143,,False
69,187154,,False
69,187167,,False
69,187179,,False
69,187183,,False
69,187185,,False
69,187196,,False
69,187206,,False
69,187207,,False
69,187219,,False
69,187224,,False
69,187228,,False
69,187235,,False
69,187251,,False
69,187257,,False
69,187261,,False
69,187264,,False
69,187267,,False
69,187271,,False
69,187274,,False
69,187288,,False
69,187292,,False
69,187301,,False
69,187303,,False
69,187305,,False
69,187309,,False
69,187311,,False
69,187335,,False
69,187350,,False
69,187357,,False
69,187368,,False
69,187394,,False
69,187400,,False
69,187403,,False
69,187410,,False
69,187418,,False
69,187424,,False
69,187431,,False
69,187433,,False
69,187444,,False
69,187451,,False
69,187453,,False
69,187454,,False
69,187457,,False
69,187470,,False
69,187487,,False
69,187490,,False
69,187499,,False
69,187511,,False
69,187515,,False
69,187520,,False
69,187521,,False
69,187522,,False
69,187530,,False
69,187544,,False
69,187554,,False
69,187555,,False
69,187562,,False
69,187572,,False
69,187575,,False
69,187581,,False
69,187585,,False
69,187587,,False
69,187588,,False
69,187594,,False
69,187618,,False
69,187624,,False
69,187629,,False
69,187636,,False
69,187638,,False
69,187644,,False
69,187647,,False
69,187649,,False
69,187651,,False
69,187653,,False
69,187672,,False
69,187678,,False
69,187680,,False
69,187686,,False
69,187690,,False
69,187694,,False
69,187708,,False
69,187709,,False
69,187722,,False
69,187728,,False
69,187740,,False
69,187744,,False
69,187750,,False
69,187751,,False
69,187763,,False
69,187769,,False
69,187779,,False
69,187783,,False
69,187785,,False
69,187792,,False
69,187795,,False
69,187796,,False
69,187824,,False
69,187837,,False
69,187840,,False
69,187863,,False
69,187872,,False
69,187877,,False
69,187886,,False
69,187891,,False
69,187923,,False
69,187926,,False
69,187928,,False
69,187930,,False
69,187938,,False
69,187940,,False
69,187946,,False
69,187949,,False
69,187950,,False
69,187952,,False
69,187953,,False
69,187965,,False
69,187976,,False
69,187981,,False
69,187985,,False
69,187990,,False
69,187995,,False
69,188010,,False
69,188019,,False
69,188030,,False
69,188031,,False
69,188043,,False
69,188044,,False
69,188060,,False
69,188067,,False
69,188071,,False
69,188106,,False
69,188107,,False
69,188114,,False
69,188125,,False
69,188127,,False
69,188136,,False
69,188144,,False
69,188148,,False
69,188161,,False
69,188165,,False
69,188182,,False
69,188186,,False
69,188188,,False
69,188190,,False
69,188193,,False
69,188195,,False
69,188199,,False
69,188220,,False
69,188221,,False
69,188226,,False
69,188230,,False
69,188238,,False
69,188240,,False
69,188253,,False
69,188254,,False
69,188278,,False
69,188283,,False
69,188290,,False
69,188306,,False
69,188309,,False
69,188311,,False
69,188313,,False
69,188314,,False
69,188321,,False
69,188323,,False
69,188332,,False
69,188336,,False
69,188338,,False
69,188340,,False
69,188344,,False
69,188348,,False
69,188368,,False
69,188370,,False
69,188386,,False
69,188389,,False
69,188390,,False
69,188392,,False
69,188393,,False
69,188395,,False
69,188398,,False
69,188403,,False
69,188409,,False
69,188428,,False
69,188432,,False
69,188441,,False
69,188451,,False
69,188454,,False
69,188460,,False
69,188466,,False
69,188467,,False
69,188474,,False
69,188478,,False
69,188481,,False
69,188485,,False
69,188487,,False
69,188501,,False
69,188516,,False
69,188525,,False
69,188526,,False
69,188529,,False
69,188533,,False
69,188534,,False
69,188549,,False
69,188551,,False
69,188583,,False
69,188586,,False
69,188591,,False
69,188620,,False
69,188624,,False
69,188642,,False
69,188647,,False
69,188652,,False
69,188654,,False
69,188661,,False
69,188668,,False
69,188690,,False
69,188692,,False
69,188694,,False
69,188695,,False
69,188704,,False
69,188706,,False
69,188713,,False
69,188717,,False
69,188723,,False
69,188739,,False
69,188752,,False
69,188760,,False
69,188761,,False
69,188776,,False
69,188782,,False
69,188794,,False
69,188817,,False
69,188822,,False
69,188829,,False
69,188833,,False
69,188838,,False
69,188843,,False
69,188852,,False
69,188855,,False
69,188864,,False
69,188868,,False
69,188879,,False
69,188882,,False
69,188898,,False
69,188930,,False
69,188948,,False
69,188964,,False
69,188973,,False
69,188985,,False
69,189003,,False
69,189032,,False
69,189057,,False
69,189063,,False
69,189077,,False
69,189095,,False
69,189114,,False
69,189126,,False
69,189141,,False
69,189142,,False
69,189156,,False
69,189158,,False
69,189180,,False
69,189183,,False
69,189198,,False
69,189205,,False
69,189208,,False
69,189212,,False
69,189234,,False
69,189237,,False
69,189240,,False
69,189256,,False
69,189266,,False
69,189267,,False
69,189282,,False
69,189302,,False
69,189305,,False
69,189308,,False
69,189344,,False
69,189350,,False
69,189352,,False
69,189355,,False
69,189370,,False
69,189382,,False
69,189391,,False
69,189402,,False
69,189410,,False
69,189428,,False
69,189430,,False
69,189442,,False
69,189449,,False
69,189467,,False
69,189472,,False
69,189481,,False
69,189484,,False
69,189492,,False
69,189495,,False
69,189497,,False
69,189522,,False
69,189543,,False
69,189546,,False
69,189547,,False
69,189556,,False
69,189561,,False
69,189565,,False
69,189567,,False
69,189569,,False
69,189572,,False
69,189579,,False
69,189593,,False
69,189600,,False
69,189602,,False
69,189603,,False
69,189632,,False
69,189647,,False
69,189656,,False
69,189657,,False
69,189660,,False
69,189664,,False
69,189674,,False
69,189676,,False
69,189680,,False
69,189687,,False
69,189690,,False
69,189705,,False
69,189708,,False
69,189712,,False
69,189720,,False
69,189735,,False
69,189736,,False
69,189737,,False
69,189740,,False
69,189742,,False
69,189744,,False
69,189750,,False
69,189753,,False
69,189770,,False
69,189774,,False
69,189780,,False
69,189781,,False
69,189784,,False
69,189823,,False
69,189827,,False
69,189840,,False
69,189848,,False
69,189857,,False
69,189858,,False
69,189877,,False
69,189886,,False
69,189887,,False
69,189891,,False
69,189908,,False
69,189919,,False
69,189924,,False
69,189925,,False
69,189927,,False
69,189931,,False
69,189966,,False
69,189974,,False
69,189981,,False
69,189983,,False
69,189988,,False
69,189996,,False
69,189997,,False
69,190004,,False
69,190019,,False
69,190029,,False
69,190035,,False
69,190039,,False
69,190045,,False
69,190049,,False
69,190054,,False
69,190061,,False
69,190072,,False
69,190076,,False
69,190080,,False
69,190092,,False
69,190096,,False
69,190101,,False
69,190102,,False
69,190105,,False
69,190119,,False
69,190131,,False
69,190149,,False
69,190166,,False
69,190167,,False
69,190173,,False
69,190174,,False
69,190177,,False
69,190190,,False
69,190193,,False
69,190196,,False
69,190200,,False
69,190238,,False
69,190250,,False
69,190257,,False
69,190262,,False
69,190266,,False
69,190276,,False
69,190291,,False
69,190322,,False
69,190325,,False
69,190329,,False
69,190337,,False
69,190353,,False
69,190359,,False
69,190370,,False
69,190380,,False
69,190382,,False
69,190391,,False
69,190400,,False
69,190401,,False
69,190403,,False
69,190417,,False
69,190419,,False
69,190422,,False
69,190430,,False
69,190445,,False
69,190449,,False
69,190456,,False
69,190457,,False
69,190474,,False
69,190476,,False
69,190480,,False
69,190489,,False
69,190499,,False
69,190503,,False
69,190516,,False
69,190524,,False
69,190530,,False
69,190549,,False
69,190555,,False
69,190556,,False
69,190558,,False
69,190562,,False
69,190569,,False
69,190574,,False
69,190579,,False
69,190584,,False
69,190604,,False
69,190608,,False
69,190614,,False
69,190619,,False
69,190621,,False
69,190639,,False
69,190644,,False
69,190649,,False
69,190651,,False
69,190661,,False
69,190669,,False
69,190680,,False
69,190703,,False
69,190708,,False
69,190711,,False
69,190721,,False
69,190723,,False
69,190736,,False
69,190746,,False
69,190747,,False
69,190749,,False
69,190763,,False
69,190777,,False
69,190787,,False
69,190790,,False
69,190791,,False
69,190802,,False
69,190808,,False
69,190818,,False
69,190820,,False
69,190823,,False
69,190826,,False
69,190831,,False
69,190840,,False
69,190846,,False
69,190847,,False
69,190856,,False
69,190866,,False
69,190873,,False
69,190884,,False
69,190889,,False
69,190890,,False
69,190907,,False
69,190924,,False
69,190937,,False
69,190949,,False
69,190959,,False
69,190976,,False
69,190999,,False
69,191007,,False
69,191020,,False
69,191034,,False
69,191035,,False
69,191039,,False
69,191058,,False
69,191078,,False
69,191085,,False
69,191092,,False
69,191097,,False
69,191099,,False
69,191108,,False
69,191110,,False
69,191118,,False
69,191121,,False
69,191126,,False
69,191155,,False
69,191161,,False
69,191163,,False
69,191171,,False
69,191179,,False
69,191180,,False
69,191188,,False
69,191194,,False
69,191198,,False
69,191205,,False
69,191217,,False
69,191236,,False
69,191239,,False
69,191246,,False
69,191263,,False
69,191269,,False
69,191272,,False
69,191273,,False
69,191274,,False
69,191281,,False
69,191290,,False
69,191299,,False
69,191307,,False
69,191330,,False
69,191341,,False
69,191379,,False
69,191406,,False
69,191418,,False
69,191434,,False
69,191435,,False
69,191438,,False
69,191452,,False
69,191455,,False
69,191459,,False
69,191484,,False
69,191493,,False
69,191495,,False
69,191496,,False
69,191501,,False
69,191504,,False
69,191509,,False
69,191518,,False
69,191521,,False
69,191527,,False
69,191530,,False
69,191539,,False
69,191558,,False
69,191575,,False
69,191581,,False
69,191587,,False
69,191588,,False
69,191591,,False
69,191593,,False
69,191598,,False
69,191612,,False
69,191615,,False
69,191623,,False
69,191627,,False
69,191630,,False
69,191645,,False
69,191649,,False
69,191651,,False
69,191668,,False
69,191671,,False
69,191677,,False
69,191680,,False
69,191688,,False
69,191726,,False
69,191735,,False
69,191747,,False
69,191749,,False
69,191773,,False
69,191782,,False
69,191791,,False
69,191793,,False
69,191794,,False
69,191796,,False
69,191810,,False
69,191813,,False
69,191815,,False
69,191826,,False
69,191827,,False
69,191832,,False
69,191833,,False
69,191838,,False
69,191841,,False
69,191845,,False
69,191865,,False
69,191866,,False
69,191881,,False
69,191898,,False
69,191903,,False
69,191924,,False
69,191947,,False
69,191971,,False
69,191979,,False
69,191986,,False
69,191990,,False
69,192003,,False
69,192005,,False
69,192008,,False
69,192017,,False
69,192018,,False
69,192034,,False
69,192045,,False
69,192049,,False
69,192054,,False
69,192062,,False
69,192063,,False
69,192103,,False
69,192110,,False
69,192116,,False
69,192127,,False
69,192129,,False
69,192135,,False
69,192138,,False
69,192164,,False
69,192171,,False
69,192180,,False
69,192182,,False
69,192189,,False
69,192191,,False
69,192237,,False
69,192243,,False
69,192244,,False
69,192252,,False
69,192256,,False
69,192262,,False
69,192264,,False
69,192267,,False
69,192269,,False
69,192273,,False
69,192283,,False
69,192310,,False
69,192312,,False
69,192327,,False
69,192331,,False
69,192356,,False
69,192382,,False
69,192384,,False
69,192391,,False
69,192393,,False
69,192404,,False
69,192412,,False
69,192417,,False
69,192424,,False
69,192431,,False
69,192437,,False
69,192438,,False
69,192451,,False
69,192456,,False
69,192461,,False
69,192475,,False
69,192482,,False
69,192484,,False
69,192487,,False
69,192494,,False
69,192517,,False
69,192522,,False
69,192545,,False
69,192549,,False
69,192555,,False
69,192567,,False
69,192573,,False
69,192579,,False
69,192580,,False
69,192586,,False
69,192592,,False
69,192594,,False
69,192596,,False
69,192610,,False
69,192629,,False
69,192637,,False
69,192638,,False
69,192642,,False
69,192666,,False
69,192675,,False
69,192677,,False
69,192687,,False
69,192710,,False
69,192724,,False
69,192725,,False
69,192726,,False
69,192753,,False
69,192763,,False
69,192764,,False
69,192778,,False
69,192801,,False
69,192807,,False
69,192815,,False
69,192818,,False
69,192844,,False
69,192847,,False
69,192851,,False
69,192859,,False
69,192874,,False
69,192878,,False
69,192882,,False
69,192890,,False
69,192891,,False
69,192901,,False
69,192902,,False
69,192906,,False
69,192909,,False
69,192911,,False
69,192926,,False
69,192935,,False
69,192937,,False
69,192945,,False
69,192964,,False
69,192984,,False
69,192990,,False
69,193003,,False
69,193011,,False
69,193020,,False
69,193024,,False
69,193062,,False
69,193070,,False
69,193089,,False
69,193096,,False
69,193100,,False
69,193124,,False
69,193128,,False
69,193151,,False
69,193152,,False
69,193156,,False
69,193167,,False
69,193179,,False
69,193185,,False
69,193187,,False
69,193192,,False
69,193199,,False
69,193200,,False
69,193204,,False
69,193221,,False
69,193225,,False
69,193228,,False
69,193233,,False
69,193238,,False
69,193250,,False
69,193253,,False
69,193255,,False
69,193259,,False
69,193283,,False
69,193292,,False
69,193294,,False
69,193307,,False
69,193310,,False
69,193312,,False
69,193314,,False
69,193338,,False
69,193345,,False
69,193351,,False
69,193353,,False
69,193354,,False
69,193359,,False
69,193362,,False
69,193368,,False
69,193369,,False
69,193373,,False
69,193388,,False
69,193395,,False
69,193420,,False
69,193426,,False
69,193435,,False
69,193438,,False
69,193452,,False
69,193456,,False
69,193461,,False
69,193466,,False
69,193467,,False
69,193470,,False
69,193471,,False
69,193473,,False
69,193485,,False
69,193487,,False
69,193491,,False
69,193494,,False
69,193496,,False
69,193501,,False
69,193503,,False
69,193504,,False
69,193506,,False
69,193513,,False
69,193514,,False
69,193526,,False
69,193536,,False
69,193537,,False
69,193546,,False
69,193547,,False
69,193549,,False
69,193550,,False
69,193555,,False
69,193573,,False
69,193579,,False
69,193592,,False
69,193602,,False
69,193612,,False
69,193616,,False
69,193626,,False
69,193628,,False
69,193648,,False
69,193653,,False
69,193660,,False
69,193675,,False
69,193687,,False
69,193688,,False
69,193689,,False
69,193709,,False
69,193711,,False
69,193719,,False
69,193721,,False
69,193723,,False
69,193757,,False
69,193759,,False
69,193771,,False
69,193782,,False
69,193790,,False
69,193795,,False
69,193798,,False
69,193806,,False
69,193808,,False
69,193812,,False
69,193814,,False
69,193816,,False
69,193820,,False
69,193834,,False
69,193840,,False
69,193870,,False
69,193872,,False
69,193877,,False
69,193897,,False
69,193902,,False
69,193903,,False
69,193907,,False
69,193921,,False
69,193923,,False
69,193928,,False
69,193931,,False
69,193933,,False
69,193939,,False
69,193949,,False
69,193963,,False
69,193975,,False
69,193986,,False
69,193997,,False
69,193998,,False
69,194002,,False
69,194004,,False
69,194005,,False
69,194018,,False
69,194024,,False
69,194030,,False
69,194034,,False
69,194043,,False
69,194056,,False
69,194064,,False
69,194090,,False
69,194106,,False
69,194127,,False
69,194155,,False
69,194157,,False
69,194159,,False
69,194160,,False
69,194163,,False
69,194164,,False
69,194166,,False
69,194170,,False
69,194172,,False
69,194175,,False
69,194189,,False
69,194209,,False
69,194217,,False
69,194229,,False
69,194244,,False
69,194247,,False
69,194255,,False
69,194262,,False
69,194271,,False
69,194280,,False
69,194299,,False
69,194303,,False
69,194304,,False
69,194306,,False
69,194314,,False
69,194320,,False
69,194321,,False
69,194323,,False
69,194326,,False
69,194330,,False
69,194346,,False
69,194350,,False
69,194354,,False
69,194368,,False
69,194374,,False
69,194383,,False
69,194388,,False
69,194391,,False
69,194392,,False
69,194394,,False
69,194395,,False
69,194400,,False
69,194410,,False
69,194412,,False
69,194416,,False
69,194422,,False
69,194424,,False
69,194428,,False
69,194436,,False
69,194450,,False
69,194451,,False
69,194464,,False
69,194466,,False
69,194467,,False
69,194477,,False
69,194497,,False
69,194498,,False
69,194506,,False
69,194516,,False
69,194525,,False
69,194531,,False
69,194537,,False
69,194548,,False
69,194557,,False
69,194564,,False
69,194571,,False
69,194578,,False
69,194579,,False
69,194580,,False
69,194581,,False
69,194595,,False
69,194600,,False
69,194608,,False
69,194613,,False
69,194614,,False
69,194623,,False
69,194629,,False
69,194638,,False
69,194640,,False
69,194641,,False
69,194661,,False
69,194683,,False
69,194688,,False
69,194721,,False
69,194722,,False
69,194729,,False
69,194732,,False
69,194742,,False
69,194753,,False
69,194761,,False
69,194764,,False
69,194772,,False
69,194790,,False
69,194813,,False
69,194833,,False
69,194840,,False
69,194858,,False
69,194859,,False
69,194864,,False
69,194879,,False
69,194881,,False
69,194885,,False
69,194891,,False
69,194898,,False
69,194901,,False
69,194904,,False
69,194906,,False
69,194914,,False
69,194920,,False
69,194928,,False
69,194932,,False
69,194937,,False
69,194951,,False
69,194963,,False
69,194970,,False
69,194974,,False
69,194976,,False
69,194979,,False
69,194988,,False
69,194990,,False
69,195004,,False
69,195008,,False
69,195009,,False
69,195016,,False
69,195019,,False
69,195049,,False
69,195056,,False
69,195058,,False
69,195081,,False
69,195096,,False
69,195103,,False
69,195122,,False
69,195131,,False
69,195133,,False
69,195138,,False
69,195139,,False
69,195162,,False
69,195165,,False
69,195168,,False
69,195169,,False
69,195170,,False
69,195187,,False
69,195192,,False
69,195200,,False
69,195204,,False
69,195208,,False
69,195220,,False
69,195228,,False
69,195229,,False
69,195240,,False
69,195262,,False
69,195263,,False
69,195269,,False
69,195271,,False
69,195272,,False
69,195290,,False
69,195291,,False
69,195299,,False
69,195301,,False
69,195302,,False
69,195305,,False
69,195309,,False
69,195316,,False
69,195325,,False
69,195331,,False
69,195334,,False
69,195379,,False
69,195388,,False
69,195395,,False
69,195398,,False
69,195404,,False
69,195412,,False
69,195415,,False
69,195427,,False
69,195433,,False
69,195437,,False
69,195456,,False
69,195467,,False
69,195468,,False
69,195484,,False
69,195492,,False
69,195511,,False
69,195512,,False
69,195513,,False
69,195520,,False
69,195530,,False
69,195542,,False
69,195543,,False
69,195544,,False
69,195546,,False
69,195551,,False
69,195555,,False
69,195556,,False
69,195567,,False
69,195569,,False
69,195578,,False
69,195580,,False
69,195584,,False
69,195587,,False
69,195597,,False
69,195598,,False
69,195602,,False
69,195603,,False
69,195618,,False
69,195621,,False
69,195629,,False
69,195637,,False
69,195655,,False
69,195667,,False
69,195677,,False
69,195696,,False
69,195698,,False
69,195729,,False
69,195749,,False
69,195753,,False
69,195758,,False
69,195762,,False
69,195772,,False
69,195780,,False
69,195781,,False
69,195783,,False
69,195784,,False
69,195796,,False
69,195805,,False
69,195808,,False
69,195811,,False
69,195815,,False
69,195817,,False
69,195819,,False
69,195824,,False
69,195828,,False
69,195831,,False
69,195832,,False
69,195836,,False
69,195850,,False
69,195852,,False
69,195856,,False
69,195864,,False
69,195877,,False
69,195889,,False
69,195904,,False
69,195907,,False
69,195916,,False
69,195926,,False
69,195927,,False
69,195931,,False
69,195932,,False
69,195946,,False
69,195949,,False
69,195953,,False
69,195957,,False
69,195958,,False
69,195961,,False
69,195963,,False
69,195975,,False
69,195981,,False
69,195987,,False
69,195994,,False
69,195996,,False
69,195999,,False
69,196006,,False
69,196017,,False
69,196019,,False
69,196021,,False
69,196026,,False
69,196031,,False
69,196035,,False
69,196043,,False
69,196048,,False
69,196067,,False
69,196068,,False
69,196072,,False
69,196077,,False
69,196081,,False
69,196087,,False
69,196091,,False
69,196114,,False
69,196117,,False
69,196135,,False
69,196150,,False
69,196160,,False
69,196164,,False
69,196165,,False
69,196167,,False
69,196174,,False
69,196180,,False
69,196188,,False
69,196190,,False
69,196196,,False
69,196202,,False
69,196214,,False
69,196217,,False
69,196229,,False
69,196232,,False
69,196236,,False
69,196239,,False
69,196255,,False
69,196269,,False
69,196276,,False
69,196282,,False
69,196292,,False
69,196315,,False
69,196318,,False
69,196321,,False
69,196324,,False
69,196343,,False
69,196362,,False
69,196368,,False
69,196375,,False
69,196377,,False
69,196385,,False
69,196415,,False
69,196420,,False
69,196423,,False
69,196440,,False
69,196443,,False
69,196458,,False
69,196460,,False
69,196463,,False
69,196481,,False
69,196498,,False
69,196506,,False
69,196513,,False
69,196516,,False
69,196520,,False
69,196523,,False
69,196539,,False
69,196543,,False
69,196545,,False
69,196551,,False
69,196557,,False
69,196560,,False
69,196592,,False
69,196594,,False
69,196644,,False
69,196652,,False
69,196659,,False
69,196662,,False
69,196674,,False
69,196675,,False
69,196692,,False
69,196696,,False
69,196706,,False
69,196708,,False
69,196713,,False
69,196716,,False
69,196720,,False
69,196727,,False
69,196729,,False
69,196746,,False
69,196754,,False
69,196766,,False
69,196775,,False
69,196780,,False
69,196783,,False
69,196785,,False
69,196792,,False
69,196795,,False
69,196799,,False
69,196815,,False
69,196832,,False
69,196833,,False
69,196839,,False
69,196853,,False
69,196861,,False
69,196871,,False
69,196878,,False
69,196887,,False
69,196888,,False
69,196899,,False
69,196901,,False
69,196902,,False
69,196911,,False
69,196914,,False
69,196926,,False
69,196929,,False
69,196931,,False
69,196934,,False
69,196944,,False
69,196949,,False
69,196953,,False
69,196957,,False
69,196962,,False
69,196970,,False
69,196971,,False
69,196974,,False
69,196983,,False
69,196985,,False
69,196996,,False
69,197004,,False
69,197011,,False
69,197013,,False
69,197020,,False
69,197027,,False
69,197031,,False
69,197032,,False
69,197039,,False
69,197053,,False
69,197055,,False
69,197073,,False
69,197078,,False
69,197079,,False
69,197088,,False
69,197091,,False
69,197096,,False
69,197099,,False
69,197100,,False
69,197102,,False
69,197121,,False
69,197124,,False
69,197128,,False
69,197152,,False
69,197165,,False
69,197170,,False
69,197174,,False
69,197179,,False
69,197182,,False
69,197199,,False
69,197208,,False
69,197217,,False
69,197225,,False
69,197229,,False
69,197236,,False
69,197238,,False
69,197239,,False
69,197252,,False
69,197257,,False
69,197259,,False
69,197265,,False
69,197266,,False
69,197272,,False
69,197289,,False
69,197291,,False
69,197293,,False
69,197300,,False
69,197305,,False
69,197306,,False
69,197312,,False
69,197318,,False
69,197326,,False
69,197328,,False
69,197333,,False
69,197334,,False
69,197339,,False
69,197348,,False
69,197355,,False
69,197359,,False
69,197383,,False
69,197390,,False
69,197402,,False
69,197422,,False
69,197426,,False
69,197435,,False
69,197444,,False
69,197446,,False
69,197449,,False
69,197451,,False
69,197458,,False
69,197459,,False
69,197467,,False
69,197476,,False
69,197482,,False
69,197486,,False
69,197489,,False
69,197495,,False
69,197508,,False
69,197516,,False
69,197519,,False
69,197536,,False
69,197549,,False
69,197556,,False
69,197560,,False
69,197568,,False
69,197574,,False
69,197578,,False
69,197580,,False
69,197581,,False
69,197591,,False
69,197593,,False
69,197615,,False
69,197638,,False
69,197644,,False
69,197658,,False
69,197661,,False
69,197669,,False
69,197673,,False
69,197675,,False
69,197683,,False
69,197690,,False
69,197694,,False
69,197723,,False
69,197725,,False
69,197730,,False
69,197741,,False
69,197742,,False
69,197748,,False
69,197760,,False
69,197766,,False
69,197773,,False
69,197778,,False
69,197779,,False
69,197788,,False
69,197797,,False
69,197799,,False
69,197814,,False
69,197829,,False
69,197839,,False
69,197844,,False
69,197847,,False
69,197851,,False
69,197867,,False
69,197877,,False
69,197883,,False
69,197887,,False
69,197905,,False
69,197910,,False
69,197923,,False
69,197937,,False
69,197941,,False
69,197943,,False
69,197956,,False
69,197957,,False
69,197962,,False
69,197968,,False
69,197970,,False
69,197972,,False
69,197979,,False
69,197983,,False
69,197992,,False
69,198000,,False
69,198004,,False
69,198026,,False
69,198029,,False
69,198037,,False
69,198051,,False
69,198054,,False
69,198056,,False
69,198058,,False
69,198078,,False
69,198081,,False
69,198085,,False
69,198091,,False
69,198094,,False
69,198097,,False
69,198116,,False
69,198130,,False
69,198138,,False
69,198146,,False
69,198153,,False
69,198160,,False
69,198166,,False
69,198183,,False
69,198194,,False
69,198210,,False
69,198212,,False
69,198213,,False
69,198223,,False
69,198224,,False
69,198227,,False
69,198237,,False
69,198248,,False
69,198255,,False
69,198257,,False
69,198259,,False
69,198263,,False
69,198272,,False
69,198281,,False
69,198290,,False
69,198308,,False
69,198309,,False
69,198317,,False
69,198320,,False
69,198322,,False
69,198336,,False
69,198365,,False
69,198375,,False
69,198376,,False
69,198379,,False
69,198383,,False
69,198390,,False
69,198394,,False
69,198396,,False
69,198406,,False
69,198417,,False
69,198447,,False
69,198473,,False
69,198484,,False
69,198495,,False
69,198508,,False
69,198509,,False
69,198519,,False
69,198524,,False
69,198535,,False
69,198536,,False
69,198585,,False
69,198592,,False
69,198598,,False
69,198601,,False
69,198608,,False
69,198614,,False
69,198617,,False
69,198620,,False
69,198625,,False
69,198672,,False
69,198705,,False
69,198707,,False
69,198713,,False
69,198716,,False
69,198718,,False
69,198721,,False
69,198741,,False
69,198753,,False
69,198759,,False
69,198776,,False
69,198783,,False
69,198814,,False
69,198821,,False
69,198825,,False
69,198830,,False
69,198833,,False
69,198835,,False
69,198849,,False
69,198852,,False
69,198854,,False
69,198875,,False
69,198877,,False
69,198880,,False
69,198885,,False
69,198892,,False
69,198899,,False
69,198901,,False
69,198902,,False
69,198903,,False
69,198907,,False
69,198913,,False
69,198914,,False
69,198923,,False
69,198929,,False
69,198937,,False
69,198944,,False
69,198953,,False
69,198954,,False
69,198955,,False
69,198956,,False
69,198985,,False
69,198986,,False
69,198988,,False
69,198992,,False
69,199004,,False
69,199045,,False
69,199046,,False
69,199059,,False
69,199067,,False
69,199072,,False
69,199074,,False
69,199083,,False
69,199086,,False
69,199093,,False
69,199123,,False
69,199125,,False
69,199127,,False
69,199132,,False
69,199143,,False
69,199149,,False
69,199152,,False
69,199168,,False
69,199177,,False
69,199191,,False
69,199195,,False
69,199201,,False
69,199211,,False
69,199214,,False
69,199216,,False
69,199219,,False
69,199222,,False
69,199229,,False
69,199233,,False
69,199237,,False
69,199245,,False
69,199246,,False
69,199248,,False
69,199277,,False
69,199279,,False
69,199282,,False
69,199286,,False
69,199298,,False
69,199305,,False
69,199306,,False
69,199331,,False
69,199332,,False
69,199335,,False
69,199336,,False
69,199337,,False
69,199360,,False
69,199361,,False
69,199371,,False
69,199374,,False
69,199379,,False
69,199387,,False
69,199397,,False
69,199404,,False
69,199412,,False
69,199425,,False
69,199431,,False
69,199439,,False
69,199440,,False
69,199449,,False
69,199455,,False
69,199468,,False
69,199476,,False
69,199477,,False
69,199489,,False
69,199498,,False
69,199508,,False
69,199512,,False
69,199518,,False
69,199523,,False
69,199524,,False
69,199549,,False
69,199555,,False
69,199566,,False
69,199567,,False
69,199569,,False
69,199575,,False
69,199588,,False
69,199597,,False
69,199598,,False
69,199608,,False
69,199626,,False
69,199629,,False
69,199630,,False
69,199638,,False
69,199640,,False
69,199646,,False
69,199647,,False
69,199659,,False
69,199661,,False
69,199668,,False
69,199679,,False
69,199686,,False
69,199689,,False
69,199697,,False
69,199713,,False
69,199723,,False
69,199734,,False
69,199735,,False
69,199757,,False
69,199774,,False
69,199782,,False
69,199786,,False
69,199823,,False
69,199834,,False
69,199856,,False
69,199875,,False
69,199876,,False
69,199893,,False
69,199898,,False
69,199903,,False
69,199912,,False
69,199917,,False
69,199925,,False
69,199948,,False
69,199953,,False
69,199966,,False
69,199977,,False
69,199987,,False
69,199988,,False
69,199997,,False
69,200008,,False
69,200025,,False
69,200026,,False
69,200033,,False
69,200045,,False
69,200062,,False
69,200084,,False
69,200101,,False
69,200111,,False
69,200114,,False
69,200119,,False
69,200121,,False
69,200123,,False
69,200126,,False
69,200128,,False
69,200142,,False
69,200146,,False
69,200155,,False
69,200165,,False
69,200197,,False
69,200198,,False
69,200206,,False
69,200208,,False
69,200215,,False
69,200217,,False
69,200221,,False
69,200224,,False
69,200255,,False
69,200271,,False
69,200276,,False
69,200279,,False
69,200284,,False
69,200285,,False
69,200294,,False
69,200301,,False
69,200302,,False
69,200316,,False
69,200333,,False
69,200334,,False
69,200344,,False
69,200351,,False
69,200355,,False
69,200358,,False
69,200372,,False
69,200381,,False
69,200388,,False
69,200391,,False
69,200395,,False
69,200416,,False
69,200435,,False
69,200456,,False
69,200460,,False
69,200483,,False
69,200488,,False
69,200493,,False
69,200524,,False
69,200528,,False
69,200535,,False
69,200538,,False
69,200541,,False
69,200545,,False
69,200555,,False
69,200556,,False
69,200567,,False
69,200589,,False
69,200595,,False
69,200605,,False
69,200616,,False
69,200619,,False
69,200620,,False
69,200626,,False
69,200644,,False
69,200647,,False
69,200652,,False
69,200659,,False
69,200671,,False
69,200673,,False
69,200686,,False
69,200688,,False
69,200689,,False
69,200702,,False
69,200709,,False
69,200720,,False
69,200726,,False
69,200731,,False
69,200753,,False
69,200759,,False
69,200763,,False
69,200772,,False
69,200778,,False
69,200783,,False
69,200799,,False
69,200805,,False
69,200826,,False
69,200834,,False
69,200840,,False
69,200852,,False
69,200855,,False
69,200861,,False
69,200867,,False
69,200880,,False
69,200912,,False
69,200916,,False
69,200930,,False
69,200936,,False
69,200937,,False
69,200945,,False
69,200965,,False
69,200968,,False
69,200971,,False
69,201004,,False
69,201008,,False
69,201009,,False
69,201030,,False
69,201041,,False
69,201046,,False
69,201054,,False
69,201065,,False
69,201066,,False
69,201079,,False
69,201091,,False
69,201093,,False
69,201096,,False
69,201099,,False
69,201118,,False
69,201120,,False
69,201135,,False
69,201136,,False
69,201137,,False
69,201145,,False
69,201161,,False
69,201164,,False
69,201167,,False
69,201169,,False
69,201173,,False
69,201202,,False
69,201205,,False
69,201209,,False
69,201213,,False
69,201233,,False
69,201239,,False
69,201254,,False
69,201261,,False
69,201262,,False
69,201267,,False
69,201272,,False
69,201279,,False
69,201291,,False
69,201296,,False
69,201302,,False
69,201303,,False
69,201305,,False
69,201320,,False
69,201348,,False
69,201354,,False
69,201358,,False
69,201380,,False
69,201392,,False
69,201393,,False
69,201401,,False
69,201405,,False
69,201406,,False
69,201412,,False
69,201418,,False
69,201421,,False
69,201423,,False
69,201425,,False
69,201426,,False
69,201441,,False
69,201443,,False
69,201446,,False
69,201453,,False
69,201458,,False
69,201468,,False
69,201477,,False
69,201493,,False
69,201496,,False
69,201509,,False
69,201520,,False
69,201533,,False
69,201535,,False
69,201548,,False
69,201556,,False
69,201578,,False
69,201604,,False
69,201617,,False
69,201626,,False
69,201638,,False
69,201640,,False
69,201648,,False
69,201649,,False
69,201652,,False
69,201662,,False
69,201665,,False
69,201671,,False
69,201679,,False
69,201682,,False
69,201683,,False
69,201687,,False
69,201688,,False
69,201720,,False
69,201725,,False
69,201740,,False
69,201742,,False
69,201752,,False
69,201754,,False
69,201778,,False
69,201779,,False
69,201786,,False
69,201791,,False
69,201796,,False
69,201804,,False
69,201805,,False
69,201809,,False
69,201812,,False
69,201816,,False
69,201831,,False
69,201835,,False
69,201846,,False
69,201867,,False
69,201881,,False
69,201886,,False
69,201889,,False
69,201897,,False
69,201908,,False
69,201922,,False
69,201929,,False
69,201934,,False
69,201942,,False
69,201956,,False
69,201958,,False
69,201967,,False
69,201968,,False
69,201970,,False
69,201975,,False
69,202002,,False
69,202005,,False
69,202014,,False
69,202018,,False
69,202026,,False
69,202029,,False
69,202030,,False
69,202043,,False
69,202051,,False
69,202053,,False
69,202066,,False
69,202073,,False
69,202075,,False
69,202087,,False
69,202088,,False
69,202091,,False
69,202093,,False
69,202101,,False
69,202115,,False
69,202119,,False
69,202120,,False
69,202127,,False
69,202133,,False
69,202137,,False
69,202141,,False
69,202144,,False
69,202153,,False
69,202155,,False
69,202159,,False
69,202163,,False
69,202165,,False
69,202174,,False
69,202180,,False
69,202186,,False
69,202205,,False
69,202210,,False
69,202215,,False
69,202226,,False
69,202228,,False
69,202229,,False
69,202237,,False
69,202249,,False
69,202254,,False
69,202261,,False
69,202266,,False
69,202267,,False
69,202275,,False
69,202279,,False
69,202286,,False
70,5,,False
70,14,,False
70,17,,False
70,76,,False
70,77,,False
70,83,,False
70,84,,False
70,93,,False
70,96,,False
70,102,,False
70,105,,False
70,112,,False
70,113,,False
70,116,,False
70,126,,False
70,131,,False
70,132,,False
70,134,,False
70,141,,False
70,142,,False
70,150,,False
70,174,,False
70,187,,False
70,199,,False
70,200,,False
70,217,,False
70,218,,False
70,225,,False
70,226,,False
70,237,,False
70,239,,False
70,244,,False
70,246,,False
70,250,,False
70,255,,False
70,270,,False
70,274,,False
70,277,,False
70,292,,False
70,304,,False
70,308,,False
70,315,,False
70,316,,False
70,319,,False
70,320,,False
70,322,,False
70,327,,False
70,338,,False
70,342,,False
70,354,,False
70,356,,False
70,358,,False
70,360,,False
70,363,,False
70,369,,False
70,374,,False
70,375,,False
70,381,,False
70,382,,False
70,392,,False
70,404,,False
70,415,,False
70,416,,False
70,422,,False
70,440,,False
70,444,,False
70,479,,False
70,484,,False
70,489,,False
70,493,,False
70,508,,False
70,510,,False
70,515,,False
70,518,,False
70,525,,False
70,532,,False
70,538,,False
70,555,,False
70,558,,False
70,562,,False
70,570,,False
70,577,,False
70,595,,False
70,603,,False
70,617,,False
70,626,,False
70,633,,False
70,639,,False
70,641,,False
70,642,,False
70,643,,False
70,644,,False
70,648,,False
70,651,,False
70,659,,False
70,682,,False
70,690,,False
70,695,,False
70,698,,False
70,703,,False
70,713,,False
70,729,,False
70,733,,False
70,742,,False
70,748,,False
70,751,,False
70,758,,False
70,763,,False
70,765,,False
70,773,,False
70,780,,False
70,785,,False
70,787,,False
70,792,,False
70,795,,False
70,800,,False
70,807,,False
70,818,,False
70,826,,False
70,831,,False
70,836,,False
70,844,,False
70,849,,False
70,858,,False
70,875,,False
70,898,,False
70,933,,False
70,942,,False
70,943,,False
70,944,,False
70,953,,False
70,959,,False
70,976,,False
70,977,,False
70,978,,False
70,984,,False
70,989,,False
70,1008,,False
70,1011,,False
70,1014,,False
70,1016,,False
70,1019,,False
70,1041,,False
70,1057,,False
70,1065,,False
70,1069,,False
70,1076,,False
70,1087,,False
70,1102,,False
70,1106,,False
70,1110,,False
70,1112,,False
70,1114,,False
70,1120,,False
70,1122,,False
70,1134,,False
70,1137,,False
70,1138,,False
70,1141,,False
70,1142,,False
70,1155,,False
70,1166,,False
70,1167,,False
70,1168,,False
70,1174,,False
70,1189,,False
70,1193,,False
70,1196,,False
70,1199,,False
70,1203,,False
70,1205,,False
70,1206,,False
70,1217,,False
70,1219,,False
70,1225,,False
70,1239,,False
70,1243,,False
70,1256,,False
70,1263,,False
70,1267,,False
70,1273,,False
70,1280,,False
70,1292,,False
70,1308,,False
70,1311,,False
70,1314,,False
70,1325,,False
70,1335,,False
70,1361,,False
70,1366,,False
70,1376,,False
70,1384,,False
70,1396,,False
70,1416,,False
70,1417,,False
70,1418,,False
70,1419,,False
70,1430,,False
70,1437,,False
70,1443,,False
70,1455,,False
70,1460,,False
70,1462,,False
70,1471,,False
70,1478,,False
70,1483,,False
70,1493,,False
70,1505,,False
70,1511,,False
70,1521,,False
70,1549,,False
70,1556,,False
70,1562,,False
70,1570,,False
70,1575,,False
70,1583,,False
70,1593,,False
70,1594,,False
70,1600,,False
70,1603,,False
70,1605,,False
70,1610,,False
70,1621,,False
70,1623,,False
70,1626,,False
70,1630,,False
70,1633,,False
70,1637,,False
70,1641,,False
70,1662,,False
70,1667,,False
70,1678,,False
70,1682,,False
70,1691,,False
70,1696,,False
70,1698,,False
70,1704,,False
70,1736,,False
70,1738,,False
70,1753,,False
70,1756,,False
70,1757,,False
70,1769,,False
70,1784,,False
70,1803,,False
70,1812,,False
70,1819,,False
70,1830,,False
70,1835,,False
70,1847,,False
70,1851,,False
70,1862,,False
70,1877,,False
70,1880,,False
70,1889,,False
70,1902,,False
70,1916,,False
70,1929,,False
70,1933,,False
70,1943,,False
70,1952,,False
70,1971,,False
70,1984,,False
70,1991,,False
70,1999,,False
70,2002,,False
70,2006,,False
70,2010,,False
70,2032,,False
70,2051,,False
70,2058,,False
70,2060,,False
70,2071,,False
70,2077,,False
70,2078,,False
70,2084,,False
70,2097,,False
70,2102,,False
70,2132,,False
70,2134,,False
70,2139,,False
70,2142,,False
70,2150,,False
70,2171,,False
70,2172,,False
70,2173,,False
70,2180,,False
70,2186,,False
70,2188,,False
70,2197,,False
70,2204,,False
70,2216,,False
70,2229,,False
70,2231,,False
70,2248,,False
70,2257,,False
70,2272,,False
70,2278,,False
70,2303,,False
70,2305,,False
70,2315,,False
70,2317,,False
70,2322,,False
70,2323,,False
70,2326,,False
70,2342,,False
70,2343,,False
70,2359,,False
70,2373,,False
70,2378,,False
70,2383,,False
70,2405,,False
70,2406,,False
70,2419,,False
70,2429,,False
70,2441,,False
70,2467,,False
70,2471,,False
70,2475,,False
70,2481,,False
70,2488,,False
70,2501,,False
70,2506,,False
70,2512,,False
70,2530,,False
70,2539,,False
70,2553,,False
70,2563,,False
70,2574,,False
70,2583,,False
70,2597,,False
70,2607,,False
70,2618,,False
70,2630,,False
70,2648,,False
70,2649,,False
70,2651,,False
70,2654,,False
70,2673,,False
70,2674,,False
70,2689,,False
70,2694,,False
70,2697,,False
70,2699,,False
70,2708,,False
70,2710,,False
70,2741,,False
70,2745,,False
70,2760,,False
70,2765,,False
70,2793,,False
70,2812,,False
70,2816,,False
70,2828,,False
70,2833,,False
70,2834,,False
70,2838,,False
70,2848,,False
70,2851,,False
70,2858,,False
70,2860,,False
70,2877,,False
70,2881,,False
70,2882,,False
70,2892,,False
70,2904,,False
70,2910,,False
70,2911,,False
70,2921,,False
70,2942,,False
70,2945,,False
70,2958,,False
70,2961,,False
70,2973,,False
70,2985,,False
70,2995,,False
70,3013,,False
70,3022,,False
70,3032,,False
70,3040,,False
70,3041,,False
70,3047,,False
70,3058,,False
70,3064,,False
70,3071,,False
70,3074,,False
70,3076,,False
70,3089,,False
70,3100,,False
70,3106,,False
70,3121,,False
70,3123,,False
70,3124,,False
70,3133,,False
70,3138,,False
70,3144,,False
70,3161,,False
70,3163,,False
70,3186,,False
70,3191,,False
70,3200,,False
70,3209,,False
70,3216,,False
70,3223,,False
70,3224,,False
70,3227,,False
70,3231,,False
70,3238,,False
70,3248,,False
70,3265,,False
70,3274,,False
70,3278,,False
70,3289,,False
70,3294,,False
70,3305,,False
70,3307,,False
70,3312,,False
70,3329,,False
70,3330,,False
70,3346,,False
70,3350,,False
70,3353,,False
70,3355,,False
70,3362,,False
70,3374,,False
70,3382,,False
70,3383,,False
70,3388,,False
70,3400,,False
70,3403,,False
70,3414,,False
70,3422,,False
70,3423,,False
70,3449,,False
70,3463,,False
70,3471,,False
70,3477,,False
70,3485,,False
70,3487,,False
70,3489,,False
70,3490,,False
70,3492,,False
70,3498,,False
70,3502,,False
70,3505,,False
70,3510,,False
70,3513,,False
70,3518,,False
70,3524,,False
70,3530,,False
70,3549,,False
70,3551,,False
70,3561,,False
70,3562,,False
70,3567,,False
70,3582,,False
70,3596,,False
70,3597,,False
70,3602,,False
70,3612,,False
70,3617,,False
70,3620,,False
70,3627,,False
70,3630,,False
70,3636,,False
70,3638,,False
70,3641,,False
70,3645,,False
70,3647,,False
70,3662,,False
70,3663,,False
70,3675,,False
70,3679,,False
70,3685,,False
70,3686,,False
70,3689,,False
70,3696,,False
70,3697,,False
70,3713,,False
70,3717,,False
70,3725,,False
70,3734,,False
70,3754,,False
70,3757,,False
70,3758,,False
70,3775,,False
70,3778,,False
70,3785,,False
70,3789,,False
70,3805,,False
70,3809,,False
70,3819,,False
70,3828,,False
70,3830,,False
70,3848,,False
70,3854,,False
70,3859,,False
70,3866,,False
70,3869,,False
70,3870,,False
70,3877,,False
70,3888,,False
70,3890,,False
70,3891,,False
70,3892,,False
70,3911,,False
70,3920,,False
70,3923,,False
70,3936,,False
70,3959,,False
70,3974,,False
70,3978,,False
70,3984,,False
70,3985,,False
70,3987,,False
70,3996,,False
70,3998,,False
70,4003,,False
70,4004,,False
70,4007,,False
70,4009,,False
70,4026,,False
70,4036,,False
70,4041,,False
70,4050,,False
70,4055,,False
70,4058,,False
70,4063,,False
70,4074,,False
70,4082,,False
70,4091,,False
70,4093,,False
70,4094,,False
70,4095,,False
70,4099,,False
70,4101,,False
70,4109,,False
70,4121,,False
70,4153,,False
70,4172,,False
70,4179,,False
70,4189,,False
70,4192,,False
70,4195,,False
70,4198,,False
70,4200,,False
70,4203,,False
70,4212,,False
70,4232,,False
70,4234,,False
70,4236,,False
70,4243,,False
70,4249,,False
70,4251,,False
70,4257,,False
70,4281,,False
70,4284,,False
70,4293,,False
70,4302,,False
70,4305,,False
70,4309,,False
70,4324,,False
70,4328,,False
70,4337,,False
70,4349,,False
70,4359,,False
70,4370,,False
70,4373,,False
70,4379,,False
70,4385,,False
70,4388,,False
70,4391,,False
70,4393,,False
70,4401,,False
70,4402,,False
70,4405,,False
70,4408,,False
70,4421,,False
70,4435,,False
70,4439,,False
70,4446,,False
70,4448,,False
70,4453,,False
70,4454,,False
70,4458,,False
70,4460,,False
70,4466,,False
70,4480,,False
70,4488,,False
70,4489,,False
70,4503,,False
70,4523,,False
70,4529,,False
70,4533,,False
70,4535,,False
70,4547,,False
70,4548,,False
70,4556,,False
70,4562,,False
70,4581,,False
70,4591,,False
70,4592,,False
70,4607,,False
70,4615,,False
70,4632,,False
70,4633,,False
70,4642,,False
70,4645,,False
70,4653,,False
70,4655,,False
70,4658,,False
70,4664,,False
70,4687,,False
70,4691,,False
70,4697,,False
70,4701,,False
70,4705,,False
70,4713,,False
70,4724,,False
70,4733,,False
70,4746,,False
70,4754,,False
70,4771,,False
70,4776,,False
70,4778,,False
70,4791,,False
70,4798,,False
70,4803,,False
70,4806,,False
70,4807,,False
70,4817,,False
70,4829,,False
70,4849,,False
70,4853,,False
70,4895,,False
70,4900,,False
70,4912,,False
70,4914,,False
70,4915,,False
70,4922,,False
70,4930,,False
70,4938,,False
70,4941,,False
70,4945,,False
70,4949,,False
70,4950,,False
70,4953,,False
70,4974,,False
70,5003,,False
70,5016,,False
70,5030,,False
70,5032,,False
70,5034,,False
70,5038,,False
70,5069,,False
70,5078,,False
70,5079,,False
70,5084,,False
70,5085,,False
70,5091,,False
70,5099,,False
70,5115,,False
70,5116,,False
70,5123,,False
70,5136,,False
70,5140,,False
70,5142,,False
70,5145,,False
70,5148,,False
70,5151,,False
70,5160,,False
70,5166,,False
70,5168,,False
70,5174,,False
70,5176,,False
70,5184,,False
70,5186,,False
70,5191,,False
70,5199,,False
70,5201,,False
70,5244,,False
70,5245,,False
70,5254,,False
70,5278,,False
70,5292,,False
70,5298,,False
70,5299,,False
70,5303,,False
70,5311,,False
70,5312,,False
70,5315,,False
70,5316,,False
70,5345,,False
70,5360,,False
70,5363,,False
70,5373,,False
70,5374,,False
70,5381,,False
70,5409,,False
70,5415,,False
70,5417,,False
70,5420,,False
70,5430,,False
70,5446,,False
70,5456,,False
70,5469,,False
70,5478,,False
70,5495,,False
70,5501,,False
70,5516,,False
70,5523,,False
70,5531,,False
70,5540,,False
70,5544,,False
70,5548,,False
70,5562,,False
70,5567,,False
70,5568,,False
70,5572,,False
70,5578,,False
70,5588,,False
70,5608,,False
70,5615,,False
70,5619,,False
70,5633,,False
70,5635,,False
70,5655,,False
70,5674,,False
70,5704,,False
70,5708,,False
70,5719,,False
70,5730,,False
70,5736,,False
70,5737,,False
70,5751,,False
70,5757,,False
70,5760,,False
70,5765,,False
70,5771,,False
70,5773,,False
70,5795,,False
70,5797,,False
70,5799,,False
70,5804,,False
70,5824,,False
70,5825,,False
70,5845,,False
70,5875,,False
70,5876,,False
70,5877,,False
70,5882,,False
70,5883,,False
70,5888,,False
70,5891,,False
70,5892,,False
70,5893,,False
70,5895,,False
70,5919,,False
70,5922,,False
70,5933,,False
70,5935,,False
70,5938,,False
70,5948,,False
70,5958,,False
70,5961,,False
70,5972,,False
70,5976,,False
70,5977,,False
70,5987,,False
70,5994,,False
70,5998,,False
70,6012,,False
70,6017,,False
70,6032,,False
70,6037,,False
70,6045,,False
70,6051,,False
70,6060,,False
70,6062,,False
70,6065,,False
70,6074,,False
70,6094,,False
70,6103,,False
70,6124,,False
70,6128,,False
70,6144,,False
70,6155,,False
70,6173,,False
70,6198,,False
70,6210,,False
70,6213,,False
70,6216,,False
70,6220,,False
70,6222,,False
70,6236,,False
70,6253,,False
70,6254,,False
70,6264,,False
70,6274,,False
70,6286,,False
70,6294,,False
70,6306,,False
70,6318,,False
70,6321,,False
70,6322,,False
70,6336,,False
70,6338,,False
70,6344,,False
70,6354,,False
70,6356,,False
70,6378,,False
70,6394,,False
70,6398,,False
70,6401,,False
70,6408,,False
70,6412,,False
70,6415,,False
70,6416,,False
70,6428,,False
70,6450,,False
70,6458,,False
70,6462,,False
70,6463,,False
70,6473,,False
70,6477,,False
70,6480,,False
70,6484,,False
70,6487,,False
70,6497,,False
70,6501,,False
70,6510,,False
70,6516,,False
70,6531,,False
70,6532,,False
70,6537,,False
70,6539,,False
70,6543,,False
70,6545,,False
70,6549,,False
70,6556,,False
70,6557,,False
70,6576,,False
70,6577,,False
70,6588,,False
70,6604,,False
70,6605,,False
70,6609,,False
70,6611,,False
70,6614,,False
70,6621,,False
70,6622,,False
70,6625,,False
70,6639,,False
70,6646,,False
70,6647,,False
70,6650,,False
70,6652,,False
70,6658,,False
70,6663,,False
70,6670,,False
70,6685,,False
70,6695,,False
70,6699,,False
70,6701,,False
70,6704,,False
70,6719,,False
70,6727,,False
70,6733,,False
70,6736,,False
70,6739,,False
70,6741,,False
70,6750,,False
70,6770,,False
70,6771,,False
70,6790,,False
70,6809,,False
70,6826,,False
70,6837,,False
70,6839,,False
70,6845,,False
70,6854,,False
70,6857,,False
70,6874,,False
70,6879,,False
70,6885,,False
70,6886,,False
70,6904,,False
70,6905,,False
70,6924,,False
70,6939,,False
70,6958,,False
70,6966,,False
70,6970,,False
70,6975,,False
70,6994,,False
70,7015,,False
70,7020,,False
70,7059,,False
70,7071,,False
70,7073,,False
70,7077,,False
70,7084,,False
70,7086,,False
70,7087,,False
70,7089,,False
70,7095,,False
70,7102,,False
70,7118,,False
70,7120,,False
70,7133,,False
70,7137,,False
70,7138,,False
70,7140,,False
70,7146,,False
70,7148,,False
70,7164,,False
70,7169,,False
70,7177,,False
70,7179,,False
70,7184,,False
70,7185,,False
70,7188,,False
70,7190,,False
70,7191,,False
70,7198,,False
70,7203,,False
70,7218,,False
70,7221,,False
70,7243,,False
70,7244,,False
70,7258,,False
70,7259,,False
70,7261,,False
70,7266,,False
70,7267,,False
70,7273,,False
70,7279,,False
70,7281,,False
70,7285,,False
70,7296,,False
70,7316,,False
70,7325,,False
70,7333,,False
70,7343,,False
70,7347,,False
70,7353,,False
70,7367,,False
70,7373,,False
70,7398,,False
70,7401,,False
70,7409,,False
70,7425,,False
70,7428,,False
70,7433,,False
70,7434,,False
70,7440,,False
70,7451,,False
70,7471,,False
70,7479,,False
70,7494,,False
70,7503,,False
70,7506,,False
70,7526,,False
70,7539,,False
70,7540,,False
70,7543,,False
70,7549,,False
70,7564,,False
70,7568,,False
70,7589,,False
70,7616,,False
70,7621,,False
70,7629,,False
70,7632,,False
70,7636,,False
70,7653,,False
70,7654,,False
70,7662,,False
70,7671,,False
70,7691,,False
70,7703,,False
70,7706,,False
70,7711,,False
70,7721,,False
70,7723,,False
70,7729,,False
70,7733,,False
70,7745,,False
70,7752,,False
70,7761,,False
70,7762,,False
70,7781,,False
70,7784,,False
70,7790,,False
70,7802,,False
70,7824,,False
70,7826,,False
70,7833,,False
70,7834,,False
70,7842,,False
70,7866,,False
70,7874,,False
70,7896,,False
70,7901,,False
70,7915,,False
70,7916,,False
70,7920,,False
70,7923,,False
70,7926,,False
70,7927,,False
70,7929,,False
70,7931,,False
70,7941,,False
70,7946,,False
70,7948,,False
70,7951,,False
70,7955,,False
70,7968,,False
70,7972,,False
70,7986,,False
70,8000,,False
70,8003,,False
70,8005,,False
70,8016,,False
70,8021,,False
70,8022,,False
70,8026,,False
70,8031,,False
70,8037,,False
70,8039,,False
70,8046,,False
70,8049,,False
70,8053,,False
70,8056,,False
70,8058,,False
70,8060,,False
70,8069,,False
70,8070,,False
70,8074,,False
70,8077,,False
70,8078,,False
70,8080,,False
70,8082,,False
70,8086,,False
70,8088,,False
70,8091,,False
70,8093,,False
70,8101,,False
70,8104,,False
70,8106,,False
70,8107,,False
70,8143,,False
70,8158,,False
70,8166,,False
70,8168,,False
70,8169,,False
70,8186,,False
70,8192,,False
70,8200,,False
70,8205,,False
70,8218,,False
70,8221,,False
70,8240,,False
70,8246,,False
70,8256,,False
70,8258,,False
70,8259,,False
70,8268,,False
70,8270,,False
70,8273,,False
70,8276,,False
70,8287,,False
70,8289,,False
70,8295,,False
70,8308,,False
70,8309,,False
70,8313,,False
70,8314,,False
70,8317,,False
70,8325,,False
70,8329,,False
70,8337,,False
70,8339,,False
70,8341,,False
70,8348,,False
70,8352,,False
70,8356,,False
70,8366,,False
70,8381,,False
70,8383,,False
70,8390,,False
70,8393,,False
70,8394,,False
70,8396,,False
70,8407,,False
70,8420,,False
70,8425,,False
70,8440,,False
70,8445,,False
70,8455,,False
70,8465,,False
70,8466,,False
70,8473,,False
70,8481,,False
70,8489,,False
70,8496,,False
70,8504,,False
70,8507,,False
70,8509,,False
70,8523,,False
70,8532,,False
70,8539,,False
70,8542,,False
70,8548,,False
70,8569,,False
70,8577,,False
70,8588,,False
70,8589,,False
70,8592,,False
70,8594,,False
70,8595,,False
70,8599,,False
70,8606,,False
70,8611,,False
70,8614,,False
70,8618,,False
70,8623,,False
70,8624,,False
70,8628,,False
70,8640,,False
70,8649,,False
70,8650,,False
70,8654,,False
70,8656,,False
70,8657,,False
70,8666,,False
70,8671,,False
70,8681,,False
70,8688,,False
70,8694,,False
70,8703,,False
70,8705,,False
70,8709,,False
70,8711,,False
70,8723,,False
70,8726,,False
70,8732,,False
70,8742,,False
70,8746,,False
70,8749,,False
70,8750,,False
70,8770,,False
70,8786,,False
70,8787,,False
70,8791,,False
70,8797,,False
70,8803,,False
70,8804,,False
70,8811,,False
70,8820,,False
70,8823,,False
70,8850,,False
70,8857,,False
70,8880,,False
70,8890,,False
70,8892,,False
70,8920,,False
70,8924,,False
70,8934,,False
70,8950,,False
70,8966,,False
70,8967,,False
70,8973,,False
70,8990,,False
70,8994,,False
70,9007,,False
70,9011,,False
70,9021,,False
70,9030,,False
70,9031,,False
70,9034,,False
70,9041,,False
70,9047,,False
70,9049,,False
70,9053,,False
70,9065,,False
70,9070,,False
70,9079,,False
70,9080,,False
70,9087,,False
70,9092,,False
70,9102,,False
70,9119,,False
70,9133,,False
70,9134,,False
70,9140,,False
70,9149,,False
70,9151,,False
70,9154,,False
70,9162,,False
70,9175,,False
70,9183,,False
70,9194,,False
70,9211,,False
70,9213,,False
70,9222,,False
70,9223,,False
70,9225,,False
70,9234,,False
70,9240,,False
70,9243,,False
70,9247,,False
70,9248,,False
70,9253,,False
70,9264,,False
70,9266,,False
70,9271,,False
70,9274,,False
70,9295,,False
70,9314,,False
70,9315,,False
70,9322,,False
70,9326,,False
70,9336,,False
70,9339,,False
70,9344,,False
70,9345,,False
70,9349,,False
70,9360,,False
70,9363,,False
70,9364,,False
70,9376,,False
70,9378,,False
70,9380,,False
70,9386,,False
70,9392,,False
70,9401,,False
70,9404,,False
70,9415,,False
70,9422,,False
70,9424,,False
70,9425,,False
70,9426,,False
70,9433,,False
70,9436,,False
70,9444,,False
70,9458,,False
70,9467,,False
70,9474,,False
70,9484,,False
70,9489,,False
70,9496,,False
70,9500,,False
70,9503,,False
70,9515,,False
70,9521,,False
70,9523,,False
70,9534,,False
70,9554,,False
70,9560,,False
70,9567,,False
70,9568,,False
70,9570,,False
70,9576,,False
70,9578,,False
70,9590,,False
70,9598,,False
70,9623,,False
70,9626,,False
70,9629,,False
70,9630,,False
70,9637,,False
70,9651,,False
70,9664,,False
70,9672,,False
70,9691,,False
70,9701,,False
70,9716,,False
70,9718,,False
70,9721,,False
70,9723,,False
70,9728,,False
70,9734,,False
70,9740,,False
70,9741,,False
70,9752,,False
70,9756,,False
70,9778,,False
70,9784,,False
70,9789,,False
70,9796,,False
70,9798,,False
70,9806,,False
70,9820,,False
70,9822,,False
70,9830,,False
70,9834,,False
70,9852,,False
70,9860,,False
70,9864,,False
70,9868,,False
70,9874,,False
70,9885,,False
70,9889,,False
70,9893,,False
70,9897,,False
70,9900,,False
70,9901,,False
70,9903,,False
70,9912,,False
70,9913,,False
70,9915,,False
70,9926,,False
70,9939,,False
70,9968,,False
70,9969,,False
70,9971,,False
70,9978,,False
70,9981,,False
70,9985,,False
70,9993,,False
70,9995,,False
70,10015,,False
70,10024,,False
70,10029,,False
70,10033,,False
70,10040,,False
70,10046,,False
70,10051,,False
70,10061,,False
70,10063,,False
70,10077,,False
70,10084,,False
70,10105,,False
70,10123,,False
70,10127,,False
70,10130,,False
70,10141,,False
70,10146,,False
70,10147,,False
70,10162,,False
70,10177,,False
70,10179,,False
70,10188,,False
70,10190,,False
70,10194,,False
70,10215,,False
70,10220,,False
70,10223,,False
70,10226,,False
70,10231,,False
70,10241,,False
70,10244,,False
70,10248,,False
70,10252,,False
70,10258,,False
70,10267,,False
70,10283,,False
70,10298,,False
70,10299,,False
70,10304,,False
70,10307,,False
70,10318,,False
70,10325,,False
70,10328,,False
70,10361,,False
70,10366,,False
70,10372,,False
70,10375,,False
70,10379,,False
70,10419,,False
70,10420,,False
70,10424,,False
70,10437,,False
70,10439,,False
70,10447,,False
70,10463,,False
70,10479,,False
70,10481,,False
70,10483,,False
70,10494,,False
70,10504,,False
70,10508,,False
70,10510,,False
70,10517,,False
70,10530,,False
70,10541,,False
70,10542,,False
70,10543,,False
70,10563,,False
70,10573,,False
70,10575,,False
70,10578,,False
70,10579,,False
70,10605,,False
70,10607,,False
70,10610,,False
70,10613,,False
70,10615,,False
70,10617,,False
70,10631,,False
70,10633,,False
70,10635,,False
70,10640,,False
70,10642,,False
70,10648,,False
70,10652,,False
70,10654,,False
70,10661,,False
70,10663,,False
70,10664,,False
70,10680,,False
70,10683,,False
70,10696,,False
70,10713,,False
70,10718,,False
70,10723,,False
70,10732,,False
70,10742,,False
70,10744,,False
70,10761,,False
70,10770,,False
70,10774,,False
70,10793,,False
70,10797,,False
70,10800,,False
70,10810,,False
70,10819,,False
70,10820,,False
70,10827,,False
70,10828,,False
70,10835,,False
70,10841,,False
70,10848,,False
70,10852,,False
70,10853,,False
70,10855,,False
70,10860,,False
70,10877,,False
70,10890,,False
70,10913,,False
70,10916,,False
70,10919,,False
70,10926,,False
70,10938,,False
70,10942,,False
70,10946,,False
70,10958,,False
70,10961,,False
70,10966,,False
70,10967,,False
70,10969,,False
70,10974,,False
70,10975,,False
70,10985,,False
70,10990,,False
70,10995,,False
70,11013,,False
70,11018,,False
70,11019,,False
70,11027,,False
70,11046,,False
70,11071,,False
70,11074,,False
70,11077,,False
70,11079,,False
70,11083,,False
70,11102,,False
70,11125,,False
70,11126,,False
70,11128,,False
70,11132,,False
70,11134,,False
70,11162,,False
70,11173,,False
70,11174,,False
70,11181,,False
70,11183,,False
70,11190,,False
70,11193,,False
70,11196,,False
70,11198,,False
70,11199,,False
70,11202,,False
70,11210,,False
70,11218,,False
70,11222,,False
70,11239,,False
70,11241,,False
70,11254,,False
70,11261,,False
70,11269,,False
70,11272,,False
70,11273,,False
70,11283,,False
70,11295,,False
70,11301,,False
70,11305,,False
70,11311,,False
70,11316,,False
70,11324,,False
70,11325,,False
70,11330,,False
70,11333,,False
70,11340,,False
70,11347,,False
70,11350,,False
70,11352,,False
70,11353,,False
70,11362,,False
70,11367,,False
70,11372,,False
70,11379,,False
70,11380,,False
70,11381,,False
70,11393,,False
70,11396,,False
70,11409,,False
70,11424,,False
70,11426,,False
70,11434,,False
70,11457,,False
70,11463,,False
70,11471,,False
70,11473,,False
70,11475,,False
70,11479,,False
70,11483,,False
70,11496,,False
70,11501,,False
70,11502,,False
70,11504,,False
70,11505,,False
70,11506,,False
70,11516,,False
70,11526,,False
70,11545,,False
70,11554,,False
70,11562,,False
70,11565,,False
70,11568,,False
70,11570,,False
70,11581,,False
70,11595,,False
70,11599,,False
70,11616,,False
70,11618,,False
70,11632,,False
70,11633,,False
70,11644,,False
70,11651,,False
70,11660,,False
70,11669,,False
70,11672,,False
70,11676,,False
70,11682,,False
70,11687,,False
70,11690,,False
70,11705,,False
70,11709,,False
70,11723,,False
70,11728,,False
70,11738,,False
70,11749,,False
70,11751,,False
70,11762,,False
70,11766,,False
70,11767,,False
70,11769,,False
70,11771,,False
70,11773,,False
70,11777,,False
70,11784,,False
70,11788,,False
70,11791,,False
70,11799,,False
70,11801,,False
70,11803,,False
70,11804,,False
70,11815,,False
70,11821,,False
70,11822,,False
70,11834,,False
70,11876,,False
70,11879,,False
70,11881,,False
70,11890,,False
70,11891,,False
70,11896,,False
70,11907,,False
70,11918,,False
70,11926,,False
70,11933,,False
70,11934,,False
70,11948,,False
70,11956,,False
70,11958,,False
70,11968,,False
70,11971,,False
70,11999,,False
70,12004,,False
70,12016,,False
70,12019,,False
70,12037,,False
70,12054,,False
70,12057,,False
70,12060,,False
70,12062,,False
70,12063,,False
70,12064,,False
70,12067,,False
70,12068,,False
70,12079,,False
70,12092,,False
70,12108,,False
70,12120,,False
70,12125,,False
70,12126,,False
70,12133,,False
70,12145,,False
70,12148,,False
70,12149,,False
70,12151,,False
70,12157,,False
70,12182,,False
70,12186,,False
70,12187,,False
70,12197,,False
70,12203,,False
70,12205,,False
70,12216,,False
70,12221,,False
70,12226,,False
70,12242,,False
70,12250,,False
70,12253,,False
70,12258,,False
70,12266,,False
70,12269,,False
70,12272,,False
70,12274,,False
70,12275,,False
70,12288,,False
70,12291,,False
70,12302,,False
70,12312,,False
70,12316,,False
70,12325,,False
70,12370,,False
70,12372,,False
70,12383,,False
70,12392,,False
70,12402,,False
70,12409,,False
70,12425,,False
70,12427,,False
70,12442,,False
70,12456,,False
70,12472,,False
70,12483,,False
70,12492,,False
70,12497,,False
70,12502,,False
70,12510,,False
70,12536,,False
70,12537,,False
70,12552,,False
70,12554,,False
70,12564,,False
70,12567,,False
70,12571,,False
70,12574,,False
70,12595,,False
70,12596,,False
70,12611,,False
70,12612,,False
70,12619,,False
70,12626,,False
70,12629,,False
70,12652,,False
70,12658,,False
70,12672,,False
70,12682,,False
70,12689,,False
70,12699,,False
70,12708,,False
70,12710,,False
70,12712,,False
70,12722,,False
70,12734,,False
70,12737,,False
70,12744,,False
70,12763,,False
70,12766,,False
70,12773,,False
70,12777,,False
70,12788,,False
70,12831,,False
70,12835,,False
70,12850,,False
70,12854,,False
70,12863,,False
70,12869,,False
70,12888,,False
70,12894,,False
70,12918,,False
70,12919,,False
70,12925,,False
70,12931,,False
70,12939,,False
70,12947,,False
70,12950,,False
70,12959,,False
70,12961,,False
70,12965,,False
70,12969,,False
70,12974,,False
70,12982,,False
70,12988,,False
70,12989,,False
70,12997,,False
70,13008,,False
70,13017,,False
70,13028,,False
70,13032,,False
70,13073,,False
70,13077,,False
70,13079,,False
70,13088,,False
70,13090,,False
70,13091,,False
70,13096,,False
70,13099,,False
70,13118,,False
70,13124,,False
70,13143,,False
70,13150,,False
70,13161,,False
70,13178,,False
70,13197,,False
70,13199,,False
70,13202,,False
70,13205,,False
70,13209,,False
70,13214,,False
70,13218,,False
70,13221,,False
70,13237,,False
70,13248,,False
70,13264,,False
70,13265,,False
70,13288,,False
70,13289,,False
70,13290,,False
70,13292,,False
70,13295,,False
70,13303,,False
70,13305,,False
70,13328,,False
70,13339,,False
70,13342,,False
70,13344,,False
70,13363,,False
70,13373,,False
70,13374,,False
70,13394,,False
70,13399,,False
70,13411,,False
70,13415,,False
70,13417,,False
70,13421,,False
70,13425,,False
70,13453,,False
70,13455,,False
70,13463,,False
70,13472,,False
70,13476,,False
70,13496,,False
70,13509,,False
70,13511,,False
70,13512,,False
70,13519,,False
70,13522,,False
70,13523,,False
70,13525,,False
70,13527,,False
70,13539,,False
70,13543,,False
70,13544,,False
70,13546,,False
70,13566,,False
70,13576,,False
70,13577,,False
70,13579,,False
70,13594,,False
70,13596,,False
70,13607,,False
70,13609,,False
70,13610,,False
70,13618,,False
70,13628,,False
70,13630,,False
70,13640,,False
70,13644,,False
70,13645,,False
70,13651,,False
70,13658,,False
70,13668,,False
70,13678,,False
70,13686,,False
70,13687,,False
70,13692,,False
70,13693,,False
70,13694,,False
70,13697,,False
70,13705,,False
70,13715,,False
70,13720,,False
70,13727,,False
70,13739,,False
70,13753,,False
70,13761,,False
70,13771,,False
70,13809,,False
70,13817,,False
70,13820,,False
70,13822,,False
70,13829,,False
70,13837,,False
70,13855,,False
70,13866,,False
70,13867,,False
70,13875,,False
70,13886,,False
70,13894,,False
70,13910,,False
70,13914,,False
70,13915,,False
70,13921,,False
70,13922,,False
70,13924,,False
70,13949,,False
70,13955,,False
70,13958,,False
70,13967,,False
70,13979,,False
70,13989,,False
70,13990,,False
70,13991,,False
70,13993,,False
70,14017,,False
70,14023,,False
70,14030,,False
70,14045,,False
70,14051,,False
70,14071,,False
70,14083,,False
70,14091,,False
70,14101,,False
70,14103,,False
70,14114,,False
70,14128,,False
70,14132,,False
70,14133,,False
70,14134,,False
70,14140,,False
70,14142,,False
70,14156,,False
70,14158,,False
70,14159,,False
70,14160,,False
70,14173,,False
70,14175,,False
70,14176,,False
70,14180,,False
70,14185,,False
70,14191,,False
70,14193,,False
70,14211,,False
70,14213,,False
70,14221,,False
70,14225,,False
70,14228,,False
70,14238,,False
70,14251,,False
70,14254,,False
70,14266,,False
70,14270,,False
70,14285,,False
70,14286,,False
70,14293,,False
70,14295,,False
70,14300,,False
70,14303,,False
70,14306,,False
70,14310,,False
70,14323,,False
70,14330,,False
70,14343,,False
70,14368,,False
70,14384,,False
70,14420,,False
70,14424,,False
70,14438,,False
70,14444,,False
70,14453,,False
70,14474,,False
70,14475,,False
70,14482,,False
70,14488,,False
70,14493,,False
70,14505,,False
70,14507,,False
70,14513,,False
70,14516,,False
70,14519,,False
70,14525,,False
70,14536,,False
70,14545,,False
70,14555,,False
70,14557,,False
70,14562,,False
70,14572,,False
70,14574,,False
70,14575,,False
70,14587,,False
70,14592,,False
70,14600,,False
70,14620,,False
70,14629,,False
70,14641,,False
70,14654,,False
70,14671,,False
70,14683,,False
70,14686,,False
70,14691,,False
70,14696,,False
70,14701,,False
70,14704,,False
70,14706,,False
70,14716,,False
70,14719,,False
70,14724,,False
70,14741,,False
70,14752,,False
70,14753,,False
70,14758,,False
70,14762,,False
70,14769,,False
70,14774,,False
70,14775,,False
70,14777,,False
70,14790,,False
70,14798,,False
70,14805,,False
70,14815,,False
70,14816,,False
70,14835,,False
70,14843,,False
70,14851,,False
70,14862,,False
70,14864,,False
70,14866,,False
70,14875,,False
70,14877,,False
70,14881,,False
70,14886,,False
70,14892,,False
70,14909,,False
70,14911,,False
70,14916,,False
70,14920,,False
70,14932,,False
70,14947,,False
70,14948,,False
70,14954,,False
70,14961,,False
70,14962,,False
70,14966,,False
70,14970,,False
70,14972,,False
70,14982,,False
70,14995,,False
70,15000,,False
70,15002,,False
70,15006,,False
70,15011,,False
70,15013,,False
70,15033,,False
70,15035,,False
70,15040,,False
70,15050,,False
70,15072,,False
70,15105,,False
70,15110,,False
70,15117,,False
70,15127,,False
70,15136,,False
70,15139,,False
70,15142,,False
70,15153,,False
70,15156,,False
70,15163,,False
70,15170,,False
70,15172,,False
70,15181,,False
70,15183,,False
70,15211,,False
70,15219,,False
70,15229,,False
70,15238,,False
70,15239,,False
70,15252,,False
70,15265,,False
70,15278,,False
70,15286,,False
70,15288,,False
70,15292,,False
70,15298,,False
70,15308,,False
70,15315,,False
70,15316,,False
70,15325,,False
70,15326,,False
70,15332,,False
70,15337,,False
70,15350,,False
70,15355,,False
70,15360,,False
70,15362,,False
70,15374,,False
70,15377,,False
70,15399,,False
70,15415,,False
70,15427,,False
70,15432,,False
70,15435,,False
70,15436,,False
70,15437,,False
70,15447,,False
70,15452,,False
70,15456,,False
70,15471,,False
70,15477,,False
70,15490,,False
70,15492,,False
70,15494,,False
70,15499,,False
70,15501,,False
70,15519,,False
70,15520,,False
70,15533,,False
70,15540,,False
70,15551,,False
70,15557,,False
70,15559,,False
70,15578,,False
70,15582,,False
70,15591,,False
70,15612,,False
70,15623,,False
70,15625,,False
70,15626,,False
70,15633,,False
70,15640,,False
70,15642,,False
70,15669,,False
70,15697,,False
70,15698,,False
70,15713,,False
70,15718,,False
70,15721,,False
70,15739,,False
70,15740,,False
70,15742,,False
70,15744,,False
70,15747,,False
70,15752,,False
70,15753,,False
70,15765,,False
70,15793,,False
70,15823,,False
70,15837,,False
70,15848,,False
70,15852,,False
70,15857,,False
70,15860,,False
70,15867,,False
70,15873,,False
70,15880,,False
70,15881,,False
70,15908,,False
70,15915,,False
70,15923,,False
70,15931,,False
70,15933,,False
70,15935,,False
70,15938,,False
70,15947,,False
70,15949,,False
70,15953,,False
70,15957,,False
70,15960,,False
70,15963,,False
70,15964,,False
70,15975,,False
70,15987,,False
70,16001,,False
70,16010,,False
70,16023,,False
70,16041,,False
70,16045,,False
70,16067,,False
70,16083,,False
70,16084,,False
70,16085,,False
70,16091,,False
70,16096,,False
70,16099,,False
70,16105,,False
70,16108,,False
70,16110,,False
70,16130,,False
70,16141,,False
70,16146,,False
70,16149,,False
70,16155,,False
70,16156,,False
70,16159,,False
70,16167,,False
70,16170,,False
70,16173,,False
70,16175,,False
70,16179,,False
70,16185,,False
70,16187,,False
70,16190,,False
70,16198,,False
70,16200,,False
70,16204,,False
70,16206,,False
70,16207,,False
70,16219,,False
70,16231,,False
70,16232,,False
70,16237,,False
70,16240,,False
70,16261,,False
70,16267,,False
70,16274,,False
70,16284,,False
70,16287,,False
70,16290,,False
70,16293,,False
70,16296,,False
70,16298,,False
70,16301,,False
70,16304,,False
70,16317,,False
70,16324,,False
70,16329,,False
70,16331,,False
70,16345,,False
70,16351,,False
70,16355,,False
70,16377,,False
70,16378,,False
70,16383,,False
70,16387,,False
70,16390,,False
70,16397,,False
70,16407,,False
70,16409,,False
70,16411,,False
70,16412,,False
70,16414,,False
70,16416,,False
70,16420,,False
70,16422,,False
70,16429,,False
70,16457,,False
70,16463,,False
70,16477,,False
70,16484,,False
70,16495,,False
70,16497,,False
70,16504,,False
70,16509,,False
70,16511,,False
70,16514,,False
70,16539,,False
70,16547,,False
70,16551,,False
70,16555,,False
70,16557,,False
70,16570,,False
70,16584,,False
70,16586,,False
70,16595,,False
70,16602,,False
70,16605,,False
70,16615,,False
70,16629,,False
70,16635,,False
70,16646,,False
70,16662,,False
70,16672,,False
70,16674,,False
70,16689,,False
70,16735,,False
70,16739,,False
70,16742,,False
70,16748,,False
70,16751,,False
70,16752,,False
70,16757,,False
70,16762,,False
70,16763,,False
70,16779,,False
70,16794,,False
70,16800,,False
70,16808,,False
70,16813,,False
70,16823,,False
70,16835,,False
70,16856,,False
70,16869,,False
70,16877,,False
70,16899,,False
70,16905,,False
70,16909,,False
70,16913,,False
70,16922,,False
70,16934,,False
70,16940,,False
70,16955,,False
70,16959,,False
70,16964,,False
70,16987,,False
70,16991,,False
70,17005,,False
70,17011,,False
70,17013,,False
70,17014,,False
70,17017,,False
70,17026,,False
70,17027,,False
70,17030,,False
70,17036,,False
70,17044,,False
70,17049,,False
70,17060,,False
70,17067,,False
70,17071,,False
70,17076,,False
70,17090,,False
70,17092,,False
70,17099,,False
70,17127,,False
70,17131,,False
70,17145,,False
70,17152,,False
70,17155,,False
70,17158,,False
70,17160,,False
70,17164,,False
70,17166,,False
70,17170,,False
70,17184,,False
70,17187,,False
70,17198,,False
70,17204,,False
70,17211,,False
70,17212,,False
70,17221,,False
70,17242,,False
70,17244,,False
70,17253,,False
70,17268,,False
70,17269,,False
70,17290,,False
70,17295,,False
70,17307,,False
70,17314,,False
70,17316,,False
70,17317,,False
70,17324,,False
70,17326,,False
70,17328,,False
70,17331,,False
70,17335,,False
70,17350,,False
70,17352,,False
70,17357,,False
70,17370,,False
70,17380,,False
70,17388,,False
70,17394,,False
70,17397,,False
70,17400,,False
70,17402,,False
70,17407,,False
70,17419,,False
70,17427,,False
70,17450,,False
70,17453,,False
70,17455,,False
70,17457,,False
70,17458,,False
70,17461,,False
70,17463,,False
70,17467,,False
70,17469,,False
70,17471,,False
70,17473,,False
70,17483,,False
70,17485,,False
70,17491,,False
70,17495,,False
70,17505,,False
70,17520,,False
70,17522,,False
70,17529,,False
70,17531,,False
70,17532,,False
70,17554,,False
70,17560,,False
70,17563,,False
70,17567,,False
70,17580,,False
70,17586,,False
70,17606,,False
70,17609,,False
70,17610,,False
70,17612,,False
70,17613,,False
70,17628,,False
70,17637,,False
70,17651,,False
70,17655,,False
70,17667,,False
70,17675,,False
70,17677,,False
70,17686,,False
70,17687,,False
70,17699,,False
70,17705,,False
70,17706,,False
70,17708,,False
70,17742,,False
70,17744,,False
70,17749,,False
70,17752,,False
70,17760,,False
70,17761,,False
70,17764,,False
70,17767,,False
70,17770,,False
70,17774,,False
70,17781,,False
70,17785,,False
70,17791,,False
70,17794,,False
70,17796,,False
70,17804,,False
70,17808,,False
70,17809,,False
70,17810,,False
70,17816,,False
70,17826,,False
70,17850,,False
70,17856,,False
70,17857,,False
70,17868,,False
70,17893,,False
70,17894,,False
70,17895,,False
70,17905,,False
70,17911,,False
70,17915,,False
70,17921,,False
70,17925,,False
70,17950,,False
70,17951,,False
70,17953,,False
70,17961,,False
70,17964,,False
70,17971,,False
70,17973,,False
70,17992,,False
70,18007,,False
70,18017,,False
70,18020,,False
70,18031,,False
70,18033,,False
70,18052,,False
70,18056,,False
70,18062,,False
70,18073,,False
70,18085,,False
70,18090,,False
70,18097,,False
70,18105,,False
70,18110,,False
70,18131,,False
70,18141,,False
70,18147,,False
70,18151,,False
70,18158,,False
70,18164,,False
70,18167,,False
70,18181,,False
70,18202,,False
70,18208,,False
70,18210,,False
70,18222,,False
70,18227,,False
70,18231,,False
70,18233,,False
70,18260,,False
70,18264,,False
70,18272,,False
70,18285,,False
70,18310,,False
70,18316,,False
70,18318,,False
70,18321,,False
70,18339,,False
70,18348,,False
70,18352,,False
70,18373,,False
70,18386,,False
70,18390,,False
70,18397,,False
70,18408,,False
70,18409,,False
70,18427,,False
70,18438,,False
70,18442,,False
70,18456,,False
70,18465,,False
70,18471,,False
70,18477,,False
70,18492,,False
70,18496,,False
70,18510,,False
70,18525,,False
70,18527,,False
70,18563,,False
70,18564,,False
70,18568,,False
70,18573,,False
70,18579,,False
70,18606,,False
70,18616,,False
70,18619,,False
70,18628,,False
70,18636,,False
70,18648,,False
70,18658,,False
70,18661,,False
70,18665,,False
70,18704,,False
70,18705,,False
70,18712,,False
70,18729,,False
70,18738,,False
70,18740,,False
70,18744,,False
70,18745,,False
70,18755,,False
70,18766,,False
70,18777,,False
70,18786,,False
70,18792,,False
70,18804,,False
70,18811,,False
70,18836,,False
70,18843,,False
70,18845,,False
70,18847,,False
70,18849,,False
70,18872,,False
70,18874,,False
70,18876,,False
70,18889,,False
70,18898,,False
70,18902,,False
70,18906,,False
70,18908,,False
70,18911,,False
70,18921,,False
70,18937,,False
70,18938,,False
70,18951,,False
70,18957,,False
70,18962,,False
70,18963,,False
70,18971,,False
70,18973,,False
70,18977,,False
70,18978,,False
70,18991,,False
70,18998,,False
70,19007,,False
70,19009,,False
70,19023,,False
70,19031,,False
70,19035,,False
70,19045,,False
70,19052,,False
70,19053,,False
70,19054,,False
70,19074,,False
70,19076,,False
70,19082,,False
70,19090,,False
70,19091,,False
70,19101,,False
70,19107,,False
70,19108,,False
70,19139,,False
70,19147,,False
70,19162,,False
70,19169,,False
70,19179,,False
70,19187,,False
70,19201,,False
70,19202,,False
70,19219,,False
70,19220,,False
70,19223,,False
70,19230,,False
70,19233,,False
70,19234,,False
70,19240,,False
70,19248,,False
70,19251,,False
70,19265,,False
70,19267,,False
70,19277,,False
70,19280,,False
70,19282,,False
70,19285,,False
70,19289,,False
70,19291,,False
70,19293,,False
70,19297,,False
70,19303,,False
70,19306,,False
70,19307,,False
70,19319,,False
70,19341,,False
70,19345,,False
70,19351,,False
70,19377,,False
70,19380,,False
70,19382,,False
70,19384,,False
70,19390,,False
70,19392,,False
70,19396,,False
70,19408,,False
70,19409,,False
70,19412,,False
70,19414,,False
70,19442,,False
70,19454,,False
70,19473,,False
70,19483,,False
70,19485,,False
70,19489,,False
70,19496,,False
70,19521,,False
70,19535,,False
70,19545,,False
70,19559,,False
70,19572,,False
70,19578,,False
70,19594,,False
70,19607,,False
70,19624,,False
70,19625,,False
70,19626,,False
70,19630,,False
70,19632,,False
70,19684,,False
70,19685,,False
70,19689,,False
70,19691,,False
70,19692,,False
70,19697,,False
70,19713,,False
70,19718,,False
70,19724,,False
70,19740,,False
70,19747,,False
70,19748,,False
70,19750,,False
70,19751,,False
70,19753,,False
70,19770,,False
70,19779,,False
70,19783,,False
70,19790,,False
70,19793,,False
70,19794,,False
70,19799,,False
70,19808,,False
70,19815,,False
70,19826,,False
70,19850,,False
70,19851,,False
70,19853,,False
70,19862,,False
70,19866,,False
70,19869,,False
70,19883,,False
70,19896,,False
70,19902,,False
70,19907,,False
70,19922,,False
70,19923,,False
70,19925,,False
70,19932,,False
70,19933,,False
70,19979,,False
70,19984,,False
70,19987,,False
70,19990,,False
70,19998,,False
70,20001,,False
70,20005,,False
70,20019,,False
70,20024,,False
70,20034,,False
70,20035,,False
70,20041,,False
70,20043,,False
70,20046,,False
70,20048,,False
70,20051,,False
70,20055,,False
70,20065,,False
70,20067,,False
70,20098,,False
70,20106,,False
70,20109,,False
70,20112,,False
70,20120,,False
70,20122,,False
70,20123,,False
70,20129,,False
70,20134,,False
70,20140,,False
70,20150,,False
70,20157,,False
70,20158,,False
70,20175,,False
70,20188,,False
70,20200,,False
70,20202,,False
70,20207,,False
70,20210,,False
70,20223,,False
70,20230,,False
70,20231,,False
70,20271,,False
70,20276,,False
70,20277,,False
70,20285,,False
70,20286,,False
70,20289,,False
70,20306,,False
70,20314,,False
70,20318,,False
70,20319,,False
70,20331,,False
70,20338,,False
70,20348,,False
70,20349,,False
70,20358,,False
70,20364,,False
70,20391,,False
70,20394,,False
70,20404,,False
70,20405,,False
70,20409,,False
70,20433,,False
70,20444,,False
70,20447,,False
70,20456,,False
70,20460,,False
70,20464,,False
70,20475,,False
70,20479,,False
70,20490,,False
70,20491,,False
70,20513,,False
70,20525,,False
70,20527,,False
70,20533,,False
70,20546,,False
70,20570,,False
70,20572,,False
70,20576,,False
70,20579,,False
70,20582,,False
70,20588,,False
70,20595,,False
70,20613,,False
70,20619,,False
70,20620,,False
70,20639,,False
70,20642,,False
70,20654,,False
70,20655,,False
70,20670,,False
70,20678,,False
70,20683,,False
70,20689,,False
70,20691,,False
70,20710,,False
70,20750,,False
70,20751,,False
70,20757,,False
70,20776,,False
70,20781,,False
70,20795,,False
70,20804,,False
70,20819,,False
70,20822,,False
70,20823,,False
70,20824,,False
70,20836,,False
70,20839,,False
70,20860,,False
70,20864,,False
70,20865,,False
70,20874,,False
70,20886,,False
70,20890,,False
70,20891,,False
70,20893,,False
70,20924,,False
70,20927,,False
70,20932,,False
70,20940,,False
70,20944,,False
70,20945,,False
70,20956,,False
70,20965,,False
70,20991,,False
70,20998,,False
70,21003,,False
70,21005,,False
70,21006,,False
70,21024,,False
70,21025,,False
70,21032,,False
70,21034,,False
70,21037,,False
70,21038,,False
70,21052,,False
70,21054,,False
70,21057,,False
70,21059,,False
70,21060,,False
70,21062,,False
70,21068,,False
70,21076,,False
70,21080,,False
70,21089,,False
70,21109,,False
70,21110,,False
70,21112,,False
70,21113,,False
70,21114,,False
70,21117,,False
70,21124,,False
70,21142,,False
70,21149,,False
70,21150,,False
70,21154,,False
70,21157,,False
70,21159,,False
70,21162,,False
70,21163,,False
70,21164,,False
70,21174,,False
70,21179,,False
70,21180,,False
70,21188,,False
70,21200,,False
70,21204,,False
70,21215,,False
70,21217,,False
70,21227,,False
70,21237,,False
70,21240,,False
70,21247,,False
70,21248,,False
70,21254,,False
70,21265,,False
70,21267,,False
70,21269,,False
70,21271,,False
70,21274,,False
70,21276,,False
70,21289,,False
70,21291,,False
70,21296,,False
70,21299,,False
70,21320,,False
70,21350,,False
70,21367,,False
70,21377,,False
70,21401,,False
70,21411,,False
70,21415,,False
70,21422,,False
70,21423,,False
70,21444,,False
70,21455,,False
70,21466,,False
70,21468,,False
70,21472,,False
70,21473,,False
70,21476,,False
70,21483,,False
70,21492,,False
70,21497,,False
70,21498,,False
70,21500,,False
70,21506,,False
70,21510,,False
70,21518,,False
70,21520,,False
70,21529,,False
70,21542,,False
70,21546,,False
70,21547,,False
70,21563,,False
70,21564,,False
70,21570,,False
70,21574,,False
70,21576,,False
70,21577,,False
70,21585,,False
70,21587,,False
70,21592,,False
70,21597,,False
70,21605,,False
70,21629,,False
70,21631,,False
70,21633,,False
70,21640,,False
70,21647,,False
70,21664,,False
70,21678,,False
70,21691,,False
70,21697,,False
70,21707,,False
70,21726,,False
70,21728,,False
70,21732,,False
70,21735,,False
70,21750,,False
70,21765,,False
70,21768,,False
70,21771,,False
70,21772,,False
70,21775,,False
70,21782,,False
70,21788,,False
70,21793,,False
70,21800,,False
70,21806,,False
70,21821,,False
70,21828,,False
70,21832,,False
70,21833,,False
70,21837,,False
70,21842,,False
70,21852,,False
70,21862,,False
70,21871,,False
70,21880,,False
70,21881,,False
70,21889,,False
70,21890,,False
70,21893,,False
70,21896,,False
70,21908,,False
70,21917,,False
70,21932,,False
70,21934,,False
70,21935,,False
70,21941,,False
70,21947,,False
70,21949,,False
70,21953,,False
70,21956,,False
70,21959,,False
70,21965,,False
70,21970,,False
70,21981,,False
70,21999,,False
70,22000,,False
70,22004,,False
70,22006,,False
70,22030,,False
70,22037,,False
70,22039,,False
70,22062,,False
70,22067,,False
70,22084,,False
70,22090,,False
70,22096,,False
70,22098,,False
70,22104,,False
70,22111,,False
70,22115,,False
70,22146,,False
70,22149,,False
70,22152,,False
70,22160,,False
70,22173,,False
70,22178,,False
70,22182,,False
70,22184,,False
70,22191,,False
70,22204,,False
70,22223,,False
70,22231,,False
70,22242,,False
70,22253,,False
70,22262,,False
70,22274,,False
70,22286,,False
70,22293,,False
70,22295,,False
70,22299,,False
70,22307,,False
70,22312,,False
70,22313,,False
70,22319,,False
70,22320,,False
70,22322,,False
70,22332,,False
70,22340,,False
70,22358,,False
70,22362,,False
70,22378,,False
70,22384,,False
70,22387,,False
70,22393,,False
70,22409,,False
70,22412,,False
70,22422,,False
70,22425,,False
70,22465,,False
70,22475,,False
70,22492,,False
70,22493,,False
70,22496,,False
70,22503,,False
70,22505,,False
70,22512,,False
70,22517,,False
70,22522,,False
70,22529,,False
70,22533,,False
70,22551,,False
70,22552,,False
70,22557,,False
70,22559,,False
70,22560,,False
70,22567,,False
70,22580,,False
70,22586,,False
70,22600,,False
70,22621,,False
70,22633,,False
70,22653,,False
70,22658,,False
70,22660,,False
70,22668,,False
70,22671,,False
70,22697,,False
70,22707,,False
70,22718,,False
70,22721,,False
70,22729,,False
70,22731,,False
70,22769,,False
70,22775,,False
70,22783,,False
70,22784,,False
70,22792,,False
70,22811,,False
70,22813,,False
70,22817,,False
70,22826,,False
70,22844,,False
70,22845,,False
70,22858,,False
70,22862,,False
70,22867,,False
70,22871,,False
70,22872,,False
70,22878,,False
70,22890,,False
70,22920,,False
70,22923,,False
70,22940,,False
70,22951,,False
70,22960,,False
70,22984,,False
70,22988,,False
70,22989,,False
70,22992,,False
70,22999,,False
70,23010,,False
70,23011,,False
70,23020,,False
70,23031,,False
70,23034,,False
70,23039,,False
70,23046,,False
70,23058,,False
70,23068,,False
70,23075,,False
70,23077,,False
70,23080,,False
70,23087,,False
70,23109,,False
70,23126,,False
70,23132,,False
70,23134,,False
70,23151,,False
70,23166,,False
70,23177,,False
70,23178,,False
70,23179,,False
70,23191,,False
70,23194,,False
70,23196,,False
70,23206,,False
70,23238,,False
70,23239,,False
70,23244,,False
70,23256,,False
70,23260,,False
70,23271,,False
70,23278,,False
70,23280,,False
70,23285,,False
70,23299,,False
70,23305,,False
70,23306,,False
70,23314,,False
70,23315,,False
70,23316,,False
70,23321,,False
70,23333,,False
70,23335,,False
70,23344,,False
70,23349,,False
70,23352,,False
70,23365,,False
70,23369,,False
70,23370,,False
70,23381,,False
70,23382,,False
70,23390,,False
70,23395,,False
70,23410,,False
70,23415,,False
70,23419,,False
70,23430,,False
70,23433,,False
70,23437,,False
70,23440,,False
70,23445,,False
70,23464,,False
70,23471,,False
70,23474,,False
70,23475,,False
70,23476,,False
70,23486,,False
70,23493,,False
70,23502,,False
70,23506,,False
70,23509,,False
70,23521,,False
70,23523,,False
70,23528,,False
70,23534,,False
70,23550,,False
70,23553,,False
70,23556,,False
70,23570,,False
70,23583,,False
70,23587,,False
70,23600,,False
70,23611,,False
70,23615,,False
70,23620,,False
70,23627,,False
70,23632,,False
70,23682,,False
70,23686,,False
70,23698,,False
70,23702,,False
70,23716,,False
70,23717,,False
70,23721,,False
70,23728,,False
70,23732,,False
70,23748,,False
70,23753,,False
70,23765,,False
70,23776,,False
70,23794,,False
70,23795,,False
70,23804,,False
70,23806,,False
70,23808,,False
70,23809,,False
70,23833,,False
70,23844,,False
70,23846,,False
70,23847,,False
70,23861,,False
70,23863,,False
70,23864,,False
70,23867,,False
70,23873,,False
70,23874,,False
70,23885,,False
70,23888,,False
70,23898,,False
70,23900,,False
70,23908,,False
70,23911,,False
70,23920,,False
70,23923,,False
70,23931,,False
70,23936,,False
70,23947,,False
70,23948,,False
70,23952,,False
70,23955,,False
70,23970,,False
70,23977,,False
70,23979,,False
70,23983,,False
70,23988,,False
70,24002,,False
70,24009,,False
70,24035,,False
70,24042,,False
70,24047,,False
70,24053,,False
70,24072,,False
70,24078,,False
70,24090,,False
70,24100,,False
70,24106,,False
70,24108,,False
70,24121,,False
70,24134,,False
70,24140,,False
70,24150,,False
70,24158,,False
70,24160,,False
70,24169,,False
70,24171,,False
70,24176,,False
70,24180,,False
70,24183,,False
70,24188,,False
70,24192,,False
70,24195,,False
70,24197,,False
70,24221,,False
70,24223,,False
70,24250,,False
70,24252,,False
70,24253,,False
70,24256,,False
70,24257,,False
70,24260,,False
70,24269,,False
70,24271,,False
70,24287,,False
70,24292,,False
70,24294,,False
70,24295,,False
70,24306,,False
70,24330,,False
70,24337,,False
70,24351,,False
70,24354,,False
70,24368,,False
70,24377,,False
70,24381,,False
70,24382,,False
70,24391,,False
70,24399,,False
70,24402,,False
70,24408,,False
70,24418,,False
70,24426,,False
70,24429,,False
70,24436,,False
70,24448,,False
70,24454,,False
70,24497,,False
70,24502,,False
70,24505,,False
70,24508,,False
70,24510,,False
70,24512,,False
70,24516,,False
70,24532,,False
70,24537,,False
70,24564,,False
70,24572,,False
70,24577,,False
70,24618,,False
70,24622,,False
70,24632,,False
70,24638,,False
70,24641,,False
70,24646,,False
70,24650,,False
70,24658,,False
70,24674,,False
70,24675,,False
70,24691,,False
70,24695,,False
70,24698,,False
70,24701,,False
70,24722,,False
70,24725,,False
70,24730,,False
70,24739,,False
70,24755,,False
70,24758,,False
70,24769,,False
70,24773,,False
70,24775,,False
70,24783,,False
70,24786,,False
70,24792,,False
70,24798,,False
70,24799,,False
70,24808,,False
70,24811,,False
70,24812,,False
70,24818,,False
70,24824,,False
70,24834,,False
70,24856,,False
70,24863,,False
70,24865,,False
70,24867,,False
70,24875,,False
70,24885,,False
70,24887,,False
70,24898,,False
70,24904,,False
70,24919,,False
70,24920,,False
70,24925,,False
70,24930,,False
70,24934,,False
70,24936,,False
70,24947,,False
70,24965,,False
70,24970,,False
70,24974,,False
70,24976,,False
70,24983,,False
70,24984,,False
70,24997,,False
70,25001,,False
70,25005,,False
70,25010,,False
70,25017,,False
70,25020,,False
70,25038,,False
70,25040,,False
70,25049,,False
70,25052,,False
70,25057,,False
70,25060,,False
70,25073,,False
70,25085,,False
70,25088,,False
70,25099,,False
70,25142,,False
70,25154,,False
70,25168,,False
70,25170,,False
70,25187,,False
70,25188,,False
70,25194,,False
70,25198,,False
70,25200,,False
70,25210,,False
70,25217,,False
70,25221,,False
70,25226,,False
70,25247,,False
70,25259,,False
70,25266,,False
70,25268,,False
70,25283,,False
70,25302,,False
70,25316,,False
70,25331,,False
70,25335,,False
70,25348,,False
70,25358,,False
70,25365,,False
70,25366,,False
70,25369,,False
70,25372,,False
70,25379,,False
70,25381,,False
70,25386,,False
70,25388,,False
70,25391,,False
70,25394,,False
70,25415,,False
70,25416,,False
70,25420,,False
70,25423,,False
70,25427,,False
70,25429,,False
70,25454,,False
70,25459,,False
70,25461,,False
70,25465,,False
70,25470,,False
70,25475,,False
70,25481,,False
70,25490,,False
70,25507,,False
70,25508,,False
70,25510,,False
70,25517,,False
70,25518,,False
70,25522,,False
70,25531,,False
70,25539,,False
70,25550,,False
70,25554,,False
70,25566,,False
70,25573,,False
70,25587,,False
70,25604,,False
70,25605,,False
70,25614,,False
70,25620,,False
70,25631,,False
70,25639,,False
70,25649,,False
70,25671,,False
70,25673,,False
70,25681,,False
70,25685,,False
70,25690,,False
70,25719,,False
70,25725,,False
70,25726,,False
70,25735,,False
70,25771,,False
70,25773,,False
70,25780,,False
70,25788,,False
70,25799,,False
70,25801,,False
70,25814,,False
70,25815,,False
70,25817,,False
70,25824,,False
70,25833,,False
70,25836,,False
70,25847,,False
70,25850,,False
70,25856,,False
70,25857,,False
70,25862,,False
70,25865,,False
70,25871,,False
70,25872,,False
70,25878,,False
70,25879,,False
70,25881,,False
70,25882,,False
70,25910,,False
70,25942,,False
70,25943,,False
70,25951,,False
70,25954,,False
70,25973,,False
70,25977,,False
70,25978,,False
70,25994,,False
70,26003,,False
70,26006,,False
70,26012,,False
70,26023,,False
70,26030,,False
70,26043,,False
70,26045,,False
70,26053,,False
70,26057,,False
70,26059,,False
70,26063,,False
70,26067,,False
70,26068,,False
70,26095,,False
70,26118,,False
70,26122,,False
70,26129,,False
70,26133,,False
70,26135,,False
70,26136,,False
70,26144,,False
70,26147,,False
70,26156,,False
70,26167,,False
70,26176,,False
70,26179,,False
70,26183,,False
70,26191,,False
70,26195,,False
70,26200,,False
70,26207,,False
70,26209,,False
70,26214,,False
70,26215,,False
70,26223,,False
70,26232,,False
70,26245,,False
70,26251,,False
70,26285,,False
70,26293,,False
70,26298,,False
70,26299,,False
70,26305,,False
70,26306,,False
70,26307,,False
70,26313,,False
70,26316,,False
70,26322,,False
70,26325,,False
70,26336,,False
70,26342,,False
70,26345,,False
70,26348,,False
70,26349,,False
70,26355,,False
70,26371,,False
70,26377,,False
70,26382,,False
70,26384,,False
70,26386,,False
70,26387,,False
70,26397,,False
70,26401,,False
70,26403,,False
70,26418,,False
70,26438,,False
70,26441,,False
70,26469,,False
70,26488,,False
70,26497,,False
70,26500,,False
70,26505,,False
70,26508,,False
70,26513,,False
70,26515,,False
70,26545,,False
70,26591,,False
70,26593,,False
70,26596,,False
70,26599,,False
70,26602,,False
70,26605,,False
70,26644,,False
70,26645,,False
70,26651,,False
70,26652,,False
70,26666,,False
70,26671,,False
70,26692,,False
70,26699,,False
70,26701,,False
70,26706,,False
70,26718,,False
70,26724,,False
70,26739,,False
70,26742,,False
70,26745,,False
70,26753,,False
70,26773,,False
70,26776,,False
70,26780,,False
70,26786,,False
70,26791,,False
70,26822,,False
70,26825,,False
70,26830,,False
70,26836,,False
70,26843,,False
70,26846,,False
70,26852,,False
70,26860,,False
70,26884,,False
70,26886,,False
70,26894,,False
70,26897,,False
70,26900,,False
70,26919,,False
70,26924,,False
70,26929,,False
70,26931,,False
70,26932,,False
70,26933,,False
70,26943,,False
70,26946,,False
70,26954,,False
70,26973,,False
70,26980,,False
70,26981,,False
70,26983,,False
70,26984,,False
70,26997,,False
70,27012,,False
70,27013,,False
70,27019,,False
70,27022,,False
70,27066,,False
70,27071,,False
70,27089,,False
70,27092,,False
70,27095,,False
70,27104,,False
70,27134,,False
70,27142,,False
70,27146,,False
70,27172,,False
70,27173,,False
70,27175,,False
70,27178,,False
70,27189,,False
70,27193,,False
70,27198,,False
70,27201,,False
70,27211,,False
70,27214,,False
70,27221,,False
70,27224,,False
70,27240,,False
70,27254,,False
70,27255,,False
70,27260,,False
70,27262,,False
70,27264,,False
70,27267,,False
70,27271,,False
70,27272,,False
70,27284,,False
70,27298,,False
70,27306,,False
70,27311,,False
70,27313,,False
70,27317,,False
70,27318,,False
70,27323,,False
70,27329,,False
70,27334,,False
70,27336,,False
70,27340,,False
70,27355,,False
70,27357,,False
70,27361,,False
70,27370,,False
70,27378,,False
70,27389,,False
70,27390,,False
70,27397,,False
70,27405,,False
70,27406,,False
70,27415,,False
70,27444,,False
70,27446,,False
70,27453,,False
70,27458,,False
70,27474,,False
70,27476,,False
70,27492,,False
70,27496,,False
70,27504,,False
70,27510,,False
70,27519,,False
70,27523,,False
70,27524,,False
70,27526,,False
70,27528,,False
70,27531,,False
70,27533,,False
70,27537,,False
70,27541,,False
70,27546,,False
70,27547,,False
70,27554,,False
70,27568,,False
70,27570,,False
70,27574,,False
70,27586,,False
70,27595,,False
70,27603,,False
70,27604,,False
70,27625,,False
70,27626,,False
70,27627,,False
70,27656,,False
70,27667,,False
70,27674,,False
70,27677,,False
70,27687,,False
70,27702,,False
70,27705,,False
70,27707,,False
70,27716,,False
70,27730,,False
70,27731,,False
70,27733,,False
70,27736,,False
70,27742,,False
70,27743,,False
70,27749,,False
70,27751,,False
70,27753,,False
70,27772,,False
70,27775,,False
70,27780,,False
70,27781,,False
70,27785,,False
70,27786,,False
70,27790,,False
70,27792,,False
70,27793,,False
70,27801,,False
70,27810,,False
70,27811,,False
70,27834,,False
70,27835,,False
70,27841,,False
70,27854,,False
70,27869,,False
70,27872,,False
70,27889,,False
70,27898,,False
70,27899,,False
70,27908,,False
70,27914,,False
70,27918,,False
70,27922,,False
70,27930,,False
70,27941,,False
70,27946,,False
70,27950,,False
70,27952,,False
70,27959,,False
70,27963,,False
70,27968,,False
70,27992,,False
70,27995,,False
70,28028,,False
70,28046,,False
70,28048,,False
70,28064,,False
70,28069,,False
70,28072,,False
70,28090,,False
70,28091,,False
70,28094,,False
70,28117,,False
70,28130,,False
70,28134,,False
70,28142,,False
70,28187,,False
70,28192,,False
70,28203,,False
70,28225,,False
70,28229,,False
70,28240,,False
70,28243,,False
70,28244,,False
70,28260,,False
70,28264,,False
70,28274,,False
70,28304,,False
70,28311,,False
70,28325,,False
70,28329,,False
70,28332,,False
70,28348,,False
70,28351,,False
70,28356,,False
70,28362,,False
70,28366,,False
70,28369,,False
70,28375,,False
70,28379,,False
70,28381,,False
70,28391,,False
70,28416,,False
70,28423,,False
70,28443,,False
70,28445,,False
70,28451,,False
70,28466,,False
70,28469,,False
70,28473,,False
70,28482,,False
70,28483,,False
70,28489,,False
70,28502,,False
70,28506,,False
70,28521,,False
70,28530,,False
70,28534,,False
70,28539,,False
70,28540,,False
70,28555,,False
70,28556,,False
70,28557,,False
70,28558,,False
70,28563,,False
70,28564,,False
70,28569,,False
70,28574,,False
70,28575,,False
70,28582,,False
70,28585,,False
70,28597,,False
70,28599,,False
70,28610,,False
70,28612,,False
70,28623,,False
70,28627,,False
70,28628,,False
70,28645,,False
70,28658,,False
70,28676,,False
70,28687,,False
70,28695,,False
70,28712,,False
70,28720,,False
70,28739,,False
70,28744,,False
70,28745,,False
70,28770,,False
70,28772,,False
70,28775,,False
70,28776,,False
70,28780,,False
70,28781,,False
70,28793,,False
70,28800,,False
70,28804,,False
70,28816,,False
70,28818,,False
70,28825,,False
70,28847,,False
70,28868,,False
70,28874,,False
70,28876,,False
70,28877,,False
70,28879,,False
70,28883,,False
70,28884,,False
70,28906,,False
70,28913,,False
70,28915,,False
70,28919,,False
70,28920,,False
70,28926,,False
70,28937,,False
70,28939,,False
70,28953,,False
70,28964,,False
70,28966,,False
70,28989,,False
70,28997,,False
70,29002,,False
70,29006,,False
70,29012,,False
70,29014,,False
70,29019,,False
70,29031,,False
70,29034,,False
70,29041,,False
70,29044,,False
70,29050,,False
70,29051,,False
70,29060,,False
70,29062,,False
70,29067,,False
70,29072,,False
70,29073,,False
70,29075,,False
70,29087,,False
70,29093,,False
70,29099,,False
70,29117,,False
70,29120,,False
70,29121,,False
70,29126,,False
70,29141,,False
70,29142,,False
70,29150,,False
70,29158,,False
70,29162,,False
70,29170,,False
70,29177,,False
70,29184,,False
70,29186,,False
70,29194,,False
70,29204,,False
70,29223,,False
70,29246,,False
70,29249,,False
70,29254,,False
70,29258,,False
70,29264,,False
70,29268,,False
70,29272,,False
70,29287,,False
70,29289,,False
70,29294,,False
70,29300,,False
70,29302,,False
70,29306,,False
70,29309,,False
70,29312,,False
70,29314,,False
70,29315,,False
70,29320,,False
70,29322,,False
70,29329,,False
70,29333,,False
70,29337,,False
70,29338,,False
70,29340,,False
70,29357,,False
70,29360,,False
70,29366,,False
70,29377,,False
70,29380,,False
70,29386,,False
70,29396,,False
70,29401,,False
70,29408,,False
70,29415,,False
70,29416,,False
70,29422,,False
70,29429,,False
70,29442,,False
70,29452,,False
70,29456,,False
70,29464,,False
70,29480,,False
70,29491,,False
70,29508,,False
70,29510,,False
70,29516,,False
70,29534,,False
70,29547,,False
70,29549,,False
70,29551,,False
70,29554,,False
70,29574,,False
70,29577,,False
70,29591,,False
70,29594,,False
70,29600,,False
70,29619,,False
70,29621,,False
70,29626,,False
70,29638,,False
70,29644,,False
70,29646,,False
70,29648,,False
70,29650,,False
70,29658,,False
70,29661,,False
70,29672,,False
70,29680,,False
70,29693,,False
70,29701,,False
70,29703,,False
70,29711,,False
70,29715,,False
70,29720,,False
70,29721,,False
70,29735,,False
70,29745,,False
70,29753,,False
70,29756,,False
70,29761,,False
70,29767,,False
70,29778,,False
70,29780,,False
70,29781,,False
70,29782,,False
70,29783,,False
70,29799,,False
70,29807,,False
70,29811,,False
70,29812,,False
70,29817,,False
70,29821,,False
70,29823,,False
70,29831,,False
70,29832,,False
70,29841,,False
70,29844,,False
70,29854,,False
70,29856,,False
70,29857,,False
70,29861,,False
70,29867,,False
70,29872,,False
70,29896,,False
70,29906,,False
70,29907,,False
70,29910,,False
70,29914,,False
70,29926,,False
70,29928,,False
70,29935,,False
70,29937,,False
70,29971,,False
70,29981,,False
70,29995,,False
70,30001,,False
70,30004,,False
70,30005,,False
70,30019,,False
70,30023,,False
70,30041,,False
70,30045,,False
70,30052,,False
70,30066,,False
70,30070,,False
70,30085,,False
70,30093,,False
70,30098,,False
70,30111,,False
70,30118,,False
70,30120,,False
70,30138,,False
70,30152,,False
70,30160,,False
70,30167,,False
70,30180,,False
70,30183,,False
70,30184,,False
70,30203,,False
70,30208,,False
70,30225,,False
70,30253,,False
70,30289,,False
70,30299,,False
70,30310,,False
70,30313,,False
70,30316,,False
70,30326,,False
70,30327,,False
70,30328,,False
70,30331,,False
70,30345,,False
70,30349,,False
70,30387,,False
70,30390,,False
70,30392,,False
70,30395,,False
70,30399,,False
70,30409,,False
70,30411,,False
70,30427,,False
70,30432,,False
70,30437,,False
70,30439,,False
70,30447,,False
70,30458,,False
70,30466,,False
70,30470,,False
70,30473,,False
70,30488,,False
70,30492,,False
70,30496,,False
70,30502,,False
70,30514,,False
70,30516,,False
70,30528,,False
70,30543,,False
70,30545,,False
70,30547,,False
70,30562,,False
70,30581,,False
70,30589,,False
70,30591,,False
70,30597,,False
70,30625,,False
70,30626,,False
70,30628,,False
70,30629,,False
70,30637,,False
70,30638,,False
70,30647,,False
70,30651,,False
70,30652,,False
70,30654,,False
70,30657,,False
70,30670,,False
70,30674,,False
70,30679,,False
70,30688,,False
70,30689,,False
70,30690,,False
70,30693,,False
70,30695,,False
70,30698,,False
70,30700,,False
70,30703,,False
70,30707,,False
70,30708,,False
70,30709,,False
70,30712,,False
70,30718,,False
70,30724,,False
70,30728,,False
70,30736,,False
70,30747,,False
70,30768,,False
70,30774,,False
70,30775,,False
70,30779,,False
70,30785,,False
70,30788,,False
70,30792,,False
70,30800,,False
70,30801,,False
70,30811,,False
70,30812,,False
70,30828,,False
70,30853,,False
70,30860,,False
70,30863,,False
70,30872,,False
70,30879,,False
70,30881,,False
70,30882,,False
70,30887,,False
70,30899,,False
70,30905,,False
70,30906,,False
70,30933,,False
70,30940,,False
70,30951,,False
70,30961,,False
70,30963,,False
70,30971,,False
70,30974,,False
70,30978,,False
70,30984,,False
70,30992,,False
70,30998,,False
70,31000,,False
70,31001,,False
70,31007,,False
70,31026,,False
70,31028,,False
70,31039,,False
70,31048,,False
70,31049,,False
70,31073,,False
70,31084,,False
70,31094,,False
70,31101,,False
70,31107,,False
70,31120,,False
70,31125,,False
70,31132,,False
70,31148,,False
70,31154,,False
70,31160,,False
70,31162,,False
70,31172,,False
70,31178,,False
70,31186,,False
70,31190,,False
70,31192,,False
70,31196,,False
70,31204,,False
70,31207,,False
70,31209,,False
70,31230,,False
70,31236,,False
70,31240,,False
70,31246,,False
70,31247,,False
70,31248,,False
70,31250,,False
70,31251,,False
70,31267,,False
70,31271,,False
70,31276,,False
70,31291,,False
70,31292,,False
70,31293,,False
70,31298,,False
70,31301,,False
70,31303,,False
70,31311,,False
70,31312,,False
70,31314,,False
70,31333,,False
70,31334,,False
70,31336,,False
70,31345,,False
70,31346,,False
70,31350,,False
70,31384,,False
70,31408,,False
70,31415,,False
70,31442,,False
70,31445,,False
70,31448,,False
70,31449,,False
70,31478,,False
70,31496,,False
70,31502,,False
70,31507,,False
70,31510,,False
70,31522,,False
70,31537,,False
70,31540,,False
70,31544,,False
70,31553,,False
70,31556,,False
70,31567,,False
70,31569,,False
70,31579,,False
70,31580,,False
70,31581,,False
70,31585,,False
70,31590,,False
70,31601,,False
70,31607,,False
70,31617,,False
70,31622,,False
70,31625,,False
70,31626,,False
70,31629,,False
70,31639,,False
70,31645,,False
70,31647,,False
70,31660,,False
70,31678,,False
70,31696,,False
70,31698,,False
70,31712,,False
70,31716,,False
70,31720,,False
70,31725,,False
70,31735,,False
70,31737,,False
70,31738,,False
70,31745,,False
70,31758,,False
70,31759,,False
70,31763,,False
70,31781,,False
70,31786,,False
70,31787,,False
70,31790,,False
70,31791,,False
70,31811,,False
70,31813,,False
70,31830,,False
70,31835,,False
70,31842,,False
70,31843,,False
70,31867,,False
70,31873,,False
70,31895,,False
70,31902,,False
70,31905,,False
70,31906,,False
70,31909,,False
70,31910,,False
70,31915,,False
70,31917,,False
70,31930,,False
70,31972,,False
70,31973,,False
70,31975,,False
70,31982,,False
70,31989,,False
70,31999,,False
70,32006,,False
70,32010,,False
70,32013,,False
70,32025,,False
70,32028,,False
70,32037,,False
70,32040,,False
70,32048,,False
70,32049,,False
70,32051,,False
70,32058,,False
70,32076,,False
70,32079,,False
70,32080,,False
70,32114,,False
70,32128,,False
70,32132,,False
70,32138,,False
70,32139,,False
70,32141,,False
70,32169,,False
70,32173,,False
70,32176,,False
70,32178,,False
70,32179,,False
70,32206,,False
70,32211,,False
70,32212,,False
70,32215,,False
70,32216,,False
70,32220,,False
70,32223,,False
70,32228,,False
70,32242,,False
70,32247,,False
70,32250,,False
70,32251,,False
70,32287,,False
70,32288,,False
70,32308,,False
70,32315,,False
70,32325,,False
70,32338,,False
70,32345,,False
70,32348,,False
70,32353,,False
70,32360,,False
70,32369,,False
70,32373,,False
70,32379,,False
70,32388,,False
70,32407,,False
70,32420,,False
70,32428,,False
70,32439,,False
70,32444,,False
70,32458,,False
70,32463,,False
70,32468,,False
70,32469,,False
70,32483,,False
70,32485,,False
70,32493,,False
70,32495,,False
70,32496,,False
70,32522,,False
70,32523,,False
70,32525,,False
70,32560,,False
70,32570,,False
70,32575,,False
70,32580,,False
70,32585,,False
70,32594,,False
70,32613,,False
70,32622,,False
70,32626,,False
70,32639,,False
70,32653,,False
70,32657,,False
70,32665,,False
70,32686,,False
70,32719,,False
70,32721,,False
70,32727,,False
70,32736,,False
70,32741,,False
70,32743,,False
70,32745,,False
70,32746,,False
70,32748,,False
70,32757,,False
70,32764,,False
70,32765,,False
70,32774,,False
70,32775,,False
70,32779,,False
70,32780,,False
70,32783,,False
70,32789,,False
70,32796,,False
70,32799,,False
70,32807,,False
70,32817,,False
70,32825,,False
70,32832,,False
70,32836,,False
70,32844,,False
70,32850,,False
70,32857,,False
70,32874,,False
70,32878,,False
70,32884,,False
70,32899,,False
70,32901,,False
70,32902,,False
70,32910,,False
70,32930,,False
70,32944,,False
70,32946,,False
70,32947,,False
70,32948,,False
70,32958,,False
70,32962,,False
70,32984,,False
70,32988,,False
70,32991,,False
70,32996,,False
70,33002,,False
70,33006,,False
70,33007,,False
70,33019,,False
70,33040,,False
70,33049,,False
70,33057,,False
70,33059,,False
70,33065,,False
70,33070,,False
70,33075,,False
70,33113,,False
70,33129,,False
70,33134,,False
70,33139,,False
70,33146,,False
70,33151,,False
70,33174,,False
70,33175,,False
70,33178,,False
70,33182,,False
70,33185,,False
70,33194,,False
70,33199,,False
70,33202,,False
70,33208,,False
70,33216,,False
70,33223,,False
70,33238,,False
70,33251,,False
70,33261,,False
70,33275,,False
70,33285,,False
70,33290,,False
70,33299,,False
70,33301,,False
70,33319,,False
70,33323,,False
70,33324,,False
70,33331,,False
70,33343,,False
70,33344,,False
70,33345,,False
70,33348,,False
70,33352,,False
70,33354,,False
70,33367,,False
70,33372,,False
70,33375,,False
70,33382,,False
70,33383,,False
70,33384,,False
70,33387,,False
70,33393,,False
70,33405,,False
70,33409,,False
70,33421,,False
70,33429,,False
70,33433,,False
70,33435,,False
70,33439,,False
70,33443,,False
70,33446,,False
70,33458,,False
70,33462,,False
70,33471,,False
70,33490,,False
70,33491,,False
70,33499,,False
70,33522,,False
70,33524,,False
70,33531,,False
70,33533,,False
70,33553,,False
70,33575,,False
70,33580,,False
70,33593,,False
70,33597,,False
70,33599,,False
70,33600,,False
70,33604,,False
70,33617,,False
70,33622,,False
70,33623,,False
70,33630,,False
70,33635,,False
70,33649,,False
70,33659,,False
70,33665,,False
70,33702,,False
70,33715,,False
70,33718,,False
70,33719,,False
70,33728,,False
70,33746,,False
70,33750,,False
70,33751,,False
70,33753,,False
70,33755,,False
70,33756,,False
70,33765,,False
70,33774,,False
70,33782,,False
70,33811,,False
70,33813,,False
70,33827,,False
70,33831,,False
70,33843,,False
70,33865,,False
70,33870,,False
70,33874,,False
70,33880,,False
70,33886,,False
70,33897,,False
70,33900,,False
70,33920,,False
70,33926,,False
70,33934,,False
70,33936,,False
70,33937,,False
70,33945,,False
70,33964,,False
70,33970,,False
70,33975,,False
70,33983,,False
70,33995,,False
70,33998,,False
70,34002,,False
70,34012,,False
70,34044,,False
70,34048,,False
70,34057,,False
70,34059,,False
70,34066,,False
70,34071,,False
70,34076,,False
70,34084,,False
70,34137,,False
70,34139,,False
70,34148,,False
70,34152,,False
70,34153,,False
70,34156,,False
70,34164,,False
70,34165,,False
70,34174,,False
70,34175,,False
70,34176,,False
70,34178,,False
70,34198,,False
70,34209,,False
70,34213,,False
70,34217,,False
70,34219,,False
70,34223,,False
70,34226,,False
70,34240,,False
70,34248,,False
70,34258,,False
70,34259,,False
70,34268,,False
70,34271,,False
70,34283,,False
70,34285,,False
70,34289,,False
70,34313,,False
70,34317,,False
70,34319,,False
70,34322,,False
70,34328,,False
70,34339,,False
70,34341,,False
70,34343,,False
70,34344,,False
70,34358,,False
70,34369,,False
70,34379,,False
70,34383,,False
70,34398,,False
70,34400,,False
70,34401,,False
70,34403,,False
70,34408,,False
70,34441,,False
70,34443,,False
70,34488,,False
70,34490,,False
70,34497,,False
70,34504,,False
70,34513,,False
70,34519,,False
70,34533,,False
70,34536,,False
70,34562,,False
70,34566,,False
70,34597,,False
70,34618,,False
70,34622,,False
70,34632,,False
70,34642,,False
70,34643,,False
70,34644,,False
70,34645,,False
70,34654,,False
70,34657,,False
70,34665,,False
70,34666,,False
70,34687,,False
70,34689,,False
70,34695,,False
70,34697,,False
70,34703,,False
70,34704,,False
70,34708,,False
70,34723,,False
70,34724,,False
70,34769,,False
70,34790,,False
70,34796,,False
70,34804,,False
70,34807,,False
70,34824,,False
70,34827,,False
70,34859,,False
70,34864,,False
70,34874,,False
70,34899,,False
70,34902,,False
70,34907,,False
70,34908,,False
70,34921,,False
70,34923,,False
70,34924,,False
70,34932,,False
70,34938,,False
70,34950,,False
70,34951,,False
70,34952,,False
70,34954,,False
70,34961,,False
70,34964,,False
70,34969,,False
70,34973,,False
70,34974,,False
70,34982,,False
70,34987,,False
70,34988,,False
70,34995,,False
70,34999,,False
70,35005,,False
70,35019,,False
70,35027,,False
70,35034,,False
70,35036,,False
70,35038,,False
70,35049,,False
70,35053,,False
70,35061,,False
70,35062,,False
70,35063,,False
70,35067,,False
70,35071,,False
70,35079,,False
70,35082,,False
70,35088,,False
70,35103,,False
70,35109,,False
70,35112,,False
70,35117,,False
70,35131,,False
70,35136,,False
70,35140,,False
70,35165,,False
70,35181,,False
70,35186,,False
70,35192,,False
70,35194,,False
70,35195,,False
70,35197,,False
70,35201,,False
70,35208,,False
70,35215,,False
70,35217,,False
70,35230,,False
70,35243,,False
70,35246,,False
70,35249,,False
70,35254,,False
70,35260,,False
70,35262,,False
70,35270,,False
70,35272,,False
70,35274,,False
70,35278,,False
70,35294,,False
70,35297,,False
70,35299,,False
70,35312,,False
70,35323,,False
70,35325,,False
70,35327,,False
70,35339,,False
70,35348,,False
70,35352,,False
70,35355,,False
70,35365,,False
70,35369,,False
70,35372,,False
70,35373,,False
70,35379,,False
70,35386,,False
70,35406,,False
70,35409,,False
70,35418,,False
70,35425,,False
70,35436,,False
70,35441,,False
70,35467,,False
70,35469,,False
70,35490,,False
70,35500,,False
70,35501,,False
70,35506,,False
70,35508,,False
70,35527,,False
70,35534,,False
70,35566,,False
70,35568,,False
70,35575,,False
70,35577,,False
70,35582,,False
70,35583,,False
70,35586,,False
70,35594,,False
70,35599,,False
70,35614,,False
70,35617,,False
70,35630,,False
70,35631,,False
70,35641,,False
70,35642,,False
70,35659,,False
70,35680,,False
70,35686,,False
70,35692,,False
70,35701,,False
70,35707,,False
70,35713,,False
70,35722,,False
70,35744,,False
70,35756,,False
70,35765,,False
70,35772,,False
70,35773,,False
70,35778,,False
70,35780,,False
70,35783,,False
70,35789,,False
70,35824,,False
70,35825,,False
70,35839,,False
70,35844,,False
70,35848,,False
70,35852,,False
70,35854,,False
70,35871,,False
70,35875,,False
70,35878,,False
70,35889,,False
70,35900,,False
70,35905,,False
70,35910,,False
70,35912,,False
70,35937,,False
70,35961,,False
70,35973,,False
70,35986,,False
70,35992,,False
70,36017,,False
70,36027,,False
70,36046,,False
70,36048,,False
70,36050,,False
70,36051,,False
70,36062,,False
70,36069,,False
70,36071,,False
70,36075,,False
70,36077,,False
70,36079,,False
70,36082,,False
70,36106,,False
70,36113,,False
70,36118,,False
70,36134,,False
70,36152,,False
70,36156,,False
70,36158,,False
70,36160,,False
70,36167,,False
70,36173,,False
70,36183,,False
70,36193,,False
70,36198,,False
70,36203,,False
70,36208,,False
70,36213,,False
70,36214,,False
70,36215,,False
70,36218,,False
70,36238,,False
70,36239,,False
70,36252,,False
70,36254,,False
70,36285,,False
70,36286,,False
70,36288,,False
70,36292,,False
70,36295,,False
70,36300,,False
70,36301,,False
70,36304,,False
70,36306,,False
70,36311,,False
70,36315,,False
70,36337,,False
70,36350,,False
70,36358,,False
70,36378,,False
70,36384,,False
70,36387,,False
70,36393,,False
70,36398,,False
70,36405,,False
70,36407,,False
70,36414,,False
70,36416,,False
70,36418,,False
70,36421,,False
70,36433,,False
70,36438,,False
70,36455,,False
70,36457,,False
70,36464,,False
70,36470,,False
70,36471,,False
70,36474,,False
70,36482,,False
70,36486,,False
70,36489,,False
70,36517,,False
70,36521,,False
70,36523,,False
70,36526,,False
70,36530,,False
70,36539,,False
70,36542,,False
70,36555,,False
70,36563,,False
70,36565,,False
70,36582,,False
70,36588,,False
70,36590,,False
70,36591,,False
70,36592,,False
70,36619,,False
70,36622,,False
70,36625,,False
70,36626,,False
70,36627,,False
70,36639,,False
70,36641,,False
70,36645,,False
70,36650,,False
70,36658,,False
70,36683,,False
70,36699,,False
70,36705,,False
70,36716,,False
70,36725,,False
70,36733,,False
70,36734,,False
70,36735,,False
70,36746,,False
70,36749,,False
70,36755,,False
70,36757,,False
70,36758,,False
70,36792,,False
70,36808,,False
70,36811,,False
70,36812,,False
70,36814,,False
70,36820,,False
70,36825,,False
70,36833,,False
70,36840,,False
70,36856,,False
70,36862,,False
70,36877,,False
70,36918,,False
70,36926,,False
70,36956,,False
70,36958,,False
70,36963,,False
70,36971,,False
70,36991,,False
70,36996,,False
70,37013,,False
70,37022,,False
70,37035,,False
70,37038,,False
70,37057,,False
70,37098,,False
70,37100,,False
70,37109,,False
70,37125,,False
70,37129,,False
70,37130,,False
70,37135,,False
70,37139,,False
70,37147,,False
70,37149,,False
70,37153,,False
70,37160,,False
70,37173,,False
70,37175,,False
70,37181,,False
70,37185,,False
70,37208,,False
70,37214,,False
70,37215,,False
70,37217,,False
70,37226,,False
70,37236,,False
70,37239,,False
70,37251,,False
70,37258,,False
70,37269,,False
70,37279,,False
70,37299,,False
70,37306,,False
70,37315,,False
70,37327,,False
70,37329,,False
70,37356,,False
70,37363,,False
70,37370,,False
70,37382,,False
70,37386,,False
70,37390,,False
70,37409,,False
70,37410,,False
70,37417,,False
70,37425,,False
70,37430,,False
70,37432,,False
70,37439,,False
70,37441,,False
70,37453,,False
70,37458,,False
70,37460,,False
70,37479,,False
70,37489,,False
70,37490,,False
70,37498,,False
70,37507,,False
70,37516,,False
70,37524,,False
70,37527,,False
70,37530,,False
70,37535,,False
70,37540,,False
70,37559,,False
70,37578,,False
70,37580,,False
70,37581,,False
70,37586,,False
70,37590,,False
70,37596,,False
70,37600,,False
70,37617,,False
70,37639,,False
70,37647,,False
70,37649,,False
70,37692,,False
70,37716,,False
70,37720,,False
70,37730,,False
70,37733,,False
70,37739,,False
70,37751,,False
70,37767,,False
70,37776,,False
70,37779,,False
70,37784,,False
70,37791,,False
70,37804,,False
70,37818,,False
70,37820,,False
70,37850,,False
70,37862,,False
70,37865,,False
70,37873,,False
70,37879,,False
70,37894,,False
70,37895,,False
70,37897,,False
70,37901,,False
70,37922,,False
70,37927,,False
70,37935,,False
70,37961,,False
70,37964,,False
70,37972,,False
70,37984,,False
70,37992,,False
70,37993,,False
70,37998,,False
70,38007,,False
70,38012,,False
70,38033,,False
70,38043,,False
70,38045,,False
70,38061,,False
70,38065,,False
70,38074,,False
70,38077,,False
70,38080,,False
70,38088,,False
70,38090,,False
70,38095,,False
70,38099,,False
70,38106,,False
70,38108,,False
70,38110,,False
70,38113,,False
70,38115,,False
70,38135,,False
70,38160,,False
70,38162,,False
70,38173,,False
70,38178,,False
70,38183,,False
70,38189,,False
70,38211,,False
70,38224,,False
70,38250,,False
70,38251,,False
70,38262,,False
70,38264,,False
70,38268,,False
70,38270,,False
70,38281,,False
70,38287,,False
70,38290,,False
70,38295,,False
70,38304,,False
70,38309,,False
70,38319,,False
70,38328,,False
70,38331,,False
70,38352,,False
70,38359,,False
70,38376,,False
70,38396,,False
70,38401,,False
70,38402,,False
70,38411,,False
70,38425,,False
70,38432,,False
70,38435,,False
70,38441,,False
70,38442,,False
70,38445,,False
70,38453,,False
70,38456,,False
70,38457,,False
70,38461,,False
70,38466,,False
70,38470,,False
70,38472,,False
70,38473,,False
70,38488,,False
70,38499,,False
70,38506,,False
70,38519,,False
70,38521,,False
70,38532,,False
70,38533,,False
70,38547,,False
70,38556,,False
70,38559,,False
70,38588,,False
70,38590,,False
70,38602,,False
70,38604,,False
70,38605,,False
70,38606,,False
70,38613,,False
70,38614,,False
70,38627,,False
70,38632,,False
70,38642,,False
70,38651,,False
70,38656,,False
70,38662,,False
70,38667,,False
70,38674,,False
70,38679,,False
70,38697,,False
70,38699,,False
70,38702,,False
70,38703,,False
70,38712,,False
70,38720,,False
70,38722,,False
70,38725,,False
70,38734,,False
70,38745,,False
70,38746,,False
70,38751,,False
70,38762,,False
70,38764,,False
70,38774,,False
70,38780,,False
70,38783,,False
70,38810,,False
70,38823,,False
70,38825,,False
70,38838,,False
70,38842,,False
70,38843,,False
70,38855,,False
70,38856,,False
70,38858,,False
70,38869,,False
70,38872,,False
70,38883,,False
70,38886,,False
70,38890,,False
70,38892,,False
70,38904,,False
70,38907,,False
70,38911,,False
70,38927,,False
70,38933,,False
70,38934,,False
70,38943,,False
70,38952,,False
70,38964,,False
70,38970,,False
70,38974,,False
70,38980,,False
70,38982,,False
70,38987,,False
70,38997,,False
70,38999,,False
70,39005,,False
70,39010,,False
70,39015,,False
70,39025,,False
70,39026,,False
70,39027,,False
70,39042,,False
70,39069,,False
70,39078,,False
70,39084,,False
70,39096,,False
70,39112,,False
70,39114,,False
70,39122,,False
70,39132,,False
70,39135,,False
70,39143,,False
70,39160,,False
70,39162,,False
70,39166,,False
70,39174,,False
70,39176,,False
70,39179,,False
70,39193,,False
70,39194,,False
70,39197,,False
70,39201,,False
70,39204,,False
70,39207,,False
70,39215,,False
70,39223,,False
70,39245,,False
70,39254,,False
70,39260,,False
70,39270,,False
70,39274,,False
70,39285,,False
70,39287,,False
70,39290,,False
70,39313,,False
70,39321,,False
70,39324,,False
70,39330,,False
70,39336,,False
70,39349,,False
70,39370,,False
70,39372,,False
70,39387,,False
70,39388,,False
70,39399,,False
70,39404,,False
70,39408,,False
70,39409,,False
70,39410,,False
70,39418,,False
70,39434,,False
70,39436,,False
70,39463,,False
70,39464,,False
70,39467,,False
70,39473,,False
70,39490,,False
70,39492,,False
70,39495,,False
70,39501,,False
70,39530,,False
70,39535,,False
70,39538,,False
70,39548,,False
70,39570,,False
70,39573,,False
70,39577,,False
70,39586,,False
70,39588,,False
70,39590,,False
70,39605,,False
70,39615,,False
70,39618,,False
70,39621,,False
70,39622,,False
70,39634,,False
70,39637,,False
70,39639,,False
70,39651,,False
70,39661,,False
70,39669,,False
70,39671,,False
70,39674,,False
70,39681,,False
70,39709,,False
70,39713,,False
70,39722,,False
70,39723,,False
70,39752,,False
70,39768,,False
70,39772,,False
70,39773,,False
70,39777,,False
70,39778,,False
70,39781,,False
70,39796,,False
70,39803,,False
70,39806,,False
70,39814,,False
70,39823,,False
70,39833,,False
70,39834,,False
70,39835,,False
70,39845,,False
70,39857,,False
70,39862,,False
70,39863,,False
70,39868,,False
70,39870,,False
70,39873,,False
70,39879,,False
70,39881,,False
70,39886,,False
70,39892,,False
70,39893,,False
70,39916,,False
70,39933,,False
70,39937,,False
70,39945,,False
70,39948,,False
70,39953,,False
70,39956,,False
70,39957,,False
70,39960,,False
70,39963,,False
70,39964,,False
70,39968,,False
70,39974,,False
70,39975,,False
70,39984,,False
70,39989,,False
70,39996,,False
70,39997,,False
70,40008,,False
70,40011,,False
70,40018,,False
70,40019,,False
70,40020,,False
70,40022,,False
70,40026,,False
70,40031,,False
70,40034,,False
70,40043,,False
70,40046,,False
70,40048,,False
70,40054,,False
70,40059,,False
70,40062,,False
70,40064,,False
70,40068,,False
70,40069,,False
70,40071,,False
70,40074,,False
70,40083,,False
70,40090,,False
70,40099,,False
70,40100,,False
70,40115,,False
70,40119,,False
70,40125,,False
70,40134,,False
70,40145,,False
70,40170,,False
70,40171,,False
70,40174,,False
70,40184,,False
70,40188,,False
70,40198,,False
70,40203,,False
70,40208,,False
70,40210,,False
70,40213,,False
70,40217,,False
70,40219,,False
70,40235,,False
70,40245,,False
70,40250,,False
70,40274,,False
70,40281,,False
70,40284,,False
70,40288,,False
70,40291,,False
70,40294,,False
70,40296,,False
70,40306,,False
70,40319,,False
70,40326,,False
70,40330,,False
70,40342,,False
70,40343,,False
70,40347,,False
70,40350,,False
70,40360,,False
70,40368,,False
70,40369,,False
70,40371,,False
70,40373,,False
70,40379,,False
70,40380,,False
70,40389,,False
70,40390,,False
70,40397,,False
70,40399,,False
70,40401,,False
70,40402,,False
70,40414,,False
70,40429,,False
70,40430,,False
70,40447,,False
70,40454,,False
70,40456,,False
70,40478,,False
70,40479,,False
70,40486,,False
70,40489,,False
70,40490,,False
70,40499,,False
70,40501,,False
70,40504,,False
70,40505,,False
70,40512,,False
70,40521,,False
70,40528,,False
70,40562,,False
70,40572,,False
70,40575,,False
70,40581,,False
70,40583,,False
70,40587,,False
70,40592,,False
70,40613,,False
70,40615,,False
70,40621,,False
70,40627,,False
70,40628,,False
70,40645,,False
70,40647,,False
70,40653,,False
70,40655,,False
70,40670,,False
70,40688,,False
70,40690,,False
70,40699,,False
70,40705,,False
70,40730,,False
70,40756,,False
70,40757,,False
70,40759,,False
70,40769,,False
70,40774,,False
70,40785,,False
70,40792,,False
70,40800,,False
70,40801,,False
70,40803,,False
70,40806,,False
70,40811,,False
70,40815,,False
70,40833,,False
70,40837,,False
70,40840,,False
70,40841,,False
70,40846,,False
70,40849,,False
70,40867,,False
70,40869,,False
70,40877,,False
70,40881,,False
70,40883,,False
70,40886,,False
70,40899,,False
70,40912,,False
70,40913,,False
70,40919,,False
70,40926,,False
70,40928,,False
70,40940,,False
70,40956,,False
70,40963,,False
70,40995,,False
70,40998,,False
70,40999,,False
70,41000,,False
70,41004,,False
70,41019,,False
70,41031,,False
70,41040,,False
70,41047,,False
70,41064,,False
70,41068,,False
70,41076,,False
70,41085,,False
70,41086,,False
70,41090,,False
70,41106,,False
70,41109,,False
70,41114,,False
70,41116,,False
70,41137,,False
70,41141,,False
70,41151,,False
70,41171,,False
70,41173,,False
70,41177,,False
70,41185,,False
70,41187,,False
70,41191,,False
70,41192,,False
70,41193,,False
70,41194,,False
70,41206,,False
70,41211,,False
70,41212,,False
70,41217,,False
70,41230,,False
70,41238,,False
70,41243,,False
70,41255,,False
70,41258,,False
70,41266,,False
70,41267,,False
70,41274,,False
70,41282,,False
70,41285,,False
70,41290,,False
70,41291,,False
70,41294,,False
70,41296,,False
70,41306,,False
70,41310,,False
70,41335,,False
70,41336,,False
70,41337,,False
70,41345,,False
70,41354,,False
70,41363,,False
70,41375,,False
70,41381,,False
70,41386,,False
70,41399,,False
70,41400,,False
70,41406,,False
70,41416,,False
70,41425,,False
70,41429,,False
70,41439,,False
70,41441,,False
70,41454,,False
70,41456,,False
70,41470,,False
70,41474,,False
70,41480,,False
70,41496,,False
70,41500,,False
70,41506,,False
70,41513,,False
70,41527,,False
70,41531,,False
70,41543,,False
70,41548,,False
70,41550,,False
70,41554,,False
70,41569,,False
70,41570,,False
70,41574,,False
70,41577,,False
70,41579,,False
70,41581,,False
70,41593,,False
70,41598,,False
70,41604,,False
70,41608,,False
70,41615,,False
70,41635,,False
70,41643,,False
70,41659,,False
70,41677,,False
70,41685,,False
70,41689,,False
70,41696,,False
70,41707,,False
70,41711,,False
70,41727,,False
70,41731,,False
70,41757,,False
70,41767,,False
70,41768,,False
70,41776,,False
70,41799,,False
70,41812,,False
70,41818,,False
70,41836,,False
70,41838,,False
70,41839,,False
70,41862,,False
70,41866,,False
70,41890,,False
70,41900,,False
70,41908,,False
70,41912,,False
70,41916,,False
70,41922,,False
70,41924,,False
70,41942,,False
70,41958,,False
70,41967,,False
70,41984,,False
70,41994,,False
70,41999,,False
70,42006,,False
70,42017,,False
70,42019,,False
70,42026,,False
70,42033,,False
70,42034,,False
70,42040,,False
70,42058,,False
70,42060,,False
70,42062,,False
70,42070,,False
70,42077,,False
70,42081,,False
70,42083,,False
70,42090,,False
70,42093,,False
70,42095,,False
70,42102,,False
70,42108,,False
70,42110,,False
70,42115,,False
70,42116,,False
70,42119,,False
70,42125,,False
70,42131,,False
70,42135,,False
70,42138,,False
70,42142,,False
70,42149,,False
70,42150,,False
70,42164,,False
70,42167,,False
70,42168,,False
70,42171,,False
70,42175,,False
70,42185,,False
70,42190,,False
70,42192,,False
70,42202,,False
70,42204,,False
70,42211,,False
70,42213,,False
70,42214,,False
70,42217,,False
70,42219,,False
70,42229,,False
70,42238,,False
70,42240,,False
70,42257,,False
70,42258,,False
70,42259,,False
70,42273,,False
70,42275,,False
70,42281,,False
70,42284,,False
70,42288,,False
70,42292,,False
70,42300,,False
70,42304,,False
70,42307,,False
70,42309,,False
70,42319,,False
70,42322,,False
70,42339,,False
70,42341,,False
70,42343,,False
70,42345,,False
70,42352,,False
70,42356,,False
70,42360,,False
70,42376,,False
70,42377,,False
70,42380,,False
70,42381,,False
70,42382,,False
70,42390,,False
70,42399,,False
70,42407,,False
70,42412,,False
70,42430,,False
70,42458,,False
70,42465,,False
70,42491,,False
70,42498,,False
70,42513,,False
70,42528,,False
70,42534,,False
70,42538,,False
70,42541,,False
70,42543,,False
70,42556,,False
70,42558,,False
70,42559,,False
70,42562,,False
70,42573,,False
70,42575,,False
70,42580,,False
70,42583,,False
70,42584,,False
70,42586,,False
70,42595,,False
70,42602,,False
70,42629,,False
70,42641,,False
70,42642,,False
70,42656,,False
70,42660,,False
70,42666,,False
70,42669,,False
70,42671,,False
70,42683,,False
70,42687,,False
70,42689,,False
70,42690,,False
70,42691,,False
70,42699,,False
70,42704,,False
70,42707,,False
70,42710,,False
70,42712,,False
70,42741,,False
70,42752,,False
70,42754,,False
70,42761,,False
70,42765,,False
70,42771,,False
70,42772,,False
70,42792,,False
70,42795,,False
70,42801,,False
70,42804,,False
70,42812,,False
70,42845,,False
70,42848,,False
70,42850,,False
70,42854,,False
70,42856,,False
70,42863,,False
70,42866,,False
70,42876,,False
70,42879,,False
70,42880,,False
70,42899,,False
70,42905,,False
70,42909,,False
70,42911,,False
70,42931,,False
70,42935,,False
70,42948,,False
70,42955,,False
70,42957,,False
70,42960,,False
70,42961,,False
70,42965,,False
70,42970,,False
70,42988,,False
70,43001,,False
70,43052,,False
70,43082,,False
70,43089,,False
70,43098,,False
70,43118,,False
70,43140,,False
70,43147,,False
70,43149,,False
70,43155,,False
70,43157,,False
70,43174,,False
70,43182,,False
70,43183,,False
70,43185,,False
70,43187,,False
70,43192,,False
70,43195,,False
70,43215,,False
70,43216,,False
70,43219,,False
70,43220,,False
70,43224,,False
70,43225,,False
70,43228,,False
70,43229,,False
70,43234,,False
70,43236,,False
70,43242,,False
70,43246,,False
70,43266,,False
70,43279,,False
70,43285,,False
70,43287,,False
70,43296,,False
70,43301,,False
70,43312,,False
70,43313,,False
70,43314,,False
70,43320,,False
70,43327,,False
70,43329,,False
70,43341,,False
70,43346,,False
70,43348,,False
70,43351,,False
70,43355,,False
70,43362,,False
70,43363,,False
70,43367,,False
70,43383,,False
70,43396,,False
70,43405,,False
70,43407,,False
70,43412,,False
70,43416,,False
70,43424,,False
70,43427,,False
70,43432,,False
70,43441,,False
70,43453,,False
70,43461,,False
70,43474,,False
70,43479,,False
70,43498,,False
70,43516,,False
70,43530,,False
70,43537,,False
70,43539,,False
70,43546,,False
70,43559,,False
70,43583,,False
70,43586,,False
70,43587,,False
70,43606,,False
70,43608,,False
70,43611,,False
70,43617,,False
70,43620,,False
70,43626,,False
70,43631,,False
70,43643,,False
70,43649,,False
70,43652,,False
70,43660,,False
70,43669,,False
70,43676,,False
70,43688,,False
70,43692,,False
70,43701,,False
70,43713,,False
70,43715,,False
70,43716,,False
70,43722,,False
70,43725,,False
70,43726,,False
70,43729,,False
70,43733,,False
70,43752,,False
70,43757,,False
70,43763,,False
70,43765,,False
70,43767,,False
70,43768,,False
70,43782,,False
70,43786,,False
70,43828,,False
70,43841,,False
70,43854,,False
70,43858,,False
70,43893,,False
70,43896,,False
70,43901,,False
70,43911,,False
70,43918,,False
70,43920,,False
70,43921,,False
70,43923,,False
70,43925,,False
70,43931,,False
70,43942,,False
70,43944,,False
70,43946,,False
70,43958,,False
70,43965,,False
70,43966,,False
70,43967,,False
70,43979,,False
70,43981,,False
70,43992,,False
70,43995,,False
70,44008,,False
70,44015,,False
70,44022,,False
70,44023,,False
70,44037,,False
70,44046,,False
70,44052,,False
70,44056,,False
70,44066,,False
70,44085,,False
70,44089,,False
70,44090,,False
70,44102,,False
70,44108,,False
70,44117,,False
70,44129,,False
70,44143,,False
70,44144,,False
70,44156,,False
70,44158,,False
70,44166,,False
70,44171,,False
70,44172,,False
70,44179,,False
70,44183,,False
70,44185,,False
70,44191,,False
70,44193,,False
70,44195,,False
70,44197,,False
70,44202,,False
70,44210,,False
70,44215,,False
70,44236,,False
70,44238,,False
70,44243,,False
70,44246,,False
70,44247,,False
70,44249,,False
70,44250,,False
70,44252,,False
70,44253,,False
70,44257,,False
70,44259,,False
70,44275,,False
70,44276,,False
70,44281,,False
70,44294,,False
70,44296,,False
70,44298,,False
70,44310,,False
70,44311,,False
70,44313,,False
70,44318,,False
70,44321,,False
70,44326,,False
70,44335,,False
70,44341,,False
70,44360,,False
70,44368,,False
70,44375,,False
70,44379,,False
70,44381,,False
70,44385,,False
70,44386,,False
70,44389,,False
70,44390,,False
70,44403,,False
70,44406,,False
70,44409,,False
70,44434,,False
70,44450,,False
70,44459,,False
70,44466,,False
70,44475,,False
70,44476,,False
70,44480,,False
70,44486,,False
70,44507,,False
70,44510,,False
70,44516,,False
70,44517,,False
70,44518,,False
70,44525,,False
70,44530,,False
70,44533,,False
70,44535,,False
70,44541,,False
70,44547,,False
70,44572,,False
70,44574,,False
70,44582,,False
70,44590,,False
70,44600,,False
70,44602,,False
70,44610,,False
70,44611,,False
70,44639,,False
70,44645,,False
70,44649,,False
70,44655,,False
70,44659,,False
70,44672,,False
70,44673,,False
70,44681,,False
70,44683,,False
70,44706,,False
70,44724,,False
70,44733,,False
70,44741,,False
70,44747,,False
70,44759,,False
70,44773,,False
70,44798,,False
70,44810,,False
70,44822,,False
70,44834,,False
70,44839,,False
70,44858,,False
70,44873,,False
70,44876,,False
70,44878,,False
70,44880,,False
70,44891,,False
70,44898,,False
70,44905,,False
70,44906,,False
70,44907,,False
70,44909,,False
70,44934,,False
70,44950,,False
70,44951,,False
70,44954,,False
70,44959,,False
70,44960,,False
70,44961,,False
70,44974,,False
70,44975,,False
70,44977,,False
70,44978,,False
70,44985,,False
70,45001,,False
70,45009,,False
70,45010,,False
70,45015,,False
70,45019,,False
70,45022,,False
70,45025,,False
70,45026,,False
70,45032,,False
70,45037,,False
70,45043,,False
70,45044,,False
70,45055,,False
70,45062,,False
70,45064,,False
70,45086,,False
70,45087,,False
70,45089,,False
70,45105,,False
70,45109,,False
70,45110,,False
70,45114,,False
70,45119,,False
70,45123,,False
70,45125,,False
70,45152,,False
70,45156,,False
70,45159,,False
70,45163,,False
70,45171,,False
70,45182,,False
70,45185,,False
70,45187,,False
70,45193,,False
70,45194,,False
70,45198,,False
70,45202,,False
70,45211,,False
70,45226,,False
70,45229,,False
70,45232,,False
70,45241,,False
70,45270,,False
70,45293,,False
70,45306,,False
70,45307,,False
70,45326,,False
70,45332,,False
70,45334,,False
70,45338,,False
70,45346,,False
70,45369,,False
70,45377,,False
70,45380,,False
70,45381,,False
70,45383,,False
70,45393,,False
70,45404,,False
70,45406,,False
70,45408,,False
70,45427,,False
70,45433,,False
70,45441,,False
70,45449,,False
70,45456,,False
70,45468,,False
70,45470,,False
70,45480,,False
70,45500,,False
70,45501,,False
70,45514,,False
70,45521,,False
70,45534,,False
70,45543,,False
70,45545,,False
70,45560,,False
70,45562,,False
70,45566,,False
70,45571,,False
70,45575,,False
70,45599,,False
70,45601,,False
70,45610,,False
70,45612,,False
70,45617,,False
70,45634,,False
70,45654,,False
70,45669,,False
70,45683,,False
70,45687,,False
70,45694,,False
70,45698,,False
70,45704,,False
70,45709,,False
70,45716,,False
70,45721,,False
70,45722,,False
70,45724,,False
70,45731,,False
70,45763,,False
70,45769,,False
70,45779,,False
70,45782,,False
70,45793,,False
70,45795,,False
70,45797,,False
70,45802,,False
70,45813,,False
70,45820,,False
70,45825,,False
70,45830,,False
70,45837,,False
70,45841,,False
70,45855,,False
70,45856,,False
70,45882,,False
70,45886,,False
70,45890,,False
70,45891,,False
70,45896,,False
70,45904,,False
70,45923,,False
70,45925,,False
70,45926,,False
70,45928,,False
70,45935,,False
70,45937,,False
70,45941,,False
70,45944,,False
70,45948,,False
70,45950,,False
70,45990,,False
70,46005,,False
70,46011,,False
70,46031,,False
70,46035,,False
70,46053,,False
70,46068,,False
70,46071,,False
70,46084,,False
70,46086,,False
70,46089,,False
70,46096,,False
70,46110,,False
70,46112,,False
70,46119,,False
70,46125,,False
70,46131,,False
70,46133,,False
70,46139,,False
70,46140,,False
70,46142,,False
70,46143,,False
70,46147,,False
70,46161,,False
70,46167,,False
70,46171,,False
70,46175,,False
70,46187,,False
70,46188,,False
70,46193,,False
70,46194,,False
70,46197,,False
70,46207,,False
70,46210,,False
70,46215,,False
70,46219,,False
70,46221,,False
70,46223,,False
70,46230,,False
70,46235,,False
70,46267,,False
70,46273,,False
70,46278,,False
70,46286,,False
70,46295,,False
70,46304,,False
70,46319,,False
70,46326,,False
70,46333,,False
70,46336,,False
70,46343,,False
70,46345,,False
70,46350,,False
70,46366,,False
70,46371,,False
70,46373,,False
70,46375,,False
70,46376,,False
70,46383,,False
70,46385,,False
70,46388,,False
70,46400,,False
70,46409,,False
70,46421,,False
70,46426,,False
70,46428,,False
70,46432,,False
70,46435,,False
70,46437,,False
70,46440,,False
70,46451,,False
70,46457,,False
70,46469,,False
70,46472,,False
70,46478,,False
70,46499,,False
70,46505,,False
70,46512,,False
70,46528,,False
70,46534,,False
70,46538,,False
70,46557,,False
70,46560,,False
70,46573,,False
70,46575,,False
70,46594,,False
70,46603,,False
70,46606,,False
70,46617,,False
70,46625,,False
70,46629,,False
70,46630,,False
70,46644,,False
70,46650,,False
70,46651,,False
70,46657,,False
70,46670,,False
70,46674,,False
70,46675,,False
70,46677,,False
70,46683,,False
70,46684,,False
70,46686,,False
70,46693,,False
70,46695,,False
70,46696,,False
70,46704,,False
70,46706,,False
70,46717,,False
70,46721,,False
70,46723,,False
70,46725,,False
70,46728,,False
70,46741,,False
70,46751,,False
70,46765,,False
70,46770,,False
70,46784,,False
70,46802,,False
70,46811,,False
70,46815,,False
70,46831,,False
70,46845,,False
70,46853,,False
70,46856,,False
70,46860,,False
70,46864,,False
70,46876,,False
70,46880,,False
70,46893,,False
70,46896,,False
70,46902,,False
70,46907,,False
70,46908,,False
70,46913,,False
70,46915,,False
70,46933,,False
70,46939,,False
70,46947,,False
70,46965,,False
70,46969,,False
70,46972,,False
70,46980,,False
70,46987,,False
70,46988,,False
70,46993,,False
70,47006,,False
70,47008,,False
70,47013,,False
70,47022,,False
70,47029,,False
70,47038,,False
70,47040,,False
70,47041,,False
70,47047,,False
70,47048,,False
70,47058,,False
70,47059,,False
70,47068,,False
70,47079,,False
70,47096,,False
70,47099,,False
70,47103,,False
70,47105,,False
70,47110,,False
70,47115,,False
70,47120,,False
70,47136,,False
70,47145,,False
70,47151,,False
70,47154,,False
70,47168,,False
70,47170,,False
70,47194,,False
70,47207,,False
70,47222,,False
70,47231,,False
70,47234,,False
70,47243,,False
70,47255,,False
70,47259,,False
70,47264,,False
70,47267,,False
70,47271,,False
70,47276,,False
70,47279,,False
70,47287,,False
70,47296,,False
70,47310,,False
70,47315,,False
70,47326,,False
70,47331,,False
70,47363,,False
70,47373,,False
70,47392,,False
70,47405,,False
70,47409,,False
70,47417,,False
70,47430,,False
70,47436,,False
70,47438,,False
70,47440,,False
70,47445,,False
70,47447,,False
70,47454,,False
70,47458,,False
70,47461,,False
70,47464,,False
70,47465,,False
70,47483,,False
70,47489,,False
70,47491,,False
70,47497,,False
70,47499,,False
70,47509,,False
70,47516,,False
70,47517,,False
70,47538,,False
70,47540,,False
70,47553,,False
70,47556,,False
70,47568,,False
70,47572,,False
70,47599,,False
70,47601,,False
70,47617,,False
70,47620,,False
70,47625,,False
70,47632,,False
70,47645,,False
70,47651,,False
70,47652,,False
70,47656,,False
70,47659,,False
70,47660,,False
70,47662,,False
70,47666,,False
70,47671,,False
70,47681,,False
70,47684,,False
70,47687,,False
70,47696,,False
70,47697,,False
70,47702,,False
70,47716,,False
70,47730,,False
70,47745,,False
70,47749,,False
70,47753,,False
70,47755,,False
70,47756,,False
70,47762,,False
70,47765,,False
70,47796,,False
70,47801,,False
70,47806,,False
70,47813,,False
70,47823,,False
70,47824,,False
70,47827,,False
70,47829,,False
70,47831,,False
70,47835,,False
70,47840,,False
70,47842,,False
70,47843,,False
70,47847,,False
70,47854,,False
70,47865,,False
70,47874,,False
70,47891,,False
70,47894,,False
70,47903,,False
70,47910,,False
70,47911,,False
70,47913,,False
70,47926,,False
70,47930,,False
70,47936,,False
70,47949,,False
70,47952,,False
70,47953,,False
70,47957,,False
70,47958,,False
70,47959,,False
70,47963,,False
70,47995,,False
70,47996,,False
70,48000,,False
70,48009,,False
70,48010,,False
70,48013,,False
70,48018,,False
70,48022,,False
70,48027,,False
70,48035,,False
70,48042,,False
70,48044,,False
70,48048,,False
70,48053,,False
70,48058,,False
70,48059,,False
70,48070,,False
70,48083,,False
70,48086,,False
70,48088,,False
70,48089,,False
70,48102,,False
70,48107,,False
70,48113,,False
70,48116,,False
70,48117,,False
70,48121,,False
70,48123,,False
70,48137,,False
70,48143,,False
70,48151,,False
70,48152,,False
70,48159,,False
70,48162,,False
70,48164,,False
70,48166,,False
70,48172,,False
70,48174,,False
70,48182,,False
70,48204,,False
70,48212,,False
70,48220,,False
70,48222,,False
70,48225,,False
70,48242,,False
70,48244,,False
70,48249,,False
70,48258,,False
70,48259,,False
70,48263,,False
70,48272,,False
70,48276,,False
70,48292,,False
70,48297,,False
70,48314,,False
70,48320,,False
70,48329,,False
70,48331,,False
70,48339,,False
70,48340,,False
70,48349,,False
70,48364,,False
70,48365,,False
70,48366,,False
70,48381,,False
70,48383,,False
70,48392,,False
70,48395,,False
70,48396,,False
70,48398,,False
70,48399,,False
70,48412,,False
70,48414,,False
70,48437,,False
70,48444,,False
70,48475,,False
70,48476,,False
70,48485,,False
70,48495,,False
70,48513,,False
70,48515,,False
70,48516,,False
70,48520,,False
70,48528,,False
70,48535,,False
70,48538,,False
70,48541,,False
70,48549,,False
70,48550,,False
70,48552,,False
70,48554,,False
70,48567,,False
70,48581,,False
70,48584,,False
70,48589,,False
70,48593,,False
70,48594,,False
70,48596,,False
70,48598,,False
70,48601,,False
70,48605,,False
70,48611,,False
70,48617,,False
70,48622,,False
70,48631,,False
70,48635,,False
70,48641,,False
70,48643,,False
70,48651,,False
70,48653,,False
70,48662,,False
70,48683,,False
70,48692,,False
70,48697,,False
70,48706,,False
70,48707,,False
70,48725,,False
70,48730,,False
70,48735,,False
70,48736,,False
70,48748,,False
70,48751,,False
70,48752,,False
70,48761,,False
70,48763,,False
70,48766,,False
70,48768,,False
70,48771,,False
70,48777,,False
70,48787,,False
70,48792,,False
70,48799,,False
70,48803,,False
70,48817,,False
70,48826,,False
70,48839,,False
70,48854,,False
70,48855,,False
70,48862,,False
70,48869,,False
70,48870,,False
70,48872,,False
70,48877,,False
70,48903,,False
70,48906,,False
70,48908,,False
70,48912,,False
70,48914,,False
70,48917,,False
70,48923,,False
70,48925,,False
70,48928,,False
70,48934,,False
70,48942,,False
70,48944,,False
70,48946,,False
70,48954,,False
70,48961,,False
70,48962,,False
70,48979,,False
70,48988,,False
70,48989,,False
70,48996,,False
70,49000,,False
70,49006,,False
70,49008,,False
70,49011,,False
70,49016,,False
70,49017,,False
70,49022,,False
70,49025,,False
70,49027,,False
70,49041,,False
70,49059,,False
70,49062,,False
70,49072,,False
70,49077,,False
70,49079,,False
70,49085,,False
70,49089,,False
70,49096,,False
70,49099,,False
70,49107,,False
70,49108,,False
70,49115,,False
70,49116,,False
70,49119,,False
70,49121,,False
70,49131,,False
70,49133,,False
70,49152,,False
70,49157,,False
70,49164,,False
70,49166,,False
70,49173,,False
70,49181,,False
70,49185,,False
70,49192,,False
70,49205,,False
70,49209,,False
70,49221,,False
70,49239,,False
70,49259,,False
70,49261,,False
70,49267,,False
70,49287,,False
70,49291,,False
70,49305,,False
70,49311,,False
70,49316,,False
70,49334,,False
70,49335,,False
70,49341,,False
70,49347,,False
70,49353,,False
70,49356,,False
70,49357,,False
70,49364,,False
70,49366,,False
70,49376,,False
70,49381,,False
70,49383,,False
70,49414,,False
70,49437,,False
70,49438,,False
70,49445,,False
70,49446,,False
70,49454,,False
70,49460,,False
70,49464,,False
70,49479,,False
70,49497,,False
70,49499,,False
70,49500,,False
70,49502,,False
70,49515,,False
70,49517,,False
70,49519,,False
70,49521,,False
70,49525,,False
70,49533,,False
70,49535,,False
70,49542,,False
70,49545,,False
70,49550,,False
70,49560,,False
70,49568,,False
70,49578,,False
70,49580,,False
70,49585,,False
70,49592,,False
70,49604,,False
70,49610,,False
70,49612,,False
70,49614,,False
70,49615,,False
70,49618,,False
70,49630,,False
70,49633,,False
70,49640,,False
70,49642,,False
70,49651,,False
70,49659,,False
70,49663,,False
70,49665,,False
70,49667,,False
70,49672,,False
70,49679,,False
70,49690,,False
70,49692,,False
70,49708,,False
70,49717,,False
70,49718,,False
70,49730,,False
70,49733,,False
70,49747,,False
70,49750,,False
70,49754,,False
70,49765,,False
70,49786,,False
70,49789,,False
70,49791,,False
70,49794,,False
70,49798,,False
70,49822,,False
70,49827,,False
70,49830,,False
70,49832,,False
70,49842,,False
70,49880,,False
70,49888,,False
70,49892,,False
70,49895,,False
70,49902,,False
70,49909,,False
70,49915,,False
70,49932,,False
70,49936,,False
70,49942,,False
70,49946,,False
70,49949,,False
70,49966,,False
70,49983,,False
70,49988,,False
70,49989,,False
70,50004,,False
70,50013,,False
70,50020,,False
70,50027,,False
70,50033,,False
70,50040,,False
70,50042,,False
70,50047,,False
70,50049,,False
70,50056,,False
70,50065,,False
70,50078,,False
70,50091,,False
70,50100,,False
70,50104,,False
70,50107,,False
70,50112,,False
70,50116,,False
70,50128,,False
70,50138,,False
70,50141,,False
70,50145,,False
70,50148,,False
70,50157,,False
70,50162,,False
70,50170,,False
70,50173,,False
70,50179,,False
70,50181,,False
70,50191,,False
70,50193,,False
70,50208,,False
70,50212,,False
70,50224,,False
70,50225,,False
70,50238,,False
70,50244,,False
70,50254,,False
70,50255,,False
70,50267,,False
70,50278,,False
70,50284,,False
70,50295,,False
70,50301,,False
70,50305,,False
70,50311,,False
70,50334,,False
70,50345,,False
70,50353,,False
70,50359,,False
70,50361,,False
70,50378,,False
70,50393,,False
70,50401,,False
70,50407,,False
70,50411,,False
70,50414,,False
70,50420,,False
70,50422,,False
70,50443,,False
70,50444,,False
70,50449,,False
70,50460,,False
70,50467,,False
70,50493,,False
70,50499,,False
70,50503,,False
70,50512,,False
70,50518,,False
70,50522,,False
70,50527,,False
70,50529,,False
70,50542,,False
70,50543,,False
70,50558,,False
70,50560,,False
70,50561,,False
70,50564,,False
70,50568,,False
70,50569,,False
70,50574,,False
70,50581,,False
70,50589,,False
70,50595,,False
70,50600,,False
70,50603,,False
70,50623,,False
70,50625,,False
70,50629,,False
70,50639,,False
70,50649,,False
70,50651,,False
70,50655,,False
70,50656,,False
70,50661,,False
70,50663,,False
70,50665,,False
70,50674,,False
70,50676,,False
70,50678,,False
70,50680,,False
70,50681,,False
70,50686,,False
70,50700,,False
70,50706,,False
70,50711,,False
70,50713,,False
70,50714,,False
70,50726,,False
70,50744,,False
70,50746,,False
70,50767,,False
70,50771,,False
70,50774,,False
70,50788,,False
70,50807,,False
70,50817,,False
70,50818,,False
70,50821,,False
70,50826,,False
70,50836,,False
70,50863,,False
70,50874,,False
70,50876,,False
70,50879,,False
70,50883,,False
70,50895,,False
70,50904,,False
70,50909,,False
70,50914,,False
70,50930,,False
70,50934,,False
70,50937,,False
70,50960,,False
70,50963,,False
70,50984,,False
70,50986,,False
70,50988,,False
70,51006,,False
70,51025,,False
70,51027,,False
70,51028,,False
70,51041,,False
70,51055,,False
70,51073,,False
70,51076,,False
70,51077,,False
70,51080,,False
70,51102,,False
70,51109,,False
70,51112,,False
70,51121,,False
70,51123,,False
70,51131,,False
70,51138,,False
70,51150,,False
70,51153,,False
70,51168,,False
70,51180,,False
70,51184,,False
70,51186,,False
70,51193,,False
70,51197,,False
70,51220,,False
70,51224,,False
70,51228,,False
70,51230,,False
70,51231,,False
70,51244,,False
70,51252,,False
70,51268,,False
70,51270,,False
70,51275,,False
70,51277,,False
70,51285,,False
70,51289,,False
70,51301,,False
70,51304,,False
70,51306,,False
70,51330,,False
70,51341,,False
70,51342,,False
70,51346,,False
70,51352,,False
70,51355,,False
70,51356,,False
70,51372,,False
70,51373,,False
70,51379,,False
70,51381,,False
70,51389,,False
70,51400,,False
70,51414,,False
70,51423,,False
70,51424,,False
70,51427,,False
70,51438,,False
70,51449,,False
70,51458,,False
70,51470,,False
70,51477,,False
70,51485,,False
70,51490,,False
70,51495,,False
70,51501,,False
70,51502,,False
70,51507,,False
70,51510,,False
70,51528,,False
70,51530,,False
70,51536,,False
70,51545,,False
70,51554,,False
70,51563,,False
70,51564,,False
70,51577,,False
70,51592,,False
70,51593,,False
70,51601,,False
70,51614,,False
70,51615,,False
70,51632,,False
70,51639,,False
70,51643,,False
70,51651,,False
70,51654,,False
70,51656,,False
70,51658,,False
70,51669,,False
70,51678,,False
70,51679,,False
70,51685,,False
70,51702,,False
70,51710,,False
70,51720,,False
70,51721,,False
70,51737,,False
70,51738,,False
70,51739,,False
70,51746,,False
70,51751,,False
70,51760,,False
70,51773,,False
70,51774,,False
70,51777,,False
70,51791,,False
70,51810,,False
70,51823,,False
70,51839,,False
70,51847,,False
70,51854,,False
70,51873,,False
70,51875,,False
70,51884,,False
70,51895,,False
70,51912,,False
70,51923,,False
70,51924,,False
70,51930,,False
70,51943,,False
70,51959,,False
70,51972,,False
70,51984,,False
70,51985,,False
70,52002,,False
70,52005,,False
70,52011,,False
70,52038,,False
70,52039,,False
70,52054,,False
70,52057,,False
70,52073,,False
70,52082,,False
70,52088,,False
70,52089,,False
70,52092,,False
70,52093,,False
70,52105,,False
70,52117,,False
70,52122,,False
70,52130,,False
70,52139,,False
70,52141,,False
70,52142,,False
70,52145,,False
70,52149,,False
70,52169,,False
70,52173,,False
70,52180,,False
70,52188,,False
70,52192,,False
70,52193,,False
70,52202,,False
70,52214,,False
70,52240,,False
70,52245,,False
70,52248,,False
70,52267,,False
70,52281,,False
70,52284,,False
70,52298,,False
70,52303,,False
70,52306,,False
70,52332,,False
70,52339,,False
70,52344,,False
70,52348,,False
70,52352,,False
70,52360,,False
70,52362,,False
70,52368,,False
70,52370,,False
70,52385,,False
70,52387,,False
70,52389,,False
70,52404,,False
70,52410,,False
70,52418,,False
70,52432,,False
70,52436,,False
70,52462,,False
70,52465,,False
70,52487,,False
70,52498,,False
70,52504,,False
70,52511,,False
70,52520,,False
70,52524,,False
70,52533,,False
70,52539,,False
70,52540,,False
70,52542,,False
70,52546,,False
70,52548,,False
70,52562,,False
70,52565,,False
70,52568,,False
70,52585,,False
70,52592,,False
70,52606,,False
70,52607,,False
70,52608,,False
70,52614,,False
70,52617,,False
70,52621,,False
70,52624,,False
70,52632,,False
70,52659,,False
70,52671,,False
70,52675,,False
70,52677,,False
70,52688,,False
70,52699,,False
70,52701,,False
70,52702,,False
70,52704,,False
70,52716,,False
70,52731,,False
70,52733,,False
70,52751,,False
70,52759,,False
70,52768,,False
70,52769,,False
70,52781,,False
70,52783,,False
70,52786,,False
70,52796,,False
70,52798,,False
70,52802,,False
70,52810,,False
70,52811,,False
70,52815,,False
70,52825,,False
70,52837,,False
70,52839,,False
70,52840,,False
70,52843,,False
70,52844,,False
70,52847,,False
70,52859,,False
70,52861,,False
70,52880,,False
70,52884,,False
70,52893,,False
70,52901,,False
70,52905,,False
70,52909,,False
70,52931,,False
70,52938,,False
70,52964,,False
70,52970,,False
70,52995,,False
70,53003,,False
70,53010,,False
70,53011,,False
70,53014,,False
70,53015,,False
70,53020,,False
70,53022,,False
70,53027,,False
70,53028,,False
70,53038,,False
70,53043,,False
70,53045,,False
70,53050,,False
70,53063,,False
70,53073,,False
70,53078,,False
70,53079,,False
70,53080,,False
70,53084,,False
70,53095,,False
70,53108,,False
70,53118,,False
70,53138,,False
70,53139,,False
70,53154,,False
70,53158,,False
70,53166,,False
70,53167,,False
70,53170,,False
70,53174,,False
70,53182,,False
70,53184,,False
70,53188,,False
70,53193,,False
70,53205,,False
70,53208,,False
70,53224,,False
70,53238,,False
70,53247,,False
70,53256,,False
70,53262,,False
70,53266,,False
70,53269,,False
70,53276,,False
70,53279,,False
70,53284,,False
70,53288,,False
70,53296,,False
70,53298,,False
70,53305,,False
70,53310,,False
70,53313,,False
70,53328,,False
70,53330,,False
70,53334,,False
70,53351,,False
70,53353,,False
70,53355,,False
70,53359,,False
70,53365,,False
70,53382,,False
70,53398,,False
70,53401,,False
70,53407,,False
70,53412,,False
70,53427,,False
70,53429,,False
70,53438,,False
70,53451,,False
70,53467,,False
70,53472,,False
70,53480,,False
70,53493,,False
70,53500,,False
70,53509,,False
70,53512,,False
70,53517,,False
70,53521,,False
70,53527,,False
70,53531,,False
70,53532,,False
70,53536,,False
70,53547,,False
70,53570,,False
70,53577,,False
70,53581,,False
70,53586,,False
70,53603,,False
70,53613,,False
70,53630,,False
70,53634,,False
70,53646,,False
70,53653,,False
70,53661,,False
70,53663,,False
70,53665,,False
70,53679,,False
70,53681,,False
70,53691,,False
70,53693,,False
70,53706,,False
70,53707,,False
70,53708,,False
70,53712,,False
70,53732,,False
70,53734,,False
70,53735,,False
70,53743,,False
70,53744,,False
70,53790,,False
70,53794,,False
70,53798,,False
70,53800,,False
70,53802,,False
70,53808,,False
70,53820,,False
70,53821,,False
70,53833,,False
70,53836,,False
70,53842,,False
70,53847,,False
70,53849,,False
70,53858,,False
70,53866,,False
70,53871,,False
70,53881,,False
70,53901,,False
70,53914,,False
70,53919,,False
70,53937,,False
70,53939,,False
70,53950,,False
70,53971,,False
70,53972,,False
70,53984,,False
70,53990,,False
70,53991,,False
70,53996,,False
70,54000,,False
70,54002,,False
70,54003,,False
70,54010,,False
70,54024,,False
70,54029,,False
70,54030,,False
70,54033,,False
70,54069,,False
70,54071,,False
70,54082,,False
70,54085,,False
70,54098,,False
70,54099,,False
70,54105,,False
70,54106,,False
70,54107,,False
70,54109,,False
70,54118,,False
70,54120,,False
70,54124,,False
70,54133,,False
70,54134,,False
70,54140,,False
70,54142,,False
70,54145,,False
70,54150,,False
70,54159,,False
70,54161,,False
70,54172,,False
70,54187,,False
70,54204,,False
70,54206,,False
70,54221,,False
70,54230,,False
70,54235,,False
70,54238,,False
70,54241,,False
70,54244,,False
70,54247,,False
70,54252,,False
70,54256,,False
70,54258,,False
70,54265,,False
70,54272,,False
70,54275,,False
70,54276,,False
70,54277,,False
70,54285,,False
70,54291,,False
70,54294,,False
70,54295,,False
70,54296,,False
70,54312,,False
70,54315,,False
70,54339,,False
70,54369,,False
70,54372,,False
70,54375,,False
70,54386,,False
70,54395,,False
70,54400,,False
70,54406,,False
70,54407,,False
70,54413,,False
70,54423,,False
70,54429,,False
70,54438,,False
70,54448,,False
70,54486,,False
70,54505,,False
70,54517,,False
70,54532,,False
70,54534,,False
70,54539,,False
70,54542,,False
70,54549,,False
70,54558,,False
70,54566,,False
70,54567,,False
70,54585,,False
70,54586,,False
70,54602,,False
70,54611,,False
70,54612,,False
70,54619,,False
70,54623,,False
70,54675,,False
70,54691,,False
70,54703,,False
70,54708,,False
70,54713,,False
70,54718,,False
70,54725,,False
70,54730,,False
70,54746,,False
70,54761,,False
70,54775,,False
70,54777,,False
70,54782,,False
70,54792,,False
70,54806,,False
70,54811,,False
70,54816,,False
70,54830,,False
70,54833,,False
70,54837,,False
70,54839,,False
70,54848,,False
70,54852,,False
70,54855,,False
70,54861,,False
70,54866,,False
70,54883,,False
70,54887,,False
70,54895,,False
70,54904,,False
70,54910,,False
70,54913,,False
70,54915,,False
70,54939,,False
70,54942,,False
70,54946,,False
70,54950,,False
70,54955,,False
70,54956,,False
70,54965,,False
70,54980,,False
70,54986,,False
70,54990,,False
70,55003,,False
70,55006,,False
70,55023,,False
70,55027,,False
70,55040,,False
70,55045,,False
70,55047,,False
70,55049,,False
70,55056,,False
70,55059,,False
70,55062,,False
70,55070,,False
70,55071,,False
70,55073,,False
70,55074,,False
70,55075,,False
70,55077,,False
70,55100,,False
70,55103,,False
70,55112,,False
70,55117,,False
70,55124,,False
70,55126,,False
70,55128,,False
70,55143,,False
70,55146,,False
70,55159,,False
70,55161,,False
70,55166,,False
70,55176,,False
70,55197,,False
70,55230,,False
70,55233,,False
70,55238,,False
70,55247,,False
70,55255,,False
70,55262,,False
70,55290,,False
70,55308,,False
70,55313,,False
70,55323,,False
70,55356,,False
70,55359,,False
70,55363,,False
70,55376,,False
70,55382,,False
70,55387,,False
70,55404,,False
70,55428,,False
70,55429,,False
70,55451,,False
70,55458,,False
70,55471,,False
70,55476,,False
70,55481,,False
70,55506,,False
70,55508,,False
70,55509,,False
70,55533,,False
70,55534,,False
70,55538,,False
70,55545,,False
70,55547,,False
70,55561,,False
70,55562,,False
70,55563,,False
70,55565,,False
70,55568,,False
70,55573,,False
70,55576,,False
70,55583,,False
70,55595,,False
70,55600,,False
70,55603,,False
70,55605,,False
70,55608,,False
70,55618,,False
70,55621,,False
70,55624,,False
70,55645,,False
70,55652,,False
70,55661,,False
70,55666,,False
70,55723,,False
70,55726,,False
70,55732,,False
70,55739,,False
70,55740,,False
70,55758,,False
70,55761,,False
70,55762,,False
70,55786,,False
70,55793,,False
70,55797,,False
70,55801,,False
70,55811,,False
70,55812,,False
70,55816,,False
70,55819,,False
70,55839,,False
70,55841,,False
70,55848,,False
70,55849,,False
70,55858,,False
70,55865,,False
70,55868,,False
70,55871,,False
70,55880,,False
70,55886,,False
70,55903,,False
70,55907,,False
70,55914,,False
70,55916,,False
70,55917,,False
70,55920,,False
70,55923,,False
70,55933,,False
70,55936,,False
70,55941,,False
70,55955,,False
70,55957,,False
70,55962,,False
70,55969,,False
70,55970,,False
70,55973,,False
70,55978,,False
70,55986,,False
70,56007,,False
70,56017,,False
70,56023,,False
70,56035,,False
70,56036,,False
70,56051,,False
70,56055,,False
70,56060,,False
70,56064,,False
70,56071,,False
70,56078,,False
70,56079,,False
70,56080,,False
70,56083,,False
70,56084,,False
70,56085,,False
70,56091,,False
70,56092,,False
70,56101,,False
70,56102,,False
70,56114,,False
70,56115,,False
70,56116,,False
70,56118,,False
70,56119,,False
70,56120,,False
70,56129,,False
70,56130,,False
70,56131,,False
70,56142,,False
70,56155,,False
70,56179,,False
70,56182,,False
70,56183,,False
70,56186,,False
70,56188,,False
70,56194,,False
70,56205,,False
70,56207,,False
70,56229,,False
70,56255,,False
70,56277,,False
70,56278,,False
70,56279,,False
70,56281,,False
70,56282,,False
70,56296,,False
70,56305,,False
70,56312,,False
70,56329,,False
70,56337,,False
70,56338,,False
70,56340,,False
70,56352,,False
70,56355,,False
70,56356,,False
70,56366,,False
70,56376,,False
70,56378,,False
70,56382,,False
70,56390,,False
70,56392,,False
70,56397,,False
70,56423,,False
70,56429,,False
70,56430,,False
70,56444,,False
70,56445,,False
70,56451,,False
70,56461,,False
70,56468,,False
70,56473,,False
70,56474,,False
70,56480,,False
70,56490,,False
70,56493,,False
70,56506,,False
70,56515,,False
70,56524,,False
70,56526,,False
70,56531,,False
70,56532,,False
70,56540,,False
70,56549,,False
70,56555,,False
70,56559,,False
70,56566,,False
70,56570,,False
70,56579,,False
70,56583,,False
70,56586,,False
70,56603,,False
70,56608,,False
70,56610,,False
70,56621,,False
70,56626,,False
70,56630,,False
70,56642,,False
70,56646,,False
70,56657,,False
70,56668,,False
70,56681,,False
70,56684,,False
70,56695,,False
70,56701,,False
70,56708,,False
70,56720,,False
70,56723,,False
70,56734,,False
70,56737,,False
70,56740,,False
70,56746,,False
70,56753,,False
70,56758,,False
70,56765,,False
70,56767,,False
70,56774,,False
70,56799,,False
70,56808,,False
70,56815,,False
70,56833,,False
70,56835,,False
70,56849,,False
70,56853,,False
70,56855,,False
70,56871,,False
70,56876,,False
70,56878,,False
70,56885,,False
70,56896,,False
70,56907,,False
70,56923,,False
70,56929,,False
70,56932,,False
70,56938,,False
70,56944,,False
70,56962,,False
70,56969,,False
70,56974,,False
70,56992,,False
70,56997,,False
70,57029,,False
70,57033,,False
70,57046,,False
70,57047,,False
70,57051,,False
70,57065,,False
70,57067,,False
70,57073,,False
70,57077,,False
70,57088,,False
70,57089,,False
70,57094,,False
70,57099,,False
70,57106,,False
70,57110,,False
70,57119,,False
70,57120,,False
70,57137,,False
70,57138,,False
70,57146,,False
70,57153,,False
70,57166,,False
70,57172,,False
70,57176,,False
70,57180,,False
70,57186,,False
70,57188,,False
70,57197,,False
70,57199,,False
70,57224,,False
70,57228,,False
70,57240,,False
70,57259,,False
70,57261,,False
70,57265,,False
70,57279,,False
70,57285,,False
70,57299,,False
70,57301,,False
70,57321,,False
70,57324,,False
70,57325,,False
70,57336,,False
70,57339,,False
70,57344,,False
70,57354,,False
70,57355,,False
70,57364,,False
70,57376,,False
70,57386,,False
70,57395,,False
70,57403,,False
70,57414,,False
70,57424,,False
70,57426,,False
70,57430,,False
70,57445,,False
70,57450,,False
70,57459,,False
70,57475,,False
70,57484,,False
70,57495,,False
70,57502,,False
70,57508,,False
70,57534,,False
70,57551,,False
70,57560,,False
70,57563,,False
70,57568,,False
70,57580,,False
70,57588,,False
70,57593,,False
70,57596,,False
70,57600,,False
70,57603,,False
70,57604,,False
70,57628,,False
70,57630,,False
70,57631,,False
70,57676,,False
70,57682,,False
70,57688,,False
70,57704,,False
70,57705,,False
70,57712,,False
70,57727,,False
70,57732,,False
70,57735,,False
70,57740,,False
70,57755,,False
70,57759,,False
70,57779,,False
70,57783,,False
70,57785,,False
70,57788,,False
70,57794,,False
70,57810,,False
70,57812,,False
70,57814,,False
70,57825,,False
70,57836,,False
70,57856,,False
70,57857,,False
70,57860,,False
70,57872,,False
70,57892,,False
70,57896,,False
70,57903,,False
70,57906,,False
70,57918,,False
70,57924,,False
70,57935,,False
70,57948,,False
70,57952,,False
70,57958,,False
70,57970,,False
70,57999,,False
70,58017,,False
70,58020,,False
70,58022,,False
70,58023,,False
70,58026,,False
70,58041,,False
70,58051,,False
70,58071,,False
70,58077,,False
70,58091,,False
70,58094,,False
70,58095,,False
70,58101,,False
70,58106,,False
70,58110,,False
70,58119,,False
70,58129,,False
70,58140,,False
70,58143,,False
70,58148,,False
70,58167,,False
70,58169,,False
70,58171,,False
70,58175,,False
70,58180,,False
70,58183,,False
70,58184,,False
70,58200,,False
70,58201,,False
70,58203,,False
70,58204,,False
70,58209,,False
70,58212,,False
70,58214,,False
70,58238,,False
70,58239,,False
70,58243,,False
70,58250,,False
70,58260,,False
70,58271,,False
70,58275,,False
70,58286,,False
70,58304,,False
70,58314,,False
70,58315,,False
70,58325,,False
70,58337,,False
70,58339,,False
70,58361,,False
70,58362,,False
70,58365,,False
70,58382,,False
70,58383,,False
70,58385,,False
70,58389,,False
70,58398,,False
70,58400,,False
70,58412,,False
70,58415,,False
70,58418,,False
70,58419,,False
70,58423,,False
70,58424,,False
70,58425,,False
70,58451,,False
70,58452,,False
70,58467,,False
70,58477,,False
70,58479,,False
70,58485,,False
70,58488,,False
70,58501,,False
70,58522,,False
70,58530,,False
70,58535,,False
70,58542,,False
70,58546,,False
70,58559,,False
70,58563,,False
70,58565,,False
70,58578,,False
70,58579,,False
70,58591,,False
70,58598,,False
70,58603,,False
70,58605,,False
70,58620,,False
70,58626,,False
70,58632,,False
70,58634,,False
70,58636,,False
70,58643,,False
70,58645,,False
70,58651,,False
70,58652,,False
70,58657,,False
70,58680,,False
70,58694,,False
70,58703,,False
70,58715,,False
70,58734,,False
70,58742,,False
70,58744,,False
70,58768,,False
70,58772,,False
70,58788,,False
70,58805,,False
70,58806,,False
70,58812,,False
70,58816,,False
70,58846,,False
70,58850,,False
70,58852,,False
70,58854,,False
70,58870,,False
70,58881,,False
70,58888,,False
70,58896,,False
70,58907,,False
70,58908,,False
70,58910,,False
70,58914,,False
70,58932,,False
70,58945,,False
70,58946,,False
70,58969,,False
70,58985,,False
70,58993,,False
70,58999,,False
70,59010,,False
70,59012,,False
70,59015,,False
70,59022,,False
70,59023,,False
70,59073,,False
70,59083,,False
70,59085,,False
70,59105,,False
70,59109,,False
70,59113,,False
70,59116,,False
70,59140,,False
70,59152,,False
70,59155,,False
70,59163,,False
70,59171,,False
70,59175,,False
70,59177,,False
70,59179,,False
70,59181,,False
70,59190,,False
70,59209,,False
70,59213,,False
70,59215,,False
70,59216,,False
70,59220,,False
70,59221,,False
70,59225,,False
70,59233,,False
70,59240,,False
70,59242,,False
70,59258,,False
70,59259,,False
70,59263,,False
70,59266,,False
70,59276,,False
70,59282,,False
70,59288,,False
70,59289,,False
70,59292,,False
70,59293,,False
70,59295,,False
70,59296,,False
70,59309,,False
70,59318,,False
70,59330,,False
70,59344,,False
70,59348,,False
70,59349,,False
70,59357,,False
70,59358,,False
70,59364,,False
70,59365,,False
70,59367,,False
70,59376,,False
70,59387,,False
70,59394,,False
70,59403,,False
70,59404,,False
70,59407,,False
70,59425,,False
70,59428,,False
70,59446,,False
70,59471,,False
70,59490,,False
70,59491,,False
70,59504,,False
70,59515,,False
70,59517,,False
70,59522,,False
70,59526,,False
70,59527,,False
70,59530,,False
70,59538,,False
70,59556,,False
70,59559,,False
70,59562,,False
70,59563,,False
70,59569,,False
70,59571,,False
70,59583,,False
70,59587,,False
70,59597,,False
70,59599,,False
70,59614,,False
70,59620,,False
70,59631,,False
70,59632,,False
70,59641,,False
70,59649,,False
70,59652,,False
70,59659,,False
70,59668,,False
70,59678,,False
70,59682,,False
70,59684,,False
70,59693,,False
70,59702,,False
70,59716,,False
70,59720,,False
70,59725,,False
70,59726,,False
70,59752,,False
70,59766,,False
70,59769,,False
70,59781,,False
70,59788,,False
70,59791,,False
70,59795,,False
70,59800,,False
70,59804,,False
70,59806,,False
70,59815,,False
70,59824,,False
70,59825,,False
70,59831,,False
70,59839,,False
70,59848,,False
70,59851,,False
70,59857,,False
70,59858,,False
70,59860,,False
70,59871,,False
70,59880,,False
70,59889,,False
70,59896,,False
70,59899,,False
70,59904,,False
70,59923,,False
70,59925,,False
70,59933,,False
70,59935,,False
70,59939,,False
70,59940,,False
70,59945,,False
70,59959,,False
70,59960,,False
70,59967,,False
70,59969,,False
70,59976,,False
70,59991,,False
70,59998,,False
70,60001,,False
70,60008,,False
70,60017,,False
70,60020,,False
70,60026,,False
70,60028,,False
70,60040,,False
70,60045,,False
70,60050,,False
70,60059,,False
70,60062,,False
70,60063,,False
70,60067,,False
70,60071,,False
70,60074,,False
70,60077,,False
70,60080,,False
70,60094,,False
70,60096,,False
70,60106,,False
70,60107,,False
70,60109,,False
70,60111,,False
70,60113,,False
70,60143,,False
70,60155,,False
70,60161,,False
70,60181,,False
70,60184,,False
70,60189,,False
70,60191,,False
70,60194,,False
70,60197,,False
70,60201,,False
70,60215,,False
70,60216,,False
70,60227,,False
70,60234,,False
70,60238,,False
70,60258,,False
70,60271,,False
70,60278,,False
70,60280,,False
70,60287,,False
70,60294,,False
70,60295,,False
70,60305,,False
70,60306,,False
70,60315,,False
70,60316,,False
70,60317,,False
70,60346,,False
70,60348,,False
70,60351,,False
70,60366,,False
70,60372,,False
70,60378,,False
70,60382,,False
70,60386,,False
70,60390,,False
70,60396,,False
70,60397,,False
70,60414,,False
70,60421,,False
70,60425,,False
70,60428,,False
70,60444,,False
70,60463,,False
70,60469,,False
70,60474,,False
70,60476,,False
70,60486,,False
70,60492,,False
70,60494,,False
70,60507,,False
70,60509,,False
70,60514,,False
70,60516,,False
70,60518,,False
70,60529,,False
70,60538,,False
70,60539,,False
70,60554,,False
70,60572,,False
70,60576,,False
70,60581,,False
70,60592,,False
70,60600,,False
70,60607,,False
70,60617,,False
70,60625,,False
70,60638,,False
70,60647,,False
70,60658,,False
70,60659,,False
70,60668,,False
70,60672,,False
70,60676,,False
70,60679,,False
70,60690,,False
70,60692,,False
70,60698,,False
70,60712,,False
70,60717,,False
70,60720,,False
70,60729,,False
70,60737,,False
70,60773,,False
70,60776,,False
70,60788,,False
70,60790,,False
70,60793,,False
70,60796,,False
70,60807,,False
70,60819,,False
70,60830,,False
70,60833,,False
70,60837,,False
70,60843,,False
70,60848,,False
70,60849,,False
70,60853,,False
70,60862,,False
70,60863,,False
70,60874,,False
70,60882,,False
70,60885,,False
70,60900,,False
70,60903,,False
70,60928,,False
70,60932,,False
70,60942,,False
70,60948,,False
70,60956,,False
70,60958,,False
70,60959,,False
70,60964,,False
70,60977,,False
70,60978,,False
70,60980,,False
70,60982,,False
70,60993,,False
70,61000,,False
70,61004,,False
70,61008,,False
70,61013,,False
70,61028,,False
70,61042,,False
70,61051,,False
70,61057,,False
70,61058,,False
70,61059,,False
70,61082,,False
70,61098,,False
70,61099,,False
70,61134,,False
70,61138,,False
70,61154,,False
70,61162,,False
70,61171,,False
70,61172,,False
70,61175,,False
70,61190,,False
70,61197,,False
70,61210,,False
70,61218,,False
70,61238,,False
70,61250,,False
70,61256,,False
70,61259,,False
70,61264,,False
70,61275,,False
70,61276,,False
70,61280,,False
70,61282,,False
70,61286,,False
70,61294,,False
70,61305,,False
70,61321,,False
70,61325,,False
70,61333,,False
70,61339,,False
70,61342,,False
70,61343,,False
70,61346,,False
70,61351,,False
70,61353,,False
70,61357,,False
70,61375,,False
70,61383,,False
70,61402,,False
70,61406,,False
70,61409,,False
70,61414,,False
70,61418,,False
70,61419,,False
70,61424,,False
70,61440,,False
70,61446,,False
70,61447,,False
70,61449,,False
70,61454,,False
70,61457,,False
70,61461,,False
70,61462,,False
70,61471,,False
70,61474,,False
70,61478,,False
70,61491,,False
70,61500,,False
70,61502,,False
70,61509,,False
70,61540,,False
70,61546,,False
70,61553,,False
70,61570,,False
70,61575,,False
70,61579,,False
70,61609,,False
70,61612,,False
70,61615,,False
70,61618,,False
70,61648,,False
70,61666,,False
70,61675,,False
70,61676,,False
70,61678,,False
70,61693,,False
70,61696,,False
70,61700,,False
70,61708,,False
70,61714,,False
70,61718,,False
70,61720,,False
70,61742,,False
70,61744,,False
70,61746,,False
70,61758,,False
70,61767,,False
70,61771,,False
70,61789,,False
70,61792,,False
70,61801,,False
70,61803,,False
70,61809,,False
70,61812,,False
70,61824,,False
70,61825,,False
70,61844,,False
70,61854,,False
70,61866,,False
70,61869,,False
70,61883,,False
70,61897,,False
70,61907,,False
70,61912,,False
70,61923,,False
70,61925,,False
70,61934,,False
70,61935,,False
70,61938,,False
70,61942,,False
70,61946,,False
70,61949,,False
70,61955,,False
70,61957,,False
70,61963,,False
70,61971,,False
70,61979,,False
70,62006,,False
70,62013,,False
70,62015,,False
70,62021,,False
70,62024,,False
70,62042,,False
70,62046,,False
70,62049,,False
70,62051,,False
70,62069,,False
70,62077,,False
70,62079,,False
70,62111,,False
70,62126,,False
70,62129,,False
70,62131,,False
70,62134,,False
70,62135,,False
70,62139,,False
70,62148,,False
70,62164,,False
70,62166,,False
70,62171,,False
70,62187,,False
70,62189,,False
70,62204,,False
70,62208,,False
70,62212,,False
70,62225,,False
70,62232,,False
70,62233,,False
70,62236,,False
70,62241,,False
70,62277,,False
70,62278,,False
70,62284,,False
70,62291,,False
70,62305,,False
70,62321,,False
70,62331,,False
70,62333,,False
70,62335,,False
70,62345,,False
70,62347,,False
70,62359,,False
70,62390,,False
70,62412,,False
70,62416,,False
70,62425,,False
70,62427,,False
70,62447,,False
70,62448,,False
70,62449,,False
70,62454,,False
70,62455,,False
70,62464,,False
70,62484,,False
70,62493,,False
70,62496,,False
70,62502,,False
70,62505,,False
70,62506,,False
70,62515,,False
70,62519,,False
70,62525,,False
70,62526,,False
70,62532,,False
70,62534,,False
70,62539,,False
70,62548,,False
70,62558,,False
70,62560,,False
70,62566,,False
70,62569,,False
70,62571,,False
70,62575,,False
70,62580,,False
70,62581,,False
70,62592,,False
70,62597,,False
70,62629,,False
70,62642,,False
70,62645,,False
70,62648,,False
70,62653,,False
70,62658,,False
70,62666,,False
70,62675,,False
70,62684,,False
70,62697,,False
70,62707,,False
70,62720,,False
70,62725,,False
70,62727,,False
70,62735,,False
70,62741,,False
70,62753,,False
70,62754,,False
70,62756,,False
70,62760,,False
70,62768,,False
70,62798,,False
70,62811,,False
70,62816,,False
70,62818,,False
70,62834,,False
70,62838,,False
70,62842,,False
70,62862,,False
70,62867,,False
70,62869,,False
70,62873,,False
70,62877,,False
70,62890,,False
70,62893,,False
70,62897,,False
70,62899,,False
70,62912,,False
70,62916,,False
70,62917,,False
70,62922,,False
70,62942,,False
70,62958,,False
70,62965,,False
70,62972,,False
70,62979,,False
70,62992,,False
70,62998,,False
70,63013,,False
70,63014,,False
70,63019,,False
70,63024,,False
70,63025,,False
70,63027,,False
70,63029,,False
70,63031,,False
70,63034,,False
70,63052,,False
70,63058,,False
70,63061,,False
70,63067,,False
70,63077,,False
70,63086,,False
70,63098,,False
70,63101,,False
70,63112,,False
70,63113,,False
70,63122,,False
70,63148,,False
70,63160,,False
70,63165,,False
70,63167,,False
70,63170,,False
70,63187,,False
70,63189,,False
70,63196,,False
70,63200,,False
70,63209,,False
70,63210,,False
70,63217,,False
70,63232,,False
70,63239,,False
70,63241,,False
70,63243,,False
70,63247,,False
70,63251,,False
70,63260,,False
70,63263,,False
70,63265,,False
70,63286,,False
70,63289,,False
70,63301,,False
70,63312,,False
70,63324,,False
70,63337,,False
70,63339,,False
70,63349,,False
70,63351,,False
70,63360,,False
70,63363,,False
70,63370,,False
70,63375,,False
70,63382,,False
70,63398,,False
70,63403,,False
70,63404,,False
70,63410,,False
70,63412,,False
70,63413,,False
70,63416,,False
70,63418,,False
70,63421,,False
70,63427,,False
70,63433,,False
70,63447,,False
70,63453,,False
70,63477,,False
70,63480,,False
70,63481,,False
70,63482,,False
70,63497,,False
70,63502,,False
70,63506,,False
70,63507,,False
70,63514,,False
70,63519,,False
70,63522,,False
70,63526,,False
70,63529,,False
70,63532,,False
70,63534,,False
70,63535,,False
70,63536,,False
70,63547,,False
70,63554,,False
70,63558,,False
70,63564,,False
70,63576,,False
70,63584,,False
70,63599,,False
70,63608,,False
70,63615,,False
70,63621,,False
70,63648,,False
70,63649,,False
70,63705,,False
70,63708,,False
70,63719,,False
70,63729,,False
70,63736,,False
70,63747,,False
70,63753,,False
70,63764,,False
70,63774,,False
70,63779,,False
70,63780,,False
70,63785,,False
70,63793,,False
70,63805,,False
70,63808,,False
70,63821,,False
70,63825,,False
70,63828,,False
70,63836,,False
70,63843,,False
70,63846,,False
70,63851,,False
70,63858,,False
70,63868,,False
70,63870,,False
70,63876,,False
70,63881,,False
70,63882,,False
70,63899,,False
70,63905,,False
70,63915,,False
70,63916,,False
70,63919,,False
70,63923,,False
70,63925,,False
70,63931,,False
70,63933,,False
70,63947,,False
70,63949,,False
70,63951,,False
70,63953,,False
70,63962,,False
70,63963,,False
70,63973,,False
70,63978,,False
70,63982,,False
70,63990,,False
70,63992,,False
70,63997,,False
70,64007,,False
70,64010,,False
70,64015,,False
70,64016,,False
70,64018,,False
70,64022,,False
70,64024,,False
70,64030,,False
70,64046,,False
70,64051,,False
70,64052,,False
70,64055,,False
70,64057,,False
70,64070,,False
70,64074,,False
70,64078,,False
70,64082,,False
70,64083,,False
70,64096,,False
70,64103,,False
70,64107,,False
70,64132,,False
70,64135,,False
70,64147,,False
70,64153,,False
70,64159,,False
70,64160,,False
70,64180,,False
70,64220,,False
70,64224,,False
70,64228,,False
70,64229,,False
70,64231,,False
70,64234,,False
70,64246,,False
70,64270,,False
70,64272,,False
70,64288,,False
70,64292,,False
70,64299,,False
70,64307,,False
70,64310,,False
70,64311,,False
70,64326,,False
70,64329,,False
70,64339,,False
70,64342,,False
70,64346,,False
70,64349,,False
70,64358,,False
70,64368,,False
70,64375,,False
70,64381,,False
70,64383,,False
70,64389,,False
70,64398,,False
70,64409,,False
70,64410,,False
70,64416,,False
70,64422,,False
70,64426,,False
70,64437,,False
70,64449,,False
70,64457,,False
70,64459,,False
70,64471,,False
70,64478,,False
70,64483,,False
70,64488,,False
70,64490,,False
70,64494,,False
70,64497,,False
70,64499,,False
70,64502,,False
70,64509,,False
70,64511,,False
70,64515,,False
70,64518,,False
70,64545,,False
70,64559,,False
70,64561,,False
70,64563,,False
70,64571,,False
70,64585,,False
70,64590,,False
70,64591,,False
70,64597,,False
70,64600,,False
70,64605,,False
70,64615,,False
70,64620,,False
70,64627,,False
70,64639,,False
70,64645,,False
70,64648,,False
70,64661,,False
70,64681,,False
70,64708,,False
70,64710,,False
70,64711,,False
70,64718,,False
70,64721,,False
70,64724,,False
70,64729,,False
70,64740,,False
70,64743,,False
70,64753,,False
70,64780,,False
70,64792,,False
70,64803,,False
70,64829,,False
70,64843,,False
70,64856,,False
70,64860,,False
70,64862,,False
70,64863,,False
70,64871,,False
70,64888,,False
70,64899,,False
70,64907,,False
70,64912,,False
70,64915,,False
70,64928,,False
70,64948,,False
70,64950,,False
70,64955,,False
70,64957,,False
70,64959,,False
70,64964,,False
70,64978,,False
70,64981,,False
70,64997,,False
70,64998,,False
70,65007,,False
70,65014,,False
70,65043,,False
70,65072,,False
70,65073,,False
70,65078,,False
70,65081,,False
70,65088,,False
70,65094,,False
70,65116,,False
70,65128,,False
70,65140,,False
70,65145,,False
70,65152,,False
70,65169,,False
70,65174,,False
70,65176,,False
70,65204,,False
70,65205,,False
70,65210,,False
70,65228,,False
70,65231,,False
70,65258,,False
70,65275,,False
70,65290,,False
70,65298,,False
70,65299,,False
70,65310,,False
70,65315,,False
70,65316,,False
70,65321,,False
70,65331,,False
70,65334,,False
70,65347,,False
70,65348,,False
70,65370,,False
70,65379,,False
70,65383,,False
70,65395,,False
70,65400,,False
70,65406,,False
70,65409,,False
70,65412,,False
70,65414,,False
70,65434,,False
70,65446,,False
70,65459,,False
70,65470,,False
70,65471,,False
70,65485,,False
70,65488,,False
70,65496,,False
70,65498,,False
70,65517,,False
70,65524,,False
70,65532,,False
70,65534,,False
70,65535,,False
70,65551,,False
70,65554,,False
70,65555,,False
70,65564,,False
70,65569,,False
70,65570,,False
70,65579,,False
70,65580,,False
70,65585,,False
70,65589,,False
70,65597,,False
70,65605,,False
70,65608,,False
70,65612,,False
70,65615,,False
70,65617,,False
70,65629,,False
70,65637,,False
70,65642,,False
70,65649,,False
70,65652,,False
70,65660,,False
70,65661,,False
70,65664,,False
70,65678,,False
70,65702,,False
70,65704,,False
70,65706,,False
70,65733,,False
70,65735,,False
70,65754,,False
70,65773,,False
70,65775,,False
70,65790,,False
70,65791,,False
70,65797,,False
70,65801,,False
70,65808,,False
70,65810,,False
70,65818,,False
70,65822,,False
70,65828,,False
70,65829,,False
70,65841,,False
70,65844,,False
70,65854,,False
70,65857,,False
70,65859,,False
70,65863,,False
70,65898,,False
70,65902,,False
70,65907,,False
70,65915,,False
70,65923,,False
70,65928,,False
70,65963,,False
70,65967,,False
70,65987,,False
70,66012,,False
70,66038,,False
70,66054,,False
70,66065,,False
70,66073,,False
70,66086,,False
70,66107,,False
70,66123,,False
70,66125,,False
70,66133,,False
70,66149,,False
70,66157,,False
70,66166,,False
70,66178,,False
70,66179,,False
70,66186,,False
70,66194,,False
70,66202,,False
70,66209,,False
70,66211,,False
70,66224,,False
70,66238,,False
70,66266,,False
70,66279,,False
70,66293,,False
70,66322,,False
70,66350,,False
70,66352,,False
70,66357,,False
70,66360,,False
70,66370,,False
70,66373,,False
70,66376,,False
70,66381,,False
70,66388,,False
70,66394,,False
70,66401,,False
70,66415,,False
70,66420,,False
70,66421,,False
70,66423,,False
70,66426,,False
70,66428,,False
70,66432,,False
70,66434,,False
70,66444,,False
70,66446,,False
70,66456,,False
70,66458,,False
70,66464,,False
70,66465,,False
70,66467,,False
70,66468,,False
70,66471,,False
70,66474,,False
70,66478,,False
70,66480,,False
70,66483,,False
70,66484,,False
70,66485,,False
70,66490,,False
70,66494,,False
70,66524,,False
70,66537,,False
70,66542,,False
70,66544,,False
70,66547,,False
70,66551,,False
70,66566,,False
70,66585,,False
70,66595,,False
70,66601,,False
70,66628,,False
70,66668,,False
70,66681,,False
70,66683,,False
70,66684,,False
70,66691,,False
70,66705,,False
70,66725,,False
70,66726,,False
70,66731,,False
70,66735,,False
70,66739,,False
70,66741,,False
70,66755,,False
70,66774,,False
70,66781,,False
70,66796,,False
70,66798,,False
70,66801,,False
70,66812,,False
70,66820,,False
70,66824,,False
70,66827,,False
70,66831,,False
70,66833,,False
70,66835,,False
70,66841,,False
70,66850,,False
70,66855,,False
70,66858,,False
70,66865,,False
70,66878,,False
70,66881,,False
70,66887,,False
70,66895,,False
70,66903,,False
70,66910,,False
70,66911,,False
70,66936,,False
70,66947,,False
70,66950,,False
70,66960,,False
70,66963,,False
70,66965,,False
70,66968,,False
70,66972,,False
70,66978,,False
70,67002,,False
70,67032,,False
70,67047,,False
70,67051,,False
70,67063,,False
70,67075,,False
70,67077,,False
70,67088,,False
70,67089,,False
70,67091,,False
70,67097,,False
70,67099,,False
70,67111,,False
70,67117,,False
70,67118,,False
70,67128,,False
70,67129,,False
70,67135,,False
70,67136,,False
70,67142,,False
70,67149,,False
70,67151,,False
70,67155,,False
70,67160,,False
70,67169,,False
70,67178,,False
70,67183,,False
70,67185,,False
70,67186,,False
70,67191,,False
70,67197,,False
70,67200,,False
70,67201,,False
70,67229,,False
70,67236,,False
70,67242,,False
70,67249,,False
70,67251,,False
70,67252,,False
70,67256,,False
70,67268,,False
70,67269,,False
70,67273,,False
70,67290,,False
70,67293,,False
70,67297,,False
70,67303,,False
70,67307,,False
70,67308,,False
70,67315,,False
70,67321,,False
70,67332,,False
70,67340,,False
70,67341,,False
70,67344,,False
70,67346,,False
70,67359,,False
70,67363,,False
70,67372,,False
70,67383,,False
70,67389,,False
70,67393,,False
70,67399,,False
70,67409,,False
70,67412,,False
70,67429,,False
70,67442,,False
70,67457,,False
70,67461,,False
70,67477,,False
70,67483,,False
70,67494,,False
70,67538,,False
70,67543,,False
70,67546,,False
70,67559,,False
70,67563,,False
70,67572,,False
70,67577,,False
70,67595,,False
70,67605,,False
70,67606,,False
70,67610,,False
70,67614,,False
70,67615,,False
70,67621,,False
70,67622,,False
70,67624,,False
70,67632,,False
70,67643,,False
70,67645,,False
70,67646,,False
70,67656,,False
70,67657,,False
70,67661,,False
70,67662,,False
70,67682,,False
70,67687,,False
70,67691,,False
70,67715,,False
70,67719,,False
70,67734,,False
70,67735,,False
70,67749,,False
70,67754,,False
70,67756,,False
70,67764,,False
70,67775,,False
70,67778,,False
70,67790,,False
70,67810,,False
70,67811,,False
70,67817,,False
70,67824,,False
70,67831,,False
70,67849,,False
70,67861,,False
70,67867,,False
70,67871,,False
70,67881,,False
70,67882,,False
70,67884,,False
70,67911,,False
70,67928,,False
70,67933,,False
70,67951,,False
70,67958,,False
70,67967,,False
70,67972,,False
70,67984,,False
70,67991,,False
70,67993,,False
70,68002,,False
70,68009,,False
70,68013,,False
70,68022,,False
70,68023,,False
70,68044,,False
70,68046,,False
70,68051,,False
70,68057,,False
70,68074,,False
70,68076,,False
70,68078,,False
70,68081,,False
70,68084,,False
70,68092,,False
70,68120,,False
70,68136,,False
70,68150,,False
70,68156,,False
70,68159,,False
70,68174,,False
70,68178,,False
70,68183,,False
70,68187,,False
70,68188,,False
70,68199,,False
70,68200,,False
70,68206,,False
70,68207,,False
70,68211,,False
70,68214,,False
70,68222,,False
70,68230,,False
70,68247,,False
70,68248,,False
70,68251,,False
70,68257,,False
70,68258,,False
70,68264,,False
70,68272,,False
70,68276,,False
70,68279,,False
70,68285,,False
70,68292,,False
70,68295,,False
70,68306,,False
70,68307,,False
70,68313,,False
70,68315,,False
70,68320,,False
70,68321,,False
70,68332,,False
70,68350,,False
70,68352,,False
70,68354,,False
70,68355,,False
70,68362,,False
70,68363,,False
70,68367,,False
70,68377,,False
70,68381,,False
70,68382,,False
70,68385,,False
70,68391,,False
70,68410,,False
70,68413,,False
70,68428,,False
70,68435,,False
70,68444,,False
70,68447,,False
70,68465,,False
70,68466,,False
70,68471,,False
70,68475,,False
70,68480,,False
70,68482,,False
70,68488,,False
70,68489,,False
70,68500,,False
70,68511,,False
70,68527,,False
70,68529,,False
70,68541,,False
70,68546,,False
70,68548,,False
70,68550,,False
70,68565,,False
70,68568,,False
70,68575,,False
70,68586,,False
70,68591,,False
70,68603,,False
70,68605,,False
70,68606,,False
70,68621,,False
70,68629,,False
70,68632,,False
70,68638,,False
70,68639,,False
70,68640,,False
70,68641,,False
70,68664,,False
70,68683,,False
70,68686,,False
70,68691,,False
70,68693,,False
70,68694,,False
70,68696,,False
70,68737,,False
70,68742,,False
70,68747,,False
70,68755,,False
70,68768,,False
70,68770,,False
70,68772,,False
70,68792,,False
70,68800,,False
70,68803,,False
70,68810,,False
70,68814,,False
70,68816,,False
70,68823,,False
70,68834,,False
70,68837,,False
70,68839,,False
70,68845,,False
70,68846,,False
70,68851,,False
70,68859,,False
70,68872,,False
70,68874,,False
70,68878,,False
70,68891,,False
70,68899,,False
70,68907,,False
70,68908,,False
70,68915,,False
70,68916,,False
70,68928,,False
70,68930,,False
70,68949,,False
70,68953,,False
70,68954,,False
70,68979,,False
70,68986,,False
70,68989,,False
70,69018,,False
70,69022,,False
70,69024,,False
70,69029,,False
70,69035,,False
70,69039,,False
70,69047,,False
70,69050,,False
70,69052,,False
70,69055,,False
70,69063,,False
70,69068,,False
70,69070,,False
70,69084,,False
70,69088,,False
70,69092,,False
70,69101,,False
70,69106,,False
70,69110,,False
70,69118,,False
70,69122,,False
70,69124,,False
70,69131,,False
70,69141,,False
70,69147,,False
70,69150,,False
70,69159,,False
70,69178,,False
70,69188,,False
70,69191,,False
70,69219,,False
70,69240,,False
70,69242,,False
70,69244,,False
70,69285,,False
70,69288,,False
70,69294,,False
70,69296,,False
70,69297,,False
70,69298,,False
70,69308,,False
70,69322,,False
70,69343,,False
70,69346,,False
70,69349,,False
70,69350,,False
70,69365,,False
70,69371,,False
70,69385,,False
70,69387,,False
70,69392,,False
70,69395,,False
70,69402,,False
70,69418,,False
70,69422,,False
70,69438,,False
70,69442,,False
70,69454,,False
70,69464,,False
70,69467,,False
70,69470,,False
70,69472,,False
70,69476,,False
70,69483,,False
70,69488,,False
70,69493,,False
70,69505,,False
70,69515,,False
70,69519,,False
70,69527,,False
70,69528,,False
70,69531,,False
70,69532,,False
70,69540,,False
70,69541,,False
70,69544,,False
70,69553,,False
70,69556,,False
70,69561,,False
70,69562,,False
70,69573,,False
70,69581,,False
70,69588,,False
70,69590,,False
70,69605,,False
70,69607,,False
70,69611,,False
70,69614,,False
70,69619,,False
70,69630,,False
70,69632,,False
70,69658,,False
70,69671,,False
70,69672,,False
70,69685,,False
70,69688,,False
70,69700,,False
70,69712,,False
70,69724,,False
70,69736,,False
70,69749,,False
70,69751,,False
70,69759,,False
70,69764,,False
70,69768,,False
70,69773,,False
70,69774,,False
70,69780,,False
70,69782,,False
70,69787,,False
70,69788,,False
70,69791,,False
70,69796,,False
70,69797,,False
70,69799,,False
70,69808,,False
70,69825,,False
70,69842,,False
70,69863,,False
70,69872,,False
70,69874,,False
70,69878,,False
70,69883,,False
70,69894,,False
70,69898,,False
70,69905,,False
70,69912,,False
70,69918,,False
70,69919,,False
70,69922,,False
70,69924,,False
70,69926,,False
70,69935,,False
70,69938,,False
70,69942,,False
70,69972,,False
70,69978,,False
70,69983,,False
70,69986,,False
70,69988,,False
70,69996,,False
70,70088,,False
70,70093,,False
70,70095,,False
70,70098,,False
70,70106,,False
70,70107,,False
70,70114,,False
70,70118,,False
70,70132,,False
70,70138,,False
70,70139,,False
70,70143,,False
70,70152,,False
70,70159,,False
70,70161,,False
70,70168,,False
70,70175,,False
70,70192,,False
70,70203,,False
70,70246,,False
70,70248,,False
70,70259,,False
70,70265,,False
70,70269,,False
70,70273,,False
70,70281,,False
70,70283,,False
70,70286,,False
70,70287,,False
70,70293,,False
70,70295,,False
70,70298,,False
70,70305,,False
70,70314,,False
70,70317,,False
70,70325,,False
70,70343,,False
70,70359,,False
70,70360,,False
70,70361,,False
70,70364,,False
70,70370,,False
70,70381,,False
70,70382,,False
70,70404,,False
70,70425,,False
70,70439,,False
70,70449,,False
70,70451,,False
70,70460,,False
70,70472,,False
70,70478,,False
70,70480,,False
70,70481,,False
70,70490,,False
70,70495,,False
70,70500,,False
70,70506,,False
70,70527,,False
70,70530,,False
70,70531,,False
70,70545,,False
70,70546,,False
70,70553,,False
70,70559,,False
70,70562,,False
70,70565,,False
70,70576,,False
70,70586,,False
70,70592,,False
70,70596,,False
70,70599,,False
70,70603,,False
70,70615,,False
70,70619,,False
70,70628,,False
70,70636,,False
70,70646,,False
70,70648,,False
70,70656,,False
70,70658,,False
70,70676,,False
70,70680,,False
70,70692,,False
70,70711,,False
70,70716,,False
70,70721,,False
70,70733,,False
70,70742,,False
70,70749,,False
70,70753,,False
70,70760,,False
70,70761,,False
70,70779,,False
70,70782,,False
70,70785,,False
70,70786,,False
70,70794,,False
70,70797,,False
70,70798,,False
70,70803,,False
70,70810,,False
70,70825,,False
70,70831,,False
70,70834,,False
70,70835,,False
70,70841,,False
70,70846,,False
70,70853,,False
70,70859,,False
70,70874,,False
70,70899,,False
70,70905,,False
70,70921,,False
70,70927,,False
70,70933,,False
70,70938,,False
70,70943,,False
70,70945,,False
70,70946,,False
70,70951,,False
70,70952,,False
70,70954,,False
70,70956,,False
70,70964,,False
70,70965,,False
70,70978,,False
70,70983,,False
70,70988,,False
70,70989,,False
70,70992,,False
70,71000,,False
70,71009,,False
70,71018,,False
70,71021,,False
70,71028,,False
70,71037,,False
70,71046,,False
70,71064,,False
70,71067,,False
70,71078,,False
70,71085,,False
70,71105,,False
70,71118,,False
70,71129,,False
70,71140,,False
70,71144,,False
70,71151,,False
70,71158,,False
70,71165,,False
70,71173,,False
70,71177,,False
70,71186,,False
70,71192,,False
70,71203,,False
70,71221,,False
70,71228,,False
70,71234,,False
70,71237,,False
70,71241,,False
70,71244,,False
70,71255,,False
70,71264,,False
70,71276,,False
70,71281,,False
70,71290,,False
70,71291,,False
70,71297,,False
70,71318,,False
70,71323,,False
70,71324,,False
70,71327,,False
70,71333,,False
70,71336,,False
70,71340,,False
70,71342,,False
70,71345,,False
70,71361,,False
70,71367,,False
70,71375,,False
70,71380,,False
70,71387,,False
70,71388,,False
70,71398,,False
70,71418,,False
70,71440,,False
70,71441,,False
70,71442,,False
70,71451,,False
70,71454,,False
70,71469,,False
70,71490,,False
70,71497,,False
70,71509,,False
70,71517,,False
70,71535,,False
70,71545,,False
70,71547,,False
70,71549,,False
70,71559,,False
70,71563,,False
70,71571,,False
70,71579,,False
70,71584,,False
70,71611,,False
70,71613,,False
70,71617,,False
70,71622,,False
70,71627,,False
70,71633,,False
70,71639,,False
70,71658,,False
70,71659,,False
70,71660,,False
70,71672,,False
70,71676,,False
70,71679,,False
70,71680,,False
70,71681,,False
70,71683,,False
70,71688,,False
70,71692,,False
70,71697,,False
70,71702,,False
70,71703,,False
70,71724,,False
70,71738,,False
70,71744,,False
70,71749,,False
70,71753,,False
70,71763,,False
70,71773,,False
70,71782,,False
70,71790,,False
70,71796,,False
70,71799,,False
70,71800,,False
70,71809,,False
70,71815,,False
70,71847,,False
70,71849,,False
70,71850,,False
70,71893,,False
70,71895,,False
70,71897,,False
70,71903,,False
70,71905,,False
70,71907,,False
70,71909,,False
70,71919,,False
70,71921,,False
70,71927,,False
70,71933,,False
70,71934,,False
70,71936,,False
70,71939,,False
70,71947,,False
70,71949,,False
70,71952,,False
70,71954,,False
70,71966,,False
70,71971,,False
70,71978,,False
70,71979,,False
70,71990,,False
70,72006,,False
70,72012,,False
70,72015,,False
70,72018,,False
70,72020,,False
70,72035,,False
70,72036,,False
70,72042,,False
70,72046,,False
70,72053,,False
70,72070,,False
70,72075,,False
70,72083,,False
70,72088,,False
70,72089,,False
70,72097,,False
70,72107,,False
70,72115,,False
70,72122,,False
70,72131,,False
70,72135,,False
70,72143,,False
70,72158,,False
70,72163,,False
70,72164,,False
70,72173,,False
70,72174,,False
70,72192,,False
70,72214,,False
70,72215,,False
70,72218,,False
70,72220,,False
70,72227,,False
70,72230,,False
70,72234,,False
70,72238,,False
70,72255,,False
70,72304,,False
70,72311,,False
70,72331,,False
70,72335,,False
70,72339,,False
70,72348,,False
70,72354,,False
70,72365,,False
70,72375,,False
70,72389,,False
70,72391,,False
70,72392,,False
70,72402,,False
70,72409,,False
70,72411,,False
70,72418,,False
70,72437,,False
70,72439,,False
70,72453,,False
70,72467,,False
70,72470,,False
70,72475,,False
70,72478,,False
70,72487,,False
70,72493,,False
70,72496,,False
70,72499,,False
70,72501,,False
70,72515,,False
70,72536,,False
70,72538,,False
70,72552,,False
70,72588,,False
70,72599,,False
70,72603,,False
70,72608,,False
70,72617,,False
70,72621,,False
70,72624,,False
70,72649,,False
70,72652,,False
70,72657,,False
70,72667,,False
70,72671,,False
70,72675,,False
70,72686,,False
70,72690,,False
70,72695,,False
70,72697,,False
70,72704,,False
70,72707,,False
70,72711,,False
70,72721,,False
70,72722,,False
70,72740,,False
70,72743,,False
70,72748,,False
70,72757,,False
70,72762,,False
70,72770,,False
70,72794,,False
70,72795,,False
70,72796,,False
70,72815,,False
70,72817,,False
70,72826,,False
70,72828,,False
70,72836,,False
70,72851,,False
70,72857,,False
70,72888,,False
70,72889,,False
70,72900,,False
70,72905,,False
70,72910,,False
70,72911,,False
70,72913,,False
70,72929,,False
70,72934,,False
70,72939,,False
70,72951,,False
70,72963,,False
70,72972,,False
70,72977,,False
70,72980,,False
70,72983,,False
70,72993,,False
70,72999,,False
70,73002,,False
70,73020,,False
70,73030,,False
70,73033,,False
70,73050,,False
70,73053,,False
70,73054,,False
70,73057,,False
70,73076,,False
70,73082,,False
70,73112,,False
70,73114,,False
70,73116,,False
70,73117,,False
70,73120,,False
70,73123,,False
70,73125,,False
70,73131,,False
70,73141,,False
70,73148,,False
70,73152,,False
70,73153,,False
70,73157,,False
70,73164,,False
70,73170,,False
70,73173,,False
70,73174,,False
70,73184,,False
70,73187,,False
70,73202,,False
70,73203,,False
70,73205,,False
70,73211,,False
70,73214,,False
70,73217,,False
70,73220,,False
70,73228,,False
70,73230,,False
70,73238,,False
70,73242,,False
70,73247,,False
70,73249,,False
70,73250,,False
70,73252,,False
70,73258,,False
70,73272,,False
70,73277,,False
70,73289,,False
70,73291,,False
70,73298,,False
70,73305,,False
70,73307,,False
70,73321,,False
70,73331,,False
70,73336,,False
70,73337,,False
70,73357,,False
70,73363,,False
70,73365,,False
70,73376,,False
70,73377,,False
70,73383,,False
70,73389,,False
70,73392,,False
70,73394,,False
70,73396,,False
70,73407,,False
70,73414,,False
70,73418,,False
70,73420,,False
70,73427,,False
70,73437,,False
70,73451,,False
70,73462,,False
70,73483,,False
70,73491,,False
70,73494,,False
70,73496,,False
70,73502,,False
70,73505,,False
70,73510,,False
70,73513,,False
70,73517,,False
70,73519,,False
70,73524,,False
70,73532,,False
70,73534,,False
70,73545,,False
70,73549,,False
70,73552,,False
70,73561,,False
70,73567,,False
70,73574,,False
70,73583,,False
70,73591,,False
70,73599,,False
70,73609,,False
70,73611,,False
70,73614,,False
70,73616,,False
70,73618,,False
70,73635,,False
70,73642,,False
70,73648,,False
70,73651,,False
70,73657,,False
70,73665,,False
70,73687,,False
70,73692,,False
70,73709,,False
70,73738,,False
70,73757,,False
70,73765,,False
70,73767,,False
70,73768,,False
70,73771,,False
70,73772,,False
70,73775,,False
70,73778,,False
70,73779,,False
70,73780,,False
70,73789,,False
70,73802,,False
70,73804,,False
70,73813,,False
70,73819,,False
70,73820,,False
70,73846,,False
70,73853,,False
70,73867,,False
70,73868,,False
70,73877,,False
70,73893,,False
70,73904,,False
70,73911,,False
70,73925,,False
70,73937,,False
70,73943,,False
70,73946,,False
70,73947,,False
70,73954,,False
70,73962,,False
70,73975,,False
70,73978,,False
70,73983,,False
70,73992,,False
70,74003,,False
70,74006,,False
70,74009,,False
70,74028,,False
70,74029,,False
70,74039,,False
70,74041,,False
70,74045,,False
70,74051,,False
70,74056,,False
70,74061,,False
70,74069,,False
70,74070,,False
70,74072,,False
70,74074,,False
70,74087,,False
70,74102,,False
70,74123,,False
70,74138,,False
70,74152,,False
70,74154,,False
70,74156,,False
70,74160,,False
70,74166,,False
70,74167,,False
70,74170,,False
70,74171,,False
70,74175,,False
70,74180,,False
70,74194,,False
70,74196,,False
70,74203,,False
70,74204,,False
70,74213,,False
70,74215,,False
70,74218,,False
70,74220,,False
70,74222,,False
70,74243,,False
70,74252,,False
70,74270,,False
70,74275,,False
70,74279,,False
70,74283,,False
70,74285,,False
70,74295,,False
70,74304,,False
70,74307,,False
70,74309,,False
70,74314,,False
70,74318,,False
70,74322,,False
70,74323,,False
70,74330,,False
70,74340,,False
70,74343,,False
70,74348,,False
70,74358,,False
70,74362,,False
70,74376,,False
70,74379,,False
70,74382,,False
70,74387,,False
70,74400,,False
70,74419,,False
70,74421,,False
70,74424,,False
70,74450,,False
70,74466,,False
70,74487,,False
70,74493,,False
70,74497,,False
70,74504,,False
70,74513,,False
70,74522,,False
70,74535,,False
70,74541,,False
70,74544,,False
70,74546,,False
70,74553,,False
70,74554,,False
70,74555,,False
70,74556,,False
70,74558,,False
70,74569,,False
70,74582,,False
70,74587,,False
70,74588,,False
70,74596,,False
70,74598,,False
70,74600,,False
70,74603,,False
70,74604,,False
70,74615,,False
70,74618,,False
70,74628,,False
70,74639,,False
70,74678,,False
70,74685,,False
70,74704,,False
70,74709,,False
70,74712,,False
70,74715,,False
70,74727,,False
70,74735,,False
70,74736,,False
70,74751,,False
70,74752,,False
70,74757,,False
70,74763,,False
70,74769,,False
70,74774,,False
70,74775,,False
70,74783,,False
70,74801,,False
70,74802,,False
70,74804,,False
70,74807,,False
70,74817,,False
70,74820,,False
70,74824,,False
70,74827,,False
70,74846,,False
70,74853,,False
70,74866,,False
70,74867,,False
70,74868,,False
70,74871,,False
70,74886,,False
70,74887,,False
70,74896,,False
70,74906,,False
70,74907,,False
70,74912,,False
70,74914,,False
70,74916,,False
70,74925,,False
70,74936,,False
70,74950,,False
70,74956,,False
70,74965,,False
70,74997,,False
70,75008,,False
70,75019,,False
70,75020,,False
70,75028,,False
70,75031,,False
70,75033,,False
70,75066,,False
70,75081,,False
70,75082,,False
70,75109,,False
70,75111,,False
70,75123,,False
70,75126,,False
70,75149,,False
70,75151,,False
70,75159,,False
70,75165,,False
70,75180,,False
70,75189,,False
70,75190,,False
70,75191,,False
70,75207,,False
70,75226,,False
70,75236,,False
70,75243,,False
70,75244,,False
70,75247,,False
70,75258,,False
70,75262,,False
70,75265,,False
70,75273,,False
70,75274,,False
70,75279,,False
70,75282,,False
70,75289,,False
70,75290,,False
70,75318,,False
70,75331,,False
70,75342,,False
70,75345,,False
70,75350,,False
70,75354,,False
70,75359,,False
70,75363,,False
70,75376,,False
70,75380,,False
70,75381,,False
70,75384,,False
70,75390,,False
70,75392,,False
70,75398,,False
70,75406,,False
70,75420,,False
70,75434,,False
70,75440,,False
70,75441,,False
70,75443,,False
70,75461,,False
70,75464,,False
70,75466,,False
70,75476,,False
70,75487,,False
70,75490,,False
70,75495,,False
70,75501,,False
70,75509,,False
70,75518,,False
70,75530,,False
70,75541,,False
70,75551,,False
70,75558,,False
70,75563,,False
70,75574,,False
70,75577,,False
70,75579,,False
70,75590,,False
70,75595,,False
70,75607,,False
70,75608,,False
70,75610,,False
70,75611,,False
70,75627,,False
70,75629,,False
70,75633,,False
70,75642,,False
70,75647,,False
70,75662,,False
70,75669,,False
70,75702,,False
70,75710,,False
70,75716,,False
70,75723,,False
70,75726,,False
70,75732,,False
70,75738,,False
70,75739,,False
70,75741,,False
70,75742,,False
70,75759,,False
70,75761,,False
70,75764,,False
70,75767,,False
70,75791,,False
70,75800,,False
70,75815,,False
70,75821,,False
70,75824,,False
70,75832,,False
70,75834,,False
70,75837,,False
70,75838,,False
70,75841,,False
70,75846,,False
70,75852,,False
70,75853,,False
70,75864,,False
70,75865,,False
70,75866,,False
70,75868,,False
70,75869,,False
70,75872,,False
70,75876,,False
70,75885,,False
70,75890,,False
70,75891,,False
70,75901,,False
70,75907,,False
70,75909,,False
70,75914,,False
70,75919,,False
70,75925,,False
70,75936,,False
70,75939,,False
70,75945,,False
70,75955,,False
70,75967,,False
70,75975,,False
70,75977,,False
70,75994,,False
70,76006,,False
70,76008,,False
70,76015,,False
70,76033,,False
70,76036,,False
70,76055,,False
70,76060,,False
70,76062,,False
70,76072,,False
70,76074,,False
70,76079,,False
70,76082,,False
70,76083,,False
70,76089,,False
70,76096,,False
70,76099,,False
70,76115,,False
70,76119,,False
70,76121,,False
70,76134,,False
70,76165,,False
70,76168,,False
70,76176,,False
70,76189,,False
70,76194,,False
70,76215,,False
70,76225,,False
70,76229,,False
70,76230,,False
70,76232,,False
70,76243,,False
70,76245,,False
70,76249,,False
70,76253,,False
70,76264,,False
70,76275,,False
70,76277,,False
70,76279,,False
70,76281,,False
70,76290,,False
70,76299,,False
70,76303,,False
70,76305,,False
70,76309,,False
70,76316,,False
70,76320,,False
70,76326,,False
70,76333,,False
70,76336,,False
70,76342,,False
70,76345,,False
70,76347,,False
70,76348,,False
70,76351,,False
70,76352,,False
70,76364,,False
70,76369,,False
70,76373,,False
70,76376,,False
70,76386,,False
70,76388,,False
70,76398,,False
70,76402,,False
70,76415,,False
70,76422,,False
70,76438,,False
70,76444,,False
70,76446,,False
70,76449,,False
70,76453,,False
70,76462,,False
70,76474,,False
70,76492,,False
70,76494,,False
70,76499,,False
70,76505,,False
70,76507,,False
70,76509,,False
70,76522,,False
70,76525,,False
70,76535,,False
70,76545,,False
70,76568,,False
70,76570,,False
70,76577,,False
70,76589,,False
70,76621,,False
70,76626,,False
70,76628,,False
70,76631,,False
70,76642,,False
70,76671,,False
70,76677,,False
70,76683,,False
70,76686,,False
70,76688,,False
70,76700,,False
70,76708,,False
70,76710,,False
70,76716,,False
70,76722,,False
70,76727,,False
70,76739,,False
70,76747,,False
70,76752,,False
70,76771,,False
70,76772,,False
70,76773,,False
70,76778,,False
70,76793,,False
70,76795,,False
70,76803,,False
70,76806,,False
70,76815,,False
70,76818,,False
70,76827,,False
70,76832,,False
70,76834,,False
70,76840,,False
70,76841,,False
70,76843,,False
70,76847,,False
70,76849,,False
70,76855,,False
70,76874,,False
70,76881,,False
70,76887,,False
70,76890,,False
70,76900,,False
70,76908,,False
70,76911,,False
70,76943,,False
70,76957,,False
70,76960,,False
70,76969,,False
70,76981,,False
70,76985,,False
70,76989,,False
70,76997,,False
70,77007,,False
70,77017,,False
70,77025,,False
70,77026,,False
70,77030,,False
70,77043,,False
70,77044,,False
70,77066,,False
70,77080,,False
70,77087,,False
70,77102,,False
70,77109,,False
70,77137,,False
70,77142,,False
70,77148,,False
70,77152,,False
70,77169,,False
70,77184,,False
70,77201,,False
70,77208,,False
70,77215,,False
70,77222,,False
70,77224,,False
70,77231,,False
70,77233,,False
70,77236,,False
70,77244,,False
70,77247,,False
70,77257,,False
70,77265,,False
70,77276,,False
70,77291,,False
70,77309,,False
70,77311,,False
70,77312,,False
70,77317,,False
70,77325,,False
70,77335,,False
70,77339,,False
70,77358,,False
70,77387,,False
70,77395,,False
70,77398,,False
70,77418,,False
70,77422,,False
70,77429,,False
70,77430,,False
70,77446,,False
70,77450,,False
70,77484,,False
70,77489,,False
70,77493,,False
70,77497,,False
70,77526,,False
70,77528,,False
70,77538,,False
70,77545,,False
70,77551,,False
70,77554,,False
70,77565,,False
70,77567,,False
70,77574,,False
70,77584,,False
70,77613,,False
70,77615,,False
70,77616,,False
70,77619,,False
70,77630,,False
70,77658,,False
70,77661,,False
70,77674,,False
70,77675,,False
70,77683,,False
70,77705,,False
70,77716,,False
70,77734,,False
70,77739,,False
70,77746,,False
70,77752,,False
70,77753,,False
70,77758,,False
70,77766,,False
70,77771,,False
70,77774,,False
70,77776,,False
70,77783,,False
70,77800,,False
70,77806,,False
70,77813,,False
70,77814,,False
70,77816,,False
70,77824,,False
70,77828,,False
70,77833,,False
70,77835,,False
70,77849,,False
70,77850,,False
70,77864,,False
70,77868,,False
70,77878,,False
70,77880,,False
70,77893,,False
70,77894,,False
70,77903,,False
70,77919,,False
70,77925,,False
70,77926,,False
70,77930,,False
70,77931,,False
70,77948,,False
70,77953,,False
70,77960,,False
70,77962,,False
70,77977,,False
70,77982,,False
70,77986,,False
70,78002,,False
70,78011,,False
70,78017,,False
70,78020,,False
70,78036,,False
70,78039,,False
70,78042,,False
70,78050,,False
70,78061,,False
70,78072,,False
70,78090,,False
70,78091,,False
70,78112,,False
70,78116,,False
70,78131,,False
70,78143,,False
70,78150,,False
70,78167,,False
70,78168,,False
70,78176,,False
70,78192,,False
70,78203,,False
70,78219,,False
70,78234,,False
70,78236,,False
70,78237,,False
70,78250,,False
70,78256,,False
70,78261,,False
70,78270,,False
70,78303,,False
70,78304,,False
70,78310,,False
70,78311,,False
70,78313,,False
70,78330,,False
70,78337,,False
70,78350,,False
70,78353,,False
70,78367,,False
70,78376,,False
70,78421,,False
70,78423,,False
70,78426,,False
70,78442,,False
70,78453,,False
70,78476,,False
70,78495,,False
70,78509,,False
70,78532,,False
70,78536,,False
70,78547,,False
70,78551,,False
70,78564,,False
70,78579,,False
70,78587,,False
70,78614,,False
70,78616,,False
70,78619,,False
70,78627,,False
70,78631,,False
70,78667,,False
70,78675,,False
70,78681,,False
70,78694,,False
70,78703,,False
70,78720,,False
70,78733,,False
70,78739,,False
70,78746,,False
70,78755,,False
70,78768,,False
70,78774,,False
70,78785,,False
70,78800,,False
70,78803,,False
70,78810,,False
70,78816,,False
70,78821,,False
70,78849,,False
70,78851,,False
70,78874,,False
70,78878,,False
70,78880,,False
70,78890,,False
70,78892,,False
70,78900,,False
70,78907,,False
70,78911,,False
70,78917,,False
70,78918,,False
70,78953,,False
70,78962,,False
70,78973,,False
70,78983,,False
70,78987,,False
70,78992,,False
70,79003,,False
70,79023,,False
70,79029,,False
70,79031,,False
70,79034,,False
70,79039,,False
70,79048,,False
70,79052,,False
70,79063,,False
70,79070,,False
70,79073,,False
70,79081,,False
70,79097,,False
70,79103,,False
70,79108,,False
70,79111,,False
70,79116,,False
70,79119,,False
70,79142,,False
70,79148,,False
70,79163,,False
70,79170,,False
70,79179,,False
70,79180,,False
70,79181,,False
70,79189,,False
70,79191,,False
70,79194,,False
70,79203,,False
70,79210,,False
70,79218,,False
70,79228,,False
70,79234,,False
70,79235,,False
70,79242,,False
70,79246,,False
70,79255,,False
70,79261,,False
70,79272,,False
70,79273,,False
70,79275,,False
70,79278,,False
70,79280,,False
70,79315,,False
70,79317,,False
70,79321,,False
70,79325,,False
70,79330,,False
70,79336,,False
70,79340,,False
70,79341,,False
70,79353,,False
70,79358,,False
70,79359,,False
70,79370,,False
70,79372,,False
70,79373,,False
70,79376,,False
70,79389,,False
70,79400,,False
70,79406,,False
70,79407,,False
70,79419,,False
70,79423,,False
70,79431,,False
70,79434,,False
70,79438,,False
70,79456,,False
70,79459,,False
70,79484,,False
70,79487,,False
70,79488,,False
70,79503,,False
70,79505,,False
70,79506,,False
70,79507,,False
70,79509,,False
70,79529,,False
70,79540,,False
70,79545,,False
70,79565,,False
70,79572,,False
70,79584,,False
70,79586,,False
70,79588,,False
70,79606,,False
70,79608,,False
70,79629,,False
70,79655,,False
70,79657,,False
70,79665,,False
70,79667,,False
70,79677,,False
70,79683,,False
70,79685,,False
70,79709,,False
70,79712,,False
70,79713,,False
70,79733,,False
70,79736,,False
70,79741,,False
70,79746,,False
70,79747,,False
70,79754,,False
70,79755,,False
70,79758,,False
70,79797,,False
70,79798,,False
70,79830,,False
70,79831,,False
70,79841,,False
70,79847,,False
70,79857,,False
70,79859,,False
70,79871,,False
70,79877,,False
70,79878,,False
70,79881,,False
70,79893,,False
70,79906,,False
70,79907,,False
70,79909,,False
70,79914,,False
70,79918,,False
70,79923,,False
70,79926,,False
70,79930,,False
70,79940,,False
70,79942,,False
70,79953,,False
70,79959,,False
70,79964,,False
70,79968,,False
70,79970,,False
70,79972,,False
70,80000,,False
70,80013,,False
70,80029,,False
70,80034,,False
70,80042,,False
70,80047,,False
70,80072,,False
70,80074,,False
70,80077,,False
70,80078,,False
70,80091,,False
70,80095,,False
70,80099,,False
70,80113,,False
70,80114,,False
70,80140,,False
70,80144,,False
70,80147,,False
70,80160,,False
70,80164,,False
70,80167,,False
70,80190,,False
70,80193,,False
70,80202,,False
70,80204,,False
70,80206,,False
70,80207,,False
70,80214,,False
70,80220,,False
70,80221,,False
70,80224,,False
70,80225,,False
70,80249,,False
70,80260,,False
70,80279,,False
70,80285,,False
70,80302,,False
70,80326,,False
70,80328,,False
70,80337,,False
70,80356,,False
70,80374,,False
70,80403,,False
70,80405,,False
70,80406,,False
70,80407,,False
70,80413,,False
70,80422,,False
70,80428,,False
70,80433,,False
70,80435,,False
70,80447,,False
70,80448,,False
70,80450,,False
70,80451,,False
70,80453,,False
70,80454,,False
70,80462,,False
70,80468,,False
70,80472,,False
70,80478,,False
70,80483,,False
70,80493,,False
70,80509,,False
70,80527,,False
70,80532,,False
70,80538,,False
70,80553,,False
70,80562,,False
70,80583,,False
70,80592,,False
70,80600,,False
70,80615,,False
70,80617,,False
70,80640,,False
70,80648,,False
70,80657,,False
70,80659,,False
70,80666,,False
70,80668,,False
70,80669,,False
70,80670,,False
70,80678,,False
70,80691,,False
70,80705,,False
70,80716,,False
70,80720,,False
70,80728,,False
70,80732,,False
70,80742,,False
70,80748,,False
70,80750,,False
70,80758,,False
70,80767,,False
70,80769,,False
70,80805,,False
70,80806,,False
70,80811,,False
70,80820,,False
70,80829,,False
70,80831,,False
70,80837,,False
70,80843,,False
70,80846,,False
70,80850,,False
70,80855,,False
70,80860,,False
70,80878,,False
70,80884,,False
70,80896,,False
70,80900,,False
70,80902,,False
70,80903,,False
70,80908,,False
70,80913,,False
70,80914,,False
70,80916,,False
70,80917,,False
70,80923,,False
70,80928,,False
70,80934,,False
70,80943,,False
70,80947,,False
70,80951,,False
70,80955,,False
70,80962,,False
70,80969,,False
70,80979,,False
70,80982,,False
70,80989,,False
70,80993,,False
70,80994,,False
70,81007,,False
70,81011,,False
70,81016,,False
70,81018,,False
70,81024,,False
70,81034,,False
70,81038,,False
70,81041,,False
70,81048,,False
70,81062,,False
70,81065,,False
70,81079,,False
70,81080,,False
70,81093,,False
70,81101,,False
70,81103,,False
70,81119,,False
70,81134,,False
70,81137,,False
70,81141,,False
70,81144,,False
70,81146,,False
70,81157,,False
70,81160,,False
70,81162,,False
70,81177,,False
70,81185,,False
70,81187,,False
70,81189,,False
70,81197,,False
70,81216,,False
70,81232,,False
70,81239,,False
70,81248,,False
70,81252,,False
70,81258,,False
70,81264,,False
70,81269,,False
70,81277,,False
70,81278,,False
70,81281,,False
70,81283,,False
70,81284,,False
70,81285,,False
70,81288,,False
70,81303,,False
70,81306,,False
70,81311,,False
70,81312,,False
70,81323,,False
70,81328,,False
70,81345,,False
70,81347,,False
70,81361,,False
70,81363,,False
70,81370,,False
70,81378,,False
70,81379,,False
70,81380,,False
70,81387,,False
70,81411,,False
70,81416,,False
70,81417,,False
70,81418,,False
70,81420,,False
70,81435,,False
70,81436,,False
70,81442,,False
70,81453,,False
70,81454,,False
70,81463,,False
70,81467,,False
70,81474,,False
70,81480,,False
70,81482,,False
70,81493,,False
70,81495,,False
70,81501,,False
70,81511,,False
70,81533,,False
70,81537,,False
70,81542,,False
70,81558,,False
70,81575,,False
70,81580,,False
70,81582,,False
70,81586,,False
70,81595,,False
70,81601,,False
70,81629,,False
70,81636,,False
70,81639,,False
70,81642,,False
70,81645,,False
70,81653,,False
70,81655,,False
70,81656,,False
70,81657,,False
70,81661,,False
70,81668,,False
70,81671,,False
70,81701,,False
70,81703,,False
70,81705,,False
70,81706,,False
70,81719,,False
70,81721,,False
70,81738,,False
70,81740,,False
70,81746,,False
70,81751,,False
70,81758,,False
70,81775,,False
70,81779,,False
70,81780,,False
70,81786,,False
70,81799,,False
70,81801,,False
70,81811,,False
70,81820,,False
70,81822,,False
70,81826,,False
70,81828,,False
70,81836,,False
70,81837,,False
70,81845,,False
70,81850,,False
70,81855,,False
70,81856,,False
70,81877,,False
70,81881,,False
70,81889,,False
70,81894,,False
70,81895,,False
70,81898,,False
70,81899,,False
70,81904,,False
70,81910,,False
70,81917,,False
70,81943,,False
70,81954,,False
70,81958,,False
70,81983,,False
70,81992,,False
70,82001,,False
70,82009,,False
70,82014,,False
70,82021,,False
70,82028,,False
70,82035,,False
70,82056,,False
70,82057,,False
70,82066,,False
70,82068,,False
70,82069,,False
70,82070,,False
70,82080,,False
70,82092,,False
70,82103,,False
70,82108,,False
70,82126,,False
70,82148,,False
70,82150,,False
70,82155,,False
70,82160,,False
70,82175,,False
70,82182,,False
70,82189,,False
70,82192,,False
70,82195,,False
70,82201,,False
70,82208,,False
70,82212,,False
70,82229,,False
70,82240,,False
70,82245,,False
70,82246,,False
70,82251,,False
70,82260,,False
70,82273,,False
70,82284,,False
70,82305,,False
70,82309,,False
70,82329,,False
70,82331,,False
70,82342,,False
70,82344,,False
70,82348,,False
70,82352,,False
70,82353,,False
70,82358,,False
70,82362,,False
70,82384,,False
70,82387,,False
70,82391,,False
70,82395,,False
70,82403,,False
70,82411,,False
70,82419,,False
70,82422,,False
70,82440,,False
70,82442,,False
70,82448,,False
70,82456,,False
70,82462,,False
70,82470,,False
70,82471,,False
70,82476,,False
70,82491,,False
70,82494,,False
70,82522,,False
70,82524,,False
70,82530,,False
70,82534,,False
70,82542,,False
70,82544,,False
70,82558,,False
70,82559,,False
70,82570,,False
70,82572,,False
70,82581,,False
70,82583,,False
70,82584,,False
70,82591,,False
70,82596,,False
70,82599,,False
70,82600,,False
70,82613,,False
70,82642,,False
70,82645,,False
70,82651,,False
70,82672,,False
70,82681,,False
70,82684,,False
70,82687,,False
70,82689,,False
70,82701,,False
70,82702,,False
70,82710,,False
70,82715,,False
70,82730,,False
70,82743,,False
70,82753,,False
70,82758,,False
70,82761,,False
70,82764,,False
70,82775,,False
70,82794,,False
70,82799,,False
70,82800,,False
70,82819,,False
70,82821,,False
70,82822,,False
70,82829,,False
70,82830,,False
70,82834,,False
70,82841,,False
70,82850,,False
70,82860,,False
70,82865,,False
70,82867,,False
70,82876,,False
70,82883,,False
70,82893,,False
70,82901,,False
70,82910,,False
70,82912,,False
70,82915,,False
70,82919,,False
70,82926,,False
70,82933,,False
70,82934,,False
70,82943,,False
70,82959,,False
70,82966,,False
70,82967,,False
70,82974,,False
70,82977,,False
70,82992,,False
70,82993,,False
70,82998,,False
70,83001,,False
70,83005,,False
70,83009,,False
70,83011,,False
70,83012,,False
70,83016,,False
70,83020,,False
70,83021,,False
70,83025,,False
70,83028,,False
70,83042,,False
70,83053,,False
70,83067,,False
70,83075,,False
70,83080,,False
70,83102,,False
70,83112,,False
70,83132,,False
70,83135,,False
70,83138,,False
70,83149,,False
70,83151,,False
70,83155,,False
70,83160,,False
70,83172,,False
70,83185,,False
70,83196,,False
70,83207,,False
70,83212,,False
70,83223,,False
70,83231,,False
70,83239,,False
70,83244,,False
70,83248,,False
70,83251,,False
70,83253,,False
70,83254,,False
70,83255,,False
70,83256,,False
70,83257,,False
70,83259,,False
70,83272,,False
70,83287,,False
70,83290,,False
70,83302,,False
70,83309,,False
70,83313,,False
70,83316,,False
70,83317,,False
70,83350,,False
70,83351,,False
70,83364,,False
70,83365,,False
70,83383,,False
70,83410,,False
70,83411,,False
70,83417,,False
70,83419,,False
70,83421,,False
70,83434,,False
70,83437,,False
70,83438,,False
70,83451,,False
70,83453,,False
70,83458,,False
70,83468,,False
70,83472,,False
70,83492,,False
70,83499,,False
70,83502,,False
70,83505,,False
70,83508,,False
70,83511,,False
70,83520,,False
70,83546,,False
70,83552,,False
70,83555,,False
70,83556,,False
70,83558,,False
70,83565,,False
70,83566,,False
70,83576,,False
70,83581,,False
70,83599,,False
70,83606,,False
70,83615,,False
70,83629,,False
70,83633,,False
70,83647,,False
70,83650,,False
70,83664,,False
70,83672,,False
70,83712,,False
70,83725,,False
70,83738,,False
70,83744,,False
70,83753,,False
70,83755,,False
70,83756,,False
70,83757,,False
70,83768,,False
70,83780,,False
70,83793,,False
70,83800,,False
70,83808,,False
70,83811,,False
70,83822,,False
70,83824,,False
70,83828,,False
70,83839,,False
70,83840,,False
70,83845,,False
70,83849,,False
70,83861,,False
70,83876,,False
70,83879,,False
70,83880,,False
70,83885,,False
70,83886,,False
70,83889,,False
70,83893,,False
70,83902,,False
70,83906,,False
70,83912,,False
70,83931,,False
70,83938,,False
70,83945,,False
70,83958,,False
70,83959,,False
70,83960,,False
70,83963,,False
70,83971,,False
70,83980,,False
70,83984,,False
70,83985,,False
70,83995,,False
70,83996,,False
70,84004,,False
70,84025,,False
70,84041,,False
70,84045,,False
70,84048,,False
70,84051,,False
70,84052,,False
70,84053,,False
70,84064,,False
70,84066,,False
70,84071,,False
70,84075,,False
70,84079,,False
70,84085,,False
70,84087,,False
70,84089,,False
70,84092,,False
70,84114,,False
70,84156,,False
70,84160,,False
70,84161,,False
70,84162,,False
70,84170,,False
70,84171,,False
70,84172,,False
70,84184,,False
70,84195,,False
70,84198,,False
70,84199,,False
70,84202,,False
70,84208,,False
70,84210,,False
70,84219,,False
70,84234,,False
70,84236,,False
70,84240,,False
70,84246,,False
70,84252,,False
70,84267,,False
70,84271,,False
70,84281,,False
70,84293,,False
70,84301,,False
70,84305,,False
70,84308,,False
70,84327,,False
70,84333,,False
70,84336,,False
70,84348,,False
70,84363,,False
70,84372,,False
70,84374,,False
70,84376,,False
70,84379,,False
70,84384,,False
70,84388,,False
70,84395,,False
70,84415,,False
70,84428,,False
70,84451,,False
70,84453,,False
70,84460,,False
70,84485,,False
70,84491,,False
70,84494,,False
70,84504,,False
70,84516,,False
70,84521,,False
70,84533,,False
70,84554,,False
70,84561,,False
70,84566,,False
70,84571,,False
70,84573,,False
70,84589,,False
70,84590,,False
70,84594,,False
70,84595,,False
70,84599,,False
70,84609,,False
70,84617,,False
70,84621,,False
70,84635,,False
70,84637,,False
70,84643,,False
70,84644,,False
70,84650,,False
70,84660,,False
70,84663,,False
70,84664,,False
70,84666,,False
70,84682,,False
70,84685,,False
70,84686,,False
70,84688,,False
70,84696,,False
70,84705,,False
70,84715,,False
70,84722,,False
70,84731,,False
70,84741,,False
70,84753,,False
70,84755,,False
70,84756,,False
70,84761,,False
70,84766,,False
70,84772,,False
70,84784,,False
70,84789,,False
70,84804,,False
70,84809,,False
70,84813,,False
70,84820,,False
70,84823,,False
70,84836,,False
70,84841,,False
70,84854,,False
70,84857,,False
70,84866,,False
70,84872,,False
70,84890,,False
70,84891,,False
70,84895,,False
70,84897,,False
70,84910,,False
70,84923,,False
70,84932,,False
70,84939,,False
70,84940,,False
70,84942,,False
70,84961,,False
70,84977,,False
70,84978,,False
70,84983,,False
70,84985,,False
70,84992,,False
70,84998,,False
70,85020,,False
70,85023,,False
70,85029,,False
70,85033,,False
70,85035,,False
70,85037,,False
70,85051,,False
70,85058,,False
70,85069,,False
70,85072,,False
70,85080,,False
70,85087,,False
70,85089,,False
70,85111,,False
70,85117,,False
70,85121,,False
70,85140,,False
70,85143,,False
70,85145,,False
70,85148,,False
70,85154,,False
70,85156,,False
70,85176,,False
70,85178,,False
70,85184,,False
70,85214,,False
70,85219,,False
70,85222,,False
70,85230,,False
70,85232,,False
70,85251,,False
70,85257,,False
70,85261,,False
70,85264,,False
70,85265,,False
70,85271,,False
70,85280,,False
70,85285,,False
70,85287,,False
70,85290,,False
70,85304,,False
70,85306,,False
70,85313,,False
70,85317,,False
70,85320,,False
70,85322,,False
70,85325,,False
70,85333,,False
70,85336,,False
70,85337,,False
70,85339,,False
70,85344,,False
70,85363,,False
70,85364,,False
70,85375,,False
70,85377,,False
70,85378,,False
70,85400,,False
70,85401,,False
70,85406,,False
70,85413,,False
70,85426,,False
70,85430,,False
70,85437,,False
70,85450,,False
70,85475,,False
70,85486,,False
70,85500,,False
70,85501,,False
70,85505,,False
70,85512,,False
70,85514,,False
70,85517,,False
70,85519,,False
70,85522,,False
70,85527,,False
70,85530,,False
70,85536,,False
70,85540,,False
70,85542,,False
70,85543,,False
70,85550,,False
70,85570,,False
70,85571,,False
70,85572,,False
70,85579,,False
70,85584,,False
70,85586,,False
70,85590,,False
70,85605,,False
70,85608,,False
70,85612,,False
70,85615,,False
70,85617,,False
70,85620,,False
70,85624,,False
70,85627,,False
70,85631,,False
70,85633,,False
70,85647,,False
70,85668,,False
70,85670,,False
70,85684,,False
70,85690,,False
70,85694,,False
70,85696,,False
70,85700,,False
70,85714,,False
70,85716,,False
70,85724,,False
70,85733,,False
70,85743,,False
70,85757,,False
70,85768,,False
70,85791,,False
70,85811,,False
70,85826,,False
70,85840,,False
70,85852,,False
70,85854,,False
70,85874,,False
70,85877,,False
70,85878,,False
70,85880,,False
70,85886,,False
70,85890,,False
70,85896,,False
70,85906,,False
70,85908,,False
70,85914,,False
70,85917,,False
70,85931,,False
70,85944,,False
70,85949,,False
70,85952,,False
70,85957,,False
70,85975,,False
70,85986,,False
70,85989,,False
70,85991,,False
70,85993,,False
70,86010,,False
70,86038,,False
70,86042,,False
70,86047,,False
70,86055,,False
70,86060,,False
70,86067,,False
70,86075,,False
70,86076,,False
70,86079,,False
70,86090,,False
70,86104,,False
70,86111,,False
70,86120,,False
70,86123,,False
70,86124,,False
70,86134,,False
70,86135,,False
70,86136,,False
70,86143,,False
70,86145,,False
70,86152,,False
70,86154,,False
70,86156,,False
70,86168,,False
70,86173,,False
70,86176,,False
70,86183,,False
70,86189,,False
70,86197,,False
70,86200,,False
70,86210,,False
70,86218,,False
70,86225,,False
70,86226,,False
70,86228,,False
70,86230,,False
70,86239,,False
70,86245,,False
70,86247,,False
70,86252,,False
70,86273,,False
70,86298,,False
70,86299,,False
70,86302,,False
70,86311,,False
70,86321,,False
70,86323,,False
70,86327,,False
70,86337,,False
70,86345,,False
70,86354,,False
70,86370,,False
70,86376,,False
70,86379,,False
70,86391,,False
70,86395,,False
70,86402,,False
70,86407,,False
70,86414,,False
70,86423,,False
70,86425,,False
70,86432,,False
70,86436,,False
70,86441,,False
70,86448,,False
70,86450,,False
70,86456,,False
70,86477,,False
70,86494,,False
70,86496,,False
70,86498,,False
70,86504,,False
70,86505,,False
70,86507,,False
70,86512,,False
70,86517,,False
70,86545,,False
70,86554,,False
70,86555,,False
70,86557,,False
70,86560,,False
70,86570,,False
70,86578,,False
70,86587,,False
70,86615,,False
70,86617,,False
70,86622,,False
70,86626,,False
70,86628,,False
70,86638,,False
70,86646,,False
70,86657,,False
70,86672,,False
70,86677,,False
70,86682,,False
70,86683,,False
70,86686,,False
70,86691,,False
70,86696,,False
70,86708,,False
70,86722,,False
70,86731,,False
70,86738,,False
70,86748,,False
70,86754,,False
70,86759,,False
70,86761,,False
70,86763,,False
70,86773,,False
70,86791,,False
70,86796,,False
70,86807,,False
70,86811,,False
70,86813,,False
70,86824,,False
70,86826,,False
70,86835,,False
70,86845,,False
70,86847,,False
70,86854,,False
70,86857,,False
70,86865,,False
70,86869,,False
70,86882,,False
70,86892,,False
70,86894,,False
70,86906,,False
70,86912,,False
70,86921,,False
70,86922,,False
70,86936,,False
70,86940,,False
70,86947,,False
70,86954,,False
70,86960,,False
70,86965,,False
70,86970,,False
70,86973,,False
70,86974,,False
70,86999,,False
70,87000,,False
70,87006,,False
70,87009,,False
70,87017,,False
70,87020,,False
70,87029,,False
70,87031,,False
70,87035,,False
70,87051,,False
70,87065,,False
70,87070,,False
70,87077,,False
70,87078,,False
70,87088,,False
70,87091,,False
70,87093,,False
70,87097,,False
70,87102,,False
70,87114,,False
70,87125,,False
70,87127,,False
70,87130,,False
70,87133,,False
70,87145,,False
70,87154,,False
70,87157,,False
70,87161,,False
70,87169,,False
70,87174,,False
70,87180,,False
70,87191,,False
70,87194,,False
70,87201,,False
70,87202,,False
70,87207,,False
70,87229,,False
70,87233,,False
70,87236,,False
70,87243,,False
70,87244,,False
70,87253,,False
70,87266,,False
70,87267,,False
70,87275,,False
70,87288,,False
70,87296,,False
70,87297,,False
70,87300,,False
70,87312,,False
70,87338,,False
70,87354,,False
70,87361,,False
70,87362,,False
70,87369,,False
70,87380,,False
70,87383,,False
70,87385,,False
70,87391,,False
70,87393,,False
70,87404,,False
70,87409,,False
70,87414,,False
70,87419,,False
70,87422,,False
70,87423,,False
70,87435,,False
70,87438,,False
70,87441,,False
70,87448,,False
70,87452,,False
70,87456,,False
70,87460,,False
70,87463,,False
70,87464,,False
70,87467,,False
70,87469,,False
70,87502,,False
70,87504,,False
70,87507,,False
70,87508,,False
70,87509,,False
70,87520,,False
70,87529,,False
70,87542,,False
70,87547,,False
70,87555,,False
70,87557,,False
70,87560,,False
70,87563,,False
70,87575,,False
70,87579,,False
70,87581,,False
70,87582,,False
70,87585,,False
70,87594,,False
70,87610,,False
70,87615,,False
70,87622,,False
70,87626,,False
70,87627,,False
70,87629,,False
70,87643,,False
70,87649,,False
70,87650,,False
70,87651,,False
70,87653,,False
70,87674,,False
70,87677,,False
70,87684,,False
70,87695,,False
70,87710,,False
70,87715,,False
70,87718,,False
70,87721,,False
70,87729,,False
70,87732,,False
70,87738,,False
70,87746,,False
70,87747,,False
70,87754,,False
70,87762,,False
70,87763,,False
70,87774,,False
70,87779,,False
70,87782,,False
70,87787,,False
70,87788,,False
70,87792,,False
70,87801,,False
70,87812,,False
70,87824,,False
70,87825,,False
70,87834,,False
70,87854,,False
70,87857,,False
70,87864,,False
70,87875,,False
70,87883,,False
70,87885,,False
70,87893,,False
70,87902,,False
70,87907,,False
70,87910,,False
70,87920,,False
70,87923,,False
70,87926,,False
70,87934,,False
70,87946,,False
70,87949,,False
70,87953,,False
70,87966,,False
70,87972,,False
70,87975,,False
70,87993,,False
70,87994,,False
70,87999,,False
70,88005,,False
70,88007,,False
70,88016,,False
70,88017,,False
70,88018,,False
70,88021,,False
70,88027,,False
70,88029,,False
70,88032,,False
70,88035,,False
70,88037,,False
70,88047,,False
70,88048,,False
70,88052,,False
70,88057,,False
70,88066,,False
70,88069,,False
70,88070,,False
70,88071,,False
70,88075,,False
70,88081,,False
70,88088,,False
70,88114,,False
70,88118,,False
70,88134,,False
70,88170,,False
70,88173,,False
70,88174,,False
70,88180,,False
70,88181,,False
70,88184,,False
70,88185,,False
70,88189,,False
70,88210,,False
70,88229,,False
70,88245,,False
70,88248,,False
70,88257,,False
70,88263,,False
70,88265,,False
70,88274,,False
70,88275,,False
70,88292,,False
70,88298,,False
70,88308,,False
70,88312,,False
70,88316,,False
70,88331,,False
70,88339,,False
70,88346,,False
70,88348,,False
70,88353,,False
70,88360,,False
70,88385,,False
70,88392,,False
70,88398,,False
70,88404,,False
70,88407,,False
70,88410,,False
70,88420,,False
70,88421,,False
70,88425,,False
70,88426,,False
70,88437,,False
70,88446,,False
70,88448,,False
70,88453,,False
70,88459,,False
70,88468,,False
70,88472,,False
70,88474,,False
70,88484,,False
70,88493,,False
70,88501,,False
70,88506,,False
70,88512,,False
70,88520,,False
70,88521,,False
70,88533,,False
70,88545,,False
70,88547,,False
70,88552,,False
70,88558,,False
70,88564,,False
70,88566,,False
70,88577,,False
70,88584,,False
70,88585,,False
70,88589,,False
70,88595,,False
70,88614,,False
70,88621,,False
70,88627,,False
70,88628,,False
70,88631,,False
70,88635,,False
70,88638,,False
70,88640,,False
70,88642,,False
70,88655,,False
70,88662,,False
70,88666,,False
70,88669,,False
70,88675,,False
70,88679,,False
70,88681,,False
70,88682,,False
70,88690,,False
70,88696,,False
70,88705,,False
70,88712,,False
70,88723,,False
70,88733,,False
70,88740,,False
70,88744,,False
70,88749,,False
70,88752,,False
70,88754,,False
70,88769,,False
70,88797,,False
70,88799,,False
70,88804,,False
70,88806,,False
70,88815,,False
70,88825,,False
70,88830,,False
70,88832,,False
70,88841,,False
70,88845,,False
70,88847,,False
70,88855,,False
70,88862,,False
70,88870,,False
70,88875,,False
70,88881,,False
70,88893,,False
70,88896,,False
70,88898,,False
70,88901,,False
70,88906,,False
70,88917,,False
70,88930,,False
70,88937,,False
70,88949,,False
70,88957,,False
70,89002,,False
70,89015,,False
70,89019,,False
70,89023,,False
70,89024,,False
70,89030,,False
70,89051,,False
70,89053,,False
70,89054,,False
70,89061,,False
70,89068,,False
70,89076,,False
70,89083,,False
70,89088,,False
70,89090,,False
70,89105,,False
70,89107,,False
70,89139,,False
70,89152,,False
70,89158,,False
70,89165,,False
70,89170,,False
70,89173,,False
70,89189,,False
70,89199,,False
70,89202,,False
70,89225,,False
70,89227,,False
70,89230,,False
70,89238,,False
70,89251,,False
70,89253,,False
70,89255,,False
70,89261,,False
70,89262,,False
70,89292,,False
70,89307,,False
70,89317,,False
70,89321,,False
70,89335,,False
70,89343,,False
70,89352,,False
70,89353,,False
70,89356,,False
70,89371,,False
70,89380,,False
70,89396,,False
70,89406,,False
70,89413,,False
70,89414,,False
70,89425,,False
70,89432,,False
70,89433,,False
70,89442,,False
70,89448,,False
70,89461,,False
70,89471,,False
70,89484,,False
70,89490,,False
70,89493,,False
70,89504,,False
70,89513,,False
70,89531,,False
70,89534,,False
70,89545,,False
70,89548,,False
70,89567,,False
70,89577,,False
70,89591,,False
70,89604,,False
70,89624,,False
70,89626,,False
70,89629,,False
70,89641,,False
70,89651,,False
70,89654,,False
70,89669,,False
70,89679,,False
70,89691,,False
70,89692,,False
70,89696,,False
70,89702,,False
70,89705,,False
70,89710,,False
70,89722,,False
70,89754,,False
70,89762,,False
70,89764,,False
70,89772,,False
70,89774,,False
70,89783,,False
70,89818,,False
70,89820,,False
70,89823,,False
70,89825,,False
70,89831,,False
70,89833,,False
70,89857,,False
70,89862,,False
70,89868,,False
70,89869,,False
70,89872,,False
70,89876,,False
70,89879,,False
70,89883,,False
70,89887,,False
70,89889,,False
70,89912,,False
70,89916,,False
70,89919,,False
70,89921,,False
70,89927,,False
70,89936,,False
70,89938,,False
70,89939,,False
70,89955,,False
70,89969,,False
70,89972,,False
70,89975,,False
70,89989,,False
70,89993,,False
70,89995,,False
70,90000,,False
70,90017,,False
70,90018,,False
70,90021,,False
70,90034,,False
70,90037,,False
70,90039,,False
70,90044,,False
70,90047,,False
70,90051,,False
70,90053,,False
70,90062,,False
70,90063,,False
70,90064,,False
70,90065,,False
70,90066,,False
70,90069,,False
70,90070,,False
70,90074,,False
70,90083,,False
70,90091,,False
70,90100,,False
70,90112,,False
70,90115,,False
70,90119,,False
70,90120,,False
70,90126,,False
70,90141,,False
70,90151,,False
70,90157,,False
70,90165,,False
70,90168,,False
70,90192,,False
70,90193,,False
70,90202,,False
70,90204,,False
70,90231,,False
70,90237,,False
70,90240,,False
70,90258,,False
70,90260,,False
70,90261,,False
70,90270,,False
70,90276,,False
70,90283,,False
70,90288,,False
70,90292,,False
70,90295,,False
70,90297,,False
70,90310,,False
70,90314,,False
70,90324,,False
70,90341,,False
70,90360,,False
70,90364,,False
70,90369,,False
70,90372,,False
70,90376,,False
70,90393,,False
70,90397,,False
70,90408,,False
70,90419,,False
70,90427,,False
70,90428,,False
70,90433,,False
70,90438,,False
70,90442,,False
70,90443,,False
70,90446,,False
70,90459,,False
70,90469,,False
70,90470,,False
70,90473,,False
70,90474,,False
70,90475,,False
70,90497,,False
70,90499,,False
70,90502,,False
70,90508,,False
70,90510,,False
70,90513,,False
70,90520,,False
70,90522,,False
70,90528,,False
70,90535,,False
70,90541,,False
70,90569,,False
70,90572,,False
70,90578,,False
70,90586,,False
70,90600,,False
70,90602,,False
70,90606,,False
70,90611,,False
70,90624,,False
70,90625,,False
70,90633,,False
70,90635,,False
70,90636,,False
70,90639,,False
70,90646,,False
70,90659,,False
70,90662,,False
70,90668,,False
70,90670,,False
70,90678,,False
70,90692,,False
70,90695,,False
70,90705,,False
70,90709,,False
70,90710,,False
70,90723,,False
70,90737,,False
70,90738,,False
70,90745,,False
70,90760,,False
70,90776,,False
70,90780,,False
70,90785,,False
70,90787,,False
70,90791,,False
70,90794,,False
70,90797,,False
70,90798,,False
70,90817,,False
70,90819,,False
70,90830,,False
70,90838,,False
70,90843,,False
70,90844,,False
70,90849,,False
70,90859,,False
70,90861,,False
70,90873,,False
70,90878,,False
70,90886,,False
70,90893,,False
70,90895,,False
70,90908,,False
70,90913,,False
70,90915,,False
70,90935,,False
70,90936,,False
70,90940,,False
70,90942,,False
70,90944,,False
70,90945,,False
70,90952,,False
70,90955,,False
70,90957,,False
70,90963,,False
70,90988,,False
70,90998,,False
70,91003,,False
70,91014,,False
70,91042,,False
70,91046,,False
70,91047,,False
70,91049,,False
70,91051,,False
70,91058,,False
70,91060,,False
70,91072,,False
70,91084,,False
70,91085,,False
70,91113,,False
70,91114,,False
70,91118,,False
70,91121,,False
70,91122,,False
70,91127,,False
70,91129,,False
70,91131,,False
70,91133,,False
70,91142,,False
70,91154,,False
70,91174,,False
70,91187,,False
70,91190,,False
70,91206,,False
70,91237,,False
70,91260,,False
70,91263,,False
70,91268,,False
70,91276,,False
70,91293,,False
70,91300,,False
70,91309,,False
70,91311,,False
70,91326,,False
70,91328,,False
70,91329,,False
70,91346,,False
70,91347,,False
70,91349,,False
70,91354,,False
70,91365,,False
70,91377,,False
70,91378,,False
70,91379,,False
70,91388,,False
70,91392,,False
70,91404,,False
70,91407,,False
70,91423,,False
70,91425,,False
70,91429,,False
70,91432,,False
70,91443,,False
70,91450,,False
70,91453,,False
70,91455,,False
70,91457,,False
70,91464,,False
70,91467,,False
70,91470,,False
70,91485,,False
70,91493,,False
70,91498,,False
70,91501,,False
70,91502,,False
70,91515,,False
70,91520,,False
70,91526,,False
70,91529,,False
70,91544,,False
70,91546,,False
70,91548,,False
70,91549,,False
70,91552,,False
70,91553,,False
70,91559,,False
70,91560,,False
70,91561,,False
70,91563,,False
70,91567,,False
70,91587,,False
70,91593,,False
70,91599,,False
70,91601,,False
70,91603,,False
70,91608,,False
70,91629,,False
70,91647,,False
70,91649,,False
70,91654,,False
70,91657,,False
70,91664,,False
70,91671,,False
70,91672,,False
70,91673,,False
70,91680,,False
70,91683,,False
70,91715,,False
70,91721,,False
70,91724,,False
70,91727,,False
70,91732,,False
70,91734,,False
70,91735,,False
70,91752,,False
70,91756,,False
70,91758,,False
70,91760,,False
70,91767,,False
70,91771,,False
70,91782,,False
70,91783,,False
70,91786,,False
70,91792,,False
70,91793,,False
70,91801,,False
70,91803,,False
70,91817,,False
70,91819,,False
70,91828,,False
70,91833,,False
70,91849,,False
70,91852,,False
70,91861,,False
70,91870,,False
70,91874,,False
70,91876,,False
70,91877,,False
70,91881,,False
70,91894,,False
70,91896,,False
70,91902,,False
70,91904,,False
70,91914,,False
70,91920,,False
70,91958,,False
70,91960,,False
70,91968,,False
70,91971,,False
70,91990,,False
70,91992,,False
70,92018,,False
70,92040,,False
70,92042,,False
70,92060,,False
70,92061,,False
70,92071,,False
70,92074,,False
70,92081,,False
70,92084,,False
70,92088,,False
70,92092,,False
70,92093,,False
70,92133,,False
70,92141,,False
70,92174,,False
70,92176,,False
70,92191,,False
70,92200,,False
70,92205,,False
70,92207,,False
70,92211,,False
70,92215,,False
70,92240,,False
70,92246,,False
70,92251,,False
70,92262,,False
70,92265,,False
70,92270,,False
70,92271,,False
70,92273,,False
70,92300,,False
70,92302,,False
70,92320,,False
70,92330,,False
70,92344,,False
70,92347,,False
70,92352,,False
70,92356,,False
70,92364,,False
70,92367,,False
70,92373,,False
70,92374,,False
70,92376,,False
70,92379,,False
70,92406,,False
70,92408,,False
70,92410,,False
70,92411,,False
70,92427,,False
70,92430,,False
70,92435,,False
70,92438,,False
70,92450,,False
70,92453,,False
70,92466,,False
70,92468,,False
70,92474,,False
70,92480,,False
70,92484,,False
70,92494,,False
70,92497,,False
70,92498,,False
70,92501,,False
70,92512,,False
70,92530,,False
70,92533,,False
70,92535,,False
70,92543,,False
70,92560,,False
70,92563,,False
70,92572,,False
70,92577,,False
70,92585,,False
70,92603,,False
70,92607,,False
70,92608,,False
70,92612,,False
70,92614,,False
70,92626,,False
70,92628,,False
70,92653,,False
70,92655,,False
70,92658,,False
70,92668,,False
70,92671,,False
70,92673,,False
70,92698,,False
70,92700,,False
70,92714,,False
70,92719,,False
70,92723,,False
70,92730,,False
70,92737,,False
70,92745,,False
70,92748,,False
70,92750,,False
70,92763,,False
70,92771,,False
70,92787,,False
70,92791,,False
70,92795,,False
70,92796,,False
70,92797,,False
70,92804,,False
70,92819,,False
70,92821,,False
70,92825,,False
70,92831,,False
70,92838,,False
70,92841,,False
70,92846,,False
70,92855,,False
70,92856,,False
70,92864,,False
70,92867,,False
70,92874,,False
70,92892,,False
70,92900,,False
70,92905,,False
70,92913,,False
70,92922,,False
70,92935,,False
70,92945,,False
70,92953,,False
70,92956,,False
70,92965,,False
70,92978,,False
70,92994,,False
70,93003,,False
70,93012,,False
70,93015,,False
70,93018,,False
70,93040,,False
70,93044,,False
70,93045,,False
70,93046,,False
70,93066,,False
70,93069,,False
70,93071,,False
70,93085,,False
70,93090,,False
70,93094,,False
70,93098,,False
70,93102,,False
70,93105,,False
70,93110,,False
70,93116,,False
70,93122,,False
70,93123,,False
70,93137,,False
70,93144,,False
70,93157,,False
70,93169,,False
70,93170,,False
70,93189,,False
70,93197,,False
70,93205,,False
70,93210,,False
70,93212,,False
70,93222,,False
70,93232,,False
70,93249,,False
70,93267,,False
70,93272,,False
70,93274,,False
70,93275,,False
70,93288,,False
70,93291,,False
70,93298,,False
70,93300,,False
70,93303,,False
70,93305,,False
70,93318,,False
70,93322,,False
70,93339,,False
70,93367,,False
70,93384,,False
70,93402,,False
70,93415,,False
70,93416,,False
70,93425,,False
70,93426,,False
70,93427,,False
70,93433,,False
70,93437,,False
70,93438,,False
70,93450,,False
70,93453,,False
70,93456,,False
70,93462,,False
70,93464,,False
70,93475,,False
70,93482,,False
70,93495,,False
70,93504,,False
70,93519,,False
70,93523,,False
70,93530,,False
70,93534,,False
70,93536,,False
70,93554,,False
70,93557,,False
70,93569,,False
70,93572,,False
70,93575,,False
70,93577,,False
70,93582,,False
70,93584,,False
70,93593,,False
70,93594,,False
70,93595,,False
70,93603,,False
70,93606,,False
70,93613,,False
70,93634,,False
70,93646,,False
70,93648,,False
70,93652,,False
70,93656,,False
70,93663,,False
70,93690,,False
70,93701,,False
70,93719,,False
70,93724,,False
70,93727,,False
70,93731,,False
70,93734,,False
70,93737,,False
70,93756,,False
70,93771,,False
70,93773,,False
70,93777,,False
70,93789,,False
70,93809,,False
70,93811,,False
70,93812,,False
70,93819,,False
70,93822,,False
70,93827,,False
70,93834,,False
70,93837,,False
70,93860,,False
70,93870,,False
70,93884,,False
70,93888,,False
70,93889,,False
70,93890,,False
70,93900,,False
70,93908,,False
70,93910,,False
70,93913,,False
70,93914,,False
70,93927,,False
70,93931,,False
70,93944,,False
70,93947,,False
70,93953,,False
70,93972,,False
70,93974,,False
70,93986,,False
70,93989,,False
70,94010,,False
70,94018,,False
70,94019,,False
70,94020,,False
70,94025,,False
70,94028,,False
70,94044,,False
70,94053,,False
70,94057,,False
70,94064,,False
70,94065,,False
70,94092,,False
70,94094,,False
70,94098,,False
70,94105,,False
70,94115,,False
70,94118,,False
70,94119,,False
70,94125,,False
70,94142,,False
70,94150,,False
70,94165,,False
70,94168,,False
70,94169,,False
70,94190,,False
70,94197,,False
70,94199,,False
70,94209,,False
70,94213,,False
70,94223,,False
70,94238,,False
70,94250,,False
70,94262,,False
70,94270,,False
70,94282,,False
70,94302,,False
70,94318,,False
70,94323,,False
70,94328,,False
70,94339,,False
70,94343,,False
70,94357,,False
70,94362,,False
70,94364,,False
70,94366,,False
70,94370,,False
70,94384,,False
70,94389,,False
70,94393,,False
70,94399,,False
70,94403,,False
70,94404,,False
70,94412,,False
70,94415,,False
70,94417,,False
70,94421,,False
70,94423,,False
70,94432,,False
70,94436,,False
70,94444,,False
70,94450,,False
70,94465,,False
70,94466,,False
70,94471,,False
70,94474,,False
70,94478,,False
70,94479,,False
70,94481,,False
70,94487,,False
70,94492,,False
70,94498,,False
70,94500,,False
70,94501,,False
70,94509,,False
70,94510,,False
70,94529,,False
70,94533,,False
70,94543,,False
70,94546,,False
70,94547,,False
70,94549,,False
70,94554,,False
70,94588,,False
70,94612,,False
70,94619,,False
70,94625,,False
70,94629,,False
70,94648,,False
70,94649,,False
70,94653,,False
70,94656,,False
70,94676,,False
70,94677,,False
70,94702,,False
70,94703,,False
70,94711,,False
70,94714,,False
70,94737,,False
70,94751,,False
70,94763,,False
70,94766,,False
70,94776,,False
70,94786,,False
70,94791,,False
70,94803,,False
70,94810,,False
70,94811,,False
70,94823,,False
70,94827,,False
70,94831,,False
70,94834,,False
70,94837,,False
70,94840,,False
70,94846,,False
70,94847,,False
70,94850,,False
70,94857,,False
70,94861,,False
70,94868,,False
70,94879,,False
70,94887,,False
70,94891,,False
70,94897,,False
70,94909,,False
70,94920,,False
70,94921,,False
70,94945,,False
70,94955,,False
70,94960,,False
70,94974,,False
70,94976,,False
70,94992,,False
70,94995,,False
70,95006,,False
70,95009,,False
70,95022,,False
70,95026,,False
70,95028,,False
70,95033,,False
70,95035,,False
70,95040,,False
70,95044,,False
70,95047,,False
70,95068,,False
70,95069,,False
70,95077,,False
70,95084,,False
70,95085,,False
70,95097,,False
70,95105,,False
70,95115,,False
70,95128,,False
70,95138,,False
70,95149,,False
70,95175,,False
70,95180,,False
70,95190,,False
70,95197,,False
70,95207,,False
70,95210,,False
70,95219,,False
70,95231,,False
70,95233,,False
70,95270,,False
70,95275,,False
70,95279,,False
70,95280,,False
70,95301,,False
70,95307,,False
70,95332,,False
70,95333,,False
70,95334,,False
70,95343,,False
70,95358,,False
70,95372,,False
70,95374,,False
70,95376,,False
70,95388,,False
70,95407,,False
70,95416,,False
70,95419,,False
70,95426,,False
70,95446,,False
70,95457,,False
70,95462,,False
70,95464,,False
70,95474,,False
70,95475,,False
70,95479,,False
70,95480,,False
70,95487,,False
70,95498,,False
70,95500,,False
70,95515,,False
70,95517,,False
70,95519,,False
70,95521,,False
70,95524,,False
70,95531,,False
70,95533,,False
70,95536,,False
70,95538,,False
70,95558,,False
70,95570,,False
70,95578,,False
70,95581,,False
70,95591,,False
70,95599,,False
70,95610,,False
70,95617,,False
70,95622,,False
70,95625,,False
70,95626,,False
70,95630,,False
70,95635,,False
70,95645,,False
70,95652,,False
70,95655,,False
70,95656,,False
70,95661,,False
70,95666,,False
70,95668,,False
70,95682,,False
70,95688,,False
70,95691,,False
70,95692,,False
70,95697,,False
70,95703,,False
70,95712,,False
70,95714,,False
70,95718,,False
70,95724,,False
70,95737,,False
70,95739,,False
70,95745,,False
70,95749,,False
70,95782,,False
70,95794,,False
70,95795,,False
70,95802,,False
70,95817,,False
70,95825,,False
70,95826,,False
70,95837,,False
70,95847,,False
70,95866,,False
70,95874,,False
70,95877,,False
70,95882,,False
70,95885,,False
70,95887,,False
70,95890,,False
70,95891,,False
70,95916,,False
70,95921,,False
70,95933,,False
70,95935,,False
70,95947,,False
70,95956,,False
70,95962,,False
70,95971,,False
70,95974,,False
70,95990,,False
70,95996,,False
70,95999,,False
70,96006,,False
70,96008,,False
70,96018,,False
70,96044,,False
70,96047,,False
70,96050,,False
70,96055,,False
70,96069,,False
70,96076,,False
70,96079,,False
70,96100,,False
70,96111,,False
70,96117,,False
70,96128,,False
70,96130,,False
70,96133,,False
70,96137,,False
70,96145,,False
70,96150,,False
70,96153,,False
70,96162,,False
70,96164,,False
70,96186,,False
70,96188,,False
70,96191,,False
70,96199,,False
70,96200,,False
70,96215,,False
70,96218,,False
70,96222,,False
70,96227,,False
70,96234,,False
70,96240,,False
70,96242,,False
70,96244,,False
70,96248,,False
70,96253,,False
70,96264,,False
70,96268,,False
70,96277,,False
70,96279,,False
70,96280,,False
70,96283,,False
70,96284,,False
70,96287,,False
70,96294,,False
70,96299,,False
70,96303,,False
70,96310,,False
70,96325,,False
70,96332,,False
70,96344,,False
70,96353,,False
70,96359,,False
70,96363,,False
70,96371,,False
70,96378,,False
70,96381,,False
70,96382,,False
70,96383,,False
70,96385,,False
70,96390,,False
70,96394,,False
70,96410,,False
70,96419,,False
70,96423,,False
70,96430,,False
70,96432,,False
70,96433,,False
70,96434,,False
70,96456,,False
70,96466,,False
70,96480,,False
70,96484,,False
70,96486,,False
70,96488,,False
70,96491,,False
70,96499,,False
70,96501,,False
70,96503,,False
70,96520,,False
70,96524,,False
70,96525,,False
70,96530,,False
70,96537,,False
70,96538,,False
70,96545,,False
70,96559,,False
70,96568,,False
70,96569,,False
70,96580,,False
70,96603,,False
70,96639,,False
70,96640,,False
70,96644,,False
70,96663,,False
70,96667,,False
70,96675,,False
70,96676,,False
70,96685,,False
70,96711,,False
70,96722,,False
70,96724,,False
70,96743,,False
70,96757,,False
70,96764,,False
70,96780,,False
70,96788,,False
70,96802,,False
70,96806,,False
70,96809,,False
70,96814,,False
70,96834,,False
70,96838,,False
70,96851,,False
70,96874,,False
70,96886,,False
70,96895,,False
70,96910,,False
70,96916,,False
70,96932,,False
70,96950,,False
70,96956,,False
70,96958,,False
70,96962,,False
70,96966,,False
70,96969,,False
70,96972,,False
70,96984,,False
70,96987,,False
70,96991,,False
70,97000,,False
70,97004,,False
70,97005,,False
70,97020,,False
70,97022,,False
70,97025,,False
70,97028,,False
70,97041,,False
70,97044,,False
70,97054,,False
70,97058,,False
70,97063,,False
70,97064,,False
70,97070,,False
70,97072,,False
70,97074,,False
70,97079,,False
70,97084,,False
70,97089,,False
70,97097,,False
70,97098,,False
70,97121,,False
70,97151,,False
70,97157,,False
70,97173,,False
70,97179,,False
70,97183,,False
70,97193,,False
70,97198,,False
70,97217,,False
70,97218,,False
70,97234,,False
70,97235,,False
70,97254,,False
70,97260,,False
70,97276,,False
70,97277,,False
70,97282,,False
70,97284,,False
70,97286,,False
70,97289,,False
70,97300,,False
70,97302,,False
70,97304,,False
70,97314,,False
70,97315,,False
70,97322,,False
70,97331,,False
70,97332,,False
70,97333,,False
70,97339,,False
70,97341,,False
70,97345,,False
70,97347,,False
70,97349,,False
70,97350,,False
70,97365,,False
70,97382,,False
70,97400,,False
70,97412,,False
70,97414,,False
70,97427,,False
70,97436,,False
70,97447,,False
70,97449,,False
70,97453,,False
70,97475,,False
70,97487,,False
70,97488,,False
70,97494,,False
70,97509,,False
70,97537,,False
70,97544,,False
70,97564,,False
70,97570,,False
70,97573,,False
70,97585,,False
70,97590,,False
70,97595,,False
70,97601,,False
70,97605,,False
70,97609,,False
70,97617,,False
70,97619,,False
70,97643,,False
70,97654,,False
70,97661,,False
70,97667,,False
70,97669,,False
70,97673,,False
70,97677,,False
70,97680,,False
70,97681,,False
70,97688,,False
70,97693,,False
70,97717,,False
70,97724,,False
70,97727,,False
70,97728,,False
70,97729,,False
70,97736,,False
70,97738,,False
70,97750,,False
70,97757,,False
70,97760,,False
70,97765,,False
70,97768,,False
70,97780,,False
70,97785,,False
70,97786,,False
70,97793,,False
70,97802,,False
70,97808,,False
70,97810,,False
70,97818,,False
70,97823,,False
70,97825,,False
70,97832,,False
70,97855,,False
70,97859,,False
70,97867,,False
70,97868,,False
70,97892,,False
70,97894,,False
70,97896,,False
70,97910,,False
70,97912,,False
70,97925,,False
70,97928,,False
70,97939,,False
70,97940,,False
70,97941,,False
70,97960,,False
70,97962,,False
70,97966,,False
70,97983,,False
70,97984,,False
70,97985,,False
70,97990,,False
70,97998,,False
70,98023,,False
70,98031,,False
70,98032,,False
70,98036,,False
70,98062,,False
70,98065,,False
70,98067,,False
70,98093,,False
70,98103,,False
70,98106,,False
70,98115,,False
70,98121,,False
70,98126,,False
70,98127,,False
70,98128,,False
70,98143,,False
70,98147,,False
70,98155,,False
70,98160,,False
70,98190,,False
70,98212,,False
70,98239,,False
70,98242,,False
70,98244,,False
70,98250,,False
70,98256,,False
70,98258,,False
70,98261,,False
70,98265,,False
70,98271,,False
70,98284,,False
70,98306,,False
70,98307,,False
70,98310,,False
70,98311,,False
70,98315,,False
70,98325,,False
70,98372,,False
70,98375,,False
70,98385,,False
70,98388,,False
70,98389,,False
70,98393,,False
70,98399,,False
70,98415,,False
70,98416,,False
70,98423,,False
70,98432,,False
70,98433,,False
70,98462,,False
70,98478,,False
70,98485,,False
70,98488,,False
70,98501,,False
70,98504,,False
70,98506,,False
70,98507,,False
70,98514,,False
70,98530,,False
70,98533,,False
70,98535,,False
70,98537,,False
70,98548,,False
70,98553,,False
70,98554,,False
70,98558,,False
70,98561,,False
70,98564,,False
70,98582,,False
70,98587,,False
70,98592,,False
70,98593,,False
70,98594,,False
70,98596,,False
70,98605,,False
70,98607,,False
70,98620,,False
70,98624,,False
70,98625,,False
70,98629,,False
70,98645,,False
70,98660,,False
70,98675,,False
70,98680,,False
70,98686,,False
70,98694,,False
70,98700,,False
70,98701,,False
70,98704,,False
70,98711,,False
70,98726,,False
70,98727,,False
70,98729,,False
70,98732,,False
70,98734,,False
70,98735,,False
70,98746,,False
70,98776,,False
70,98779,,False
70,98781,,False
70,98783,,False
70,98789,,False
70,98790,,False
70,98791,,False
70,98795,,False
70,98807,,False
70,98808,,False
70,98817,,False
70,98826,,False
70,98839,,False
70,98848,,False
70,98850,,False
70,98858,,False
70,98861,,False
70,98874,,False
70,98876,,False
70,98877,,False
70,98882,,False
70,98888,,False
70,98893,,False
70,98903,,False
70,98914,,False
70,98925,,False
70,98933,,False
70,98947,,False
70,98953,,False
70,98963,,False
70,98967,,False
70,98970,,False
70,98973,,False
70,98976,,False
70,98988,,False
70,98990,,False
70,98999,,False
70,99014,,False
70,99016,,False
70,99019,,False
70,99025,,False
70,99028,,False
70,99031,,False
70,99036,,False
70,99045,,False
70,99046,,False
70,99050,,False
70,99062,,False
70,99069,,False
70,99074,,False
70,99081,,False
70,99087,,False
70,99100,,False
70,99106,,False
70,99117,,False
70,99122,,False
70,99124,,False
70,99129,,False
70,99136,,False
70,99144,,False
70,99150,,False
70,99151,,False
70,99152,,False
70,99155,,False
70,99165,,False
70,99175,,False
70,99178,,False
70,99184,,False
70,99185,,False
70,99209,,False
70,99211,,False
70,99213,,False
70,99221,,False
70,99224,,False
70,99227,,False
70,99229,,False
70,99231,,False
70,99232,,False
70,99234,,False
70,99239,,False
70,99248,,False
70,99253,,False
70,99276,,False
70,99290,,False
70,99297,,False
70,99301,,False
70,99313,,False
70,99319,,False
70,99331,,False
70,99338,,False
70,99348,,False
70,99361,,False
70,99362,,False
70,99364,,False
70,99365,,False
70,99366,,False
70,99383,,False
70,99384,,False
70,99395,,False
70,99396,,False
70,99401,,False
70,99405,,False
70,99418,,False
70,99419,,False
70,99432,,False
70,99434,,False
70,99437,,False
70,99445,,False
70,99454,,False
70,99474,,False
70,99477,,False
70,99492,,False
70,99498,,False
70,99501,,False
70,99512,,False
70,99514,,False
70,99517,,False
70,99527,,False
70,99530,,False
70,99534,,False
70,99544,,False
70,99559,,False
70,99562,,False
70,99566,,False
70,99583,,False
70,99592,,False
70,99601,,False
70,99616,,False
70,99623,,False
70,99630,,False
70,99645,,False
70,99647,,False
70,99655,,False
70,99656,,False
70,99667,,False
70,99668,,False
70,99672,,False
70,99676,,False
70,99682,,False
70,99686,,False
70,99694,,False
70,99706,,False
70,99708,,False
70,99710,,False
70,99722,,False
70,99729,,False
70,99736,,False
70,99739,,False
70,99745,,False
70,99748,,False
70,99749,,False
70,99754,,False
70,99758,,False
70,99764,,False
70,99765,,False
70,99769,,False
70,99770,,False
70,99771,,False
70,99780,,False
70,99788,,False
70,99795,,False
70,99803,,False
70,99810,,False
70,99813,,False
70,99827,,False
70,99834,,False
70,99840,,False
70,99841,,False
70,99842,,False
70,99862,,False
70,99869,,False
70,99876,,False
70,99877,,False
70,99884,,False
70,99886,,False
70,99892,,False
70,99898,,False
70,99902,,False
70,99903,,False
70,99913,,False
70,99916,,False
70,99934,,False
70,99935,,False
70,99945,,False
70,99946,,False
70,99949,,False
70,99958,,False
70,99975,,False
70,99990,,False
70,99995,,False
70,99996,,False
70,99999,,False
70,100003,,False
70,100004,,False
70,100008,,False
70,100015,,False
70,100033,,False
70,100059,,False
70,100068,,False
70,100071,,False
70,100072,,False
70,100078,,False
70,100093,,False
70,100117,,False
70,100146,,False
70,100149,,False
70,100162,,False
70,100177,,False
70,100178,,False
70,100181,,False
70,100188,,False
70,100190,,False
70,100193,,False
70,100195,,False
70,100202,,False
70,100211,,False
70,100217,,False
70,100240,,False
70,100253,,False
70,100254,,False
70,100263,,False
70,100282,,False
70,100284,,False
70,100294,,False
70,100305,,False
70,100322,,False
70,100327,,False
70,100337,,False
70,100349,,False
70,100356,,False
70,100366,,False
70,100368,,False
70,100376,,False
70,100381,,False
70,100394,,False
70,100397,,False
70,100400,,False
70,100406,,False
70,100435,,False
70,100442,,False
70,100461,,False
70,100463,,False
70,100476,,False
70,100479,,False
70,100483,,False
70,100486,,False
70,100488,,False
70,100505,,False
70,100508,,False
70,100512,,False
70,100518,,False
70,100524,,False
70,100537,,False
70,100538,,False
70,100541,,False
70,100553,,False
70,100564,,False
70,100593,,False
70,100602,,False
70,100606,,False
70,100609,,False
70,100612,,False
70,100617,,False
70,100644,,False
70,100655,,False
70,100670,,False
70,100689,,False
70,100709,,False
70,100716,,False
70,100735,,False
70,100745,,False
70,100747,,False
70,100752,,False
70,100754,,False
70,100764,,False
70,100775,,False
70,100780,,False
70,100785,,False
70,100789,,False
70,100791,,False
70,100792,,False
70,100795,,False
70,100799,,False
70,100803,,False
70,100810,,False
70,100812,,False
70,100814,,False
70,100816,,False
70,100822,,False
70,100827,,False
70,100831,,False
70,100836,,False
70,100853,,False
70,100861,,False
70,100870,,False
70,100875,,False
70,100891,,False
70,100897,,False
70,100898,,False
70,100903,,False
70,100906,,False
70,100907,,False
70,100916,,False
70,100920,,False
70,100931,,False
70,100933,,False
70,100934,,False
70,100937,,False
70,100945,,False
70,100947,,False
70,100951,,False
70,100958,,False
70,100967,,False
70,100968,,False
70,100970,,False
70,101013,,False
70,101018,,False
70,101031,,False
70,101048,,False
70,101054,,False
70,101058,,False
70,101094,,False
70,101095,,False
70,101103,,False
70,101125,,False
70,101138,,False
70,101145,,False
70,101152,,False
70,101162,,False
70,101163,,False
70,101166,,False
70,101170,,False
70,101174,,False
70,101177,,False
70,101178,,False
70,101187,,False
70,101195,,False
70,101214,,False
70,101221,,False
70,101222,,False
70,101239,,False
70,101248,,False
70,101249,,False
70,101252,,False
70,101260,,False
70,101271,,False
70,101282,,False
70,101289,,False
70,101296,,False
70,101298,,False
70,101310,,False
70,101312,,False
70,101321,,False
70,101325,,False
70,101328,,False
70,101333,,False
70,101335,,False
70,101342,,False
70,101343,,False
70,101349,,False
70,101351,,False
70,101362,,False
70,101370,,False
70,101377,,False
70,101380,,False
70,101383,,False
70,101384,,False
70,101390,,False
70,101410,,False
70,101414,,False
70,101416,,False
70,101430,,False
70,101443,,False
70,101446,,False
70,101448,,False
70,101455,,False
70,101467,,False
70,101473,,False
70,101498,,False
70,101513,,False
70,101519,,False
70,101553,,False
70,101558,,False
70,101602,,False
70,101608,,False
70,101612,,False
70,101622,,False
70,101636,,False
70,101639,,False
70,101640,,False
70,101642,,False
70,101645,,False
70,101662,,False
70,101663,,False
70,101669,,False
70,101670,,False
70,101681,,False
70,101683,,False
70,101695,,False
70,101704,,False
70,101713,,False
70,101714,,False
70,101721,,False
70,101726,,False
70,101739,,False
70,101740,,False
70,101741,,False
70,101750,,False
70,101758,,False
70,101764,,False
70,101775,,False
70,101776,,False
70,101778,,False
70,101779,,False
70,101782,,False
70,101789,,False
70,101790,,False
70,101807,,False
70,101811,,False
70,101817,,False
70,101828,,False
70,101830,,False
70,101834,,False
70,101839,,False
70,101844,,False
70,101849,,False
70,101850,,False
70,101856,,False
70,101858,,False
70,101870,,False
70,101881,,False
70,101892,,False
70,101894,,False
70,101901,,False
70,101915,,False
70,101944,,False
70,101945,,False
70,101958,,False
70,101973,,False
70,101976,,False
70,101984,,False
70,101996,,False
70,102021,,False
70,102029,,False
70,102030,,False
70,102034,,False
70,102054,,False
70,102061,,False
70,102066,,False
70,102087,,False
70,102088,,False
70,102128,,False
70,102133,,False
70,102138,,False
70,102153,,False
70,102163,,False
70,102173,,False
70,102198,,False
70,102206,,False
70,102212,,False
70,102236,,False
70,102248,,False
70,102260,,False
70,102261,,False
70,102283,,False
70,102285,,False
70,102298,,False
70,102315,,False
70,102328,,False
70,102331,,False
70,102337,,False
70,102339,,False
70,102344,,False
70,102346,,False
70,102348,,False
70,102353,,False
70,102360,,False
70,102363,,False
70,102377,,False
70,102381,,False
70,102385,,False
70,102386,,False
70,102388,,False
70,102398,,False
70,102399,,False
70,102409,,False
70,102411,,False
70,102419,,False
70,102422,,False
70,102423,,False
70,102426,,False
70,102431,,False
70,102442,,False
70,102443,,False
70,102447,,False
70,102465,,False
70,102467,,False
70,102468,,False
70,102471,,False
70,102479,,False
70,102489,,False
70,102493,,False
70,102509,,False
70,102519,,False
70,102527,,False
70,102548,,False
70,102561,,False
70,102568,,False
70,102571,,False
70,102578,,False
70,102582,,False
70,102586,,False
70,102595,,False
70,102601,,False
70,102603,,False
70,102604,,False
70,102623,,False
70,102624,,False
70,102626,,False
70,102640,,False
70,102644,,False
70,102648,,False
70,102660,,False
70,102668,,False
70,102679,,False
70,102687,,False
70,102697,,False
70,102699,,False
70,102710,,False
70,102715,,False
70,102718,,False
70,102737,,False
70,102749,,False
70,102757,,False
70,102760,,False
70,102770,,False
70,102772,,False
70,102781,,False
70,102786,,False
70,102801,,False
70,102805,,False
70,102814,,False
70,102818,,False
70,102819,,False
70,102823,,False
70,102833,,False
70,102839,,False
70,102851,,False
70,102865,,False
70,102870,,False
70,102871,,False
70,102873,,False
70,102878,,False
70,102890,,False
70,102893,,False
70,102898,,False
70,102902,,False
70,102921,,False
70,102922,,False
70,102926,,False
70,102930,,False
70,102941,,False
70,102944,,False
70,102956,,False
70,102977,,False
70,102978,,False
70,102983,,False
70,102986,,False
70,103003,,False
70,103005,,False
70,103016,,False
70,103020,,False
70,103022,,False
70,103025,,False
70,103031,,False
70,103051,,False
70,103053,,False
70,103060,,False
70,103073,,False
70,103075,,False
70,103076,,False
70,103078,,False
70,103093,,False
70,103097,,False
70,103098,,False
70,103099,,False
70,103100,,False
70,103123,,False
70,103128,,False
70,103145,,False
70,103147,,False
70,103150,,False
70,103157,,False
70,103165,,False
70,103188,,False
70,103195,,False
70,103203,,False
70,103206,,False
70,103221,,False
70,103226,,False
70,103229,,False
70,103235,,False
70,103238,,False
70,103249,,False
70,103259,,False
70,103260,,False
70,103270,,False
70,103275,,False
70,103284,,False
70,103292,,False
70,103305,,False
70,103309,,False
70,103313,,False
70,103317,,False
70,103320,,False
70,103327,,False
70,103344,,False
70,103347,,False
70,103355,,False
70,103364,,False
70,103367,,False
70,103370,,False
70,103372,,False
70,103373,,False
70,103382,,False
70,103390,,False
70,103393,,False
70,103399,,False
70,103410,,False
70,103415,,False
70,103420,,False
70,103435,,False
70,103442,,False
70,103447,,False
70,103451,,False
70,103453,,False
70,103456,,False
70,103466,,False
70,103483,,False
70,103487,,False
70,103489,,False
70,103496,,False
70,103502,,False
70,103503,,False
70,103504,,False
70,103512,,False
70,103518,,False
70,103529,,False
70,103537,,False
70,103541,,False
70,103547,,False
70,103564,,False
70,103581,,False
70,103589,,False
70,103597,,False
70,103606,,False
70,103613,,False
70,103615,,False
70,103627,,False
70,103631,,False
70,103642,,False
70,103643,,False
70,103664,,False
70,103676,,False
70,103688,,False
70,103694,,False
70,103696,,False
70,103720,,False
70,103734,,False
70,103758,,False
70,103763,,False
70,103771,,False
70,103774,,False
70,103791,,False
70,103797,,False
70,103800,,False
70,103801,,False
70,103842,,False
70,103846,,False
70,103853,,False
70,103856,,False
70,103861,,False
70,103863,,False
70,103867,,False
70,103871,,False
70,103891,,False
70,103896,,False
70,103900,,False
70,103912,,False
70,103918,,False
70,103928,,False
70,103947,,False
70,103963,,False
70,103979,,False
70,103986,,False
70,103991,,False
70,104005,,False
70,104028,,False
70,104041,,False
70,104045,,False
70,104051,,False
70,104064,,False
70,104066,,False
70,104080,,False
70,104084,,False
70,104091,,False
70,104092,,False
70,104097,,False
70,104105,,False
70,104108,,False
70,104112,,False
70,104122,,False
70,104127,,False
70,104133,,False
70,104135,,False
70,104139,,False
70,104154,,False
70,104156,,False
70,104159,,False
70,104163,,False
70,104166,,False
70,104176,,False
70,104184,,False
70,104191,,False
70,104194,,False
70,104200,,False
70,104204,,False
70,104208,,False
70,104215,,False
70,104220,,False
70,104225,,False
70,104233,,False
70,104238,,False
70,104245,,False
70,104257,,False
70,104265,,False
70,104271,,False
70,104285,,False
70,104288,,False
70,104291,,False
70,104302,,False
70,104306,,False
70,104315,,False
70,104323,,False
70,104327,,False
70,104333,,False
70,104344,,False
70,104360,,False
70,104366,,False
70,104384,,False
70,104389,,False
70,104396,,False
70,104414,,False
70,104415,,False
70,104418,,False
70,104432,,False
70,104433,,False
70,104445,,False
70,104450,,False
70,104456,,False
70,104474,,False
70,104477,,False
70,104488,,False
70,104491,,False
70,104501,,False
70,104503,,False
70,104505,,False
70,104507,,False
70,104513,,False
70,104525,,False
70,104533,,False
70,104535,,False
70,104540,,False
70,104545,,False
70,104548,,False
70,104573,,False
70,104576,,False
70,104591,,False
70,104599,,False
70,104600,,False
70,104608,,False
70,104611,,False
70,104612,,False
70,104615,,False
70,104623,,False
70,104640,,False
70,104641,,False
70,104643,,False
70,104645,,False
70,104648,,False
70,104663,,False
70,104667,,False
70,104672,,False
70,104685,,False
70,104689,,False
70,104696,,False
70,104699,,False
70,104710,,False
70,104719,,False
70,104748,,False
70,104757,,False
70,104770,,False
70,104781,,False
70,104782,,False
70,104787,,False
70,104789,,False
70,104799,,False
70,104807,,False
70,104832,,False
70,104843,,False
70,104856,,False
70,104858,,False
70,104885,,False
70,104901,,False
70,104905,,False
70,104910,,False
70,104918,,False
70,104921,,False
70,104922,,False
70,104926,,False
70,104935,,False
70,104938,,False
70,104958,,False
70,104968,,False
70,104971,,False
70,104976,,False
70,104980,,False
70,104986,,False
70,104995,,False
70,105001,,False
70,105002,,False
70,105004,,False
70,105012,,False
70,105013,,False
70,105019,,False
70,105022,,False
70,105033,,False
70,105036,,False
70,105043,,False
70,105046,,False
70,105050,,False
70,105060,,False
70,105063,,False
70,105064,,False
70,105069,,False
70,105078,,False
70,105080,,False
70,105081,,False
70,105085,,False
70,105088,,False
70,105096,,False
70,105102,,False
70,105112,,False
70,105120,,False
70,105127,,False
70,105128,,False
70,105133,,False
70,105147,,False
70,105155,,False
70,105158,,False
70,105171,,False
70,105179,,False
70,105183,,False
70,105187,,False
70,105190,,False
70,105197,,False
70,105198,,False
70,105204,,False
70,105210,,False
70,105212,,False
70,105213,,False
70,105215,,False
70,105226,,False
70,105237,,False
70,105243,,False
70,105244,,False
70,105256,,False
70,105274,,False
70,105275,,False
70,105278,,False
70,105279,,False
70,105289,,False
70,105290,,False
70,105295,,False
70,105297,,False
70,105299,,False
70,105301,,False
70,105313,,False
70,105318,,False
70,105322,,False
70,105323,,False
70,105334,,False
70,105343,,False
70,105354,,False
70,105356,,False
70,105371,,False
70,105372,,False
70,105379,,False
70,105411,,False
70,105426,,False
70,105440,,False
70,105446,,False
70,105450,,False
70,105456,,False
70,105461,,False
70,105473,,False
70,105478,,False
70,105481,,False
70,105506,,False
70,105516,,False
70,105520,,False
70,105527,,False
70,105535,,False
70,105538,,False
70,105539,,False
70,105557,,False
70,105559,,False
70,105561,,False
70,105572,,False
70,105574,,False
70,105585,,False
70,105595,,False
70,105603,,False
70,105611,,False
70,105630,,False
70,105644,,False
70,105656,,False
70,105669,,False
70,105670,,False
70,105690,,False
70,105697,,False
70,105698,,False
70,105704,,False
70,105721,,False
70,105752,,False
70,105754,,False
70,105762,,False
70,105784,,False
70,105790,,False
70,105799,,False
70,105803,,False
70,105811,,False
70,105835,,False
70,105838,,False
70,105841,,False
70,105846,,False
70,105848,,False
70,105851,,False
70,105854,,False
70,105864,,False
70,105876,,False
70,105881,,False
70,105888,,False
70,105897,,False
70,105900,,False
70,105904,,False
70,105925,,False
70,105928,,False
70,105932,,False
70,105934,,False
70,105939,,False
70,105962,,False
70,105967,,False
70,105968,,False
70,105978,,False
70,105985,,False
70,105988,,False
70,106010,,False
70,106030,,False
70,106038,,False
70,106044,,False
70,106047,,False
70,106051,,False
70,106073,,False
70,106075,,False
70,106078,,False
70,106080,,False
70,106081,,False
70,106090,,False
70,106094,,False
70,106095,,False
70,106104,,False
70,106116,,False
70,106118,,False
70,106120,,False
70,106126,,False
70,106131,,False
70,106145,,False
70,106146,,False
70,106149,,False
70,106156,,False
70,106159,,False
70,106161,,False
70,106164,,False
70,106165,,False
70,106172,,False
70,106173,,False
70,106187,,False
70,106192,,False
70,106196,,False
70,106200,,False
70,106204,,False
70,106206,,False
70,106208,,False
70,106210,,False
70,106211,,False
70,106215,,False
70,106223,,False
70,106267,,False
70,106281,,False
70,106282,,False
70,106283,,False
70,106286,,False
70,106289,,False
70,106295,,False
70,106315,,False
70,106319,,False
70,106329,,False
70,106344,,False
70,106356,,False
70,106364,,False
70,106366,,False
70,106373,,False
70,106381,,False
70,106390,,False
70,106392,,False
70,106395,,False
70,106398,,False
70,106423,,False
70,106426,,False
70,106432,,False
70,106436,,False
70,106437,,False
70,106449,,False
70,106453,,False
70,106455,,False
70,106456,,False
70,106470,,False
70,106480,,False
70,106482,,False
70,106488,,False
70,106493,,False
70,106498,,False
70,106499,,False
70,106509,,False
70,106513,,False
70,106519,,False
70,106529,,False
70,106541,,False
70,106547,,False
70,106550,,False
70,106557,,False
70,106562,,False
70,106573,,False
70,106588,,False
70,106589,,False
70,106592,,False
70,106595,,False
70,106605,,False
70,106608,,False
70,106615,,False
70,106616,,False
70,106625,,False
70,106626,,False
70,106638,,False
70,106646,,False
70,106653,,False
70,106656,,False
70,106660,,False
70,106661,,False
70,106662,,False
70,106686,,False
70,106691,,False
70,106696,,False
70,106704,,False
70,106705,,False
70,106715,,False
70,106723,,False
70,106746,,False
70,106747,,False
70,106763,,False
70,106783,,False
70,106787,,False
70,106801,,False
70,106813,,False
70,106815,,False
70,106827,,False
70,106837,,False
70,106839,,False
70,106847,,False
70,106854,,False
70,106855,,False
70,106859,,False
70,106869,,False
70,106873,,False
70,106876,,False
70,106883,,False
70,106887,,False
70,106893,,False
70,106896,,False
70,106900,,False
70,106902,,False
70,106906,,False
70,106908,,False
70,106910,,False
70,106915,,False
70,106919,,False
70,106923,,False
70,106925,,False
70,106927,,False
70,106948,,False
70,106957,,False
70,106961,,False
70,106964,,False
70,106970,,False
70,106972,,False
70,106976,,False
70,106980,,False
70,106981,,False
70,106982,,False
70,106986,,False
70,107013,,False
70,107023,,False
70,107033,,False
70,107041,,False
70,107044,,False
70,107047,,False
70,107058,,False
70,107061,,False
70,107069,,False
70,107072,,False
70,107077,,False
70,107078,,False
70,107084,,False
70,107108,,False
70,107121,,False
70,107133,,False
70,107141,,False
70,107144,,False
70,107145,,False
70,107147,,False
70,107153,,False
70,107155,,False
70,107166,,False
70,107171,,False
70,107186,,False
70,107187,,False
70,107189,,False
70,107223,,False
70,107233,,False
70,107236,,False
70,107238,,False
70,107245,,False
70,107250,,False
70,107252,,False
70,107253,,False
70,107254,,False
70,107285,,False
70,107293,,False
70,107303,,False
70,107304,,False
70,107307,,False
70,107312,,False
70,107324,,False
70,107332,,False
70,107335,,False
70,107337,,False
70,107341,,False
70,107345,,False
70,107349,,False
70,107350,,False
70,107361,,False
70,107362,,False
70,107363,,False
70,107368,,False
70,107373,,False
70,107379,,False
70,107381,,False
70,107396,,False
70,107404,,False
70,107405,,False
70,107407,,False
70,107419,,False
70,107425,,False
70,107432,,False
70,107450,,False
70,107452,,False
70,107462,,False
70,107465,,False
70,107468,,False
70,107483,,False
70,107488,,False
70,107497,,False
70,107498,,False
70,107517,,False
70,107537,,False
70,107539,,False
70,107552,,False
70,107561,,False
70,107568,,False
70,107578,,False
70,107602,,False
70,107609,,False
70,107610,,False
70,107644,,False
70,107647,,False
70,107655,,False
70,107665,,False
70,107668,,False
70,107682,,False
70,107683,,False
70,107690,,False
70,107709,,False
70,107719,,False
70,107727,,False
70,107748,,False
70,107752,,False
70,107761,,False
70,107772,,False
70,107776,,False
70,107805,,False
70,107813,,False
70,107819,,False
70,107834,,False
70,107837,,False
70,107842,,False
70,107847,,False
70,107850,,False
70,107856,,False
70,107861,,False
70,107879,,False
70,107889,,False
70,107895,,False
70,107931,,False
70,107934,,False
70,107944,,False
70,107948,,False
70,107950,,False
70,107958,,False
70,107966,,False
70,107988,,False
70,107997,,False
70,108003,,False
70,108019,,False
70,108039,,False
70,108065,,False
70,108072,,False
70,108075,,False
70,108080,,False
70,108085,,False
70,108089,,False
70,108090,,False
70,108097,,False
70,108103,,False
70,108104,,False
70,108111,,False
70,108116,,False
70,108159,,False
70,108161,,False
70,108163,,False
70,108165,,False
70,108179,,False
70,108180,,False
70,108192,,False
70,108199,,False
70,108207,,False
70,108209,,False
70,108212,,False
70,108215,,False
70,108216,,False
70,108224,,False
70,108232,,False
70,108242,,False
70,108245,,False
70,108246,,False
70,108252,,False
70,108253,,False
70,108256,,False
70,108270,,False
70,108272,,False
70,108284,,False
70,108290,,False
70,108292,,False
70,108297,,False
70,108300,,False
70,108315,,False
70,108316,,False
70,108318,,False
70,108330,,False
70,108332,,False
70,108344,,False
70,108352,,False
70,108369,,False
70,108383,,False
70,108398,,False
70,108399,,False
70,108409,,False
70,108411,,False
70,108424,,False
70,108432,,False
70,108437,,False
70,108460,,False
70,108464,,False
70,108470,,False
70,108475,,False
70,108476,,False
70,108486,,False
70,108494,,False
70,108498,,False
70,108517,,False
70,108534,,False
70,108550,,False
70,108555,,False
70,108556,,False
70,108562,,False
70,108563,,False
70,108585,,False
70,108592,,False
70,108606,,False
70,108611,,False
70,108622,,False
70,108638,,False
70,108646,,False
70,108659,,False
70,108660,,False
70,108670,,False
70,108676,,False
70,108688,,False
70,108694,,False
70,108705,,False
70,108716,,False
70,108719,,False
70,108729,,False
70,108730,,False
70,108742,,False
70,108744,,False
70,108748,,False
70,108751,,False
70,108766,,False
70,108791,,False
70,108793,,False
70,108801,,False
70,108821,,False
70,108829,,False
70,108836,,False
70,108839,,False
70,108840,,False
70,108856,,False
70,108870,,False
70,108880,,False
70,108888,,False
70,108889,,False
70,108892,,False
70,108904,,False
70,108923,,False
70,108929,,False
70,108932,,False
70,108943,,False
70,108945,,False
70,108946,,False
70,108949,,False
70,108953,,False
70,108969,,False
70,108972,,False
70,108973,,False
70,108978,,False
70,108985,,False
70,108995,,False
70,109000,,False
70,109006,,False
70,109033,,False
70,109039,,False
70,109045,,False
70,109051,,False
70,109053,,False
70,109061,,False
70,109069,,False
70,109102,,False
70,109112,,False
70,109159,,False
70,109162,,False
70,109176,,False
70,109186,,False
70,109196,,False
70,109214,,False
70,109218,,False
70,109226,,False
70,109233,,False
70,109257,,False
70,109263,,False
70,109274,,False
70,109301,,False
70,109307,,False
70,109310,,False
70,109317,,False
70,109335,,False
70,109338,,False
70,109347,,False
70,109349,,False
70,109366,,False
70,109374,,False
70,109382,,False
70,109384,,False
70,109393,,False
70,109412,,False
70,109419,,False
70,109423,,False
70,109427,,False
70,109440,,False
70,109447,,False
70,109451,,False
70,109456,,False
70,109463,,False
70,109464,,False
70,109466,,False
70,109478,,False
70,109481,,False
70,109492,,False
70,109496,,False
70,109508,,False
70,109512,,False
70,109519,,False
70,109522,,False
70,109523,,False
70,109526,,False
70,109527,,False
70,109528,,False
70,109533,,False
70,109540,,False
70,109548,,False
70,109550,,False
70,109553,,False
70,109558,,False
70,109559,,False
70,109566,,False
70,109578,,False
70,109592,,False
70,109594,,False
70,109598,,False
70,109601,,False
70,109615,,False
70,109624,,False
70,109632,,False
70,109646,,False
70,109658,,False
70,109668,,False
70,109670,,False
70,109686,,False
70,109688,,False
70,109722,,False
70,109734,,False
70,109756,,False
70,109762,,False
70,109763,,False
70,109768,,False
70,109793,,False
70,109801,,False
70,109822,,False
70,109831,,False
70,109834,,False
70,109854,,False
70,109861,,False
70,109874,,False
70,109876,,False
70,109883,,False
70,109896,,False
70,109903,,False
70,109906,,False
70,109914,,False
70,109917,,False
70,109924,,False
70,109927,,False
70,109942,,False
70,109945,,False
70,109958,,False
70,109959,,False
70,109969,,False
70,109973,,False
70,109977,,False
70,109978,,False
70,109986,,False
70,109993,,False
70,109996,,False
70,110013,,False
70,110031,,False
70,110049,,False
70,110067,,False
70,110070,,False
70,110074,,False
70,110075,,False
70,110079,,False
70,110086,,False
70,110091,,False
70,110094,,False
70,110097,,False
70,110098,,False
70,110100,,False
70,110130,,False
70,110131,,False
70,110134,,False
70,110154,,False
70,110158,,False
70,110159,,False
70,110171,,False
70,110173,,False
70,110181,,False
70,110183,,False
70,110187,,False
70,110193,,False
70,110200,,False
70,110213,,False
70,110220,,False
70,110222,,False
70,110226,,False
70,110227,,False
70,110231,,False
70,110232,,False
70,110247,,False
70,110255,,False
70,110264,,False
70,110265,,False
70,110271,,False
70,110277,,False
70,110279,,False
70,110301,,False
70,110307,,False
70,110308,,False
70,110312,,False
70,110318,,False
70,110323,,False
70,110324,,False
70,110326,,False
70,110332,,False
70,110348,,False
70,110350,,False
70,110361,,False
70,110365,,False
70,110369,,False
70,110375,,False
70,110379,,False
70,110391,,False
70,110416,,False
70,110434,,False
70,110443,,False
70,110446,,False
70,110450,,False
70,110463,,False
70,110465,,False
70,110470,,False
70,110474,,False
70,110475,,False
70,110478,,False
70,110483,,False
70,110486,,False
70,110489,,False
70,110495,,False
70,110501,,False
70,110504,,False
70,110519,,False
70,110529,,False
70,110536,,False
70,110539,,False
70,110545,,False
70,110546,,False
70,110550,,False
70,110563,,False
70,110598,,False
70,110622,,False
70,110639,,False
70,110674,,False
70,110682,,False
70,110683,,False
70,110698,,False
70,110706,,False
70,110708,,False
70,110710,,False
70,110727,,False
70,110738,,False
70,110748,,False
70,110759,,False
70,110766,,False
70,110768,,False
70,110769,,False
70,110772,,False
70,110775,,False
70,110787,,False
70,110802,,False
70,110817,,False
70,110839,,False
70,110846,,False
70,110852,,False
70,110859,,False
70,110876,,False
70,110883,,False
70,110893,,False
70,110903,,False
70,110912,,False
70,110914,,False
70,110926,,False
70,110931,,False
70,110934,,False
70,110935,,False
70,110939,,False
70,110944,,False
70,110947,,False
70,110959,,False
70,110964,,False
70,110976,,False
70,110986,,False
70,110991,,False
70,111006,,False
70,111015,,False
70,111016,,False
70,111020,,False
70,111029,,False
70,111031,,False
70,111041,,False
70,111042,,False
70,111050,,False
70,111054,,False
70,111055,,False
70,111056,,False
70,111065,,False
70,111066,,False
70,111071,,False
70,111079,,False
70,111084,,False
70,111094,,False
70,111100,,False
70,111113,,False
70,111116,,False
70,111141,,False
70,111147,,False
70,111156,,False
70,111162,,False
70,111165,,False
70,111167,,False
70,111185,,False
70,111189,,False
70,111195,,False
70,111220,,False
70,111227,,False
70,111229,,False
70,111235,,False
70,111246,,False
70,111254,,False
70,111256,,False
70,111270,,False
70,111272,,False
70,111274,,False
70,111276,,False
70,111277,,False
70,111288,,False
70,111289,,False
70,111291,,False
70,111304,,False
70,111309,,False
70,111317,,False
70,111321,,False
70,111330,,False
70,111339,,False
70,111347,,False
70,111351,,False
70,111371,,False
70,111378,,False
70,111386,,False
70,111391,,False
70,111393,,False
70,111399,,False
70,111410,,False
70,111411,,False
70,111412,,False
70,111417,,False
70,111443,,False
70,111446,,False
70,111447,,False
70,111454,,False
70,111455,,False
70,111495,,False
70,111518,,False
70,111526,,False
70,111527,,False
70,111540,,False
70,111545,,False
70,111550,,False
70,111554,,False
70,111571,,False
70,111578,,False
70,111579,,False
70,111581,,False
70,111592,,False
70,111611,,False
70,111617,,False
70,111627,,False
70,111630,,False
70,111640,,False
70,111645,,False
70,111650,,False
70,111651,,False
70,111658,,False
70,111664,,False
70,111668,,False
70,111723,,False
70,111729,,False
70,111737,,False
70,111739,,False
70,111743,,False
70,111746,,False
70,111747,,False
70,111758,,False
70,111761,,False
70,111777,,False
70,111781,,False
70,111783,,False
70,111784,,False
70,111791,,False
70,111807,,False
70,111828,,False
70,111830,,False
70,111840,,False
70,111844,,False
70,111872,,False
70,111876,,False
70,111895,,False
70,111898,,False
70,111908,,False
70,111911,,False
70,111914,,False
70,111923,,False
70,111927,,False
70,111930,,False
70,111931,,False
70,111998,,False
70,112001,,False
70,112015,,False
70,112019,,False
70,112021,,False
70,112032,,False
70,112035,,False
70,112037,,False
70,112042,,False
70,112043,,False
70,112050,,False
70,112070,,False
70,112071,,False
70,112074,,False
70,112076,,False
70,112100,,False
70,112102,,False
70,112108,,False
70,112110,,False
70,112111,,False
70,112118,,False
70,112139,,False
70,112161,,False
70,112188,,False
70,112190,,False
70,112198,,False
70,112202,,False
70,112221,,False
70,112227,,False
70,112239,,False
70,112251,,False
70,112273,,False
70,112274,,False
70,112279,,False
70,112286,,False
70,112298,,False
70,112328,,False
70,112329,,False
70,112332,,False
70,112340,,False
70,112348,,False
70,112353,,False
70,112370,,False
70,112384,,False
70,112387,,False
70,112388,,False
70,112398,,False
70,112407,,False
70,112410,,False
70,112411,,False
70,112413,,False
70,112433,,False
70,112444,,False
70,112458,,False
70,112460,,False
70,112461,,False
70,112470,,False
70,112478,,False
70,112483,,False
70,112487,,False
70,112499,,False
70,112500,,False
70,112504,,False
70,112517,,False
70,112522,,False
70,112530,,False
70,112532,,False
70,112541,,False
70,112542,,False
70,112543,,False
70,112558,,False
70,112562,,False
70,112564,,False
70,112571,,False
70,112583,,False
70,112584,,False
70,112598,,False
70,112600,,False
70,112601,,False
70,112604,,False
70,112610,,False
70,112612,,False
70,112619,,False
70,112621,,False
70,112622,,False
70,112625,,False
70,112630,,False
70,112643,,False
70,112645,,False
70,112650,,False
70,112664,,False
70,112665,,False
70,112677,,False
70,112680,,False
70,112693,,False
70,112702,,False
70,112717,,False
70,112721,,False
70,112723,,False
70,112725,,False
70,112731,,False
70,112737,,False
70,112752,,False
70,112756,,False
70,112759,,False
70,112767,,False
70,112768,,False
70,112777,,False
70,112781,,False
70,112783,,False
70,112785,,False
70,112790,,False
70,112793,,False
70,112795,,False
70,112805,,False
70,112807,,False
70,112811,,False
70,112813,,False
70,112822,,False
70,112823,,False
70,112828,,False
70,112830,,False
70,112831,,False
70,112836,,False
70,112841,,False
70,112843,,False
70,112852,,False
70,112874,,False
70,112881,,False
70,112890,,False
70,112891,,False
70,112896,,False
70,112901,,False
70,112903,,False
70,112910,,False
70,112925,,False
70,112928,,False
70,112935,,False
70,112947,,False
70,112950,,False
70,112963,,False
70,112964,,False
70,112967,,False
70,112974,,False
70,113002,,False
70,113007,,False
70,113011,,False
70,113012,,False
70,113014,,False
70,113018,,False
70,113019,,False
70,113027,,False
70,113028,,False
70,113041,,False
70,113045,,False
70,113051,,False
70,113073,,False
70,113084,,False
70,113085,,False
70,113091,,False
70,113098,,False
70,113101,,False
70,113103,,False
70,113104,,False
70,113107,,False
70,113115,,False
70,113128,,False
70,113151,,False
70,113154,,False
70,113160,,False
70,113163,,False
70,113173,,False
70,113179,,False
70,113189,,False
70,113192,,False
70,113211,,False
70,113217,,False
70,113219,,False
70,113229,,False
70,113235,,False
70,113239,,False
70,113244,,False
70,113246,,False
70,113247,,False
70,113254,,False
70,113266,,False
70,113281,,False
70,113283,,False
70,113285,,False
70,113286,,False
70,113293,,False
70,113295,,False
70,113299,,False
70,113305,,False
70,113310,,False
70,113312,,False
70,113314,,False
70,113318,,False
70,113319,,False
70,113321,,False
70,113322,,False
70,113327,,False
70,113335,,False
70,113339,,False
70,113346,,False
70,113349,,False
70,113372,,False
70,113375,,False
70,113384,,False
70,113388,,False
70,113390,,False
70,113400,,False
70,113409,,False
70,113412,,False
70,113420,,False
70,113422,,False
70,113424,,False
70,113435,,False
70,113439,,False
70,113451,,False
70,113454,,False
70,113464,,False
70,113465,,False
70,113474,,False
70,113483,,False
70,113493,,False
70,113504,,False
70,113507,,False
70,113511,,False
70,113529,,False
70,113531,,False
70,113532,,False
70,113547,,False
70,113550,,False
70,113552,,False
70,113553,,False
70,113558,,False
70,113567,,False
70,113584,,False
70,113587,,False
70,113601,,False
70,113611,,False
70,113612,,False
70,113613,,False
70,113628,,False
70,113631,,False
70,113667,,False
70,113679,,False
70,113697,,False
70,113698,,False
70,113701,,False
70,113706,,False
70,113718,,False
70,113747,,False
70,113751,,False
70,113765,,False
70,113775,,False
70,113780,,False
70,113783,,False
70,113794,,False
70,113797,,False
70,113812,,False
70,113814,,False
70,113817,,False
70,113827,,False
70,113828,,False
70,113831,,False
70,113837,,False
70,113847,,False
70,113850,,False
70,113856,,False
70,113859,,False
70,113866,,False
70,113868,,False
70,113900,,False
70,113903,,False
70,113908,,False
70,113909,,False
70,113916,,False
70,113932,,False
70,113933,,False
70,113941,,False
70,113951,,False
70,113960,,False
70,113961,,False
70,113964,,False
70,113977,,False
70,113979,,False
70,113990,,False
70,114006,,False
70,114011,,False
70,114022,,False
70,114025,,False
70,114028,,False
70,114031,,False
70,114037,,False
70,114038,,False
70,114042,,False
70,114043,,False
70,114045,,False
70,114053,,False
70,114061,,False
70,114070,,False
70,114081,,False
70,114082,,False
70,114093,,False
70,114106,,False
70,114112,,False
70,114149,,False
70,114166,,False
70,114175,,False
70,114176,,False
70,114181,,False
70,114189,,False
70,114190,,False
70,114200,,False
70,114203,,False
70,114216,,False
70,114224,,False
70,114227,,False
70,114229,,False
70,114247,,False
70,114257,,False
70,114263,,False
70,114268,,False
70,114290,,False
70,114298,,False
70,114300,,False
70,114303,,False
70,114308,,False
70,114315,,False
70,114326,,False
70,114333,,False
70,114345,,False
70,114346,,False
70,114348,,False
70,114352,,False
70,114370,,False
70,114375,,False
70,114380,,False
70,114391,,False
70,114392,,False
70,114395,,False
70,114401,,False
70,114402,,False
70,114420,,False
70,114422,,False
70,114427,,False
70,114435,,False
70,114449,,False
70,114455,,False
70,114456,,False
70,114465,,False
70,114466,,False
70,114481,,False
70,114484,,False
70,114494,,False
70,114502,,False
70,114512,,False
70,114517,,False
70,114520,,False
70,114540,,False
70,114542,,False
70,114545,,False
70,114554,,False
70,114567,,False
70,114576,,False
70,114581,,False
70,114597,,False
70,114604,,False
70,114612,,False
70,114622,,False
70,114657,,False
70,114659,,False
70,114663,,False
70,114664,,False
70,114665,,False
70,114670,,False
70,114672,,False
70,114678,,False
70,114686,,False
70,114696,,False
70,114708,,False
70,114710,,False
70,114737,,False
70,114750,,False
70,114765,,False
70,114783,,False
70,114784,,False
70,114791,,False
70,114797,,False
70,114803,,False
70,114805,,False
70,114809,,False
70,114812,,False
70,114828,,False
70,114829,,False
70,114831,,False
70,114838,,False
70,114841,,False
70,114854,,False
70,114856,,False
70,114860,,False
70,114861,,False
70,114863,,False
70,114867,,False
70,114870,,False
70,114879,,False
70,114887,,False
70,114908,,False
70,114911,,False
70,114923,,False
70,114925,,False
70,114946,,False
70,114949,,False
70,114953,,False
70,114956,,False
70,114960,,False
70,114962,,False
70,114969,,False
70,114985,,False
70,114989,,False
70,114996,,False
70,115007,,False
70,115008,,False
70,115018,,False
70,115035,,False
70,115047,,False
70,115050,,False
70,115054,,False
70,115064,,False
70,115068,,False
70,115070,,False
70,115108,,False
70,115110,,False
70,115117,,False
70,115118,,False
70,115138,,False
70,115153,,False
70,115162,,False
70,115170,,False
70,115172,,False
70,115182,,False
70,115188,,False
70,115192,,False
70,115193,,False
70,115195,,False
70,115200,,False
70,115206,,False
70,115207,,False
70,115209,,False
70,115212,,False
70,115221,,False
70,115226,,False
70,115232,,False
70,115233,,False
70,115236,,False
70,115238,,False
70,115242,,False
70,115247,,False
70,115270,,False
70,115276,,False
70,115282,,False
70,115283,,False
70,115289,,False
70,115292,,False
70,115301,,False
70,115320,,False
70,115330,,False
70,115332,,False
70,115354,,False
70,115355,,False
70,115365,,False
70,115373,,False
70,115377,,False
70,115386,,False
70,115389,,False
70,115392,,False
70,115402,,False
70,115425,,False
70,115435,,False
70,115437,,False
70,115439,,False
70,115451,,False
70,115452,,False
70,115468,,False
70,115475,,False
70,115490,,False
70,115503,,False
70,115505,,False
70,115513,,False
70,115518,,False
70,115520,,False
70,115523,,False
70,115531,,False
70,115540,,False
70,115542,,False
70,115560,,False
70,115561,,False
70,115578,,False
70,115581,,False
70,115590,,False
70,115596,,False
70,115603,,False
70,115616,,False
70,115634,,False
70,115647,,False
70,115658,,False
70,115659,,False
70,115661,,False
70,115667,,False
70,115668,,False
70,115676,,False
70,115691,,False
70,115701,,False
70,115705,,False
70,115709,,False
70,115712,,False
70,115715,,False
70,115717,,False
70,115722,,False
70,115723,,False
70,115729,,False
70,115732,,False
70,115736,,False
70,115737,,False
70,115742,,False
70,115752,,False
70,115755,,False
70,115767,,False
70,115771,,False
70,115776,,False
70,115781,,False
70,115791,,False
70,115795,,False
70,115811,,False
70,115818,,False
70,115819,,False
70,115828,,False
70,115830,,False
70,115847,,False
70,115850,,False
70,115876,,False
70,115881,,False
70,115891,,False
70,115895,,False
70,115902,,False
70,115904,,False
70,115910,,False
70,115913,,False
70,115933,,False
70,115936,,False
70,115944,,False
70,115955,,False
70,115961,,False
70,115969,,False
70,115979,,False
70,115980,,False
70,115993,,False
70,116002,,False
70,116004,,False
70,116005,,False
70,116007,,False
70,116011,,False
70,116018,,False
70,116019,,False
70,116032,,False
70,116039,,False
70,116043,,False
70,116054,,False
70,116066,,False
70,116074,,False
70,116077,,False
70,116078,,False
70,116105,,False
70,116106,,False
70,116125,,False
70,116128,,False
70,116130,,False
70,116138,,False
70,116140,,False
70,116141,,False
70,116155,,False
70,116168,,False
70,116182,,False
70,116186,,False
70,116188,,False
70,116189,,False
70,116190,,False
70,116194,,False
70,116196,,False
70,116213,,False
70,116217,,False
70,116221,,False
70,116224,,False
70,116229,,False
70,116234,,False
70,116238,,False
70,116243,,False
70,116244,,False
70,116257,,False
70,116265,,False
70,116271,,False
70,116272,,False
70,116276,,False
70,116278,,False
70,116279,,False
70,116300,,False
70,116301,,False
70,116305,,False
70,116316,,False
70,116324,,False
70,116331,,False
70,116333,,False
70,116341,,False
70,116342,,False
70,116356,,False
70,116361,,False
70,116377,,False
70,116391,,False
70,116395,,False
70,116403,,False
70,116408,,False
70,116412,,False
70,116433,,False
70,116438,,False
70,116440,,False
70,116441,,False
70,116443,,False
70,116449,,False
70,116454,,False
70,116462,,False
70,116470,,False
70,116476,,False
70,116489,,False
70,116491,,False
70,116494,,False
70,116496,,False
70,116497,,False
70,116504,,False
70,116507,,False
70,116528,,False
70,116537,,False
70,116538,,False
70,116539,,False
70,116547,,False
70,116551,,False
70,116553,,False
70,116556,,False
70,116563,,False
70,116564,,False
70,116566,,False
70,116573,,False
70,116583,,False
70,116584,,False
70,116607,,False
70,116620,,False
70,116623,,False
70,116625,,False
70,116633,,False
70,116634,,False
70,116640,,False
70,116643,,False
70,116663,,False
70,116668,,False
70,116670,,False
70,116684,,False
70,116694,,False
70,116722,,False
70,116727,,False
70,116728,,False
70,116732,,False
70,116755,,False
70,116758,,False
70,116760,,False
70,116767,,False
70,116783,,False
70,116784,,False
70,116788,,False
70,116792,,False
70,116796,,False
70,116798,,False
70,116805,,False
70,116811,,False
70,116819,,False
70,116824,,False
70,116825,,False
70,116829,,False
70,116840,,False
70,116843,,False
70,116845,,False
70,116848,,False
70,116850,,False
70,116865,,False
70,116871,,False
70,116882,,False
70,116885,,False
70,116887,,False
70,116900,,False
70,116904,,False
70,116907,,False
70,116914,,False
70,116926,,False
70,116927,,False
70,116940,,False
70,116942,,False
70,116957,,False
70,116962,,False
70,116987,,False
70,116993,,False
70,117009,,False
70,117011,,False
70,117031,,False
70,117032,,False
70,117035,,False
70,117036,,False
70,117050,,False
70,117065,,False
70,117075,,False
70,117085,,False
70,117098,,False
70,117110,,False
70,117124,,False
70,117126,,False
70,117132,,False
70,117140,,False
70,117142,,False
70,117151,,False
70,117153,,False
70,117169,,False
70,117171,,False
70,117174,,False
70,117182,,False
70,117188,,False
70,117194,,False
70,117196,,False
70,117200,,False
70,117201,,False
70,117208,,False
70,117215,,False
70,117262,,False
70,117268,,False
70,117288,,False
70,117291,,False
70,117292,,False
70,117297,,False
70,117309,,False
70,117315,,False
70,117331,,False
70,117336,,False
70,117343,,False
70,117348,,False
70,117350,,False
70,117360,,False
70,117365,,False
70,117372,,False
70,117387,,False
70,117406,,False
70,117407,,False
70,117410,,False
70,117411,,False
70,117416,,False
70,117419,,False
70,117421,,False
70,117428,,False
70,117445,,False
70,117449,,False
70,117472,,False
70,117479,,False
70,117484,,False
70,117495,,False
70,117499,,False
70,117500,,False
70,117505,,False
70,117506,,False
70,117509,,False
70,117520,,False
70,117525,,False
70,117550,,False
70,117555,,False
70,117560,,False
70,117570,,False
70,117574,,False
70,117577,,False
70,117584,,False
70,117612,,False
70,117613,,False
70,117618,,False
70,117625,,False
70,117629,,False
70,117632,,False
70,117641,,False
70,117645,,False
70,117651,,False
70,117659,,False
70,117662,,False
70,117676,,False
70,117679,,False
70,117682,,False
70,117685,,False
70,117691,,False
70,117694,,False
70,117695,,False
70,117715,,False
70,117720,,False
70,117735,,False
70,117737,,False
70,117740,,False
70,117748,,False
70,117763,,False
70,117765,,False
70,117768,,False
70,117773,,False
70,117781,,False
70,117800,,False
70,117819,,False
70,117822,,False
70,117834,,False
70,117866,,False
70,117867,,False
70,117879,,False
70,117880,,False
70,117884,,False
70,117894,,False
70,117900,,False
70,117909,,False
70,117923,,False
70,117932,,False
70,117941,,False
70,117947,,False
70,117949,,False
70,117953,,False
70,117954,,False
70,117969,,False
70,117974,,False
70,117982,,False
70,117987,,False
70,117990,,False
70,118000,,False
70,118007,,False
70,118027,,False
70,118034,,False
70,118035,,False
70,118038,,False
70,118040,,False
70,118042,,False
70,118047,,False
70,118053,,False
70,118066,,False
70,118080,,False
70,118089,,False
70,118090,,False
70,118098,,False
70,118104,,False
70,118131,,False
70,118132,,False
70,118138,,False
70,118139,,False
70,118145,,False
70,118154,,False
70,118170,,False
70,118175,,False
70,118182,,False
70,118183,,False
70,118186,,False
70,118202,,False
70,118206,,False
70,118228,,False
70,118237,,False
70,118238,,False
70,118242,,False
70,118249,,False
70,118255,,False
70,118258,,False
70,118260,,False
70,118267,,False
70,118270,,False
70,118272,,False
70,118273,,False
70,118281,,False
70,118283,,False
70,118295,,False
70,118301,,False
70,118310,,False
70,118313,,False
70,118315,,False
70,118320,,False
70,118329,,False
70,118336,,False
70,118346,,False
70,118354,,False
70,118357,,False
70,118369,,False
70,118380,,False
70,118385,,False
70,118387,,False
70,118391,,False
70,118395,,False
70,118402,,False
70,118404,,False
70,118429,,False
70,118434,,False
70,118439,,False
70,118442,,False
70,118453,,False
70,118462,,False
70,118465,,False
70,118468,,False
70,118469,,False
70,118476,,False
70,118479,,False
70,118480,,False
70,118504,,False
70,118510,,False
70,118514,,False
70,118517,,False
70,118524,,False
70,118528,,False
70,118530,,False
70,118531,,False
70,118539,,False
70,118545,,False
70,118575,,False
70,118578,,False
70,118580,,False
70,118590,,False
70,118599,,False
70,118606,,False
70,118609,,False
70,118611,,False
70,118615,,False
70,118619,,False
70,118624,,False
70,118639,,False
70,118652,,False
70,118655,,False
70,118657,,False
70,118659,,False
70,118664,,False
70,118670,,False
70,118694,,False
70,118713,,False
70,118716,,False
70,118720,,False
70,118723,,False
70,118726,,False
70,118732,,False
70,118735,,False
70,118740,,False
70,118754,,False
70,118761,,False
70,118778,,False
70,118780,,False
70,118781,,False
70,118799,,False
70,118802,,False
70,118816,,False
70,118825,,False
70,118826,,False
70,118830,,False
70,118860,,False
70,118861,,False
70,118862,,False
70,118863,,False
70,118865,,False
70,118867,,False
70,118873,,False
70,118889,,False
70,118892,,False
70,118893,,False
70,118917,,False
70,118933,,False
70,118935,,False
70,118944,,False
70,118946,,False
70,118958,,False
70,118963,,False
70,118971,,False
70,118972,,False
70,118979,,False
70,118996,,False
70,119004,,False
70,119013,,False
70,119015,,False
70,119019,,False
70,119022,,False
70,119023,,False
70,119044,,False
70,119050,,False
70,119056,,False
70,119066,,False
70,119071,,False
70,119078,,False
70,119085,,False
70,119087,,False
70,119090,,False
70,119114,,False
70,119115,,False
70,119123,,False
70,119135,,False
70,119144,,False
70,119151,,False
70,119158,,False
70,119169,,False
70,119170,,False
70,119171,,False
70,119182,,False
70,119197,,False
70,119205,,False
70,119213,,False
70,119225,,False
70,119229,,False
70,119232,,False
70,119233,,False
70,119238,,False
70,119243,,False
70,119271,,False
70,119293,,False
70,119296,,False
70,119312,,False
70,119327,,False
70,119343,,False
70,119348,,False
70,119353,,False
70,119356,,False
70,119368,,False
70,119374,,False
70,119384,,False
70,119386,,False
70,119387,,False
70,119394,,False
70,119396,,False
70,119400,,False
70,119403,,False
70,119406,,False
70,119432,,False
70,119435,,False
70,119447,,False
70,119451,,False
70,119453,,False
70,119458,,False
70,119461,,False
70,119487,,False
70,119491,,False
70,119500,,False
70,119506,,False
70,119510,,False
70,119516,,False
70,119518,,False
70,119527,,False
70,119536,,False
70,119544,,False
70,119558,,False
70,119564,,False
70,119569,,False
70,119574,,False
70,119589,,False
70,119590,,False
70,119591,,False
70,119604,,False
70,119613,,False
70,119618,,False
70,119634,,False
70,119637,,False
70,119653,,False
70,119663,,False
70,119671,,False
70,119686,,False
70,119708,,False
70,119710,,False
70,119713,,False
70,119722,,False
70,119736,,False
70,119754,,False
70,119767,,False
70,119778,,False
70,119785,,False
70,119787,,False
70,119796,,False
70,119798,,False
70,119800,,False
70,119802,,False
70,119815,,False
70,119816,,False
70,119820,,False
70,119825,,False
70,119834,,False
70,119835,,False
70,119836,,False
70,119843,,False
70,119855,,False
70,119867,,False
70,119872,,False
70,119882,,False
70,119892,,False
70,119894,,False
70,119911,,False
70,119916,,False
70,119917,,False
70,119944,,False
70,119946,,False
70,119950,,False
70,119951,,False
70,119968,,False
70,119974,,False
70,119987,,False
70,119990,,False
70,119996,,False
70,120000,,False
70,120004,,False
70,120012,,False
70,120027,,False
70,120034,,False
70,120035,,False
70,120039,,False
70,120047,,False
70,120049,,False
70,120058,,False
70,120061,,False
70,120084,,False
70,120086,,False
70,120087,,False
70,120092,,False
70,120099,,False
70,120108,,False
70,120110,,False
70,120120,,False
70,120125,,False
70,120132,,False
70,120136,,False
70,120152,,False
70,120194,,False
70,120196,,False
70,120206,,False
70,120207,,False
70,120227,,False
70,120230,,False
70,120237,,False
70,120238,,False
70,120256,,False
70,120272,,False
70,120273,,False
70,120274,,False
70,120276,,False
70,120286,,False
70,120295,,False
70,120317,,False
70,120321,,False
70,120328,,False
70,120329,,False
70,120331,,False
70,120355,,False
70,120379,,False
70,120380,,False
70,120384,,False
70,120390,,False
70,120394,,False
70,120399,,False
70,120401,,False
70,120409,,False
70,120411,,False
70,120412,,False
70,120422,,False
70,120428,,False
70,120430,,False
70,120441,,False
70,120446,,False
70,120458,,False
70,120473,,False
70,120477,,False
70,120487,,False
70,120494,,False
70,120495,,False
70,120519,,False
70,120531,,False
70,120537,,False
70,120539,,False
70,120551,,False
70,120561,,False
70,120569,,False
70,120575,,False
70,120581,,False
70,120587,,False
70,120589,,False
70,120607,,False
70,120610,,False
70,120611,,False
70,120623,,False
70,120624,,False
70,120625,,False
70,120629,,False
70,120649,,False
70,120652,,False
70,120658,,False
70,120659,,False
70,120661,,False
70,120680,,False
70,120686,,False
70,120689,,False
70,120690,,False
70,120693,,False
70,120694,,False
70,120701,,False
70,120703,,False
70,120718,,False
70,120723,,False
70,120727,,False
70,120731,,False
70,120736,,False
70,120741,,False
70,120745,,False
70,120750,,False
70,120760,,False
70,120775,,False
70,120778,,False
70,120792,,False
70,120811,,False
70,120815,,False
70,120821,,False
70,120823,,False
70,120833,,False
70,120849,,False
70,120852,,False
70,120854,,False
70,120855,,False
70,120860,,False
70,120869,,False
70,120893,,False
70,120895,,False
70,120901,,False
70,120911,,False
70,120914,,False
70,120915,,False
70,120916,,False
70,120925,,False
70,120935,,False
70,120948,,False
70,120954,,False
70,120967,,False
70,120970,,False
70,120978,,False
70,120981,,False
70,120988,,False
70,120991,,False
70,120996,,False
70,120997,,False
70,121012,,False
70,121013,,False
70,121019,,False
70,121026,,False
70,121036,,False
70,121047,,False
70,121059,,False
70,121082,,False
70,121089,,False
70,121094,,False
70,121099,,False
70,121102,,False
70,121103,,False
70,121118,,False
70,121126,,False
70,121135,,False
70,121142,,False
70,121143,,False
70,121153,,False
70,121169,,False
70,121177,,False
70,121205,,False
70,121207,,False
70,121210,,False
70,121224,,False
70,121243,,False
70,121247,,False
70,121264,,False
70,121280,,False
70,121284,,False
70,121292,,False
70,121302,,False
70,121309,,False
70,121315,,False
70,121316,,False
70,121320,,False
70,121322,,False
70,121323,,False
70,121338,,False
70,121340,,False
70,121351,,False
70,121352,,False
70,121364,,False
70,121368,,False
70,121383,,False
70,121388,,False
70,121393,,False
70,121396,,False
70,121416,,False
70,121425,,False
70,121429,,False
70,121438,,False
70,121459,,False
70,121460,,False
70,121468,,False
70,121469,,False
70,121479,,False
70,121485,,False
70,121490,,False
70,121495,,False
70,121496,,False
70,121497,,False
70,121502,,False
70,121506,,False
70,121510,,False
70,121511,,False
70,121521,,False
70,121531,,False
70,121537,,False
70,121541,,False
70,121550,,False
70,121551,,False
70,121556,,False
70,121571,,False
70,121580,,False
70,121582,,False
70,121588,,False
70,121596,,False
70,121601,,False
70,121604,,False
70,121607,,False
70,121623,,False
70,121624,,False
70,121638,,False
70,121642,,False
70,121654,,False
70,121657,,False
70,121660,,False
70,121664,,False
70,121670,,False
70,121680,,False
70,121685,,False
70,121693,,False
70,121695,,False
70,121699,,False
70,121702,,False
70,121718,,False
70,121722,,False
70,121733,,False
70,121736,,False
70,121743,,False
70,121746,,False
70,121749,,False
70,121772,,False
70,121777,,False
70,121793,,False
70,121799,,False
70,121800,,False
70,121801,,False
70,121809,,False
70,121811,,False
70,121821,,False
70,121836,,False
70,121844,,False
70,121851,,False
70,121856,,False
70,121880,,False
70,121888,,False
70,121890,,False
70,121897,,False
70,121903,,False
70,121905,,False
70,121915,,False
70,121918,,False
70,121925,,False
70,121927,,False
70,121931,,False
70,121934,,False
70,121935,,False
70,121942,,False
70,121947,,False
70,121959,,False
70,121970,,False
70,121975,,False
70,121980,,False
70,121985,,False
70,122008,,False
70,122010,,False
70,122013,,False
70,122025,,False
70,122027,,False
70,122041,,False
70,122044,,False
70,122048,,False
70,122053,,False
70,122071,,False
70,122072,,False
70,122075,,False
70,122079,,False
70,122091,,False
70,122093,,False
70,122098,,False
70,122101,,False
70,122103,,False
70,122127,,False
70,122135,,False
70,122137,,False
70,122141,,False
70,122147,,False
70,122150,,False
70,122160,,False
70,122161,,False
70,122168,,False
70,122171,,False
70,122181,,False
70,122184,,False
70,122201,,False
70,122209,,False
70,122211,,False
70,122222,,False
70,122227,,False
70,122228,,False
70,122234,,False
70,122240,,False
70,122245,,False
70,122248,,False
70,122250,,False
70,122268,,False
70,122271,,False
70,122289,,False
70,122292,,False
70,122298,,False
70,122320,,False
70,122334,,False
70,122337,,False
70,122338,,False
70,122339,,False
70,122349,,False
70,122355,,False
70,122363,,False
70,122367,,False
70,122368,,False
70,122374,,False
70,122384,,False
70,122386,,False
70,122398,,False
70,122404,,False
70,122406,,False
70,122421,,False
70,122423,,False
70,122429,,False
70,122431,,False
70,122433,,False
70,122441,,False
70,122445,,False
70,122451,,False
70,122456,,False
70,122469,,False
70,122478,,False
70,122491,,False
70,122493,,False
70,122500,,False
70,122501,,False
70,122503,,False
70,122518,,False
70,122522,,False
70,122528,,False
70,122529,,False
70,122534,,False
70,122539,,False
70,122557,,False
70,122558,,False
70,122559,,False
70,122563,,False
70,122565,,False
70,122567,,False
70,122577,,False
70,122586,,False
70,122591,,False
70,122594,,False
70,122598,,False
70,122607,,False
70,122610,,False
70,122611,,False
70,122624,,False
70,122639,,False
70,122647,,False
70,122667,,False
70,122678,,False
70,122683,,False
70,122688,,False
70,122694,,False
70,122714,,False
70,122719,,False
70,122738,,False
70,122739,,False
70,122742,,False
70,122754,,False
70,122768,,False
70,122776,,False
70,122782,,False
70,122791,,False
70,122798,,False
70,122806,,False
70,122810,,False
70,122816,,False
70,122828,,False
70,122842,,False
70,122851,,False
70,122856,,False
70,122866,,False
70,122869,,False
70,122870,,False
70,122874,,False
70,122882,,False
70,122887,,False
70,122888,,False
70,122901,,False
70,122907,,False
70,122911,,False
70,122920,,False
70,122925,,False
70,122940,,False
70,122949,,False
70,122961,,False
70,122963,,False
70,122970,,False
70,122998,,False
70,123007,,False
70,123022,,False
70,123026,,False
70,123027,,False
70,123038,,False
70,123041,,False
70,123045,,False
70,123046,,False
70,123052,,False
70,123062,,False
70,123070,,False
70,123071,,False
70,123079,,False
70,123080,,False
70,123085,,False
70,123093,,False
70,123100,,False
70,123127,,False
70,123134,,False
70,123135,,False
70,123136,,False
70,123139,,False
70,123145,,False
70,123157,,False
70,123159,,False
70,123167,,False
70,123181,,False
70,123185,,False
70,123188,,False
70,123190,,False
70,123212,,False
70,123215,,False
70,123218,,False
70,123221,,False
70,123222,,False
70,123237,,False
70,123243,,False
70,123265,,False
70,123267,,False
70,123272,,False
70,123274,,False
70,123283,,False
70,123286,,False
70,123298,,False
70,123304,,False
70,123305,,False
70,123307,,False
70,123311,,False
70,123332,,False
70,123335,,False
70,123336,,False
70,123347,,False
70,123351,,False
70,123358,,False
70,123364,,False
70,123369,,False
70,123372,,False
70,123383,,False
70,123390,,False
70,123400,,False
70,123406,,False
70,123408,,False
70,123412,,False
70,123414,,False
70,123424,,False
70,123427,,False
70,123428,,False
70,123435,,False
70,123447,,False
70,123463,,False
70,123471,,False
70,123487,,False
70,123499,,False
70,123500,,False
70,123503,,False
70,123509,,False
70,123516,,False
70,123517,,False
70,123518,,False
70,123521,,False
70,123528,,False
70,123553,,False
70,123556,,False
70,123559,,False
70,123564,,False
70,123568,,False
70,123590,,False
70,123611,,False
70,123626,,False
70,123640,,False
70,123641,,False
70,123646,,False
70,123647,,False
70,123662,,False
70,123663,,False
70,123672,,False
70,123679,,False
70,123688,,False
70,123692,,False
70,123697,,False
70,123705,,False
70,123712,,False
70,123719,,False
70,123721,,False
70,123722,,False
70,123733,,False
70,123743,,False
70,123746,,False
70,123751,,False
70,123753,,False
70,123760,,False
70,123771,,False
70,123789,,False
70,123807,,False
70,123811,,False
70,123812,,False
70,123815,,False
70,123817,,False
70,123821,,False
70,123823,,False
70,123827,,False
70,123833,,False
70,123849,,False
70,123857,,False
70,123858,,False
70,123866,,False
70,123870,,False
70,123875,,False
70,123877,,False
70,123884,,False
70,123885,,False
70,123891,,False
70,123894,,False
70,123897,,False
70,123904,,False
70,123912,,False
70,123916,,False
70,123917,,False
70,123929,,False
70,123940,,False
70,123969,,False
70,123973,,False
70,123988,,False
70,123991,,False
70,124004,,False
70,124012,,False
70,124024,,False
70,124026,,False
70,124029,,False
70,124034,,False
70,124039,,False
70,124040,,False
70,124045,,False
70,124054,,False
70,124058,,False
70,124060,,False
70,124086,,False
70,124104,,False
70,124108,,False
70,124116,,False
70,124120,,False
70,124121,,False
70,124123,,False
70,124130,,False
70,124136,,False
70,124144,,False
70,124147,,False
70,124150,,False
70,124154,,False
70,124158,,False
70,124159,,False
70,124167,,False
70,124169,,False
70,124199,,False
70,124208,,False
70,124211,,False
70,124212,,False
70,124215,,False
70,124222,,False
70,124233,,False
70,124235,,False
70,124241,,False
70,124248,,False
70,124253,,False
70,124254,,False
70,124260,,False
70,124267,,False
70,124268,,False
70,124271,,False
70,124283,,False
70,124290,,False
70,124297,,False
70,124315,,False
70,124329,,False
70,124330,,False
70,124336,,False
70,124342,,False
70,124344,,False
70,124387,,False
70,124399,,False
70,124406,,False
70,124410,,False
70,124413,,False
70,124423,,False
70,124427,,False
70,124434,,False
70,124442,,False
70,124448,,False
70,124456,,False
70,124475,,False
70,124482,,False
70,124483,,False
70,124490,,False
70,124491,,False
70,124520,,False
70,124522,,False
70,124523,,False
70,124527,,False
70,124534,,False
70,124535,,False
70,124539,,False
70,124541,,False
70,124544,,False
70,124554,,False
70,124558,,False
70,124571,,False
70,124589,,False
70,124603,,False
70,124608,,False
70,124618,,False
70,124625,,False
70,124626,,False
70,124629,,False
70,124631,,False
70,124649,,False
70,124651,,False
70,124652,,False
70,124655,,False
70,124657,,False
70,124663,,False
70,124664,,False
70,124670,,False
70,124673,,False
70,124676,,False
70,124682,,False
70,124691,,False
70,124692,,False
70,124708,,False
70,124718,,False
70,124724,,False
70,124729,,False
70,124737,,False
70,124748,,False
70,124750,,False
70,124763,,False
70,124772,,False
70,124774,,False
70,124775,,False
70,124779,,False
70,124787,,False
70,124791,,False
70,124792,,False
70,124804,,False
70,124805,,False
70,124831,,False
70,124833,,False
70,124835,,False
70,124844,,False
70,124852,,False
70,124860,,False
70,124865,,False
70,124869,,False
70,124870,,False
70,124877,,False
70,124892,,False
70,124893,,False
70,124905,,False
70,124910,,False
70,124913,,False
70,124934,,False
70,124971,,False
70,124993,,False
70,125002,,False
70,125003,,False
70,125038,,False
70,125041,,False
70,125052,,False
70,125055,,False
70,125067,,False
70,125100,,False
70,125114,,False
70,125115,,False
70,125118,,False
70,125125,,False
70,125130,,False
70,125134,,False
70,125135,,False
70,125138,,False
70,125139,,False
70,125158,,False
70,125166,,False
70,125171,,False
70,125183,,False
70,125193,,False
70,125196,,False
70,125200,,False
70,125209,,False
70,125211,,False
70,125213,,False
70,125219,,False
70,125225,,False
70,125228,,False
70,125235,,False
70,125237,,False
70,125261,,False
70,125269,,False
70,125281,,False
70,125286,,False
70,125289,,False
70,125292,,False
70,125314,,False
70,125344,,False
70,125345,,False
70,125365,,False
70,125375,,False
70,125382,,False
70,125394,,False
70,125402,,False
70,125407,,False
70,125418,,False
70,125420,,False
70,125424,,False
70,125435,,False
70,125440,,False
70,125442,,False
70,125444,,False
70,125448,,False
70,125450,,False
70,125471,,False
70,125480,,False
70,125487,,False
70,125492,,False
70,125502,,False
70,125504,,False
70,125514,,False
70,125533,,False
70,125561,,False
70,125566,,False
70,125595,,False
70,125599,,False
70,125603,,False
70,125605,,False
70,125615,,False
70,125620,,False
70,125623,,False
70,125625,,False
70,125630,,False
70,125635,,False
70,125636,,False
70,125646,,False
70,125664,,False
70,125669,,False
70,125673,,False
70,125674,,False
70,125690,,False
70,125695,,False
70,125708,,False
70,125713,,False
70,125723,,False
70,125726,,False
70,125732,,False
70,125736,,False
70,125786,,False
70,125788,,False
70,125792,,False
70,125794,,False
70,125812,,False
70,125818,,False
70,125822,,False
70,125823,,False
70,125858,,False
70,125859,,False
70,125863,,False
70,125889,,False
70,125893,,False
70,125899,,False
70,125904,,False
70,125906,,False
70,125922,,False
70,125924,,False
70,125925,,False
70,125934,,False
70,125935,,False
70,125947,,False
70,125954,,False
70,125962,,False
70,125985,,False
70,125992,,False
70,125995,,False
70,125999,,False
70,126018,,False
70,126023,,False
70,126036,,False
70,126049,,False
70,126052,,False
70,126055,,False
70,126056,,False
70,126077,,False
70,126078,,False
70,126090,,False
70,126132,,False
70,126135,,False
70,126138,,False
70,126154,,False
70,126169,,False
70,126201,,False
70,126220,,False
70,126224,,False
70,126228,,False
70,126230,,False
70,126236,,False
70,126259,,False
70,126263,,False
70,126269,,False
70,126280,,False
70,126287,,False
70,126309,,False
70,126310,,False
70,126314,,False
70,126316,,False
70,126320,,False
70,126322,,False
70,126338,,False
70,126350,,False
70,126352,,False
70,126353,,False
70,126363,,False
70,126367,,False
70,126385,,False
70,126388,,False
70,126395,,False
70,126396,,False
70,126397,,False
70,126405,,False
70,126406,,False
70,126424,,False
70,126429,,False
70,126445,,False
70,126449,,False
70,126458,,False
70,126466,,False
70,126472,,False
70,126484,,False
70,126489,,False
70,126494,,False
70,126511,,False
70,126520,,False
70,126530,,False
70,126535,,False
70,126537,,False
70,126548,,False
70,126554,,False
70,126570,,False
70,126583,,False
70,126595,,False
70,126599,,False
70,126600,,False
70,126602,,False
70,126610,,False
70,126620,,False
70,126624,,False
70,126628,,False
70,126631,,False
70,126633,,False
70,126635,,False
70,126639,,False
70,126640,,False
70,126643,,False
70,126647,,False
70,126655,,False
70,126657,,False
70,126673,,False
70,126674,,False
70,126689,,False
70,126691,,False
70,126694,,False
70,126695,,False
70,126704,,False
70,126706,,False
70,126711,,False
70,126718,,False
70,126723,,False
70,126729,,False
70,126741,,False
70,126745,,False
70,126747,,False
70,126750,,False
70,126757,,False
70,126760,,False
70,126763,,False
70,126782,,False
70,126784,,False
70,126793,,False
70,126801,,False
70,126811,,False
70,126837,,False
70,126846,,False
70,126856,,False
70,126873,,False
70,126890,,False
70,126897,,False
70,126898,,False
70,126903,,False
70,126921,,False
70,126932,,False
70,126940,,False
70,126942,,False
70,126943,,False
70,126944,,False
70,126953,,False
70,126957,,False
70,126965,,False
70,126978,,False
70,126982,,False
70,126986,,False
70,126989,,False
70,126996,,False
70,127010,,False
70,127011,,False
70,127018,,False
70,127022,,False
70,127025,,False
70,127031,,False
70,127033,,False
70,127054,,False
70,127057,,False
70,127062,,False
70,127079,,False
70,127080,,False
70,127083,,False
70,127085,,False
70,127089,,False
70,127094,,False
70,127095,,False
70,127104,,False
70,127120,,False
70,127125,,False
70,127136,,False
70,127145,,False
70,127154,,False
70,127158,,False
70,127174,,False
70,127203,,False
70,127208,,False
70,127214,,False
70,127215,,False
70,127222,,False
70,127227,,False
70,127231,,False
70,127232,,False
70,127236,,False
70,127238,,False
70,127241,,False
70,127242,,False
70,127259,,False
70,127271,,False
70,127273,,False
70,127279,,False
70,127283,,False
70,127289,,False
70,127292,,False
70,127307,,False
70,127313,,False
70,127315,,False
70,127335,,False
70,127354,,False
70,127364,,False
70,127370,,False
70,127372,,False
70,127374,,False
70,127378,,False
70,127383,,False
70,127384,,False
70,127395,,False
70,127408,,False
70,127410,,False
70,127424,,False
70,127425,,False
70,127427,,False
70,127443,,False
70,127444,,False
70,127445,,False
70,127464,,False
70,127473,,False
70,127475,,False
70,127477,,False
70,127484,,False
70,127499,,False
70,127507,,False
70,127510,,False
70,127533,,False
70,127540,,False
70,127545,,False
70,127551,,False
70,127558,,False
70,127568,,False
70,127569,,False
70,127578,,False
70,127587,,False
70,127588,,False
70,127605,,False
70,127615,,False
70,127632,,False
70,127662,,False
70,127675,,False
70,127679,,False
70,127681,,False
70,127687,,False
70,127689,,False
70,127690,,False
70,127700,,False
70,127712,,False
70,127729,,False
70,127733,,False
70,127736,,False
70,127739,,False
70,127743,,False
70,127750,,False
70,127767,,False
70,127777,,False
70,127792,,False
70,127818,,False
70,127845,,False
70,127876,,False
70,127880,,False
70,127884,,False
70,127900,,False
70,127905,,False
70,127914,,False
70,127917,,False
70,127919,,False
70,127930,,False
70,127942,,False
70,127948,,False
70,127949,,False
70,127970,,False
70,127974,,False
70,127978,,False
70,127983,,False
70,128002,,False
70,128005,,False
70,128013,,False
70,128018,,False
70,128025,,False
70,128030,,False
70,128044,,False
70,128050,,False
70,128055,,False
70,128066,,False
70,128067,,False
70,128072,,False
70,128085,,False
70,128097,,False
70,128105,,False
70,128107,,False
70,128115,,False
70,128127,,False
70,128134,,False
70,128138,,False
70,128142,,False
70,128144,,False
70,128151,,False
70,128164,,False
70,128169,,False
70,128186,,False
70,128189,,False
70,128192,,False
70,128194,,False
70,128196,,False
70,128203,,False
70,128204,,False
70,128208,,False
70,128219,,False
70,128230,,False
70,128231,,False
70,128237,,False
70,128238,,False
70,128240,,False
70,128242,,False
70,128244,,False
70,128253,,False
70,128259,,False
70,128269,,False
70,128274,,False
70,128286,,False
70,128302,,False
70,128305,,False
70,128307,,False
70,128310,,False
70,128315,,False
70,128316,,False
70,128318,,False
70,128320,,False
70,128332,,False
70,128360,,False
70,128370,,False
70,128372,,False
70,128377,,False
70,128378,,False
70,128383,,False
70,128397,,False
70,128411,,False
70,128421,,False
70,128431,,False
70,128439,,False
70,128440,,False
70,128453,,False
70,128457,,False
70,128458,,False
70,128462,,False
70,128467,,False
70,128475,,False
70,128496,,False
70,128497,,False
70,128511,,False
70,128521,,False
70,128524,,False
70,128526,,False
70,128527,,False
70,128537,,False
70,128542,,False
70,128544,,False
70,128552,,False
70,128557,,False
70,128558,,False
70,128563,,False
70,128571,,False
70,128583,,False
70,128585,,False
70,128592,,False
70,128594,,False
70,128596,,False
70,128609,,False
70,128622,,False
70,128623,,False
70,128642,,False
70,128643,,False
70,128652,,False
70,128654,,False
70,128672,,False
70,128692,,False
70,128702,,False
70,128703,,False
70,128705,,False
70,128711,,False
70,128726,,False
70,128732,,False
70,128740,,False
70,128742,,False
70,128749,,False
70,128758,,False
70,128762,,False
70,128767,,False
70,128774,,False
70,128779,,False
70,128790,,False
70,128794,,False
70,128797,,False
70,128802,,False
70,128805,,False
70,128814,,False
70,128816,,False
70,128826,,False
70,128829,,False
70,128840,,False
70,128871,,False
70,128885,,False
70,128909,,False
70,128914,,False
70,128922,,False
70,128949,,False
70,128950,,False
70,128959,,False
70,128967,,False
70,128982,,False
70,128989,,False
70,128991,,False
70,129001,,False
70,129008,,False
70,129031,,False
70,129034,,False
70,129049,,False
70,129052,,False
70,129064,,False
70,129069,,False
70,129079,,False
70,129083,,False
70,129085,,False
70,129088,,False
70,129101,,False
70,129120,,False
70,129131,,False
70,129132,,False
70,129134,,False
70,129135,,False
70,129143,,False
70,129151,,False
70,129156,,False
70,129166,,False
70,129182,,False
70,129190,,False
70,129193,,False
70,129197,,False
70,129207,,False
70,129214,,False
70,129233,,False
70,129236,,False
70,129258,,False
70,129268,,False
70,129274,,False
70,129276,,False
70,129288,,False
70,129305,,False
70,129319,,False
70,129331,,False
70,129337,,False
70,129340,,False
70,129345,,False
70,129358,,False
70,129370,,False
70,129377,,False
70,129378,,False
70,129386,,False
70,129401,,False
70,129423,,False
70,129427,,False
70,129450,,False
70,129468,,False
70,129473,,False
70,129477,,False
70,129487,,False
70,129488,,False
70,129492,,False
70,129495,,False
70,129496,,False
70,129499,,False
70,129503,,False
70,129518,,False
70,129527,,False
70,129535,,False
70,129540,,False
70,129541,,False
70,129559,,False
70,129572,,False
70,129582,,False
70,129591,,False
70,129595,,False
70,129599,,False
70,129605,,False
70,129606,,False
70,129607,,False
70,129611,,False
70,129618,,False
70,129640,,False
70,129657,,False
70,129661,,False
70,129705,,False
70,129706,,False
70,129712,,False
70,129717,,False
70,129732,,False
70,129736,,False
70,129738,,False
70,129743,,False
70,129752,,False
70,129755,,False
70,129757,,False
70,129763,,False
70,129774,,False
70,129781,,False
70,129791,,False
70,129796,,False
70,129802,,False
70,129805,,False
70,129811,,False
70,129820,,False
70,129822,,False
70,129832,,False
70,129834,,False
70,129838,,False
70,129852,,False
70,129866,,False
70,129867,,False
70,129871,,False
70,129872,,False
70,129875,,False
70,129881,,False
70,129888,,False
70,129894,,False
70,129897,,False
70,129900,,False
70,129918,,False
70,129926,,False
70,129933,,False
70,129941,,False
70,129951,,False
70,129962,,False
70,129992,,False
70,129999,,False
70,130004,,False
70,130014,,False
70,130024,,False
70,130029,,False
70,130030,,False
70,130040,,False
70,130059,,False
70,130072,,False
70,130074,,False
70,130075,,False
70,130081,,False
70,130087,,False
70,130089,,False
70,130094,,False
70,130098,,False
70,130105,,False
70,130110,,False
70,130111,,False
70,130115,,False
70,130147,,False
70,130149,,False
70,130169,,False
70,130171,,False
70,130182,,False
70,130184,,False
70,130190,,False
70,130197,,False
70,130199,,False
70,130205,,False
70,130206,,False
70,130210,,False
70,130211,,False
70,130216,,False
70,130217,,False
70,130233,,False
70,130235,,False
70,130240,,False
70,130244,,False
70,130252,,False
70,130255,,False
70,130282,,False
70,130288,,False
70,130291,,False
70,130294,,False
70,130296,,False
70,130300,,False
70,130306,,False
70,130326,,False
70,130344,,False
70,130346,,False
70,130350,,False
70,130351,,False
70,130354,,False
70,130389,,False
70,130399,,False
70,130404,,False
70,130409,,False
70,130413,,False
70,130418,,False
70,130427,,False
70,130430,,False
70,130447,,False
70,130448,,False
70,130462,,False
70,130465,,False
70,130466,,False
70,130472,,False
70,130482,,False
70,130489,,False
70,130500,,False
70,130507,,False
70,130529,,False
70,130532,,False
70,130536,,False
70,130541,,False
70,130549,,False
70,130558,,False
70,130566,,False
70,130575,,False
70,130580,,False
70,130592,,False
70,130594,,False
70,130598,,False
70,130607,,False
70,130614,,False
70,130616,,False
70,130622,,False
70,130626,,False
70,130628,,False
70,130635,,False
70,130638,,False
70,130639,,False
70,130640,,False
70,130648,,False
70,130652,,False
70,130658,,False
70,130660,,False
70,130662,,False
70,130672,,False
70,130679,,False
70,130686,,False
70,130690,,False
70,130697,,False
70,130705,,False
70,130711,,False
70,130713,,False
70,130733,,False
70,130734,,False
70,130739,,False
70,130747,,False
70,130756,,False
70,130762,,False
70,130779,,False
70,130791,,False
70,130794,,False
70,130803,,False
70,130808,,False
70,130812,,False
70,130818,,False
70,130828,,False
70,130829,,False
70,130831,,False
70,130833,,False
70,130839,,False
70,130848,,False
70,130855,,False
70,130866,,False
70,130870,,False
70,130876,,False
70,130877,,False
70,130881,,False
70,130888,,False
70,130895,,False
70,130903,,False
70,130906,,False
70,130909,,False
70,130910,,False
70,130913,,False
70,130916,,False
70,130917,,False
70,130937,,False
70,130950,,False
70,130977,,False
70,130990,,False
70,130993,,False
70,130996,,False
70,130998,,False
70,131005,,False
70,131013,,False
70,131023,,False
70,131030,,False
70,131032,,False
70,131042,,False
70,131051,,False
70,131056,,False
70,131083,,False
70,131084,,False
70,131093,,False
70,131099,,False
70,131103,,False
70,131105,,False
70,131108,,False
70,131127,,False
70,131128,,False
70,131137,,False
70,131143,,False
70,131145,,False
70,131148,,False
70,131182,,False
70,131183,,False
70,131188,,False
70,131192,,False
70,131197,,False
70,131199,,False
70,131206,,False
70,131210,,False
70,131211,,False
70,131213,,False
70,131215,,False
70,131223,,False
70,131227,,False
70,131272,,False
70,131276,,False
70,131287,,False
70,131291,,False
70,131297,,False
70,131316,,False
70,131317,,False
70,131320,,False
70,131352,,False
70,131358,,False
70,131362,,False
70,131369,,False
70,131378,,False
70,131384,,False
70,131393,,False
70,131416,,False
70,131419,,False
70,131445,,False
70,131447,,False
70,131464,,False
70,131471,,False
70,131498,,False
70,131501,,False
70,131502,,False
70,131511,,False
70,131516,,False
70,131524,,False
70,131534,,False
70,131541,,False
70,131549,,False
70,131570,,False
70,131572,,False
70,131580,,False
70,131581,,False
70,131586,,False
70,131593,,False
70,131599,,False
70,131600,,False
70,131601,,False
70,131607,,False
70,131610,,False
70,131612,,False
70,131623,,False
70,131631,,False
70,131635,,False
70,131646,,False
70,131655,,False
70,131664,,False
70,131667,,False
70,131668,,False
70,131676,,False
70,131682,,False
70,131688,,False
70,131697,,False
70,131701,,False
70,131708,,False
70,131709,,False
70,131712,,False
70,131744,,False
70,131748,,False
70,131749,,False
70,131753,,False
70,131754,,False
70,131756,,False
70,131763,,False
70,131770,,False
70,131776,,False
70,131779,,False
70,131784,,False
70,131786,,False
70,131788,,False
70,131793,,False
70,131805,,False
70,131806,,False
70,131808,,False
70,131809,,False
70,131810,,False
70,131822,,False
70,131828,,False
70,131829,,False
70,131831,,False
70,131838,,False
70,131842,,False
70,131849,,False
70,131853,,False
70,131854,,False
70,131857,,False
70,131861,,False
70,131877,,False
70,131890,,False
70,131892,,False
70,131899,,False
70,131904,,False
70,131909,,False
70,131915,,False
70,131918,,False
70,131921,,False
70,131926,,False
70,131927,,False
70,131936,,False
70,131940,,False
70,131944,,False
70,131945,,False
70,131964,,False
70,131973,,False
70,131975,,False
70,131983,,False
70,131990,,False
70,132025,,False
70,132037,,False
70,132042,,False
70,132047,,False
70,132058,,False
70,132067,,False
70,132071,,False
70,132083,,False
70,132105,,False
70,132112,,False
70,132117,,False
70,132118,,False
70,132134,,False
70,132135,,False
70,132140,,False
70,132141,,False
70,132145,,False
70,132152,,False
70,132154,,False
70,132167,,False
70,132169,,False
70,132186,,False
70,132189,,False
70,132190,,False
70,132195,,False
70,132199,,False
70,132207,,False
70,132208,,False
70,132210,,False
70,132218,,False
70,132221,,False
70,132222,,False
70,132226,,False
70,132227,,False
70,132238,,False
70,132241,,False
70,132247,,False
70,132266,,False
70,132271,,False
70,132283,,False
70,132285,,False
70,132311,,False
70,132313,,False
70,132320,,False
70,132328,,False
70,132337,,False
70,132341,,False
70,132350,,False
70,132354,,False
70,132362,,False
70,132364,,False
70,132365,,False
70,132383,,False
70,132388,,False
70,132398,,False
70,132401,,False
70,132443,,False
70,132453,,False
70,132457,,False
70,132472,,False
70,132477,,False
70,132480,,False
70,132487,,False
70,132495,,False
70,132504,,False
70,132517,,False
70,132521,,False
70,132522,,False
70,132527,,False
70,132536,,False
70,132539,,False
70,132543,,False
70,132551,,False
70,132559,,False
70,132562,,False
70,132571,,False
70,132578,,False
70,132584,,False
70,132585,,False
70,132587,,False
70,132589,,False
70,132598,,False
70,132602,,False
70,132603,,False
70,132607,,False
70,132613,,False
70,132622,,False
70,132625,,False
70,132630,,False
70,132633,,False
70,132649,,False
70,132652,,False
70,132657,,False
70,132671,,False
70,132681,,False
70,132698,,False
70,132702,,False
70,132704,,False
70,132708,,False
70,132715,,False
70,132730,,False
70,132731,,False
70,132734,,False
70,132736,,False
70,132752,,False
70,132756,,False
70,132758,,False
70,132761,,False
70,132765,,False
70,132770,,False
70,132791,,False
70,132811,,False
70,132819,,False
70,132835,,False
70,132839,,False
70,132842,,False
70,132844,,False
70,132849,,False
70,132851,,False
70,132852,,False
70,132863,,False
70,132864,,False
70,132867,,False
70,132874,,False
70,132876,,False
70,132880,,False
70,132883,,False
70,132889,,False
70,132903,,False
70,132905,,False
70,132912,,False
70,132913,,False
70,132916,,False
70,132921,,False
70,132931,,False
70,132947,,False
70,132948,,False
70,132949,,False
70,132960,,False
70,132983,,False
70,132988,,False
70,132999,,False
70,133009,,False
70,133016,,False
70,133019,,False
70,133020,,False
70,133031,,False
70,133033,,False
70,133047,,False
70,133050,,False
70,133067,,False
70,133070,,False
70,133074,,False
70,133103,,False
70,133109,,False
70,133113,,False
70,133118,,False
70,133127,,False
70,133129,,False
70,133143,,False
70,133145,,False
70,133146,,False
70,133149,,False
70,133155,,False
70,133159,,False
70,133164,,False
70,133178,,False
70,133186,,False
70,133201,,False
70,133209,,False
70,133219,,False
70,133231,,False
70,133232,,False
70,133237,,False
70,133246,,False
70,133253,,False
70,133262,,False
70,133263,,False
70,133265,,False
70,133277,,False
70,133280,,False
70,133294,,False
70,133295,,False
70,133308,,False
70,133316,,False
70,133320,,False
70,133329,,False
70,133331,,False
70,133335,,False
70,133339,,False
70,133344,,False
70,133354,,False
70,133359,,False
70,133360,,False
70,133372,,False
70,133384,,False
70,133406,,False
70,133415,,False
70,133417,,False
70,133421,,False
70,133440,,False
70,133444,,False
70,133450,,False
70,133459,,False
70,133462,,False
70,133474,,False
70,133479,,False
70,133486,,False
70,133489,,False
70,133494,,False
70,133506,,False
70,133532,,False
70,133533,,False
70,133536,,False
70,133538,,False
70,133544,,False
70,133548,,False
70,133550,,False
70,133553,,False
70,133562,,False
70,133563,,False
70,133571,,False
70,133577,,False
70,133604,,False
70,133606,,False
70,133638,,False
70,133649,,False
70,133670,,False
70,133671,,False
70,133672,,False
70,133676,,False
70,133680,,False
70,133689,,False
70,133704,,False
70,133709,,False
70,133724,,False
70,133729,,False
70,133736,,False
70,133746,,False
70,133750,,False
70,133752,,False
70,133755,,False
70,133760,,False
70,133771,,False
70,133778,,False
70,133783,,False
70,133794,,False
70,133799,,False
70,133813,,False
70,133819,,False
70,133840,,False
70,133844,,False
70,133853,,False
70,133859,,False
70,133875,,False
70,133881,,False
70,133886,,False
70,133888,,False
70,133894,,False
70,133905,,False
70,133919,,False
70,133930,,False
70,133932,,False
70,133936,,False
70,133939,,False
70,133954,,False
70,133955,,False
70,133965,,False
70,133981,,False
70,133985,,False
70,133992,,False
70,133996,,False
70,134002,,False
70,134012,,False
70,134033,,False
70,134039,,False
70,134047,,False
70,134049,,False
70,134056,,False
70,134059,,False
70,134064,,False
70,134067,,False
70,134068,,False
70,134084,,False
70,134098,,False
70,134103,,False
70,134125,,False
70,134126,,False
70,134127,,False
70,134129,,False
70,134131,,False
70,134136,,False
70,134140,,False
70,134142,,False
70,134147,,False
70,134172,,False
70,134179,,False
70,134186,,False
70,134187,,False
70,134195,,False
70,134206,,False
70,134208,,False
70,134209,,False
70,134215,,False
70,134216,,False
70,134226,,False
70,134228,,False
70,134230,,False
70,134238,,False
70,134251,,False
70,134256,,False
70,134266,,False
70,134279,,False
70,134286,,False
70,134293,,False
70,134294,,False
70,134306,,False
70,134328,,False
70,134331,,False
70,134334,,False
70,134341,,False
70,134353,,False
70,134361,,False
70,134374,,False
70,134384,,False
70,134385,,False
70,134388,,False
70,134393,,False
70,134403,,False
70,134415,,False
70,134426,,False
70,134439,,False
70,134448,,False
70,134449,,False
70,134454,,False
70,134457,,False
70,134458,,False
70,134460,,False
70,134462,,False
70,134483,,False
70,134489,,False
70,134506,,False
70,134508,,False
70,134509,,False
70,134516,,False
70,134517,,False
70,134522,,False
70,134523,,False
70,134531,,False
70,134536,,False
70,134540,,False
70,134542,,False
70,134547,,False
70,134549,,False
70,134557,,False
70,134560,,False
70,134567,,False
70,134572,,False
70,134575,,False
70,134588,,False
70,134591,,False
70,134595,,False
70,134610,,False
70,134617,,False
70,134621,,False
70,134631,,False
70,134635,,False
70,134641,,False
70,134643,,False
70,134646,,False
70,134651,,False
70,134670,,False
70,134676,,False
70,134678,,False
70,134688,,False
70,134690,,False
70,134695,,False
70,134710,,False
70,134714,,False
70,134718,,False
70,134720,,False
70,134722,,False
70,134726,,False
70,134738,,False
70,134754,,False
70,134762,,False
70,134767,,False
70,134774,,False
70,134775,,False
70,134788,,False
70,134792,,False
70,134800,,False
70,134805,,False
70,134815,,False
70,134832,,False
70,134834,,False
70,134837,,False
70,134840,,False
70,134843,,False
70,134848,,False
70,134851,,False
70,134872,,False
70,134886,,False
70,134905,,False
70,134906,,False
70,134907,,False
70,134928,,False
70,134944,,False
70,134949,,False
70,134951,,False
70,134952,,False
70,134962,,False
70,134963,,False
70,134970,,False
70,134975,,False
70,134993,,False
70,134996,,False
70,135007,,False
70,135012,,False
70,135033,,False
70,135042,,False
70,135043,,False
70,135049,,False
70,135051,,False
70,135052,,False
70,135072,,False
70,135073,,False
70,135093,,False
70,135101,,False
70,135104,,False
70,135108,,False
70,135110,,False
70,135124,,False
70,135126,,False
70,135131,,False
70,135143,,False
70,135145,,False
70,135149,,False
70,135156,,False
70,135164,,False
70,135167,,False
70,135186,,False
70,135189,,False
70,135190,,False
70,135192,,False
70,135193,,False
70,135195,,False
70,135208,,False
70,135210,,False
70,135212,,False
70,135228,,False
70,135231,,False
70,135250,,False
70,135261,,False
70,135270,,False
70,135274,,False
70,135287,,False
70,135297,,False
70,135300,,False
70,135323,,False
70,135325,,False
70,135326,,False
70,135335,,False
70,135344,,False
70,135350,,False
70,135363,,False
70,135386,,False
70,135395,,False
70,135398,,False
70,135401,,False
70,135402,,False
70,135412,,False
70,135420,,False
70,135421,,False
70,135426,,False
70,135427,,False
70,135429,,False
70,135449,,False
70,135453,,False
70,135463,,False
70,135467,,False
70,135472,,False
70,135474,,False
70,135476,,False
70,135485,,False
70,135488,,False
70,135496,,False
70,135500,,False
70,135502,,False
70,135505,,False
70,135516,,False
70,135528,,False
70,135532,,False
70,135533,,False
70,135536,,False
70,135544,,False
70,135545,,False
70,135552,,False
70,135553,,False
70,135566,,False
70,135576,,False
70,135593,,False
70,135613,,False
70,135633,,False
70,135636,,False
70,135651,,False
70,135652,,False
70,135653,,False
70,135654,,False
70,135667,,False
70,135677,,False
70,135687,,False
70,135711,,False
70,135713,,False
70,135716,,False
70,135718,,False
70,135720,,False
70,135727,,False
70,135730,,False
70,135738,,False
70,135739,,False
70,135744,,False
70,135746,,False
70,135750,,False
70,135752,,False
70,135763,,False
70,135766,,False
70,135803,,False
70,135805,,False
70,135811,,False
70,135814,,False
70,135815,,False
70,135820,,False
70,135825,,False
70,135831,,False
70,135847,,False
70,135855,,False
70,135863,,False
70,135867,,False
70,135868,,False
70,135872,,False
70,135876,,False
70,135881,,False
70,135882,,False
70,135889,,False
70,135894,,False
70,135899,,False
70,135906,,False
70,135907,,False
70,135908,,False
70,135920,,False
70,135927,,False
70,135932,,False
70,135938,,False
70,135944,,False
70,135949,,False
70,135951,,False
70,135964,,False
70,135982,,False
70,136008,,False
70,136013,,False
70,136026,,False
70,136027,,False
70,136031,,False
70,136032,,False
70,136035,,False
70,136037,,False
70,136043,,False
70,136045,,False
70,136050,,False
70,136062,,False
70,136073,,False
70,136083,,False
70,136084,,False
70,136088,,False
70,136093,,False
70,136095,,False
70,136104,,False
70,136115,,False
70,136118,,False
70,136121,,False
70,136145,,False
70,136146,,False
70,136148,,False
70,136160,,False
70,136163,,False
70,136171,,False
70,136184,,False
70,136186,,False
70,136191,,False
70,136200,,False
70,136210,,False
70,136223,,False
70,136227,,False
70,136231,,False
70,136239,,False
70,136240,,False
70,136247,,False
70,136248,,False
70,136263,,False
70,136277,,False
70,136283,,False
70,136299,,False
70,136300,,False
70,136303,,False
70,136353,,False
70,136363,,False
70,136365,,False
70,136373,,False
70,136374,,False
70,136377,,False
70,136378,,False
70,136381,,False
70,136392,,False
70,136394,,False
70,136407,,False
70,136410,,False
70,136419,,False
70,136428,,False
70,136439,,False
70,136444,,False
70,136449,,False
70,136464,,False
70,136466,,False
70,136471,,False
70,136481,,False
70,136489,,False
70,136492,,False
70,136504,,False
70,136508,,False
70,136514,,False
70,136515,,False
70,136522,,False
70,136526,,False
70,136530,,False
70,136533,,False
70,136535,,False
70,136536,,False
70,136538,,False
70,136541,,False
70,136548,,False
70,136559,,False
70,136565,,False
70,136569,,False
70,136572,,False
70,136574,,False
70,136589,,False
70,136596,,False
70,136605,,False
70,136607,,False
70,136609,,False
70,136616,,False
70,136621,,False
70,136622,,False
70,136628,,False
70,136630,,False
70,136632,,False
70,136639,,False
70,136655,,False
70,136658,,False
70,136660,,False
70,136661,,False
70,136671,,False
70,136687,,False
70,136689,,False
70,136693,,False
70,136709,,False
70,136715,,False
70,136724,,False
70,136735,,False
70,136748,,False
70,136763,,False
70,136765,,False
70,136777,,False
70,136778,,False
70,136780,,False
70,136786,,False
70,136788,,False
70,136798,,False
70,136799,,False
70,136804,,False
70,136805,,False
70,136809,,False
70,136813,,False
70,136814,,False
70,136817,,False
70,136819,,False
70,136820,,False
70,136821,,False
70,136829,,False
70,136833,,False
70,136839,,False
70,136844,,False
70,136847,,False
70,136854,,False
70,136855,,False
70,136864,,False
70,136867,,False
70,136877,,False
70,136880,,False
70,136890,,False
70,136895,,False
70,136896,,False
70,136917,,False
70,136928,,False
70,136935,,False
70,136936,,False
70,136937,,False
70,136949,,False
70,136961,,False
70,136962,,False
70,136975,,False
70,136979,,False
70,136985,,False
70,136996,,False
70,137003,,False
70,137018,,False
70,137030,,False
70,137032,,False
70,137046,,False
70,137050,,False
70,137068,,False
70,137072,,False
70,137085,,False
70,137088,,False
70,137089,,False
70,137097,,False
70,137099,,False
70,137101,,False
70,137131,,False
70,137135,,False
70,137137,,False
70,137140,,False
70,137142,,False
70,137145,,False
70,137167,,False
70,137169,,False
70,137172,,False
70,137178,,False
70,137182,,False
70,137187,,False
70,137208,,False
70,137222,,False
70,137233,,False
70,137236,,False
70,137254,,False
70,137257,,False
70,137262,,False
70,137266,,False
70,137272,,False
70,137279,,False
70,137287,,False
70,137288,,False
70,137294,,False
70,137301,,False
70,137304,,False
70,137317,,False
70,137318,,False
70,137334,,False
70,137347,,False
70,137349,,False
70,137350,,False
70,137357,,False
70,137361,,False
70,137365,,False
70,137367,,False
70,137368,,False
70,137374,,False
70,137390,,False
70,137393,,False
70,137400,,False
70,137402,,False
70,137406,,False
70,137409,,False
70,137411,,False
70,137427,,False
70,137431,,False
70,137437,,False
70,137438,,False
70,137439,,False
70,137448,,False
70,137455,,False
70,137464,,False
70,137465,,False
70,137474,,False
70,137476,,False
70,137485,,False
70,137488,,False
70,137489,,False
70,137493,,False
70,137494,,False
70,137497,,False
70,137499,,False
70,137511,,False
70,137515,,False
70,137548,,False
70,137554,,False
70,137560,,False
70,137561,,False
70,137567,,False
70,137578,,False
70,137583,,False
70,137587,,False
70,137588,,False
70,137596,,False
70,137598,,False
70,137599,,False
70,137607,,False
70,137616,,False
70,137617,,False
70,137619,,False
70,137621,,False
70,137626,,False
70,137636,,False
70,137637,,False
70,137659,,False
70,137682,,False
70,137692,,False
70,137693,,False
70,137705,,False
70,137719,,False
70,137720,,False
70,137721,,False
70,137723,,False
70,137726,,False
70,137729,,False
70,137738,,False
70,137740,,False
70,137750,,False
70,137754,,False
70,137760,,False
70,137766,,False
70,137777,,False
70,137785,,False
70,137788,,False
70,137789,,False
70,137799,,False
70,137808,,False
70,137812,,False
70,137814,,False
70,137815,,False
70,137829,,False
70,137830,,False
70,137840,,False
70,137850,,False
70,137851,,False
70,137864,,False
70,137865,,False
70,137870,,False
70,137880,,False
70,137884,,False
70,137887,,False
70,137895,,False
70,137902,,False
70,137904,,False
70,137911,,False
70,137919,,False
70,137920,,False
70,137925,,False
70,137931,,False
70,137936,,False
70,137939,,False
70,137940,,False
70,137959,,False
70,137961,,False
70,137964,,False
70,137970,,False
70,137971,,False
70,137978,,False
70,137997,,False
70,138007,,False
70,138017,,False
70,138019,,False
70,138022,,False
70,138024,,False
70,138049,,False
70,138050,,False
70,138055,,False
70,138060,,False
70,138065,,False
70,138067,,False
70,138070,,False
70,138078,,False
70,138080,,False
70,138083,,False
70,138098,,False
70,138104,,False
70,138106,,False
70,138108,,False
70,138111,,False
70,138132,,False
70,138158,,False
70,138167,,False
70,138171,,False
70,138173,,False
70,138180,,False
70,138189,,False
70,138190,,False
70,138195,,False
70,138214,,False
70,138215,,False
70,138217,,False
70,138220,,False
70,138227,,False
70,138228,,False
70,138237,,False
70,138251,,False
70,138257,,False
70,138261,,False
70,138262,,False
70,138263,,False
70,138264,,False
70,138275,,False
70,138276,,False
70,138281,,False
70,138284,,False
70,138291,,False
70,138294,,False
70,138300,,False
70,138313,,False
70,138316,,False
70,138320,,False
70,138342,,False
70,138354,,False
70,138361,,False
70,138375,,False
70,138380,,False
70,138384,,False
70,138386,,False
70,138391,,False
70,138403,,False
70,138416,,False
70,138419,,False
70,138420,,False
70,138421,,False
70,138427,,False
70,138430,,False
70,138431,,False
70,138448,,False
70,138453,,False
70,138462,,False
70,138475,,False
70,138477,,False
70,138487,,False
70,138549,,False
70,138550,,False
70,138554,,False
70,138556,,False
70,138562,,False
70,138573,,False
70,138577,,False
70,138579,,False
70,138580,,False
70,138597,,False
70,138603,,False
70,138611,,False
70,138615,,False
70,138618,,False
70,138625,,False
70,138636,,False
70,138640,,False
70,138646,,False
70,138647,,False
70,138651,,False
70,138656,,False
70,138669,,False
70,138691,,False
70,138703,,False
70,138711,,False
70,138724,,False
70,138740,,False
70,138752,,False
70,138761,,False
70,138764,,False
70,138766,,False
70,138767,,False
70,138786,,False
70,138792,,False
70,138812,,False
70,138816,,False
70,138818,,False
70,138831,,False
70,138833,,False
70,138839,,False
70,138847,,False
70,138860,,False
70,138900,,False
70,138901,,False
70,138907,,False
70,138931,,False
70,138932,,False
70,138941,,False
70,138944,,False
70,138947,,False
70,138955,,False
70,138959,,False
70,138963,,False
70,138979,,False
70,138981,,False
70,138987,,False
70,138990,,False
70,138992,,False
70,138998,,False
70,138999,,False
70,139007,,False
70,139010,,False
70,139017,,False
70,139032,,False
70,139036,,False
70,139054,,False
70,139062,,False
70,139078,,False
70,139084,,False
70,139092,,False
70,139101,,False
70,139103,,False
70,139106,,False
70,139111,,False
70,139113,,False
70,139121,,False
70,139131,,False
70,139137,,False
70,139141,,False
70,139142,,False
70,139149,,False
70,139155,,False
70,139158,,False
70,139160,,False
70,139178,,False
70,139182,,False
70,139191,,False
70,139200,,False
70,139219,,False
70,139224,,False
70,139228,,False
70,139230,,False
70,139245,,False
70,139252,,False
70,139255,,False
70,139267,,False
70,139271,,False
70,139274,,False
70,139275,,False
70,139281,,False
70,139285,,False
70,139286,,False
70,139291,,False
70,139306,,False
70,139312,,False
70,139346,,False
70,139358,,False
70,139361,,False
70,139363,,False
70,139366,,False
70,139368,,False
70,139374,,False
70,139391,,False
70,139399,,False
70,139400,,False
70,139402,,False
70,139404,,False
70,139407,,False
70,139432,,False
70,139438,,False
70,139445,,False
70,139447,,False
70,139450,,False
70,139453,,False
70,139462,,False
70,139491,,False
70,139493,,False
70,139513,,False
70,139518,,False
70,139522,,False
70,139523,,False
70,139533,,False
70,139537,,False
70,139540,,False
70,139545,,False
70,139546,,False
70,139560,,False
70,139562,,False
70,139565,,False
70,139569,,False
70,139572,,False
70,139580,,False
70,139582,,False
70,139594,,False
70,139601,,False
70,139602,,False
70,139604,,False
70,139614,,False
70,139619,,False
70,139655,,False
70,139656,,False
70,139657,,False
70,139661,,False
70,139671,,False
70,139675,,False
70,139679,,False
70,139683,,False
70,139687,,False
70,139688,,False
70,139714,,False
70,139716,,False
70,139743,,False
70,139754,,False
70,139760,,False
70,139762,,False
70,139771,,False
70,139772,,False
70,139773,,False
70,139775,,False
70,139778,,False
70,139780,,False
70,139785,,False
70,139786,,False
70,139792,,False
70,139799,,False
70,139812,,False
70,139814,,False
70,139818,,False
70,139829,,False
70,139836,,False
70,139844,,False
70,139846,,False
70,139847,,False
70,139865,,False
70,139869,,False
70,139874,,False
70,139876,,False
70,139881,,False
70,139886,,False
70,139898,,False
70,139909,,False
70,139917,,False
70,139924,,False
70,139934,,False
70,139936,,False
70,139942,,False
70,139951,,False
70,139961,,False
70,139963,,False
70,139968,,False
70,139970,,False
70,139971,,False
70,139972,,False
70,139976,,False
70,139982,,False
70,139991,,False
70,140012,,False
70,140015,,False
70,140023,,False
70,140024,,False
70,140033,,False
70,140034,,False
70,140040,,False
70,140044,,False
70,140051,,False
70,140056,,False
70,140059,,False
70,140061,,False
70,140066,,False
70,140072,,False
70,140077,,False
70,140082,,False
70,140087,,False
70,140089,,False
70,140100,,False
70,140102,,False
70,140103,,False
70,140128,,False
70,140131,,False
70,140141,,False
70,140148,,False
70,140149,,False
70,140160,,False
70,140167,,False
70,140173,,False
70,140178,,False
70,140185,,False
70,140187,,False
70,140197,,False
70,140204,,False
70,140205,,False
70,140230,,False
70,140237,,False
70,140245,,False
70,140247,,False
70,140252,,False
70,140256,,False
70,140260,,False
70,140268,,False
70,140275,,False
70,140286,,False
70,140287,,False
70,140298,,False
70,140301,,False
70,140305,,False
70,140311,,False
70,140327,,False
70,140334,,False
70,140339,,False
70,140344,,False
70,140348,,False
70,140356,,False
70,140357,,False
70,140358,,False
70,140363,,False
70,140396,,False
70,140403,,False
70,140408,,False
70,140417,,False
70,140433,,False
70,140452,,False
70,140455,,False
70,140458,,False
70,140460,,False
70,140497,,False
70,140509,,False
70,140515,,False
70,140546,,False
70,140568,,False
70,140571,,False
70,140572,,False
70,140579,,False
70,140606,,False
70,140609,,False
70,140651,,False
70,140682,,False
70,140696,,False
70,140697,,False
70,140721,,False
70,140722,,False
70,140731,,False
70,140738,,False
70,140747,,False
70,140767,,False
70,140768,,False
70,140777,,False
70,140783,,False
70,140793,,False
70,140805,,False
70,140809,,False
70,140815,,False
70,140819,,False
70,140826,,False
70,140834,,False
70,140840,,False
70,140844,,False
70,140850,,False
70,140856,,False
70,140860,,False
70,140873,,False
70,140877,,False
70,140881,,False
70,140894,,False
70,140903,,False
70,140909,,False
70,140918,,False
70,140929,,False
70,140944,,False
70,140946,,False
70,140959,,False
70,140987,,False
70,140989,,False
70,140998,,False
70,141006,,False
70,141007,,False
70,141012,,False
70,141017,,False
70,141037,,False
70,141043,,False
70,141057,,False
70,141058,,False
70,141072,,False
70,141090,,False
70,141098,,False
70,141103,,False
70,141116,,False
70,141117,,False
70,141126,,False
70,141137,,False
70,141142,,False
70,141149,,False
70,141150,,False
70,141157,,False
70,141160,,False
70,141164,,False
70,141177,,False
70,141182,,False
70,141185,,False
70,141198,,False
70,141205,,False
70,141207,,False
70,141208,,False
70,141210,,False
70,141224,,False
70,141234,,False
70,141258,,False
70,141261,,False
70,141287,,False
70,141293,,False
70,141304,,False
70,141309,,False
70,141320,,False
70,141323,,False
70,141331,,False
70,141342,,False
70,141343,,False
70,141347,,False
70,141353,,False
70,141364,,False
70,141367,,False
70,141372,,False
70,141385,,False
70,141389,,False
70,141391,,False
70,141396,,False
70,141401,,False
70,141403,,False
70,141407,,False
70,141422,,False
70,141444,,False
70,141449,,False
70,141457,,False
70,141476,,False
70,141479,,False
70,141491,,False
70,141492,,False
70,141496,,False
70,141508,,False
70,141510,,False
70,141513,,False
70,141514,,False
70,141525,,False
70,141527,,False
70,141537,,False
70,141542,,False
70,141546,,False
70,141549,,False
70,141558,,False
70,141564,,False
70,141582,,False
70,141588,,False
70,141591,,False
70,141593,,False
70,141594,,False
70,141602,,False
70,141609,,False
70,141612,,False
70,141614,,False
70,141618,,False
70,141623,,False
70,141631,,False
70,141634,,False
70,141641,,False
70,141650,,False
70,141660,,False
70,141666,,False
70,141668,,False
70,141670,,False
70,141671,,False
70,141688,,False
70,141696,,False
70,141709,,False
70,141719,,False
70,141721,,False
70,141749,,False
70,141759,,False
70,141762,,False
70,141778,,False
70,141782,,False
70,141784,,False
70,141788,,False
70,141790,,False
70,141793,,False
70,141799,,False
70,141809,,False
70,141818,,False
70,141821,,False
70,141847,,False
70,141851,,False
70,141865,,False
70,141866,,False
70,141868,,False
70,141871,,False
70,141906,,False
70,141909,,False
70,141913,,False
70,141927,,False
70,141932,,False
70,141937,,False
70,141938,,False
70,141942,,False
70,141946,,False
70,141970,,False
70,141973,,False
70,141976,,False
70,141978,,False
70,142002,,False
70,142011,,False
70,142018,,False
70,142030,,False
70,142031,,False
70,142033,,False
70,142048,,False
70,142056,,False
70,142062,,False
70,142073,,False
70,142078,,False
70,142081,,False
70,142084,,False
70,142086,,False
70,142089,,False
70,142095,,False
70,142100,,False
70,142102,,False
70,142106,,False
70,142108,,False
70,142128,,False
70,142136,,False
70,142148,,False
70,142167,,False
70,142169,,False
70,142177,,False
70,142183,,False
70,142187,,False
70,142188,,False
70,142197,,False
70,142200,,False
70,142218,,False
70,142223,,False
70,142240,,False
70,142253,,False
70,142257,,False
70,142266,,False
70,142286,,False
70,142289,,False
70,142290,,False
70,142295,,False
70,142298,,False
70,142304,,False
70,142314,,False
70,142316,,False
70,142320,,False
70,142323,,False
70,142339,,False
70,142340,,False
70,142342,,False
70,142350,,False
70,142351,,False
70,142364,,False
70,142369,,False
70,142375,,False
70,142396,,False
70,142397,,False
70,142400,,False
70,142402,,False
70,142407,,False
70,142408,,False
70,142415,,False
70,142421,,False
70,142425,,False
70,142434,,False
70,142444,,False
70,142477,,False
70,142480,,False
70,142482,,False
70,142488,,False
70,142494,,False
70,142500,,False
70,142513,,False
70,142518,,False
70,142528,,False
70,142533,,False
70,142545,,False
70,142551,,False
70,142558,,False
70,142562,,False
70,142563,,False
70,142580,,False
70,142584,,False
70,142595,,False
70,142604,,False
70,142610,,False
70,142613,,False
70,142615,,False
70,142619,,False
70,142620,,False
70,142625,,False
70,142639,,False
70,142641,,False
70,142649,,False
70,142665,,False
70,142675,,False
70,142686,,False
70,142705,,False
70,142707,,False
70,142709,,False
70,142719,,False
70,142736,,False
70,142745,,False
70,142747,,False
70,142752,,False
70,142760,,False
70,142762,,False
70,142778,,False
70,142786,,False
70,142789,,False
70,142796,,False
70,142799,,False
70,142804,,False
70,142806,,False
70,142814,,False
70,142817,,False
70,142832,,False
70,142849,,False
70,142860,,False
70,142882,,False
70,142908,,False
70,142920,,False
70,142922,,False
70,142926,,False
70,142942,,False
70,142944,,False
70,142945,,False
70,142948,,False
70,142949,,False
70,142954,,False
70,142967,,False
70,142972,,False
70,142995,,False
70,142998,,False
70,142999,,False
70,143000,,False
70,143015,,False
70,143016,,False
70,143024,,False
70,143031,,False
70,143035,,False
70,143038,,False
70,143050,,False
70,143052,,False
70,143054,,False
70,143055,,False
70,143060,,False
70,143064,,False
70,143066,,False
70,143068,,False
70,143076,,False
70,143083,,False
70,143091,,False
70,143098,,False
70,143112,,False
70,143114,,False
70,143130,,False
70,143149,,False
70,143151,,False
70,143153,,False
70,143161,,False
70,143165,,False
70,143166,,False
70,143167,,False
70,143184,,False
70,143193,,False
70,143197,,False
70,143198,,False
70,143205,,False
70,143207,,False
70,143209,,False
70,143210,,False
70,143221,,False
70,143238,,False
70,143253,,False
70,143254,,False
70,143261,,False
70,143265,,False
70,143267,,False
70,143275,,False
70,143281,,False
70,143292,,False
70,143305,,False
70,143306,,False
70,143324,,False
70,143330,,False
70,143331,,False
70,143348,,False
70,143358,,False
70,143362,,False
70,143370,,False
70,143379,,False
70,143385,,False
70,143400,,False
70,143402,,False
70,143409,,False
70,143410,,False
70,143411,,False
70,143425,,False
70,143429,,False
70,143441,,False
70,143448,,False
70,143464,,False
70,143465,,False
70,143476,,False
70,143480,,False
70,143492,,False
70,143497,,False
70,143502,,False
70,143503,,False
70,143512,,False
70,143516,,False
70,143520,,False
70,143526,,False
70,143529,,False
70,143547,,False
70,143566,,False
70,143571,,False
70,143578,,False
70,143583,,False
70,143593,,False
70,143595,,False
70,143597,,False
70,143601,,False
70,143617,,False
70,143625,,False
70,143632,,False
70,143637,,False
70,143638,,False
70,143642,,False
70,143643,,False
70,143645,,False
70,143647,,False
70,143651,,False
70,143655,,False
70,143657,,False
70,143665,,False
70,143677,,False
70,143687,,False
70,143704,,False
70,143716,,False
70,143717,,False
70,143719,,False
70,143730,,False
70,143732,,False
70,143742,,False
70,143791,,False
70,143804,,False
70,143812,,False
70,143813,,False
70,143841,,False
70,143849,,False
70,143857,,False
70,143860,,False
70,143862,,False
70,143863,,False
70,143868,,False
70,143891,,False
70,143924,,False
70,143926,,False
70,143932,,False
70,143936,,False
70,143961,,False
70,143966,,False
70,143968,,False
70,143980,,False
70,143999,,False
70,144009,,False
70,144021,,False
70,144035,,False
70,144036,,False
70,144039,,False
70,144041,,False
70,144046,,False
70,144048,,False
70,144059,,False
70,144081,,False
70,144092,,False
70,144093,,False
70,144097,,False
70,144098,,False
70,144100,,False
70,144103,,False
70,144129,,False
70,144131,,False
70,144132,,False
70,144139,,False
70,144142,,False
70,144146,,False
70,144155,,False
70,144163,,False
70,144177,,False
70,144178,,False
70,144185,,False
70,144186,,False
70,144195,,False
70,144196,,False
70,144198,,False
70,144226,,False
70,144248,,False
70,144273,,False
70,144286,,False
70,144292,,False
70,144296,,False
70,144300,,False
70,144307,,False
70,144320,,False
70,144336,,False
70,144359,,False
70,144360,,False
70,144367,,False
70,144368,,False
70,144369,,False
70,144379,,False
70,144391,,False
70,144410,,False
70,144412,,False
70,144415,,False
70,144423,,False
70,144429,,False
70,144478,,False
70,144479,,False
70,144485,,False
70,144487,,False
70,144488,,False
70,144503,,False
70,144508,,False
70,144512,,False
70,144551,,False
70,144574,,False
70,144581,,False
70,144583,,False
70,144585,,False
70,144595,,False
70,144602,,False
70,144610,,False
70,144612,,False
70,144647,,False
70,144648,,False
70,144654,,False
70,144664,,False
70,144665,,False
70,144670,,False
70,144672,,False
70,144675,,False
70,144683,,False
70,144685,,False
70,144699,,False
70,144709,,False
70,144710,,False
70,144716,,False
70,144731,,False
70,144733,,False
70,144734,,False
70,144735,,False
70,144736,,False
70,144739,,False
70,144741,,False
70,144743,,False
70,144758,,False
70,144765,,False
70,144774,,False
70,144777,,False
70,144779,,False
70,144781,,False
70,144785,,False
70,144787,,False
70,144789,,False
70,144799,,False
70,144800,,False
70,144819,,False
70,144825,,False
70,144831,,False
70,144842,,False
70,144843,,False
70,144845,,False
70,144856,,False
70,144861,,False
70,144869,,False
70,144873,,False
70,144881,,False
70,144901,,False
70,144903,,False
70,144911,,False
70,144913,,False
70,144924,,False
70,144928,,False
70,144934,,False
70,144937,,False
70,144946,,False
70,144951,,False
70,144954,,False
70,144962,,False
70,144972,,False
70,144980,,False
70,144994,,False
70,144998,,False
70,145008,,False
70,145023,,False
70,145035,,False
70,145042,,False
70,145046,,False
70,145057,,False
70,145058,,False
70,145061,,False
70,145063,,False
70,145068,,False
70,145072,,False
70,145077,,False
70,145078,,False
70,145081,,False
70,145088,,False
70,145094,,False
70,145096,,False
70,145101,,False
70,145104,,False
70,145117,,False
70,145127,,False
70,145147,,False
70,145161,,False
70,145186,,False
70,145199,,False
70,145204,,False
70,145205,,False
70,145207,,False
70,145211,,False
70,145226,,False
70,145236,,False
70,145249,,False
70,145256,,False
70,145259,,False
70,145269,,False
70,145270,,False
70,145290,,False
70,145308,,False
70,145313,,False
70,145317,,False
70,145325,,False
70,145332,,False
70,145341,,False
70,145350,,False
70,145354,,False
70,145376,,False
70,145378,,False
70,145381,,False
70,145384,,False
70,145385,,False
70,145387,,False
70,145389,,False
70,145390,,False
70,145404,,False
70,145413,,False
70,145421,,False
70,145427,,False
70,145432,,False
70,145436,,False
70,145441,,False
70,145444,,False
70,145449,,False
70,145453,,False
70,145462,,False
70,145498,,False
70,145505,,False
70,145510,,False
70,145514,,False
70,145530,,False
70,145531,,False
70,145534,,False
70,145539,,False
70,145544,,False
70,145556,,False
70,145566,,False
70,145570,,False
70,145574,,False
70,145579,,False
70,145591,,False
70,145593,,False
70,145600,,False
70,145603,,False
70,145605,,False
70,145617,,False
70,145620,,False
70,145622,,False
70,145625,,False
70,145631,,False
70,145632,,False
70,145635,,False
70,145660,,False
70,145664,,False
70,145674,,False
70,145675,,False
70,145678,,False
70,145684,,False
70,145692,,False
70,145698,,False
70,145700,,False
70,145707,,False
70,145712,,False
70,145722,,False
70,145726,,False
70,145728,,False
70,145740,,False
70,145741,,False
70,145749,,False
70,145752,,False
70,145770,,False
70,145778,,False
70,145780,,False
70,145781,,False
70,145784,,False
70,145802,,False
70,145811,,False
70,145817,,False
70,145818,,False
70,145828,,False
70,145835,,False
70,145843,,False
70,145846,,False
70,145850,,False
70,145851,,False
70,145863,,False
70,145885,,False
70,145889,,False
70,145894,,False
70,145900,,False
70,145910,,False
70,145921,,False
70,145928,,False
70,145929,,False
70,145940,,False
70,145947,,False
70,145950,,False
70,145959,,False
70,145977,,False
70,145988,,False
70,146011,,False
70,146029,,False
70,146031,,False
70,146040,,False
70,146041,,False
70,146046,,False
70,146047,,False
70,146053,,False
70,146055,,False
70,146060,,False
70,146066,,False
70,146070,,False
70,146077,,False
70,146080,,False
70,146086,,False
70,146096,,False
70,146104,,False
70,146106,,False
70,146110,,False
70,146116,,False
70,146117,,False
70,146121,,False
70,146123,,False
70,146138,,False
70,146145,,False
70,146148,,False
70,146159,,False
70,146165,,False
70,146177,,False
70,146186,,False
70,146191,,False
70,146192,,False
70,146202,,False
70,146204,,False
70,146209,,False
70,146212,,False
70,146213,,False
70,146227,,False
70,146232,,False
70,146235,,False
70,146241,,False
70,146254,,False
70,146255,,False
70,146262,,False
70,146274,,False
70,146276,,False
70,146280,,False
70,146295,,False
70,146312,,False
70,146325,,False
70,146329,,False
70,146331,,False
70,146335,,False
70,146339,,False
70,146341,,False
70,146357,,False
70,146370,,False
70,146377,,False
70,146382,,False
70,146396,,False
70,146409,,False
70,146417,,False
70,146423,,False
70,146434,,False
70,146441,,False
70,146450,,False
70,146463,,False
70,146476,,False
70,146487,,False
70,146493,,False
70,146497,,False
70,146505,,False
70,146517,,False
70,146520,,False
70,146534,,False
70,146540,,False
70,146544,,False
70,146583,,False
70,146588,,False
70,146591,,False
70,146594,,False
70,146624,,False
70,146639,,False
70,146650,,False
70,146652,,False
70,146662,,False
70,146667,,False
70,146677,,False
70,146696,,False
70,146712,,False
70,146724,,False
70,146736,,False
70,146740,,False
70,146743,,False
70,146746,,False
70,146748,,False
70,146752,,False
70,146757,,False
70,146758,,False
70,146771,,False
70,146773,,False
70,146775,,False
70,146776,,False
70,146783,,False
70,146784,,False
70,146787,,False
70,146812,,False
70,146816,,False
70,146819,,False
70,146821,,False
70,146823,,False
70,146839,,False
70,146841,,False
70,146844,,False
70,146859,,False
70,146861,,False
70,146866,,False
70,146876,,False
70,146877,,False
70,146889,,False
70,146911,,False
70,146923,,False
70,146928,,False
70,146930,,False
70,146931,,False
70,146939,,False
70,146942,,False
70,146945,,False
70,146955,,False
70,146957,,False
70,146965,,False
70,146968,,False
70,146983,,False
70,146985,,False
70,146996,,False
70,146998,,False
70,147011,,False
70,147013,,False
70,147030,,False
70,147032,,False
70,147035,,False
70,147043,,False
70,147047,,False
70,147050,,False
70,147057,,False
70,147058,,False
70,147060,,False
70,147065,,False
70,147081,,False
70,147089,,False
70,147102,,False
70,147103,,False
70,147108,,False
70,147138,,False
70,147139,,False
70,147140,,False
70,147146,,False
70,147151,,False
70,147172,,False
70,147175,,False
70,147183,,False
70,147207,,False
70,147210,,False
70,147214,,False
70,147217,,False
70,147223,,False
70,147233,,False
70,147235,,False
70,147242,,False
70,147265,,False
70,147270,,False
70,147278,,False
70,147290,,False
70,147293,,False
70,147296,,False
70,147299,,False
70,147311,,False
70,147313,,False
70,147314,,False
70,147317,,False
70,147324,,False
70,147337,,False
70,147338,,False
70,147341,,False
70,147342,,False
70,147343,,False
70,147350,,False
70,147362,,False
70,147364,,False
70,147377,,False
70,147409,,False
70,147413,,False
70,147415,,False
70,147421,,False
70,147426,,False
70,147429,,False
70,147433,,False
70,147434,,False
70,147435,,False
70,147443,,False
70,147462,,False
70,147472,,False
70,147494,,False
70,147508,,False
70,147541,,False
70,147543,,False
70,147551,,False
70,147553,,False
70,147554,,False
70,147560,,False
70,147564,,False
70,147572,,False
70,147579,,False
70,147581,,False
70,147585,,False
70,147606,,False
70,147608,,False
70,147611,,False
70,147619,,False
70,147620,,False
70,147631,,False
70,147639,,False
70,147650,,False
70,147653,,False
70,147657,,False
70,147658,,False
70,147664,,False
70,147665,,False
70,147667,,False
70,147674,,False
70,147675,,False
70,147693,,False
70,147708,,False
70,147710,,False
70,147715,,False
70,147724,,False
70,147735,,False
70,147741,,False
70,147751,,False
70,147761,,False
70,147790,,False
70,147794,,False
70,147802,,False
70,147809,,False
70,147810,,False
70,147813,,False
70,147825,,False
70,147850,,False
70,147857,,False
70,147858,,False
70,147860,,False
70,147871,,False
70,147874,,False
70,147879,,False
70,147908,,False
70,147909,,False
70,147913,,False
70,147915,,False
70,147928,,False
70,147931,,False
70,147933,,False
70,147943,,False
70,147944,,False
70,147951,,False
70,147959,,False
70,147975,,False
70,147983,,False
70,147987,,False
70,147991,,False
70,147992,,False
70,148003,,False
70,148010,,False
70,148012,,False
70,148023,,False
70,148033,,False
70,148036,,False
70,148039,,False
70,148042,,False
70,148056,,False
70,148057,,False
70,148070,,False
70,148083,,False
70,148084,,False
70,148102,,False
70,148119,,False
70,148122,,False
70,148130,,False
70,148152,,False
70,148153,,False
70,148158,,False
70,148189,,False
70,148191,,False
70,148196,,False
70,148201,,False
70,148212,,False
70,148218,,False
70,148222,,False
70,148227,,False
70,148229,,False
70,148238,,False
70,148242,,False
70,148257,,False
70,148265,,False
70,148266,,False
70,148271,,False
70,148286,,False
70,148287,,False
70,148295,,False
70,148298,,False
70,148302,,False
70,148305,,False
70,148306,,False
70,148315,,False
70,148319,,False
70,148327,,False
70,148329,,False
70,148338,,False
70,148346,,False
70,148354,,False
70,148366,,False
70,148369,,False
70,148378,,False
70,148387,,False
70,148389,,False
70,148392,,False
70,148394,,False
70,148395,,False
70,148396,,False
70,148400,,False
70,148419,,False
70,148423,,False
70,148425,,False
70,148431,,False
70,148436,,False
70,148442,,False
70,148445,,False
70,148448,,False
70,148449,,False
70,148454,,False
70,148456,,False
70,148457,,False
70,148462,,False
70,148464,,False
70,148466,,False
70,148467,,False
70,148474,,False
70,148485,,False
70,148502,,False
70,148515,,False
70,148519,,False
70,148530,,False
70,148534,,False
70,148537,,False
70,148544,,False
70,148546,,False
70,148553,,False
70,148570,,False
70,148575,,False
70,148576,,False
70,148580,,False
70,148582,,False
70,148589,,False
70,148594,,False
70,148597,,False
70,148599,,False
70,148604,,False
70,148608,,False
70,148621,,False
70,148622,,False
70,148624,,False
70,148644,,False
70,148645,,False
70,148647,,False
70,148657,,False
70,148658,,False
70,148662,,False
70,148663,,False
70,148665,,False
70,148690,,False
70,148695,,False
70,148697,,False
70,148704,,False
70,148716,,False
70,148721,,False
70,148722,,False
70,148739,,False
70,148743,,False
70,148758,,False
70,148765,,False
70,148766,,False
70,148767,,False
70,148770,,False
70,148773,,False
70,148778,,False
70,148782,,False
70,148791,,False
70,148799,,False
70,148805,,False
70,148818,,False
70,148835,,False
70,148836,,False
70,148865,,False
70,148867,,False
70,148879,,False
70,148884,,False
70,148890,,False
70,148913,,False
70,148921,,False
70,148942,,False
70,148970,,False
70,148983,,False
70,148985,,False
70,148988,,False
70,148995,,False
70,148997,,False
70,148998,,False
70,149000,,False
70,149001,,False
70,149005,,False
70,149022,,False
70,149050,,False
70,149053,,False
70,149055,,False
70,149076,,False
70,149077,,False
70,149084,,False
70,149096,,False
70,149100,,False
70,149101,,False
70,149111,,False
70,149112,,False
70,149126,,False
70,149138,,False
70,149141,,False
70,149143,,False
70,149157,,False
70,149159,,False
70,149160,,False
70,149178,,False
70,149184,,False
70,149189,,False
70,149199,,False
70,149218,,False
70,149220,,False
70,149222,,False
70,149227,,False
70,149230,,False
70,149233,,False
70,149238,,False
70,149241,,False
70,149243,,False
70,149245,,False
70,149248,,False
70,149263,,False
70,149281,,False
70,149287,,False
70,149298,,False
70,149308,,False
70,149309,,False
70,149316,,False
70,149317,,False
70,149326,,False
70,149332,,False
70,149334,,False
70,149354,,False
70,149366,,False
70,149372,,False
70,149374,,False
70,149379,,False
70,149391,,False
70,149394,,False
70,149418,,False
70,149429,,False
70,149436,,False
70,149445,,False
70,149450,,False
70,149453,,False
70,149468,,False
70,149470,,False
70,149485,,False
70,149487,,False
70,149488,,False
70,149506,,False
70,149507,,False
70,149510,,False
70,149514,,False
70,149526,,False
70,149529,,False
70,149538,,False
70,149567,,False
70,149589,,False
70,149602,,False
70,149608,,False
70,149609,,False
70,149621,,False
70,149631,,False
70,149634,,False
70,149650,,False
70,149652,,False
70,149660,,False
70,149676,,False
70,149684,,False
70,149687,,False
70,149688,,False
70,149700,,False
70,149702,,False
70,149706,,False
70,149709,,False
70,149711,,False
70,149714,,False
70,149720,,False
70,149725,,False
70,149731,,False
70,149740,,False
70,149742,,False
70,149754,,False
70,149756,,False
70,149760,,False
70,149763,,False
70,149767,,False
70,149771,,False
70,149778,,False
70,149779,,False
70,149783,,False
70,149811,,False
70,149827,,False
70,149828,,False
70,149829,,False
70,149830,,False
70,149835,,False
70,149837,,False
70,149843,,False
70,149850,,False
70,149854,,False
70,149878,,False
70,149890,,False
70,149901,,False
70,149904,,False
70,149912,,False
70,149918,,False
70,149919,,False
70,149924,,False
70,149927,,False
70,149928,,False
70,149944,,False
70,149948,,False
70,149949,,False
70,149953,,False
70,149966,,False
70,149977,,False
70,149981,,False
70,149984,,False
70,149994,,False
70,149995,,False
70,150002,,False
70,150025,,False
70,150030,,False
70,150037,,False
70,150046,,False
70,150052,,False
70,150053,,False
70,150054,,False
70,150074,,False
70,150076,,False
70,150089,,False
70,150120,,False
70,150121,,False
70,150128,,False
70,150130,,False
70,150136,,False
70,150140,,False
70,150158,,False
70,150184,,False
70,150187,,False
70,150202,,False
70,150204,,False
70,150217,,False
70,150223,,False
70,150234,,False
70,150247,,False
70,150258,,False
70,150260,,False
70,150263,,False
70,150264,,False
70,150273,,False
70,150279,,False
70,150287,,False
70,150289,,False
70,150294,,False
70,150297,,False
70,150304,,False
70,150311,,False
70,150324,,False
70,150326,,False
70,150334,,False
70,150342,,False
70,150354,,False
70,150357,,False
70,150370,,False
70,150373,,False
70,150376,,False
70,150381,,False
70,150411,,False
70,150432,,False
70,150442,,False
70,150443,,False
70,150445,,False
70,150457,,False
70,150463,,False
70,150467,,False
70,150470,,False
70,150480,,False
70,150482,,False
70,150497,,False
70,150518,,False
70,150520,,False
70,150525,,False
70,150527,,False
70,150533,,False
70,150535,,False
70,150557,,False
70,150571,,False
70,150575,,False
70,150588,,False
70,150609,,False
70,150615,,False
70,150621,,False
70,150635,,False
70,150650,,False
70,150662,,False
70,150664,,False
70,150681,,False
70,150683,,False
70,150699,,False
70,150701,,False
70,150711,,False
70,150725,,False
70,150727,,False
70,150728,,False
70,150732,,False
70,150733,,False
70,150740,,False
70,150742,,False
70,150752,,False
70,150767,,False
70,150771,,False
70,150781,,False
70,150818,,False
70,150822,,False
70,150829,,False
70,150845,,False
70,150857,,False
70,150863,,False
70,150868,,False
70,150876,,False
70,150894,,False
70,150902,,False
70,150908,,False
70,150912,,False
70,150921,,False
70,150929,,False
70,150932,,False
70,150941,,False
70,150947,,False
70,150950,,False
70,150957,,False
70,150959,,False
70,150962,,False
70,150967,,False
70,150969,,False
70,150972,,False
70,150980,,False
70,150991,,False
70,150999,,False
70,151008,,False
70,151011,,False
70,151020,,False
70,151025,,False
70,151029,,False
70,151037,,False
70,151050,,False
70,151055,,False
70,151057,,False
70,151065,,False
70,151067,,False
70,151069,,False
70,151090,,False
70,151103,,False
70,151105,,False
70,151107,,False
70,151112,,False
70,151132,,False
70,151136,,False
70,151146,,False
70,151162,,False
70,151166,,False
70,151168,,False
70,151170,,False
70,151179,,False
70,151181,,False
70,151190,,False
70,151192,,False
70,151203,,False
70,151204,,False
70,151218,,False
70,151221,,False
70,151225,,False
70,151228,,False
70,151232,,False
70,151241,,False
70,151245,,False
70,151261,,False
70,151262,,False
70,151273,,False
70,151276,,False
70,151280,,False
70,151285,,False
70,151286,,False
70,151306,,False
70,151308,,False
70,151315,,False
70,151316,,False
70,151337,,False
70,151357,,False
70,151369,,False
70,151389,,False
70,151412,,False
70,151425,,False
70,151431,,False
70,151439,,False
70,151441,,False
70,151447,,False
70,151462,,False
70,151468,,False
70,151474,,False
70,151475,,False
70,151486,,False
70,151498,,False
70,151501,,False
70,151509,,False
70,151515,,False
70,151516,,False
70,151519,,False
70,151538,,False
70,151545,,False
70,151570,,False
70,151578,,False
70,151598,,False
70,151601,,False
70,151615,,False
70,151627,,False
70,151654,,False
70,151666,,False
70,151674,,False
70,151692,,False
70,151704,,False
70,151708,,False
70,151712,,False
70,151751,,False
70,151755,,False
70,151757,,False
70,151761,,False
70,151770,,False
70,151780,,False
70,151783,,False
70,151790,,False
70,151820,,False
70,151822,,False
70,151825,,False
70,151841,,False
70,151850,,False
70,151860,,False
70,151877,,False
70,151880,,False
70,151892,,False
70,151893,,False
70,151898,,False
70,151899,,False
70,151910,,False
70,151932,,False
70,151941,,False
70,151957,,False
70,151970,,False
70,151993,,False
70,152000,,False
70,152013,,False
70,152019,,False
70,152024,,False
70,152029,,False
70,152031,,False
70,152036,,False
70,152037,,False
70,152045,,False
70,152047,,False
70,152049,,False
70,152050,,False
70,152061,,False
70,152074,,False
70,152076,,False
70,152079,,False
70,152081,,False
70,152085,,False
70,152092,,False
70,152093,,False
70,152096,,False
70,152098,,False
70,152099,,False
70,152100,,False
70,152118,,False
70,152120,,False
70,152122,,False
70,152125,,False
70,152134,,False
70,152135,,False
70,152143,,False
70,152144,,False
70,152159,,False
70,152170,,False
70,152183,,False
70,152189,,False
70,152200,,False
70,152207,,False
70,152209,,False
70,152215,,False
70,152217,,False
70,152219,,False
70,152229,,False
70,152231,,False
70,152238,,False
70,152262,,False
70,152274,,False
70,152282,,False
70,152283,,False
70,152301,,False
70,152310,,False
70,152322,,False
70,152331,,False
70,152332,,False
70,152336,,False
70,152338,,False
70,152349,,False
70,152359,,False
70,152361,,False
70,152365,,False
70,152367,,False
70,152375,,False
70,152384,,False
70,152389,,False
70,152393,,False
70,152395,,False
70,152397,,False
70,152400,,False
70,152404,,False
70,152409,,False
70,152427,,False
70,152435,,False
70,152436,,False
70,152456,,False
70,152468,,False
70,152473,,False
70,152481,,False
70,152490,,False
70,152495,,False
70,152498,,False
70,152501,,False
70,152525,,False
70,152527,,False
70,152550,,False
70,152555,,False
70,152565,,False
70,152574,,False
70,152576,,False
70,152579,,False
70,152581,,False
70,152597,,False
70,152599,,False
70,152618,,False
70,152620,,False
70,152621,,False
70,152628,,False
70,152629,,False
70,152632,,False
70,152641,,False
70,152652,,False
70,152658,,False
70,152663,,False
70,152669,,False
70,152675,,False
70,152678,,False
70,152697,,False
70,152727,,False
70,152746,,False
70,152747,,False
70,152773,,False
70,152774,,False
70,152779,,False
70,152780,,False
70,152782,,False
70,152787,,False
70,152794,,False
70,152795,,False
70,152797,,False
70,152803,,False
70,152805,,False
70,152813,,False
70,152814,,False
70,152818,,False
70,152820,,False
70,152823,,False
70,152824,,False
70,152828,,False
70,152835,,False
70,152838,,False
70,152851,,False
70,152858,,False
70,152860,,False
70,152872,,False
70,152873,,False
70,152876,,False
70,152880,,False
70,152894,,False
70,152903,,False
70,152907,,False
70,152913,,False
70,152918,,False
70,152921,,False
70,152928,,False
70,152935,,False
70,152940,,False
70,152952,,False
70,152971,,False
70,152972,,False
70,152989,,False
70,152991,,False
70,152999,,False
70,153000,,False
70,153004,,False
70,153005,,False
70,153008,,False
70,153016,,False
70,153018,,False
70,153021,,False
70,153023,,False
70,153033,,False
70,153034,,False
70,153040,,False
70,153044,,False
70,153052,,False
70,153070,,False
70,153074,,False
70,153075,,False
70,153076,,False
70,153077,,False
70,153078,,False
70,153079,,False
70,153085,,False
70,153086,,False
70,153089,,False
70,153092,,False
70,153095,,False
70,153103,,False
70,153115,,False
70,153131,,False
70,153132,,False
70,153133,,False
70,153156,,False
70,153172,,False
70,153173,,False
70,153177,,False
70,153197,,False
70,153208,,False
70,153228,,False
70,153232,,False
70,153237,,False
70,153240,,False
70,153241,,False
70,153251,,False
70,153256,,False
70,153262,,False
70,153264,,False
70,153268,,False
70,153285,,False
70,153289,,False
70,153291,,False
70,153292,,False
70,153295,,False
70,153296,,False
70,153301,,False
70,153306,,False
70,153310,,False
70,153314,,False
70,153317,,False
70,153324,,False
70,153325,,False
70,153329,,False
70,153336,,False
70,153345,,False
70,153350,,False
70,153353,,False
70,153354,,False
70,153374,,False
70,153375,,False
70,153378,,False
70,153392,,False
70,153396,,False
70,153414,,False
70,153431,,False
70,153439,,False
70,153477,,False
70,153484,,False
70,153516,,False
70,153521,,False
70,153524,,False
70,153527,,False
70,153535,,False
70,153546,,False
70,153547,,False
70,153550,,False
70,153557,,False
70,153558,,False
70,153566,,False
70,153577,,False
70,153584,,False
70,153585,,False
70,153586,,False
70,153592,,False
70,153596,,False
70,153615,,False
70,153617,,False
70,153624,,False
70,153627,,False
70,153632,,False
70,153638,,False
70,153642,,False
70,153647,,False
70,153648,,False
70,153651,,False
70,153657,,False
70,153659,,False
70,153664,,False
70,153665,,False
70,153667,,False
70,153687,,False
70,153713,,False
70,153717,,False
70,153718,,False
70,153719,,False
70,153721,,False
70,153724,,False
70,153731,,False
70,153735,,False
70,153738,,False
70,153741,,False
70,153766,,False
70,153782,,False
70,153788,,False
70,153791,,False
70,153801,,False
70,153836,,False
70,153843,,False
70,153853,,False
70,153855,,False
70,153870,,False
70,153871,,False
70,153876,,False
70,153880,,False
70,153882,,False
70,153884,,False
70,153889,,False
70,153890,,False
70,153894,,False
70,153896,,False
70,153898,,False
70,153906,,False
70,153914,,False
70,153916,,False
70,153918,,False
70,153929,,False
70,153950,,False
70,153952,,False
70,153964,,False
70,153969,,False
70,153977,,False
70,153984,,False
70,153993,,False
70,153997,,False
70,154005,,False
70,154011,,False
70,154017,,False
70,154024,,False
70,154025,,False
70,154032,,False
70,154034,,False
70,154051,,False
70,154053,,False
70,154063,,False
70,154078,,False
70,154089,,False
70,154090,,False
70,154100,,False
70,154110,,False
70,154113,,False
70,154115,,False
70,154124,,False
70,154130,,False
70,154137,,False
70,154147,,False
70,154154,,False
70,154163,,False
70,154173,,False
70,154176,,False
70,154184,,False
70,154189,,False
70,154193,,False
70,154197,,False
70,154201,,False
70,154215,,False
70,154220,,False
70,154227,,False
70,154229,,False
70,154239,,False
70,154246,,False
70,154248,,False
70,154251,,False
70,154263,,False
70,154270,,False
70,154272,,False
70,154274,,False
70,154277,,False
70,154278,,False
70,154287,,False
70,154305,,False
70,154315,,False
70,154318,,False
70,154326,,False
70,154330,,False
70,154331,,False
70,154335,,False
70,154336,,False
70,154338,,False
70,154352,,False
70,154356,,False
70,154364,,False
70,154365,,False
70,154374,,False
70,154376,,False
70,154378,,False
70,154382,,False
70,154438,,False
70,154454,,False
70,154455,,False
70,154461,,False
70,154462,,False
70,154469,,False
70,154472,,False
70,154487,,False
70,154488,,False
70,154489,,False
70,154496,,False
70,154497,,False
70,154511,,False
70,154522,,False
70,154528,,False
70,154531,,False
70,154532,,False
70,154539,,False
70,154543,,False
70,154560,,False
70,154567,,False
70,154571,,False
70,154573,,False
70,154577,,False
70,154597,,False
70,154611,,False
70,154613,,False
70,154637,,False
70,154650,,False
70,154684,,False
70,154700,,False
70,154705,,False
70,154722,,False
70,154730,,False
70,154744,,False
70,154752,,False
70,154767,,False
70,154768,,False
70,154770,,False
70,154785,,False
70,154795,,False
70,154799,,False
70,154800,,False
70,154803,,False
70,154812,,False
70,154822,,False
70,154827,,False
70,154833,,False
70,154835,,False
70,154836,,False
70,154839,,False
70,154841,,False
70,154844,,False
70,154851,,False
70,154857,,False
70,154858,,False
70,154877,,False
70,154898,,False
70,154900,,False
70,154901,,False
70,154919,,False
70,154933,,False
70,154934,,False
70,154937,,False
70,154941,,False
70,154980,,False
70,154995,,False
70,155007,,False
70,155027,,False
70,155029,,False
70,155030,,False
70,155033,,False
70,155036,,False
70,155037,,False
70,155043,,False
70,155048,,False
70,155060,,False
70,155070,,False
70,155087,,False
70,155092,,False
70,155109,,False
70,155118,,False
70,155120,,False
70,155132,,False
70,155169,,False
70,155172,,False
70,155181,,False
70,155199,,False
70,155204,,False
70,155217,,False
70,155219,,False
70,155228,,False
70,155242,,False
70,155252,,False
70,155269,,False
70,155273,,False
70,155274,,False
70,155277,,False
70,155290,,False
70,155296,,False
70,155305,,False
70,155308,,False
70,155315,,False
70,155318,,False
70,155323,,False
70,155327,,False
70,155328,,False
70,155336,,False
70,155340,,False
70,155358,,False
70,155359,,False
70,155363,,False
70,155364,,False
70,155403,,False
70,155404,,False
70,155409,,False
70,155415,,False
70,155430,,False
70,155431,,False
70,155433,,False
70,155440,,False
70,155446,,False
70,155447,,False
70,155459,,False
70,155468,,False
70,155475,,False
70,155477,,False
70,155480,,False
70,155485,,False
70,155486,,False
70,155493,,False
70,155497,,False
70,155510,,False
70,155517,,False
70,155522,,False
70,155536,,False
70,155545,,False
70,155560,,False
70,155570,,False
70,155576,,False
70,155579,,False
70,155581,,False
70,155582,,False
70,155608,,False
70,155610,,False
70,155616,,False
70,155639,,False
70,155647,,False
70,155650,,False
70,155659,,False
70,155661,,False
70,155665,,False
70,155671,,False
70,155678,,False
70,155679,,False
70,155684,,False
70,155687,,False
70,155696,,False
70,155703,,False
70,155712,,False
70,155723,,False
70,155724,,False
70,155731,,False
70,155732,,False
70,155733,,False
70,155740,,False
70,155746,,False
70,155747,,False
70,155756,,False
70,155777,,False
70,155785,,False
70,155789,,False
70,155795,,False
70,155803,,False
70,155812,,False
70,155813,,False
70,155816,,False
70,155820,,False
70,155830,,False
70,155835,,False
70,155840,,False
70,155857,,False
70,155866,,False
70,155869,,False
70,155876,,False
70,155903,,False
70,155908,,False
70,155912,,False
70,155924,,False
70,155926,,False
70,155932,,False
70,155936,,False
70,155943,,False
70,155948,,False
70,155955,,False
70,155960,,False
70,155970,,False
70,155971,,False
70,155991,,False
70,155993,,False
70,155998,,False
70,156001,,False
70,156003,,False
70,156006,,False
70,156012,,False
70,156013,,False
70,156021,,False
70,156025,,False
70,156034,,False
70,156040,,False
70,156041,,False
70,156046,,False
70,156065,,False
70,156084,,False
70,156088,,False
70,156103,,False
70,156104,,False
70,156108,,False
70,156113,,False
70,156120,,False
70,156126,,False
70,156129,,False
70,156138,,False
70,156139,,False
70,156141,,False
70,156144,,False
70,156163,,False
70,156168,,False
70,156186,,False
70,156192,,False
70,156200,,False
70,156213,,False
70,156220,,False
70,156223,,False
70,156229,,False
70,156231,,False
70,156237,,False
70,156243,,False
70,156260,,False
70,156279,,False
70,156282,,False
70,156285,,False
70,156295,,False
70,156302,,False
70,156313,,False
70,156328,,False
70,156331,,False
70,156339,,False
70,156352,,False
70,156354,,False
70,156356,,False
70,156365,,False
70,156379,,False
70,156385,,False
70,156386,,False
70,156389,,False
70,156393,,False
70,156395,,False
70,156409,,False
70,156412,,False
70,156413,,False
70,156414,,False
70,156439,,False
70,156443,,False
70,156448,,False
70,156449,,False
70,156454,,False
70,156465,,False
70,156478,,False
70,156488,,False
70,156489,,False
70,156492,,False
70,156500,,False
70,156503,,False
70,156508,,False
70,156510,,False
70,156525,,False
70,156539,,False
70,156542,,False
70,156558,,False
70,156560,,False
70,156566,,False
70,156571,,False
70,156578,,False
70,156581,,False
70,156583,,False
70,156584,,False
70,156590,,False
70,156607,,False
70,156635,,False
70,156643,,False
70,156645,,False
70,156648,,False
70,156652,,False
70,156660,,False
70,156666,,False
70,156668,,False
70,156670,,False
70,156672,,False
70,156681,,False
70,156694,,False
70,156705,,False
70,156710,,False
70,156712,,False
70,156713,,False
70,156725,,False
70,156733,,False
70,156737,,False
70,156749,,False
70,156767,,False
70,156776,,False
70,156787,,False
70,156795,,False
70,156796,,False
70,156798,,False
70,156801,,False
70,156816,,False
70,156819,,False
70,156825,,False
70,156833,,False
70,156836,,False
70,156847,,False
70,156856,,False
70,156865,,False
70,156883,,False
70,156887,,False
70,156889,,False
70,156890,,False
70,156895,,False
70,156900,,False
70,156903,,False
70,156907,,False
70,156909,,False
70,156918,,False
70,156923,,False
70,156928,,False
70,156932,,False
70,156935,,False
70,156936,,False
70,156940,,False
70,156941,,False
70,156948,,False
70,156954,,False
70,156973,,False
70,156976,,False
70,156984,,False
70,156985,,False
70,156990,,False
70,156993,,False
70,157010,,False
70,157015,,False
70,157023,,False
70,157028,,False
70,157032,,False
70,157040,,False
70,157041,,False
70,157042,,False
70,157045,,False
70,157055,,False
70,157060,,False
70,157072,,False
70,157074,,False
70,157082,,False
70,157087,,False
70,157092,,False
70,157101,,False
70,157105,,False
70,157114,,False
70,157116,,False
70,157118,,False
70,157121,,False
70,157131,,False
70,157132,,False
70,157133,,False
70,157147,,False
70,157154,,False
70,157162,,False
70,157164,,False
70,157184,,False
70,157188,,False
70,157190,,False
70,157201,,False
70,157208,,False
70,157218,,False
70,157222,,False
70,157233,,False
70,157259,,False
70,157278,,False
70,157282,,False
70,157288,,False
70,157326,,False
70,157337,,False
70,157344,,False
70,157353,,False
70,157366,,False
70,157373,,False
70,157381,,False
70,157383,,False
70,157386,,False
70,157393,,False
70,157394,,False
70,157413,,False
70,157414,,False
70,157416,,False
70,157426,,False
70,157433,,False
70,157445,,False
70,157447,,False
70,157470,,False
70,157472,,False
70,157473,,False
70,157474,,False
70,157475,,False
70,157483,,False
70,157525,,False
70,157529,,False
70,157540,,False
70,157542,,False
70,157562,,False
70,157571,,False
70,157587,,False
70,157601,,False
70,157602,,False
70,157615,,False
70,157632,,False
70,157647,,False
70,157651,,False
70,157663,,False
70,157665,,False
70,157679,,False
70,157684,,False
70,157689,,False
70,157690,,False
70,157708,,False
70,157710,,False
70,157722,,False
70,157730,,False
70,157738,,False
70,157746,,False
70,157754,,False
70,157765,,False
70,157772,,False
70,157782,,False
70,157793,,False
70,157796,,False
70,157811,,False
70,157819,,False
70,157821,,False
70,157829,,False
70,157846,,False
70,157848,,False
70,157855,,False
70,157869,,False
70,157873,,False
70,157875,,False
70,157883,,False
70,157896,,False
70,157902,,False
70,157904,,False
70,157906,,False
70,157908,,False
70,157937,,False
70,157940,,False
70,157945,,False
70,157955,,False
70,157958,,False
70,157965,,False
70,157967,,False
70,157978,,False
70,157982,,False
70,157983,,False
70,157987,,False
70,157991,,False
70,158004,,False
70,158009,,False
70,158024,,False
70,158027,,False
70,158030,,False
70,158031,,False
70,158032,,False
70,158036,,False
70,158045,,False
70,158046,,False
70,158054,,False
70,158060,,False
70,158062,,False
70,158064,,False
70,158066,,False
70,158074,,False
70,158078,,False
70,158088,,False
70,158093,,False
70,158094,,False
70,158102,,False
70,158104,,False
70,158109,,False
70,158112,,False
70,158114,,False
70,158116,,False
70,158122,,False
70,158124,,False
70,158137,,False
70,158142,,False
70,158144,,False
70,158148,,False
70,158152,,False
70,158168,,False
70,158172,,False
70,158174,,False
70,158177,,False
70,158186,,False
70,158205,,False
70,158215,,False
70,158221,,False
70,158225,,False
70,158229,,False
70,158231,,False
70,158240,,False
70,158244,,False
70,158248,,False
70,158254,,False
70,158261,,False
70,158265,,False
70,158267,,False
70,158270,,False
70,158281,,False
70,158292,,False
70,158295,,False
70,158299,,False
70,158300,,False
70,158310,,False
70,158312,,False
70,158317,,False
70,158333,,False
70,158338,,False
70,158342,,False
70,158348,,False
70,158370,,False
70,158373,,False
70,158378,,False
70,158394,,False
70,158395,,False
70,158415,,False
70,158420,,False
70,158426,,False
70,158431,,False
70,158434,,False
70,158443,,False
70,158450,,False
70,158452,,False
70,158454,,False
70,158456,,False
70,158469,,False
70,158475,,False
70,158477,,False
70,158485,,False
70,158486,,False
70,158495,,False
70,158496,,False
70,158509,,False
70,158520,,False
70,158522,,False
70,158541,,False
70,158543,,False
70,158545,,False
70,158554,,False
70,158568,,False
70,158577,,False
70,158579,,False
70,158587,,False
70,158589,,False
70,158603,,False
70,158605,,False
70,158619,,False
70,158622,,False
70,158625,,False
70,158631,,False
70,158643,,False
70,158645,,False
70,158648,,False
70,158680,,False
70,158698,,False
70,158700,,False
70,158738,,False
70,158764,,False
70,158772,,False
70,158781,,False
70,158787,,False
70,158796,,False
70,158804,,False
70,158811,,False
70,158815,,False
70,158827,,False
70,158835,,False
70,158844,,False
70,158847,,False
70,158860,,False
70,158864,,False
70,158867,,False
70,158878,,False
70,158886,,False
70,158916,,False
70,158918,,False
70,158925,,False
70,158931,,False
70,158938,,False
70,158941,,False
70,158947,,False
70,158966,,False
70,158973,,False
70,158978,,False
70,158980,,False
70,158982,,False
70,158990,,False
70,159017,,False
70,159025,,False
70,159033,,False
70,159037,,False
70,159042,,False
70,159050,,False
70,159058,,False
70,159062,,False
70,159073,,False
70,159081,,False
70,159088,,False
70,159090,,False
70,159092,,False
70,159106,,False
70,159110,,False
70,159117,,False
70,159121,,False
70,159123,,False
70,159132,,False
70,159135,,False
70,159136,,False
70,159140,,False
70,159143,,False
70,159149,,False
70,159154,,False
70,159155,,False
70,159162,,False
70,159167,,False
70,159179,,False
70,159185,,False
70,159197,,False
70,159200,,False
70,159210,,False
70,159214,,False
70,159235,,False
70,159245,,False
70,159251,,False
70,159257,,False
70,159260,,False
70,159263,,False
70,159272,,False
70,159276,,False
70,159279,,False
70,159283,,False
70,159287,,False
70,159296,,False
70,159304,,False
70,159312,,False
70,159313,,False
70,159330,,False
70,159333,,False
70,159337,,False
70,159340,,False
70,159346,,False
70,159347,,False
70,159353,,False
70,159358,,False
70,159363,,False
70,159367,,False
70,159372,,False
70,159377,,False
70,159378,,False
70,159381,,False
70,159383,,False
70,159384,,False
70,159390,,False
70,159391,,False
70,159404,,False
70,159412,,False
70,159415,,False
70,159434,,False
70,159436,,False
70,159438,,False
70,159442,,False
70,159445,,False
70,159446,,False
70,159452,,False
70,159461,,False
70,159467,,False
70,159469,,False
70,159481,,False
70,159484,,False
70,159492,,False
70,159493,,False
70,159498,,False
70,159519,,False
70,159523,,False
70,159529,,False
70,159533,,False
70,159535,,False
70,159541,,False
70,159542,,False
70,159553,,False
70,159561,,False
70,159564,,False
70,159575,,False
70,159584,,False
70,159593,,False
70,159605,,False
70,159608,,False
70,159613,,False
70,159621,,False
70,159625,,False
70,159627,,False
70,159634,,False
70,159678,,False
70,159685,,False
70,159695,,False
70,159696,,False
70,159706,,False
70,159713,,False
70,159718,,False
70,159739,,False
70,159744,,False
70,159747,,False
70,159748,,False
70,159751,,False
70,159756,,False
70,159764,,False
70,159769,,False
70,159777,,False
70,159779,,False
70,159784,,False
70,159800,,False
70,159802,,False
70,159803,,False
70,159807,,False
70,159812,,False
70,159817,,False
70,159820,,False
70,159826,,False
70,159829,,False
70,159844,,False
70,159846,,False
70,159852,,False
70,159855,,False
70,159859,,False
70,159861,,False
70,159877,,False
70,159878,,False
70,159883,,False
70,159890,,False
70,159891,,False
70,159896,,False
70,159899,,False
70,159901,,False
70,159911,,False
70,159931,,False
70,159934,,False
70,159950,,False
70,159956,,False
70,159963,,False
70,159967,,False
70,159972,,False
70,159973,,False
70,159977,,False
70,159990,,False
70,160005,,False
70,160007,,False
70,160008,,False
70,160014,,False
70,160026,,False
70,160031,,False
70,160044,,False
70,160057,,False
70,160093,,False
70,160107,,False
70,160117,,False
70,160128,,False
70,160135,,False
70,160137,,False
70,160144,,False
70,160153,,False
70,160157,,False
70,160161,,False
70,160163,,False
70,160169,,False
70,160184,,False
70,160206,,False
70,160210,,False
70,160228,,False
70,160235,,False
70,160236,,False
70,160243,,False
70,160250,,False
70,160256,,False
70,160260,,False
70,160264,,False
70,160271,,False
70,160272,,False
70,160278,,False
70,160284,,False
70,160286,,False
70,160290,,False
70,160293,,False
70,160304,,False
70,160306,,False
70,160319,,False
70,160329,,False
70,160341,,False
70,160347,,False
70,160354,,False
70,160356,,False
70,160358,,False
70,160365,,False
70,160368,,False
70,160380,,False
70,160381,,False
70,160384,,False
70,160393,,False
70,160394,,False
70,160398,,False
70,160405,,False
70,160427,,False
70,160431,,False
70,160433,,False
70,160458,,False
70,160472,,False
70,160480,,False
70,160485,,False
70,160488,,False
70,160503,,False
70,160506,,False
70,160508,,False
70,160514,,False
70,160519,,False
70,160532,,False
70,160538,,False
70,160541,,False
70,160543,,False
70,160546,,False
70,160548,,False
70,160550,,False
70,160554,,False
70,160560,,False
70,160564,,False
70,160578,,False
70,160586,,False
70,160605,,False
70,160612,,False
70,160615,,False
70,160617,,False
70,160628,,False
70,160633,,False
70,160635,,False
70,160636,,False
70,160651,,False
70,160663,,False
70,160678,,False
70,160690,,False
70,160692,,False
70,160693,,False
70,160708,,False
70,160713,,False
70,160724,,False
70,160733,,False
70,160735,,False
70,160736,,False
70,160753,,False
70,160758,,False
70,160764,,False
70,160787,,False
70,160795,,False
70,160803,,False
70,160808,,False
70,160815,,False
70,160816,,False
70,160823,,False
70,160828,,False
70,160836,,False
70,160840,,False
70,160854,,False
70,160869,,False
70,160892,,False
70,160897,,False
70,160898,,False
70,160908,,False
70,160922,,False
70,160941,,False
70,160953,,False
70,160957,,False
70,160962,,False
70,160963,,False
70,160972,,False
70,160987,,False
70,160992,,False
70,160999,,False
70,161002,,False
70,161010,,False
70,161020,,False
70,161024,,False
70,161027,,False
70,161043,,False
70,161053,,False
70,161054,,False
70,161062,,False
70,161073,,False
70,161074,,False
70,161081,,False
70,161083,,False
70,161091,,False
70,161101,,False
70,161106,,False
70,161111,,False
70,161114,,False
70,161118,,False
70,161121,,False
70,161122,,False
70,161130,,False
70,161134,,False
70,161143,,False
70,161144,,False
70,161155,,False
70,161160,,False
70,161177,,False
70,161178,,False
70,161179,,False
70,161181,,False
70,161193,,False
70,161204,,False
70,161219,,False
70,161220,,False
70,161221,,False
70,161247,,False
70,161257,,False
70,161262,,False
70,161268,,False
70,161272,,False
70,161276,,False
70,161283,,False
70,161286,,False
70,161288,,False
70,161291,,False
70,161295,,False
70,161296,,False
70,161302,,False
70,161305,,False
70,161309,,False
70,161314,,False
70,161346,,False
70,161352,,False
70,161367,,False
70,161376,,False
70,161380,,False
70,161394,,False
70,161395,,False
70,161397,,False
70,161400,,False
70,161409,,False
70,161415,,False
70,161419,,False
70,161426,,False
70,161432,,False
70,161435,,False
70,161442,,False
70,161443,,False
70,161446,,False
70,161449,,False
70,161458,,False
70,161467,,False
70,161475,,False
70,161480,,False
70,161485,,False
70,161497,,False
70,161535,,False
70,161558,,False
70,161566,,False
70,161574,,False
70,161590,,False
70,161599,,False
70,161603,,False
70,161606,,False
70,161626,,False
70,161639,,False
70,161640,,False
70,161642,,False
70,161650,,False
70,161663,,False
70,161674,,False
70,161681,,False
70,161690,,False
70,161693,,False
70,161700,,False
70,161707,,False
70,161711,,False
70,161717,,False
70,161730,,False
70,161731,,False
70,161734,,False
70,161740,,False
70,161743,,False
70,161746,,False
70,161749,,False
70,161753,,False
70,161775,,False
70,161777,,False
70,161785,,False
70,161791,,False
70,161796,,False
70,161806,,False
70,161811,,False
70,161815,,False
70,161823,,False
70,161825,,False
70,161828,,False
70,161849,,False
70,161884,,False
70,161887,,False
70,161890,,False
70,161891,,False
70,161898,,False
70,161900,,False
70,161902,,False
70,161903,,False
70,161905,,False
70,161916,,False
70,161919,,False
70,161933,,False
70,161935,,False
70,161936,,False
70,161960,,False
70,161963,,False
70,161965,,False
70,161979,,False
70,161991,,False
70,162006,,False
70,162008,,False
70,162042,,False
70,162050,,False
70,162054,,False
70,162056,,False
70,162067,,False
70,162077,,False
70,162085,,False
70,162096,,False
70,162107,,False
70,162116,,False
70,162125,,False
70,162130,,False
70,162131,,False
70,162144,,False
70,162158,,False
70,162166,,False
70,162181,,False
70,162189,,False
70,162202,,False
70,162205,,False
70,162212,,False
70,162220,,False
70,162228,,False
70,162229,,False
70,162230,,False
70,162236,,False
70,162237,,False
70,162244,,False
70,162251,,False
70,162274,,False
70,162285,,False
70,162293,,False
70,162303,,False
70,162313,,False
70,162325,,False
70,162329,,False
70,162331,,False
70,162341,,False
70,162342,,False
70,162343,,False
70,162348,,False
70,162373,,False
70,162388,,False
70,162395,,False
70,162403,,False
70,162424,,False
70,162427,,False
70,162431,,False
70,162438,,False
70,162444,,False
70,162447,,False
70,162453,,False
70,162456,,False
70,162467,,False
70,162471,,False
70,162484,,False
70,162487,,False
70,162489,,False
70,162498,,False
70,162521,,False
70,162526,,False
70,162532,,False
70,162537,,False
70,162548,,False
70,162549,,False
70,162555,,False
70,162560,,False
70,162568,,False
70,162579,,False
70,162592,,False
70,162593,,False
70,162595,,False
70,162602,,False
70,162604,,False
70,162605,,False
70,162611,,False
70,162612,,False
70,162619,,False
70,162624,,False
70,162629,,False
70,162632,,False
70,162635,,False
70,162644,,False
70,162655,,False
70,162656,,False
70,162658,,False
70,162661,,False
70,162664,,False
70,162700,,False
70,162703,,False
70,162704,,False
70,162707,,False
70,162710,,False
70,162711,,False
70,162718,,False
70,162728,,False
70,162733,,False
70,162747,,False
70,162749,,False
70,162761,,False
70,162769,,False
70,162775,,False
70,162783,,False
70,162794,,False
70,162798,,False
70,162799,,False
70,162805,,False
70,162808,,False
70,162812,,False
70,162813,,False
70,162819,,False
70,162832,,False
70,162834,,False
70,162841,,False
70,162849,,False
70,162850,,False
70,162857,,False
70,162858,,False
70,162860,,False
70,162862,,False
70,162864,,False
70,162869,,False
70,162887,,False
70,162889,,False
70,162901,,False
70,162905,,False
70,162910,,False
70,162926,,False
70,162932,,False
70,162935,,False
70,162941,,False
70,162942,,False
70,162949,,False
70,162955,,False
70,162959,,False
70,162966,,False
70,162970,,False
70,162979,,False
70,162994,,False
70,162997,,False
70,163007,,False
70,163039,,False
70,163048,,False
70,163051,,False
70,163057,,False
70,163067,,False
70,163070,,False
70,163080,,False
70,163081,,False
70,163087,,False
70,163091,,False
70,163092,,False
70,163104,,False
70,163112,,False
70,163118,,False
70,163137,,False
70,163138,,False
70,163144,,False
70,163146,,False
70,163148,,False
70,163149,,False
70,163153,,False
70,163162,,False
70,163165,,False
70,163166,,False
70,163167,,False
70,163191,,False
70,163198,,False
70,163207,,False
70,163214,,False
70,163224,,False
70,163238,,False
70,163240,,False
70,163247,,False
70,163250,,False
70,163287,,False
70,163315,,False
70,163333,,False
70,163335,,False
70,163339,,False
70,163345,,False
70,163347,,False
70,163374,,False
70,163376,,False
70,163383,,False
70,163397,,False
70,163401,,False
70,163404,,False
70,163426,,False
70,163428,,False
70,163433,,False
70,163434,,False
70,163438,,False
70,163439,,False
70,163453,,False
70,163456,,False
70,163476,,False
70,163484,,False
70,163500,,False
70,163503,,False
70,163504,,False
70,163514,,False
70,163521,,False
70,163527,,False
70,163544,,False
70,163552,,False
70,163570,,False
70,163574,,False
70,163578,,False
70,163581,,False
70,163588,,False
70,163593,,False
70,163616,,False
70,163618,,False
70,163621,,False
70,163622,,False
70,163624,,False
70,163636,,False
70,163651,,False
70,163659,,False
70,163675,,False
70,163678,,False
70,163689,,False
70,163706,,False
70,163708,,False
70,163715,,False
70,163717,,False
70,163747,,False
70,163749,,False
70,163750,,False
70,163752,,False
70,163759,,False
70,163768,,False
70,163769,,False
70,163776,,False
70,163789,,False
70,163790,,False
70,163795,,False
70,163799,,False
70,163804,,False
70,163813,,False
70,163816,,False
70,163825,,False
70,163834,,False
70,163836,,False
70,163839,,False
70,163842,,False
70,163846,,False
70,163849,,False
70,163854,,False
70,163855,,False
70,163858,,False
70,163870,,False
70,163883,,False
70,163893,,False
70,163903,,False
70,163906,,False
70,163915,,False
70,163931,,False
70,163948,,False
70,163953,,False
70,163963,,False
70,163974,,False
70,163977,,False
70,163983,,False
70,164001,,False
70,164003,,False
70,164010,,False
70,164019,,False
70,164023,,False
70,164027,,False
70,164034,,False
70,164035,,False
70,164042,,False
70,164049,,False
70,164052,,False
70,164053,,False
70,164058,,False
70,164071,,False
70,164072,,False
70,164086,,False
70,164092,,False
70,164109,,False
70,164110,,False
70,164111,,False
70,164114,,False
70,164115,,False
70,164118,,False
70,164129,,False
70,164130,,False
70,164133,,False
70,164134,,False
70,164137,,False
70,164140,,False
70,164144,,False
70,164166,,False
70,164170,,False
70,164178,,False
70,164185,,False
70,164192,,False
70,164193,,False
70,164194,,False
70,164202,,False
70,164212,,False
70,164231,,False
70,164243,,False
70,164257,,False
70,164262,,False
70,164266,,False
70,164273,,False
70,164293,,False
70,164298,,False
70,164301,,False
70,164304,,False
70,164307,,False
70,164308,,False
70,164311,,False
70,164320,,False
70,164331,,False
70,164346,,False
70,164351,,False
70,164356,,False
70,164361,,False
70,164365,,False
70,164368,,False
70,164370,,False
70,164373,,False
70,164390,,False
70,164396,,False
70,164416,,False
70,164428,,False
70,164430,,False
70,164434,,False
70,164435,,False
70,164440,,False
70,164452,,False
70,164455,,False
70,164465,,False
70,164474,,False
70,164475,,False
70,164500,,False
70,164518,,False
70,164532,,False
70,164544,,False
70,164552,,False
70,164554,,False
70,164559,,False
70,164562,,False
70,164574,,False
70,164575,,False
70,164581,,False
70,164585,,False
70,164586,,False
70,164597,,False
70,164601,,False
70,164602,,False
70,164605,,False
70,164606,,False
70,164607,,False
70,164621,,False
70,164634,,False
70,164639,,False
70,164643,,False
70,164649,,False
70,164652,,False
70,164666,,False
70,164674,,False
70,164683,,False
70,164685,,False
70,164695,,False
70,164696,,False
70,164721,,False
70,164724,,False
70,164728,,False
70,164729,,False
70,164735,,False
70,164736,,False
70,164739,,False
70,164745,,False
70,164753,,False
70,164757,,False
70,164782,,False
70,164788,,False
70,164790,,False
70,164792,,False
70,164793,,False
70,164794,,False
70,164796,,False
70,164803,,False
70,164808,,False
70,164810,,False
70,164813,,False
70,164814,,False
70,164817,,False
70,164824,,False
70,164829,,False
70,164840,,False
70,164849,,False
70,164863,,False
70,164866,,False
70,164879,,False
70,164880,,False
70,164885,,False
70,164887,,False
70,164888,,False
70,164900,,False
70,164902,,False
70,164915,,False
70,164919,,False
70,164928,,False
70,164931,,False
70,164934,,False
70,164938,,False
70,164943,,False
70,164944,,False
70,164948,,False
70,164967,,False
70,164974,,False
70,164977,,False
70,164983,,False
70,164986,,False
70,164989,,False
70,164990,,False
70,164997,,False
70,165007,,False
70,165019,,False
70,165022,,False
70,165031,,False
70,165034,,False
70,165039,,False
70,165046,,False
70,165050,,False
70,165053,,False
70,165058,,False
70,165060,,False
70,165068,,False
70,165071,,False
70,165073,,False
70,165079,,False
70,165097,,False
70,165101,,False
70,165112,,False
70,165114,,False
70,165115,,False
70,165119,,False
70,165128,,False
70,165138,,False
70,165155,,False
70,165180,,False
70,165181,,False
70,165183,,False
70,165189,,False
70,165199,,False
70,165203,,False
70,165211,,False
70,165212,,False
70,165220,,False
70,165224,,False
70,165241,,False
70,165245,,False
70,165252,,False
70,165263,,False
70,165266,,False
70,165272,,False
70,165291,,False
70,165298,,False
70,165323,,False
70,165330,,False
70,165334,,False
70,165340,,False
70,165342,,False
70,165344,,False
70,165351,,False
70,165353,,False
70,165355,,False
70,165368,,False
70,165371,,False
70,165392,,False
70,165394,,False
70,165412,,False
70,165437,,False
70,165453,,False
70,165457,,False
70,165463,,False
70,165466,,False
70,165477,,False
70,165480,,False
70,165484,,False
70,165497,,False
70,165499,,False
70,165503,,False
70,165517,,False
70,165523,,False
70,165537,,False
70,165540,,False
70,165542,,False
70,165560,,False
70,165561,,False
70,165563,,False
70,165569,,False
70,165576,,False
70,165581,,False
70,165585,,False
70,165590,,False
70,165598,,False
70,165610,,False
70,165613,,False
70,165620,,False
70,165628,,False
70,165631,,False
70,165632,,False
70,165635,,False
70,165636,,False
70,165646,,False
70,165662,,False
70,165672,,False
70,165689,,False
70,165693,,False
70,165697,,False
70,165699,,False
70,165700,,False
70,165703,,False
70,165706,,False
70,165710,,False
70,165711,,False
70,165712,,False
70,165716,,False
70,165717,,False
70,165730,,False
70,165742,,False
70,165754,,False
70,165765,,False
70,165769,,False
70,165774,,False
70,165776,,False
70,165791,,False
70,165806,,False
70,165807,,False
70,165812,,False
70,165821,,False
70,165824,,False
70,165829,,False
70,165839,,False
70,165841,,False
70,165843,,False
70,165850,,False
70,165851,,False
70,165857,,False
70,165863,,False
70,165864,,False
70,165881,,False
70,165883,,False
70,165886,,False
70,165901,,False
70,165918,,False
70,165919,,False
70,165925,,False
70,165962,,False
70,165975,,False
70,165979,,False
70,165982,,False
70,166004,,False
70,166009,,False
70,166013,,False
70,166017,,False
70,166022,,False
70,166042,,False
70,166051,,False
70,166064,,False
70,166069,,False
70,166072,,False
70,166089,,False
70,166099,,False
70,166108,,False
70,166123,,False
70,166127,,False
70,166130,,False
70,166142,,False
70,166146,,False
70,166164,,False
70,166183,,False
70,166188,,False
70,166197,,False
70,166211,,False
70,166212,,False
70,166216,,False
70,166229,,False
70,166243,,False
70,166245,,False
70,166249,,False
70,166273,,False
70,166275,,False
70,166281,,False
70,166282,,False
70,166287,,False
70,166301,,False
70,166302,,False
70,166337,,False
70,166343,,False
70,166346,,False
70,166353,,False
70,166368,,False
70,166383,,False
70,166386,,False
70,166391,,False
70,166392,,False
70,166393,,False
70,166419,,False
70,166425,,False
70,166467,,False
70,166472,,False
70,166473,,False
70,166476,,False
70,166494,,False
70,166498,,False
70,166516,,False
70,166528,,False
70,166534,,False
70,166544,,False
70,166563,,False
70,166573,,False
70,166576,,False
70,166577,,False
70,166582,,False
70,166584,,False
70,166606,,False
70,166612,,False
70,166614,,False
70,166620,,False
70,166636,,False
70,166652,,False
70,166653,,False
70,166668,,False
70,166673,,False
70,166687,,False
70,166691,,False
70,166694,,False
70,166706,,False
70,166717,,False
70,166718,,False
70,166721,,False
70,166727,,False
70,166737,,False
70,166755,,False
70,166758,,False
70,166762,,False
70,166769,,False
70,166779,,False
70,166780,,False
70,166786,,False
70,166787,,False
70,166789,,False
70,166792,,False
70,166793,,False
70,166799,,False
70,166809,,False
70,166812,,False
70,166814,,False
70,166815,,False
70,166833,,False
70,166849,,False
70,166851,,False
70,166852,,False
70,166856,,False
70,166863,,False
70,166864,,False
70,166871,,False
70,166873,,False
70,166884,,False
70,166888,,False
70,166891,,False
70,166892,,False
70,166896,,False
70,166900,,False
70,166901,,False
70,166903,,False
70,166925,,False
70,166929,,False
70,166932,,False
70,166933,,False
70,166938,,False
70,166944,,False
70,166963,,False
70,166975,,False
70,166980,,False
70,166983,,False
70,166993,,False
70,167009,,False
70,167015,,False
70,167018,,False
70,167021,,False
70,167026,,False
70,167037,,False
70,167073,,False
70,167075,,False
70,167085,,False
70,167087,,False
70,167093,,False
70,167100,,False
70,167102,,False
70,167114,,False
70,167142,,False
70,167158,,False
70,167164,,False
70,167173,,False
70,167178,,False
70,167183,,False
70,167186,,False
70,167195,,False
70,167197,,False
70,167208,,False
70,167216,,False
70,167221,,False
70,167225,,False
70,167254,,False
70,167259,,False
70,167266,,False
70,167274,,False
70,167275,,False
70,167277,,False
70,167286,,False
70,167291,,False
70,167292,,False
70,167299,,False
70,167308,,False
70,167320,,False
70,167336,,False
70,167359,,False
70,167361,,False
70,167363,,False
70,167366,,False
70,167372,,False
70,167373,,False
70,167376,,False
70,167396,,False
70,167398,,False
70,167409,,False
70,167421,,False
70,167425,,False
70,167456,,False
70,167457,,False
70,167462,,False
70,167463,,False
70,167466,,False
70,167482,,False
70,167483,,False
70,167487,,False
70,167518,,False
70,167532,,False
70,167541,,False
70,167547,,False
70,167549,,False
70,167569,,False
70,167575,,False
70,167583,,False
70,167584,,False
70,167591,,False
70,167598,,False
70,167602,,False
70,167606,,False
70,167610,,False
70,167612,,False
70,167613,,False
70,167616,,False
70,167633,,False
70,167635,,False
70,167636,,False
70,167641,,False
70,167659,,False
70,167667,,False
70,167669,,False
70,167670,,False
70,167679,,False
70,167686,,False
70,167693,,False
70,167695,,False
70,167705,,False
70,167709,,False
70,167729,,False
70,167734,,False
70,167743,,False
70,167749,,False
70,167763,,False
70,167764,,False
70,167771,,False
70,167778,,False
70,167784,,False
70,167790,,False
70,167797,,False
70,167802,,False
70,167805,,False
70,167811,,False
70,167813,,False
70,167816,,False
70,167826,,False
70,167832,,False
70,167846,,False
70,167852,,False
70,167867,,False
70,167875,,False
70,167880,,False
70,167885,,False
70,167888,,False
70,167896,,False
70,167902,,False
70,167920,,False
70,167922,,False
70,167930,,False
70,167961,,False
70,167964,,False
70,167972,,False
70,167975,,False
70,167982,,False
70,167984,,False
70,167988,,False
70,167998,,False
70,168004,,False
70,168006,,False
70,168014,,False
70,168025,,False
70,168032,,False
70,168038,,False
70,168043,,False
70,168045,,False
70,168053,,False
70,168056,,False
70,168064,,False
70,168068,,False
70,168069,,False
70,168072,,False
70,168076,,False
70,168091,,False
70,168115,,False
70,168123,,False
70,168132,,False
70,168139,,False
70,168153,,False
70,168160,,False
70,168164,,False
70,168167,,False
70,168179,,False
70,168187,,False
70,168200,,False
70,168204,,False
70,168207,,False
70,168209,,False
70,168214,,False
70,168222,,False
70,168228,,False
70,168232,,False
70,168234,,False
70,168242,,False
70,168260,,False
70,168267,,False
70,168269,,False
70,168293,,False
70,168298,,False
70,168302,,False
70,168306,,False
70,168349,,False
70,168376,,False
70,168389,,False
70,168396,,False
70,168398,,False
70,168405,,False
70,168424,,False
70,168442,,False
70,168447,,False
70,168449,,False
70,168455,,False
70,168456,,False
70,168459,,False
70,168462,,False
70,168470,,False
70,168479,,False
70,168489,,False
70,168490,,False
70,168504,,False
70,168513,,False
70,168518,,False
70,168521,,False
70,168522,,False
70,168525,,False
70,168537,,False
70,168541,,False
70,168544,,False
70,168546,,False
70,168550,,False
70,168560,,False
70,168561,,False
70,168568,,False
70,168589,,False
70,168599,,False
70,168603,,False
70,168609,,False
70,168616,,False
70,168632,,False
70,168636,,False
70,168651,,False
70,168660,,False
70,168674,,False
70,168690,,False
70,168701,,False
70,168703,,False
70,168715,,False
70,168717,,False
70,168728,,False
70,168732,,False
70,168741,,False
70,168743,,False
70,168754,,False
70,168760,,False
70,168764,,False
70,168766,,False
70,168768,,False
70,168791,,False
70,168803,,False
70,168808,,False
70,168809,,False
70,168813,,False
70,168823,,False
70,168827,,False
70,168840,,False
70,168849,,False
70,168851,,False
70,168854,,False
70,168857,,False
70,168870,,False
70,168874,,False
70,168883,,False
70,168886,,False
70,168887,,False
70,168893,,False
70,168901,,False
70,168907,,False
70,168918,,False
70,168924,,False
70,168926,,False
70,168931,,False
70,168951,,False
70,168952,,False
70,168957,,False
70,168965,,False
70,168978,,False
70,168981,,False
70,168983,,False
70,169008,,False
70,169010,,False
70,169015,,False
70,169017,,False
70,169023,,False
70,169040,,False
70,169043,,False
70,169048,,False
70,169050,,False
70,169058,,False
70,169086,,False
70,169088,,False
70,169091,,False
70,169094,,False
70,169096,,False
70,169103,,False
70,169109,,False
70,169110,,False
70,169120,,False
70,169134,,False
70,169139,,False
70,169151,,False
70,169154,,False
70,169155,,False
70,169158,,False
70,169169,,False
70,169171,,False
70,169173,,False
70,169177,,False
70,169184,,False
70,169190,,False
70,169202,,False
70,169205,,False
70,169212,,False
70,169213,,False
70,169214,,False
70,169216,,False
70,169228,,False
70,169234,,False
70,169240,,False
70,169245,,False
70,169254,,False
70,169255,,False
70,169261,,False
70,169281,,False
70,169282,,False
70,169289,,False
70,169293,,False
70,169296,,False
70,169310,,False
70,169315,,False
70,169322,,False
70,169323,,False
70,169334,,False
70,169347,,False
70,169360,,False
70,169368,,False
70,169379,,False
70,169380,,False
70,169383,,False
70,169388,,False
70,169394,,False
70,169399,,False
70,169402,,False
70,169419,,False
70,169420,,False
70,169429,,False
70,169441,,False
70,169449,,False
70,169455,,False
70,169467,,False
70,169473,,False
70,169479,,False
70,169486,,False
70,169488,,False
70,169493,,False
70,169495,,False
70,169497,,False
70,169512,,False
70,169528,,False
70,169531,,False
70,169540,,False
70,169548,,False
70,169554,,False
70,169556,,False
70,169562,,False
70,169569,,False
70,169576,,False
70,169591,,False
70,169593,,False
70,169600,,False
70,169603,,False
70,169607,,False
70,169615,,False
70,169622,,False
70,169637,,False
70,169655,,False
70,169668,,False
70,169670,,False
70,169672,,False
70,169673,,False
70,169679,,False
70,169683,,False
70,169698,,False
70,169706,,False
70,169719,,False
70,169724,,False
70,169727,,False
70,169749,,False
70,169770,,False
70,169773,,False
70,169777,,False
70,169778,,False
70,169780,,False
70,169791,,False
70,169792,,False
70,169800,,False
70,169801,,False
70,169806,,False
70,169820,,False
70,169831,,False
70,169836,,False
70,169838,,False
70,169846,,False
70,169847,,False
70,169880,,False
70,169886,,False
70,169888,,False
70,169897,,False
70,169909,,False
70,169932,,False
70,169935,,False
70,169937,,False
70,169946,,False
70,169950,,False
70,169956,,False
70,169961,,False
70,169962,,False
70,169964,,False
70,169975,,False
70,169981,,False
70,169982,,False
70,170000,,False
70,170005,,False
70,170017,,False
70,170023,,False
70,170024,,False
70,170026,,False
70,170033,,False
70,170034,,False
70,170042,,False
70,170075,,False
70,170076,,False
70,170079,,False
70,170094,,False
70,170098,,False
70,170112,,False
70,170114,,False
70,170116,,False
70,170117,,False
70,170127,,False
70,170143,,False
70,170168,,False
70,170173,,False
70,170175,,False
70,170176,,False
70,170181,,False
70,170196,,False
70,170205,,False
70,170213,,False
70,170214,,False
70,170216,,False
70,170223,,False
70,170228,,False
70,170237,,False
70,170241,,False
70,170242,,False
70,170249,,False
70,170251,,False
70,170272,,False
70,170275,,False
70,170276,,False
70,170282,,False
70,170284,,False
70,170288,,False
70,170295,,False
70,170300,,False
70,170308,,False
70,170313,,False
70,170314,,False
70,170324,,False
70,170326,,False
70,170330,,False
70,170331,,False
70,170333,,False
70,170344,,False
70,170349,,False
70,170351,,False
70,170361,,False
70,170367,,False
70,170381,,False
70,170383,,False
70,170389,,False
70,170396,,False
70,170397,,False
70,170402,,False
70,170404,,False
70,170406,,False
70,170410,,False
70,170411,,False
70,170422,,False
70,170431,,False
70,170448,,False
70,170455,,False
70,170456,,False
70,170459,,False
70,170461,,False
70,170471,,False
70,170474,,False
70,170478,,False
70,170495,,False
70,170505,,False
70,170525,,False
70,170531,,False
70,170548,,False
70,170557,,False
70,170572,,False
70,170594,,False
70,170606,,False
70,170618,,False
70,170655,,False
70,170659,,False
70,170666,,False
70,170677,,False
70,170695,,False
70,170704,,False
70,170710,,False
70,170711,,False
70,170722,,False
70,170724,,False
70,170726,,False
70,170732,,False
70,170734,,False
70,170737,,False
70,170750,,False
70,170751,,False
70,170757,,False
70,170761,,False
70,170770,,False
70,170773,,False
70,170780,,False
70,170795,,False
70,170800,,False
70,170802,,False
70,170814,,False
70,170816,,False
70,170817,,False
70,170819,,False
70,170827,,False
70,170843,,False
70,170847,,False
70,170857,,False
70,170858,,False
70,170860,,False
70,170864,,False
70,170872,,False
70,170876,,False
70,170889,,False
70,170890,,False
70,170906,,False
70,170907,,False
70,170919,,False
70,170922,,False
70,170943,,False
70,170957,,False
70,170971,,False
70,170986,,False
70,170997,,False
70,171008,,False
70,171023,,False
70,171049,,False
70,171069,,False
70,171075,,False
70,171076,,False
70,171090,,False
70,171094,,False
70,171102,,False
70,171106,,False
70,171142,,False
70,171146,,False
70,171147,,False
70,171149,,False
70,171152,,False
70,171172,,False
70,171178,,False
70,171187,,False
70,171190,,False
70,171192,,False
70,171199,,False
70,171214,,False
70,171223,,False
70,171231,,False
70,171233,,False
70,171238,,False
70,171247,,False
70,171248,,False
70,171250,,False
70,171251,,False
70,171259,,False
70,171268,,False
70,171273,,False
70,171284,,False
70,171287,,False
70,171292,,False
70,171297,,False
70,171300,,False
70,171301,,False
70,171312,,False
70,171314,,False
70,171316,,False
70,171319,,False
70,171322,,False
70,171336,,False
70,171342,,False
70,171343,,False
70,171353,,False
70,171357,,False
70,171359,,False
70,171375,,False
70,171386,,False
70,171412,,False
70,171418,,False
70,171427,,False
70,171428,,False
70,171434,,False
70,171463,,False
70,171479,,False
70,171483,,False
70,171494,,False
70,171508,,False
70,171524,,False
70,171531,,False
70,171532,,False
70,171537,,False
70,171543,,False
70,171544,,False
70,171547,,False
70,171562,,False
70,171573,,False
70,171578,,False
70,171599,,False
70,171605,,False
70,171615,,False
70,171621,,False
70,171629,,False
70,171634,,False
70,171644,,False
70,171653,,False
70,171660,,False
70,171661,,False
70,171674,,False
70,171682,,False
70,171687,,False
70,171694,,False
70,171700,,False
70,171716,,False
70,171720,,False
70,171731,,False
70,171733,,False
70,171737,,False
70,171745,,False
70,171762,,False
70,171764,,False
70,171765,,False
70,171773,,False
70,171777,,False
70,171801,,False
70,171805,,False
70,171814,,False
70,171816,,False
70,171817,,False
70,171826,,False
70,171833,,False
70,171834,,False
70,171835,,False
70,171844,,False
70,171851,,False
70,171852,,False
70,171867,,False
70,171869,,False
70,171890,,False
70,171908,,False
70,171930,,False
70,171950,,False
70,171959,,False
70,171961,,False
70,171985,,False
70,171994,,False
70,172016,,False
70,172018,,False
70,172021,,False
70,172041,,False
70,172044,,False
70,172051,,False
70,172060,,False
70,172064,,False
70,172069,,False
70,172098,,False
70,172099,,False
70,172103,,False
70,172104,,False
70,172108,,False
70,172118,,False
70,172125,,False
70,172133,,False
70,172134,,False
70,172137,,False
70,172138,,False
70,172155,,False
70,172172,,False
70,172204,,False
70,172218,,False
70,172224,,False
70,172232,,False
70,172240,,False
70,172255,,False
70,172260,,False
70,172261,,False
70,172264,,False
70,172273,,False
70,172283,,False
70,172285,,False
70,172287,,False
70,172294,,False
70,172300,,False
70,172304,,False
70,172306,,False
70,172318,,False
70,172324,,False
70,172339,,False
70,172348,,False
70,172350,,False
70,172353,,False
70,172356,,False
70,172374,,False
70,172375,,False
70,172385,,False
70,172389,,False
70,172390,,False
70,172398,,False
70,172422,,False
70,172424,,False
70,172436,,False
70,172444,,False
70,172453,,False
70,172456,,False
70,172464,,False
70,172466,,False
70,172467,,False
70,172472,,False
70,172490,,False
70,172495,,False
70,172508,,False
70,172519,,False
70,172528,,False
70,172547,,False
70,172553,,False
70,172559,,False
70,172562,,False
70,172570,,False
70,172573,,False
70,172583,,False
70,172599,,False
70,172601,,False
70,172610,,False
70,172652,,False
70,172653,,False
70,172659,,False
70,172685,,False
70,172703,,False
70,172712,,False
70,172721,,False
70,172727,,False
70,172733,,False
70,172742,,False
70,172755,,False
70,172760,,False
70,172778,,False
70,172789,,False
70,172803,,False
70,172809,,False
70,172810,,False
70,172812,,False
70,172815,,False
70,172818,,False
70,172819,,False
70,172822,,False
70,172829,,False
70,172830,,False
70,172832,,False
70,172833,,False
70,172836,,False
70,172841,,False
70,172847,,False
70,172848,,False
70,172859,,False
70,172867,,False
70,172870,,False
70,172875,,False
70,172876,,False
70,172884,,False
70,172892,,False
70,172898,,False
70,172901,,False
70,172902,,False
70,172908,,False
70,172914,,False
70,172935,,False
70,172937,,False
70,172939,,False
70,172943,,False
70,172950,,False
70,172972,,False
70,172973,,False
70,172979,,False
70,172985,,False
70,172987,,False
70,172990,,False
70,172992,,False
70,173003,,False
70,173008,,False
70,173014,,False
70,173022,,False
70,173025,,False
70,173027,,False
70,173033,,False
70,173039,,False
70,173079,,False
70,173084,,False
70,173092,,False
70,173094,,False
70,173098,,False
70,173099,,False
70,173104,,False
70,173110,,False
70,173115,,False
70,173118,,False
70,173121,,False
70,173127,,False
70,173129,,False
70,173138,,False
70,173142,,False
70,173156,,False
70,173172,,False
70,173174,,False
70,173180,,False
70,173182,,False
70,173186,,False
70,173189,,False
70,173191,,False
70,173192,,False
70,173196,,False
70,173210,,False
70,173231,,False
70,173237,,False
70,173247,,False
70,173255,,False
70,173256,,False
70,173270,,False
70,173280,,False
70,173288,,False
70,173306,,False
70,173309,,False
70,173322,,False
70,173324,,False
70,173326,,False
70,173339,,False
70,173341,,False
70,173354,,False
70,173356,,False
70,173365,,False
70,173367,,False
70,173370,,False
70,173375,,False
70,173379,,False
70,173382,,False
70,173386,,False
70,173396,,False
70,173437,,False
70,173439,,False
70,173446,,False
70,173450,,False
70,173454,,False
70,173463,,False
70,173466,,False
70,173486,,False
70,173488,,False
70,173499,,False
70,173500,,False
70,173504,,False
70,173511,,False
70,173525,,False
70,173542,,False
70,173547,,False
70,173569,,False
70,173571,,False
70,173583,,False
70,173593,,False
70,173595,,False
70,173605,,False
70,173611,,False
70,173621,,False
70,173632,,False
70,173648,,False
70,173653,,False
70,173656,,False
70,173658,,False
70,173661,,False
70,173671,,False
70,173674,,False
70,173678,,False
70,173685,,False
70,173692,,False
70,173698,,False
70,173712,,False
70,173730,,False
70,173731,,False
70,173746,,False
70,173757,,False
70,173764,,False
70,173769,,False
70,173771,,False
70,173775,,False
70,173785,,False
70,173793,,False
70,173796,,False
70,173799,,False
70,173813,,False
70,173816,,False
70,173821,,False
70,173823,,False
70,173839,,False
70,173844,,False
70,173852,,False
70,173855,,False
70,173859,,False
70,173860,,False
70,173876,,False
70,173891,,False
70,173893,,False
70,173906,,False
70,173916,,False
70,173924,,False
70,173928,,False
70,173930,,False
70,173938,,False
70,173942,,False
70,173943,,False
70,173945,,False
70,173960,,False
70,173961,,False
70,173962,,False
70,173965,,False
70,173985,,False
70,173990,,False
70,173993,,False
70,174008,,False
70,174009,,False
70,174016,,False
70,174023,,False
70,174025,,False
70,174042,,False
70,174045,,False
70,174049,,False
70,174057,,False
70,174093,,False
70,174101,,False
70,174103,,False
70,174107,,False
70,174112,,False
70,174117,,False
70,174125,,False
70,174126,,False
70,174139,,False
70,174145,,False
70,174152,,False
70,174158,,False
70,174161,,False
70,174172,,False
70,174179,,False
70,174183,,False
70,174191,,False
70,174192,,False
70,174196,,False
70,174202,,False
70,174215,,False
70,174219,,False
70,174223,,False
70,174235,,False
70,174240,,False
70,174246,,False
70,174253,,False
70,174258,,False
70,174259,,False
70,174277,,False
70,174278,,False
70,174292,,False
70,174298,,False
70,174307,,False
70,174314,,False
70,174315,,False
70,174326,,False
70,174339,,False
70,174340,,False
70,174350,,False
70,174358,,False
70,174364,,False
70,174376,,False
70,174388,,False
70,174394,,False
70,174399,,False
70,174413,,False
70,174415,,False
70,174422,,False
70,174431,,False
70,174436,,False
70,174439,,False
70,174447,,False
70,174450,,False
70,174467,,False
70,174476,,False
70,174482,,False
70,174484,,False
70,174485,,False
70,174491,,False
70,174495,,False
70,174497,,False
70,174507,,False
70,174513,,False
70,174516,,False
70,174519,,False
70,174527,,False
70,174532,,False
70,174552,,False
70,174556,,False
70,174557,,False
70,174561,,False
70,174564,,False
70,174573,,False
70,174574,,False
70,174587,,False
70,174593,,False
70,174595,,False
70,174596,,False
70,174598,,False
70,174610,,False
70,174629,,False
70,174646,,False
70,174652,,False
70,174659,,False
70,174664,,False
70,174666,,False
70,174671,,False
70,174677,,False
70,174678,,False
70,174680,,False
70,174683,,False
70,174686,,False
70,174692,,False
70,174693,,False
70,174704,,False
70,174706,,False
70,174727,,False
70,174749,,False
70,174768,,False
70,174774,,False
70,174780,,False
70,174788,,False
70,174790,,False
70,174791,,False
70,174794,,False
70,174809,,False
70,174816,,False
70,174819,,False
70,174825,,False
70,174833,,False
70,174834,,False
70,174836,,False
70,174843,,False
70,174846,,False
70,174868,,False
70,174873,,False
70,174875,,False
70,174887,,False
70,174918,,False
70,174926,,False
70,174935,,False
70,174938,,False
70,174939,,False
70,174944,,False
70,174948,,False
70,174952,,False
70,174962,,False
70,174964,,False
70,174965,,False
70,174968,,False
70,174972,,False
70,174984,,False
70,174990,,False
70,174992,,False
70,175000,,False
70,175003,,False
70,175005,,False
70,175006,,False
70,175008,,False
70,175010,,False
70,175017,,False
70,175023,,False
70,175025,,False
70,175041,,False
70,175045,,False
70,175053,,False
70,175063,,False
70,175066,,False
70,175068,,False
70,175071,,False
70,175088,,False
70,175106,,False
70,175109,,False
70,175120,,False
70,175125,,False
70,175140,,False
70,175145,,False
70,175150,,False
70,175159,,False
70,175161,,False
70,175162,,False
70,175163,,False
70,175176,,False
70,175180,,False
70,175194,,False
70,175195,,False
70,175202,,False
70,175204,,False
70,175207,,False
70,175210,,False
70,175214,,False
70,175217,,False
70,175222,,False
70,175224,,False
70,175232,,False
70,175239,,False
70,175241,,False
70,175244,,False
70,175246,,False
70,175249,,False
70,175256,,False
70,175261,,False
70,175268,,False
70,175272,,False
70,175276,,False
70,175279,,False
70,175291,,False
70,175302,,False
70,175307,,False
70,175333,,False
70,175335,,False
70,175341,,False
70,175356,,False
70,175369,,False
70,175382,,False
70,175383,,False
70,175392,,False
70,175400,,False
70,175418,,False
70,175421,,False
70,175423,,False
70,175424,,False
70,175443,,False
70,175449,,False
70,175452,,False
70,175453,,False
70,175473,,False
70,175479,,False
70,175484,,False
70,175485,,False
70,175493,,False
70,175495,,False
70,175498,,False
70,175509,,False
70,175512,,False
70,175513,,False
70,175543,,False
70,175546,,False
70,175564,,False
70,175584,,False
70,175592,,False
70,175595,,False
70,175607,,False
70,175616,,False
70,175617,,False
70,175624,,False
70,175631,,False
70,175640,,False
70,175641,,False
70,175645,,False
70,175664,,False
70,175678,,False
70,175693,,False
70,175696,,False
70,175701,,False
70,175712,,False
70,175725,,False
70,175728,,False
70,175735,,False
70,175741,,False
70,175745,,False
70,175759,,False
70,175763,,False
70,175771,,False
70,175774,,False
70,175778,,False
70,175782,,False
70,175786,,False
70,175800,,False
70,175807,,False
70,175808,,False
70,175824,,False
70,175830,,False
70,175834,,False
70,175835,,False
70,175845,,False
70,175854,,False
70,175865,,False
70,175887,,False
70,175889,,False
70,175891,,False
70,175892,,False
70,175903,,False
70,175906,,False
70,175907,,False
70,175912,,False
70,175915,,False
70,175916,,False
70,175922,,False
70,175924,,False
70,175935,,False
70,175939,,False
70,175952,,False
70,175956,,False
70,175958,,False
70,175959,,False
70,175971,,False
70,175984,,False
70,175990,,False
70,175998,,False
70,176007,,False
70,176010,,False
70,176014,,False
70,176018,,False
70,176025,,False
70,176048,,False
70,176058,,False
70,176069,,False
70,176077,,False
70,176078,,False
70,176079,,False
70,176080,,False
70,176082,,False
70,176085,,False
70,176088,,False
70,176090,,False
70,176092,,False
70,176096,,False
70,176106,,False
70,176109,,False
70,176122,,False
70,176136,,False
70,176145,,False
70,176155,,False
70,176164,,False
70,176186,,False
70,176212,,False
70,176226,,False
70,176227,,False
70,176232,,False
70,176236,,False
70,176243,,False
70,176245,,False
70,176249,,False
70,176250,,False
70,176268,,False
70,176278,,False
70,176298,,False
70,176304,,False
70,176311,,False
70,176325,,False
70,176332,,False
70,176335,,False
70,176352,,False
70,176362,,False
70,176367,,False
70,176369,,False
70,176376,,False
70,176378,,False
70,176385,,False
70,176396,,False
70,176397,,False
70,176406,,False
70,176413,,False
70,176422,,False
70,176426,,False
70,176440,,False
70,176447,,False
70,176460,,False
70,176461,,False
70,176462,,False
70,176465,,False
70,176467,,False
70,176486,,False
70,176488,,False
70,176490,,False
70,176492,,False
70,176499,,False
70,176501,,False
70,176510,,False
70,176538,,False
70,176542,,False
70,176546,,False
70,176548,,False
70,176560,,False
70,176564,,False
70,176569,,False
70,176578,,False
70,176582,,False
70,176589,,False
70,176594,,False
70,176606,,False
70,176608,,False
70,176610,,False
70,176613,,False
70,176621,,False
70,176629,,False
70,176642,,False
70,176649,,False
70,176653,,False
70,176664,,False
70,176667,,False
70,176669,,False
70,176671,,False
70,176672,,False
70,176673,,False
70,176696,,False
70,176701,,False
70,176703,,False
70,176715,,False
70,176719,,False
70,176722,,False
70,176723,,False
70,176737,,False
70,176739,,False
70,176744,,False
70,176774,,False
70,176776,,False
70,176785,,False
70,176789,,False
70,176795,,False
70,176800,,False
70,176819,,False
70,176821,,False
70,176823,,False
70,176826,,False
70,176837,,False
70,176845,,False
70,176850,,False
70,176852,,False
70,176863,,False
70,176868,,False
70,176873,,False
70,176879,,False
70,176889,,False
70,176896,,False
70,176908,,False
70,176913,,False
70,176916,,False
70,176926,,False
70,176927,,False
70,176931,,False
70,176940,,False
70,176949,,False
70,176951,,False
70,176967,,False
70,176969,,False
70,176979,,False
70,176999,,False
70,177013,,False
70,177014,,False
70,177015,,False
70,177030,,False
70,177037,,False
70,177050,,False
70,177056,,False
70,177075,,False
70,177085,,False
70,177090,,False
70,177093,,False
70,177100,,False
70,177104,,False
70,177126,,False
70,177135,,False
70,177137,,False
70,177144,,False
70,177154,,False
70,177163,,False
70,177167,,False
70,177177,,False
70,177189,,False
70,177192,,False
70,177196,,False
70,177205,,False
70,177215,,False
70,177225,,False
70,177228,,False
70,177229,,False
70,177245,,False
70,177247,,False
70,177255,,False
70,177259,,False
70,177262,,False
70,177270,,False
70,177271,,False
70,177291,,False
70,177295,,False
70,177297,,False
70,177306,,False
70,177318,,False
70,177322,,False
70,177327,,False
70,177331,,False
70,177332,,False
70,177347,,False
70,177358,,False
70,177368,,False
70,177388,,False
70,177395,,False
70,177396,,False
70,177398,,False
70,177400,,False
70,177403,,False
70,177411,,False
70,177427,,False
70,177431,,False
70,177433,,False
70,177436,,False
70,177456,,False
70,177458,,False
70,177460,,False
70,177462,,False
70,177472,,False
70,177474,,False
70,177478,,False
70,177481,,False
70,177483,,False
70,177490,,False
70,177496,,False
70,177511,,False
70,177525,,False
70,177529,,False
70,177538,,False
70,177549,,False
70,177558,,False
70,177574,,False
70,177577,,False
70,177589,,False
70,177593,,False
70,177600,,False
70,177601,,False
70,177602,,False
70,177612,,False
70,177615,,False
70,177617,,False
70,177620,,False
70,177632,,False
70,177637,,False
70,177642,,False
70,177654,,False
70,177656,,False
70,177663,,False
70,177665,,False
70,177666,,False
70,177669,,False
70,177670,,False
70,177677,,False
70,177682,,False
70,177700,,False
70,177708,,False
70,177713,,False
70,177727,,False
70,177729,,False
70,177739,,False
70,177771,,False
70,177796,,False
70,177809,,False
70,177817,,False
70,177829,,False
70,177830,,False
70,177842,,False
70,177843,,False
70,177845,,False
70,177846,,False
70,177847,,False
70,177850,,False
70,177854,,False
70,177862,,False
70,177872,,False
70,177888,,False
70,177892,,False
70,177895,,False
70,177908,,False
70,177914,,False
70,177923,,False
70,177928,,False
70,177936,,False
70,177946,,False
70,177955,,False
70,177959,,False
70,177962,,False
70,177967,,False
70,177976,,False
70,177986,,False
70,177989,,False
70,177990,,False
70,178000,,False
70,178013,,False
70,178020,,False
70,178022,,False
70,178024,,False
70,178032,,False
70,178039,,False
70,178041,,False
70,178053,,False
70,178061,,False
70,178069,,False
70,178074,,False
70,178076,,False
70,178097,,False
70,178098,,False
70,178113,,False
70,178114,,False
70,178119,,False
70,178137,,False
70,178139,,False
70,178149,,False
70,178152,,False
70,178154,,False
70,178166,,False
70,178170,,False
70,178175,,False
70,178180,,False
70,178190,,False
70,178198,,False
70,178204,,False
70,178213,,False
70,178217,,False
70,178233,,False
70,178237,,False
70,178241,,False
70,178251,,False
70,178254,,False
70,178255,,False
70,178260,,False
70,178280,,False
70,178289,,False
70,178302,,False
70,178312,,False
70,178316,,False
70,178332,,False
70,178339,,False
70,178342,,False
70,178356,,False
70,178362,,False
70,178363,,False
70,178374,,False
70,178378,,False
70,178380,,False
70,178387,,False
70,178401,,False
70,178406,,False
70,178407,,False
70,178419,,False
70,178422,,False
70,178423,,False
70,178427,,False
70,178428,,False
70,178434,,False
70,178437,,False
70,178440,,False
70,178442,,False
70,178460,,False
70,178466,,False
70,178467,,False
70,178471,,False
70,178498,,False
70,178535,,False
70,178546,,False
70,178550,,False
70,178555,,False
70,178560,,False
70,178569,,False
70,178571,,False
70,178581,,False
70,178584,,False
70,178593,,False
70,178594,,False
70,178599,,False
70,178607,,False
70,178611,,False
70,178613,,False
70,178616,,False
70,178628,,False
70,178633,,False
70,178635,,False
70,178641,,False
70,178644,,False
70,178662,,False
70,178664,,False
70,178668,,False
70,178677,,False
70,178682,,False
70,178693,,False
70,178697,,False
70,178698,,False
70,178706,,False
70,178715,,False
70,178725,,False
70,178728,,False
70,178744,,False
70,178752,,False
70,178760,,False
70,178776,,False
70,178777,,False
70,178784,,False
70,178787,,False
70,178789,,False
70,178790,,False
70,178792,,False
70,178797,,False
70,178800,,False
70,178801,,False
70,178810,,False
70,178814,,False
70,178820,,False
70,178825,,False
70,178828,,False
70,178831,,False
70,178833,,False
70,178839,,False
70,178862,,False
70,178875,,False
70,178883,,False
70,178886,,False
70,178917,,False
70,178921,,False
70,178922,,False
70,178924,,False
70,178931,,False
70,178941,,False
70,178942,,False
70,178944,,False
70,178953,,False
70,178961,,False
70,178970,,False
70,178973,,False
70,178978,,False
70,178984,,False
70,178997,,False
70,178998,,False
70,179000,,False
70,179010,,False
70,179018,,False
70,179019,,False
70,179028,,False
70,179034,,False
70,179039,,False
70,179049,,False
70,179050,,False
70,179052,,False
70,179053,,False
70,179057,,False
70,179078,,False
70,179080,,False
70,179081,,False
70,179091,,False
70,179097,,False
70,179127,,False
70,179128,,False
70,179136,,False
70,179137,,False
70,179142,,False
70,179146,,False
70,179149,,False
70,179167,,False
70,179174,,False
70,179188,,False
70,179190,,False
70,179191,,False
70,179200,,False
70,179201,,False
70,179209,,False
70,179226,,False
70,179239,,False
70,179243,,False
70,179250,,False
70,179259,,False
70,179270,,False
70,179271,,False
70,179290,,False
70,179294,,False
70,179298,,False
70,179299,,False
70,179306,,False
70,179318,,False
70,179319,,False
70,179339,,False
70,179348,,False
70,179355,,False
70,179359,,False
70,179377,,False
70,179385,,False
70,179393,,False
70,179404,,False
70,179411,,False
70,179425,,False
70,179438,,False
70,179442,,False
70,179457,,False
70,179458,,False
70,179460,,False
70,179462,,False
70,179465,,False
70,179472,,False
70,179501,,False
70,179503,,False
70,179511,,False
70,179523,,False
70,179538,,False
70,179543,,False
70,179547,,False
70,179549,,False
70,179553,,False
70,179567,,False
70,179570,,False
70,179573,,False
70,179585,,False
70,179586,,False
70,179591,,False
70,179596,,False
70,179602,,False
70,179606,,False
70,179612,,False
70,179615,,False
70,179622,,False
70,179631,,False
70,179633,,False
70,179634,,False
70,179641,,False
70,179646,,False
70,179648,,False
70,179649,,False
70,179654,,False
70,179656,,False
70,179661,,False
70,179669,,False
70,179688,,False
70,179720,,False
70,179728,,False
70,179730,,False
70,179731,,False
70,179733,,False
70,179735,,False
70,179752,,False
70,179756,,False
70,179758,,False
70,179766,,False
70,179770,,False
70,179771,,False
70,179781,,False
70,179795,,False
70,179798,,False
70,179800,,False
70,179804,,False
70,179808,,False
70,179810,,False
70,179820,,False
70,179826,,False
70,179833,,False
70,179843,,False
70,179854,,False
70,179857,,False
70,179873,,False
70,179874,,False
70,179876,,False
70,179887,,False
70,179899,,False
70,179908,,False
70,179927,,False
70,179931,,False
70,179958,,False
70,179961,,False
70,179963,,False
70,179965,,False
70,179972,,False
70,179980,,False
70,180010,,False
70,180018,,False
70,180021,,False
70,180041,,False
70,180061,,False
70,180066,,False
70,180069,,False
70,180080,,False
70,180085,,False
70,180093,,False
70,180097,,False
70,180105,,False
70,180107,,False
70,180123,,False
70,180127,,False
70,180146,,False
70,180149,,False
70,180164,,False
70,180167,,False
70,180170,,False
70,180176,,False
70,180185,,False
70,180191,,False
70,180202,,False
70,180206,,False
70,180208,,False
70,180217,,False
70,180219,,False
70,180220,,False
70,180230,,False
70,180235,,False
70,180242,,False
70,180243,,False
70,180251,,False
70,180256,,False
70,180276,,False
70,180293,,False
70,180303,,False
70,180329,,False
70,180331,,False
70,180338,,False
70,180345,,False
70,180346,,False
70,180348,,False
70,180351,,False
70,180361,,False
70,180367,,False
70,180376,,False
70,180379,,False
70,180385,,False
70,180397,,False
70,180399,,False
70,180403,,False
70,180414,,False
70,180415,,False
70,180416,,False
70,180419,,False
70,180429,,False
70,180430,,False
70,180432,,False
70,180451,,False
70,180452,,False
70,180454,,False
70,180459,,False
70,180460,,False
70,180471,,False
70,180488,,False
70,180490,,False
70,180492,,False
70,180494,,False
70,180514,,False
70,180530,,False
70,180531,,False
70,180536,,False
70,180537,,False
70,180545,,False
70,180547,,False
70,180549,,False
70,180555,,False
70,180584,,False
70,180585,,False
70,180589,,False
70,180591,,False
70,180597,,False
70,180598,,False
70,180600,,False
70,180608,,False
70,180609,,False
70,180613,,False
70,180624,,False
70,180640,,False
70,180644,,False
70,180662,,False
70,180665,,False
70,180666,,False
70,180675,,False
70,180686,,False
70,180687,,False
70,180690,,False
70,180698,,False
70,180708,,False
70,180710,,False
70,180724,,False
70,180732,,False
70,180756,,False
70,180777,,False
70,180783,,False
70,180797,,False
70,180801,,False
70,180831,,False
70,180834,,False
70,180848,,False
70,180852,,False
70,180859,,False
70,180861,,False
70,180865,,False
70,180867,,False
70,180874,,False
70,180877,,False
70,180883,,False
70,180891,,False
70,180920,,False
70,180932,,False
70,180945,,False
70,180946,,False
70,180953,,False
70,180954,,False
70,180959,,False
70,180966,,False
70,180980,,False
70,180997,,False
70,180999,,False
70,181009,,False
70,181012,,False
70,181029,,False
70,181030,,False
70,181032,,False
70,181034,,False
70,181044,,False
70,181047,,False
70,181057,,False
70,181061,,False
70,181076,,False
70,181081,,False
70,181085,,False
70,181096,,False
70,181097,,False
70,181112,,False
70,181122,,False
70,181123,,False
70,181132,,False
70,181143,,False
70,181146,,False
70,181147,,False
70,181149,,False
70,181154,,False
70,181155,,False
70,181164,,False
70,181166,,False
70,181173,,False
70,181174,,False
70,181187,,False
70,181193,,False
70,181195,,False
70,181200,,False
70,181201,,False
70,181203,,False
70,181205,,False
70,181208,,False
70,181210,,False
70,181222,,False
70,181225,,False
70,181228,,False
70,181231,,False
70,181236,,False
70,181237,,False
70,181240,,False
70,181243,,False
70,181250,,False
70,181251,,False
70,181256,,False
70,181268,,False
70,181270,,False
70,181290,,False
70,181301,,False
70,181308,,False
70,181309,,False
70,181316,,False
70,181318,,False
70,181322,,False
70,181324,,False
70,181327,,False
70,181333,,False
70,181341,,False
70,181354,,False
70,181363,,False
70,181371,,False
70,181405,,False
70,181414,,False
70,181424,,False
70,181425,,False
70,181426,,False
70,181459,,False
70,181479,,False
70,181487,,False
70,181492,,False
70,181493,,False
70,181495,,False
70,181502,,False
70,181508,,False
70,181517,,False
70,181519,,False
70,181535,,False
70,181537,,False
70,181543,,False
70,181550,,False
70,181557,,False
70,181582,,False
70,181589,,False
70,181593,,False
70,181599,,False
70,181603,,False
70,181605,,False
70,181611,,False
70,181618,,False
70,181627,,False
70,181633,,False
70,181643,,False
70,181645,,False
70,181647,,False
70,181667,,False
70,181670,,False
70,181678,,False
70,181707,,False
70,181709,,False
70,181718,,False
70,181731,,False
70,181752,,False
70,181754,,False
70,181765,,False
70,181775,,False
70,181778,,False
70,181787,,False
70,181793,,False
70,181796,,False
70,181831,,False
70,181846,,False
70,181855,,False
70,181860,,False
70,181871,,False
70,181875,,False
70,181898,,False
70,181901,,False
70,181903,,False
70,181916,,False
70,181943,,False
70,181956,,False
70,181984,,False
70,181996,,False
70,182004,,False
70,182005,,False
70,182006,,False
70,182008,,False
70,182009,,False
70,182012,,False
70,182015,,False
70,182017,,False
70,182019,,False
70,182030,,False
70,182049,,False
70,182050,,False
70,182075,,False
70,182078,,False
70,182079,,False
70,182085,,False
70,182096,,False
70,182100,,False
70,182101,,False
70,182109,,False
70,182117,,False
70,182119,,False
70,182129,,False
70,182155,,False
70,182158,,False
70,182170,,False
70,182176,,False
70,182192,,False
70,182201,,False
70,182207,,False
70,182232,,False
70,182242,,False
70,182248,,False
70,182251,,False
70,182252,,False
70,182262,,False
70,182265,,False
70,182272,,False
70,182279,,False
70,182281,,False
70,182295,,False
70,182298,,False
70,182315,,False
70,182317,,False
70,182322,,False
70,182329,,False
70,182337,,False
70,182344,,False
70,182350,,False
70,182378,,False
70,182381,,False
70,182383,,False
70,182384,,False
70,182386,,False
70,182391,,False
70,182395,,False
70,182397,,False
70,182406,,False
70,182411,,False
70,182435,,False
70,182436,,False
70,182443,,False
70,182451,,False
70,182457,,False
70,182458,,False
70,182472,,False
70,182474,,False
70,182476,,False
70,182479,,False
70,182481,,False
70,182496,,False
70,182497,,False
70,182506,,False
70,182509,,False
70,182511,,False
70,182515,,False
70,182521,,False
70,182525,,False
70,182532,,False
70,182546,,False
70,182549,,False
70,182552,,False
70,182566,,False
70,182571,,False
70,182573,,False
70,182577,,False
70,182582,,False
70,182586,,False
70,182600,,False
70,182606,,False
70,182607,,False
70,182631,,False
70,182634,,False
70,182651,,False
70,182653,,False
70,182655,,False
70,182677,,False
70,182681,,False
70,182686,,False
70,182692,,False
70,182694,,False
70,182696,,False
70,182701,,False
70,182710,,False
70,182721,,False
70,182722,,False
70,182723,,False
70,182732,,False
70,182778,,False
70,182787,,False
70,182817,,False
70,182821,,False
70,182826,,False
70,182828,,False
70,182840,,False
70,182855,,False
70,182856,,False
70,182857,,False
70,182868,,False
70,182887,,False
70,182893,,False
70,182902,,False
70,182903,,False
70,182915,,False
70,182920,,False
70,182923,,False
70,182931,,False
70,182933,,False
70,182948,,False
70,182958,,False
70,182962,,False
70,182968,,False
70,182969,,False
70,182973,,False
70,182985,,False
70,182987,,False
70,182994,,False
70,182996,,False
70,183003,,False
70,183004,,False
70,183011,,False
70,183013,,False
70,183014,,False
70,183019,,False
70,183023,,False
70,183028,,False
70,183030,,False
70,183048,,False
70,183056,,False
70,183061,,False
70,183063,,False
70,183073,,False
70,183074,,False
70,183079,,False
70,183090,,False
70,183092,,False
70,183095,,False
70,183110,,False
70,183114,,False
70,183124,,False
70,183128,,False
70,183139,,False
70,183148,,False
70,183152,,False
70,183155,,False
70,183158,,False
70,183162,,False
70,183177,,False
70,183182,,False
70,183195,,False
70,183202,,False
70,183203,,False
70,183208,,False
70,183215,,False
70,183216,,False
70,183220,,False
70,183233,,False
70,183248,,False
70,183262,,False
70,183267,,False
70,183274,,False
70,183301,,False
70,183309,,False
70,183312,,False
70,183315,,False
70,183319,,False
70,183330,,False
70,183333,,False
70,183342,,False
70,183346,,False
70,183351,,False
70,183356,,False
70,183365,,False
70,183366,,False
70,183384,,False
70,183385,,False
70,183387,,False
70,183392,,False
70,183403,,False
70,183406,,False
70,183409,,False
70,183416,,False
70,183418,,False
70,183421,,False
70,183425,,False
70,183431,,False
70,183432,,False
70,183436,,False
70,183443,,False
70,183448,,False
70,183450,,False
70,183457,,False
70,183471,,False
70,183481,,False
70,183486,,False
70,183505,,False
70,183514,,False
70,183516,,False
70,183518,,False
70,183522,,False
70,183524,,False
70,183538,,False
70,183553,,False
70,183579,,False
70,183581,,False
70,183629,,False
70,183631,,False
70,183645,,False
70,183646,,False
70,183648,,False
70,183653,,False
70,183658,,False
70,183667,,False
70,183678,,False
70,183701,,False
70,183703,,False
70,183705,,False
70,183728,,False
70,183735,,False
70,183739,,False
70,183750,,False
70,183753,,False
70,183760,,False
70,183766,,False
70,183781,,False
70,183784,,False
70,183788,,False
70,183791,,False
70,183793,,False
70,183801,,False
70,183819,,False
70,183822,,False
70,183828,,False
70,183856,,False
70,183868,,False
70,183875,,False
70,183878,,False
70,183887,,False
70,183890,,False
70,183922,,False
70,183928,,False
70,183932,,False
70,183939,,False
70,183946,,False
70,183947,,False
70,183961,,False
70,183964,,False
70,183981,,False
70,183986,,False
70,183988,,False
70,183989,,False
70,183991,,False
70,183992,,False
70,183998,,False
70,184000,,False
70,184028,,False
70,184042,,False
70,184058,,False
70,184063,,False
70,184079,,False
70,184111,,False
70,184121,,False
70,184122,,False
70,184125,,False
70,184132,,False
70,184138,,False
70,184142,,False
70,184144,,False
70,184150,,False
70,184154,,False
70,184164,,False
70,184175,,False
70,184178,,False
70,184226,,False
70,184234,,False
70,184240,,False
70,184245,,False
70,184257,,False
70,184267,,False
70,184271,,False
70,184281,,False
70,184282,,False
70,184285,,False
70,184288,,False
70,184299,,False
70,184310,,False
70,184312,,False
70,184314,,False
70,184344,,False
70,184364,,False
70,184377,,False
70,184388,,False
70,184395,,False
70,184396,,False
70,184406,,False
70,184407,,False
70,184412,,False
70,184416,,False
70,184417,,False
70,184422,,False
70,184433,,False
70,184438,,False
70,184441,,False
70,184455,,False
70,184460,,False
70,184470,,False
70,184472,,False
70,184495,,False
70,184509,,False
70,184514,,False
70,184517,,False
70,184519,,False
70,184548,,False
70,184562,,False
70,184569,,False
70,184575,,False
70,184581,,False
70,184594,,False
70,184604,,False
70,184609,,False
70,184611,,False
70,184619,,False
70,184621,,False
70,184629,,False
70,184632,,False
70,184633,,False
70,184639,,False
70,184644,,False
70,184647,,False
70,184652,,False
70,184665,,False
70,184667,,False
70,184677,,False
70,184678,,False
70,184688,,False
70,184695,,False
70,184704,,False
70,184710,,False
70,184720,,False
70,184723,,False
70,184742,,False
70,184744,,False
70,184776,,False
70,184778,,False
70,184818,,False
70,184829,,False
70,184864,,False
70,184869,,False
70,184886,,False
70,184891,,False
70,184895,,False
70,184896,,False
70,184917,,False
70,184922,,False
70,184938,,False
70,184949,,False
70,184951,,False
70,184962,,False
70,184963,,False
70,184965,,False
70,184971,,False
70,184973,,False
70,184981,,False
70,184982,,False
70,185003,,False
70,185009,,False
70,185011,,False
70,185014,,False
70,185015,,False
70,185018,,False
70,185024,,False
70,185025,,False
70,185028,,False
70,185029,,False
70,185035,,False
70,185038,,False
70,185042,,False
70,185043,,False
70,185044,,False
70,185049,,False
70,185062,,False
70,185065,,False
70,185079,,False
70,185085,,False
70,185097,,False
70,185106,,False
70,185110,,False
70,185116,,False
70,185117,,False
70,185126,,False
70,185133,,False
70,185137,,False
70,185142,,False
70,185169,,False
70,185174,,False
70,185175,,False
70,185184,,False
70,185189,,False
70,185201,,False
70,185202,,False
70,185210,,False
70,185218,,False
70,185229,,False
70,185258,,False
70,185276,,False
70,185289,,False
70,185297,,False
70,185303,,False
70,185309,,False
70,185332,,False
70,185338,,False
70,185339,,False
70,185345,,False
70,185347,,False
70,185357,,False
70,185361,,False
70,185375,,False
70,185377,,False
70,185386,,False
70,185387,,False
70,185393,,False
70,185395,,False
70,185400,,False
70,185411,,False
70,185419,,False
70,185433,,False
70,185451,,False
70,185466,,False
70,185488,,False
70,185511,,False
70,185525,,False
70,185552,,False
70,185559,,False
70,185571,,False
70,185579,,False
70,185592,,False
70,185593,,False
70,185606,,False
70,185608,,False
70,185615,,False
70,185617,,False
70,185634,,False
70,185642,,False
70,185650,,False
70,185656,,False
70,185666,,False
70,185675,,False
70,185676,,False
70,185677,,False
70,185690,,False
70,185699,,False
70,185702,,False
70,185703,,False
70,185708,,False
70,185724,,False
70,185728,,False
70,185734,,False
70,185772,,False
70,185781,,False
70,185787,,False
70,185790,,False
70,185800,,False
70,185814,,False
70,185823,,False
70,185826,,False
70,185835,,False
70,185844,,False
70,185845,,False
70,185846,,False
70,185848,,False
70,185853,,False
70,185855,,False
70,185861,,False
70,185873,,False
70,185875,,False
70,185877,,False
70,185880,,False
70,185883,,False
70,185896,,False
70,185903,,False
70,185918,,False
70,185919,,False
70,185945,,False
70,185956,,False
70,185966,,False
70,185971,,False
70,185983,,False
70,185990,,False
70,185992,,False
70,186000,,False
70,186006,,False
70,186012,,False
70,186023,,False
70,186026,,False
70,186032,,False
70,186036,,False
70,186044,,False
70,186047,,False
70,186055,,False
70,186058,,False
70,186062,,False
70,186069,,False
70,186085,,False
70,186088,,False
70,186092,,False
70,186111,,False
70,186119,,False
70,186135,,False
70,186147,,False
70,186154,,False
70,186159,,False
70,186164,,False
70,186169,,False
70,186172,,False
70,186173,,False
70,186179,,False
70,186181,,False
70,186191,,False
70,186199,,False
70,186204,,False
70,186206,,False
70,186218,,False
70,186225,,False
70,186237,,False
70,186239,,False
70,186243,,False
70,186253,,False
70,186254,,False
70,186264,,False
70,186274,,False
70,186291,,False
70,186294,,False
70,186320,,False
70,186324,,False
70,186325,,False
70,186326,,False
70,186331,,False
70,186341,,False
70,186343,,False
70,186355,,False
70,186387,,False
70,186389,,False
70,186395,,False
70,186398,,False
70,186400,,False
70,186403,,False
70,186405,,False
70,186412,,False
70,186419,,False
70,186422,,False
70,186424,,False
70,186436,,False
70,186439,,False
70,186441,,False
70,186448,,False
70,186452,,False
70,186477,,False
70,186495,,False
70,186496,,False
70,186497,,False
70,186515,,False
70,186521,,False
70,186523,,False
70,186528,,False
70,186536,,False
70,186537,,False
70,186544,,False
70,186555,,False
70,186576,,False
70,186578,,False
70,186591,,False
70,186595,,False
70,186601,,False
70,186613,,False
70,186617,,False
70,186623,,False
70,186628,,False
70,186638,,False
70,186643,,False
70,186653,,False
70,186667,,False
70,186668,,False
70,186672,,False
70,186673,,False
70,186679,,False
70,186692,,False
70,186696,,False
70,186700,,False
70,186711,,False
70,186713,,False
70,186715,,False
70,186721,,False
70,186728,,False
70,186732,,False
70,186738,,False
70,186740,,False
70,186742,,False
70,186755,,False
70,186775,,False
70,186791,,False
70,186815,,False
70,186834,,False
70,186839,,False
70,186841,,False
70,186849,,False
70,186863,,False
70,186866,,False
70,186867,,False
70,186876,,False
70,186886,,False
70,186889,,False
70,186901,,False
70,186902,,False
70,186904,,False
70,186917,,False
70,186930,,False
70,186943,,False
70,186947,,False
70,186965,,False
70,186972,,False
70,186976,,False
70,186980,,False
70,186982,,False
70,186985,,False
70,186999,,False
70,187004,,False
70,187007,,False
70,187009,,False
70,187010,,False
70,187028,,False
70,187040,,False
70,187064,,False
70,187068,,False
70,187069,,False
70,187072,,False
70,187074,,False
70,187083,,False
70,187092,,False
70,187106,,False
70,187107,,False
70,187124,,False
70,187125,,False
70,187130,,False
70,187157,,False
70,187160,,False
70,187198,,False
70,187200,,False
70,187201,,False
70,187207,,False
70,187214,,False
70,187219,,False
70,187226,,False
70,187231,,False
70,187241,,False
70,187243,,False
70,187245,,False
70,187250,,False
70,187259,,False
70,187261,,False
70,187271,,False
70,187274,,False
70,187296,,False
70,187299,,False
70,187303,,False
70,187306,,False
70,187307,,False
70,187312,,False
70,187319,,False
70,187333,,False
70,187335,,False
70,187340,,False
70,187354,,False
70,187357,,False
70,187367,,False
70,187395,,False
70,187401,,False
70,187402,,False
70,187410,,False
70,187422,,False
70,187428,,False
70,187432,,False
70,187442,,False
70,187444,,False
70,187452,,False
70,187461,,False
70,187495,,False
70,187502,,False
70,187504,,False
70,187512,,False
70,187547,,False
70,187550,,False
70,187563,,False
70,187566,,False
70,187571,,False
70,187585,,False
70,187586,,False
70,187589,,False
70,187594,,False
70,187596,,False
70,187597,,False
70,187599,,False
70,187612,,False
70,187614,,False
70,187622,,False
70,187631,,False
70,187637,,False
70,187638,,False
70,187644,,False
70,187654,,False
70,187658,,False
70,187661,,False
70,187679,,False
70,187688,,False
70,187691,,False
70,187695,,False
70,187699,,False
70,187705,,False
70,187709,,False
70,187715,,False
70,187720,,False
70,187722,,False
70,187731,,False
70,187732,,False
70,187740,,False
70,187743,,False
70,187758,,False
70,187766,,False
70,187767,,False
70,187782,,False
70,187785,,False
70,187796,,False
70,187799,,False
70,187807,,False
70,187809,,False
70,187827,,False
70,187831,,False
70,187837,,False
70,187843,,False
70,187861,,False
70,187862,,False
70,187863,,False
70,187865,,False
70,187872,,False
70,187891,,False
70,187898,,False
70,187904,,False
70,187905,,False
70,187908,,False
70,187920,,False
70,187922,,False
70,187941,,False
70,187960,,False
70,187963,,False
70,187980,,False
70,187991,,False
70,187998,,False
70,188004,,False
70,188010,,False
70,188037,,False
70,188047,,False
70,188049,,False
70,188052,,False
70,188055,,False
70,188060,,False
70,188066,,False
70,188076,,False
70,188084,,False
70,188090,,False
70,188093,,False
70,188099,,False
70,188105,,False
70,188107,,False
70,188114,,False
70,188117,,False
70,188140,,False
70,188148,,False
70,188150,,False
70,188157,,False
70,188164,,False
70,188201,,False
70,188203,,False
70,188207,,False
70,188209,,False
70,188211,,False
70,188215,,False
70,188218,,False
70,188233,,False
70,188245,,False
70,188248,,False
70,188253,,False
70,188263,,False
70,188275,,False
70,188278,,False
70,188295,,False
70,188301,,False
70,188304,,False
70,188307,,False
70,188315,,False
70,188319,,False
70,188320,,False
70,188325,,False
70,188330,,False
70,188344,,False
70,188349,,False
70,188350,,False
70,188366,,False
70,188387,,False
70,188395,,False
70,188400,,False
70,188402,,False
70,188403,,False
70,188412,,False
70,188431,,False
70,188444,,False
70,188446,,False
70,188447,,False
70,188448,,False
70,188483,,False
70,188486,,False
70,188489,,False
70,188520,,False
70,188524,,False
70,188525,,False
70,188528,,False
70,188533,,False
70,188542,,False
70,188551,,False
70,188552,,False
70,188559,,False
70,188561,,False
70,188581,,False
70,188617,,False
70,188636,,False
70,188638,,False
70,188639,,False
70,188659,,False
70,188662,,False
70,188668,,False
70,188676,,False
70,188679,,False
70,188684,,False
70,188686,,False
70,188692,,False
70,188701,,False
70,188710,,False
70,188715,,False
70,188718,,False
70,188743,,False
70,188751,,False
70,188762,,False
70,188775,,False
70,188779,,False
70,188781,,False
70,188785,,False
70,188802,,False
70,188805,,False
70,188809,,False
70,188813,,False
70,188818,,False
70,188820,,False
70,188821,,False
70,188823,,False
70,188833,,False
70,188838,,False
70,188842,,False
70,188851,,False
70,188852,,False
70,188863,,False
70,188875,,False
70,188881,,False
70,188898,,False
70,188900,,False
70,188910,,False
70,188914,,False
70,188932,,False
70,188934,,False
70,188935,,False
70,188936,,False
70,188939,,False
70,188952,,False
70,188961,,False
70,188964,,False
70,188965,,False
70,188967,,False
70,188987,,False
70,188988,,False
70,188992,,False
70,188994,,False
70,188999,,False
70,189024,,False
70,189030,,False
70,189043,,False
70,189047,,False
70,189056,,False
70,189066,,False
70,189067,,False
70,189074,,False
70,189082,,False
70,189087,,False
70,189091,,False
70,189098,,False
70,189106,,False
70,189110,,False
70,189112,,False
70,189150,,False
70,189151,,False
70,189157,,False
70,189172,,False
70,189178,,False
70,189182,,False
70,189185,,False
70,189196,,False
70,189205,,False
70,189220,,False
70,189249,,False
70,189250,,False
70,189264,,False
70,189271,,False
70,189281,,False
70,189282,,False
70,189304,,False
70,189319,,False
70,189321,,False
70,189337,,False
70,189343,,False
70,189349,,False
70,189367,,False
70,189374,,False
70,189394,,False
70,189410,,False
70,189411,,False
70,189415,,False
70,189418,,False
70,189426,,False
70,189428,,False
70,189440,,False
70,189442,,False
70,189447,,False
70,189448,,False
70,189458,,False
70,189467,,False
70,189472,,False
70,189477,,False
70,189493,,False
70,189500,,False
70,189501,,False
70,189505,,False
70,189506,,False
70,189514,,False
70,189516,,False
70,189524,,False
70,189534,,False
70,189540,,False
70,189543,,False
70,189546,,False
70,189552,,False
70,189554,,False
70,189557,,False
70,189558,,False
70,189572,,False
70,189579,,False
70,189586,,False
70,189589,,False
70,189596,,False
70,189599,,False
70,189600,,False
70,189613,,False
70,189624,,False
70,189628,,False
70,189631,,False
70,189637,,False
70,189638,,False
70,189639,,False
70,189643,,False
70,189656,,False
70,189678,,False
70,189684,,False
70,189687,,False
70,189692,,False
70,189702,,False
70,189703,,False
70,189707,,False
70,189713,,False
70,189715,,False
70,189718,,False
70,189720,,False
70,189729,,False
70,189737,,False
70,189746,,False
70,189751,,False
70,189759,,False
70,189766,,False
70,189769,,False
70,189779,,False
70,189808,,False
70,189819,,False
70,189827,,False
70,189828,,False
70,189832,,False
70,189842,,False
70,189845,,False
70,189848,,False
70,189851,,False
70,189859,,False
70,189869,,False
70,189871,,False
70,189874,,False
70,189891,,False
70,189895,,False
70,189897,,False
70,189901,,False
70,189905,,False
70,189917,,False
70,189925,,False
70,189927,,False
70,189942,,False
70,189944,,False
70,189959,,False
70,189961,,False
70,189983,,False
70,189985,,False
70,189991,,False
70,189995,,False
70,189996,,False
70,189998,,False
70,190008,,False
70,190009,,False
70,190011,,False
70,190016,,False
70,190017,,False
70,190020,,False
70,190031,,False
70,190052,,False
70,190076,,False
70,190078,,False
70,190081,,False
70,190084,,False
70,190086,,False
70,190089,,False
70,190093,,False
70,190117,,False
70,190119,,False
70,190137,,False
70,190140,,False
70,190146,,False
70,190156,,False
70,190158,,False
70,190172,,False
70,190175,,False
70,190182,,False
70,190186,,False
70,190187,,False
70,190201,,False
70,190208,,False
70,190209,,False
70,190213,,False
70,190235,,False
70,190238,,False
70,190239,,False
70,190241,,False
70,190249,,False
70,190254,,False
70,190257,,False
70,190258,,False
70,190264,,False
70,190266,,False
70,190270,,False
70,190271,,False
70,190275,,False
70,190276,,False
70,190284,,False
70,190289,,False
70,190292,,False
70,190296,,False
70,190306,,False
70,190322,,False
70,190325,,False
70,190358,,False
70,190365,,False
70,190371,,False
70,190374,,False
70,190379,,False
70,190386,,False
70,190390,,False
70,190403,,False
70,190409,,False
70,190411,,False
70,190415,,False
70,190416,,False
70,190419,,False
70,190423,,False
70,190429,,False
70,190431,,False
70,190438,,False
70,190440,,False
70,190458,,False
70,190481,,False
70,190487,,False
70,190505,,False
70,190513,,False
70,190520,,False
70,190535,,False
70,190541,,False
70,190548,,False
70,190565,,False
70,190572,,False
70,190575,,False
70,190592,,False
70,190606,,False
70,190612,,False
70,190616,,False
70,190621,,False
70,190625,,False
70,190627,,False
70,190630,,False
70,190639,,False
70,190642,,False
70,190644,,False
70,190658,,False
70,190677,,False
70,190691,,False
70,190733,,False
70,190734,,False
70,190749,,False
70,190754,,False
70,190765,,False
70,190768,,False
70,190777,,False
70,190789,,False
70,190793,,False
70,190807,,False
70,190812,,False
70,190839,,False
70,190845,,False
70,190858,,False
70,190860,,False
70,190878,,False
70,190881,,False
70,190882,,False
70,190886,,False
70,190902,,False
70,190915,,False
70,190919,,False
70,190922,,False
70,190924,,False
70,190927,,False
70,190929,,False
70,190938,,False
70,190945,,False
70,190947,,False
70,190958,,False
70,190966,,False
70,190983,,False
70,190984,,False
70,190994,,False
70,191000,,False
70,191015,,False
70,191017,,False
70,191018,,False
70,191021,,False
70,191036,,False
70,191037,,False
70,191055,,False
70,191058,,False
70,191061,,False
70,191072,,False
70,191086,,False
70,191104,,False
70,191113,,False
70,191114,,False
70,191117,,False
70,191122,,False
70,191131,,False
70,191134,,False
70,191141,,False
70,191142,,False
70,191145,,False
70,191155,,False
70,191159,,False
70,191163,,False
70,191187,,False
70,191191,,False
70,191192,,False
70,191194,,False
70,191200,,False
70,191209,,False
70,191216,,False
70,191221,,False
70,191225,,False
70,191238,,False
70,191254,,False
70,191258,,False
70,191259,,False
70,191263,,False
70,191264,,False
70,191268,,False
70,191282,,False
70,191296,,False
70,191298,,False
70,191309,,False
70,191312,,False
70,191316,,False
70,191321,,False
70,191325,,False
70,191362,,False
70,191363,,False
70,191366,,False
70,191368,,False
70,191380,,False
70,191383,,False
70,191391,,False
70,191400,,False
70,191401,,False
70,191402,,False
70,191404,,False
70,191412,,False
70,191417,,False
70,191419,,False
70,191454,,False
70,191459,,False
70,191467,,False
70,191483,,False
70,191484,,False
70,191489,,False
70,191497,,False
70,191506,,False
70,191511,,False
70,191525,,False
70,191528,,False
70,191529,,False
70,191534,,False
70,191555,,False
70,191563,,False
70,191572,,False
70,191591,,False
70,191594,,False
70,191595,,False
70,191596,,False
70,191602,,False
70,191614,,False
70,191615,,False
70,191619,,False
70,191623,,False
70,191627,,False
70,191637,,False
70,191645,,False
70,191667,,False
70,191681,,False
70,191687,,False
70,191689,,False
70,191690,,False
70,191691,,False
70,191693,,False
70,191699,,False
70,191702,,False
70,191710,,False
70,191714,,False
70,191718,,False
70,191720,,False
70,191737,,False
70,191740,,False
70,191741,,False
70,191745,,False
70,191754,,False
70,191759,,False
70,191762,,False
70,191764,,False
70,191780,,False
70,191782,,False
70,191795,,False
70,191813,,False
70,191816,,False
70,191820,,False
70,191829,,False
70,191833,,False
70,191835,,False
70,191836,,False
70,191843,,False
70,191845,,False
70,191851,,False
70,191856,,False
70,191857,,False
70,191862,,False
70,191872,,False
70,191889,,False
70,191891,,False
70,191906,,False
70,191927,,False
70,191929,,False
70,191930,,False
70,191939,,False
70,191941,,False
70,191952,,False
70,191961,,False
70,191970,,False
70,191999,,False
70,192007,,False
70,192017,,False
70,192019,,False
70,192022,,False
70,192024,,False
70,192028,,False
70,192035,,False
70,192055,,False
70,192072,,False
70,192085,,False
70,192109,,False
70,192113,,False
70,192122,,False
70,192129,,False
70,192132,,False
70,192134,,False
70,192137,,False
70,192158,,False
70,192159,,False
70,192162,,False
70,192169,,False
70,192170,,False
70,192187,,False
70,192195,,False
70,192196,,False
70,192208,,False
70,192209,,False
70,192210,,False
70,192216,,False
70,192218,,False
70,192247,,False
70,192271,,False
70,192275,,False
70,192279,,False
70,192287,,False
70,192290,,False
70,192295,,False
70,192310,,False
70,192312,,False
70,192316,,False
70,192331,,False
70,192340,,False
70,192348,,False
70,192353,,False
70,192361,,False
70,192363,,False
70,192372,,False
70,192376,,False
70,192381,,False
70,192397,,False
70,192414,,False
70,192417,,False
70,192420,,False
70,192422,,False
70,192429,,False
70,192431,,False
70,192445,,False
70,192447,,False
70,192461,,False
70,192466,,False
70,192470,,False
70,192472,,False
70,192474,,False
70,192485,,False
70,192487,,False
70,192494,,False
70,192495,,False
70,192502,,False
70,192507,,False
70,192509,,False
70,192521,,False
70,192522,,False
70,192524,,False
70,192532,,False
70,192536,,False
70,192538,,False
70,192552,,False
70,192567,,False
70,192574,,False
70,192591,,False
70,192594,,False
70,192599,,False
70,192610,,False
70,192627,,False
70,192636,,False
70,192648,,False
70,192650,,False
70,192651,,False
70,192656,,False
70,192670,,False
70,192679,,False
70,192687,,False
70,192692,,False
70,192715,,False
70,192722,,False
70,192725,,False
70,192729,,False
70,192733,,False
70,192747,,False
70,192752,,False
70,192754,,False
70,192761,,False
70,192774,,False
70,192780,,False
70,192782,,False
70,192783,,False
70,192784,,False
70,192790,,False
70,192795,,False
70,192800,,False
70,192807,,False
70,192809,,False
70,192811,,False
70,192820,,False
70,192824,,False
70,192855,,False
70,192859,,False
70,192878,,False
70,192881,,False
70,192893,,False
70,192912,,False
70,192937,,False
70,192948,,False
70,192950,,False
70,192965,,False
70,192971,,False
70,192976,,False
70,192985,,False
70,192986,,False
70,192990,,False
70,192995,,False
70,193018,,False
70,193024,,False
70,193045,,False
70,193050,,False
70,193055,,False
70,193065,,False
70,193072,,False
70,193089,,False
70,193091,,False
70,193105,,False
70,193111,,False
70,193113,,False
70,193116,,False
70,193127,,False
70,193134,,False
70,193144,,False
70,193151,,False
70,193163,,False
70,193173,,False
70,193179,,False
70,193198,,False
70,193211,,False
70,193228,,False
70,193238,,False
70,193244,,False
70,193261,,False
70,193262,,False
70,193272,,False
70,193275,,False
70,193277,,False
70,193278,,False
70,193282,,False
70,193287,,False
70,193296,,False
70,193315,,False
70,193316,,False
70,193322,,False
70,193324,,False
70,193332,,False
70,193351,,False
70,193353,,False
70,193362,,False
70,193368,,False
70,193370,,False
70,193380,,False
70,193381,,False
70,193384,,False
70,193396,,False
70,193406,,False
70,193410,,False
70,193420,,False
70,193423,,False
70,193450,,False
70,193458,,False
70,193475,,False
70,193511,,False
70,193512,,False
70,193518,,False
70,193519,,False
70,193523,,False
70,193535,,False
70,193544,,False
70,193566,,False
70,193567,,False
70,193572,,False
70,193574,,False
70,193579,,False
70,193586,,False
70,193595,,False
70,193605,,False
70,193609,,False
70,193615,,False
70,193625,,False
70,193627,,False
70,193637,,False
70,193648,,False
70,193653,,False
70,193673,,False
70,193682,,False
70,193688,,False
70,193710,,False
70,193713,,False
70,193725,,False
70,193735,,False
70,193738,,False
70,193741,,False
70,193746,,False
70,193750,,False
70,193761,,False
70,193779,,False
70,193798,,False
70,193803,,False
70,193813,,False
70,193824,,False
70,193825,,False
70,193839,,False
70,193840,,False
70,193860,,False
70,193862,,False
70,193865,,False
70,193867,,False
70,193878,,False
70,193879,,False
70,193885,,False
70,193887,,False
70,193890,,False
70,193896,,False
70,193899,,False
70,193908,,False
70,193909,,False
70,193926,,False
70,193930,,False
70,193931,,False
70,193935,,False
70,193937,,False
70,193955,,False
70,193958,,False
70,193959,,False
70,193979,,False
70,193980,,False
70,193984,,False
70,193992,,False
70,193997,,False
70,193998,,False
70,194011,,False
70,194015,,False
70,194051,,False
70,194077,,False
70,194089,,False
70,194094,,False
70,194098,,False
70,194100,,False
70,194105,,False
70,194118,,False
70,194126,,False
70,194138,,False
70,194148,,False
70,194154,,False
70,194156,,False
70,194159,,False
70,194168,,False
70,194180,,False
70,194182,,False
70,194183,,False
70,194185,,False
70,194188,,False
70,194198,,False
70,194224,,False
70,194228,,False
70,194236,,False
70,194250,,False
70,194256,,False
70,194257,,False
70,194265,,False
70,194275,,False
70,194276,,False
70,194278,,False
70,194279,,False
70,194293,,False
70,194297,,False
70,194299,,False
70,194301,,False
70,194314,,False
70,194321,,False
70,194329,,False
70,194334,,False
70,194344,,False
70,194347,,False
70,194367,,False
70,194370,,False
70,194371,,False
70,194387,,False
70,194392,,False
70,194395,,False
70,194396,,False
70,194397,,False
70,194455,,False
70,194480,,False
70,194486,,False
70,194491,,False
70,194496,,False
70,194525,,False
70,194526,,False
70,194533,,False
70,194546,,False
70,194549,,False
70,194567,,False
70,194584,,False
70,194597,,False
70,194598,,False
70,194626,,False
70,194629,,False
70,194631,,False
70,194636,,False
70,194643,,False
70,194647,,False
70,194654,,False
70,194656,,False
70,194667,,False
70,194677,,False
70,194685,,False
70,194693,,False
70,194705,,False
70,194707,,False
70,194720,,False
70,194726,,False
70,194750,,False
70,194754,,False
70,194755,,False
70,194757,,False
70,194758,,False
70,194767,,False
70,194777,,False
70,194783,,False
70,194796,,False
70,194804,,False
70,194805,,False
70,194808,,False
70,194824,,False
70,194840,,False
70,194886,,False
70,194899,,False
70,194902,,False
70,194906,,False
70,194915,,False
70,194925,,False
70,194932,,False
70,194937,,False
70,194941,,False
70,194954,,False
70,194968,,False
70,194972,,False
70,194979,,False
70,194989,,False
70,194994,,False
70,195000,,False
70,195007,,False
70,195008,,False
70,195014,,False
70,195022,,False
70,195029,,False
70,195036,,False
70,195051,,False
70,195056,,False
70,195059,,False
70,195060,,False
70,195083,,False
70,195095,,False
70,195098,,False
70,195099,,False
70,195101,,False
70,195102,,False
70,195115,,False
70,195121,,False
70,195148,,False
70,195151,,False
70,195152,,False
70,195165,,False
70,195167,,False
70,195169,,False
70,195178,,False
70,195183,,False
70,195190,,False
70,195198,,False
70,195204,,False
70,195207,,False
70,195213,,False
70,195217,,False
70,195226,,False
70,195228,,False
70,195231,,False
70,195233,,False
70,195247,,False
70,195269,,False
70,195280,,False
70,195292,,False
70,195300,,False
70,195310,,False
70,195334,,False
70,195336,,False
70,195338,,False
70,195347,,False
70,195359,,False
70,195362,,False
70,195365,,False
70,195376,,False
70,195383,,False
70,195385,,False
70,195387,,False
70,195395,,False
70,195404,,False
70,195410,,False
70,195416,,False
70,195423,,False
70,195425,,False
70,195427,,False
70,195439,,False
70,195455,,False
70,195459,,False
70,195483,,False
70,195495,,False
70,195499,,False
70,195502,,False
70,195510,,False
70,195514,,False
70,195530,,False
70,195531,,False
70,195538,,False
70,195542,,False
70,195555,,False
70,195570,,False
70,195578,,False
70,195591,,False
70,195597,,False
70,195612,,False
70,195618,,False
70,195633,,False
70,195634,,False
70,195638,,False
70,195640,,False
70,195641,,False
70,195647,,False
70,195662,,False
70,195666,,False
70,195675,,False
70,195677,,False
70,195684,,False
70,195685,,False
70,195698,,False
70,195700,,False
70,195721,,False
70,195722,,False
70,195728,,False
70,195750,,False
70,195752,,False
70,195769,,False
70,195773,,False
70,195777,,False
70,195785,,False
70,195790,,False
70,195796,,False
70,195802,,False
70,195824,,False
70,195825,,False
70,195846,,False
70,195859,,False
70,195865,,False
70,195867,,False
70,195889,,False
70,195893,,False
70,195896,,False
70,195904,,False
70,195907,,False
70,195916,,False
70,195924,,False
70,195935,,False
70,195936,,False
70,195946,,False
70,195955,,False
70,195960,,False
70,195963,,False
70,195965,,False
70,195971,,False
70,195975,,False
70,195989,,False
70,195995,,False
70,196002,,False
70,196012,,False
70,196027,,False
70,196033,,False
70,196037,,False
70,196045,,False
70,196052,,False
70,196053,,False
70,196056,,False
70,196063,,False
70,196064,,False
70,196069,,False
70,196076,,False
70,196079,,False
70,196085,,False
70,196086,,False
70,196113,,False
70,196120,,False
70,196122,,False
70,196123,,False
70,196140,,False
70,196142,,False
70,196147,,False
70,196154,,False
70,196165,,False
70,196168,,False
70,196177,,False
70,196188,,False
70,196189,,False
70,196208,,False
70,196216,,False
70,196230,,False
70,196233,,False
70,196242,,False
70,196243,,False
70,196249,,False
70,196253,,False
70,196264,,False
70,196267,,False
70,196273,,False
70,196275,,False
70,196277,,False
70,196290,,False
70,196292,,False
70,196298,,False
70,196299,,False
70,196300,,False
70,196303,,False
70,196304,,False
70,196314,,False
70,196315,,False
70,196322,,False
70,196353,,False
70,196362,,False
70,196368,,False
70,196374,,False
70,196383,,False
70,196406,,False
70,196408,,False
70,196409,,False
70,196419,,False
70,196423,,False
70,196433,,False
70,196435,,False
70,196439,,False
70,196451,,False
70,196454,,False
70,196461,,False
70,196464,,False
70,196484,,False
70,196493,,False
70,196495,,False
70,196507,,False
70,196534,,False
70,196535,,False
70,196539,,False
70,196541,,False
70,196550,,False
70,196552,,False
70,196554,,False
70,196555,,False
70,196559,,False
70,196562,,False
70,196570,,False
70,196577,,False
70,196588,,False
70,196590,,False
70,196593,,False
70,196595,,False
70,196608,,False
70,196619,,False
70,196629,,False
70,196635,,False
70,196638,,False
70,196647,,False
70,196652,,False
70,196658,,False
70,196662,,False
70,196666,,False
70,196675,,False
70,196680,,False
70,196686,,False
70,196690,,False
70,196699,,False
70,196711,,False
70,196728,,False
70,196733,,False
70,196740,,False
70,196741,,False
70,196749,,False
70,196772,,False
70,196777,,False
70,196792,,False
70,196822,,False
70,196823,,False
70,196852,,False
70,196856,,False
70,196860,,False
70,196864,,False
70,196868,,False
70,196875,,False
70,196889,,False
70,196893,,False
70,196903,,False
70,196904,,False
70,196905,,False
70,196910,,False
70,196917,,False
70,196919,,False
70,196933,,False
70,196959,,False
70,196968,,False
70,196977,,False
70,196989,,False
70,196994,,False
70,197008,,False
70,197013,,False
70,197017,,False
70,197034,,False
70,197046,,False
70,197047,,False
70,197059,,False
70,197060,,False
70,197064,,False
70,197067,,False
70,197074,,False
70,197080,,False
70,197088,,False
70,197096,,False
70,197102,,False
70,197120,,False
70,197132,,False
70,197136,,False
70,197145,,False
70,197147,,False
70,197179,,False
70,197181,,False
70,197187,,False
70,197191,,False
70,197192,,False
70,197201,,False
70,197219,,False
70,197244,,False
70,197247,,False
70,197261,,False
70,197262,,False
70,197264,,False
70,197270,,False
70,197271,,False
70,197283,,False
70,197300,,False
70,197303,,False
70,197325,,False
70,197326,,False
70,197327,,False
70,197328,,False
70,197334,,False
70,197336,,False
70,197351,,False
70,197357,,False
70,197370,,False
70,197375,,False
70,197384,,False
70,197387,,False
70,197401,,False
70,197402,,False
70,197403,,False
70,197405,,False
70,197418,,False
70,197424,,False
70,197426,,False
70,197430,,False
70,197456,,False
70,197470,,False
70,197477,,False
70,197490,,False
70,197496,,False
70,197499,,False
70,197502,,False
70,197509,,False
70,197524,,False
70,197525,,False
70,197533,,False
70,197554,,False
70,197571,,False
70,197574,,False
70,197579,,False
70,197586,,False
70,197591,,False
70,197602,,False
70,197612,,False
70,197625,,False
70,197629,,False
70,197630,,False
70,197632,,False
70,197635,,False
70,197636,,False
70,197641,,False
70,197645,,False
70,197653,,False
70,197662,,False
70,197667,,False
70,197672,,False
70,197673,,False
70,197683,,False
70,197697,,False
70,197700,,False
70,197712,,False
70,197720,,False
70,197724,,False
70,197726,,False
70,197728,,False
70,197744,,False
70,197768,,False
70,197772,,False
70,197777,,False
70,197778,,False
70,197800,,False
70,197801,,False
70,197805,,False
70,197808,,False
70,197811,,False
70,197816,,False
70,197820,,False
70,197836,,False
70,197844,,False
70,197849,,False
70,197875,,False
70,197876,,False
70,197878,,False
70,197886,,False
70,197889,,False
70,197892,,False
70,197896,,False
70,197908,,False
70,197911,,False
70,197913,,False
70,197925,,False
70,197930,,False
70,197931,,False
70,197934,,False
70,197944,,False
70,197950,,False
70,197951,,False
70,197960,,False
70,197970,,False
70,197973,,False
70,197989,,False
70,198005,,False
70,198013,,False
70,198014,,False
70,198019,,False
70,198033,,False
70,198036,,False
70,198042,,False
70,198049,,False
70,198061,,False
70,198069,,False
70,198076,,False
70,198078,,False
70,198091,,False
70,198095,,False
70,198097,,False
70,198104,,False
70,198107,,False
70,198110,,False
70,198113,,False
70,198114,,False
70,198117,,False
70,198120,,False
70,198122,,False
70,198123,,False
70,198125,,False
70,198126,,False
70,198143,,False
70,198155,,False
70,198181,,False
70,198186,,False
70,198206,,False
70,198223,,False
70,198227,,False
70,198232,,False
70,198236,,False
70,198246,,False
70,198258,,False
70,198270,,False
70,198279,,False
70,198292,,False
70,198296,,False
70,198303,,False
70,198318,,False
70,198357,,False
70,198361,,False
70,198363,,False
70,198380,,False
70,198388,,False
70,198389,,False
70,198390,,False
70,198399,,False
70,198400,,False
70,198415,,False
70,198422,,False
70,198433,,False
70,198437,,False
70,198444,,False
70,198448,,False
70,198449,,False
70,198455,,False
70,198463,,False
70,198474,,False
70,198477,,False
70,198485,,False
70,198491,,False
70,198497,,False
70,198510,,False
70,198519,,False
70,198525,,False
70,198531,,False
70,198534,,False
70,198541,,False
70,198546,,False
70,198547,,False
70,198554,,False
70,198560,,False
70,198576,,False
70,198578,,False
70,198581,,False
70,198588,,False
70,198602,,False
70,198610,,False
70,198612,,False
70,198618,,False
70,198635,,False
70,198657,,False
70,198659,,False
70,198670,,False
70,198683,,False
70,198691,,False
70,198693,,False
70,198697,,False
70,198704,,False
70,198707,,False
70,198712,,False
70,198714,,False
70,198735,,False
70,198738,,False
70,198743,,False
70,198746,,False
70,198748,,False
70,198756,,False
70,198759,,False
70,198764,,False
70,198766,,False
70,198767,,False
70,198806,,False
70,198808,,False
70,198813,,False
70,198823,,False
70,198827,,False
70,198835,,False
70,198837,,False
70,198839,,False
70,198851,,False
70,198857,,False
70,198872,,False
70,198876,,False
70,198882,,False
70,198890,,False
70,198894,,False
70,198899,,False
70,198913,,False
70,198915,,False
70,198919,,False
70,198928,,False
70,198943,,False
70,198946,,False
70,198951,,False
70,198952,,False
70,198955,,False
70,198960,,False
70,198982,,False
70,198986,,False
70,198995,,False
70,198997,,False
70,199001,,False
70,199019,,False
70,199054,,False
70,199064,,False
70,199074,,False
70,199075,,False
70,199078,,False
70,199087,,False
70,199095,,False
70,199097,,False
70,199104,,False
70,199108,,False
70,199112,,False
70,199115,,False
70,199120,,False
70,199131,,False
70,199166,,False
70,199176,,False
70,199179,,False
70,199180,,False
70,199202,,False
70,199205,,False
70,199209,,False
70,199218,,False
70,199222,,False
70,199224,,False
70,199230,,False
70,199234,,False
70,199256,,False
70,199258,,False
70,199262,,False
70,199267,,False
70,199279,,False
70,199290,,False
70,199295,,False
70,199301,,False
70,199308,,False
70,199311,,False
70,199321,,False
70,199322,,False
70,199324,,False
70,199325,,False
70,199351,,False
70,199358,,False
70,199381,,False
70,199395,,False
70,199398,,False
70,199399,,False
70,199405,,False
70,199410,,False
70,199420,,False
70,199425,,False
70,199429,,False
70,199432,,False
70,199438,,False
70,199443,,False
70,199444,,False
70,199456,,False
70,199467,,False
70,199480,,False
70,199491,,False
70,199495,,False
70,199497,,False
70,199500,,False
70,199526,,False
70,199538,,False
70,199541,,False
70,199557,,False
70,199558,,False
70,199566,,False
70,199577,,False
70,199579,,False
70,199580,,False
70,199612,,False
70,199615,,False
70,199621,,False
70,199624,,False
70,199632,,False
70,199635,,False
70,199641,,False
70,199642,,False
70,199647,,False
70,199674,,False
70,199682,,False
70,199693,,False
70,199700,,False
70,199702,,False
70,199704,,False
70,199712,,False
70,199714,,False
70,199716,,False
70,199732,,False
70,199741,,False
70,199753,,False
70,199756,,False
70,199757,,False
70,199759,,False
70,199774,,False
70,199783,,False
70,199788,,False
70,199802,,False
70,199825,,False
70,199849,,False
70,199856,,False
70,199857,,False
70,199859,,False
70,199865,,False
70,199871,,False
70,199878,,False
70,199895,,False
70,199896,,False
70,199901,,False
70,199911,,False
70,199931,,False
70,199935,,False
70,199940,,False
70,199941,,False
70,199954,,False
70,199957,,False
70,199959,,False
70,199977,,False
70,199983,,False
70,199984,,False
70,199994,,False
70,199996,,False
70,200006,,False
70,200009,,False
70,200010,,False
70,200013,,False
70,200028,,False
70,200033,,False
70,200038,,False
70,200041,,False
70,200046,,False
70,200055,,False
70,200059,,False
70,200063,,False
70,200069,,False
70,200072,,False
70,200074,,False
70,200089,,False
70,200107,,False
70,200108,,False
70,200112,,False
70,200115,,False
70,200122,,False
70,200127,,False
70,200129,,False
70,200136,,False
70,200143,,False
70,200146,,False
70,200158,,False
70,200162,,False
70,200168,,False
70,200170,,False
70,200186,,False
70,200191,,False
70,200200,,False
70,200210,,False
70,200216,,False
70,200217,,False
70,200222,,False
70,200231,,False
70,200238,,False
70,200239,,False
70,200244,,False
70,200258,,False
70,200273,,False
70,200288,,False
70,200297,,False
70,200300,,False
70,200301,,False
70,200309,,False
70,200310,,False
70,200312,,False
70,200325,,False
70,200342,,False
70,200348,,False
70,200351,,False
70,200354,,False
70,200373,,False
70,200389,,False
70,200392,,False
70,200401,,False
70,200405,,False
70,200412,,False
70,200430,,False
70,200445,,False
70,200461,,False
70,200472,,False
70,200485,,False
70,200491,,False
70,200515,,False
70,200517,,False
70,200518,,False
70,200519,,False
70,200521,,False
70,200526,,False
70,200538,,False
70,200544,,False
70,200548,,False
70,200556,,False
70,200563,,False
70,200569,,False
70,200587,,False
70,200593,,False
70,200606,,False
70,200616,,False
70,200620,,False
70,200625,,False
70,200641,,False
70,200650,,False
70,200651,,False
70,200658,,False
70,200661,,False
70,200670,,False
70,200679,,False
70,200701,,False
70,200702,,False
70,200729,,False
70,200736,,False
70,200743,,False
70,200745,,False
70,200764,,False
70,200785,,False
70,200787,,False
70,200794,,False
70,200797,,False
70,200802,,False
70,200807,,False
70,200808,,False
70,200812,,False
70,200819,,False
70,200826,,False
70,200828,,False
70,200837,,False
70,200850,,False
70,200867,,False
70,200875,,False
70,200877,,False
70,200883,,False
70,200901,,False
70,200915,,False
70,200933,,False
70,200941,,False
70,200942,,False
70,200963,,False
70,200981,,False
70,200983,,False
70,200984,,False
70,200988,,False
70,200993,,False
70,200999,,False
70,201008,,False
70,201017,,False
70,201030,,False
70,201041,,False
70,201050,,False
70,201064,,False
70,201083,,False
70,201094,,False
70,201098,,False
70,201099,,False
70,201102,,False
70,201112,,False
70,201123,,False
70,201126,,False
70,201130,,False
70,201144,,False
70,201147,,False
70,201173,,False
70,201178,,False
70,201179,,False
70,201192,,False
70,201193,,False
70,201210,,False
70,201212,,False
70,201216,,False
70,201229,,False
70,201244,,False
70,201256,,False
70,201271,,False
70,201272,,False
70,201283,,False
70,201287,,False
70,201288,,False
70,201289,,False
70,201294,,False
70,201305,,False
70,201322,,False
70,201341,,False
70,201346,,False
70,201350,,False
70,201356,,False
70,201361,,False
70,201368,,False
70,201369,,False
70,201370,,False
70,201374,,False
70,201378,,False
70,201389,,False
70,201400,,False
70,201412,,False
70,201421,,False
70,201423,,False
70,201431,,False
70,201434,,False
70,201437,,False
70,201446,,False
70,201450,,False
70,201455,,False
70,201461,,False
70,201469,,False
70,201494,,False
70,201521,,False
70,201528,,False
70,201542,,False
70,201550,,False
70,201556,,False
70,201558,,False
70,201560,,False
70,201565,,False
70,201569,,False
70,201587,,False
70,201607,,False
70,201608,,False
70,201623,,False
70,201626,,False
70,201628,,False
70,201629,,False
70,201634,,False
70,201635,,False
70,201636,,False
70,201647,,False
70,201656,,False
70,201675,,False
70,201678,,False
70,201689,,False
70,201694,,False
70,201715,,False
70,201726,,False
70,201730,,False
70,201740,,False
70,201754,,False
70,201761,,False
70,201765,,False
70,201779,,False
70,201791,,False
70,201792,,False
70,201817,,False
70,201818,,False
70,201823,,False
70,201825,,False
70,201832,,False
70,201848,,False
70,201851,,False
70,201854,,False
70,201880,,False
70,201882,,False
70,201890,,False
70,201894,,False
70,201895,,False
70,201897,,False
70,201904,,False
70,201918,,False
70,201932,,False
70,201934,,False
70,201944,,False
70,201945,,False
70,201951,,False
70,201954,,False
70,201959,,False
70,201985,,False
70,201996,,False
70,202003,,False
70,202013,,False
70,202016,,False
70,202020,,False
70,202025,,False
70,202033,,False
70,202035,,False
70,202048,,False
70,202049,,False
70,202068,,False
70,202070,,False
70,202074,,False
70,202091,,False
70,202100,,False
70,202104,,False
70,202120,,False
70,202124,,False
70,202127,,False
70,202130,,False
70,202134,,False
70,202136,,False
70,202179,,False
70,202181,,False
70,202189,,False
70,202207,,False
70,202211,,False
70,202231,,False
70,202233,,False
70,202242,,False
70,202244,,False
70,202259,,False
70,202260,,False
70,202262,,False
70,202267,,False
70,202270,,False
70,202272,,False
70,202275,,False
70,202280,,False
70,202294,,False
70,202297,,False
70,202301,,False
70,202305,,False
70,202310,,False
70,202313,,False
70,202322,,False
70,202328,,False
70,202361,,False
70,202362,,False
70,202370,,False
70,202371,,False
70,202377,,False
70,202390,,False
70,202398,,False
70,202406,,False
70,202415,,False
70,202421,,False
70,202438,,False
70,202456,,False
70,202466,,False
70,202469,,False
70,202471,,False
70,202475,,False
70,202478,,False
70,202480,,False
70,202482,,False
70,202485,,False
70,202489,,False
70,202493,,False
70,202499,,False
70,202502,,False
70,202536,,False
70,202555,,False
70,202556,,False
70,202557,,False
70,202564,,False
70,202571,,False
70,202577,,False
70,202584,,False
70,202617,,False
70,202619,,False
70,202630,,False
70,202649,,False
70,202653,,False
70,202668,,False
70,202671,,False
70,202680,,False
70,202684,,False
70,202702,,False
70,202711,,False
70,202712,,False
70,202716,,False
70,202725,,False
70,202735,,False
70,202741,,False
70,202753,,False
70,202759,,False
70,202771,,False
70,202772,,False
70,202790,,False
70,202791,,False
70,202805,,False
70,202806,,False
70,202810,,False
70,202812,,False
70,202820,,False
70,202854,,False
70,202874,,False
70,202881,,False
70,202886,,False
70,202888,,False
70,202889,,False
70,202903,,False
70,202904,,False
70,202905,,False
70,202918,,False
70,202919,,False
70,202945,,False
70,202955,,False
70,202976,,False
70,203022,,False
70,203037,,False
70,203048,,False
70,203063,,False
70,203064,,False
70,203068,,False
70,203083,,False
70,203088,,False
70,203100,,False
70,203101,,False
70,203102,,False
70,203103,,False
70,203108,,False
70,203110,,False
70,203118,,False
70,203123,,False
70,203144,,False
70,203148,,False
70,203160,,False
70,203169,,False
70,203171,,False
70,203183,,False
70,203186,,False
70,203187,,False
70,203188,,False
70,203189,,False
70,203192,,False
70,203195,,False
70,203224,,False
70,203227,,False
70,203231,,False
70,203251,,False
70,203256,,False
70,203259,,False
70,203263,,False
70,203270,,False
70,203283,,False
70,203297,,False
70,203298,,False
70,203305,,False
70,203317,,False
70,203326,,False
70,203327,,False
70,203330,,False
70,203331,,False
70,203333,,False
70,203387,,False
70,203388,,False
70,203392,,False
70,203397,,False
70,203402,,False
70,203431,,False
70,203436,,False
70,203437,,False
70,203443,,False
70,203466,,False
70,203487,,False
70,203489,,False
70,203500,,False
70,203505,,False
70,203519,,False
70,203540,,False
70,203546,,False
70,203558,,False
70,203564,,False
70,203574,,False
70,203597,,False
70,203602,,False
70,203612,,False
70,203636,,False
70,203640,,False
70,203680,,False
70,203696,,False
70,203704,,False
70,203705,,False
70,203718,,False
70,203732,,False
70,203737,,False
70,203748,,False
70,203765,,False
70,203773,,False
70,203782,,False
70,203784,,False
70,203798,,False
70,203799,,False
70,203810,,False
70,203823,,False
70,203845,,False
70,203853,,False
70,203866,,False
70,203869,,False
70,203885,,False
70,203886,,False
70,203890,,False
70,203899,,False
70,203930,,False
70,203931,,False
70,203943,,False
70,203952,,False
70,203959,,False
70,203968,,False
70,203980,,False
70,203983,,False
70,203988,,False
70,203998,,False
70,204007,,False
70,204019,,False
70,204031,,False
70,204032,,False
70,204035,,False
70,204042,,False
70,204065,,False
70,204068,,False
70,204072,,False
70,204089,,False
70,204090,,False
70,204093,,False
70,204106,,False
70,204112,,False
70,204117,,False
70,204125,,False
70,204126,,False
70,204134,,False
70,204141,,False
70,204163,,False
70,204187,,False
70,204210,,False
70,204213,,False
70,204223,,False
70,204229,,False
70,204232,,False
70,204233,,False
70,204250,,False
70,204252,,False
70,204256,,False
70,204261,,False
70,204263,,False
70,204270,,False
70,204272,,False
70,204274,,False
70,204278,,False
70,204285,,False
70,204298,,False
70,204301,,False
70,204308,,False
70,204316,,False
70,204321,,False
70,204330,,False
70,204355,,False
70,204366,,False
70,204384,,False
70,204388,,False
70,204390,,False
70,204395,,False
70,204398,,False
70,204399,,False
70,204416,,False
70,204419,,False
70,204424,,False
70,204426,,False
70,204428,,False
70,204441,,False
70,204452,,False
70,204463,,False
70,204464,,False
70,204485,,False
70,204503,,False
70,204513,,False
70,204518,,False
70,204531,,False
70,204532,,False
70,204548,,False
70,204553,,False
70,204559,,False
70,204573,,False
70,204574,,False
70,204575,,False
70,204581,,False
70,204582,,False
70,204589,,False
70,204593,,False
70,204601,,False
70,204602,,False
70,204612,,False
70,204613,,False
70,204625,,False
70,204631,,False
70,204633,,False
70,204639,,False
70,204642,,False
70,204660,,False
70,204661,,False
70,204665,,False
70,204676,,False
70,204677,,False
70,204680,,False
70,204683,,False
70,204701,,False
70,204705,,False
70,204713,,False
70,204718,,False
70,204732,,False
70,204736,,False
70,204749,,False
70,204751,,False
70,204753,,False
70,204759,,False
70,204770,,False
70,204777,,False
70,204780,,False
70,204785,,False
70,204786,,False
70,204792,,False
70,204794,,False
70,204798,,False
70,204801,,False
70,204806,,False
70,204807,,False
70,204817,,False
70,204823,,False
70,204826,,False
70,204828,,False
70,204831,,False
70,204845,,False
70,204847,,False
70,204848,,False
70,204850,,False
70,204858,,False
70,204866,,False
70,204867,,False
70,204885,,False
70,204896,,False
70,204903,,False
70,204905,,False
70,204914,,False
70,204918,,False
70,204923,,False
70,204924,,False
70,204940,,False
70,204946,,False
70,204955,,False
70,204964,,False
70,204979,,False
70,204988,,False
70,204992,,False
70,204999,,False
70,205008,,False
70,205047,,False
70,205054,,False
70,205059,,False
70,205076,,False
70,205092,,False
70,205095,,False
70,205102,,False
70,205106,,False
70,205113,,False
70,205127,,False
70,205131,,False
70,205150,,False
70,205151,,False
70,205153,,False
70,205159,,False
70,205161,,False
70,205169,,False
70,205179,,False
70,205198,,False
70,205202,,False
70,205223,,False
70,205235,,False
70,205249,,False
70,205254,,False
70,205273,,False
70,205276,,False
70,205283,,False
70,205294,,False
70,205311,,False
70,205312,,False
70,205318,,False
70,205320,,False
70,205341,,False
70,205352,,False
70,205361,,False
70,205365,,False
70,205375,,False
70,205379,,False
70,205381,,False
70,205383,,False
70,205397,,False
70,205402,,False
70,205408,,False
70,205420,,False
70,205421,,False
70,205431,,False
70,205441,,False
70,205444,,False
70,205459,,False
70,205461,,False
70,205465,,False
70,205466,,False
70,205473,,False
70,205474,,False
70,205475,,False
70,205477,,False
70,205482,,False
70,205485,,False
70,205496,,False
70,205498,,False
70,205507,,False
70,205516,,False
70,205518,,False
70,205523,,False
70,205532,,False
70,205538,,False
70,205541,,False
70,205546,,False
70,205550,,False
70,205559,,False
70,205566,,False
70,205580,,False
70,205583,,False
70,205586,,False
70,205614,,False
70,205626,,False
70,205628,,False
70,205630,,False
70,205633,,False
70,205635,,False
70,205643,,False
70,205653,,False
70,205654,,False
70,205655,,False
70,205656,,False
70,205659,,False
70,205666,,False
70,205683,,False
70,205687,,False
70,205705,,False
70,205709,,False
70,205717,,False
70,205718,,False
70,205734,,False
70,205735,,False
70,205744,,False
70,205753,,False
70,205761,,False
70,205765,,False
70,205797,,False
70,205802,,False
70,205803,,False
70,205807,,False
70,205809,,False
70,205825,,False
70,205828,,False
70,205842,,False
70,205847,,False
70,205855,,False
70,205863,,False
70,205876,,False
70,205883,,False
70,205884,,False
70,205890,,False
70,205891,,False
70,205893,,False
70,205896,,False
70,205907,,False
70,205908,,False
70,205911,,False
70,205918,,False
70,205919,,False
70,205922,,False
70,205925,,False
70,205930,,False
70,205933,,False
70,205938,,False
70,205943,,False
70,205948,,False
70,205959,,False
70,205965,,False
70,205985,,False
70,205988,,False
70,206002,,False
70,206009,,False
70,206011,,False
70,206014,,False
70,206017,,False
70,206022,,False
70,206027,,False
70,206029,,False
70,206033,,False
70,206044,,False
70,206052,,False
70,206066,,False
70,206068,,False
70,206071,,False
70,206076,,False
70,206079,,False
70,206082,,False
70,206090,,False
70,206127,,False
70,206131,,False
70,206137,,False
70,206157,,False
70,206187,,False
70,206197,,False
70,206198,,False
70,206212,,False
70,206219,,False
70,206237,,False
70,206238,,False
70,206252,,False
70,206259,,False
70,206262,,False
70,206264,,False
70,206272,,False
70,206275,,False
70,206281,,False
70,206285,,False
70,206292,,False
70,206296,,False
70,206303,,False
70,206317,,False
70,206323,,False
70,206333,,False
70,206346,,False
70,206358,,False
70,206362,,False
70,206376,,False
70,206380,,False
70,206385,,False
70,206392,,False
70,206397,,False
70,206409,,False
70,206428,,False
70,206433,,False
70,206439,,False
70,206452,,False
70,206469,,False
70,206497,,False
70,206500,,False
70,206520,,False
70,206524,,False
70,206525,,False
70,206528,,False
70,206534,,False
70,206536,,False
70,206537,,False
70,206539,,False
70,206547,,False
70,206551,,False
70,206556,,False
70,206558,,False
70,206567,,False
70,206578,,False
70,206605,,False
70,206606,,False
70,206610,,False
70,206625,,False
70,206626,,False
70,206633,,False
70,206638,,False
70,206639,,False
70,206640,,False
70,206649,,False
70,206651,,False
70,206664,,False
70,206665,,False
70,206678,,False
70,206680,,False
70,206683,,False
70,206685,,False
70,206687,,False
70,206688,,False
70,206700,,False
70,206703,,False
70,206708,,False
70,206717,,False
70,206720,,False
70,206733,,False
70,206751,,False
70,206761,,False
70,206772,,False
70,206789,,False
70,206790,,False
70,206810,,False
70,206811,,False
70,206820,,False
70,206846,,False
70,206850,,False
70,206852,,False
70,206859,,False
70,206861,,False
70,206863,,False
70,206878,,False
70,206889,,False
70,206902,,False
70,206903,,False
70,206914,,False
70,206928,,False
70,206934,,False
70,206936,,False
70,206944,,False
70,206957,,False
70,206959,,False
70,206971,,False
70,206978,,False
70,206979,,False
70,206980,,False
70,206983,,False
70,206989,,False
70,207005,,False
70,207026,,False
70,207031,,False
70,207038,,False
70,207050,,False
70,207054,,False
70,207062,,False
70,207064,,False
70,207066,,False
70,207072,,False
70,207074,,False
70,207076,,False
70,207079,,False
70,207080,,False
70,207101,,False
70,207107,,False
70,207117,,False
70,207127,,False
70,207133,,False
70,207136,,False
70,207142,,False
70,207153,,False
70,207172,,False
70,207173,,False
70,207178,,False
70,207180,,False
70,207183,,False
70,207190,,False
70,207191,,False
70,207192,,False
70,207195,,False
70,207196,,False
70,207210,,False
70,207211,,False
70,207212,,False
70,207221,,False
70,207230,,False
70,207234,,False
70,207240,,False
70,207247,,False
70,207248,,False
70,207255,,False
70,207256,,False
70,207258,,False
70,207259,,False
70,207260,,False
70,207264,,False
70,207265,,False
70,207287,,False
70,207290,,False
70,207293,,False
70,207296,,False
70,207300,,False
70,207303,,False
70,207305,,False
70,207314,,False
70,207331,,False
70,207334,,False
70,207340,,False
70,207352,,False
70,207377,,False
70,207400,,False
70,207401,,False
70,207404,,False
70,207406,,False
70,207416,,False
70,207418,,False
70,207425,,False
70,207428,,False
70,207430,,False
70,207435,,False
70,207451,,False
70,207454,,False
70,207460,,False
70,207485,,False
70,207517,,False
70,207528,,False
70,207529,,False
70,207530,,False
70,207556,,False
70,207558,,False
70,207561,,False
70,207566,,False
70,207571,,False
70,207574,,False
70,207579,,False
70,207580,,False
70,207587,,False
70,207588,,False
70,207594,,False
70,207606,,False
70,207620,,False
70,207622,,False
70,207629,,False
70,207632,,False
70,207634,,False
70,207638,,False
70,207651,,False
70,207676,,False
70,207684,,False
70,207686,,False
70,207691,,False
70,207692,,False
70,207695,,False
70,207699,,False
70,207703,,False
70,207704,,False
70,207740,,False
70,207756,,False
70,207771,,False
70,207792,,False
70,207796,,False
70,207797,,False
70,207801,,False
70,207808,,False
70,207811,,False
70,207814,,False
70,207816,,False
70,207820,,False
70,207828,,False
70,207831,,False
70,207834,,False
70,207838,,False
70,207839,,False
70,207845,,False
70,207849,,False
70,207850,,False
70,207861,,False
70,207867,,False
70,207871,,False
70,207882,,False
70,207883,,False
70,207896,,False
70,207910,,False
70,207914,,False
70,207915,,False
70,207949,,False
70,207953,,False
70,207957,,False
70,207966,,False
70,207971,,False
70,207972,,False
70,207975,,False
70,207978,,False
70,207979,,False
70,207991,,False
70,207994,,False
70,207999,,False
70,208016,,False
70,208038,,False
70,208043,,False
70,208047,,False
70,208049,,False
70,208054,,False
70,208073,,False
70,208075,,False
70,208083,,False
70,208084,,False
70,208087,,False
70,208096,,False
70,208102,,False
70,208112,,False
70,208115,,False
70,208141,,False
70,208156,,False
70,208184,,False
70,208207,,False
70,208225,,False
70,208227,,False
70,208230,,False
70,208251,,False
70,208254,,False
70,208259,,False
70,208274,,False
70,208275,,False
70,208290,,False
70,208291,,False
70,208295,,False
70,208302,,False
70,208307,,False
70,208311,,False
70,208316,,False
70,208318,,False
70,208342,,False
70,208344,,False
70,208353,,False
70,208358,,False
70,208360,,False
70,208372,,False
70,208380,,False
70,208381,,False
70,208392,,False
70,208394,,False
70,208405,,False
70,208407,,False
70,208410,,False
70,208412,,False
70,208413,,False
70,208416,,False
70,208421,,False
70,208428,,False
70,208436,,False
70,208437,,False
70,208440,,False
70,208449,,False
70,208450,,False
70,208453,,False
70,208461,,False
70,208466,,False
70,208473,,False
70,208478,,False
70,208500,,False
70,208509,,False
70,208517,,False
70,208531,,False
70,208543,,False
70,208553,,False
70,208558,,False
70,208564,,False
70,208566,,False
70,208570,,False
70,208575,,False
70,208586,,False
70,208620,,False
70,208625,,False
70,208628,,False
70,208640,,False
70,208649,,False
70,208653,,False
70,208658,,False
70,208660,,False
70,208679,,False
70,208684,,False
70,208705,,False
70,208707,,False
70,208716,,False
70,208724,,False
70,208726,,False
70,208728,,False
70,208735,,False
70,208739,,False
70,208745,,False
70,208761,,False
70,208770,,False
70,208786,,False
70,208788,,False
70,208796,,False
70,208797,,False
70,208800,,False
70,208806,,False
70,208807,,False
70,208822,,False
70,208825,,False
70,208846,,False
70,208850,,False
70,208856,,False
70,208862,,False
70,208869,,False
70,208876,,False
70,208886,,False
70,208907,,False
70,208911,,False
70,208928,,False
70,208934,,False
70,208936,,False
70,208959,,False
70,208961,,False
70,208965,,False
70,208977,,False
70,208985,,False
70,208987,,False
70,208988,,False
70,208999,,False
70,209008,,False
70,209010,,False
70,209011,,False
70,209043,,False
70,209057,,False
70,209082,,False
70,209084,,False
70,209091,,False
70,209094,,False
70,209097,,False
70,209100,,False
70,209102,,False
70,209103,,False
70,209105,,False
70,209112,,False
70,209126,,False
70,209140,,False
70,209146,,False
70,209147,,False
70,209150,,False
70,209152,,False
70,209155,,False
70,209168,,False
70,209169,,False
70,209176,,False
70,209178,,False
70,209179,,False
70,209180,,False
70,209185,,False
70,209193,,False
70,209214,,False
70,209225,,False
70,209229,,False
70,209249,,False
70,209252,,False
70,209259,,False
70,209263,,False
70,209266,,False
70,209268,,False
70,209273,,False
70,209275,,False
70,209281,,False
70,209293,,False
70,209315,,False
70,209329,,False
70,209332,,False
70,209335,,False
70,209342,,False
70,209344,,False
70,209347,,False
70,209352,,False
70,209356,,False
70,209361,,False
70,209362,,False
70,209363,,False
70,209370,,False
70,209388,,False
70,209398,,False
70,209406,,False
70,209423,,False
70,209430,,False
70,209452,,False
70,209454,,False
70,209459,,False
70,209467,,False
70,209485,,False
70,209492,,False
70,209498,,False
70,209512,,False
70,209517,,False
70,209524,,False
70,209528,,False
70,209531,,False
70,209543,,False
70,209558,,False
70,209563,,False
70,209576,,False
70,209582,,False
70,209589,,False
70,209590,,False
70,209598,,False
70,209600,,False
70,209602,,False
70,209608,,False
70,209612,,False
70,209618,,False
70,209626,,False
70,209628,,False
70,209638,,False
70,209652,,False
70,209664,,False
70,209686,,False
70,209696,,False
70,209703,,False
70,209704,,False
70,209722,,False
70,209725,,False
70,209745,,False
70,209747,,False
70,209748,,False
70,209758,,False
70,209771,,False
70,209773,,False
70,209774,,False
70,209781,,False
70,209786,,False
70,209789,,False
70,209793,,False
70,209817,,False
70,209822,,False
70,209826,,False
70,209828,,False
70,209836,,False
70,209841,,False
70,209845,,False
70,209850,,False
70,209854,,False
70,209860,,False
70,209861,,False
70,209862,,False
70,209864,,False
70,209866,,False
70,209870,,False
70,209872,,False
70,209875,,False
70,209897,,False
70,209906,,False
70,209910,,False
70,209923,,False
70,209938,,False
70,209953,,False
70,209967,,False
70,209968,,False
70,209972,,False
70,209978,,False
70,209985,,False
70,209989,,False
70,209999,,False
70,210005,,False
70,210021,,False
70,210031,,False
70,210033,,False
70,210034,,False
70,210036,,False
70,210052,,False
70,210053,,False
70,210054,,False
70,210069,,False
70,210079,,False
70,210082,,False
70,210087,,False
70,210097,,False
70,210101,,False
70,210107,,False
70,210121,,False
70,210139,,False
70,210146,,False
70,210150,,False
70,210165,,False
70,210169,,False
70,210187,,False
70,210203,,False
70,210211,,False
70,210217,,False
70,210220,,False
70,210230,,False
70,210231,,False
70,210236,,False
70,210237,,False
70,210238,,False
70,210240,,False
70,210243,,False
70,210260,,False
70,210263,,False
70,210265,,False
70,210273,,False
70,210277,,False
70,210293,,False
70,210298,,False
70,210314,,False
70,210317,,False
70,210318,,False
70,210340,,False
70,210342,,False
70,210347,,False
70,210353,,False
70,210356,,False
70,210364,,False
70,210368,,False
70,210372,,False
70,210382,,False
70,210392,,False
70,210405,,False
70,210407,,False
70,210408,,False
70,210415,,False
70,210421,,False
70,210425,,False
70,210430,,False
70,210434,,False
70,210444,,False
70,210445,,False
70,210453,,False
70,210463,,False
70,210478,,False
70,210484,,False
70,210485,,False
70,210497,,False
70,210498,,False
70,210505,,False
70,210512,,False
70,210523,,False
70,210527,,False
70,210528,,False
70,210532,,False
70,210555,,False
70,210586,,False
70,210591,,False
70,210594,,False
70,210595,,False
70,210610,,False
70,210613,,False
70,210625,,False
70,210647,,False
70,210683,,False
70,210685,,False
70,210686,,False
70,210691,,False
70,210706,,False
70,210711,,False
70,210713,,False
70,210726,,False
70,210731,,False
70,210735,,False
70,210739,,False
70,210741,,False
70,210746,,False
70,210748,,False
70,210751,,False
70,210757,,False
70,210772,,False
70,210778,,False
70,210784,,False
70,210790,,False
70,210797,,False
70,210821,,False
70,210835,,False
70,210848,,False
70,210849,,False
70,210853,,False
70,210862,,False
70,210869,,False
70,210880,,False
70,210882,,False
70,210901,,False
70,210908,,False
70,210909,,False
70,210913,,False
70,210925,,False
70,210945,,False
70,210958,,False
70,210970,,False
70,210977,,False
70,210987,,False
70,210993,,False
70,211002,,False
70,211019,,False
70,211020,,False
70,211022,,False
70,211025,,False
70,211034,,False
70,211035,,False
70,211036,,False
70,211047,,False
70,211058,,False
70,211062,,False
70,211068,,False
70,211089,,False
70,211092,,False
70,211095,,False
70,211103,,False
70,211110,,False
70,211114,,False
70,211115,,False
70,211117,,False
70,211120,,False
70,211123,,False
70,211129,,False
70,211137,,False
70,211152,,False
70,211160,,False
70,211172,,False
70,211184,,False
70,211191,,False
70,211193,,False
70,211194,,False
70,211197,,False
70,211201,,False
70,211202,,False
70,211204,,False
70,211208,,False
70,211213,,False
70,211219,,False
70,211221,,False
70,211225,,False
70,211232,,False
70,211236,,False
70,211243,,False
70,211247,,False
70,211250,,False
70,211252,,False
70,211259,,False
70,211265,,False
70,211266,,False
70,211269,,False
70,211270,,False
70,211273,,False
70,211275,,False
70,211278,,False
70,211281,,False
70,211285,,False
70,211291,,False
70,211299,,False
70,211302,,False
70,211309,,False
70,211311,,False
70,211315,,False
70,211320,,False
70,211328,,False
70,211330,,False
70,211332,,False
70,211343,,False
70,211351,,False
70,211352,,False
70,211355,,False
70,211367,,False
70,211393,,False
70,211395,,False
70,211406,,False
70,211408,,False
70,211411,,False
70,211412,,False
70,211417,,False
70,211423,,False
70,211433,,False
70,211436,,False
70,211442,,False
70,211451,,False
70,211462,,False
70,211468,,False
70,211479,,False
70,211493,,False
70,211494,,False
70,211540,,False
70,211546,,False
70,211553,,False
70,211568,,False
70,211582,,False
70,211588,,False
70,211612,,False
70,211621,,False
70,211622,,False
70,211633,,False
70,211634,,False
70,211640,,False
70,211647,,False
70,211652,,False
70,211667,,False
70,211669,,False
70,211671,,False
70,211678,,False
70,211682,,False
70,211683,,False
70,211687,,False
70,211698,,False
70,211706,,False
70,211708,,False
70,211717,,False
70,211727,,False
70,211738,,False
70,211752,,False
70,211757,,False
70,211759,,False
70,211768,,False
70,211772,,False
70,211774,,False
70,211781,,False
70,211790,,False
70,211791,,False
70,211795,,False
70,211801,,False
70,211803,,False
70,211804,,False
70,211805,,False
70,211807,,False
70,211810,,False
70,211827,,False
70,211868,,False
70,211872,,False
70,211875,,False
70,211883,,False
70,211886,,False
70,211889,,False
70,211892,,False
70,211894,,False
70,211897,,False
70,211914,,False
70,211917,,False
70,211918,,False
70,211919,,False
70,211927,,False
70,211935,,False
70,211957,,False
70,211970,,False
70,211979,,False
70,211981,,False
70,211985,,False
70,211986,,False
70,211993,,False
70,211995,,False
70,212011,,False
70,212017,,False
70,212021,,False
70,212023,,False
70,212029,,False
70,212038,,False
70,212039,,False
70,212046,,False
70,212051,,False
70,212057,,False
70,212067,,False
70,212076,,False
70,212082,,False
70,212088,,False
70,212093,,False
70,212109,,False
70,212111,,False
70,212118,,False
70,212130,,False
70,212138,,False
70,212163,,False
70,212166,,False
70,212173,,False
70,212192,,False
70,212198,,False
70,212210,,False
70,212213,,False
70,212226,,False
70,212228,,False
70,212247,,False
70,212275,,False
70,212281,,False
70,212285,,False
70,212287,,False
70,212294,,False
70,212295,,False
70,212301,,False
70,212316,,False
70,212322,,False
70,212332,,False
70,212333,,False
70,212358,,False
70,212373,,False
70,212385,,False
70,212394,,False
70,212404,,False
70,212405,,False
70,212411,,False
70,212419,,False
70,212428,,False
70,212438,,False
70,212440,,False
70,212443,,False
70,212445,,False
70,212454,,False
70,212456,,False
70,212460,,False
70,212461,,False
70,212491,,False
70,212495,,False
70,212503,,False
70,212507,,False
70,212510,,False
70,212512,,False
70,212515,,False
70,212517,,False
70,212522,,False
70,212529,,False
70,212536,,False
70,212541,,False
70,212548,,False
70,212564,,False
70,212566,,False
70,212572,,False
70,212595,,False
70,212603,,False
70,212605,,False
70,212607,,False
70,212622,,False
70,212628,,False
70,212637,,False
70,212642,,False
70,212647,,False
70,212652,,False
70,212654,,False
70,212674,,False
70,212696,,False
70,212699,,False
70,212703,,False
70,212705,,False
70,212718,,False
70,212726,,False
70,212739,,False
70,212746,,False
70,212749,,False
70,212755,,False
70,212759,,False
70,212766,,False
70,212768,,False
70,212769,,False
70,212776,,False
70,212778,,False
70,212786,,False
70,212787,,False
70,212792,,False
70,212793,,False
70,212799,,False
70,212806,,False
70,212807,,False
70,212818,,False
70,212827,,False
70,212834,,False
70,212840,,False
70,212848,,False
70,212851,,False
70,212854,,False
70,212863,,False
70,212869,,False
70,212871,,False
70,212905,,False
70,212907,,False
70,212927,,False
70,212928,,False
70,212933,,False
70,212935,,False
70,212941,,False
70,212942,,False
70,212959,,False
70,212972,,False
70,212978,,False
70,212980,,False
70,212984,,False
70,212999,,False
70,213000,,False
70,213009,,False
70,213015,,False
70,213021,,False
70,213025,,False
70,213026,,False
70,213036,,False
70,213044,,False
70,213047,,False
70,213056,,False
70,213058,,False
70,213063,,False
70,213070,,False
70,213075,,False
70,213082,,False
70,213099,,False
70,213108,,False
70,213117,,False
70,213118,,False
70,213129,,False
70,213131,,False
70,213139,,False
70,213143,,False
70,213148,,False
70,213155,,False
70,213168,,False
70,213173,,False
70,213174,,False
70,213175,,False
70,213180,,False
70,213181,,False
70,213184,,False
70,213186,,False
70,213194,,False
70,213199,,False
70,213211,,False
70,213213,,False
70,213217,,False
70,213230,,False
70,213241,,False
70,213250,,False
70,213251,,False
70,213254,,False
70,213257,,False
70,213258,,False
70,213266,,False
70,213272,,False
70,213276,,False
70,213278,,False
70,213279,,False
70,213291,,False
70,213294,,False
70,213296,,False
70,213310,,False
70,213324,,False
70,213341,,False
70,213349,,False
70,213355,,False
70,213357,,False
70,213358,,False
70,213359,,False
70,213362,,False
70,213367,,False
70,213375,,False
70,213379,,False
70,213383,,False
70,213398,,False
70,213420,,False
70,213426,,False
70,213437,,False
70,213450,,False
70,213462,,False
70,213482,,False
70,213488,,False
70,213496,,False
70,213518,,False
70,213533,,False
70,213536,,False
70,213538,,False
70,213544,,False
70,213545,,False
70,213550,,False
70,213553,,False
70,213557,,False
70,213564,,False
70,213570,,False
70,213572,,False
70,213600,,False
70,213601,,False
70,213607,,False
70,213616,,False
70,213626,,False
70,213631,,False
70,213660,,False
70,213663,,False
70,213670,,False
70,213673,,False
70,213688,,False
70,213689,,False
70,213691,,False
70,213693,,False
70,213695,,False
70,213697,,False
70,213711,,False
70,213718,,False
70,213724,,False
70,213730,,False
70,213735,,False
70,213738,,False
70,213743,,False
70,213744,,False
70,213755,,False
70,213759,,False
70,213761,,False
70,213765,,False
70,213771,,False
70,213776,,False
70,213782,,False
70,213801,,False
70,213809,,False
70,213813,,False
70,213819,,False
70,213820,,False
70,213830,,False
70,213841,,False
70,213847,,False
70,213861,,False
70,213863,,False
70,213870,,False
70,213873,,False
70,213912,,False
70,213916,,False
70,213920,,False
70,213922,,False
70,213943,,False
70,213946,,False
70,213951,,False
70,213955,,False
70,213963,,False
70,213966,,False
70,213969,,False
70,213974,,False
70,213984,,False
70,213988,,False
70,213994,,False
70,213996,,False
70,214005,,False
70,214008,,False
70,214012,,False
70,214026,,False
70,214027,,False
70,214028,,False
70,214033,,False
70,214035,,False
70,214036,,False
70,214039,,False
70,214041,,False
70,214048,,False
70,214052,,False
70,214059,,False
70,214083,,False
70,214088,,False
70,214091,,False
70,214101,,False
70,214123,,False
70,214125,,False
70,214126,,False
70,214130,,False
70,214136,,False
70,214145,,False
70,214146,,False
70,214151,,False
70,214154,,False
70,214191,,False
70,214233,,False
70,214239,,False
70,214251,,False
70,214253,,False
70,214275,,False
70,214316,,False
70,214324,,False
70,214333,,False
70,214334,,False
70,214337,,False
70,214338,,False
70,214340,,False
70,214341,,False
70,214347,,False
70,214349,,False
70,214352,,False
70,214358,,False
70,214360,,False
70,214376,,False
70,214386,,False
70,214390,,False
70,214398,,False
70,214409,,False
70,214430,,False
70,214431,,False
70,214433,,False
70,214434,,False
70,214458,,False
70,214463,,False
70,214484,,False
70,214489,,False
70,214503,,False
70,214504,,False
70,214506,,False
70,214509,,False
70,214517,,False
70,214533,,False
70,214538,,False
70,214549,,False
70,214563,,False
70,214569,,False
70,214578,,False
70,214580,,False
70,214588,,False
70,214591,,False
70,214600,,False
70,214607,,False
70,214609,,False
70,214612,,False
70,214625,,False
70,214631,,False
70,214642,,False
70,214656,,False
70,214659,,False
70,214666,,False
70,214667,,False
70,214684,,False
70,214689,,False
70,214693,,False
70,214699,,False
70,214701,,False
70,214702,,False
70,214703,,False
70,214705,,False
70,214719,,False
70,214721,,False
70,214740,,False
70,214744,,False
70,214752,,False
70,214760,,False
70,214776,,False
70,214783,,False
70,214787,,False
70,214800,,False
70,214807,,False
70,214809,,False
70,214826,,False
70,214830,,False
70,214834,,False
70,214842,,False
70,214867,,False
70,214872,,False
70,214874,,False
70,214884,,False
70,214892,,False
70,214899,,False
70,214904,,False
70,214907,,False
70,214918,,False
70,214926,,False
70,214930,,False
70,214935,,False
70,214938,,False
70,214952,,False
70,214955,,False
70,214956,,False
70,214958,,False
70,214962,,False
70,214966,,False
70,214993,,False
70,215015,,False
70,215030,,False
70,215041,,False
70,215050,,False
70,215054,,False
70,215057,,False
70,215058,,False
70,215065,,False
70,215072,,False
70,215075,,False
70,215088,,False
70,215089,,False
70,215093,,False
70,215097,,False
70,215111,,False
70,215123,,False
70,215127,,False
70,215143,,False
70,215144,,False
70,215163,,False
70,215165,,False
70,215183,,False
70,215210,,False
70,215211,,False
70,215217,,False
70,215228,,False
70,215232,,False
70,215236,,False
70,215245,,False
70,215246,,False
70,215268,,False
70,215270,,False
70,215302,,False
70,215312,,False
70,215316,,False
70,215324,,False
70,215332,,False
70,215338,,False
70,215341,,False
70,215354,,False
70,215366,,False
70,215375,,False
70,215389,,False
70,215402,,False
70,215407,,False
70,215408,,False
70,215411,,False
70,215435,,False
70,215442,,False
70,215455,,False
70,215462,,False
70,215474,,False
70,215492,,False
70,215497,,False
70,215504,,False
70,215506,,False
70,215520,,False
70,215537,,False
70,215563,,False
70,215570,,False
70,215582,,False
70,215604,,False
70,215614,,False
70,215616,,False
70,215619,,False
70,215639,,False
70,215656,,False
70,215658,,False
70,215664,,False
70,215670,,False
70,215686,,False
70,215694,,False
70,215699,,False
70,215703,,False
70,215720,,False
70,215727,,False
70,215728,,False
70,215733,,False
70,215735,,False
70,215741,,False
70,215745,,False
70,215756,,False
70,215764,,False
70,215778,,False
70,215779,,False
70,215787,,False
70,215790,,False
70,215803,,False
70,215817,,False
70,215834,,False
70,215843,,False
70,215845,,False
70,215846,,False
70,215854,,False
70,215865,,False
70,215866,,False
70,215882,,False
70,215889,,False
70,215894,,False
70,215909,,False
70,215914,,False
70,215925,,False
70,215927,,False
70,215931,,False
70,215968,,False
70,215980,,False
70,215984,,False
70,215999,,False
70,216005,,False
70,216017,,False
70,216032,,False
70,216056,,False
70,216060,,False
70,216063,,False
70,216073,,False
70,216079,,False
70,216091,,False
70,216092,,False
70,216093,,False
70,216103,,False
70,216107,,False
70,216109,,False
70,216115,,False
70,216137,,False
70,216155,,False
70,216171,,False
70,216174,,False
70,216182,,False
70,216189,,False
70,216196,,False
70,216199,,False
70,216252,,False
70,216263,,False
70,216265,,False
70,216275,,False
70,216289,,False
70,216291,,False
70,216300,,False
70,216314,,False
70,216328,,False
70,216336,,False
70,216337,,False
70,216341,,False
70,216344,,False
70,216352,,False
70,216362,,False
70,216378,,False
70,216386,,False
70,216397,,False
70,216399,,False
70,216408,,False
70,216409,,False
70,216421,,False
70,216423,,False
70,216449,,False
70,216450,,False
70,216455,,False
70,216469,,False
70,216470,,False
70,216473,,False
70,216474,,False
70,216480,,False
70,216481,,False
70,216484,,False
70,216492,,False
70,216497,,False
70,216506,,False
70,216525,,False
70,216529,,False
70,216530,,False
70,216532,,False
70,216536,,False
70,216541,,False
70,216545,,False
70,216556,,False
70,216557,,False
70,216566,,False
70,216569,,False
70,216572,,False
70,216580,,False
70,216581,,False
70,216585,,False
70,216589,,False
70,216593,,False
70,216595,,False
70,216598,,False
70,216607,,False
70,216626,,False
70,216632,,False
70,216633,,False
70,216649,,False
70,216659,,False
70,216683,,False
70,216703,,False
70,216715,,False
70,216728,,False
70,216734,,False
70,216738,,False
70,216741,,False
70,216750,,False
70,216752,,False
70,216754,,False
70,216755,,False
70,216757,,False
70,216760,,False
70,216761,,False
70,216765,,False
70,216766,,False
70,216776,,False
70,216780,,False
70,216791,,False
70,216793,,False
70,216795,,False
70,216796,,False
70,216799,,False
70,216806,,False
70,216819,,False
70,216821,,False
70,216828,,False
70,216842,,False
70,216847,,False
70,216850,,False
70,216851,,False
70,216879,,False
70,216884,,False
70,216889,,False
70,216894,,False
70,216899,,False
70,216906,,False
70,216908,,False
70,216933,,False
70,216936,,False
70,216941,,False
70,216942,,False
70,216952,,False
70,216957,,False
70,216962,,False
70,216985,,False
70,216995,,False
70,216998,,False
70,217010,,False
70,217022,,False
70,217030,,False
70,217036,,False
70,217044,,False
70,217054,,False
70,217065,,False
70,217091,,False
70,217123,,False
70,217125,,False
70,217128,,False
70,217135,,False
70,217148,,False
70,217177,,False
70,217185,,False
70,217198,,False
70,217199,,False
70,217202,,False
70,217214,,False
70,217222,,False
70,217229,,False
70,217231,,False
70,217236,,False
70,217245,,False
70,217246,,False
70,217253,,False
70,217258,,False
70,217266,,False
70,217270,,False
70,217277,,False
70,217292,,False
70,217300,,False
70,217304,,False
70,217311,,False
70,217340,,False
70,217347,,False
70,217351,,False
70,217358,,False
70,217359,,False
70,217365,,False
70,217366,,False
70,217382,,False
70,217392,,False
70,217398,,False
70,217400,,False
70,217409,,False
70,217414,,False
70,217423,,False
70,217429,,False
70,217442,,False
70,217445,,False
70,217455,,False
70,217458,,False
70,217460,,False
70,217462,,False
70,217467,,False
70,217479,,False
70,217481,,False
70,217483,,False
70,217498,,False
70,217509,,False
70,217517,,False
70,217519,,False
70,217524,,False
70,217528,,False
70,217529,,False
70,217540,,False
70,217555,,False
70,217568,,False
70,217601,,False
70,217607,,False
70,217608,,False
70,217611,,False
70,217617,,False
70,217619,,False
70,217621,,False
70,217628,,False
70,217643,,False
70,217652,,False
70,217657,,False
70,217658,,False
70,217659,,False
70,217661,,False
70,217673,,False
70,217674,,False
70,217680,,False
70,217687,,False
70,217696,,False
70,217699,,False
70,217701,,False
70,217709,,False
70,217753,,False
70,217757,,False
70,217760,,False
70,217762,,False
70,217767,,False
70,217769,,False
70,217771,,False
70,217774,,False
70,217782,,False
70,217786,,False
70,217791,,False
70,217793,,False
70,217799,,False
70,217801,,False
70,217810,,False
70,217815,,False
70,217820,,False
70,217825,,False
70,217838,,False
70,217859,,False
70,217868,,False
70,217870,,False
70,217875,,False
70,217881,,False
70,217886,,False
70,217899,,False
70,217901,,False
70,217913,,False
70,217926,,False
70,217927,,False
70,217941,,False
70,217943,,False
70,217965,,False
70,217992,,False
70,217996,,False
70,218005,,False
70,218006,,False
70,218015,,False
70,218018,,False
70,218034,,False
70,218036,,False
70,218037,,False
70,218049,,False
70,218052,,False
70,218061,,False
70,218068,,False
70,218070,,False
70,218076,,False
70,218088,,False
70,218097,,False
70,218100,,False
70,218104,,False
70,218122,,False
70,218133,,False
70,218138,,False
70,218140,,False
70,218142,,False
70,218145,,False
70,218147,,False
70,218151,,False
70,218153,,False
70,218163,,False
70,218181,,False
70,218182,,False
70,218195,,False
70,218198,,False
70,218201,,False
70,218219,,False
70,218225,,False
70,218228,,False
70,218240,,False
70,218249,,False
70,218258,,False
70,218259,,False
70,218263,,False
70,218266,,False
70,218272,,False
70,218279,,False
70,218282,,False
70,218284,,False
70,218285,,False
70,218290,,False
70,218292,,False
70,218305,,False
70,218306,,False
70,218315,,False
70,218317,,False
70,218318,,False
70,218328,,False
70,218332,,False
70,218345,,False
70,218346,,False
70,218348,,False
70,218352,,False
70,218367,,False
70,218369,,False
70,218381,,False
70,218388,,False
70,218390,,False
70,218395,,False
70,218399,,False
70,218414,,False
70,218419,,False
70,218426,,False
70,218430,,False
70,218448,,False
70,218450,,False
70,218455,,False
70,218469,,False
70,218476,,False
70,218481,,False
70,218497,,False
70,218503,,False
70,218509,,False
70,218521,,False
70,218530,,False
70,218545,,False
70,218547,,False
70,218548,,False
70,218555,,False
70,218565,,False
70,218585,,False
70,218588,,False
70,218590,,False
70,218595,,False
70,218600,,False
70,218611,,False
70,218622,,False
70,218642,,False
70,218675,,False
70,218683,,False
70,218693,,False
70,218729,,False
70,218741,,False
70,218750,,False
70,218756,,False
70,218761,,False
70,218763,,False
70,218765,,False
70,218784,,False
70,218795,,False
70,218796,,False
70,218797,,False
70,218798,,False
70,218799,,False
70,218812,,False
70,218813,,False
70,218820,,False
70,218824,,False
70,218832,,False
70,218838,,False
70,218846,,False
70,218848,,False
70,218850,,False
70,218855,,False
70,218862,,False
70,218867,,False
70,218875,,False
70,218885,,False
70,218893,,False
70,218900,,False
70,218902,,False
70,218903,,False
70,218907,,False
70,218914,,False
70,218921,,False
70,218938,,False
70,218943,,False
70,218944,,False
70,218972,,False
70,218989,,False
70,218992,,False
70,219003,,False
70,219004,,False
70,219005,,False
70,219017,,False
70,219026,,False
70,219049,,False
70,219052,,False
70,219053,,False
70,219076,,False
70,219082,,False
70,219105,,False
70,219111,,False
70,219118,,False
70,219124,,False
70,219130,,False
70,219142,,False
70,219145,,False
70,219153,,False
70,219159,,False
70,219161,,False
70,219162,,False
70,219169,,False
70,219172,,False
70,219174,,False
70,219176,,False
70,219201,,False
70,219204,,False
70,219210,,False
70,219212,,False
70,219218,,False
70,219221,,False
70,219227,,False
70,219233,,False
70,219259,,False
70,219263,,False
70,219289,,False
70,219305,,False
70,219307,,False
70,219314,,False
70,219324,,False
70,219337,,False
70,219340,,False
70,219370,,False
70,219373,,False
70,219388,,False
70,219393,,False
70,219399,,False
70,219406,,False
70,219407,,False
70,219409,,False
70,219423,,False
70,219427,,False
70,219450,,False
70,219461,,False
70,219467,,False
70,219474,,False
70,219477,,False
70,219479,,False
70,219484,,False
70,219487,,False
70,219523,,False
70,219524,,False
70,219527,,False
70,219528,,False
70,219546,,False
70,219561,,False
70,219563,,False
70,219564,,False
70,219568,,False
70,219571,,False
70,219581,,False
70,219586,,False
70,219587,,False
70,219602,,False
70,219604,,False
70,219614,,False
70,219625,,False
70,219637,,False
70,219646,,False
70,219650,,False
70,219653,,False
70,219656,,False
70,219662,,False
70,219663,,False
70,219664,,False
70,219665,,False
70,219671,,False
70,219675,,False
70,219694,,False
70,219698,,False
70,219723,,False
70,219726,,False
70,219734,,False
70,219735,,False
70,219749,,False
70,219752,,False
70,219758,,False
70,219774,,False
70,219778,,False
70,219784,,False
70,219794,,False
70,219803,,False
70,219828,,False
70,219831,,False
70,219835,,False
70,219837,,False
70,219844,,False
70,219849,,False
70,219853,,False
70,219868,,False
70,219874,,False
70,219880,,False
70,219885,,False
70,219888,,False
70,219899,,False
70,219905,,False
70,219914,,False
70,219946,,False
70,219952,,False
70,219954,,False
70,219962,,False
70,219964,,False
70,219965,,False
70,219973,,False
70,219982,,False
70,219991,,False
70,219999,,False
70,220001,,False
70,220010,,False
70,220012,,False
70,220022,,False
70,220029,,False
70,220031,,False
70,220033,,False
70,220034,,False
70,220044,,False
70,220069,,False
70,220096,,False
70,220113,,False
70,220121,,False
70,220129,,False
70,220133,,False
70,220136,,False
70,220143,,False
70,220153,,False
70,220155,,False
70,220161,,False
70,220176,,False
70,220182,,False
70,220185,,False
70,220194,,False
70,220198,,False
70,220200,,False
70,220203,,False
70,220204,,False
70,220210,,False
70,220225,,False
70,220227,,False
70,220244,,False
70,220251,,False
70,220263,,False
70,220271,,False
70,220295,,False
70,220296,,False
70,220302,,False
70,220303,,False
70,220306,,False
70,220363,,False
70,220385,,False
70,220392,,False
70,220414,,False
70,220447,,False
70,220455,,False
70,220461,,False
70,220480,,False
70,220486,,False
70,220491,,False
70,220499,,False
70,220526,,False
70,220533,,False
70,220538,,False
70,220540,,False
70,220541,,False
70,220572,,False
70,220574,,False
70,220576,,False
70,220579,,False
70,220580,,False
70,220583,,False
70,220585,,False
70,220600,,False
70,220604,,False
70,220613,,False
70,220624,,False
70,220626,,False
70,220637,,False
70,220640,,False
70,220644,,False
70,220660,,False
70,220668,,False
70,220671,,False
70,220672,,False
70,220680,,False
70,220690,,False
70,220694,,False
70,220706,,False
70,220709,,False
70,220725,,False
70,220727,,False
70,220728,,False
70,220733,,False
70,220735,,False
70,220739,,False
70,220741,,False
70,220748,,False
70,220751,,False
70,220752,,False
70,220754,,False
70,220770,,False
70,220774,,False
70,220805,,False
70,220810,,False
70,220812,,False
70,220816,,False
70,220818,,False
70,220821,,False
70,220837,,False
70,220842,,False
70,220848,,False
70,220852,,False
70,220866,,False
70,220869,,False
70,220878,,False
70,220887,,False
70,220893,,False
70,220912,,False
70,220913,,False
70,220919,,False
70,220920,,False
70,220931,,False
70,220935,,False
70,220940,,False
70,220946,,False
70,220951,,False
70,220964,,False
70,220975,,False
70,220988,,False
70,220993,,False
70,221009,,False
70,221029,,False
70,221039,,False
70,221041,,False
70,221058,,False
70,221075,,False
70,221080,,False
70,221100,,False
70,221106,,False
70,221111,,False
70,221133,,False
70,221137,,False
70,221144,,False
70,221146,,False
70,221160,,False
70,221162,,False
70,221168,,False
70,221184,,False
70,221191,,False
70,221194,,False
70,221206,,False
70,221216,,False
70,221221,,False
70,221229,,False
70,221245,,False
70,221252,,False
70,221267,,False
70,221272,,False
70,221274,,False
70,221275,,False
70,221280,,False
70,221282,,False
70,221284,,False
70,221289,,False
70,221291,,False
70,221301,,False
70,221303,,False
70,221309,,False
70,221312,,False
70,221328,,False
70,221329,,False
70,221334,,False
70,221338,,False
70,221341,,False
70,221352,,False
70,221364,,False
70,221367,,False
70,221373,,False
70,221376,,False
70,221400,,False
70,221424,,False
70,221425,,False
70,221430,,False
70,221431,,False
70,221433,,False
70,221448,,False
70,221450,,False
70,221465,,False
70,221473,,False
70,221477,,False
70,221491,,False
70,221505,,False
70,221517,,False
70,221528,,False
70,221531,,False
70,221534,,False
70,221539,,False
70,221550,,False
70,221552,,False
70,221579,,False
70,221581,,False
70,221591,,False
70,221592,,False
70,221609,,False
70,221618,,False
70,221635,,False
70,221652,,False
70,221665,,False
70,221691,,False
70,221697,,False
70,221700,,False
70,221724,,False
70,221727,,False
70,221735,,False
70,221738,,False
70,221746,,False
70,221749,,False
70,221756,,False
70,221760,,False
70,221762,,False
70,221763,,False
70,221767,,False
70,221791,,False
70,221792,,False
70,221797,,False
70,221803,,False
70,221806,,False
70,221812,,False
70,221818,,False
70,221820,,False
70,221821,,False
70,221824,,False
70,221828,,False
70,221831,,False
70,221851,,False
70,221857,,False
70,221858,,False
70,221861,,False
70,221872,,False
70,221873,,False
70,221875,,False
70,221887,,False
70,221888,,False
70,221895,,False
70,221899,,False
70,221908,,False
70,221910,,False
70,221912,,False
70,221918,,False
70,221928,,False
70,221935,,False
70,221947,,False
70,221972,,False
70,221984,,False
70,221991,,False
70,221997,,False
70,222009,,False
70,222010,,False
70,222027,,False
70,222030,,False
70,222047,,False
70,222054,,False
70,222073,,False
70,222075,,False
70,222079,,False
70,222087,,False
70,222095,,False
70,222107,,False
70,222113,,False
70,222121,,False
70,222126,,False
70,222130,,False
70,222148,,False
70,222155,,False
70,222183,,False
70,222184,,False
70,222195,,False
70,222199,,False
70,222209,,False
70,222213,,False
70,222215,,False
70,222221,,False
70,222224,,False
70,222229,,False
70,222233,,False
70,222235,,False
70,222241,,False
70,222243,,False
70,222251,,False
70,222274,,False
70,222279,,False
70,222285,,False
70,222318,,False
70,222329,,False
70,222340,,False
70,222349,,False
70,222351,,False
70,222363,,False
70,222379,,False
70,222389,,False
70,222398,,False
70,222399,,False
70,222401,,False
70,222404,,False
70,222412,,False
70,222416,,False
70,222422,,False
70,222428,,False
70,222437,,False
70,222439,,False
70,222443,,False
70,222449,,False
70,222456,,False
70,222461,,False
70,222470,,False
70,222473,,False
70,222475,,False
70,222482,,False
70,222484,,False
70,222486,,False
70,222496,,False
70,222509,,False
70,222513,,False
70,222529,,False
70,222545,,False
70,222551,,False
70,222556,,False
70,222561,,False
70,222565,,False
70,222567,,False
70,222581,,False
70,222599,,False
70,222613,,False
70,222621,,False
70,222629,,False
70,222645,,False
70,222649,,False
70,222659,,False
70,222662,,False
70,222681,,False
70,222690,,False
70,222695,,False
70,222700,,False
70,222716,,False
70,222722,,False
70,222726,,False
70,222739,,False
70,222741,,False
70,222767,,False
70,222770,,False
70,222772,,False
70,222782,,False
70,222783,,False
70,222793,,False
70,222802,,False
70,222807,,False
70,222818,,False
70,222829,,False
70,222852,,False
70,222859,,False
70,222891,,False
70,222901,,False
70,222902,,False
70,222905,,False
70,222908,,False
70,222910,,False
70,222922,,False
70,222926,,False
70,222927,,False
70,222944,,False
70,222950,,False
70,222964,,False
70,222965,,False
70,222968,,False
70,222969,,False
70,222988,,False
70,222997,,False
70,223001,,False
70,223012,,False
70,223028,,False
70,223030,,False
70,223041,,False
70,223042,,False
70,223048,,False
70,223051,,False
70,223056,,False
70,223057,,False
70,223065,,False
70,223066,,False
70,223071,,False
70,223075,,False
70,223078,,False
70,223096,,False
70,223111,,False
70,223112,,False
70,223114,,False
70,223120,,False
70,223123,,False
70,223138,,False
70,223143,,False
70,223153,,False
70,223160,,False
70,223167,,False
70,223184,,False
70,223195,,False
70,223208,,False
70,223212,,False
70,223214,,False
70,223221,,False
70,223231,,False
70,223251,,False
70,223254,,False
70,223257,,False
70,223261,,False
70,223284,,False
70,223289,,False
70,223292,,False
70,223296,,False
70,223320,,False
70,223325,,False
70,223328,,False
70,223330,,False
70,223339,,False
70,223349,,False
70,223369,,False
70,223372,,False
70,223376,,False
70,223388,,False
70,223396,,False
70,223405,,False
70,223415,,False
70,223417,,False
70,223425,,False
70,223431,,False
70,223439,,False
70,223454,,False
70,223456,,False
70,223467,,False
70,223471,,False
70,223473,,False
70,223476,,False
70,223489,,False
70,223496,,False
70,223502,,False
70,223508,,False
70,223519,,False
70,223525,,False
70,223526,,False
70,223530,,False
70,223531,,False
70,223533,,False
70,223548,,False
70,223551,,False
70,223553,,False
70,223564,,False
70,223582,,False
70,223588,,False
70,223595,,False
70,223607,,False
70,223610,,False
70,223629,,False
70,223631,,False
70,223646,,False
70,223648,,False
70,223662,,False
70,223678,,False
70,223688,,False
70,223691,,False
70,223697,,False
70,223705,,False
70,223712,,False
70,223718,,False
70,223720,,False
70,223722,,False
70,223724,,False
70,223730,,False
70,223742,,False
70,223746,,False
70,223751,,False
70,223767,,False
70,223768,,False
70,223775,,False
70,223779,,False
70,223784,,False
70,223806,,False
70,223817,,False
70,223825,,False
70,223835,,False
70,223837,,False
70,223847,,False
70,223849,,False
70,223857,,False
70,223868,,False
70,223881,,False
70,223885,,False
70,223889,,False
70,223891,,False
70,223896,,False
70,223899,,False
70,223906,,False
70,223913,,False
70,223916,,False
70,223926,,False
70,223930,,False
70,223931,,False
70,223938,,False
70,223947,,False
70,223949,,False
70,223955,,False
70,223968,,False
70,223977,,False
70,223984,,False
70,223988,,False
70,223990,,False
70,223998,,False
70,224004,,False
70,224007,,False
70,224008,,False
70,224011,,False
70,224015,,False
70,224027,,False
70,224053,,False
70,224058,,False
70,224061,,False
70,224067,,False
70,224071,,False
70,224081,,False
70,224111,,False
70,224114,,False
70,224121,,False
70,224122,,False
70,224139,,False
70,224146,,False
70,224157,,False
70,224158,,False
70,224183,,False
70,224184,,False
70,224186,,False
70,224196,,False
70,224204,,False
70,224211,,False
70,224212,,False
70,224227,,False
70,224231,,False
70,224232,,False
70,224240,,False
70,224274,,False
70,224279,,False
70,224289,,False
70,224290,,False
70,224291,,False
70,224296,,False
70,224298,,False
70,224307,,False
70,224312,,False
70,224321,,False
70,224322,,False
70,224327,,False
70,224328,,False
70,224332,,False
70,224344,,False
70,224353,,False
70,224364,,False
70,224365,,False
70,224367,,False
70,224372,,False
70,224385,,False
70,224388,,False
70,224396,,False
70,224397,,False
70,224409,,False
70,224418,,False
70,224419,,False
70,224420,,False
70,224426,,False
70,224436,,False
70,224438,,False
70,224447,,False
70,224458,,False
70,224462,,False
70,224470,,False
70,224473,,False
70,224478,,False
70,224484,,False
70,224498,,False
70,224504,,False
70,224505,,False
70,224515,,False
70,224516,,False
70,224529,,False
70,224552,,False
70,224558,,False
70,224567,,False
70,224568,,False
70,224586,,False
70,224600,,False
70,224602,,False
70,224608,,False
70,224609,,False
70,224611,,False
70,224616,,False
70,224626,,False
70,224632,,False
70,224635,,False
70,224636,,False
70,224642,,False
70,224648,,False
70,224649,,False
70,224651,,False
70,224654,,False
70,224657,,False
70,224660,,False
70,224664,,False
70,224675,,False
70,224679,,False
70,224683,,False
70,224700,,False
70,224710,,False
70,224714,,False
70,224719,,False
70,224723,,False
70,224734,,False
70,224735,,False
70,224739,,False
70,224747,,False
70,224758,,False
70,224765,,False
70,224772,,False
70,224798,,False
70,224810,,False
70,224835,,False
70,224836,,False
70,224839,,False
70,224847,,False
70,224862,,False
70,224863,,False
70,224869,,False
70,224870,,False
70,224873,,False
70,224878,,False
70,224889,,False
70,224902,,False
70,224906,,False
70,224923,,False
70,224930,,False
70,224934,,False
70,224943,,False
70,224952,,False
70,224953,,False
70,224958,,False
70,224960,,False
70,224966,,False
70,224977,,False
70,224980,,False
70,224983,,False
70,224989,,False
70,224997,,False
70,225018,,False
70,225022,,False
70,225024,,False
70,225034,,False
70,225047,,False
70,225051,,False
70,225053,,False
70,225057,,False
70,225073,,False
70,225074,,False
70,225084,,False
70,225087,,False
70,225116,,False
70,225126,,False
70,225130,,False
70,225134,,False
70,225150,,False
70,225153,,False
70,225163,,False
70,225164,,False
70,225165,,False
70,225172,,False
70,225174,,False
70,225192,,False
70,225206,,False
70,225210,,False
70,225223,,False
70,225226,,False
70,225227,,False
70,225229,,False
70,225236,,False
70,225238,,False
70,225251,,False
70,225252,,False
70,225253,,False
70,225261,,False
70,225316,,False
70,225374,,False
70,225376,,False
70,225378,,False
70,225382,,False
70,225388,,False
70,225398,,False
70,225399,,False
70,225411,,False
70,225419,,False
70,225425,,False
70,225429,,False
70,225430,,False
70,225434,,False
70,225435,,False
70,225441,,False
70,225446,,False
70,225457,,False
70,225461,,False
70,225464,,False
70,225468,,False
70,225483,,False
70,225494,,False
70,225505,,False
70,225510,,False
70,225516,,False
70,225523,,False
70,225525,,False
70,225533,,False
70,225534,,False
70,225536,,False
70,225562,,False
70,225564,,False
70,225570,,False
70,225592,,False
70,225598,,False
70,225609,,False
70,225637,,False
70,225641,,False
70,225662,,False
70,225664,,False
70,225678,,False
70,225680,,False
70,225681,,False
70,225692,,False
70,225698,,False
70,225704,,False
70,225709,,False
70,225711,,False
70,225712,,False
70,225729,,False
70,225731,,False
70,225752,,False
70,225762,,False
70,225764,,False
70,225772,,False
70,225774,,False
70,225777,,False
70,225795,,False
70,225799,,False
70,225803,,False
70,225804,,False
70,225811,,False
70,225821,,False
70,225829,,False
70,225831,,False
70,225834,,False
70,225839,,False
70,225847,,False
70,225856,,False
70,225864,,False
70,225866,,False
70,225868,,False
70,225879,,False
70,225887,,False
70,225893,,False
70,225896,,False
70,225901,,False
70,225908,,False
70,225918,,False
70,225919,,False
70,225923,,False
70,225924,,False
70,225933,,False
70,225954,,False
70,225963,,False
70,225966,,False
70,225967,,False
70,225969,,False
70,225972,,False
70,225976,,False
70,225980,,False
70,225981,,False
70,225982,,False
70,225985,,False
70,226008,,False
70,226009,,False
70,226013,,False
70,226020,,False
70,226033,,False
70,226034,,False
70,226035,,False
70,226058,,False
70,226064,,False
70,226071,,False
70,226077,,False
70,226092,,False
70,226095,,False
70,226102,,False
70,226104,,False
70,226109,,False
70,226112,,False
70,226115,,False
70,226118,,False
70,226122,,False
70,226123,,False
70,226131,,False
70,226141,,False
70,226142,,False
70,226160,,False
70,226163,,False
70,226165,,False
70,226173,,False
70,226177,,False
70,226180,,False
70,226194,,False
70,226198,,False
70,226207,,False
70,226222,,False
70,226224,,False
70,226226,,False
70,226228,,False
70,226232,,False
70,226243,,False
70,226248,,False
70,226253,,False
70,226263,,False
70,226265,,False
70,226267,,False
70,226268,,False
70,226282,,False
70,226287,,False
70,226292,,False
70,226302,,False
70,226305,,False
70,226316,,False
70,226326,,False
70,226332,,False
70,226333,,False
70,226341,,False
70,226342,,False
70,226345,,False
70,226358,,False
70,226362,,False
70,226376,,False
70,226379,,False
70,226380,,False
70,226387,,False
70,226388,,False
70,226412,,False
70,226414,,False
70,226431,,False
70,226434,,False
70,226435,,False
70,226442,,False
70,226448,,False
70,226457,,False
70,226459,,False
70,226466,,False
70,226472,,False
70,226475,,False
70,226495,,False
70,226497,,False
70,226499,,False
70,226506,,False
70,226508,,False
70,226513,,False
70,226517,,False
70,226522,,False
70,226526,,False
70,226535,,False
70,226541,,False
70,226545,,False
70,226546,,False
70,226547,,False
70,226557,,False
70,226561,,False
70,226562,,False
70,226567,,False
70,226573,,False
70,226593,,False
70,226600,,False
70,226602,,False
70,226608,,False
70,226611,,False
70,226618,,False
70,226621,,False
70,226625,,False
70,226627,,False
70,226634,,False
70,226636,,False
70,226641,,False
70,226645,,False
